m,a,target
3.993071925158795,2.5686918454034613,10.256971292264897
1.7208108292651603,1.1646263446571665,2.004101625933551
2.556092578129931,4.693202274205236,11.996259500758518
1.1504007262592504,2.6249398982859455,3.0197327653750348
1.0471509567228972,4.777128732559726,5.002374922688358
4.985071486539377,3.8908979587213364,19.396404471056
2.9527866322217475,4.673279808954389,13.799198148512321
2.48809905588768,4.293070154706262,10.681583798784226
1.7846883782559133,3.587586807430796,6.4027244812059765
4.228768980354185,1.2717560800935956,5.37796266207663
3.823010878120592,4.355263088236442,16.650218163405
1.0062247917185285,3.771289602223616,3.7947650945077105
4.084906692160946,4.831966057924928,19.738130486312084
1.4459309806028395,1.5688898725220364,2.268506471833652
4.794530720736132,1.3510941513618953,6.47786241531152
2.3309443358220228,3.0755199229043924,7.168865744001778
2.8044111013060444,2.4397294961178715,6.842004483096761
1.0199236226950137,4.841094729363951,4.937546874182617
4.297570753777887,3.815088871869004,16.395614358807702
2.2326730169209488,2.783976280319464,6.215708720817219
3.225787504677788,1.7688349904798248,5.705885810126673
4.706403188238697,2.7715256403092474,13.04391710983674
1.6248895328622543,2.8651456671138895,4.655545204619
4.469318451723686,1.0365702226648486,4.632762422663338
3.000955723370219,2.0288616422801025,6.0885239573267755
4.6978246962264825,1.9814867870389925,9.308677563398243
4.289420200745703,2.5240857435055744,10.826864376607048
2.7719201226363555,2.6961533026262248,7.4735215932621
1.354847082858976,2.070122225981895,2.8046990590331005
1.1207898195281025,1.4505849864168456,1.6258008851363115
4.496923239336303,1.554718294470879,6.991448829027397
2.897139669833475,3.75280865729818,10.872410834353055
3.654779631711006,4.823558903603155,17.629044833247086
4.526593656835409,2.379417450531341,10.770655938538649
2.2186359659387884,1.5711455647625385,3.4858000577073778
4.583052073565391,2.04023121008196,9.350485877918954
1.1101297577107534,1.608700210137454,1.7858659745091299
2.11970271493653,1.7789586252962692,3.7708634278002595
4.247065580398495,3.6486420469142704,15.496022052644307
4.412881273294587,2.5397093020907806,11.20743561880847
4.779341581430345,2.001817143948738,9.567367914494339
2.212045089855614,3.3246316473636277,7.354235111129293
4.120942342464546,4.591295788557788,18.920465221846936
4.940521210595341,1.09771605558088,5.4232894558083915
3.1080240604470193,3.386875095680265,10.526489287103065
2.010385158552086,3.687983968858968,7.414268235972088
1.1558492615887266,2.7326762959579485,3.158561878844011
4.038612251135236,4.68140699063148,18.90638762491443
1.5553815377538678,1.6807487130781213,2.6142055179252828
2.547770425723851,1.046343241143941,2.665842364942573
2.2371115266130155,4.36117394387238,9.756432499401246
2.6674026918146074,2.5831106014364553,6.89019617152645
4.6239959797302514,4.319596236891047,19.973795633442123
2.703791044887448,4.981481404558124,13.468884811917603
4.650977250494492,1.4603469265970626,6.792040333432488
4.221603438802854,4.330183195738609,18.280316269776442
2.153513328274017,4.042050701065533,8.704610058303961
2.272356076205329,4.1062193001848915,9.330792377006732
2.479376898405702,2.758008711086844,6.838143083870407
3.422588766480408,3.4364292491335484,11.761484144889186
3.696250068565243,1.9905681441548873,7.35763763931629
4.888919342824814,1.1266009258648761,5.507861058105138
4.706064253988246,3.911091858918599,18.405849591321257
3.447486885702798,1.5553321592137914,5.361987221801362
1.1849551179964437,2.1985581228047097,2.6051926998300945
3.1812304815708043,1.2140910758165444,3.8623035377906816
2.614560885091104,3.263011643565355,8.531342610862811
3.179114901727662,4.428941026492938,14.080112416196707
1.1607054930396679,1.291451882783969,1.498995294343774
4.983048829708709,2.5685292340776953,12.799106593943467
1.2278334816784033,4.330238687685355,5.31681204439923
2.0907197373331723,4.098613190086988,8.569051492208944
1.28849611575199,1.8547689218138137,2.3898625513746055
3.1904444240170826,2.0040374902768954,6.39377023637511
2.4072731862166252,3.5259920643203744,8.488026151251043
2.501199371410865,1.9565313075547097,4.8936748766015175
4.156670083431756,2.372544822075399,9.861886083521728
4.616080462277274,4.123941830984689,19.036447313576396
1.662787932463457,3.46655616024549,5.764147750463058
2.115907760239828,1.426889097249921,3.0191657138727104
2.890914480786339,2.5403900498248224,7.3440503818841085
1.451526680567953,1.7918507640284345,2.600919191583344
2.5461523282064107,3.1818822856873763,8.101556989781649
2.208352182459538,4.795531915403746,10.590223371436231
4.6879053481337305,2.996266932078376,14.046215775326464
1.7941364817419911,4.339272247546532,7.785246643533798
3.8848455922935226,3.717649168356908,14.442492985385014
1.8635728350138216,2.84353526977511,5.299135084156593
3.502633515048235,4.656815882119158,16.311119382119475
3.327962912561923,4.891190357153073,16.277700106885934
2.834897170838033,4.787619599405229,13.5724092574026
4.267629208727712,4.514074895793728,19.264397875673815
1.8908687775127602,3.9619209362214955,7.49147259727535
2.909120896099626,4.668385039622665,13.580896469805175
4.929670405692766,1.7759413937756383,8.754805731140527
1.733047157152936,4.488418620258079,7.778641129950567
3.1817298193614856,3.00268568296624,9.553734575663494
2.172423133233886,1.5813088110885927,3.4352718419954313
1.4952242380043375,2.9729987018596584,4.445299718575992
4.406371923570168,1.1552765939208016,5.0905783474103945
3.3107153662865265,4.625387974292801,15.313343041528086
3.3153170540411843,2.034493315273942,6.744990384460488
3.181338949058706,2.0679179310638003,6.578747857550164
1.7378724272807005,2.7748761567214393,4.822380761884829
3.2745326623447,1.7565994772144413,5.752042362796313
1.3655560577416606,4.705671397172125,6.425858082150059
3.7305674816791883,3.7583970556770225,14.020953839147506
1.205828672238102,3.7153793047759383,4.480110893938892
1.7566044678867576,4.667369041786233,8.198721312078032
2.1768711883766594,1.5286904077455223,3.327762104568995
2.115724870639516,2.041060008454346,4.318321422354561
4.24840915584129,3.666223319311016,15.575616717119765
2.151002578406996,3.7527710746584506,8.07222025776152
1.2958316084875228,4.334787434001717,5.617154573053946
1.2719307743395731,3.910532845195025,4.973927069869243
1.5976540775397536,1.1662360857510907,1.863241837774232
2.5767676018496943,3.494326467176373,9.004067230905978
1.7872569349441423,4.141139830173767,7.401280880051472
1.940089437949991,4.4743178641901675,8.680576830346306
1.7359026219813072,4.487204573828761,7.78935018507586
2.194941588858082,1.7761111134405851,3.8984601493237747
3.019434914492416,1.9798350229668942,5.977982993281135
4.885388286737058,3.4127590176610005,16.67265293033732
4.1679617675051315,2.866552551815705,11.947681440512131
1.6900828138406174,2.438885540756532,4.121918537356995
4.211402761643329,4.861069826199467,20.471922890597494
3.840372119589945,1.8588803069357316,7.138792104410783
4.623193639593646,4.404339896351786,20.362116195422114
2.7388269340976907,3.421575012276768,9.371101800659249
4.468394730255819,3.781590101781288,16.897637282787073
3.7923610101109424,4.095489904972005,15.531576232918798
2.092370304451773,2.884587872241727,6.0356260044603145
2.559104593959117,4.898026512995022,12.534562150739117
4.353914358641873,2.921670481452209,12.720703060414888
4.23084911923449,2.1305755465039007,9.01414367438857
1.9820238908736156,4.624871420865155,9.166605648373341
4.345095562464454,2.932044541257053,12.740013725164147
4.783028287814461,4.713952474752393,22.54696803415368
4.511077834509932,3.123969892480678,14.09247133764596
2.5251521108519612,1.90611579906873,4.813232333546677
3.1646471823181597,2.375618237558869,7.517993561754307
4.383842569205998,4.92833336979946,21.60503762176532
3.865601710178279,1.8402466923020366,7.1136607609126745
3.836419760512633,2.44980615781828,9.398484753279579
2.1410058444169797,2.153732053246849,4.611152913309685
3.443207559762702,3.863995723980471,13.304539287700313
1.2178444629957879,1.9268519818560241,2.3466060171158194
2.1885895982472383,4.326987724097847,9.47000032470404
1.8111554647625914,4.834406848884083,8.755862383242105
2.5480582971873775,2.665965718856356,6.79303606994905
3.9529183449915086,2.9736729843189784,11.754686491720136
2.042164511091934,4.147049417234918,8.468957145621637
1.715660365243901,2.7660081548260043,4.745530561176391
4.368142701289632,1.2781532142859584,5.583155634113092
4.660391855785612,3.174789982526194,14.795765378394819
2.7848663853178905,3.088782992083686,8.601847926195473
1.977991087423371,2.6769141320010728,5.294912294895791
2.009463607209683,2.1579678189136,4.336357797636535
2.6647195509612596,1.977312604487139,5.268983555539007
4.209771750277774,3.140271547471509,13.219826448746629
3.2459267233480054,1.626089600542326,5.278167688958619
3.309343787437827,1.5187054002997873,5.025918281430379
4.912629262551147,2.961922505553282,14.550827174189864
1.3107007874478245,2.466857955678934,3.2333126650303092
2.9000535732435533,4.127475377334788,11.969899716514535
2.917609180462324,2.5676490572344677,7.491396461592713
3.215895903075096,4.6325406681423456,14.897768555507739
1.6717609494514454,1.6181097365494992,2.705092669490619
1.6756885935960733,4.6518712220036065,7.79508754558927
2.661794243803254,1.7012053097809154,4.528258501102372
3.4248690251659064,1.92348516071662,6.587684747304617
2.2112101001363795,1.8598784183414647,4.112581943662321
2.990076816465728,4.134616702743806,12.362821547846224
4.947029097327601,2.679679309805171,13.256451517112923
1.121724069559308,4.409217716648892,4.945925640692395
2.8634691433020056,3.6242210373858734,10.377845109060432
2.895618789370342,1.4311595288880437,4.144092422434626
3.7672255548821827,1.1028682352031547,4.154753399325138
2.0656004611496654,3.3591092649268433,6.938577646685001
4.1997362698772385,4.576425580352523,19.21978049620048
2.603973680105943,1.8940804603215153,4.932135666680175
1.3806495704753043,2.7844160929657926,3.844302882777747
3.520241996247834,1.1791314053723916,4.150827892286622
1.1055725775980387,2.932865153911453,3.2424952879573534
3.8672087745136636,4.1986394431265825,16.237015295478283
1.0485611910422317,2.9173387524611463,3.0590081969543177
3.386680809439166,2.735826863795447,9.26537233756418
4.4835679179474415,1.976809706693147,8.863160580816485
3.793633709047774,3.13853210728126,11.906441199110933
3.497375018956076,4.361202045016235,15.252759084859932
2.727164501149373,3.1940717079065024,8.710758975928162
2.34478206762703,2.1730395575617094,5.095304186814872
2.481182083776717,4.150516125074674,10.298186247961645
2.5001056799269796,1.4390567480223408,3.5977939494679028
3.11953451771841,1.1427108635502203,3.5647259826167246
1.573320324268082,1.7947889158268566,2.8237778790414696
4.52752774053565,3.1219765846373955,14.134835592248551
3.5035021772224586,2.1864190502046212,7.6601239027125505
2.49774491131639,3.7303705289576876,9.317514006028693
4.928848656458102,4.366378993836829,21.521221237359537
4.490110146501122,2.270595473203915,10.195223772832415
3.4272647581412854,4.006148677962514,13.730132179855227
2.486995273814155,1.9752136485387384,4.912347008689056
2.476375423995369,4.286461765092966,10.614888570972031
1.2668269054042867,4.694731653900244,5.947412372813995
2.370083883148338,2.599606055741094,6.161284415246787
1.9827369137328525,1.3547040440788565,2.686021715378326
3.434204489061662,2.6170802600135654,8.987588777173249
3.880653942246014,2.492160664752957,9.67121310838401
2.1696992422868395,3.0377673374311644,6.591041490268108
3.184589997675288,2.9924314542192954,9.529667277835685
4.1483185726548335,4.499793068929627,18.666575160944262
3.5676152410845376,3.4777129471384995,12.407141714328336
3.974645250028749,1.3077581878650202,5.197874869583907
1.8723187508906043,3.621834963348014,6.781229514507671
3.5401995720802883,4.141771252857481,14.662696817020494
2.0951372523650016,1.6192965043469414,3.3926484288817025
1.923002353129716,1.845779166093572,3.549437679755744
2.083749116614731,4.640152312065119,9.668913281223492
2.466102046098666,4.81806536114034,11.8818408453453
2.8837616661518193,1.3826115488533572,3.987122183762105
1.9170457702769053,4.706833754408087,9.023215740284588
2.399853981167101,4.997444283324368,11.993136558996756
4.585986860454513,2.867429038602282,13.14999189431578
1.5385076300850629,4.3195351210656785,6.645637742179952
1.8628962399655027,1.7757383522250874,3.3080162995226527
1.2427707717708438,2.9134694118740647,3.620774629525478
3.835524519005034,1.4456360072365948,5.544772351312498
3.117642855084621,3.7966491024168216,11.836595947413244
2.89728136278602,2.531726323870481,7.335123493824708
1.1376607029798849,1.58485266623339,1.8030245983866233
4.845370662055749,1.887687911085187,9.146547623489466
4.376309458679588,1.5248037811001098,6.67301320985881
4.281496432470648,2.405136065550145,10.297581484259437
4.500869902149906,4.373973549646955,19.686685902405767
4.1081006437137315,2.8568630920218845,11.736281107337105
1.5577502694872356,3.6764651852090355,5.727014633019815
4.885969723914746,4.822375534100676,23.561980856963107
4.734873891760637,3.785255331457137,17.922706642564155
3.784308445515892,1.971297116765844,7.459996327598111
2.168042706112304,1.3245723813163126,2.871729490030637
1.0044444335624516,4.289558850735255,4.308623510059574
2.943447077654952,2.116987880804203,6.231241791184081
3.3792138901489444,3.508218969789413,11.855022272396404
4.97592529265021,4.67071525153941,23.241130154902038
1.531660148198867,3.1052255769916886,4.756150267446002
1.3552803899711696,3.0615137484871027,4.149209546951698
2.705273752012959,2.53102801569337,6.847123656464718
4.0038248890690475,2.9535063576228153,11.825322264673895
2.3602813180333833,3.7079621090323114,8.751833693924628
3.649441010763895,3.4794977145744626,12.69822165642729
4.557753546403591,4.4771936388615625,20.405945185456883
4.172647964413401,4.958794809623736,20.691305068320222
1.4063834340961026,2.6770197141069283,3.7649161786686687
2.7843013085720147,4.920374667476352,13.699805625319
1.1519706176954996,3.65884631296151,4.214883447195172
1.6745532977457604,3.9632283730644318,6.636637141834609
4.08284410607124,2.5779947943554578,10.52555085161652
1.6963725273479309,3.8486413715140864,6.528729490251157
3.235256197239158,4.328361306763339,14.003357741596274
3.4599139447869725,3.4050990520443363,11.7813496935491
1.6265453479795862,1.475251258946332,2.399563072340184
4.659288650206998,3.3369124901510085,15.547638492094563
1.2340073897487671,1.9089242190675022,2.355626592799692
4.676938365842933,2.6679442811227836,12.477810966314388
1.4551975486428095,2.7959234844930725,4.068621000827181
4.603479933368435,3.8193496430699625,17.582299440390468
2.4715637078015735,2.6818660772669305,6.628402865757116
4.159363159211735,3.0157246538648748,12.543494023612123
2.576950540992019,1.467966740216311,3.782877685358713
3.9326259322036146,3.728288736247902,14.66196496691114
4.4095630215675765,1.2493421587740863,5.509052984615619
3.101755514304857,2.250477241578297,6.980430193883067
2.6085582682007904,3.6603119275006795,9.54813694267587
2.5785305605493245,2.204981925695888,5.685613280865747
1.22636705146637,1.0307619720488086,1.2640925204251583
1.059262868308759,2.7734566944545143,2.9378196932980183
3.974280537054567,3.599080516369715,14.303755647500457
2.6615979336094115,4.386931671484762,11.676248271709524
1.6043710737285517,4.558001540602248,7.3127258257524215
4.486147988353478,1.9809186051476417,8.88669401557507
3.551086902251851,4.817142786065659,17.106092653874754
2.8980177934250944,2.488607660246632,7.212029280248731
2.427939973015639,1.176442535649886,2.856331858260234
2.378985305507814,2.236383274652916,5.320322947882732
2.4856811230868208,1.7002147939487307,4.2261918185113085
4.546217343450477,2.085778301110733,9.482401487102287
2.5144165096417264,3.2192790745294118,8.094608454140891
1.0772657241913337,3.3821000139561814,3.6434204208220256
1.5797347666234693,1.6083130350219177,2.540708017037833
2.384832943825216,2.5729807125218036,6.136129167048875
1.6654088030125735,3.4831168181610597,5.800813410886574
4.2919258464246415,3.096340459141698,13.289263645920595
4.994926443015075,3.231530249876548,16.14125589651148
2.336652083451792,4.658314609178948,10.88486053691191
2.9407453925662304,3.8668123635937084,11.371310642156333
1.1904726687256884,2.20655416482448,2.626842425286381
1.7778564556054186,2.924910693186813,5.200071357951495
1.916242022175099,1.4037639729275484,2.6899515141392363
2.549931656594487,2.191603368934356,5.588438809144842
4.305666438900239,4.75158126913017,20.458724002200782
2.5968410880870283,3.773900036543363,9.800218677228942
3.965714438139201,4.965504359923582,19.6917723327921
3.1143595464751237,2.6703821009490962,8.316529988827115
3.6545968188533684,3.103669816594618,11.342661838497909
1.7888951026704674,4.857091744767976,8.688827635436587
1.1552472338568638,3.4856911464492297,4.026835055014833
1.9866818449679404,2.832933083045007,5.6281367240945706
1.404930659037733,3.92276182064858,5.511208349931867
3.810672750335417,3.4995747840912785,13.335734267497585
3.2769020848466575,4.877872906186537,15.984311895899689
4.17475378958935,4.821797415570353,20.129817033284468
2.610385574056964,4.187967734780838,10.932210559487922
2.0419686616100994,2.0153402202062924,4.115261572143646
4.444163421939841,3.370798084282326,14.980377548912402
3.262122099393753,4.753968883937439,15.508026956122576
2.8915951886776172,1.0064337092251514,2.910198871318416
4.565374996233421,1.4228573309095527,6.495877281741895
2.391250253505458,2.8722094260150386,6.868171518079227
2.635608804556124,3.585705203239828,9.450516204201596
2.0297783135135905,1.513328466173978,3.071721301862726
1.5308300779408777,2.339394742696654,3.5812158362967983
3.283584313580204,1.052074848898358,3.4545764705549113
4.685368528141888,3.9926460032939373,18.707017927844905
3.5952092357009082,1.807211948257243,6.497305087243472
3.655441694071967,4.352063754997239,15.908715305276315
4.433695440522705,3.2442403003742473,14.38397342772931
3.800484196589294,3.549320617659467,13.489136916043357
2.503761721111019,1.716971009425142,4.298886289656017
4.213300433845758,1.7413639616589731,7.336889535141119
1.495989484654506,2.3631198396418336,3.5352024310826256
4.485875753375382,4.711442174326876,21.134944213243124
3.036567451383014,1.4914087124189748,4.528763152840509
3.1832858063517673,3.0934675426579794,9.847391320953026
4.690702409634005,1.9971700745884338,9.368130481320891
3.7307195572412293,3.9198596104596364,14.623896910381752
1.31267393912694,2.2408434450479473,2.9414967919778716
2.0116241261970993,4.941583244185519,9.940608075614923
3.843066019168144,3.0477446050130292,11.71268372662861
1.3724841858974295,2.833700871654826,3.88920963391001
2.0451870437024415,4.228369636711287,8.647806796986725
2.0547483514230658,2.704994436807108,5.558082859637969
3.8308342613484774,4.445281118653386,17.02913521066288
1.2064931602483222,4.9217020182618025,5.937999821813228
2.379924567168417,2.2814610190597944,5.429705128297496
2.705491707295435,4.497533913111936,12.16804070520433
1.293171187040762,3.810427206821383,4.927534674177623
2.8336061530891716,2.378870738923772,6.740782763218185
3.125630903751447,4.927958115374328,15.40297817780674
4.883274212220625,4.594977518162178,22.438535220174895
4.4940727233435975,2.4096432237140446,10.829111884683021
4.7222127547047075,4.721639366077346,22.29658563760629
2.08291987324846,3.896563697668089,8.116229963251367
1.6006689592833907,3.2450466395286677,5.194245427320417
3.553969456043186,2.1002532453999563,7.464235884107018
1.8060995350722213,2.193159135067764,3.9610636941852837
3.3459283450743875,2.4118699578213545,8.069944056507838
1.782899338736776,4.688254875989561,8.358686518231254
1.2605761059188256,3.257563213567584,4.10640635054344
2.79569679251887,4.353483951303684,12.171021118942084
3.545799218647478,2.0081321975875173,7.120433577146661
1.3765386630096828,4.213014421650508,5.799377239219302
3.1988721791066173,1.017453552645538,3.2547038630910015
2.747339542527782,3.1963265866947057,8.78139442245922
2.020967570182907,4.506275359094991,9.10703636304531
1.6875115324462286,2.016517087529997,3.402895840581751
1.9373037986862252,2.8564922296632433,5.533893247444286
4.586446179102151,4.305042491808167,19.744845687425972
1.1274818008336291,1.1103199185399104,1.2518655012568265
1.5899380288913183,1.4717379638263597,2.3399721572506045
3.0726794800056116,3.4644690277977315,10.645202890829081
3.730563664344814,2.9954286099525294,11.1746371314278
2.6412787461073286,4.274830720792631,11.291019526036248
1.961431332513861,3.3169422562911532,6.50595446962869
2.097389719934225,1.2246636869415881,2.5685970273680327
3.597594453779708,4.946808837472706,17.79661203760025
3.8516072698589907,1.0457957987108624,4.027994701102747
4.881142570337618,2.8766644572288587,14.041409342756939
3.8140312380058274,2.837254074580769,10.821375670610369
2.6876618623530755,4.441362467149279,11.93688051984348
1.9821580623702397,3.8918680684235607,7.714297669507053
3.1385550660246944,1.566673072514829,4.91708970854589
3.90626476505563,2.8851084238212725,11.269997379338223
1.4663680847794542,1.44329800688607,2.11640613412353
1.2392367801332322,4.823047905584259,5.976898356944567
1.8966329798250672,2.9709995908201465,5.63489580699627
2.676989280782571,3.2799942320149427,8.780509400132662
3.6686976696044393,1.903496217882568,6.983352138646642
1.0365745081378228,1.3400257670933855,1.3890365504168347
3.1542250763520365,2.247142105705222,7.08799197994193
2.1634986991999985,4.544620476360469,9.832280488963553
2.340062016707168,3.4725948328284857,8.126087267715517
2.7329197834449155,2.3581051682155754,6.444512265660046
2.840099163585342,3.3431817077398347,9.49496757186572
2.6071221903100548,4.006041003694011,10.44423839602262
1.3495723333957472,4.801043743791238,6.479355808043396
1.636574840381193,4.835815491395735,7.914173965943876
2.973437478795206,3.8314678093027568,11.39262998297818
2.546227131448329,4.384481261764149,11.16388514603068
4.986806711485855,2.5642028429849626,12.78718394700852
4.078478015147622,4.323993033644305,17.63531052536977
3.331405072364772,3.486608751923321,11.61530608150876
3.1913402325877023,3.0569256252060577,9.755689735748408
1.19998396564328,1.1264280447253463,1.351695592121327
3.706926131815215,3.297337865733056,12.222987899909674
3.2617207001626998,4.663483610164901,15.210981026144337
3.0636006269807536,4.15523670396348,12.729985771515958
4.065778721229796,4.396303305153246,17.87439643016429
4.131961591506398,3.0377390456319118,12.551821061570362
1.8667626098869325,2.1583525502957173,4.02913183984615
1.738596865007398,4.68782668625488,8.150240780420754
3.6386661465750167,3.224933128869359,11.734455000985182
2.3232093970023637,2.08947602979105,4.854290347221758
2.8191166125817535,4.77971717658192,13.474580095944447
1.1775093067950064,1.7438519968971877,2.053401956019495
2.691755764910323,4.062246590880028,10.93457567948862
4.767395881387005,1.89660362219636,9.041860297082602
3.75067438459716,4.236000945408325,15.887860239072356
4.277621990813213,3.4333468740562356,14.686560090552755
3.5100988571775225,3.1049686055355363,10.89874675386237
3.3404336412160887,2.931541776562353,9.792620771059262
4.883419818505628,1.360039539001324,6.641644038710323
2.958855513183074,2.678498884200862,7.925291190572433
4.161207852014639,2.0588231638072982,8.567191115144551
1.9256438444995605,4.993568298656832,9.615834056396672
1.4078445384406448,3.800484713864422,5.350491647841183
1.7253079683406223,3.9191654844409904,6.761767439551576
2.3692164674882865,3.9668812377019234,9.398400352933713
2.8427314221322755,3.248406904751682,9.234348380009052
4.557548149856979,3.9003404334799785,17.775989326419044
3.3705021250145317,1.7067234841148866,5.752515130021431
3.5704403710325874,3.959585250889617,14.137463032321486
2.539796187205601,1.1950194003360588,3.035105716610246
3.6784797544885963,2.6602989946395796,9.785855992668061
2.616463783089328,3.2501263658000137,8.503837926579473
3.4322764603371465,1.6386213545309727,5.6242015025624275
3.1432400191130023,1.926263047575612,6.054707098478237
2.2316261682184733,1.1403344732877931,2.5448002511106687
1.3344099175669313,1.3710635845521368,1.8295608448412382
1.4904156843970036,1.668345122365439,2.4865277373606887
3.2996225833690653,1.3441135160328663,4.435067312113644
1.292445712068226,1.6959698425510825,2.191948950802171
2.812222274237228,3.4317804989263188,9.650929559373541
4.596243750167896,1.0565799573746788,4.856299025636029
3.330556295883401,3.1766224241510486,10.579919814400666
4.906651837354363,1.2545172957078576,6.155479593977786
2.151523291461769,3.531822245882795,7.598797823319648
3.599653733914045,2.306615430461476,8.303016846964406
4.739019582381627,2.664947942614808,12.629240486079205
2.3976170106211314,1.013742745412611,2.4305668507950426
3.13432219019259,4.701896963684042,14.737259989274058
4.388713884543427,4.066534929188238,17.846858305709244
2.3253387398328482,1.1660120887671135,2.711373081123587
1.0358141488200636,4.27680043376199,4.429970400970454
4.9609020737764755,2.837821325490833,14.07815369863458
2.6244903063615728,2.09729661147358,5.504334626377384
1.437899989036962,3.1890731496048317,4.585568246854857
3.9441098695682624,4.861960183665175,19.17610514584174
2.3002379832348216,2.7522119914724446,6.330742560699268
1.673826923694055,2.092133310292262,3.501869062724357
1.4739620655869414,3.257318277812733,4.801163577038954
3.790294459532933,1.8698260971667073,7.087191496381058
4.973048858975238,2.9238681119790533,14.540538978071515
2.5676587288769737,2.426425713370438,6.230233162907143
4.054954432997782,2.573190430010828,10.434169941119876
3.6169612800152406,3.875256477643546,14.016652629764952
2.6838460374600674,1.427611059470451,3.8314882849939385
1.1957357624189417,3.2031484704346154,3.830119178436202
2.6377158174901574,1.9761502620785065,5.212522804021797
1.1170627358117766,2.2924107508057707,2.560766624899423
4.8089665758312545,3.2215839685009056,15.492489625754663
2.6375528321969153,3.3294308463273077,8.781549758334362
3.316960749316002,2.7556517296030933,9.140388625878213
4.76293952026583,4.717309029524076,22.46825760602707
3.3040984593803824,1.537827809285353,5.081134495452043
1.6893157114547042,1.5817418801272898,2.6720614095649338
4.806454315466998,2.749059974141909,13.213231176191972
1.7517594815576119,2.4094854082221153,4.220838909527804
1.5125845740783839,2.7899338629407056,4.220010923783027
2.449805751016051,3.6282628899790335,8.888539294068755
2.7394033441023438,4.253761173489325,11.652767583669368
4.909490024428727,1.3459789725057036,6.608070338607581
3.216219652975896,4.785814891668425,15.392231910088697
4.22336240618292,4.362630966442046,18.424971615720796
4.075934924085393,2.1479374129723348,8.75485311628357
2.608904989631515,4.0359134050627725,10.529314620188984
1.2985969464984755,1.6553322959408434,2.1496094649490898
1.4789249195508876,4.569194528461535,6.757495650417332
4.97086908423687,3.593279206024122,17.861720516256515
4.43978105243267,4.357975572318734,19.348457372945138
2.3828730412587396,2.6993257545914937,6.4321505701914745
4.331121133735428,4.34299473332586,18.81003627320929
4.599469543503413,2.981638138221181,13.71395380649654
4.693580379052911,4.009066049886569,18.81687375007476
4.500823968895892,1.0103816540946795,4.547549966482012
1.744879600353677,1.8805998174205865,3.281420257846031
4.173860185266711,3.3714137730346847,14.07180971532929
1.2225406302763764,3.5398415293429255,4.327600094361392
4.226108184867508,1.4293925476011364,6.040767544805782
3.3076347926576717,1.9660383532272858,6.502936860833964
3.939745020234582,3.9283055924592856,15.476522395851129
3.198822246676481,2.1210298734894977,6.784797545183607
3.390075972097352,3.728805389934025,12.640933557042436
1.1480854958882465,3.091571630193831,3.549388548125119
1.1258231180122915,4.388602804487579,4.940790493065694
4.248522415559213,3.48066072879548,14.787665127244264
2.1642254695149576,3.226616608882195,6.983125845302829
4.2288570342743785,2.183944907743684,9.235590785579587
3.814016492518646,1.8082935870346284,6.896861564265774
3.259790658860732,1.3694453091367635,4.46410502654467
1.4198437379012536,4.188423930455784,5.9469074893334
1.2641696163277212,2.483299858897491,3.1393122298491254
2.535925956615373,2.7039945879410827,6.857130062107281
4.701007580688846,4.727177131477722,22.222495530335728
1.905053260484701,1.821055876212251,3.469208434502973
2.6889629916775144,3.539172446295006,9.516703729252047
3.5667511830867866,2.4777280175689067,8.837439338031176
2.9868074371130153,1.014758217188359,3.0308873899697346
1.1003838160506536,3.7384935701262365,4.11377782097634
3.7811460190667687,1.2437770920879885,4.70290280035494
4.6736306980500295,3.6819498330636526,17.208073768486468
3.398777192733528,2.8271133667124646,9.608728432054424
3.3216507326585236,3.486507572679088,11.580960433208984
4.3411929665809765,3.539105992827094,15.363942044045565
4.331353614531446,3.5546194956546686,15.396314000787795
1.747026111076123,3.0319429448132973,5.296883491881863
2.689196588587644,4.500678741661081,12.103209918403907
4.277079128067408,4.552472137191565,19.471283559090466
3.9393358674376753,4.088547371488362,16.106161306222134
4.377552138280469,4.864925612847735,21.296465519097023
1.5177732356729643,3.72716739363676,5.656994914934835
2.7578682440388667,4.1296588827376155,11.389055091415095
3.8358128698387075,2.147201291068779,8.236262346415911
3.9206450176468883,1.2171684197342465,4.77208530046821
1.2872196701293452,2.853968640329193,3.6736845717640394
3.84776142603929,1.0247273749978913,3.9429064657233845
3.5049138368171584,4.042814682138777,14.169717119115763
2.3956523149285154,2.6450295853763355,6.33657124926123
2.2164343966948237,2.4101297008565554,5.341894369474275
1.1160373987800773,1.2508183370129822,1.3959600431863908
2.5679592585553963,4.844388029459809,12.440191092286248
2.2279804305532007,3.014769377411976,6.71684717550494
2.726005484672613,3.4464662356962634,9.395085861246988
3.834982465770388,4.654760725892668,17.850925766155026
1.5819276318194522,4.416043393701187,6.985861067809656
2.919849727405989,2.6451276223566444,7.7233751670921
4.171413153132962,3.082721675414901,12.859305744273799
1.9945383629019378,1.5682040708364124,3.1278431801422126
4.454737542124196,4.837599942004739,21.550238075426343
4.73183785596053,4.648323323353624,21.995112268188937
1.4513584363340644,3.4110368717096136,4.9506371404023035
1.4628019776966141,2.1961383258087133,3.212515486288317
3.580807985114044,4.617624702547131,16.53482740714063
3.068759954676643,1.8307445789769519,5.618115651205821
4.614310296120917,1.0186344430551881,4.70029539857295
4.207807621030667,2.892353379946303,12.170466594851861
3.007570247296963,4.236636334000024,12.741981386755752
1.2747620355051867,1.054872801583465,1.3447117997455968
1.3954819135985703,3.759353629151592,5.246109996302194
2.7939640433729327,3.362278459667105,9.394085120117222
2.2182864759734167,1.3801254682364172,3.0615136613353235
4.772517718293572,2.1430855388711008,10.227913706081056
3.663383289086228,4.335145611354706,15.88129998839233
2.0821223168176384,3.617284867517826,7.531629548945601
2.4278344893792116,2.5559837405180525,6.2055054795222135
1.3231308796510826,1.5664348903816219,2.0725983744267826
1.998752177984985,3.051217776873811,6.098628177033033
2.2750856016417975,3.6165098661766186,8.22786952473393
3.567793378183169,1.2705410544648497,4.533027960829552
1.6902149387567098,1.8546063658977938,3.134683385153744
3.7087347977045395,2.1265665275051937,7.88687128019222
1.4705974230759105,3.1459054364970225,4.626360428153019
4.5765044427813395,4.67851986358048,21.41126694131681
3.5057462300856987,3.6801258790484006,12.901587426714748
3.3098904803567777,1.032871339318751,3.418691013444489
1.7490867590788017,4.078415552065855,7.133502640139448
3.963482602775349,1.2012737734276984,4.761227702150979
1.9442086475263096,4.423504848092821,8.600216378036617
4.192172883919984,2.6986197257248263,11.3130804381952
4.115818348633577,4.617288766034246,19.003921824183436
4.757583011252665,3.3293439573983603,15.839630250335155
4.1307729261287,2.4289243828981726,10.033335080489632
2.459780741360986,3.5001295008450968,8.609551138448209
3.0426089855165683,1.3494834221452154,4.105950386024681
3.5074761647763912,1.0143462740544167,3.557795379075608
2.0700722601306483,1.8356260645072995,3.7998785961093526
4.20020647306227,4.418029261378161,18.55663510181907
2.316392169376743,2.731599631461377,6.3274559961895305
1.5205443124356308,4.326325261763547,6.5783692705211525
1.2380857131529592,2.173348363845128,2.6907915589810125
3.640037523925268,3.79923030266807,13.829340863745728
2.0588454767075826,1.300982922365411,2.6785228049858385
4.406302793668277,4.772360540967059,21.0284655840554
4.089727394262645,4.318154928002119,17.660076501720507
1.4608318059169418,1.6027180696167025,2.3413015320138824
3.221124912003437,1.7686049312216126,5.696897403450062
4.869495584070916,1.068074447674317,5.200983806409068
4.316923700589523,4.928128905046366,21.274356469754952
4.488958256908441,4.496976775679677,20.186741028312785
2.0510267981663572,1.9946224809579256,4.09102416066977
3.9019136366653973,3.4668636862334727,13.527402693774455
2.3595266158094175,4.376791516707545,10.327156075520321
4.312250650740928,4.2118058186123335,18.162362382105464
1.4106088658431677,1.9606086189047285,2.7656519002755386
3.7404563932061565,3.13554255913987,11.72836021150472
3.5796172784691542,3.405250734606255,12.18949436711633
2.0452725740577193,1.6505080019737317,3.3757387496996776
3.528645902056503,1.5392105238317195,5.43132890732104
4.643523827965484,1.5773732959231577,7.324570485215633
3.4606633194821113,4.994996456897466,17.286001019328168
1.7361720414123876,3.8467242457332556,6.678575086465233
2.224649654107859,3.998843506157305,8.896025822804306
2.4062337352505394,1.6473406289485681,3.963886594824886
2.2446773937526516,1.0085145761934386,2.263789870451448
3.7376299266758073,3.5360959684841164,13.216618115403906
4.800011121484797,1.0979793214480318,5.270312954110883
3.0156406533309488,4.5427238712119,13.699222782883549
4.161028208680162,3.2716820510487596,13.613561304246458
4.7775402904140805,1.348958905058241,6.444705519028608
2.497777662151064,2.1773833617307288,5.438619522870404
1.185114791007889,1.3185382273195496,1.5626191557057205
4.013206418437186,3.8899938312910747,15.611348211418399
3.939961314247741,3.7135979213259738,14.631432146695163
2.2130063108868847,3.25987314314614,7.2141198384730725
2.076519535316825,3.5578495992510133,7.387944196563866
3.813312629004354,3.139195654670256,11.97073443486968
1.62562052881895,1.0612718053227526,1.7252252333894147
4.373792900882522,4.014256555011057,17.557526822628493
4.442516114781046,1.9034876586478515,8.456274597829925
3.2653937154629054,4.7946766749665795,15.656507082112448
1.8752199395897935,1.638340729305582,3.072249203435912
4.796012224072064,2.4792408141725137,11.890469251189753
1.9411263141318633,2.5751287658085933,4.998650209588969
2.2360041614279385,1.1980736668725505,2.6788977048242524
2.767328197647803,1.5894532271193218,4.3985387342495965
3.0829197937621955,4.83544202125659,14.90727991892142
2.8220692885206478,4.926996513232016,13.904325544640388
1.000827793928257,4.941901412725931,4.945992288709431
4.448785838776871,2.0585460429725075,9.158030484446256
1.094954485636093,1.9048359122035157,2.0857086264679587
4.5262024396099,2.8139724393304526,12.736608919892516
4.291270980180114,3.906259801901316,16.762819328943237
4.746796431457324,1.672979200516862,7.941291698915768
2.2558538007306983,4.566754305326199,10.301930056673386
1.7188279988243145,2.503216348196046,4.3025983463941175
1.2171461049634886,4.044634803606252,4.922911497209115
3.750970787700598,1.1488429193183913,4.309276230019961
1.6262354061357591,4.859893171830621,7.903330346068373
1.6713259388967505,3.213042023014678,5.370040475829721
1.921571687331943,4.47365006647537,8.596439306769737
2.114476235625733,3.5246024161474616,7.452688048972847
1.8543863368518991,4.548838375399695,8.435303731888785
3.4296689409453585,3.5700942986385096,12.2442415322866
3.044463773465981,3.7254729034210516,11.34206729349452
3.602746365981729,2.769912733108171,9.979293033291983
3.568192861882378,2.316685338376341,8.266380087622021
4.420623024737001,4.109401342756911,18.16611419367635
1.1469066185511543,1.775381803336428,2.036197140701833
3.2308466402691334,4.766896069093011,15.401110149341294
2.5437663594695907,4.843246296125182,12.320086998708934
4.157058660605594,4.799660011701782,19.95246821960724
1.9142189927842272,2.2866305349579603,4.377111599496885
3.4358068758633604,1.3373321349408194,4.594814944542694
2.078373696091882,1.428349505133074,2.9686440402944374
1.9386847393219235,3.7932729747109883,7.35396042815447
2.3113479402536927,2.274180898311431,5.256423335076418
1.2543029666659211,1.0351325022506703,1.2983697684653341
3.9855449114869526,2.01073159807169,8.013861089060653
4.525240241882445,4.510578593271072,20.411451764443765
1.0679404380171422,2.6835298553231843,2.86585004912592
3.6097696605639604,1.6094257804992087,5.809656353375516
3.2516026516928624,3.830156467323118,12.454146925546418
4.621575600870736,4.51051157863607,20.845670259269408
3.7414409069406283,4.609645552409514,17.246716436281886
2.674339900369344,2.2258553119395117,5.9526936731688895
3.312784176109365,2.550434736982165,8.449039838874167
1.5088579372795472,3.054606952598731,4.608967945697885
1.6486004809405603,1.5968648030839336,2.632592082361226
1.8953477853234437,1.0609144473225411,2.0108018481504235
2.9323603766445583,1.5176738191713963,4.450366572009021
2.067296442781403,4.531175957697002,9.367283938963629
1.4021775543882962,1.8427196102465357,2.5838200765188417
3.074033784484488,1.032961724792694,3.1753592400921096
3.791319084107855,1.2512783409359098,4.74399545352113
1.3857563294628918,1.0709627320759787,1.4840933845931588
3.915811277861331,1.573546392401453,6.161710709603621
1.0946726708475203,2.9630541431815534,3.243574392782362
3.7957624936764813,4.837427381238348,18.361725419588165
4.812341019545693,3.285240321333266,15.80969675741755
2.8270674425559394,3.3591024916199403,9.49640929026727
1.2635630294643878,2.7672834777669553,3.496637094553961
2.1307282347058982,3.0922575340986014,6.588760436885927
1.590055253194182,3.1519343098550707,5.011749707108034
3.0037462940915134,2.917533742299107,8.763531166317886
1.7232137890691974,3.08137616763162,5.309869901372006
4.985526792757286,4.070015482108698,20.29117123298987
2.6782632162514073,4.315987300516797,11.559350028782346
2.549364747624446,1.3128798260188903,3.347009546319875
1.2566563464709088,1.3697135249739292,1.7212591940055277
3.3943608727065686,3.699437457354901,12.557225756270551
1.4972132905807713,2.668409025949086,3.995177458356662
2.04696586104016,2.17744744826598,4.457160590809471
2.1965569939565226,2.3624276345968824,5.189206943489946
1.3924639672321906,3.4050186929552533,4.74136583769224
4.320055354910023,3.8102139212739363,16.460335053952186
1.4421160421981338,4.013862254217953,5.788455147981274
2.932020124754572,1.446239900187094,4.240404492571603
2.15625031869626,2.0921699739016226,4.5112421729921195
1.9461782630433788,2.056923165441797,4.003139153333205
1.8931834116253077,2.348685104028211,4.4464916780776695
3.6794575039053976,4.158085392589349,15.299498499642302
4.175190020185041,2.156939391928654,9.005631823324507
2.635653433391395,1.1972855656501746,3.155629811855841
2.2741132135277375,2.7466707027815467,6.246240138405033
3.9241424451352445,4.184408897232203,16.420216561430447
2.0766569251331815,2.415693237535616,5.016566090725733
4.481842955765221,3.364970780785194,15.081270590217917
2.175510144000357,2.2605334932726433,4.917813545467198
1.205010254144029,3.3587774872579725,4.0473613135339725
2.881370503377102,3.2840278723449297,9.462501043642943
2.199621428991118,3.4621283517114105,7.6153717123421165
2.863815050876802,3.977310763925998,11.390282427745586
2.1681057899267944,1.6734729036981295,3.6282662917935196
4.948058517574015,1.560472133412686,7.721307431169537
4.898144249060849,1.301144970355237,6.373195753739952
3.4701408226452046,1.4859029721703862,5.156292562218299
4.626240469117979,2.597457173267745,12.016461491772032
2.2517438634565434,4.590014436052245,10.335536839557589
4.15157157299847,4.114103888294302,17.079996751005098
4.060210126861545,2.075057619872023,8.425169962025603
2.4212580544934195,2.214708708601988,5.362381299059283
3.8858869218436087,3.8359228813769213,14.905962557943232
1.3744697087945257,3.206078716671203,4.406658080075395
1.9303247444500449,1.133187613533484,2.187420090507979
1.8396070515717882,4.64037905556129,8.536474032576583
3.5030853520220386,3.3695963385030527,11.803983575637139
1.8070486909085033,1.979519126271307,3.5770874457569097
2.134228800590026,3.9718932687880715,8.476929007117164
2.089437561389902,4.532678491538219,9.470748693924074
4.773397960154718,2.7098834506888374,12.935352135775124
4.791998935588432,4.633033455282466,22.201491386259175
4.326586383721192,4.512253217536548,19.522653330895768
2.806087848666907,2.798948280227936,7.85409475819475
2.9602638691716545,2.162608385068612,6.4018914654862735
2.498309184001192,4.647633204452742,11.611224718553174
2.8433181495970414,4.239171837021743,12.053314223464554
1.5660153976070244,1.0544373768309785,1.6512651679296726
2.083937850215318,3.67218852164595,7.652612653384228
1.7404052255162736,3.6739743722464073,6.394204195870518
4.523624621563092,3.8133298712527095,17.250072895740775
3.7598926562567296,1.4589624192399175,5.485542085854718
1.5333390314200472,3.313824819087707,5.081216938395658
2.721638054544283,3.782844796341831,10.295534352158745
2.3025704715566695,4.95433826994932,11.407713006488459
1.0597715755059474,4.818694206336138,5.1067151509302295
3.957710054674593,3.178116612736726,12.578064073156499
2.7608392645828452,2.2337004051511578,6.166887783855926
2.4466389364165546,2.17996229095444,5.3335806209689665
1.728604406707011,1.1768521360175028,2.034311788362414
2.9531570667152227,4.070933299980751,12.022105442964476
2.086556056419101,3.131889715060147,6.534863452995441
3.031105379142233,2.053416967208498,6.224123214927609
2.0015733996093767,1.2394785744039347,2.4809073439126674
2.170581058047664,1.925803481229328,4.18011255787863
2.7006521538452626,3.119822042951969,8.425554119912164
3.443645845609327,4.246813035396286,14.624520066421958
4.370251688161185,3.0372746002013513,13.273654448939043
2.114618577852867,4.102023102107069,8.674214258497257
2.309497004059902,4.907610940735802,11.334112764720933
3.578699679060573,1.8042286652467348,6.456792545270376
4.979381464547338,1.6336312432066697,8.134473132328717
1.9230640726045505,4.3048005952506845,8.278407364453274
1.8830943313849104,4.915831312567122,9.256974078739592
4.281221682430656,3.4442228052951243,14.745481353151627
4.1922784695084125,3.375584421439672,14.151389892009549
2.316047242569295,4.948481177442677,11.46091618592217
1.0590002843942075,3.9078336816258505,4.138396980207038
2.7180721926939833,3.420364835837873,9.296798549159243
3.173934631284945,1.7385495945420062,5.518042766323273
4.0406177226370925,1.698145198270903,6.86155558374449
3.6437882292705512,3.606175478964367,13.140139762934453
3.6885060126273244,3.8899168866609912,14.347981825069628
4.2135225202668884,1.4487969956420548,6.104538768432807
4.099487525303612,1.143662626573236,4.688430670792944
2.893015659553581,4.144921904056483,11.991323976062052
1.4192503074033893,4.054710762372714,5.754649495929306
4.257342282213265,3.361441522236585,14.310807121805134
3.4070960001263875,2.5724805157328094,8.764688075556322
1.1320539076711413,2.1230984308690957,2.4034618750358283
4.153964239176028,4.204327870856876,17.46462762531055
2.573357706976888,2.3871570697592377,6.1430090432292985
2.256451585396001,1.6612191851183122,3.748460663950469
3.060193414353273,2.139498800080446,6.547280138022911
3.686241326638842,1.5928957186950656,5.871798027279831
4.699385511212058,4.968424233111879,23.348540854640845
1.1040710923345625,4.28099565508921,4.72652354919386
2.218686092949018,4.954151747015873,10.9917075834632
1.1617796037830836,3.0361323413577233,3.5273166285755817
4.37252536109434,4.220922090821499,18.45608888932035
3.8141512365068833,2.2862677390615755,8.720170923927505
2.0822808732298914,2.2920906254254576,4.77277646903297
4.077536643042848,2.9317712006141448,11.9544044995219
3.5335192582967117,2.322075755329518,8.205099400680735
3.6405221389528104,3.409326217678867,12.411727574372163
4.001718853044901,1.4239178322834651,5.69811883463557
1.6439091482542092,2.0297867042245406,3.336784932079483
3.4018392563772526,3.534986595556115,12.02545617153017
3.070571725267437,3.231172400435051,9.92154661224038
2.3619140806544405,1.3007720394808389,3.072311795771387
3.9224952782498255,2.1330438550236432,8.366854449630045
2.7369604385973054,4.900288719408522,13.411896362725775
2.8802723294106105,4.8164723931520825,13.872752159366046
1.8369378420910185,1.9087848756800914,3.50631917054776
3.955816072581792,3.125873971189629,12.36538249609701
1.0424017722685766,3.499098189749222,3.647466154336357
2.988930587432632,4.626348032928215,13.827833143727933
3.1505794490041383,4.56290542823108,14.375796069934268
2.0703381113152557,4.403373493045585,9.116471961007656
1.674093439384475,4.895279388717903,8.195155108606684
2.3918449867600606,1.096475504097683,2.6225994375812536
1.423472137801133,2.3528158788802753,3.349167848962157
3.8847319099783317,1.0945413152377204,4.251999574093625
3.3245325505138084,2.3183221243846677,7.707337365093149
1.1670758701823813,3.044169091834171,3.552776291834675
4.815319208860901,1.967767871632744,9.475430430852484
4.087048676495906,1.4482817427225436,5.919197979787356
4.897559139088899,1.666695339270159,8.16273899091944
3.5710807897888723,4.9951340849062404,17.838027373028293
4.768454882857126,3.9417835794817258,18.796217156745676
4.212615669758837,4.322062564689669,18.20718848568977
2.2346576578169537,4.647395820427715,10.385338659025297
4.016591578951166,3.1513071414903226,12.657513727198701
1.4864260677584458,4.831244427241153,7.181287656363972
3.0253974253492197,3.5067831222210497,10.609412629225663
4.635088467521474,4.383983580492978,20.3201517357465
3.0984815315766876,4.187524922494797,12.974968635367228
4.786847717605169,1.843392607230482,8.824039694571475
2.527084090314595,4.153452830294391,10.49612456730908
3.0966143016371106,4.546874190993598,14.079915647575442
3.277981858442691,1.9835314929947985,6.501980249686695
4.841990734182517,4.396676026996879,21.288664583921285
3.830726052020459,2.8527716640458456,10.928186733926177
3.379260491175264,4.864740347696463,16.439224856796873
1.2628363379285963,2.72347694243116,3.4393056484127364
1.8922273322295666,1.3162313403233994,2.490608917697093
1.4934555549050907,1.6219244118912548,2.422272022575167
3.0446333329848874,1.0875092655821827,3.311066959921428
4.963269911351471,3.173237869447792,15.749636038991273
4.350217617325793,4.7810877056111,20.79877196692916
2.9553404415703146,1.7259954336079129,5.100904106907156
3.0575735068178087,4.499105957276203,13.756347179333895
1.1652360524325625,1.818384355947758,2.118847008729693
4.341156648098585,4.818587921286866,20.91824498894202
2.5273240423578924,1.1784318695646303,2.97827919623145
1.1106068447213095,1.1588202481995555,1.2869936994520732
4.69718444194086,3.8142725730772353,17.916341787580123
2.7595070675334834,1.7426245316107773,4.808784711037166
3.6982864451477364,3.7202444019401786,13.75852944433211
3.1601893106662073,4.316782389224654,13.641849562899884
4.1586163312865025,3.8778867882329138,16.12664332842556
4.849516986559469,3.7061886303066327,17.973224718065588
3.4838623064084135,1.4798849590955871,5.155715426813873
1.4676764914739104,1.6102588790305972,2.3633391019403387
3.352888160859581,4.781927341662548,16.033267569951082
1.1268309841906867,3.6935628186870644,4.162021026151272
2.379364599887786,4.042248226193159,9.617982333363198
1.2959519770627894,4.614034189362208,5.9795667299392585
2.14284161115582,1.6498984186247392,3.5354709856092756
4.594915367437025,4.2327544627329825,19.44914852739943
1.8473878737927727,1.0920232210578562,2.017390456482408
4.130039979118695,4.315458936991798,17.82301793802119
2.5855657031612753,4.154196901440731,10.740949032543995
2.476826607176463,4.813362002466338,11.921863077680806
4.377575615938788,1.253459483117191,5.487113668861053
2.650658250399741,1.3781203055279256,3.6529259578910076
4.929627674586422,2.167629612675725,10.685606926899302
1.795395656447011,4.880987510044591,8.76330377470617
4.517960583381949,1.480419089240732,6.688475092075832
2.0843486142729497,3.306566801332027,6.8920379303573505
3.2212588321877726,2.86571695657556,9.231216056919287
1.4793099531185212,1.6750111096640121,2.477860606110072
1.1874912768589976,1.1982005723595228,1.4228527276043914
2.4910694612890874,1.6576824665841645,4.12940216902218
1.7171340871913623,2.272282269036138,3.9018133398824864
2.952813032082386,3.7114456950223493,10.959205216128062
1.9719681404713496,4.156676988183994,8.19683459092924
1.155494849555493,3.4527197228125512,3.9895998566685726
3.873173098782985,1.6549517800857472,6.40991471441113
2.3352011621092563,3.710655195690119,8.665126325162316
1.689207962686286,3.8054788586336756,6.428245189838324
4.7918941014341865,4.667346254490829,22.365428986245544
2.9542366624282743,2.0124942304113604,5.945384238406616
3.251833984662628,3.725879654245342,12.115942082438044
4.848894193158328,4.944575410747815,23.975722996808535
1.4726176017670114,2.7834240045216014,4.098919182239332
1.729077405188141,4.043465998708303,6.991465697013028
3.8408191310560764,1.4673464740432207,5.635812409392881
3.243152925356535,3.6867626295277844,11.956735007048186
2.66108747252546,1.5242999346959722,4.056295460590828
1.4486201326219148,3.969003932946318,5.749579003721596
3.3358403381119106,2.9964657918498947,9.995731460225327
2.765781504411621,3.1735296426107102,8.777289589234725
3.6842649316222227,4.526105622986295,16.67537222358656
2.2016868274639787,3.5080229634864257,7.7235679491492135
2.610040227864526,2.651536405412858,6.920616683774862
2.2320656786977198,2.766359476296448,6.1746960419815
1.8037279667565054,3.1690398143984506,5.7160857409953305
3.032055733055188,3.6570280339459105,11.088312816269239
4.3165550304495675,1.308353101205189,5.647578160611551
1.1377291962009957,3.8079965008606185,4.332468798060355
2.941516209646184,2.8236859625168136,8.305918029693593
4.008405772651004,1.2625214840625398,5.0606984048121975
3.5362172348649867,2.592656935750934,9.168198140294697
4.972102479851484,4.917309749645245,24.449368000409002
1.2289550338372246,1.565832226334261,1.9243373966980384
1.6469689984647715,1.5215198400676946,2.5058960071405703
2.27871902577986,2.6549176525284657,6.049811366695419
1.024908819994025,4.677471595327754,4.793981893322938
3.077864854152693,3.961071342082483,12.191642268587113
3.562538724609662,1.4899728767624079,5.308086072084138
2.674945547889654,3.874976748138704,10.365351800609556
2.6693611573750724,3.1765505939269802,8.479360769865398
4.509115254080841,4.120355974071776,18.579159974930167
3.4476076612264017,4.517934094957225,15.576064198690498
2.0540092550558935,3.101119566771454,6.369728291183489
2.278583653782669,1.8750940805404217,4.272558721224049
1.803298527022065,1.2083929360814833,2.179093201699607
2.0585720195436363,4.9083024551045265,10.104094097535514
3.6806488430725994,4.265518423709289,15.699875451330453
3.5510556963957396,4.982728031833702,17.693944761033798
2.046586719118797,4.415596439207225,9.036901029469757
3.1589274617693586,1.4525780191776523,4.588588595142824
4.442526094616215,4.6520556925687115,20.666878807844412
2.073517723554627,1.5276725823191515,3.1676561752272256
1.0995848041759766,2.4303958027770873,2.672426292866759
2.104345089208574,2.6262083763655824,5.526448700043336
4.762892213648975,1.0799725419461121,5.1437928109898285
1.0820498026790828,1.454446412677866,1.5737834538453848
1.4862106336851015,4.649651391425021,6.910361340864594
1.6948969957981666,4.647379408657354,7.876829398067609
3.825234352845679,4.449771839626076,17.02142010326298
4.914745953606845,1.5771309687425905,7.7511980469356905
3.3532365634060746,2.2345967106464384,7.493131394606581
1.3539917967458721,2.0591039410218572,2.788009844790691
2.831986622628606,3.5921826282721105,10.173013149305485
4.132281877847641,4.352837844169866,17.987152940672527
1.7163550680016688,4.740990175345837,8.137222514800948
2.183361464902455,2.3511609242698777,5.13343415983529
3.6702980020680553,2.4617879887604848,9.035495536662744
2.2713387336040967,4.1579119122339705,9.444026377170895
3.91543162276516,2.917899534075158,11.424836107769602
4.1805896759062815,4.505706108419037,18.836508439524497
4.323127897331778,2.7208058360686427,11.762391613131461
3.2050690288619825,4.9107073399480505,15.739156005072708
2.5151796857924498,3.1396338508576016,7.896743282503362
3.473852312416328,3.8404788669401815,13.341256392706189
1.7450838095592958,2.499908198715125,4.362549322962307
1.8182607529306143,3.2549185118529174,5.91829058408948
4.274817505411855,4.758691047081032,20.342535790908666
4.269111169738467,1.632134091606178,6.967761880986881
2.6274505002157538,4.909815942495654,12.900298354077488
2.869624558529031,3.2361565047939767,9.286554181400268
2.7190124532644218,4.390911075506544,11.938941895478969
2.809535153503274,3.268121114219906,9.181901156307115
1.9111651043514195,3.185547961922739,6.088108103064523
1.8731539681015423,4.676267386306673,8.759368810564172
4.331116618749077,2.471856184805966,10.705897401170807
3.668328304652609,2.4984678757658494,9.165200426937144
4.903115032253698,4.518351102335161,22.153995210859595
1.640899470615968,4.312399854352007,7.076214638090586
4.693781727280803,2.321745083592123,10.897764648768748
4.0623098382000755,2.1132519045566958,8.584684002475711
3.1102989822913134,1.491851198236331,4.640103263604536
3.613007068359573,3.2385652715394255,11.700959217415784
4.350506910322247,3.011837605560539,13.103020315759535
3.1105105315217867,3.0707829468769425,9.551702696278237
3.5895295654111132,4.252865274101099,15.265785639096134
4.90708031648608,4.0859626026560445,20.050146661391707
3.8811850959951992,3.2847313212962947,12.748650248563797
1.3138971853874701,1.4259378846902089,1.8735357732318283
3.867217903427752,2.6513090021683348,10.253189640704552
4.8955037136557795,3.2393844598580337,15.858418653193825
2.562917727095487,3.0192759181728883,7.738155773677799
1.1737126438991465,4.618043937546509,5.420256559580138
3.9093023711131845,4.364708958515077,17.06296708074195
2.2365840149665366,1.4193052967812236,3.174395539138221
4.671702264070777,4.930894434005731,23.035670691238565
1.7301551601358152,2.5226220732176654,4.364527597050052
2.506674621456474,4.517694597046875,11.324390393908432
1.094708076355952,2.6409571544796884,2.8910771263189483
2.7548098805467243,2.1622702307493555,5.95664339608037
1.760014894922505,3.8307627455533027,6.7421994910880425
3.3883692623960977,2.8770479163826264,9.74850072631163
3.9847461011231524,3.8497994337531183,15.340473283753857
2.1193595323264707,1.6505060754096794,3.4980157840822566
1.534924814435835,3.766091639318795,5.780667510629751
1.4789742748934356,4.068094565984903,6.016607210925447
2.0189468100626646,2.148841665804894,4.338397026506533
4.313685655852673,4.511487456513379,19.46113872772102
2.732277049448702,4.210200523272771,11.503434263315109
1.7718569850731982,3.669369397141659,6.501597797139279
2.1345488447729615,1.6266983171785596,3.472267013727615
2.399698124371125,4.948835276164312,11.875710730033157
1.8158268736524907,4.318128740214201,7.840974210372121
3.1581131305214845,3.0143291009301856,9.51959231336064
3.277907554069729,4.858071429100598,15.924309035659176
4.118323334946891,2.30838137391854,9.506660878165487
3.782058099297876,4.492380287364359,16.99044325095249
1.9832168454601633,2.5230538481087494,5.00376289357236
1.6300251552449097,3.3695186497852485,5.492400160216818
4.61551884894781,1.3240497382613454,6.111176523889654
4.30253976105338,1.9363066912484448,8.331036528690143
1.0297593145620434,2.099675809232067,2.162160722117317
1.093708285428673,4.520647738369422,4.944269886959029
2.955309274638127,4.364245319493646,12.897694669495609
4.353359877892212,4.7743954909490345,20.784661771487013
4.701357159850643,3.371324046494538,15.849798444163737
1.7758424438944962,4.345532185173094,7.7169804957399775
4.237384167756627,3.929828664562819,16.65219376521466
2.6640316121272805,3.7566346184187744,10.007793378679319
3.6078861974592105,1.4483016321593043,5.225307468425201
2.262168820279808,3.712792853192679,8.398964228650184
1.5038875471781217,1.220277283975907,1.835159811475707
3.830181278126389,3.0765245987383523,11.783646919782939
2.232277233361044,1.04157974320684,2.325094747490672
1.1188928241544525,1.6532752502900925,1.8498378139017408
4.867172150976522,3.7445548783143514,18.22539322153489
2.715180611294897,1.9830118880291714,5.384235430344093
1.3972308617698346,1.3244174450168749,1.8505169280439306
4.249706373627217,2.4575335094468485,10.443795818498733
4.394417278355641,4.260328102046149,18.72165942309569
2.205400334216247,4.76919989893638,10.517995051058385
3.7310596664153484,1.8536073456593254,6.915919604760722
1.480946752890469,2.193161116018648,3.247954833333454
2.5483235022199735,2.472970841087789,6.301929714648708
1.8860678966612978,4.697593110258147,8.859979556835187
1.982333525057597,3.7621827141820323,7.457900921715226
4.859143002784959,1.3573555223029414,6.595584588489862
1.1387028703711057,4.850093518603512,5.5228154112021155
3.202929874357667,2.1279420300003795,6.815649098789514
3.5456138541098974,2.7825385161418246,9.86580711242685
2.3353942682987596,4.935229509298834,11.525706708755397
1.9720551074429475,2.7044525688400554,5.3333295012182305
4.185587682862629,3.662423268745727,15.329393723091602
1.6840572494138648,3.9854834978171807,6.71178237691835
3.602158939616656,4.490092846466115,16.17402808660671
4.999176763717017,2.8008777475788467,14.002082953708227
4.351207531919775,1.3799736862828489,6.00455189760503
2.6948704169072015,2.4302782443504025,6.549284945553071
3.7268047294960787,3.295878232292372,12.283094583950387
3.353876538891718,3.964412466533176,13.296149961995466
3.6084384605538347,3.6764217480477797,13.266141632872168
2.245741554428115,3.316062885985267,7.447020220153935
3.019947412783684,2.3091036933758877,6.973371724659761
1.305794642647922,2.382860948572847,3.1115270608213694
1.9279474757885846,4.127602601763133,7.957801017127627
2.5989573407077127,3.3864977009625097,8.801363059206308
1.6269034871225805,3.292353342195047,5.356341133256804
1.6379511285588793,3.382174231015674,5.539836098674883
1.7130989677434312,4.033750121460763,6.9102131692093725
3.206078711466221,4.802915333595509,15.398524604015243
2.8096789826830753,2.2103667669275318,6.210421049057426
3.488245417294494,4.930753358822777,17.199677807722985
4.9239501361930085,2.6607520183967974,13.101410263360734
3.4279239052715367,4.955444821109805,16.986887763536334
1.9010625245570592,1.6707671218976778,3.1762327627017313
2.061628088224434,4.531359942527827,9.341978935370426
1.7897311679652383,2.2286013294909943,3.9885972603588002
4.107324979201822,3.862832198981802,15.86590718134306
2.9871991753828184,4.3072807536800415,12.866705515535305
1.4543880846352941,1.676091370483269,2.437687317990907
4.494870160513997,1.57237932851389,7.0676409247461205
2.582789284030956,1.8284679482169768,4.722547422848876
3.438440649463122,3.851843403737007,13.244334934775717
4.89846854365094,4.909735518195964,24.050184993528674
3.33440714459369,2.642613527033677,8.811549424941022
3.032323211159168,1.3900860662927625,4.215190244328485
4.631335141356966,2.975055443449884,13.778478822734781
4.581889643520652,1.4526190772535985,6.65574030604879
2.8233503910489257,1.7737079580580017,5.007799056989651
3.730256968796802,2.5281451305897904,9.430630991512267
3.71122919108517,2.1693585122111574,8.05098663644714
2.1858162691590217,4.303877437137295,9.407485322561135
1.6531401068857328,4.58706175700848,7.583055763272456
3.2751752698566476,4.5303135194491935,14.837570803597231
1.144302145226587,4.685900270831018,5.362085732229779
4.291577195159697,1.8354205102859407,7.876848805471516
4.042508000015587,2.3896397598797137,9.66013784646907
3.8353299587143956,3.808276379940974,14.605996491052023
4.712619343843414,2.062946811244296,9.721883047989957
4.831961364358719,2.014291541102606,9.732978903162374
2.86886543957685,2.0356855961542957,5.8401080526514555
3.69926940625605,3.4726773953030783,12.846369246241624
4.898301566754892,2.824613641738982,13.835809426807298
4.413809744494101,4.2542146365527,18.777294017985735
3.6165493947174476,3.9530083679355608,14.296250020370358
2.757966517488106,2.1432588095865337,5.911036035151076
3.9701865057233103,2.449183424983528,9.723714983910803
1.2339524933112838,3.697729732461914,4.562822822962645
1.0927252394002873,2.372610654938827,2.5926115459217023
4.014469072027814,3.6314920867277793,14.578512667482418
1.518095084431574,4.8176849449862775,7.3137038333236655
4.247542663001221,2.9320316855479103,12.45392967363613
2.5778671300898455,3.9578050062110957,10.20269543281662
4.806077947350117,3.0821679243164786,14.813139291087312
1.2559377343298972,3.6932941365244583,4.638547470040422
3.011545659715225,4.219730779087824,12.707911912928681
2.0792251459888975,4.09992750262842,8.524672360196472
1.4043449165135726,1.5226183504561743,2.13828134025341
3.1645719743993848,1.0323993960055433,3.2671021949859944
1.0251424443377197,3.64065997506021,3.7321950658357257
1.840882616556006,3.9134100223982777,7.20412848168904
2.8072195227700925,1.9344679512108298,5.430476198812104
2.3846744508441904,4.847407004361002,11.559487636142855
4.4526833073597345,4.033059180750591,17.957935291722084
2.1436016689122797,3.0487095718876343,6.5352189263271745
2.2885338314220904,1.3878292108061592,3.1760941011657153
4.642983651364219,3.3976295979902735,15.775138676860022
1.685860883921014,1.4811008359345426,2.4969299644447607
3.498319964590205,3.7495309121599965,13.117058847857438
2.5834960865656655,2.6899689545308125,6.949524267013489
1.260558734651386,3.475827854572029,4.381485162225358
4.187656012104549,4.9696252934848575,20.811081238168697
4.9924344117515265,2.2522948719424574,11.244434424097022
2.689824140435639,3.9276642400772475,10.564726088485578
3.3931967423557103,3.4649901041532942,11.757393133707732
4.348425035916565,4.424713041897817,19.240532968135007
4.142955131463607,4.9673210812566815,20.57938836321972
3.020209479533883,4.615602776504359,13.940087259361375
2.1367594177894698,1.3439871094104046,2.8717771134203285
2.0074357191231913,3.4368329077762323,6.89922113972803
4.477018730529101,2.2313712618320243,9.989890933986329
1.307002165944144,4.743552810654334,6.199833797795646
3.361297835261005,2.468673121474888,8.297945619180568
2.956530532143931,3.7667784685426065,11.136595550068574
2.9668656717798285,2.2046382100596653,6.540865424120148
4.219523516487694,2.965991218021144,12.515069694136196
1.6081695590965208,3.930826867137368,6.321436109809059
4.9540898588166895,4.934138270396449,24.44416436737037
2.2583260919191672,4.764169981351337,10.759049375223777
4.304077630476225,3.7641950550166166,16.201387733046243
1.6667053035965589,1.2029000165056312,2.0048798372063237
4.03760183603074,1.4508728054190234,5.85804670300692
3.7025934217479985,4.712862155262309,17.44981241367932
4.180283595024623,2.6549897930559285,11.098610276869517
4.996570691152042,3.4344081317347195,17.16026301247994
3.7334996123027206,4.435844817343671,16.56122490578763
3.0631009998444854,4.4742415005254905,13.70505361380532
3.7946615093249796,2.5460195640793146,9.661282441800138
4.033732374102325,3.346614510297736,13.499347293828574
2.8416921873685546,3.753886427738809,10.667389733974225
1.9154783837458331,2.7634243596880834,5.293279626099194
1.87232430333302,3.247104150189375,6.079632015853079
1.087503540893508,3.164954705344843,3.4418994488300862
4.03398011836121,4.147230139294677,16.72984392818312
2.398226158996699,4.213860317890518,10.105790044723186
4.034366115848908,4.728550729582576,19.076704840500575
1.5209185840420218,4.7672564742576355,7.250608966593084
3.6888670825781817,4.778226276703884,17.626241625243065
1.172105238019562,1.0646747024603895,1.2479107955407411
3.375030125344143,1.804379324285585,6.089834577011958
1.1031201125181354,3.0013585535115204,3.310858985256896
3.7894579332763425,1.303321816431509,4.938883196888515
4.167888473931065,4.987853665528883,20.788817802212645
2.649573997247809,4.466059685965642,11.83315561409128
2.424448458030143,1.1926390665265179,2.8914919458267256
1.9284631766361033,4.551330676638253,8.777073614591151
4.415522382749494,2.294198040520168,10.130082798376831
2.869779781084131,4.866788535927029,13.966611339215426
4.024773090273431,2.3291443304563977,9.374277424583838
3.479422238371688,1.9027157228549325,6.6203513994009136
1.5831518592419735,2.153228034244132,3.408886965785537
1.6805683218679706,3.3445689767362694,5.620776672605348
2.0489559265626673,3.2330873435534726,6.6244534736686385
4.432675660999605,3.1311176206731304,13.879228868884779
2.295760034173732,1.271889639727294,2.919953402765548
4.555760240355899,3.8512744349566304,17.545482945474546
3.5190775579791405,2.261948712312793,7.959972950799765
3.833248075059009,3.1281253880239808,11.99088062218614
2.1219214287002295,3.641115230564195,7.726160432100942
1.192770923383851,4.35672567271676,5.196575703576499
2.8155672955397066,2.2360966198921117,6.2958805126351125
3.5624440233041117,2.9077121363636196,10.358561721677408
2.3409199450981775,3.588328355100304,8.399989416015638
4.81089730090263,3.4440030194006535,16.56874483033511
3.5551875402149222,4.310819870491072,15.325773091680762
4.974655941286363,2.109305116092511,10.493067227755333
4.205167141966201,1.2570872890757756,5.286262162604818
3.0411232625137488,2.079929667428093,6.325322496008059
1.6572998001517512,4.684169623534873,7.763073380961249
3.5997358319509183,3.0599691930828348,11.015080749006218
1.6049013041643967,1.530995378082713,2.4570964789546097
2.622819579362176,4.749089415131092,12.456004702147492
2.9743380380242512,1.0726357246142344,3.190381236663823
2.978699409561759,2.583287780297466,7.694837785900169
1.9912926826246795,2.375424362294979,4.730165150766387
1.091988092748248,4.371587623109379,4.773721630841058
3.213143308820873,2.3238869161406392,7.4669816950536685
2.8069948661351236,3.4169520345502296,9.59136681881246
1.2552623996803804,2.824849434270149,3.5459272795977124
3.070413749214653,2.1052814623326386,6.464085147912864
1.460001315535496,4.978803219646421,7.269059250476138
4.967298995055095,2.6973973384246746,13.398779088421174
3.960239633648528,2.4761903636656486,9.806307218647264
2.4553405940677613,3.469815189670542,8.519578089111011
4.358919232191205,2.2604199133448937,9.852987833107035
1.4087337520749372,3.0228004422621066,4.258321008801677
4.511122977446474,2.8752036907709755,12.970397434275855
3.6354941301872383,3.7285723144888574,13.555202763302887
1.3264374112742905,2.841236942760841,3.7687229751725693
2.749784558958941,2.063829978854595,5.675087808170923
3.3870352020397214,4.679740065068049,15.85044433678114
3.4949315411292625,2.010019898113419,7.024881940214015
3.948026607425505,3.9419668105458703,15.562989853623352
3.6364545177395495,1.3756687895459057,5.002556984657506
3.5747539882530286,2.881764752521773,10.30160004228421
4.281784405285018,3.2831084387906544,14.057562514073465
1.0822359208385435,2.760641060290278,2.987664919987942
4.8388526906207066,4.459018333998387,21.576532862995155
2.7210450978721243,3.8371675025646637,10.4411058225678
2.1375861491948696,4.4869695112725925,9.591283879155966
2.958470021218104,4.096807039623384,12.12028080944107
4.761186856478313,1.6962844711705287,8.076327328985387
4.675615944261324,4.314219741583421,20.17163461079441
4.270876363048645,2.532913302942968,10.817759555190593
1.8930319155478488,1.276628158404311,2.4166978481464354
2.14388666723453,1.5230352325059187,3.2652149286978815
4.316073681833339,4.991887746245635,21.54535532423713
3.608841930155285,1.6657379411418636,6.011384926643294
1.9837560049226948,2.311624474737953,4.585698932887684
4.476485724364725,1.7893117714906985,8.009828601515869
4.616537718585633,3.556410839184896,16.418304781883855
3.53966072231869,1.9437264781668637,6.880132269698084
4.938522761980348,2.058712889858909,10.167000466950563
3.206138010763679,4.923721161092826,15.786129568981185
4.43257513243295,2.2892442689861094,10.147247218772476
2.2128886815967688,4.50231056208459,9.963112083870575
4.808269963645431,4.7109270462728325,22.65140901751855
2.448585742252394,1.0641164365399587,2.605580334608167
1.3981984113676336,4.62425840284973,6.465630752617923
1.6205367031955533,3.5427748610929766,5.741196693559696
3.5338080472381153,1.3788561778984008,4.872613057441359
4.028738878415299,4.047651400710327,16.306930564313838
1.2189040893428076,2.0804359460076003,2.5358518822044362
2.878050302484575,1.022241830272379,2.9420634088278064
4.136828246367503,4.153516799521432,17.18238561802221
3.1079367433606406,3.53601148599883,10.989700022281022
2.6754819850215465,1.3101715541916237,3.50534039052737
1.7077709985577991,1.1573170404878952,1.9764324778819695
1.4545577196911652,3.5964696622383863,5.231272710843922
2.332185903953459,1.4561946863035975,3.3961167208091796
2.1397956274369965,3.920851936127545,8.389821828753602
2.4709120263091875,4.778108963317486,11.8062869004769
1.304731102424157,4.909834299965311,6.40601351891368
1.9040768333341789,4.861063203167268,9.255837830524031
3.061266732121574,2.056166773002526,6.294474937886405
4.966452350907325,1.753563828214796,8.708991197103423
2.663052047485095,1.1584929495798049,3.085127021375546
2.6523682093322822,4.0925995326433275,10.855080893911317
2.13648829729936,1.8314142048243536,3.912795016115045
3.2308838718193433,2.9415309718489557,9.50374497540387
4.439479551278312,3.6451286400643714,16.1824740593447
3.677542771754406,2.4568657870167074,9.035229016213993
4.994734739115788,1.0505634962201258,5.2472859902176
4.781105665560455,4.089952083580494,19.554493078677485
4.373434741079411,2.6045427724181778,11.390797845520945
1.1670100153565786,3.528437174083336,4.117721520711717
4.019074505321109,2.619445128920513,10.527745135732001
3.463534343906834,4.0691909767737595,14.093782699971712
3.983258580091535,3.226490829903607,12.8519472818002
4.909816825368184,1.5042935905797936,7.385805981322188
1.881898989880772,3.7163165092948964,6.993732284919303
2.44552371905721,4.43068963994142,10.835356606257792
3.210356904061793,1.2982233293181564,4.16776022829063
2.3443468878913585,1.0913078479909264,2.558404157168944
4.458498865791764,4.9994211049927655,22.289913326225655
3.1701498569529405,1.764923898625196,5.595073244759491
1.0210129736960734,1.6471930123881182,1.6818054358297856
4.644010533211727,1.5112400553527117,7.018214735269466
3.0887670003351673,1.4677399591881657,4.533506751013691
3.7441388889003835,2.6783709328121073,10.028192768442207
3.0348850804713035,4.545203746770965,13.79417103877747
3.456442496405863,1.4295617144535777,4.94119786107217
4.923979663960054,1.6512396282118442,8.13067034964008
2.7671853603075593,1.4519113136897852,4.01770773170729
3.791873520593655,4.14204355391927,15.706105273252117
4.4377169585914285,3.4936928912416807,15.504020191573526
1.418033093344595,3.9283771599467556,5.5705688159435525
3.3253598839826553,4.8700739695211155,16.194748610273685
2.834289641290028,4.082261989380875,11.570312869534236
4.968698857266786,2.5460017266298185,12.650315869704844
4.747893997965129,4.636293357646604,22.012629405575904
1.7448151762234199,1.435435737206609,2.5045700587715443
1.3904196779082532,2.778950494014265,3.8639074508102955
2.81455337537141,3.572331161756403,10.054516729265956
1.076606898274441,2.350038300016818,2.530067445007247
2.9878534426873933,3.093304208060714,9.242339627333605
3.953770311715532,4.794402186078701,18.955965025742014
4.533066950497833,3.490776697157016,15.823924477450452
4.8529526335601805,3.5547695987561236,17.251128485983195
4.667512036905986,1.9341841690739585,9.027827890745705
4.655779346377446,2.198632202328496,10.23634639788137
2.339491911289445,4.929016788917479,11.531394908282316
2.546346323844492,3.5311546186922027,8.99154258223339
4.256856333307837,4.076868572940178,17.354643804784082
2.868585132647719,2.462826726843024,7.064828132909344
1.6022455736169854,4.485973426386547,7.187631065791266
2.817074508711429,3.012049001416349,8.48516646087971
2.479678828681937,3.636954011570124,9.018477863380278
1.341289058144734,3.9941012002994625,5.3572442370844175
2.4016522025493527,3.839898579039114,9.222100879915418
4.83688245168565,3.189604191690165,15.427740542609152
4.705896490822778,4.855221550113475,22.848170054846133
4.876552082323734,4.723846269188494,23.03608236058835
3.286731090011427,4.521125728052997,14.859724492242332
1.4235802353375084,2.3240798506419904,3.308514140720086
1.9079534023413043,2.90666021246944,5.545772241831166
1.7454614851966075,1.7973772223060598,3.137252715904888
1.75461433948009,1.194862495140256,2.0965228676800525
4.553371546608254,4.8275826123787695,21.981777306106235
1.8160708222474766,3.243781565961578,5.89093705568705
2.5158619333302763,4.276311109558527,10.758608335615655
1.3722676447912074,4.018582213170312,5.514570349067062
1.1460319536994414,4.728355365366988,5.418846337156765
4.791402982775134,2.517862544135289,12.06409410418761
4.049660767333954,4.48052055580329,18.144588312069907
2.739575366863093,3.496862576370797,9.579918575530847
1.6752668773201989,1.1358967681926893,1.9029302318082724
4.921615542449741,2.662418998778024,13.103402724899402
2.736653060442041,4.593490651342359,12.57079024910797
3.178215633857326,2.633658042448865,8.370333164745064
1.3016951904477514,4.800787411235952,6.249161883567949
2.1181734268272563,3.7714896310912622,7.988669116132043
2.04933572916183,2.8580280189844887,5.857058934250518
1.5560958726940854,1.4288177859135014,2.2233774594919007
4.576737584868889,3.918558077554973,17.934212032037426
1.7752766501826116,2.0124274066222814,3.572615385164084
1.1232103620522578,1.6166810733540093,1.8158729337249895
4.943439188329702,4.998012005350477,24.707368410991865
4.758294282528248,3.1108267338795557,14.802229061755114
3.891785865497084,3.32934667763416,12.9571043413563
4.365763858229447,3.1229697657720696,13.634148533750983
1.6249594825479128,3.751891280186606,6.096671313228053
1.3199099940571628,4.927699246988901,6.504119483808606
4.456870041027344,4.003653300880217,17.84376245135327
2.433938821169395,3.0021190766398202,7.306974166406877
2.291105090295004,3.1981928423505184,7.327395900854319
3.7547803852389907,1.5719919353737848,5.902484484695366
4.028162408662842,4.686777157309034,18.87909956285195
3.4547429648592938,3.9568000143888584,13.669727013065062
1.3811514921331765,3.8115276687656583,5.2642971270225765
2.4610905017110993,1.0849404604490962,2.6701366621333373
1.0526309317080806,4.83565310618525,5.0901580345808535
1.3898377438871035,4.546220367351177,6.318508658572958
3.9134816173864664,4.639830704871381,18.15789217129944
2.0904181856809263,4.436877490885992,9.274929394586437
1.6384815573581428,4.7637505968189675,7.805317496741724
4.92182239829364,2.1823479503721286,10.74112902301176
4.281419489134825,2.1333187024748095,9.133632269311466
3.728586418299147,1.3834786156587997,5.158419576352706
2.3023816159780957,2.236382165767111,5.149005184763475
1.6711322152960668,3.9309503425878516,6.569137754227669
4.264411444080935,4.354996997009245,18.571499032984327
4.7061575839480785,2.2196755980874268,10.44614314984363
4.454776227076437,3.370591719938559,15.015231865162972
2.010487905284238,4.450366879743113,8.947408785801082
1.3567386761698246,4.665708753690886,6.330147517876535
3.016791012639285,2.941666504855914,8.87439307403134
4.092486147656539,1.8172285082264796,7.436982497043424
4.926572347098343,4.903936370745093,24.159597316042586
4.663487321382424,4.591071526977508,21.410403857619453
1.1279919510579424,3.006606184781382,3.3914275764344275
1.0882819425211778,2.575001026700674,2.802327119331837
3.5268960417404784,2.240873213980315,7.903326868429437
1.5112087035118544,2.837962960195856,4.288754325692244
3.4295175970662877,3.3300841533601426,11.4205822036602
1.0376144596871044,1.0448548009740106,1.084156449764125
3.9668057924111895,1.6771602527149283,6.652969005271392
2.548607924956823,1.3926023537440675,3.5491973950656557
4.031522834736588,3.11745942159771,12.568108844535884
3.770884864470398,4.6088993368289435,17.379628751115916
2.9105597269818215,1.9278861148637239,5.611227684129805
3.0345308632301413,4.492200678970347,13.631721604158914
1.3608202108114833,3.3256170930899143,4.525566953696889
3.5934407460429645,1.809770650156639,6.503303595265534
3.56302033052819,2.7816008154929657,9.91090025701523
4.263328337749986,4.519440267786857,19.267857764424093
1.1966763249109738,4.433916505665867,5.305962908962337
1.751094361549118,4.270791100747254,7.478558215872668
3.6518337259603486,3.140339837350948,11.467998929015028
3.2069304972594455,1.2451586994505361,3.993137407195832
2.659484489392596,4.792218652130864,12.744831175119927
1.1078604396039315,2.5755750031682423,2.8533776552428662
4.336078021292154,1.3792964745448457,5.980737128119659
2.1605115774473997,4.658411092528442,10.06455109791709
2.459155726459025,4.838381455772067,11.898333463755032
2.822123613340364,3.015062867619192,8.508880114413834
3.179707947290661,3.418357761440713,10.86937934073575
1.9637641157943553,1.086105687246024,2.132855374573909
2.994844911941196,3.535099084924588,10.587073507694381
4.701523042215954,4.435921920429493,20.85558912237011
1.8068172784485483,2.239611072356231,4.04656798253792
3.2022568610521502,3.333331110528122,10.674182418847263
4.892440551851932,4.332619920699918,21.19708539579378
2.919067258215009,4.4004630461101994,12.845247598885367
4.620482359564292,1.6018576465066965,7.401354998217364
1.151921141830091,1.8299883440781217,2.1080022628462274
3.0956697548051046,2.9694971330584212,9.192582461789424
1.0114980490383698,3.0625622573208573,3.0977757483385933
2.083950596962744,1.7315993034144261,3.608567402050765
4.666531452650329,1.94619448961806,9.081977798777432
2.661788118421657,2.109350457756848,5.614643986044461
2.8521538605946377,4.200197954554268,11.979610811343656
2.612295135284291,3.287074387729962,8.586808432384569
3.9578765390264254,2.5450952506113,10.073172781982045
2.5926963785455635,1.9302159526096383,5.004463910141884
3.043983408072571,4.567256886449042,13.902654182756073
1.2537088441891755,3.5783184970416295,4.486169547066809
3.8531825776556,4.183660241173163,16.120406752118857
3.137285423659216,1.1427976911121398,3.5852825385175233
4.894272852169792,4.766134437722918,23.32676238833881
4.484508181465269,1.0088315585552063,4.524113378061182
2.3817822454729174,4.650894572497427,11.077418118340727
2.4898305044771227,3.991448146171897,9.93802935137745
3.6411130900735684,1.8229260671390648,6.637479965296378
2.8337861741547226,3.0931825649131848,8.765417986587426
3.2184455131062384,1.7523531199556723,5.639853036299051
4.883864477875585,2.650902002823215,12.946646125917544
1.3626306945351097,1.845276078546525,2.5144298245188748
3.3791425239192763,4.82071665323406,16.289888638709026
3.7103597018537533,4.462003499492919,16.555637974048953
1.8774829623210434,1.6711360055827211,3.137529378202803
3.344378936186693,2.121158693179206,7.093958453777828
4.0997986407640195,4.073173262377514,16.69919020469168
2.142031568166587,4.135937566231711,8.859308830834408
4.908043765238918,3.539129755366247,17.370203730196845
1.5210624740182581,3.7674985094198497,5.730600603598257
2.895708438579417,2.6110726236011734,7.560905029905616
3.9154843908791648,4.132190995325278,16.179529342327566
2.7607631934358463,4.892897526038947,13.508131399141636
3.057963192447464,3.3394331492645084,10.211863654089786
2.89926288041807,2.210474458164112,6.408746544667456
1.2144522944500085,3.855077984982706,4.681808304145963
2.285929509787376,2.2099388221479717,5.051764368372805
1.3316537375411128,4.639697868198841,6.17847100724852
4.0412605033580355,1.2268157511611744,4.957882040065174
2.9103586035447293,1.9267364127039222,5.607493895475768
2.6286464856534155,1.5045023088856198,3.9548047069096337
4.043715744646247,2.737185764959153,11.068401173786908
3.6284769295928174,2.852413441434105,10.349916365904104
2.6530941713920386,3.3619649829774105,8.919609700761502
1.5355917863401576,1.38398849088308,2.1252413589893675
2.9303884045249937,3.696091232723806,10.830982890440332
1.769747826702622,3.274276103340335,5.794643017910888
2.6779377116256993,1.3676704175145904,3.662536188137187
4.523007094123613,1.1123135016725474,5.031001858954409
2.103550734730478,2.859385844610329,6.014863194307986
2.734833289558532,1.8367685605634279,5.023255804643369
1.1259224787653985,2.8472010798102754,3.2057276973235047
4.5761201248651835,2.144256811134331,9.812376746311056
1.3181319390021549,1.6559378920248613,2.1827446244818716
3.5378534362599585,2.7158154867234754,9.608157151952659
4.885703301059897,2.5012457313775665,12.220344526553355
4.652456505624338,1.60995203488965,7.490231818465493
1.1238334086069974,2.3549381160956346,2.6465581300702983
2.0808284408700164,2.3996791105304625,4.99332054215345
1.430824179643365,2.369550843385409,3.3904106416101714
2.6220412111408233,4.184542849218973,10.972043800436788
2.8109696104042143,3.435967908731256,9.658401373767681
1.6688010528968888,1.77401312262971,2.960474966897358
4.09815227942336,3.3478687089630204,13.720075780846942
2.3957519746046216,3.3647822609844873,8.061183745868188
2.596662334391068,1.0526092655895076,2.7332708327873187
2.188891056313893,2.8443736048640624,6.226023944502254
2.146198979023552,3.684796661601635,7.908306833038822
2.679960282449687,4.282421005237289,11.476718206764199
2.6409923111186018,2.5573701611799007,6.753994932360257
3.060681564950828,4.3561949036304055,13.332925434874332
3.8355967984391683,4.702400841314629,18.036513611924043
1.4470850180157493,1.6015274967322397,2.317546446461491
1.3720876503237753,1.6450095144567998,2.257097239451285
1.6217216390734652,4.050398117565363,6.568618274118179
1.3847091946998922,1.7956194960889005,2.4864108264166878
1.650522438955091,3.7618483547641537,6.209015121484527
1.1249402002841555,3.798693413478948,4.2733029293771105
4.308124905909487,1.9949845840117906,8.594642773286672
4.204386512086728,1.2139733083033994,5.104013003464116
1.0952952972073948,3.9837892455436594,4.3634256257093655
2.3000001807081727,1.9771838209485622,4.547523145474968
3.5059749340897395,4.32346572361923,15.157962455405178
1.6128886943251315,1.1925970232840646,1.9235262557406734
1.6866162869880843,3.4133610696563816,5.757030373453522
1.269335908681712,4.324021300623299,5.488635506785753
1.6299589354638822,1.7537557859126411,2.8585499138697927
3.588498678318814,1.1062614623942975,3.969817795676975
3.518988216289696,2.252956497884719,7.928127367869628
2.0681500527308185,4.888243825072866,10.109621724585546
2.0322466208116032,3.460642456089449,7.032878937224949
2.6624926278333247,1.8898483271758213,5.031707238828766
2.9150703460727025,4.959452166931244,14.457151944587276
4.670359927478097,2.9559041084477786,13.805136097562377
3.7099658775567095,1.8238593101544058,6.766455806136965
2.2799018547939975,4.4476554669937665,10.140217948683752
4.062208701975058,3.6537106350344457,14.84213513613574
2.7706271025157556,1.9696246941029738,5.457095559266004
3.3576064908329566,4.082981054334217,13.709043689980557
3.6251923273541915,3.3644575678165842,12.196805760557426
2.3005207921565667,1.115548925118797,2.5663434969037016
3.0025150682863795,4.51957473067025,13.570091231083781
1.4042539218768209,3.3009525968773366,4.635375630094476
4.388177926667309,2.5516718575938766,11.197190121591618
4.809666706421034,2.7794501481244,13.368228839590937
4.607354464676158,4.599279325308947,21.190510133754923
1.1790145289607015,3.4965856136630635,4.122525240263722
4.411494612644766,4.185967884278007,18.46637477019644
4.368296309666361,4.883788308799499,21.33383444652057
1.5226761262062283,4.8216853891663884,7.341865230161047
3.8838309311732777,2.9679167179113786,11.526886750170487
1.215397714190987,2.318843259683781,2.818316797386845
4.247442998104069,2.4995391288775193,10.616649971437964
4.208108577947099,1.8439324493313314,7.759467957186181
4.870594090042577,4.298586827427388,20.936671597202707
2.735787072910782,2.8378199909080637,7.763671246374074
2.9876025874009047,3.000198166791177,8.963399805820771
2.724430821502935,1.4964338456070303,4.076930491311957
3.0414972481485387,4.683265000687217,14.244137611940534
4.261463693528274,1.8077667128948445,7.703732213370331
4.473492795435546,2.5122440027767663,11.238505446798023
1.0614572617475346,2.4556049504017743,2.606519706587158
3.6729472001491197,4.489469663746187,16.489585031610964
3.4967784538322966,1.6115691079870889,5.635300133670986
3.4474823607226757,4.28132179596111,14.759781372153451
3.9983651817168813,3.109359880600143,12.43235628401897
3.9320046078323796,2.16684331891515,8.520037914425176
1.4296275597906014,3.8231786093445894,5.46572150592093
3.841180230627013,1.7083971398829778,6.5622613197782265
4.31644699042474,4.9050362183284015,21.172328822527973
1.0490541110963774,1.0096362598952768,1.0591630691551106
2.278908123868629,2.1640461247650356,4.9316622941534645
1.8006365787241498,2.1300526030025804,3.835450631573036
1.0751803998433034,2.573895142050834,2.7674016079849517
4.474742720854425,1.5664913197736134,7.0096456304386185
3.1504748599217325,4.4980609643891905,14.171027986703448
3.9477428744349377,2.514270983874885,9.925695360990597
1.8704090795272346,3.6342126409523785,6.797464320569978
1.4986307230261149,2.5157473991777177,3.770176343780771
1.6235124281938602,4.3483968649709785,7.0596763529996025
4.3836561709512605,3.6304879266029553,15.914810803017092
2.0338273386253003,1.5479909169719703,3.1483462468812404
3.4706608358303024,1.374375001581151,4.76998949173191
2.417843884260879,3.9924246468608833,9.653059515784987
2.7615822836165465,3.5942244541409507,9.925746575897001
4.420695320696172,1.9372090107685431,8.563810809114958
3.937125911737654,2.7229601997745667,10.720637159162784
2.342661798117455,2.5475687322472393,5.9680919471141225
4.588801940693836,2.0881063214016398,9.581906340022911
2.263181825589414,4.582159952585675,10.370261126635551
4.000995343506022,2.5016439532298214,10.009065807982513
4.159329956506893,4.015607830757167,16.702237944051948
2.442976496891738,4.18895478120816,10.233518077033807
3.097971566831287,4.640302603403856,14.375525526838343
2.837727763181672,1.1994564303299855,3.403730813074183
3.498098614200582,3.5476729434037715,12.410109806957633
3.919432038876155,1.4528986975625635,5.694537704468149
4.648562867419677,1.9276030655803544,8.96058403378117
3.335423440346427,4.03909370479758,13.472087820737539
4.609437735653149,3.9905884326557195,18.394368908944227
4.971655706720854,3.653873433736188,18.165800708470243
3.1829367073218253,2.1150644372227694,6.732116235587331
2.0084800980914164,2.084046088191839,4.185765091638578
3.57005359439434,4.937051121967789,17.625537103689716
3.916763487268065,4.190166565654065,16.411891409925268
3.5931022791367946,4.661786553547303,16.75027589040008
1.2228355598898601,1.9816517455914,2.4232342218269785
1.754577707513461,2.6005470832574784,4.562861939622724
1.9543344658834427,2.1668378062396045,4.234725806713328
1.9800875532530844,4.864925897223413,9.632979216590675
4.7564291313459695,3.253349891594699,15.474328198842278
3.6720594221974614,3.1013693485124856,11.388412537919676
1.9287740084828262,4.187766046975222,8.077254305012678
1.662252357893259,2.5051449792484988,4.1641831486202765
1.1932974162431886,4.127882655524889,4.925791707392922
2.1320476107556554,4.10149845535376,8.744589982254995
2.346827005731816,3.354755970840463,7.873031910008455
2.1227819573626783,1.6352309902358946,3.471238842193063
3.879277099022884,1.8039208952007773,6.997909017201236
3.267955173140286,2.0461491253052766,6.686723619057849
1.4132107332604327,4.742956018805431,6.702796353158006
3.597444221436805,1.9106726089508204,6.8735381361277135
2.242168276626635,4.27271794544696,9.580152632254507
3.9654402050750224,1.2653816060416512,5.017795095359967
2.9558770538159678,2.434984227702621,7.197514005069972
1.5635844115435127,2.946481953299153,4.607073251072836
1.7317738750280904,2.172929622407495,3.7630227523599533
3.2059002850495517,1.1562786739598412,3.7069141304445727
2.137934177765523,2.2605067983505815,4.8328147432650255
2.5282824670247748,3.331032391428876,8.421790792341234
4.142268769866018,3.41802229016684,14.158366987264024
3.223940219188746,2.9093746063034054,9.379649805947972
4.509041146031219,4.897736601612623,22.08409585909443
3.7521535766630083,4.77313264390855,17.909526721728426
1.6152576428274346,4.3904629010314515,7.091728756441363
1.3982058526608196,2.659408624147685,3.718400702899951
3.573285284777684,4.68527773112517,16.741833971726145
3.142259876745824,1.771946856316735,5.567917510329974
3.937187457351397,3.4164872528740906,13.4513507602168
3.2181996326035334,4.1259306400016476,13.278068469800964
4.950528918248203,2.4967199117832397,12.360084124049031
4.926567503877333,2.3933144866841474,11.790825376656981
2.0886371104831856,2.739449818097455,5.721716552384757
4.1674782790907905,3.7413354359202127,15.59193416399016
4.064462044903914,1.3480643955719196,5.479156569888404
4.361845730484667,2.45934809299463,10.727296979204235
2.6813552704909864,4.339612770343674,11.636043573651001
4.711205590555574,4.988221446480237,23.500536765586904
2.507105052906655,3.5588143500816516,8.922321439446423
3.8532974605596597,1.56628016554358,6.03534338441404
3.4095120350409465,1.9950899823370851,6.802283305767921
2.4557891154648894,4.075139921912648,10.00768426422952
1.9115330601703278,3.7784210048218916,7.222576665959036
3.741414102459121,2.918204898911451,10.918212962652596
4.609327323418173,4.3767849113768325,20.17403428073362
2.5939931586954637,2.5922459312390953,6.724268211290364
1.3858745588021977,1.479726593223111,2.050715439530958
2.1224305887515666,1.1306515079818187,2.399729345758698
2.6026140785454497,2.3293887290673907,6.062499900675883
2.62823060732943,3.912802437221297,10.283747125938204
3.5507002741141567,3.4792992325430165,12.353948738715664
1.460600876433301,4.963427738159682,7.249586904469388
1.450425920575956,4.504967275655623,6.534121307957364
1.6941731315238555,1.9490997376969275,3.302112406266329
1.662933190688665,3.2854665997715045,5.463511455659067
1.7030375401507771,4.151534652198718,7.070219361931216
1.0209004189517898,3.4403188480361537,3.512222953287848
2.096813087140394,2.296960702287254,4.816297261203105
3.262764608763957,1.6456867645662343,5.3694885325379715
4.968767321223278,3.6725729409038284,18.24816041357181
2.6442714192661274,3.2306935444368556,8.54283060396196
4.384222548606802,3.9215711685679513,17.193040743201937
1.8378859064216622,3.023994790684276,5.557757406891155
4.759078907846025,4.3046669375639155,20.48624962786257
1.0680809629799204,2.7533926952271393,2.9408463213800813
1.1085328415709674,1.84421302068441,2.0443707002814664
2.448275204270319,3.0707441817895464,7.518026838932696
4.501261437345837,3.32546533361503,14.968788867431744
3.2676978957428346,1.3195773979015248,4.311980286392618
1.1405383059035596,2.001154603684406,2.282393481537322
4.36140164055255,3.350463947355754,14.612718956609559
1.6487247164507548,2.4820994622734394,4.092298732139347
2.5039918753688273,3.462551930198369,8.670201901259366
1.3416017889604817,2.704009071178462,3.627703407258395
4.724836875743893,2.6464416044119234,12.504004882028289
1.0249497238989522,1.0601417583643986,1.08659200252934
4.51382628581233,4.5669232379172175,20.614298156597894
1.673447944193597,3.442686217273081,5.761156172799268
1.8090308429808872,2.8303008530177682,5.120101538024257
1.8828612119680765,2.811027135674698,5.292773959551613
1.5693867933665286,4.177407604671887,6.555968325280965
1.5723872858873809,2.688443807096732,4.227274861101567
4.486358166054581,3.948001044137526,17.7121467239584
2.6683346342920755,4.322337967033655,11.5334440985515
2.450706561260716,3.875000112879771,9.496488201520469
1.9818544292748355,3.3382439205472245,6.615913499936309
4.619641737067007,2.0488776042341694,9.465080494662026
3.3399810241564065,4.202457494280997,14.03612828572241
2.38093168731748,3.2725338041389747,7.791679432092101
1.790708092216637,2.499361103741325,4.4756261538410955
4.651677146824046,1.3226712029377583,6.15263940746784
1.8192416294408855,1.0509840378796613,1.9119939135885564
1.2613159694518425,4.355949906750684,5.4942291795169025
3.5221428564171124,1.7191721783138836,6.055170006799291
2.1083773876837038,2.7507981855417123,5.799720692477508
1.7115686375316885,2.9768679481223335,5.095113818079495
3.420364477824642,3.801586135996456,13.002810178952915
2.8254882205567458,2.8159200374488926,7.956348895841557
1.6282811873367233,3.5678540609703338,5.809469646640925
3.2978257344791584,1.5672749850505294,5.168599778705074
3.6689265852288035,3.247685176599718,11.915518484880208
3.775106616321891,2.070900616567839,7.817870619350332
2.008575387669473,4.678258193615774,9.39663426485969
3.0754192588034246,4.143620818134556,12.743371265269817
2.3500554044881565,3.882369568662014,9.12378358705452
4.706695434360013,1.2195467765645285,5.740035245244736
2.924886018956389,3.6504759250870187,10.677225995823912
3.2822125450893838,2.716475746503288,8.916050773604141
3.1255465394308297,1.0829035226262067,3.3846653576817958
4.992052924677893,3.816362195280627,19.051482058580795
4.58375448492875,3.6226987861372892,16.60556180850274
4.949629909203323,1.7127389185110227,8.47742377771871
1.96155037801551,4.737898086016385,9.2936257816244
2.929463904031498,1.8577501010030026,5.442211863599166
2.81122767095603,3.6240150718129795,10.187931449842353
3.805968252944578,3.454814298527056,13.148913540012966
3.8903406419041744,1.668180230301623,6.48978934796347
2.6734241247682236,3.4842483623909817,9.314873628700227
3.106755534716518,4.35785351588203,13.538785529950333
2.862606872486357,4.42812888024131,12.67599216483409
4.062383980303715,3.799965334272683,15.4369182996588
2.977641761192285,4.621886587878005,13.762322519560064
3.7121399245043674,2.9590577766536055,10.984436511630976
4.292513262706525,1.6706226507192676,7.171169885190386
3.713119641633253,2.128277929471705,7.902550582775939
2.4566863766471725,1.6595785770148788,4.077064081127953
2.9137721574067093,2.1413961192159103,6.239540390150098
2.8649381933692615,3.8087029520949027,10.911698554654944
4.837076555263619,4.225695028286455,20.440010351018447
2.7429707127383693,2.710812255848051,7.435678625523435
4.654335042438568,2.4117104625401375,11.224908518016289
4.6385637981313135,1.8962181525565693,8.795728875808342
3.9861881667941557,2.6493592864257542,10.56084463713655
1.8081969228961703,4.285609422096849,7.749225769770357
2.7005957424073492,3.6196068682418425,9.775094897562319
3.5801505937303744,3.9279406616267347,14.062619091860634
2.0271393281655894,2.72232039668643,5.518522739990411
1.6416329578934374,3.085939509721606,5.065980005224504
2.928974265502125,2.982816362067292,8.736592363213767
3.399326042752041,3.923059362241995,13.335757857331426
3.5893779376938757,4.429166423835404,15.897952244089279
3.446136738204619,4.856784420718357,16.73714322177737
2.165661502801486,1.7770214301764495,3.848426900986375
2.392794503012975,4.5526081567228225,10.893455771778402
2.5316806068719147,1.337726046467131,3.386695089148273
1.818140963435663,4.717527532098646,8.577130052244097
1.8277284877406061,2.9442799485246467,5.381344337801942
2.83427676929167,3.4768528529177574,9.854363271270268
1.513578838799912,1.9070041893342822,2.8864011864791506
1.4398761530103075,1.1630991571857705,1.6747187400181782
3.0219601062147223,2.1747333385947836,6.57195739088859
1.190548940720892,3.1695148517801237,3.7734625493859615
2.6098934770930513,3.2888294416190567,8.583494506953159
3.9947317628152224,2.700337534616405,10.787124119854303
4.897027993064837,1.8504476985195062,9.061694179352424
2.999507002447363,3.3107735445042117,9.93068843025786
2.0285591468460247,1.5081341463595135,3.0593393172684125
3.5118173661104386,3.9144772482248107,13.746929179560093
1.5797651766291239,4.630978652547277,7.315858809007052
4.721991892561244,1.356708120495571,6.406364745552089
4.020174915130509,3.2912502915480193,13.231401861497321
1.602634196789611,2.343924346161773,3.756453311846587
1.3906902933515064,2.901120005640817,4.034559431692552
4.705133296012608,3.705913444778415,17.4368167411677
4.824214222325594,4.449384225879694,21.464782663079973
2.0053713537201285,4.876609835568301,9.779413667518497
1.6874635830921063,1.0941380859190248,1.8463181748624564
3.7584559875339245,3.240165633305809,12.178019925099868
4.974808209609195,2.1225534903816925,10.559296529285495
2.0310646604132834,3.675044464767654,7.464252937837032
2.4434407648070473,3.3741404123666388,8.244512229759506
2.439481900999856,1.4188017016701586,3.4611410723321487
2.8616974077738693,1.3650371320104844,3.90632322218948
2.0495996766209217,1.7785597531461708,3.6453354948993777
3.235626127730314,2.111485406564741,6.831977349802141
4.326554864069507,1.162003822950675,5.027473292254606
2.601443883810072,3.0967906660387055,8.05612713760651
2.1207001077065546,1.3652764555275319,2.8953419262864597
4.737955924763217,4.087958540165971,19.36856738556575
3.198984212741015,4.33053750517157,13.853321111726713
1.930812861905424,3.9285989167631095,7.585389317753927
2.3885740162336417,3.276069388390713,7.825134216488496
3.0037705395365313,1.6656200044294058,5.003140299367756
1.355733751682295,4.460160483041745,6.046790104779302
1.135329521631768,3.3623072684188635,3.817326702633005
3.84281783831977,3.945404759089904,15.1614717876224
3.9680143992591868,2.594009928537734,10.293068748259023
2.8814848692839434,3.806170710353348,10.96742331179489
4.457264871391349,2.502738978244743,11.155370529992169
3.3536245733021595,3.3511670019766067,11.238556007068075
4.02945021051372,2.4526655078162687,9.882893546790005
4.7439300267553985,1.1853429366476003,5.623183949164973
4.1614544506445785,4.173927198784984,17.36960791805023
2.242194794987319,2.51772949786544,5.645239975299926
1.4758854641156027,2.8668302492443165,4.231113092946597
1.1590825520522885,1.590620396107731,1.8436603480669709
2.5621916230804302,3.4225689206581578,8.769277417925762
1.0298121333128996,1.9615313254039877,2.02000875877436
3.951619980481329,4.337849105484587,17.14153119754595
2.807070467443316,4.892887056642705,13.734678757237388
3.928919925323595,1.8988255415866475,7.460333505053146
2.990976616528275,3.2414831646241806,9.695200348260997
1.0595769143174865,2.654869066451874,2.8130379733480226
4.4885044001260965,4.373396789302607,19.630010732282095
4.682129294230423,1.0290989987378998,4.818374568653917
3.4042387047440243,2.726373391121606,9.281225821640389
3.7966651754877443,3.7390552285540215,14.195940775476421
1.2426824942393453,4.603322751915659,5.720468599139278
3.7828666597555753,4.197605901824614,15.878983416805568
1.3360016520394264,2.6761629276255983,3.5753580924344672
2.2831514662451737,3.9759888948762887,9.077784875111327
2.1941230670322645,1.8813416350279017,4.127895078382915
4.365721040243544,3.4240464580764325,14.948431664795667
2.8515867873869083,3.56884129305366,10.176860677552625
1.2508952342177646,3.611037176040084,4.517029194091716
1.9687994688732697,1.5849328870162234,3.1204150261573185
2.777442927922775,1.855956451139996,5.154813119751433
4.789969068439716,2.268127204347321,10.864259152110316
1.9652885615878044,3.3257822973483764,6.536121907309974
4.101594674687915,3.035294343410727,12.449547115043789
1.6997702638562933,1.5234579092350518,2.5895284523544206
3.569343841977848,3.139637095887123,11.206444334249916
1.9023366350314945,3.790631966737269,7.211058060245793
4.087947745510862,1.7457147731708358,7.136390771288723
3.170081455218525,3.256326807610035,10.322821224935513
4.57037381652955,3.080978420676449,14.081223103152206
1.4271255947738823,3.6391328310901523,5.193499606030696
1.7571346214227477,3.8272689163272786,6.725026718373782
4.064991501733685,2.77021931836841,11.260917987106067
2.343869079792867,3.382039459630652,7.9270577160676625
1.2779043680072002,1.2907102418096148,1.6494042558401363
3.812353666189602,2.0343089675974806,7.755505250782639
1.5428811079730504,2.7013495251659254,4.167861148410477
1.4767754317309496,4.4397600527117635,6.556528568625239
3.0113960765122645,4.7615066476504175,14.338782437021532
2.6479615016792812,4.803243951753911,12.718805067418213
1.6959869318748066,2.7212329561219453,4.615175532169868
3.6822672342788594,3.190437859042898,11.748044791356458
2.6619522552562187,2.76774443022252,7.3676035280036745
3.740640925590889,1.2333114412814776,4.613375251256979
2.5312759738204798,4.53586562899304,11.481527687148201
4.303450703586375,3.567311399352307,15.35174875145438
3.2962928647405625,1.5965197692815667,5.262596723900077
4.247320135178452,1.8479722122200495,7.848929586212483
3.504090412578088,3.784461815866294,13.261096365744942
2.446760071611456,3.276679809173159,8.01724932454033
2.550997984104435,3.074559308532138,7.8431945980750095
4.22978413625303,4.061117219463232,17.17764919034959
1.1169070913016514,1.5680964283480843,1.7514180206667673
1.6925753198066338,1.5982118957228706,2.705094010521904
3.518148416175154,4.240407295040161,14.91838220898311
3.973687189537214,3.2916517793768922,13.079994508127331
4.409420883398514,3.8694333596775268,17.061960263080962
4.084044150449552,1.7552435741567551,7.16849225164906
4.925933179556003,1.08752280182716,5.357064653044115
4.679426427090016,3.202260965205379,14.984744587020833
2.6837664603629134,4.093400570018515,10.985731158646121
4.154035491413046,1.2855470542866212,5.340208089388118
2.184079862534008,4.461150668312127,9.743509338390648
4.71496976740286,2.3685392883158225,11.16759113731499
4.98865342082123,3.299100038127371,16.458066690835558
3.938315376003528,2.430160702069112,9.570739259118312
2.3381907044387495,2.4849530027034374,5.810294011888336
4.851982745601953,1.493567189885617,7.24676223472221
1.1637989632502808,2.0840068196853796,2.4253649761563594
2.6400062777895945,2.9493069443046767,7.7861888480927925
3.040139508485052,2.4926368289807654,7.577963704089323
3.058507404856358,2.2571425451387226,6.903487188123109
1.899503524313109,4.206022573238515,7.989354701207052
2.608949170030494,1.0329774751279954,2.694985726395379
3.844591970919462,3.1417502002321185,12.078747594447014
4.110330282323289,2.901813928949463,11.927413665828498
3.873280525341856,3.7422604213247634,14.494824410674815
1.0670196165461228,3.408217987912262,3.6366354505677396
3.7021960074013625,1.7985091467570702,6.658433382398856
1.9647116360516557,1.5289326124470333,3.0039116944135427
3.582849320742292,1.1343530805018105,4.064216163957838
2.5203168125490207,1.865567760008466,4.701821790498753
3.2940027711242785,2.2181829462137435,7.306700771688687
1.8989529066880966,4.697348001074827,8.920042640366564
3.709530601606374,2.532672749605184,9.395027068514988
4.610505398827764,3.1868997615052486,14.693218555942861
2.3383613533338417,2.272728330457483,5.314460094568722
1.2546460128098618,3.8613458406681733,4.844622163074267
4.757652356072694,4.611868702243074,21.94166799712468
3.1961804650151886,3.0213575307678058,9.656803917666588
4.327115436908966,3.496080573530985,15.127944218403476
4.784805271048992,1.2902229409584396,6.173465528726274
4.499480007998212,3.855879872863373,17.349454401191434
3.0815103321019857,1.380154941660614,4.252961712628795
4.909242691098626,4.696179089159042,23.05468286954423
2.7509990942292455,2.110509215571638,5.806008940400051
1.998914416888511,4.755546997860197,9.505931454213624
4.472915175181292,3.480080198986825,15.566103532896099
4.528084580900996,1.8529089035401176,8.390128235934178
1.2375340352446038,4.5765770640826995,5.663669881722165
3.9471350076659215,1.5799180718199448,6.236149930524546
2.340531985134135,1.5283934516175322,3.5772537593803952
4.440390281099972,2.794269981926045,12.407649270513803
1.9717277063578535,1.9964119572400834,3.9363807693943826
3.3212101792253277,3.135753072987542,10.414495025543326
1.5209895313400508,2.780049760414314,4.228426582194588
4.533320338585472,4.7335610779013795,21.458748708386896
1.5440495393509837,1.3765346065873505,2.125437625201886
3.5916521645936363,1.3439522737923277,4.827009093276753
1.902293362538515,2.3992009082703287,4.563983963199023
4.026557174154469,3.9868619614497476,16.05332763323904
1.736776385237592,4.926545580355077,8.556308024757325
4.033140124462987,1.7305295617639205,6.979468212119417
3.0239609216466303,1.5057977588968128,4.553473578807036
3.834744456541878,1.1000157894129625,4.218279450559896
3.0824312874094355,1.023668580364832,3.155388060054558
3.2261690874537985,2.188019156918263,7.058919766806422
3.4177288643628287,4.14115983647964,14.153361505076518
1.913375378645625,4.698709503917708,8.99039507620434
3.302992368758588,4.970780168635921,16.41844896378097
2.0553576787141274,4.694284381674675,9.648433449942843
2.1978395555602055,1.4987432632767979,3.2939972276591294
2.996093525680098,3.911966480015323,11.720617443451472
1.9130223868786653,1.8520093645937643,3.5429353751768033
3.475921180190787,1.9380060905002292,6.736356417308491
2.1982718434360593,3.930237691144699,8.63973085445454
1.7441656562296126,4.799243698621075,8.370676035011261
4.594879730650039,4.9922385052749485,22.938735518458508
2.743289812830255,1.1713580631778284,3.213374641892315
4.771710265285498,1.8456123224854313,8.806727264941141
2.6588802896362114,1.0499984081169007,2.7918200714914256
1.042352101779437,4.693463797814364,4.8922418542775015
1.7968719512390838,2.7401186123377808,4.923642277577919
4.341401401757062,4.130691171591895,17.932988442574572
2.4407451320661404,3.3639846596473464,8.210629182379433
4.385507689547536,2.177035930981653,9.54740781574132
2.552835837329026,1.2870584773224505,3.2856490056468792
2.1868949542238245,1.6320634645331888,3.5691513555606846
4.202907018867071,3.8427786295505157,16.150841274090247
1.2891547478348806,1.474516982296373,1.9008805684905299
4.503806514642303,4.588300357970216,20.66481704336187
2.6794658863953775,3.362109727785966,9.008658321920544
2.314840493539115,2.0731224933803114,4.798947895743521
1.8796825412368015,2.5539771228138264,4.800666208471347
3.3776294839187133,4.29855874857873,14.518938767556248
4.791783951555103,3.6965064456503933,17.71286026308755
2.4096758353198338,2.941023903701854,7.086914231848364
1.922674624819852,3.9152427858624046,7.527737954386631
1.990607975844577,3.775668793905709,7.515876415296179
1.3641271532900294,1.4456139738469966,1.9720012749001905
1.9468594780914725,2.747207317310325,5.348426603987853
3.576799873885985,2.996585356116411,10.718186123845769
3.853796320179161,1.8744677276768185,7.223816831215516
2.666415178753698,3.2180813156991674,8.58074086664393
4.774573123138406,3.19568306278915,15.258022461661701
1.667853991539047,3.317197954202774,5.532601848642257
3.8628374378163364,2.5438597021226284,9.826516493911603
2.620581228177263,3.4121595824277713,8.941841349255386
1.9575042190410321,1.6010965776426143,3.134153305827575
1.778594456986665,2.538781427251205,4.515462574009687
1.6704523469260946,2.0093867405923795,3.3565847967047158
4.911421291333002,4.777789011010221,23.465734674172445
2.5576985952169324,2.684495560064371,6.866130522842734
3.4325527550575803,1.2283091925104253,4.216236102814212
2.7294783030049428,1.608905126291217,4.391471633805304
4.243855543686182,3.3130256037077577,14.060002074669429
4.034347825009011,4.317202025709271,17.417094602544694
1.1869548464463082,3.668234379336206,4.354028574454075
3.5654826808569786,4.514570674637172,16.096623551923642
4.875285193864263,3.4646926969995557,16.891365006971576
4.401699632981723,2.745399261035214,12.084422919686993
2.1826971896309537,3.7147041772959812,8.108074368094302
3.443741135876524,4.255023932759272,14.65320095138221
2.801459048392368,4.541504041273158,12.722837589735194
3.3383008107556713,1.4451109945936689,4.82421520488398
3.2470731067268996,4.122655961523442,13.386565300950098
3.9329124299807776,4.286316254283078,16.857706475298567
2.2832762950563255,1.1209354267203993,2.5594052881195344
2.729287026573405,1.869598091443252,5.102669815882466
3.316410267325381,3.9580757874977706,13.126603180509598
1.032354568963875,1.8163778689095573,1.8751459919336477
2.0866406494886376,2.72975526686537,5.696018302996985
2.944590367607609,2.281151562504783,6.717056918004631
1.7220305772169144,2.991909277563472,5.152159260223267
3.8762918665879553,4.9446108582436,19.166754853252154
1.4208992015490214,2.4161703183349355,3.4331344761285547
3.891406585395711,3.243777134492055,12.622855702718411
4.288860800063912,4.153235746285889,17.812649985669733
3.74237109231351,2.0118691779680233,7.529161053144075
4.66905545854134,4.3527688540955864,20.32331917798373
3.846710572000768,4.56755838186531,17.570075115752008
1.8847528189090017,3.351863985205733,6.317435094716065
4.288037224407944,1.0721881207308606,4.597582573261929
1.973120069111388,1.301416727448487,2.5678514632058747
4.326153572648526,3.41612901076932,14.778698724567967
3.355408006420301,3.1899635475189383,10.703629227533952
3.0506129899764027,2.332220970305814,7.114703587510286
3.3159333265286506,2.040216230336339,6.76522099149692
2.5743828757984253,1.5369974617180833,3.956819945592679
2.0818815048569617,4.4817703797769886,9.330514862673473
2.841574718158671,2.650883263322934,7.532682861848404
1.5522267896096258,1.9981328248535535,3.101555299936044
3.4785527218537875,2.285988708955296,7.95193224566347
3.187436549818474,4.541544378002936,14.475884543069164
3.6923136595248724,3.0201819053798205,11.151458903483768
3.553066561579285,4.400184274967264,15.634147612173178
4.695841632273686,3.27325098419569,15.370668244466936
3.0685875792507575,2.7651247624227304,8.485027501049093
1.0499041940382106,1.9921551521849357,2.0915720494537937
4.521326832843426,2.477560558664109,11.201861033882587
1.483903599385016,2.9648359279417424,4.3995307050587655
3.916777871008298,3.6558849184830926,14.319289147667552
1.7896959781763866,3.425009613721541,6.129725930892901
1.4931987459348863,1.0294248564040651,1.5371359046167505
4.818982653047434,1.4018866045271925,6.755667228756109
1.1428429597053356,2.6144740225140723,2.9879332299626964
1.1207979639946188,2.4899761714630855,2.7907602233709423
2.793353510804168,3.394694085732332,9.482580642486555
3.342810481830271,3.1833051817663924,10.641185928473313
1.706440303766227,4.054158401644567,6.9181792944187555
3.898711718806466,4.954381647171254,19.31570578726625
4.756808639693935,1.236153994301536,5.880148000085714
2.9939215960247214,3.579955979784201,10.71810752069376
1.487046864586139,3.5389427245181113,5.262573682444586
4.373923820470487,4.3118623710252155,18.859757535217543
4.7716371327118345,1.298547862683085,6.196199200182197
4.331289682329771,3.761851077176308,16.29366675703488
3.2587616126419476,4.92375016487455,16.045328027532644
4.358984198072601,2.118493354027676,9.234479053928466
2.507534619205338,2.259011449276376,5.664549414241736
2.998703985039437,4.326664857181083,12.974387149159
1.3252096464973881,3.795730404397431,5.030138547410908
2.2966208133316797,1.9739562976673533,4.533429117829988
4.662605224802789,3.1209441976567276,14.551730722312206
4.4138094865192254,1.1292130281598092,4.984131175992867
3.376626005470644,2.7262875144927636,9.20565331982619
4.62146219119342,2.016637904183856,9.31981582751323
2.7077108608234286,4.682156795033225,12.67792680598968
4.750442868806496,1.1333638993774642,5.3839804535603975
4.783483202769212,4.37486412213182,20.927089042615233
3.2798713258565164,4.845477555600198,15.892542894694413
1.2008127453002748,3.313504185653472,3.9788980577384976
4.538647751446257,1.6059540963276877,7.288859948223566
4.645553314637884,1.883055044272984,8.747832602567948
4.772214413500166,2.3550464463550744,11.23878659575803
2.8880787016456737,2.1299805414134876,6.151551436576014
2.1651727068822084,4.752916832928679,10.2908858047382
1.3500518990666426,4.604178275279956,6.215879624183084
4.51733929479313,3.266265165628804,14.754827979908988
3.8920811015782575,3.859924546057775,15.0231393792295
4.207222470784298,1.229608865364436,5.173238048636839
4.076265335418124,3.369223087514374,13.733847278925266
4.269461840050335,1.1408783925635704,4.87093676118813
1.4439586634919053,1.527092562237672,2.2050585351971383
2.3531123395282587,2.275393084700186,5.354255544885277
4.256681798365254,1.0624520397653816,4.522520259305337
3.93710444802284,2.9302539524245974,11.53671586992739
4.067025431941952,1.2120132882705694,4.9292888672479975
4.038442876764373,2.1743629404620983,8.781040528409598
1.2676801389426604,4.323642508022607,5.480995735308491
4.304294294333005,1.8971975533240895,8.166096603995415
1.3436505957927807,2.5797578961150545,3.4662932341161232
4.289621358977522,3.2227709670198834,13.824467175221134
2.26835314566505,3.4830185962071085,7.900716189116261
1.8484964547780085,4.72794858040586,8.73959618925295
1.7836237218210877,2.8015625715288595,4.996933460744962
1.3089054176589756,4.971067042161245,6.506656583030833
2.993052029258269,1.6868685196214677,5.048885245744926
4.138409722090731,2.8941196026373053,11.977052700447588
3.6017647020807937,2.677725242645494,9.644536260831268
4.96817389616627,2.4173963155336056,12.01004527152258
4.084107006664848,3.435326382137398,14.03024054746795
3.9131573828225785,2.6529957437366316,10.381589881199877
2.6452847173049245,2.624649614106994,6.942945512477499
1.4832366225227345,4.759230644194324,7.0590651865014875
2.519033226198074,4.7823271111810115,12.046840891612819
4.438599850825161,1.2376604701367997,5.4934795781213985
2.3433868092552173,1.8830815050810767,4.412788359759457
1.4900656091491187,3.8790503630105815,5.780039542079472
3.1254200313488503,2.037740296228963,6.368794340520741
3.429790231610001,3.1153552536045233,10.685015016807691
1.473254197882957,2.0939994743310457,3.0849935159229185
4.065242343932857,2.53372471394591,10.300204995002078
3.0316116175222962,2.493442992117595,7.559150742533257
3.348550685074307,3.0311751584940736,10.150043653555551
1.1536108844842548,2.2548300755287687,2.6011965177924417
1.863160593689949,3.3510875429158418,6.2436142559660714
2.7618754070654092,3.6945481675762943,10.20388172424754
1.416354514343496,3.3420984124930984,4.733596173914831
3.919514711825346,4.919568181611611,19.282319863654575
1.8671123496749078,1.8608061516966616,3.474334146183877
2.4451191110310684,2.4386798651756827,5.962862744027731
1.1335776474950858,2.376811314428715,2.6943001783498057
2.012406129221089,4.314144005512087,8.681809839034944
4.396216640394886,2.0896140932672767,9.186396248825274
3.1340673760365094,2.3382122662708924,7.3281147819679955
3.9285202913428554,3.876214822068947,15.227788582101795
1.830350614309249,1.7520683286459402,3.206899341648876
1.7847120751906997,2.5497470561189015,4.550564359737343
3.3353067358594255,4.464661685295319,14.891016192298972
1.7680071578313346,3.3417774546082533,5.90828645962677
1.7908919063803799,3.596602355762054,6.44112604940287
1.396883338992871,1.9442404752955431,2.7158771269359248
4.038235567229856,1.0229895769923516,4.131072894715939
1.352722710949692,1.0888802610734114,1.4729530586588335
4.555907509859907,2.07349077275793,9.446632183233076
4.482214162959047,4.830347724673262,21.650652983547502
1.6450474547871545,2.711456534395243,4.460474670672893
4.869576561425433,2.216878631679552,10.795260224351631
2.3637110807835935,1.973745979830202,4.665365243176719
4.555987453371268,4.970287909792805,22.644569356658923
1.2890981335995577,1.8905790155546849,2.4371418803740337
1.5750842880865985,1.5559887868697952,2.4508134906375414
2.7655834828264356,3.0903053494768824,8.546497431403441
1.1906881066102804,2.285350956234366,2.721140203018691
2.078054620461795,3.5924107760584847,7.465225811785078
3.3953460622515896,2.0877503633474963,7.088634975156247
1.5265156798621122,3.9725172747673603,6.064109908455483
1.497872169500872,3.3508680959113613,5.019172064534007
2.604746319648302,3.82374043366308,9.95987382187431
1.4124813497223778,4.053024630115539,5.724821700003638
3.6113645187863503,1.7111499594823796,6.179586249997366
4.1617024420588935,2.4711230067319616,10.28407865174432
2.8953567109003,1.797046417545121,5.203090404838609
1.2612173103516127,3.555971588915419,4.484852923058655
3.449228766250288,4.754987808798772,16.401040733278148
1.9593378956883445,1.6471827328563817,3.2273875496089994
2.520139135162499,2.5384544802946336,6.397258478619088
1.7711183833806512,3.0610093029780217,5.4214098482035675
3.5619074670401107,3.617626480387844,12.885650773455497
4.275703857693674,1.6630884626938611,7.110873755625985
4.434172214364068,3.197022024887379,14.176146231465566
4.087234685417641,1.6426304091876167,6.7138159837534
3.18642994019366,2.0506169115480053,6.534147122824018
3.223299359934898,2.3909463295852005,7.70673577379067
1.8120129258782107,3.560050596304955,6.45085769728501
1.060780125796068,2.1169527591709736,2.2456214141777187
3.2369996860923522,3.9680562319132595,12.844596777100023
3.7906172537728486,4.9542882488853,18.77981051638869
2.5840900628836763,2.174228153566182,5.618401366072294
3.571697381509321,2.351337419615685,8.398265704686224
2.2999808420148287,2.670990880446456,6.143227854223168
2.4116387468374962,4.514074482554161,10.886316928238037
2.517071928747634,2.089884851501314,5.260390494028875
4.3854658901701145,2.7189332537759743,11.92378904208378
1.8142054125315092,1.5763910593066042,2.8598971920603207
4.871495379462351,2.4604084135013413,11.985868217962077
2.041100772999735,4.232863300839467,8.639700555345646
2.9627026056096253,3.270131572229288,9.688427329730013
2.026795072493056,3.1394719325694482,6.3630662431620095
2.909724257631907,4.374680114588512,12.729112848798124
2.5970659300371004,1.3719342037033133,3.5630035786904544
2.4991170130471962,3.903247340686328,9.754671835240428
2.1980556741509205,1.1431250712232264,2.512652549066388
1.0878914865000628,4.576844396647265,4.979110054148076
4.2303120785672395,1.8209957048168417,7.703380125105749
2.8040030085696164,3.3830669880372444,9.486130012648983
2.0390426101466965,1.4492775494033117,2.9551386771623367
1.7529374882450206,3.194583524777923,5.599905219913137
1.631632411294326,1.7833512916377638,2.9097737681597753
4.796109345612714,4.2252220151886934,20.264626794335076
3.386779219337491,2.229344542559916,7.550297769485368
2.0496903167427383,2.141259804780326,4.388919487488681
2.044999345405985,2.5212184258224557,5.155890030432429
4.973897500954011,1.8937599048770943,9.419367658275085
3.5787347953350284,3.380424672382873,12.097643398065602
1.6529971351100392,4.503648993914718,7.444518884482239
4.187339844002901,3.941645102693316,16.50500758942663
2.747640126475408,4.1341063762367,11.359036566465797
3.6756214879565463,3.6181270683167592,13.298865598462303
3.3511184270077483,2.206374335674493,7.393821693155773
1.5706231039960192,4.821490272746533,7.572744018067772
1.4929951319771817,2.9319631195094567,4.37740666456425
4.021237619448834,4.155461731359334,16.710099040322138
1.9586231193625414,1.8641734118364295,3.6512131429237793
3.8511997931287896,2.756871470124656,10.617262835426738
1.0922236529982339,3.0824660394668815,3.3667423178695155
4.903525501095801,3.1784209585131924,15.5854682232868
3.0019608731126253,4.737292017228253,14.221165280227995
2.7148475554550253,4.005395127636657,10.874037170895846
4.179926668320649,3.906552732883054,16.329103949378787
2.640625224575065,3.4070753703105203,8.996809164870392
3.748637350012545,1.6770457726931824,6.286636421198312
1.0961894224999873,1.489528526660767,1.6328054154375231
4.6706322154038205,1.7832082490914378,8.32870989498031
3.1926245211429713,2.479554150867911,7.916285383562731
3.914517726011168,4.741338953874342,18.56005537996836
4.766991914486448,4.286319474782102,20.43285027919208
2.6812435309690765,1.435458685351652,3.848814314072492
1.4172494613720068,4.394777563131943,6.228496134198527
1.134960531015651,2.6370504735330456,2.9929482057561394
2.892854251769933,3.571134924770049,10.330772850765136
3.3012006702959167,1.7060939107492628,5.632158361753248
2.407476197550189,1.6552195802234801,3.984901741107044
2.9520256271255585,4.316650315672016,12.742862355203423
1.507039118313743,2.7979765164280366,4.216660062380266
1.64756470506719,4.109864104685753,6.771267041502814
4.614111928035912,4.071904119004833,18.788221365318762
1.7081339571264027,4.7810146405438045,8.166613457031355
3.1490955207384963,4.662274254364307,14.681946970873053
2.3126976412846565,3.6047621696266026,8.336724967087605
4.796512033672457,3.453213152775983,16.563378442126005
1.390215849038749,4.405549966409577,6.124665387034723
1.9208701175371066,3.919108553956281,7.528098508678681
2.196910291675846,2.736203520495213,6.011193674295615
2.444964718270107,2.0723900674934046,5.06692059751478
1.3858195538588407,2.4110851606644497,3.3413289616676787
1.6186889176496697,2.187145240318351,3.5403077617935383
4.462338247082236,2.712473931867507,12.103976170385913
2.923159637404494,4.943994799191925,14.452086044535573
1.639750141014817,4.634956593705518,7.600170728126179
4.668714160717729,2.163242025099502,10.099558675641742
3.8943513928659725,1.8517676364555635,7.211433874294854
2.0160439254655524,1.157423108138452,2.3334158263559854
4.506131004436343,4.911968736098784,22.133974614556724
3.9518078315369256,3.3302567064292785,13.160534533495591
4.978745546645516,4.863311430584462,24.213190126972624
1.3153597914158457,2.79736406153819,3.6795402084990565
3.4779627663604686,1.5709417958693335,5.46367707415299
2.041196654213037,4.969579672218683,10.143889399777896
1.6102871184635559,1.507098673178306,2.4268615796725426
2.159854693923668,1.2903496788627509,2.7869678106946103
3.907247076615958,1.5379696045234117,6.009227241198301
3.514866724160285,3.9696921468932143,13.952938832275361
2.2548643280348575,1.5294789421108441,3.448767507046233
1.4185672650853212,3.284626159265947,4.659463147577597
1.4952680327813956,1.9690454150151013,2.9442506641668573
3.4408356589119924,2.5148448615811123,8.653167876359884
2.900326336431722,2.4063724734372913,6.9792654599745205
2.483517392291984,2.857802885163441,7.097403169045618
1.386994686695859,2.125661500736022,2.948281207234808
2.973409946948642,4.482293618335567,13.327696429903394
2.0588399812693132,4.925048184617973,10.139886112169332
4.494423012590723,3.065474605970804,13.777539613587662
3.7760056348672646,2.948892142179183,11.135033345484393
2.6697319136095308,3.3817034615860173,9.028241653760013
4.678054707223536,1.3733683170981172,6.424692120552513
3.236199378439557,2.228782675648351,7.212785109610046
4.316577743432494,4.016682641809412,17.338322894066142
3.3734985257624484,3.3761351580819237,11.38938697856414
4.772997525676766,4.328498961773475,20.659914834439245
1.3553047159695293,2.3516658698978032,3.1872238438570784
4.112004320670989,2.326921273749632,9.568310331519728
1.1658018621120858,2.8541111727106667,3.3273281198210043
1.4291414640166686,2.152775813893428,3.0766211783673287
4.232512701223693,2.1180712515908113,8.964763474454873
3.904614152638087,2.6032268261182323,10.16459630778838
3.3791509736070764,2.873902766662488,9.711351332019616
4.665746668698465,3.539054836829494,16.5123333152784
2.5816157476947614,2.470564292939812,6.378047684345792
1.021825222508241,3.923557095483312,4.009189602116023
1.2866164697283762,4.066193738471114,5.231631833023332
3.896074258343377,4.648022895673194,18.109042356022975
2.0374820480233544,3.903234677665619,7.952770584965923
3.3406325999728246,1.7119136393787944,5.718874512046923
2.75848723172848,1.361176121272052,3.7547869506626523
1.928550516690021,1.203515895528374,2.321041202165899
3.973876646137512,2.0418320539994714,8.113988714723487
1.1218161220731488,2.3484523527749026,2.6345317112635036
3.7464126683945267,2.402852813088007,9.002078219240335
3.996665983109029,1.0301770808141009,4.117273695468278
1.3340588390729757,1.6785069429591073,2.2392270236999563
2.118013970354874,1.2103746126305057,2.5635903389142802
4.695836877931805,4.943428990226321,23.213536155741945
2.8540143287720916,2.472568252526483,7.056745221577554
3.3330275120518293,3.7735942114421452,12.577493326056198
4.095338213310154,3.355605012545245,13.742337436651642
4.421247774600422,4.093884975906487,18.10007983919666
1.411985220000052,4.262994849367098,6.019285720242691
3.130844663685272,2.580063543893083,8.07777817836657
1.8257499679138531,2.878255094170182,5.254974145829094
3.775081655144414,1.0368963894979482,3.914368538279181
4.776967009207377,3.639613084921797,17.38631163295091
1.1873742159553293,1.8943360725345109,2.2492858088815626
3.582750719613567,2.4863151084544595,8.907847244001298
3.566849542615724,3.1192979727428245,11.126066547359898
2.6588356780222897,2.7593669872468545,7.336703394448813
3.5085788156551385,3.389843876997452,11.893534415211542
2.559489093983781,4.837747184165467,12.382161157322258
4.947991991258566,4.004840269435972,19.815917579438988
2.9194862085651248,4.518421556975054,13.191469420072027
4.299596776556979,3.2879258426549587,14.13675535463765
4.718827775526593,4.703230635415303,22.19373535710532
3.9648206105410524,4.061974619912556,16.10500069252396
3.700311371820885,3.5918460478272007,13.290948776604893
3.81549196043296,1.8465822610604445,7.045619771354244
1.517100667400531,2.055488907655912,3.1183835936391726
2.0887486808117606,2.0582297969766365,4.299124773242407
2.8298236979329063,1.9899177573646702,5.631116426728047
2.695595745568254,1.8142706117132694,4.890540142243803
1.651006949369684,3.9168848542396306,6.4668041142304915
2.2912940467586633,3.0443479032777354,6.975496227042494
3.859564938190423,2.2074859596290235,8.519935411331819
1.2159990172545072,3.861124256507761,4.695123301410978
3.5320240618015104,3.7891766888541683,13.383463239450297
2.4621578302044376,3.5725477172250266,8.796176335744589
4.741799536007139,3.9874648147957177,18.907758808643127
2.1591926479385632,1.8367979500153857,3.9660006294218455
4.875775563879591,3.609657287390188,17.59987879583697
4.41091674280983,3.056537318474068,13.482131633080328
1.843225990345605,4.807003317009679,8.860393449589774
4.588289015721255,2.1991287685847896,10.0902383730542
2.2427015569410336,1.134908143078944,2.545260259468205
2.76924760104602,2.180593032082689,6.038602022952653
2.735457534444169,3.5443397885377417,9.695390979185818
1.652860042941544,4.478453751103663,7.402257259360919
3.0435207695014967,1.510981103676171,4.59870237136272
1.2083433369169425,2.203102962755349,2.662104785587401
4.876800584633692,4.988294415324118,24.32691712097764
2.6866184344055126,4.593514329226754,12.341020275606471
4.335150378585875,1.588807665081902,6.887720150779948
2.2301842126160514,1.8369095768984391,4.0966467384021295
2.1485079383976817,2.39967979606557,5.155731091459407
3.416011249142524,1.6182514193569486,5.527965052464193
4.088362415920941,4.7340042438534855,19.354325027380824
2.3136921630148706,2.962647024625613,6.854653202655605
3.945553737974154,1.010008469197146,3.985042691026353
1.4231332927540974,1.1376557010115924,1.6190357038010985
1.2941471250297885,1.6790033731802736,2.172877388316568
1.3588904320399782,4.609831705351971,6.264256197717329
2.1294330574416707,1.4935293423301732,3.1803707538169883
3.085946463010122,2.430951417767461,7.501785929408938
2.199548474742949,1.8686525547794322,4.110191876689615
2.202119376435258,4.303921694629887,9.477749358404544
3.011397062599135,4.63342452205171,13.95308099548132
1.1670904597023988,4.300098526852638,5.018603966470053
4.327153631210399,2.8430712086900214,12.302405904472764
3.275001004408312,1.8759635818367868,6.143782614748892
1.4722069825269846,1.7656495390176201,2.599401580037292
4.910302589528898,3.5548786368196077,17.45552977583628
2.152369299959352,2.9891935848523903,6.433848503671724
1.930198389107673,3.234262096763646,6.242767489125195
4.4698720970192465,4.445915304479924,19.87267276520564
3.9949208997673322,4.805830380953282,19.198912229607064
2.973178818513913,4.619910606150617,13.735820357634786
4.512317654364381,1.9573123459928752,8.832015053929014
2.8531585372465993,2.6786654140327175,7.642657094474645
1.105766713922371,3.2693424389102543,3.615130045360742
3.8872902534002645,2.955340730194284,11.48826721596106
2.0546832460535804,2.0234677677159714,4.1575853212554446
2.293214751011518,1.9984251515119769,4.5828180362396935
4.719137429694859,2.118793822133361,9.998879231835776
3.4876465777190604,3.268080638245422,11.39791025368657
4.055243949999317,3.227769121719918,13.089391202849308
3.1343232896383983,3.9001079795676943,12.224199272463583
3.3619393507870448,1.959377468090504,6.587308213018953
4.066902441134777,4.723340641329436,19.20936558453379
4.7851403074964995,1.8486652405994501,8.846122557860143
3.839508000873195,3.7398006998919686,14.358994708906389
1.1125549306516875,3.427570119071353,3.8133600361272255
2.427976875706239,1.394607747684303,3.386075362058249
4.094437741345176,1.771074389953034,7.251553824953585
1.1334912156046393,4.270494993215706,4.840568561093597
4.519833782616612,4.725139363241405,21.356844521550048
3.690253656331518,2.724467202959247,10.053975057275665
1.9485902207243968,4.720487225188066,9.198295244055908
2.745576025767856,1.0068927035028996,2.7645004672581432
1.1162820444383983,3.1984993467245766,3.570427389896592
1.282078451385368,4.352732622823517,5.580544700364146
3.201077795820228,3.396208482632638,10.871527563731647
1.9077494522464247,4.418196863930512,8.428812647080306
1.7158375176808085,1.741863836088715,2.9887553206524315
4.785642131979165,2.047508673132199,9.798643771734207
3.6117616714008594,1.3715938369267615,4.953870048941718
1.1731423750907792,1.3860781206819426,1.6260669785581778
2.185064264882107,3.819704905731684,8.34630069190918
1.7318116567935795,1.3518722099111313,2.341188051619394
4.832835311777288,3.9535337358579596,19.106777444957128
2.2249661378964225,3.996295766114979,8.89162275662467
3.434839639933174,1.2445425384215034,4.274804044553235
3.0792691501071547,1.465744811406167,4.51342277969264
4.6284430635710025,2.2287645355988204,10.315709755125408
1.0200618855470371,1.2577295509443425,1.2829619772445142
2.3039573943484433,4.264936844328849,9.826232778920568
1.6975261814012415,2.8494096996078815,4.836947566623025
4.127080174538966,1.0401915461122675,4.292953907682974
2.5562406401231055,4.053805261969481,10.36250175779128
4.347954762596615,2.6623408585342414,11.575737615519515
3.112690341421449,2.7579856356304684,8.584755249806054
4.800026267366761,4.434545268284191,21.285933771591097
2.7700241317314704,2.812722046371743,7.791307944302852
2.400540682687923,4.201622405100763,10.08616551673746
3.9459900613803254,2.6058704829021098,10.282739026776074
1.7333180197120663,1.3171243575397922,2.2829953831254004
3.562739423940917,2.395708307340557,8.535284434824966
1.23821138186011,1.2613731126097396,1.5618465448056937
3.902289979340531,1.830154295139724,7.141792766570778
4.096744462911303,4.040751539417536,16.553926495109113
1.5281465540543304,1.9618662090181451,2.9980190868267114
4.533942103463927,1.4002698309189618,6.348742342613795
1.3632631010948693,2.3562814401142878,3.2122315431024884
3.9813626508347246,3.293491122806863,13.112582547198965
4.659662254672531,2.02061541083766,9.415385361089875
3.5804777268357846,4.084966195988253,14.626130479613042
3.2685594415580894,4.968769334083469,16.240717919842826
3.879418915208173,3.5942259557049585,13.943508158093989
1.8863311970007306,3.732562449926607,7.040848994050036
2.20755745291261,1.641907022454244,3.6246040844084186
4.334069266653039,4.316085666519334,18.706214239503144
1.3619840171147932,1.221567199881053,1.6637550020696659
3.3493563010412557,4.656402548436848,15.595951215791517
4.541914367478901,2.307556035272728,10.480721910367851
1.3280595984191197,2.028658510088949,2.694179406238259
1.6800659673600626,1.4218302435018186,2.3887686034706763
1.4139869238735416,3.174089445440565,4.48812097105798
1.426143223976141,1.2149310822300858,1.7326657305204365
4.209671014965353,2.9580019120599848,12.45221491141101
3.5026226463532915,4.255918179717171,14.906875397304042
1.8947620444413138,4.032477729555065,7.640585747015823
2.7231106893181076,1.3972216813758518,3.804789295901601
3.306938090528683,2.932827093824995,9.698677629504415
3.7942158731476745,4.498028196904319,17.06648998256018
2.434350205043271,3.7922887852959457,9.231758982068483
2.4385502800447774,1.2364456293840336,3.015134835794576
2.56715582743338,1.771527440482926,4.547786992293884
1.6502561644512102,4.698166468248878,7.753178175845682
1.1678511332010655,3.65685396286397,4.2706610444814945
3.48069514457279,4.120991422933086,14.343914836629306
2.8403136776732585,3.1982939129251324,9.08415794610038
2.1318651569777933,1.435156719749079,3.0595606056356055
2.7936878301232517,2.9427817403888885,8.22121353483336
1.3796148525921983,3.116897038909366,4.3001174488800045
2.5440082361422376,2.7819656726897724,7.077343583987761
3.4714352249635727,4.915854856537364,17.065071709792058
4.72456363494906,2.151873096050472,10.166661376625306
2.993154686457268,2.016639585244418,6.0361142254695705
1.9822065688457888,2.7894490693980014,5.529264268821491
2.7791287754319884,3.0790202737211962,8.556993842837054
1.8598625196301812,2.2805359232302256,4.241483288286109
4.632088980214269,4.957873067127997,22.965309199544713
4.723117453164172,1.462246806909334,6.906363414547056
1.2094718256911108,4.92545812740176,5.957202833713726
3.9896508498682173,4.666478079668649,18.617618236441434
2.756844272436728,4.731963149284033,13.045285505485346
4.302319992717899,2.5329793817578006,10.89768783527881
3.3610052078545154,3.427229636852144,11.518936657973395
2.2500191985749645,3.3265652297616164,7.4848356322755745
1.1021397240747444,3.413215320693419,3.761840191756735
4.520634090735616,1.2390412424677386,5.601252080527073
3.3785815330858076,4.254228725620898,14.373258609905935
2.1922818789486254,2.4688276063773333,5.412366023709137
1.4588767001129779,4.664275451116437,6.804602778542718
3.2198972845649685,1.7405674982298742,5.604448561152412
3.8050055348650873,3.312194886956958,12.602919877423068
3.484380435570073,3.3943689968885993,11.82727292386425
1.0661689966164531,1.1099950248854453,1.1834422819313701
4.561367942944496,1.7630579771046917,8.041956138317913
2.7405196599077124,2.927552192230164,8.023014338212688
1.288821556589565,3.3867514026762238,4.364918214579063
3.8448901761298973,1.3510071987571624,5.194474306382185
2.889421920235208,2.2373587244160773,6.4646733417572975
2.5416280662249453,3.165947969682891,8.046662215953917
3.208095735646363,3.7150846192785667,11.918347124672962
2.3070627721713257,4.344667776696339,10.023421285068485
1.9532611521861813,4.04111682930325,7.893356514123834
4.630689203639439,4.128387204513807,19.117278056385288
4.2182853811683465,2.1218389204041186,8.95052209913472
2.331825241545541,2.291011538014323,5.34223853301387
2.1612808297813904,3.5146262547333165,7.596094348201483
4.023212026246506,1.6943011097221463,6.816532600716941
4.089049183765914,4.635644394357538,18.955377926976723
1.0243411810365792,3.8988150801022927,3.993716843795208
4.4047746528547025,1.2315666244806267,5.42477345081409
2.788075824311249,4.003526053876378,11.162134202812945
1.386994945762043,3.0912034102643817,4.287483506359089
3.4828538991528535,4.756542928821171,16.566344086132748
2.2831406667051226,3.0177111800685275,6.8898591155851605
4.716341351720137,3.3043872030153234,15.584618007676013
4.2151824168560506,4.357022534412548,18.36564477690136
1.6717806807503988,4.678512432704912,7.821446699646622
4.094352408625869,4.56556010072803,18.693011995141973
2.0130480328138547,3.2578735703287083,6.558255981906456
2.1504138500220566,3.5065495193276552,7.540532652150375
4.935320771867502,1.0052182518355632,4.961074518544393
1.4597790246938809,3.287575896374742,4.7991343356170315
3.978429271766643,1.7412336146994867,6.927374781704478
3.9800720580350544,3.3255371317065263,13.235877415863186
1.8376387576100819,4.95606942681057,9.107465264113488
4.529325246728488,2.3832973554162957,10.794728882348267
1.3564174660311625,3.9107239345509712,5.304574249651046
3.867452072194726,2.92531056396808,11.313498402431472
1.0013634498894435,3.7422110015669987,3.7473133187433594
3.843528004178693,4.3531985792897405,16.73164064725102
3.474201840598558,3.8625982335705573,13.41944589256357
2.5157107223868205,2.1279887031046267,5.353403997518334
3.6002528964635365,4.415509406381608,15.896950529687373
3.665582290252269,4.91457633277224,18.014783969502865
3.4489365132952523,4.644486894869283,16.01854043723596
1.8062553219677735,3.3871714765707908,6.1180965059734325
2.231565440342229,4.5337462854649555,10.11735152592355
4.497907887459457,1.6310240125071034,7.3361957704914715
4.342065544239141,1.7858744136660571,7.754383757917664
2.346015045978064,2.029029989168924,4.760134883331004
4.953807871148765,4.086739872495559,20.244924147706
4.787645838779688,1.9639929269285008,9.402902564001977
3.849005695921995,3.881330392342596,14.939262787881804
1.8236632212650234,4.347594840930132,7.928548812365841
1.9256725957847873,1.8073339034394889,3.4803333692861727
2.908442170063873,3.1971126698595027,9.298617311464875
1.2993532945764468,4.3518772783047055,5.654626079157599
4.592286871222651,1.3016569954293953,5.977582330945534
2.632894770018892,3.37465010806189,8.88509862015984
2.428163459327401,1.7768801699592331,4.314555500298472
2.8133772111961965,4.5523115185499226,12.807369484554304
4.691707071370707,4.51359026569742,21.176443366842573
4.64382857428001,3.4228426891085544,15.895094684947734
2.025909519234138,2.449746484970087,4.962964723611268
3.196278864447074,4.114568016508039,13.151306787494564
2.7306733673304655,2.120074327414734,5.789230502632463
1.1836736810315682,4.269088079773029,5.05320720203293
3.09830285918652,1.8016213198447906,5.581968486446507
4.070220639937077,1.511693703078962,6.152926911534902
4.0913284176536795,3.7523622723912333,15.35214639836579
3.9358113826133736,3.866052036596327,15.216051611411439
1.8136453819238323,2.188005755946329,3.9682665348948234
1.2928338370762442,1.9481184703856362,2.518593477147766
1.6761914955482728,4.709635454442228,7.894250895868688
1.0396597517758948,1.2178083407843503,1.2661063172904718
4.023145835964118,3.366619462765585,13.544401072901119
1.818264760757121,4.212000082976732,7.658531323182661
2.741757743235866,4.829183491106144,13.240451230247082
1.3704452111187826,3.9692580126217663,5.439650635092356
3.1534960741748166,4.238385694245837,13.36573264764295
2.633769207003294,4.7075526027244035,12.398607085403745
2.0925249476543497,2.776690215940634,5.8102935487635206
4.8001071282665055,1.2668289925864644,6.080914877608964
2.241667194804388,1.9858627950414873,4.451643481027052
3.6786897338879694,4.981821622496764,18.326576058739953
4.855110870327735,1.7511642385304356,8.502096530218308
3.791945770752753,1.9741486495032268,7.485864622321019
3.7495487742709512,2.6143373032429884,9.80258523090557
4.133557916868135,4.49437817514144,18.57777248725526
3.599750663832191,4.1768979094427925,15.035791022275983
2.6366203233093,3.366204242003447,8.875402516876266
1.935958373878222,3.0035066515167372,5.814663853002767
4.826699871748662,3.7520658577506993,18.110095794397836
3.58292331413531,1.6832248442356188,6.030865537343574
1.0278918619756339,3.34810369702979,3.4414885432274542
2.5039502889676717,3.0020258900196453,7.5169235948031226
1.164768394111384,3.309009202150682,3.854229334488842
4.429087608559994,4.222711269981141,18.70275816040011
1.883053653186376,3.602682164306358,6.784043810766487
3.156428597860575,4.662702706456132,14.717488165980036
1.802514341208958,3.406789824900424,6.140787516867769
3.5535052289145903,2.044283476988972,7.264372024864011
3.607529098772399,2.581707999204484,9.313586731663646
4.059071383473645,2.4591116273671605,9.981709635413347
3.103199530911835,3.79097259525106,11.764144379282712
4.3302117876481665,3.6591692098586583,15.84497764552919
4.047675549991639,2.0960622474317385,8.484179910189972
3.0670348558712357,4.708604283985065,14.441453461486818
4.40946354142728,1.1860375152781781,5.229789182384127
1.4908431828848263,4.49368271344353,6.699376239384675
1.560986119607903,2.6253192140364607,4.0980868526508445
4.95952890004196,4.808914242803134,23.84994916500554
1.523149826869843,4.54836190693589,6.927836651090789
3.522737263810911,3.358378865404784,11.830686375156441
3.556049600315224,1.414093744644707,5.028587495452069
2.5483102238536923,3.8805087259384683,9.888740060062464
2.742607230301096,3.864817358526828,10.599676031288862
3.0680735434461943,3.547231997762,10.883168644799383
2.906876228352581,2.040507934031239,5.931504007200244
3.5217070073470347,3.651146629640556,12.858268670456654
1.2540889932386396,1.7440283364002647,2.1871667405758677
1.9182278844462592,3.9384366751044473,7.5548190513111635
3.2674934415410872,3.3437298921623446,10.925615492925347
3.250498893047077,1.0169324109504774,3.305537676098222
1.9661892313237521,3.183678217444898,6.259713827140158
1.3718624095300944,2.121504409163192,2.910412150583336
1.8382059546703684,3.192050439627886,5.867646125732148
3.1185980995096614,3.4786086132504934,10.848382210220928
2.528454308458343,3.539056610476165,8.94834293463644
2.1832639710986497,1.2591731310585996,2.7491073304157188
1.1937267654735835,1.9195272595048678,2.2913910667271176
1.210544197669409,4.187189011266742,5.068777362134064
4.250689434728505,1.335633227512902,5.677362048861426
3.1991799308636426,4.383834996319422,14.024676940442784
4.733576533754665,3.930658158116184,18.6060712194701
1.9828490520728503,1.2766542623900987,2.5314126940049713
1.5553535200289619,2.928182091179108,4.554358322801192
1.120220067162113,1.821425593543729,2.0403975007303474
3.37398711084305,1.6315283210033766,5.504755526040795
3.3741778088000998,2.9883027448317483,10.083064807587713
1.8608494945648406,1.9948778816247543,3.712167497740004
2.6344161966849087,4.7575789910530055,12.533443151037885
1.4789330530682463,2.350198900636474,3.4757868354359367
1.5898737109579035,1.504544006357273,2.3920349626867092
3.5245820073803076,2.070682698164751,7.29829098094519
2.262059782626644,1.8862813710577275,4.266881228187532
2.2088004752356367,4.128347473148661,9.118695860628604
3.400285119977794,1.8456674403729196,6.275795533927541
1.9867185019155662,1.7255844038564887,3.4282504617586285
1.064125942936561,3.0893686921880543,3.2874773726533038
2.2220500532601863,2.94576409439801,6.545635262849043
4.496011231707943,2.206675332431217,9.92123707934361
4.502939318077641,1.599607813816502,7.202936918338546
4.674573003151188,4.553541531616155,21.28586231242059
1.7731130984975265,2.3876740214900853,4.233616082446335
3.679382114358277,3.2909159865476845,12.108537420759275
2.968818382605881,1.8529188810781765,5.500979635622411
2.0526745911978317,2.095328879503273,4.301028351159392
3.574790885934892,2.935393558916441,10.49341814104648
3.4400842997088295,2.554989509682532,8.78937929817964
1.5793547300693107,2.5078799290409224,3.960832028376668
4.043885998847614,3.249069040659035,13.13886480281032
4.642564944663079,3.834744489448271,17.803050338452458
2.2359543462400415,1.102394800627445,2.46490444573536
1.3966847303639702,1.3277774421487445,1.8544864787708812
2.4539901978177165,2.4770287477322417,6.0786042666476146
4.396480520769414,2.002746851980928,8.805037522766415
2.849080263557088,4.565023834979268,13.006119310907122
4.055688492444426,4.55691019862304,18.481408253658106
3.3414816741626576,4.955613359296848,16.559091224326064
4.903040830862418,2.4520949729985073,12.02272177376416
3.2283602440170145,4.288087576793229,13.843491455782518
4.130759890154306,3.614317919422118,14.92987949181485
2.538822351541485,2.6265777908956864,6.668414403588425
2.796378710546402,1.0802596011187915,3.020814950431937
2.081118445529738,2.3088028069359066,4.8048921086051495
2.0146247906771837,2.6602038344456114,5.359312593128632
3.2121143707072757,1.2515449820498623,4.020105622428942
3.6848281813807624,1.4565571931181376,5.367162992994575
1.1431104884883818,1.6115679701662695,1.8422002496089942
1.1565629003201248,1.0062858639184644,1.1638328973246816
1.111373119445961,2.4440195076756512,2.7162175842322704
3.132801269218911,3.20973393058659,10.055458531596672
3.3328950254175918,3.4626863206431233,11.54077001265301
3.196480418565835,2.1130344342747978,6.754273192914728
2.9360224142751115,4.245264865951453,12.464192800968094
3.2420481450535426,4.097510577813499,13.284326568137525
2.204010788722474,3.7751829595809316,8.320543972317612
4.657538363594609,3.639879547229527,16.9528786300849
4.4037502830594715,2.1650070279571314,9.534150312191963
3.00311225733541,1.4934751259330223,4.485073456715004
3.4462390840022685,1.6426755649728788,5.661052734345043
3.439054783502071,1.215570373120999,4.180413106365169
1.9633691690468011,2.18818788789398,4.296220635172679
1.637689570125616,1.1403661280716055,1.867565714067401
4.5597824744621445,3.125106977886301,14.249808028585312
2.565581178966477,2.8042452386537144,7.194518805496327
4.635014942943993,1.386829593075591,6.427975887222301
3.7737163395811733,1.2716974443824887,4.799025424869818
3.9265235222378037,4.213294396478025,16.543599553883695
1.7307043052282873,2.4159187610071644,4.18124100075689
4.550874118132544,4.55426255797232,20.725875602256348
4.175815269874478,1.0913761712303773,4.557385281000953
1.2339233109160967,2.3691130676005088,2.9233038403082103
4.598340482519747,2.646220370073604,12.16822225337784
3.1815797621862036,4.699767683034982,14.952685747320842
3.7863327212882347,1.1489529313384415,4.350318079146775
4.305701540684735,1.6703666153114631,7.1921001090549135
1.921312345826574,3.4564951753521735,6.64100685369412
2.3730841817276938,2.4732949072736337,5.8693370211987235
4.226968157521142,1.3110820347081233,5.541902012609266
2.4848613900352783,4.205733532951347,10.450664872807467
3.615783198920925,2.082215058233448,7.528838224100657
4.275158905402192,3.721600636174397,15.910434102091436
4.099237369411884,3.063208214675128,12.556817583885744
3.418849798116556,1.593417200295585,5.447654073546009
4.697386760285155,2.138952505814188,10.047487181690322
2.191403837073625,2.005835107265908,4.395594750599496
2.714373031195325,3.0972832948492908,8.407182245510713
4.090751592432829,4.0963907423180785,16.75731695236478
4.047571306727252,3.3279253327114193,13.470015087613485
3.6384331136654944,3.1592010180956502,11.494541596964957
1.5023473853491809,4.826705543384154,7.251388452953582
3.3138480063212463,2.7293004778783185,9.044486947268691
4.863604399697389,4.627451718349219,22.506094536750503
2.0556914802160753,1.9199796144279384,3.946885735568058
1.2758915900015548,1.623615807675474,2.071557754406719
1.0590695317022054,4.061063289709266,4.300948396445411
3.4137467576089486,1.649775563287895,5.631915979956529
1.2085857819657901,2.9279876115769725,3.5387241971239014
4.700435092443555,1.056385539540452,4.965471661205859
4.536735894330166,2.3321075771744386,10.580156154806632
4.604835313786351,2.6487684018321604,12.197142274798168
3.592979058561688,2.4061462215135268,8.645232985735435
1.1241041830678178,1.6736746096475064,1.881384629799159
3.2473743217580777,4.8128333638925955,15.629071480805365
1.3100837901776319,3.3069864884441307,4.3324293928471045
1.3285638355472331,4.117354638783986,5.470168471211045
1.222751285569962,4.890551188934279,5.9799277534150965
1.4857765059716432,3.506288009863403,5.209560348225113
3.1153427999734333,4.089013165523363,12.738677724209785
3.2674975703596636,3.50856016829498,11.464211825364538
4.107502231060244,4.626317547809478,19.002609649220588
4.132964953791474,2.360766000764293,9.756963145261278
2.192883184512184,4.726198275415088,10.36400072482823
2.778528554674096,2.020476391180631,5.613951346940252
3.034259166304937,3.0954424973717494,9.392374771420076
1.0210639942031756,2.402287399639932,2.4528891675003095
4.509161418542928,4.132497923739973,18.63410019993704
2.9918469797432423,1.513362414145032,4.527748768016756
3.3164768730766756,4.2917820966822315,14.233596067931146
1.9274899219925112,3.153216898418624,6.0777937935583815
4.104156812772603,4.789282969963205,19.65596832947029
2.445640697951515,2.8247736888156396,6.908381495870156
3.7373275527210406,2.226305108187893,8.32043142159421
3.0632517251275613,4.65869932103333,14.270768732005946
4.377153523020428,3.3637223552051356,14.72352915754873
3.1267128138009177,1.506407554148398,4.710103802362296
4.374461943603082,3.2348596663901876,14.150770503520437
2.3191143831611574,2.07819191132982,4.819564752534162
2.400345099315284,3.9282647658632577,9.429191079552773
3.8339088352338404,3.234324798572402,12.400106421262644
3.7662253695512073,1.4801220236225907,5.574473115398873
1.4447743860964661,2.75352700160192,3.978225283339457
2.235918336065997,3.77009652278538,8.429627944034488
1.514797133186526,1.5147158385708197,2.2944872098593025
1.933059288053208,3.396728671419862,6.5660779072847975
2.4882821164497853,1.0962503069780798,2.7277800340061433
4.921120071769274,3.051360537154693,15.016111585596635
2.4848749812762727,1.0268153827501072,2.5515078549853616
2.7884798817950784,2.419054871074461,6.745485840949522
1.3055971478110413,2.4934516053763764,3.255443304184259
2.4849861816468133,2.783106762303862,6.915981846372899
2.2105990649630303,4.505924710363125,9.960792951522537
2.463897410121394,1.6375711852344264,4.034807402188525
1.4741177429956513,3.293791538522749,4.855436548665329
3.6275981183656696,2.135989067198363,7.748509921018423
1.3106999748216697,4.6295068124678895,6.067894462538411
3.785027112752206,1.201911079400336,4.549266022647542
1.9437564598311083,1.64311381568593,3.1938130934772673
3.7873124825103504,3.922154338671084,14.854424085181124
2.7940219000856983,4.3136470792919175,12.052424408782326
4.841730482471931,3.612515541765461,17.490826616969436
2.5592351545895275,4.896321106802518,12.53083710468771
4.271653263540696,2.967870141925456,12.677712177520862
4.756689595238494,2.345487676661571,11.156756827336205
1.1493662210096414,1.2401682501100435,1.4254074950451205
3.3985875754688863,3.5863891002520174,12.188657436913545
2.0394477743616166,3.2034566773891413,6.533282590965143
1.936941613167889,1.9365912096931073,3.7510641017497206
3.0459553376661597,4.035467125707269,12.291852631524371
4.763194905728467,1.5510543986946992,7.3879744103703215
1.24769868692719,1.7867320514484923,2.2293032344830084
4.836546509053899,1.8120211290156045,8.763924465872327
4.226371743456227,3.32126921977462,14.036918382866363
4.600831620529576,1.1364343173468483,5.228542941904322
1.2014277339006623,2.7354246564611917,3.286415046268167
2.20293688744122,4.885627367284739,10.762728745683884
1.4889113134801946,4.081758767338776,6.077376807587678
2.606188885529292,4.169374363102191,10.866177124727702
1.6942072278429237,4.550299098650242,7.70914962178038
1.2765476276736214,2.6473083617589053,3.379415208923872
3.587868146614206,2.1204639690182217,7.60794513048361
3.1359823570072387,4.839526773385773,15.176670577601955
4.527816107955918,3.592094317803146,16.264342513446007
1.624162385373427,1.6141572561751856,2.6216534995573153
2.3915069531274433,4.952483879242866,11.843899632460888
3.3308988251290055,3.687248103311194,12.28185037527841
1.3238784834711597,4.142857058798345,5.484639320239742
4.569012445725479,2.002209495059492,9.148120101876547
4.8636977383172155,2.9963799226122245,14.57348625274819
3.1527341369759014,1.5668191783383416,4.939764310015822
4.311644170406156,2.499160647584935,10.775491437068059
2.9667361105833376,3.1906303682481867,9.465758329005707
1.3826665889226426,2.6921903960668176,3.7224017116600048
2.6076830786781597,1.2737547698747602,3.321548759788006
3.102200949818329,3.8939362511110396,12.07977273672869
3.929328704082861,4.110935069272388,16.153215168312858
1.5411148977880114,2.6235834578264026,4.043243552446453
2.760922646152508,1.9567000624451385,5.402297514132809
3.7826075885493866,3.7222497508860704,14.079810154177714
3.5315507726930164,3.2823284148477714,11.59170944968789
1.3361474957407986,3.620231260434907,4.837162932632656
2.3457474464858366,2.5001240899521777,5.864659699903047
1.1913962870598276,3.4959702155877004,4.165085934522931
1.59846906054341,2.6218146980282353,4.190889677276098
1.836104603208625,3.156901278544709,5.796400969411134
2.660733414109002,2.1125111285205964,5.6208289473318676
3.0033630078481885,2.6147604803604603,7.853074901097966
4.291522123736023,2.1229981910158915,9.110893705396252
4.110805254639949,3.585266377725438,14.738331864837667
2.9998574866617753,1.6492329218684287,4.947463727916081
2.237823309448508,3.3302081076113557,7.452417328527097
1.5315438775035375,3.3264720334580136,5.094637876529363
4.533493937266671,4.2727526575257055,19.370498268332845
2.825121896219184,4.000272906343637,11.301258578563763
3.473875971142967,1.1042952035356235,3.8361845726108346
3.781932710384982,3.4103984981498487,12.897897635600728
3.9797485214894635,1.3203886140907741,5.25481463471928
4.2936418983025195,1.2949816402582717,5.560187428145436
2.96227606790876,4.357628865394057,12.90849970078522
2.7329928957177274,2.0441270688067648,5.58658475699319
4.011636894596974,3.954516258430397,15.86408332260296
2.4453999641884607,4.940556822873988,12.081637477727105
1.2183478031180606,4.953603702527136,6.035212188491427
4.263781173926096,3.798637464609611,16.196558908172815
3.6127209881917888,3.2562937852503735,11.764080901692509
2.8364223774227115,4.242854869558122,12.034528496171577
4.921174920350579,1.7367372434241863,8.546787765577903
3.7047882580575617,4.960523888139408,18.377690654592918
1.5356989194189365,1.8082357644504339,2.776905709521206
2.403094885103372,3.7938170022040647,9.116902233014796
3.1399783626529096,1.2882054028927135,4.044937091735695
4.169525120033349,1.5990378897479425,6.667228649189163
4.409411623125921,1.8146283256931954,8.001443230965105
3.365235648516626,2.7281426028845943,9.180842741464174
1.3091380082352049,1.8431425396754082,2.412927953284241
2.499839755571022,3.989423905460869,9.97292048069649
2.3522239308787793,2.227078941446495,5.2385883820266255
4.520740334657994,2.4396407317733244,11.02898225820221
1.6141518677126934,3.626983202970186,5.8545017112368924
2.0541115859882817,1.1247359391125897,2.310333123708581
1.189136725212292,4.780272372416235,5.684397434557836
2.863592650798586,2.5038214420054925,7.169924680238846
1.6457677885488589,1.9233223558187764,3.165341980202449
4.906098850603369,4.147066485724583,20.34591811898913
2.7257310076859915,2.417868538295004,6.590459247339097
4.623634191359979,2.422826680740029,11.202264280808807
1.8104169332651803,2.1686068745269176,3.9260826072388095
3.2863389215470424,1.3939016871587784,4.580833367319983
3.9643562403439576,3.8648265717876447,15.321549337713494
4.179177338248296,3.4414485979125238,14.382423991142392
3.662100693211926,4.9476977263370525,18.11896727342199
4.996079447676728,3.501436946366304,17.493457165076652
3.865168793056583,1.1252805871060243,4.349399408714595
3.447042857872957,2.896130212307108,9.983084963803307
4.499173541344677,1.1188406876221078,5.033858418729272
3.8728713178158243,2.307702390816947,8.937434399449959
1.5212446141061728,3.1245897514080254,4.753265330620804
4.076039460745677,4.812940465598318,19.617735259998415
1.6026816151784056,1.0836971953402434,1.7368215713922095
1.5946951245713894,4.8691256518508395,7.764770937932022
2.161839985889801,4.625761412607314,10.000155986960582
3.9863133280772245,3.702219602094329,14.758207343297382
3.337246355876363,1.3783505398561742,4.5998953162552345
2.3841982476045054,4.859955594248956,11.587097611244074
4.203859407501035,3.2562426944262914,13.688786484070484
1.3761754317450028,1.0039872104102452,1.38166253275278
2.1889560511284314,4.3115382890538045,9.43776782749625
4.393005668150639,1.8873172808037921,8.29099551216971
2.449622095113403,2.085292439612538,5.1081784348478045
2.3050293656974965,3.383702036206143,7.7995325582255735
3.140520930645601,1.4704580701379406,4.618004346904939
4.634325514179739,4.697167566257951,21.768203496686773
4.848358074754687,3.637445810972784,17.635639769112508
1.3171144593372341,2.3739756358767625,3.1267976361275887
4.793879060806766,3.944449558510947,18.909214144954124
4.843100836570117,4.452385169513793,21.563350339204632
2.397483927988001,4.330344019671347,10.381930189821011
1.072314634964611,3.3560847707402495,3.598778815846621
2.411253515153868,4.215312775016578,10.164187746231729
4.08184116439916,1.644295685264165,6.711753814555194
1.4900701830893923,3.5030735756581177,5.2198254842565035
1.9789095631021443,2.415135432095704,4.7793346027610175
1.4784266535578658,2.2141650500986643,3.2734806254421525
1.1366561925860843,1.5807276239771269,1.7967438425854885
4.350602516784727,1.1590589903794055,5.042604960646607
3.3872781084064276,1.0755852427228882,3.6433063464002533
4.506863064167872,4.5071693876800865,20.313195237283505
1.4935055261941748,3.7401602740744435,5.585950038182101
3.720186906632611,3.7044104083198532,13.781099097825082
3.300181643812221,3.402626343448444,11.229284999400454
4.351164858868353,2.5306333259778295,11.011202798675873
2.921446652224823,2.412159664826544,7.046995777439258
2.1499205965171844,2.111466800986532,4.5394859643031955
3.0327297588525495,2.3713856151596864,7.19177172480964
2.9087050301338366,3.837729099192923,11.162821935113453
3.7444943687984775,2.972340013907979,11.129910444232817
4.776630949885579,4.012950071825682,19.168381513428113
2.466446036326912,1.3723305004559396,3.38477912338008
3.2832189757243864,2.9928741744744127,9.826261281589849
2.420819052804253,2.5473624001057,6.1667034325730485
3.2311198177140836,1.0720171806748793,3.4638159574085816
4.650407187521056,1.6616803891182301,7.727490424918202
2.318123249072341,1.3649486664012667,3.164119237375063
4.729527604484968,2.425087597422638,11.469518735304495
4.074688589159779,3.873050385856371,15.781474212489833
3.9067312860209187,3.5819101548113172,13.993560465517405
4.223022321680296,3.411492476774779,14.406808879664291
3.1757208759978846,2.9864025583441327,9.483980948666952
1.8228241932258107,1.3445716697203238,2.4509177690922304
4.958760236762725,3.191325407157474,15.825017531583095
2.1330863155621578,1.858247457775474,3.963802223109032
2.1328867719618776,4.393828665027122,9.371539037903265
3.1104415280564317,1.8360872130668051,5.711041916656389
2.6448418903111364,4.306688299691967,11.390509623538154
1.3473544478698556,3.242969172410455,4.36942893875205
2.834042172676611,2.521808733216084,7.1469123013585625
2.3584953803186113,2.0480536795355446,4.830325141829116
4.658706498729925,3.064799617527501,14.278001895480358
4.5765990626996444,3.321406506099866,15.200745902661149
3.422531056008017,1.587084983155739,5.431847643374478
3.8508607699410455,4.943728065704726,19.037608465478858
3.352343492990594,1.7062101165008396,5.719802381726313
1.9240820811422883,3.839172647986456,7.3868832984023305
4.025905792854044,4.911180992164981,19.77195200611167
2.086526303067667,4.90973431164072,10.244289782312189
2.462517130822527,4.0367719325076905,9.940620037023747
4.37162075342297,4.734084095588887,20.695620280725993
2.460191976617189,4.059592421692361,9.987376704183491
1.1925951554319547,3.5143259351096523,4.191168084820645
1.095126989305415,1.8545828752873592,2.0310037606308255
3.9249502127985796,1.3227195939907643,5.191608551906901
1.181046372739838,1.1643170788294017,1.375112462670509
4.982852193517258,2.678997114534432,13.349046648584299
4.97119424379853,3.357435738084714,16.6904652150902
2.678371776926105,2.6379535752657843,7.065420404833191
1.9903201047606665,3.94589022447341,7.853584644948007
4.230384719524675,3.081269389735927,13.034954943077986
3.921078173479973,2.131768732238097,8.358831846885876
4.760170308175729,4.804140367819288,22.8685263352018
1.868970737592238,2.5572660214282554,4.779455362288334
4.790935151997507,1.4689768285252853,7.037772725251604
3.394329073997594,4.1576477079502405,14.11242449453496
3.2111356695406785,1.792625527771532,5.75636377435635
3.4971571762240994,1.3925878315377056,4.870098528584444
2.08390435269458,3.6022101453806323,7.506661401279276
2.483899654267212,4.00191802385998,9.940362795871527
4.537466351725554,1.209786247124406,5.489364389107328
3.633285220719126,3.643007307530913,13.236084609423843
4.456859677791128,3.8827170398404207,17.3047250151373
2.1478919502101674,3.502925175492776,7.523904786629472
1.2934820006265824,4.429107789657669,5.728971204757182
1.5406260471606368,1.1462327509702508,1.76591603225336
2.0332725289800035,4.817603964457249,9.795501796436083
2.9770077915710917,3.513590860181248,10.45998736715255
1.76701762936877,2.954869612623377,5.221306697991575
3.7143374815518615,1.3456040550403205,4.998027576964437
4.112666745235625,1.1854296762340355,4.875277208263151
3.852300853997043,4.500799746683475,17.338434707818426
3.9113373961908233,3.1765795957278775,12.424674564747175
3.2807409620562566,1.5591999570696178,5.115331167194652
3.9778908929041212,2.076021101339251,8.25818543249419
4.5391137002606445,3.1304831913368787,14.20961914223289
3.5561617586093437,4.150671309309372,14.760458582722963
4.773567362619268,2.560011649542358,12.220388058180514
3.2397894830153637,4.740712038580931,15.358909004598825
3.6699026416907965,1.7383962689020112,6.379745059548915
2.903657791626074,4.221246984119137,12.2570566958156
3.20400930379529,1.8333198547729146,5.873973871525048
4.018098404554353,2.4411073885388466,9.808609703233783
4.993358506646273,4.6191234715351515,23.064939479839513
1.1904080553771603,3.361019883737335,4.000985143883731
3.1873151001797657,1.4952628731274236,4.765873934257218
2.637519874856046,1.9382999372286238,5.112304607872722
4.717804700771795,1.0056949349741835,4.744672291763588
1.6196648041955575,2.306194423381727,3.7352619391834514
4.294859534427962,3.115386348096291,13.380146760548065
1.5216752884397553,3.273389830115763,4.981036413917166
4.091429856204377,4.771533694814407,19.52239541884885
4.570992788613366,4.468611311985312,20.425990082200975
3.986042070587703,4.492886790616046,17.908835765783323
4.797781534490589,4.033125428522986,19.350054707252028
3.4012577004377618,3.050793563433337,10.376535100073596
2.123854646894536,3.640199003518845,7.731253569244358
4.469697510506538,3.4615821130328612,15.472224953036942
3.9988979032786975,3.05278420908493,12.207772372872045
4.353738816981793,3.9405346981562506,17.156058875026503
3.1162749722885597,4.840002774610731,15.082779512326608
4.369153705029582,2.7698723675248824,12.1019981170304
1.460699820446827,2.2610984642172176,3.3027861206946856
4.678544535794233,4.945248730553944,23.13656642647652
1.9036858310498532,4.164544155341469,7.927983701305033
4.142114875701083,4.918251219691262,20.37196153951817
1.0039299489892382,2.6230433342741666,2.633351760774425
4.7189335656275,4.9823818010111225,23.51152871756298
4.806437388316311,3.251906313649905,15.630084089228774
4.744527121952612,2.7278353459620805,12.942288783138078
3.194944856180003,2.5331976845880404,8.093426912061654
1.7085355335483774,2.4065420808463944,4.111662658105517
1.3009384323331514,2.6772579180769958,3.4829477188946036
3.4890151515413916,2.978415611245453,10.3917371952228
3.1335993285557566,4.7436674542051325,14.864753149389
2.889099016292214,3.4960607190468784,10.100465584296186
1.409289197239004,3.4979601492289163,4.929637450680846
4.498348431050248,3.0121047414761613,13.549496637978303
3.911315077146644,1.292815274372507,5.056607874618662
4.497719594969523,2.2125285838199362,9.951333165877095
2.56070878026178,4.657310429995103,11.926015710493228
3.4653622663778356,2.140974756120315,7.419253133126829
2.9176886128640906,1.798778428067715,5.248275336638741
4.932794674001397,1.0481963253619053,5.170537251053043
2.5599282908762877,3.338370398896959,8.545988829560283
4.262413333062264,1.2290644203661536,5.2387805725611365
3.359125115210504,4.242883986285239,14.252378159255207
2.2585623609197985,3.198778685037962,7.224641138939267
2.6471823061545203,2.578235174058728,6.825058533873485
2.409332275100159,4.193730710635251,10.104090754212235
4.0598676060204575,4.039154041868425,16.398430650308217
3.6660404905944457,2.5746574643785642,9.438798513823043
1.4649138628397145,2.653830964482929,3.887633769504333
4.095547890014604,1.9777330433494118,8.099900392701844
2.8453922762884365,1.1572970231073132,3.2929640109211493
2.3060792207475376,1.927351618037728,4.444625517430949
2.495563424502643,2.1334848032531464,5.3242466417307694
1.5203357831854203,3.7862841681717483,5.756423306179952
2.2492629689151147,4.58036099187821,10.302436363294962
1.6929653905539506,2.0035133717076494,3.391878797813103
2.8304258261219055,4.64962338149615,13.16041410072697
3.111650983884564,1.9087260056201574,5.939289153354017
4.960078494762886,2.2521598589017886,11.170889682906978
4.07558867314045,4.510720913718962,18.38384306365074
3.115575554414834,2.05681688120415,6.408168394987409
2.497313011084529,1.647231089199924,4.11365163132191
1.6360276344643374,4.669324683498926,7.639144216490689
2.517190746541464,3.475376953592535,8.748186708326593
3.1783196701884684,3.0620957847050323,9.732319264529197
1.7112387978237038,4.058665405291106,6.945345708919008
4.599656201739075,1.243575704301401,5.720020700621977
3.5564686139586716,1.31693455522763,4.683636412304689
2.6201327168578747,2.3816482391111355,6.240234471342033
4.177024545894107,2.786858118269086,11.640774765934236
1.538196303789873,1.0070612943307338,1.54905796062938
4.351138613859389,4.212788333855124,18.33042599145339
1.0756923775946383,1.7270418348465637,1.8577657375315069
2.580337090644838,2.5377786369950215,6.548324344884356
3.2351758752070596,3.4828069125526713,11.267492901494785
1.6717045782554756,4.3047515889314045,7.196272939469162
3.6792591648860293,3.1192800131957457,11.476639576396261
4.8444351241888555,2.534161535022698,12.276581150632303
1.3236708672102249,3.927383612019304,5.198563271588817
1.0369435279755388,2.837205566248486,2.942021949457541
3.8330472748106055,4.790516734207987,18.362277112990526
4.1734243183497135,4.026172409211082,16.802925842470184
2.6651078283935563,2.5960129239554433,6.918654366244498
2.3837368383209916,2.780001479849113,6.626791938103202
2.4065402954192576,4.265481571826703,10.265053281969232
4.354153805496365,2.6679050476207484,11.616468915800843
1.2312077304680082,3.7528908349542025,4.620588207598153
4.184758463729026,2.695992076558676,11.282075660525312
1.5667861886140386,3.848471347211353,6.02973175408761
4.283200808874344,2.6636445301390133,11.408924406045145
3.165858612725308,2.1132871643500017,6.690368370419296
4.343692283596694,1.9926802078421018,8.655589642479592
1.584029595386839,2.245625434661457,3.5571371486571826
1.5787456307980374,1.4164538628710113,2.2362203472346116
1.860390191557308,2.567135983208918,4.775874603555697
3.070102905914196,2.3489066651527053,7.211385178406544
2.7721225028116474,1.2051535692455775,3.3408333286494405
2.0464026365429957,1.9760322266820847,4.043757558576145
2.120067839561577,1.5237608766196855,3.2304764297035513
4.064355635010529,3.057274574138302,12.425851143173423
1.3114912280124442,3.742062767434929,4.907682494162881
4.592759754828389,3.552828408020557,16.31728732816783
2.5774680281597258,4.119813517638181,10.618687623692665
4.012010070672066,1.4803658741192232,5.939242795245579
1.6184432127110049,4.969482324667947,8.042824939046145
4.155360652725083,1.4750479731836665,6.129356308649291
2.0174185572660797,4.975301840758624,10.037266261546533
1.0098666421640288,1.4885629926458717,1.5032501110329242
4.108534914675318,3.4115427746759193,14.016442602664327
3.3611945811503765,4.114438262368353,13.829427591950278
3.685825497986635,4.4258971296595835,16.313084491965153
3.3945046303959865,2.97624619369273,10.102881485688401
1.9292739644466939,2.6843501086728647,5.178846776122211
2.316418240273003,3.7189926102029216,8.614742317714553
1.0296556696282009,2.0781137918178163,2.139741647877773
4.648327930095148,4.238604811236566,19.702425128706604
2.7554632955390543,2.757260755083106,7.597530806861796
1.6723218563151008,3.6417848854601593,6.09023645995301
1.0016942802405748,3.6770768426460507,3.6833068412836214
4.140750411102354,4.329616099034239,17.927859641991393
2.3749669714740786,3.8812545719229337,9.217851416199732
2.137722486987132,1.1787103826440113,2.51975569062331
3.1259887588890276,2.3432321172775676,7.324917258077412
2.970241673096259,4.742254079045225,14.085640689990846
3.4755305521260538,1.8729298137499053,6.509424789675555
1.0168499164813825,4.19209883136816,4.262735346558414
2.459461475727318,2.7866035464645607,6.853544070654706
4.898328487856093,1.8149104087170285,8.890027357925165
1.8288200216712323,1.0728524697983004,1.9620540770665629
2.312612166004232,3.0042266657862244,6.947611136731552
1.4562613426834576,1.6108327886609417,2.3457935196539212
3.001601521258165,4.342153926818301,13.033415832274928
2.6026889590440296,3.2166870070820055,8.37203575803272
2.6175336200990253,1.9739376971766447,5.166848286340716
2.686113857427118,3.026531067489105,8.129607040316172
3.808378581668275,3.1379533290515282,11.950514248634502
2.807652609804092,3.249082818779121,9.122295855614835
2.042323270354509,4.678278325129561,9.55455668860722
2.9724666503267083,2.7762889788240606,8.252426401224113
4.7827558896514315,4.980373994201157,23.81991305343241
2.884668989183581,3.7091827131591852,10.699764347866118
1.556046790033819,1.143037492828464,1.7786198216040356
4.293805980345741,1.9657001571441817,8.440335090312251
4.669915490655344,1.1089364306441025,5.17863941561694
2.3619606865937888,4.735750874153247,11.185657386252139
1.0882783757652161,3.0138676541312077,3.279926995409233
4.2228238684026564,4.682652198482636,19.774015471180647
2.3004047167618937,3.6612279773271275,8.422306108183932
3.190959619175961,3.2181367663903755,10.26894447053719
4.138550923803301,1.4828350077063974,6.136788190991186
2.907193279088954,2.8207215565511885,8.200382751386948
2.169593458243809,4.546122038359499,9.86323663480278
4.4265069807690915,2.90580952801638,12.862586160549846
4.692325022527236,2.4335341611994585,11.418933237771048
3.867767395020717,3.8630485636304344,14.941373279791408
1.0483881403238535,1.0619217056264358,1.1133061221312337
1.1725687693885738,3.98202880245519,4.669202612564738
3.3108942552968705,4.080988560379131,13.51172158049151
4.10320896427288,4.627139293838091,18.986119429415737
1.5657415837515565,4.961194824206163,7.7679490413525825
4.610078035558685,3.2924546274569115,15.17847276111266
4.668072002449941,1.6697311941738704,7.79442543914035
4.16878908717685,4.602654107888627,19.18749421701581
3.5940134585763706,1.3508473633686622,4.8549636044293765
2.469306326890201,1.558019485129166,3.847227372047663
1.3705812821455332,4.45920027474739,6.111696429906992
4.755834799032968,3.4061658056283552,16.199161869683497
2.1373207551847306,3.282835714933383,7.016472909388823
1.7316128550257863,1.270819637239947,2.200567620263899
4.792114078454187,2.4264812896710652,11.627975149338384
3.387886924622019,1.0513617184720658,3.561894619059648
4.8196097620725755,4.9641228497044905,23.925134946563293
4.318198682495535,2.3781730463706734,10.269423715584235
2.1639239862986885,4.203848360501052,9.096808302050643
3.663727919843406,3.806148084946469,13.94469100587689
3.4310697337969813,3.27793508182563,11.24682384860325
2.589901225634656,3.691767402806083,9.561312921285547
3.168254248738909,1.4626384837034094,4.6340105903623625
3.111600296345695,3.207977394013972,9.981943409884165
1.259291567471395,2.1969639005359,2.766618113983923
1.7182490159731754,3.289133398935082,5.65155022612471
3.18226962678153,2.086864512834633,6.640965554401887
1.1740124035348054,1.4237268329772252,1.6714729611605887
4.240548720645521,1.5010201676635342,6.365149151648724
2.5694086481140554,1.5449129401145316,3.9695126689135893
1.302453912195117,4.201256124549529,5.47194247555323
4.3654521743656725,3.288976852697258,14.357871153045611
1.2743766260695142,3.28996315853584,4.192652149867906
1.674119755708697,2.0206837592337528,3.382866601372942
4.0666550630963645,4.299259516540474,17.483605480504547
4.73463566259403,2.2509788694237036,10.657564830919059
1.138364223205663,2.3046868630729844,2.6235730706143743
1.241991151416678,1.155788795886909,1.435479457398078
2.9305097153252535,2.6526691411875003,7.773672689793466
2.6795338158207014,2.652669809280196,7.1079184561729365
4.853629903015197,2.971553768108731,14.422822227310022
2.789717381202707,2.080470635211206,5.803925092130538
3.8412299493948625,1.647253708497911,6.327480279333931
2.401593616351885,2.818309653891239,6.768434473688091
1.737062281987614,2.2718420464447053,3.946331129512651
3.7582642971170053,2.491228883971895,9.362696570578215
2.821057484450626,1.9395138138470696,5.4714799607486535
3.276973302297473,2.1942345866515156,7.190448159434748
4.218621024679987,2.5436625194728446,10.730748184338609
2.413755284576722,3.655449589694911,8.823360764629902
2.970076965777071,3.584750338038292,10.6469844070691
3.027414954803844,4.696950083560265,14.21961692493751
1.2731435515705432,4.967945402849233,6.3249076541920255
3.7500506846289143,4.934287145598464,18.503826888507174
2.7755111105280004,4.723746477662193,13.110810832068923
3.3966551289512705,3.3584809497338646,11.407601543398666
4.547822966374624,1.533094181886666,6.9722409299994945
2.0489290748581785,1.8130944839554908,3.7149020036413902
3.694749219117018,4.913469778210789,18.15403862619938
3.2303198454193476,2.313840475026501,7.474444805612637
3.164284029054871,2.362303766900532,7.475000081379513
4.745938197007776,3.116397111187327,14.790228087028625
2.436355046334182,1.0121790251723048,2.466027475772158
1.2733197640782197,3.209874875269164,4.087197118898336
2.369115567929658,1.597186975170371,3.7839205277706056
1.0245418977781249,2.7785142304106296,2.846704242628433
4.290481563009788,1.344947223318687,5.770471264870034
4.955737488478226,1.7463464287948707,8.654434465048812
4.2511622520225245,2.506161238898759,10.654098056288408
4.175250565943628,3.100418387169238,12.945023625690391
3.5809002859527137,3.5180187970203316,12.597674516237127
3.30205476911821,4.868650513518794,16.076550647334557
3.2711582395042034,1.422207456516154,4.652265639667133
2.6212933622757526,1.4289609875318745,3.745725951568307
1.693207501953033,1.0080332803724885,1.7068095125450227
3.6114034020146755,2.113778564122648,7.6337070975782275
1.1007106859547617,4.207468123334984,4.6312051241688446
1.9270309140201984,3.6731635047817446,7.078299625965201
1.0169545408649734,4.273655906689905,4.346113780402714
2.996697993891892,4.938736114632673,14.799900607081169
2.4257468492299137,4.71724772980474,11.44284881761081
2.708475701364769,3.7936018698026723,10.274878485012492
3.2933681750415453,1.0915306562191707,3.5948123252744306
1.30420011173673,1.2570334990161411,1.6394232298736637
2.0511629486919527,4.962393809510255,10.178678318885746
1.9200646426584984,2.679744376073102,5.145282427860921
4.545313761657479,4.23496205411279,19.24923130465609
3.96495774028395,3.1641634363970685,12.545774308666019
1.7435746939024939,4.731156882418084,8.249125413066787
4.353397983386459,3.9472216822421013,17.18382691145207
2.9709088166614697,3.319935437669884,9.863225462520314
4.249831574813778,2.627278229319157,11.165489974781387
3.9263385213118345,2.8784987273381692,11.301960436694944
2.44664696678416,1.0926928070472237,2.6734335419889597
3.4070329186600006,1.8412196672583159,6.273096016833295
3.3981134630624585,4.85350281240831,16.492753249856186
4.680271872722159,2.5790764494719154,12.070778964063537
1.3846683379922995,1.3774872096756394,1.9073629252272177
4.358169667332197,2.5755939556170264,11.224875452734272
2.5745063177988525,1.5074817351445144,3.881021251095929
1.5623849055125936,4.450229251338554,6.952971008361966
2.144537344497621,4.529410609960271,9.713490201623548
1.6971052127069175,4.615743698508405,7.833402691257721
1.3568821986340907,1.088035932509341,1.4763365882961677
2.046225410037001,4.331080564035432,8.862367103046687
2.7789870813485447,2.5294607399898426,7.029338719210102
3.852092792906079,1.7061472689213546,6.57223759824834
4.811481658973935,1.9367649667221492,9.318709115126884
1.7525013186901521,2.871381180917911,5.032099306020725
1.362384165603261,2.1666299840508794,2.951782382992164
2.5834558287779954,4.471935724762048,11.553048414057063
3.9453440939504643,1.4950924882469714,5.898654318414892
4.301714189143489,3.2966643244869416,14.181307701488612
1.8074443306950556,2.2899267853715477,4.138915185926558
2.329470196080046,1.4699660414219458,3.424242082742189
1.35615033124893,1.8871538722364,2.559264348951095
2.474039759737045,3.4657822959630544,8.57448319880534
2.2998927352748524,4.198975611198545,9.657193503791817
3.2211886067451116,3.429359209963864,11.046612815572015
3.8073069801423336,3.3063976765600414,12.58847095309344
2.7931433252006355,2.8206698547735107,7.878535177455277
1.0052760993335363,2.9460829898538763,2.961626816353187
3.9518714157040202,2.2496696881581713,8.890405335408055
1.805972475696997,3.197408536128489,5.7744318098066785
3.6047663873979476,3.590639263503068,12.943415726347183
4.562935805762463,3.0113031811113733,13.740383107099493
2.6364709602625247,1.5933691619821442,4.200871524543758
1.1234554439440663,4.166499121999096,4.6808761207980565
4.729161175608964,4.294786404871696,20.31073712345243
2.170527623371319,4.356060880540994,9.45495047030142
3.914113766370353,2.1081265362973634,8.251447096972159
2.3696268197068346,4.084838520550688,9.679542912468499
4.366459874236661,3.822178485189637,16.68938898775121
3.608248774760209,2.372393698061423,8.56018665427897
2.1720668175975377,4.269389838312466,9.273399999186624
1.546169997636878,3.4452909985228275,5.327005575044397
1.6534537515660994,3.593808100882192,5.9421954868123
4.1107839072603,2.3761369920065825,9.767785708186556
1.4051994372344532,1.9267576222715275,2.7074787265031435
1.5831236125641532,4.484339698315425,7.099264063161961
3.3651723362004176,1.804436851836308,6.072240976220115
1.5060221962500009,3.0694371402077594,4.622640463147012
1.2136316523003492,1.0794944496897436,1.3101086326260196
1.776116778297368,2.108412838765993,3.7447874185098633
2.1664666628504015,1.0470042890264821,2.26829988803726
2.6055459942697,1.2190715515179158,3.1763469977856538
3.777976299495938,2.3777919530880616,8.983241643898854
4.032034101420103,3.204183544428255,12.919377318343859
3.5086622252088633,4.187785898043723,14.693526187728386
3.0833063966283807,4.215509041754073,12.99770599348511
1.2581775595484626,1.2376270774195066,1.557154615898771
2.822206885024509,4.88564327419906,13.78829608621827
1.4247361450066398,4.023663246607255,5.73265846277612
4.326654935969707,4.94654919201183,21.402011477634947
2.1702395324240658,1.3281433657564707,2.882389237091448
2.614701918829185,1.3495941057490777,3.528786297942671
1.2332631161009204,3.013646296028314,3.7166188218658753
2.6886833087844555,2.602054696740672,6.996101031670843
3.5794685743384855,4.851795025226145,17.366847821928786
2.987624143548877,2.2133050249360604,6.6125235295370235
4.293062908239746,2.4137015486931146,10.36217259025524
2.5901443027403395,1.0609711272767113,2.748068320687769
4.797153457030855,4.65380943592786,22.325038023924144
4.311808209330136,3.9683301593300193,17.110678558331546
4.148519292801397,1.969311752560556,8.169727799037997
1.6136878376810988,2.8512655092679506,4.6010524743052965
1.9618261003149176,1.5045453523711645,2.951656341389255
2.3986627332761548,1.5688792710300983,3.7632122404293566
1.7221206245530003,3.742719449225334,6.4454143554265935
1.298932508717809,2.688952625090072,3.4927679791315853
1.1033812405659917,3.356157287279684,3.703120991173251
2.650151149863892,1.0594745219313326,2.8077676225478188
1.1513454763964726,2.8163870653846845,3.242634507512193
1.6996576032348125,1.9743097077611798,3.3556505059365898
4.684905850185974,3.3693113568729482,15.784906486912117
2.9941808649353088,2.0157274621522725,6.035452596100946
1.413384450215994,1.2311468775102772,1.7400838526050009
4.546088943112128,1.9584316975373985,8.903204686015084
1.7427115475514476,1.070107097380915,1.8648879957224822
2.9800606256806024,1.7483295595942963,5.2101280812604704
4.371473838750176,3.8548469671491796,16.851362669278096
4.952030661618109,4.423146474822762,21.90355696415037
1.5059631146574586,4.162227887827626,6.268161673867027
3.793513077238846,1.8313011249851705,6.947064765993455
1.3082646811250087,3.608860774368438,4.721345090203677
3.3227224058073577,1.494711367339654,4.9665109504744205
4.084380106358328,1.6901634192726234,6.903269846171672
2.3500750760037783,3.6647937355059237,8.612540416507255
3.4272823625584756,2.7765923266392813,9.516165909106011
2.2941748489883143,2.8397079442547994,6.514786544181671
2.242537930024455,2.3228243854976154,5.209021789264148
2.329814454469907,2.3841078889128497,5.5545290206048925
3.5943864756792143,2.7906306302196295,10.0306049958776
3.471689823332745,4.473357235978423,15.530108792278186
4.6512295685504945,1.605359858605102,7.466897242508092
4.27758321687716,3.118290683119425,13.338747891456066
3.3232762015625514,1.0228971809022291,3.399369857937802
3.4643079122632003,3.8260655132354855,13.254669030339056
3.210198320122576,4.299035793305638,13.800757481816586
3.7106765733541787,4.342908872581868,16.115130213701544
2.697916264816253,3.7705466827015566,10.172619222509498
4.859999878916767,2.1802162641723637,10.595850779890053
1.0494073264729051,1.3418079278287607,1.4081030701829287
1.6128809483218651,2.1852252376647585,3.5245081536216087
1.7470401169917498,4.427754287948144,7.735464369227647
1.5902375465489733,1.9283292491136277,3.066501574049079
3.3652352306244873,3.8216305026061166,12.86068560579927
1.0743848734464607,2.591845958993563,2.7846400926460197
1.4079081984433244,1.4419104179509423,2.0300774988539723
1.5140042425441815,1.7689373405458992,2.678178638381313
4.224306915316538,4.172702929272075,17.6267778396856
4.3703811992675785,4.849119320969971,21.192499913372327
3.643618130319222,3.1434374738320425,11.453485771179285
2.5695088952829734,3.6782998079853906,9.451424076136114
3.967870660834804,3.1520748453821956,12.507025299747417
4.401565762976725,1.92894547594444,8.49038036556589
2.488137672450569,4.401689754090716,10.952010099592792
3.6966622351194087,4.474957002210067,16.542404553853114
3.774592541090051,2.054644359526222,7.755445274060422
2.5193203356443643,2.7479105414076628,6.92286690749984
1.1423663070787775,1.0795362431447293,1.2332258314389417
2.930324259585806,2.93756537009942,8.608019068121488
2.5308042074160255,4.704660269328466,11.906574004079493
4.6423749037927005,1.4063471874694118,6.528790889127445
1.293780945645043,1.8804151244130223,2.4328452578683213
4.940677269472106,4.054463648299411,20.031796387053845
3.7597845401545893,1.6124959913743044,6.062637499430358
4.651418770460154,4.117164800808296,19.150657635557547
1.8548122733030388,3.3776787439798217,6.264959989608566
3.639708475879533,3.6550407433116763,13.303282773116536
1.7661622545919506,3.118830774221512,5.508361191889824
4.03699868061592,3.5087224103244186,14.164707741127188
1.1159036879654,2.8868637943557434,3.2214619547753625
2.680549571093394,3.6804293062747804,9.86557319837442
2.2055239948410916,4.483098702789625,9.887581760243489
4.094131473564596,1.4267312554863238,5.8412253374048895
4.670861367541578,1.75033187287538,8.175557525390309
1.092142000271482,1.296824855783254,1.4163168919968991
4.358137779194533,3.3071154010642334,14.412864569534115
1.616470756484615,4.863861245567225,7.862289467058255
3.6379869243363205,4.103874891289298,14.929843193622604
3.623406828721377,2.086714318159276,7.561014910008993
3.6994561283540737,2.580965841137066,9.548169898067046
3.771432026477215,2.4095879670004963,9.087597229359794
4.687065227422508,1.491542204435119,6.99095560164096
2.24790916701395,4.606802945769124,10.355674572421284
2.7484268229508153,2.416603125628583,6.641856850904376
3.4466886097600296,4.117880498018565,14.193051808873545
2.9919532249768586,3.597758618153673,10.764325500273168
2.7409241122473054,3.14084841466852,8.60882715267867
4.578321671084291,1.071080157841203,4.903749498112763
4.2129174098144055,2.363849827084951,9.958704090712962
3.0369750725071385,3.055490827563353,9.27944947758411
2.2648829819992207,1.3374525785946698,3.0291735844900427
3.941299522888632,1.752091385500178,6.905516941729133
4.390503183320501,1.1396492692676938,5.003633744588693
2.2318668600676435,2.3087556899696446,5.152835312435856
4.698901428146305,3.23473139417491,15.199683967758174
2.693867619310137,3.9914898029471417,10.752545132965905
2.2845618382760833,3.2888035810488985,7.513475154850037
3.4555975953658704,1.3940159411192345,4.817158134033318
1.564307203664638,2.3860743381028695,3.7325532755736517
4.6449623811520375,4.377903670897978,20.33519785962852
4.165333236116412,1.92757957728334,8.02901127851752
1.4839386711834246,3.8247131635658937,5.675639769599725
4.667599676297398,2.163884886367018,10.100148395151525
4.506313542422283,2.9907737584960556,13.477364290231964
3.5147281199538734,2.735547275328281,9.61470493205951
4.737491524251382,4.231422454615968,20.046328014270127
4.094060781130191,1.5312824468876478,6.269163410635793
3.7582350137716487,3.874567203919178,14.56153412898037
4.521965473849347,2.2622551923952186,10.22983987304759
2.18286624478841,2.7999289416488455,6.111870374531403
2.1832601139200114,1.1324439247579847,2.4724196521751427
1.325458362167458,2.6820168384577197,3.554901646007713
4.0757344263389665,1.0280625452126713,4.1901099079529445
4.542478028583432,3.5383576651659627,16.072911951286155
3.777506004962658,1.5948812696176908,6.024673573183295
4.455234803993764,4.720237736336523,21.029767446051217
4.47464756717592,3.5249302671813934,15.772820644507986
2.8201763418219343,3.7916383062732595,10.693088648097635
3.8721622954324335,2.2114518052401304,8.563100298416822
2.507805982104636,1.7202089454195209,4.313950283792982
2.1358632151983445,1.010015143650064,2.1572541921154436
4.848548377873281,2.7242800908450526,13.208803815339255
2.688067491611115,4.930710378131327,13.254082278004368
4.435728370112438,1.4716849020720955,6.527994471987339
3.410973004502419,3.7516772472940656,12.796869812126005
2.3901021126571997,2.1723305611174166,5.192091863516538
2.51264795848049,3.2995532959217746,8.290615852895419
4.362810312524962,1.8069044458906132,7.883181350278769
1.7976998181888901,2.08150021185463,3.7419125524112045
2.829714716889699,4.394303350279591,12.43462486076387
1.259786206221294,3.381321585161438,4.2597422917847
2.0318619922167453,2.226247448657002,4.523427576195663
1.545626944037398,2.969193636841407,4.589265687166471
2.3708939245812948,3.955527368932653,9.378135807517461
3.862533855405231,1.7276848560648266,6.673241248021307
2.5075016851409453,3.4094111101134192,8.54910410394766
2.8358690444874273,2.438839434060981,6.916229255528773
2.89436180707012,4.997592330931749,14.46484036995539
3.4169881469615007,4.333732336159999,14.80831202476249
1.648817741422281,2.9815536599287515,4.91603857149306
1.3309666286679027,2.980926831551478,3.967514135295764
4.7876460074114835,2.5055234497272614,11.99555934056257
2.153098495166198,4.0022328770144195,8.617201584804429
4.04655892720548,2.574049919795483,10.41604468202096
3.1356495962992166,1.6929391371611473,5.308463921998496
3.737857666449411,1.1912687605516572,4.4527930694297
1.1840572926645025,4.266854891030716,5.052200650466121
3.7239573295690214,1.548724772582807,5.76738496834486
4.375428686130146,2.972435096977345,13.005677790974719
4.052696149707234,4.164592513091954,16.877828042907336
3.188262305171451,4.375592916740352,13.950537959218469
1.1483130663889467,4.493086976054276,5.159470483025126
2.9736616771776547,1.0385748271929054,3.088370162504948
2.0842665297150456,2.214381823772269,4.615361919297901
3.247161722816614,3.054304120345413,9.917819429426693
3.314626581317051,4.262168512187543,14.127497044549377
2.583134515623368,4.010831162434405,10.360516412022106
4.012627274898456,3.551848738615827,14.252245124883544
2.395495130707566,1.4446405785808967,3.4606294716130988
1.9184815762981615,1.9225419547642484,3.688361319875464
3.508281393488606,4.997595998968996,17.53297305535603
1.3769570071816517,4.955069515719069,6.822917690741566
2.2484123324050698,2.3322212932391118,5.24379511761652
2.6025755124461103,3.700418578018014,9.630618776950339
1.302555614548159,3.13483619925492,4.083298492028307
1.36703757566764,1.9430602829888692,2.6562364186331826
3.1793336370029452,3.3991066802644228,10.806894204326095
3.84913044810324,3.4735960974628357,13.370324503156791
4.601057162418787,1.529780762957444,7.038608736335824
4.555923266036224,1.0422343983635556,4.748339944167789
2.5665285181538584,4.650820567417002,11.936463619092244
3.470574055594744,3.5840935554376157,12.438862106326111
1.4492800485472301,4.535477865897879,6.573177581673366
1.3557754598595788,4.502391444950601,6.104231831745735
2.044127668133337,2.704282641219516,5.52789896936951
3.6703270745209435,2.783288989160111,10.215580933130385
1.4733721405379594,3.9469907542113827,5.81538621621596
2.3085863435331744,2.2267820590894565,5.140718651638601
4.983749475196328,2.6285569577137124,13.100069358529371
1.9931427370155892,2.860685294636526,5.701754117892093
4.03491180518026,4.684546551016337,18.90173218061229
1.2379931728110787,2.319119967280072,2.8710546864225814
3.850748044464519,3.4073903312604146,13.121001654828351
2.673968588075191,3.2303638593286745,8.637891487898221
3.6302343965263657,2.6060471399117437,9.46056196627677
1.082294383250312,1.5340428080367703,1.660285914803733
4.057043969394384,2.620832803292069,10.632833919387066
1.6573615091867713,4.356490756435905,7.2202800948448305
2.003270757691774,2.6223391070730044,5.253255249950907
3.858028824974639,2.2986814581476227,8.868379324968263
3.4306240172399556,3.4343529890809608,11.781973848020975
2.0175624563108885,1.539008664193657,3.1050461008142936
4.374857214297585,1.8363001784457609,8.033551083289378
1.2262051670948697,4.397530551475625,5.392274684676964
1.8308954561668402,3.2748321762421777,5.995875351190768
1.716483537326667,4.548242524153304,7.806983416478231
1.1737889643660395,3.3125915679012237,3.8882834258544525
3.394521639034565,1.137629740595556,3.8617087716608935
4.906279445751309,2.314893921182576,11.357516464592724
4.5695549358093235,2.1460291127761466,9.806397924676745
3.64427938018303,3.3675480196312138,12.27228580971823
1.9654749378250496,2.000650628150093,3.9322286689729506
4.028930604689474,3.0996818208674854,12.48840295289261
4.709191065246032,1.7198959769821007,8.099318767956705
3.6943056985586233,2.4650619292360587,9.106692332476685
4.021532773462438,4.868928882159141,19.580557071260817
4.171289052737226,2.239897915215307,9.343261652986545
3.520832828592679,1.543121779828371,5.433073820936093
2.8886792330495177,1.2297240134666665,3.552278220083465
3.092993222806419,3.390263425861072,10.486061799716769
4.713111333731529,2.955542367339909,13.92980022883344
4.913136167824058,1.1135236483492763,5.470893310432228
4.367450569657036,1.833192128908797,8.00637600769352
2.428130522695473,1.8589111337667101,4.513678862877396
3.185482258928503,3.4866942385269555,11.106802639135843
1.2768869379630954,3.2237323003137353,4.116341665760332
1.9510760938109786,4.954322218156205,9.666259640881153
4.427308805609281,4.138391813269484,18.321938515949345
1.197574490065517,2.949486921839724,3.5322302963771186
3.455993374411322,4.021229072744158,13.897341032393994
3.313794386196851,4.418014825527962,14.64039272696902
1.0995450530552926,4.061782105093801,4.466112420244402
1.544832414663957,2.2791164977252865,3.520853042481415
3.3610504587573153,3.915995261574121,13.161857670405173
3.149567733403881,2.472145728395775,7.786190418427568
1.1214993865426273,1.994510338894746,2.2368421215233854
3.064177537199509,4.401455445404052,13.486840906791555
1.0869817973525615,4.791415355105983,5.208181274555763
2.1642578831750408,2.988651807096565,6.4682132335740725
1.9808601120880263,4.67761530821242,9.265701583730323
1.301147145113302,2.2962551392787707,2.9877658189243204
3.6948244938349295,3.033215464830811,11.207198794535781
2.7158624828248263,2.377631041301233,6.457318943069744
1.9894103000228909,1.0272569925661093,2.043635641781556
2.0752841727488733,3.632934087077928,7.539370611552702
4.641694961003902,1.289750338399874,5.986627646703774
3.2007040519878402,1.9287623560153282,6.173397488219874
2.014810803551019,4.6630936677060415,9.395251499664477
3.0517608173484545,1.216204416281014,3.711564983492547
2.514862637790275,2.563487388903953,6.4468186568011
4.581387078123812,1.7501226347031178,8.017989223760864
1.9087576106701971,4.917962780897986,9.387198887031799
1.6605083214131362,3.551703144316814,5.897632626327271
4.589535135922654,1.7075925696395338,7.837056096201092
1.8358972143702208,3.587349765169299,6.586005440845982
1.009056792633046,3.819456260493486,3.8540482838157653
2.9951456726866263,1.2592926099552466,3.7717648113537043
4.596648760253222,3.497981057232661,16.078990290117765
1.7141300487503148,3.0461521065713946,5.221500858938099
4.33652635701011,2.143292678637646,9.29444519169895
4.814272948530029,2.398420272545017,11.546649837319494
4.440809717539713,2.6354381351070555,11.70347928035815
4.114563660114106,3.007474854695971,12.374446745838995
2.164060146140491,4.238607795476288,9.17260220531064
2.3685038493112165,1.8951876631458058,4.48875927532797
1.6283148000861631,4.569903457747281,7.441241435214829
3.051118786105252,1.4525921782126376,4.432031283494126
4.310525507328223,1.5105177097471967,6.5111251171363005
2.986497865993768,1.7624062201259818,5.263422415420388
4.293431734155856,1.6461942318554237,7.067822555632399
2.9199445108894277,4.019367927793059,11.736331318004357
2.3939014310733837,2.3145070548961693,5.540701750945383
1.5084071828504797,2.0488940669489413,3.0905665274855147
1.0511483764179221,2.4335422735805214,2.558014009818544
2.4123699568691013,1.7937332336203236,4.327148163423334
4.288222394155014,4.2673408324364654,18.29930652114615
2.383938890986511,3.3541125989329474,7.995999469344095
4.275900722474139,2.1186414739428208,9.059100609095783
3.7602661252022984,4.998603678435386,18.796080085332186
2.7572885423849613,4.67680994222703,12.895314468614663
1.1706055262979516,3.766302593380962,4.408854629522061
3.8380886708923287,2.1755323874462937,8.34988620941696
3.2707006250483683,1.1393256649431103,3.7263931644630786
2.86037016045802,3.0884668647637024,8.834158461533429
4.904514778952913,4.090778050065458,20.063281403962215
3.9935742728332855,2.3060112911892205,9.209227365356337
2.3800068165820614,4.4870990551244,10.679326337874999
2.3624187784248774,4.1153295499058,9.72213180810426
3.4587591100391677,4.546955576315238,15.726824022523722
1.61954040403274,3.1647375295727276,5.12542029730179
3.1656343938196203,3.4404755084339773,10.891287600592644
3.230985773566668,2.2410020751645496,7.24064582339004
3.6363068367460936,3.7081890336361636,13.484113134958072
4.406610934506098,1.1511596617670259,5.072712752904917
3.6380414344896943,1.7065729317326803,6.208583036622043
4.614611436575929,2.828026872076025,13.050245146826077
1.084610890030878,4.560579596994266,4.946454295752614
3.4231831273827598,3.2657175128391285,11.179149088749297
1.1241346197160929,3.992455159684401,4.488057062665376
4.363092431321895,3.8187404059339523,16.661517362313525
1.5077720299169872,1.4031197056936566,2.1155846468702504
2.9701127032083723,1.3077873268780995,3.8842757526555634
1.4292585206638035,3.419799331857249,4.887777334017356
3.571969256097251,4.609051863761291,16.463391557113066
3.1950871068483813,3.611466460255213,11.538949923976793
1.159789159179184,1.8559060893230357,2.152459762851491
4.003109844937763,1.986884074321026,7.953715198664553
3.1269318474951007,3.7014216741134334,11.574093313793927
2.8114953247281727,4.568407362339225,12.844055940670493
4.574766951474858,1.8128036285816589,8.293154129549077
4.1377926263897855,4.079909737585016,16.881820428515162
4.486601816023272,2.9519814468325025,13.244365320225713
1.8168982171235593,4.129748604298712,7.5033328763188365
2.9637412347589467,1.7972681082654596,5.326637602383549
2.4753840421316498,4.488895590103844,11.11174051053819
2.2739533997624464,3.4312427419010545,7.8024860983561215
2.2075935727539155,2.452424500242147,5.413956564398797
2.1308448156619826,3.817813149120505,8.135167355969575
3.432466911223501,3.7323316993790803,12.811105059829272
3.200072309873353,1.8776709335464026,6.0086827614958915
1.2462022963859902,1.0093801363611155,1.257891843859626
2.2469011592274644,1.200757201127428,2.6979827471639433
2.405443513345978,4.843172910001892,11.649978860377015
1.4541074722689649,3.083592073307567,4.483874275225883
3.229381663599316,2.7598611923192453,8.912645128555116
3.860174871119404,2.386103236562482,9.210775753675172
1.5440474768798427,4.502281953179413,6.951737090008322
1.9748403369003458,3.681242808539005,7.269866788227144
2.9505051771282154,4.591953313936843,13.54858202590172
1.7018501384340956,1.795501018910497,3.055673657591389
4.5591270841280265,3.5713299437864148,16.282147073074064
2.1909008470694067,4.6173186353056455,10.116087309280495
4.032941445009146,3.2172820854034483,12.975110262509022
3.071731321816268,1.9969080423719774,6.13396498054081
3.396425617194225,2.0245765056188345,6.876323507653377
3.8191230504082156,2.444584334113524,9.336168379079778
1.7210065585366259,4.330473118079429,7.45277263778125
3.126286770057107,4.008999418723507,12.53328184392193
2.0113587651244953,3.682207338079585,7.406240004452108
1.4364922568952259,3.3212279219202223,4.770918193222621
4.397348767646065,4.708270091291972,20.70390568368758
2.3194044495177173,1.9043285320765038,4.416908070641786
4.071602424725298,4.32954667944109,17.628192757973704
3.89223557220463,4.062132038770594,15.810774820295022
3.3805775483027936,1.1852144344707254,4.006709307096127
3.444580218143397,4.231422912188621,14.575475657923647
3.063477960240477,2.1800404396193023,6.678505839206693
2.6095984457737096,4.882516356595816,12.741407095637156
1.093289961510636,4.910816715402552,5.368946617768244
3.3764778734921665,2.423175419200842,8.181798186521748
3.1883308957984604,1.4516034365455068,4.628192085185259
3.880927775612375,2.8205607787340967,10.946392668992026
1.9810121837456607,3.4072481719130754,6.749800141604932
2.826437652761296,4.069315708838166,11.501667140433216
3.919789935834233,4.369281288520038,17.126664821569676
4.402216482527589,3.097623107193556,13.636407499145795
3.0952062722220455,4.130568423290009,12.784961291609559
3.452555011807609,1.8126837172841812,6.258390252931546
2.1113427112344136,1.4229425802507762,3.004319445317566
2.8148867662026182,2.3952046620865155,6.742229905654146
2.98469792076707,4.970683071621922,14.835987428662023
1.571864208018039,4.587167671516093,7.210404679033596
1.2766348182441827,3.0002297859385134,3.830197807462397
1.74323917525476,2.261144587291571,3.941715825481923
4.3378454555076456,4.823608054671985,20.924066279108946
2.9183123689345054,1.6841630421110412,4.914913837095016
1.4749292708494792,1.79828044984809,2.652336472677317
4.830732596117722,1.597236805148786,7.715823898351171
1.5460258465427232,1.7999141785916701,2.782713841661437
3.323078524014933,1.4544351312602526,4.833202149263785
3.15746677785689,3.005563100366558,9.48996563815996
1.8399822661258711,3.4826722832895105,6.408055239980795
1.5342534772051089,3.1045017158042243,4.763092552461858
4.683196419904892,1.041761184198465,4.8787722482341325
1.493252694642314,4.180307188927406,6.242254974298485
2.1763283874738035,1.4537851867348976,3.163913971180062
3.220773030176254,1.0152639324427186,3.2699346921221943
3.8065343639961635,4.113643259763434,15.658724429510707
2.146791932578078,1.6916862703424105,3.6316984376241845
1.1487837024145606,2.565183921965527,2.946841483249861
3.4991268080807476,3.3104132465073293,11.583555736679417
3.1710231246411498,3.8787874836288982,12.299724806155892
1.2307532388905407,1.8978945464630543,2.335839860132098
3.2182265785482915,1.368616263137569,4.404517233862767
2.3088205890352507,2.204128802698504,5.0889379605559215
4.241634705355802,4.165767123183045,17.6696624041234
2.4184959738454284,2.3730354431748326,5.7391766651108345
3.2481641827745555,1.7275936532202434,5.611507826778641
3.0791394261792644,4.608049913090879,14.188828165200057
4.7678882909207445,2.874180298860884,13.703770592933894
3.3729515804879364,2.641948781724654,8.91116531888635
3.6032780527490553,4.444087747029833,16.013283843363595
2.703974204589701,4.19221204353253,11.335633225882237
1.5427559314791917,3.0082946837759734,4.641064467032702
2.8818537592936484,3.4369075360014456,9.904664902970437
3.8924576140661733,2.1367357589016565,8.317153373984215
3.0406046338333863,2.005148428974386,6.096863604663253
3.4181966312787977,1.830010278358749,6.255334968691451
4.189681432472501,3.0585148052733033,12.814202690595804
1.0331144644437535,4.661870110179999,4.816245442184952
3.213714336627997,1.2732998595880174,4.092022013584427
3.8710430432332745,4.812588628744351,18.629737731244383
4.879207201277991,4.058222066931863,19.8009063333592
4.387384324683686,4.14607177923351,18.190410333222502
4.107041845815088,3.7205652740650534,15.280517270671655
2.319949059530808,1.7183509105615609,3.986486578901201
2.9713961753040268,4.854361241111553,14.424230425382977
3.5539745605353477,2.368660829703509,8.418160331302822
4.798778881113808,4.08603440768867,19.60797562312076
4.975742427445718,3.9922890241153417,19.864601879916567
4.167361105445492,4.734232972754233,19.729258354773577
3.4197580421526186,3.9896121219024585,13.643508138945506
4.983363791823885,2.355356916708221,11.737600375545695
4.345307277295431,1.0839241712410375,4.709983589330099
3.063695977806496,1.9337653854168413,5.924469233323005
3.121970123475649,3.6411041583848385,11.367418398940414
2.281515815162581,1.8192503180640536,4.150648372402694
2.3381220997769714,3.1254436688146985,7.307668913663664
4.185169987133931,3.8250122247609637,16.00832636348997
1.8011276189590326,1.8139609522363447,3.267175170786107
2.984596225891841,2.9307656565148323,8.747152117407593
3.6459088133498705,3.361269027119591,12.254880370015261
4.465883384954111,4.89773957801758,21.87273380530087
3.7459766191172506,1.6610137379174348,6.222118626271259
1.9037059610609384,3.874985447393243,7.3768328952269036
2.466013232447701,1.4186560159283585,3.4984245075708684
1.949108885570384,1.4179002957240008,2.763642065248525
2.842095120507183,1.8131332056670155,5.153097036655772
1.1392910068639788,3.6121843999187884,4.115329201961833
2.8076763660257402,4.215984544237858,11.837120164386436
1.4344313333880945,3.3328991251658038,4.780814936159597
3.4244503882432484,4.315148788854293,14.777012945319466
4.261544198956873,2.5322015180944337,10.791088690025122
4.456367183684836,3.4496230729497857,15.372787058375467
4.7437205233138275,2.267097689845603,10.754477839677953
4.8971089507466345,1.2572292669016782,6.156788696084838
1.182549195117883,2.962657181276968,3.5034878651292947
4.610175132929358,4.917166542800357,22.668998920090427
3.1659197222536277,3.112810801564339,9.854909108316665
4.244702209061108,2.9461263363074965,12.50542896789754
2.7058589956750074,2.809119798577036,7.601082076908438
1.4513898400503908,3.6990247980076436,5.368727009922743
3.0483450736785898,2.6300622297241074,8.01733724144761
3.0974397837506804,4.6737024729495165,14.476511977127771
2.742814783570517,1.6885721650447731,4.631440697410479
1.485325554818091,2.3567004689051587,3.50046743151661
1.1429255158388583,1.1339167733203719,1.2959824130655198
1.146160218914793,4.496772983833994,5.154022307561298
1.4501667124554984,4.04644528368048,5.8680202541659785
1.1125724053510022,1.3872820779926718,1.5434517584126435
3.7520945335818467,3.239093080492124,12.153383441077283
4.7489544401155666,3.4734822160718664,16.495408792676947
1.8450047731636818,3.236694974659812,5.971717677522255
4.513518687895437,1.4043479974919446,6.3385509309884265
3.097075180426442,3.162331830963293,9.79397942594892
1.3028018504586991,1.8641309174533376,2.4285932087554807
4.493905270096646,4.0174860227904,18.054201610357392
2.888728815624899,1.6158874889418429,4.667860752114062
4.838298635402605,1.1230294818614799,5.4335520096072925
1.0286120128636917,4.359545017821059,4.4842803759507985
2.352940769945834,2.3521607370068813,5.534494895569332
1.8186963736350443,3.6224796559741494,6.588190613886908
1.0683650118359433,2.810895397845749,3.0030622949890726
2.3514703864180753,1.1219935678381594,2.6383346485229917
2.9868074219686416,3.30530754257983,9.872317100066368
3.0941065513413406,1.8309472296572822,5.665145818442875
4.118449904936909,1.6273105671017452,6.70199705038301
2.283589624973913,2.7723950779507387,6.33101263633705
1.19582842039179,1.6576245118556838,1.9822345016150942
3.549880605869696,1.7276467584222623,6.132939721516837
4.634474459309515,2.5560560559223866,11.845976507735713
3.3490505172103537,1.4080465408463008,4.715618995877553
1.9471617802569732,1.6789847796585655,3.2692549925843344
2.0625825632656953,2.2116257227546887,4.561660652223712
2.435284440845331,2.969654347240797,7.23195302652421
4.4838670049084275,2.4347180414240372,10.916951892196511
4.312902873189735,3.2859589971262873,14.172021999889624
1.333805567112198,1.4062740548675534,1.8756961632677873
1.5781557122712973,1.2970646782817732,2.0469700312157126
3.759428854663877,1.3434775224011122,5.0507081633070765
3.691425407610675,1.1765631457565466,4.343195089904058
4.520057547802045,2.5052582634552985,11.323911522924567
2.845355460855663,1.9456161090941202,5.535969420739702
3.263270683687735,2.8796102269203665,9.39694763395662
4.496297525493243,2.28992025408369,10.296162772013354
2.1380969769526756,4.522968351781119,9.670544959795835
3.9773537496810847,1.7644599932758251,7.017881570417865
1.973260430497772,1.7334819818586227,3.4206114017824767
1.2875646151714917,1.3951242308581202,1.796312593421259
2.8015759635333124,3.4562281040146616,9.682885580695789
1.074373452975136,1.4456098461990168,1.5531248421156931
3.9426949871606047,1.3033371032644276,5.138660663621082
1.9918161046452778,4.759734159175068,9.48051515207515
4.593966237388894,1.289090517227454,5.922038313081111
1.0995511166878806,2.2700520464753495,2.496038262641579
2.549158883760751,2.6172703031764413,6.671837844545419
2.6475911610635148,3.5534676577367015,9.408129561748762
4.957335602324667,3.5465435675646684,17.58140669268387
2.5867108258912195,1.1113134912350886,2.8746466387367704
3.75535759799955,1.571785455235315,5.902616451743121
1.05520994851826,4.759954066291124,5.022750885240339
3.15466801966824,2.6341092331983678,8.30974015828372
2.664067062070172,2.5017268001170536,6.664767966490051
1.9906227489190416,1.0627665872338476,2.11556734533875
2.9721025303568442,1.1758289393708536,3.4946841659709187
4.544258754986498,1.3333214967449774,6.058957884795065
4.503765971272182,3.3884425409435646,15.260752211512674
3.6817744301600617,2.2567838182215687,8.308968956327165
2.410661474966562,1.0036123786718707,2.419369697063831
4.097866603786883,1.7898511785048727,7.334571370143713
4.09444326206015,4.172736470373341,17.085032725472775
4.563323267509121,2.092511017655067,9.548804214384557
4.625322992318948,3.87197711290475,17.909144766051078
2.22610117987899,2.132282552114577,4.746676705097644
3.171706810036154,3.2217838091949154,10.218553648087735
3.31004605225093,1.6905044715673352,5.595647652424002
1.8024352233807956,2.630039558986659,4.740475940002448
4.7871935448346274,2.0083277729531113,9.614253750593237
3.7888549190509297,2.9075500447720417,11.016285289521301
4.051587240297956,2.9247693515516744,11.849958185561292
2.8581639237236707,3.4251010090898975,9.789500139290285
4.4645346844159945,4.629756648069769,20.669709135713017
4.463613393898167,2.0298947036607444,9.06066518746305
1.2744674799935098,3.7888688158750337,4.8287900917942475
4.374146882483009,3.0889823696287904,13.51166260215675
4.400810069342025,2.0988193868742413,9.236505491486417
4.30156042959424,3.597392456534031,15.474401040747605
2.5559017577350005,2.0920904886689966,5.3471777573297645
3.3299881458189446,4.689162700583504,15.614856206759416
3.2186509259360587,2.8639624088808793,9.218095259190507
4.001819733136033,2.528435609146138,10.118343514644842
4.92984318177464,1.3883803712336795,6.844497506836098
1.243400975656729,1.7031106477109788,2.1176494410151947
4.158276681339149,1.522610516228192,6.331435804393455
2.6713248979303654,2.3804294016578416,6.358900328414075
2.5007199689687427,1.6332481629817313,4.084296295449931
3.373269672172242,4.5373633324015525,15.305750120816537
1.8240404500042642,4.206673354709991,7.6731423589461585
4.477471222379359,1.891766225565922,8.470328834440634
1.2109291790349213,4.374650617960181,5.297392081371132
1.4134195639595326,3.9786731540867084,5.623534474586734
4.255336269955278,4.533385262215685,19.291078731987124
3.762695020834614,2.1574930705411646,8.117988434010423
3.925755171087555,1.2362272799237717,4.853125636800249
2.5212199416817813,1.733261437450261,4.369933300247627
3.852311953139959,2.6377978892633696,10.161620338776633
2.226626655033012,4.808256049823182,10.706191084760034
4.127959493644569,3.9253297035294596,16.203602015369455
1.5410071411137793,1.0378617078876422,1.5993523033433998
4.709462578676762,2.332153169391551,10.983188078991917
4.441264192370353,1.6018480020343193,7.114230173055015
1.004070557804309,1.8811869622274813,1.8888444424979407
2.549216502069237,3.132225411107902,7.984720706196863
2.098860210683953,1.4624951168726756,3.0695728091236365
4.1085440358185465,3.5446987705406294,14.563550992478037
1.7229025036645766,1.0133979892710197,1.7459859329236875
2.11206164879387,3.793913110557606,8.012978379664977
1.2634519565675073,4.093735980897481,5.172238734735727
2.0465091467601795,3.94813123133375,8.07988667753405
1.771195028705407,1.0414959721561496,1.8446924882996774
4.719922561112853,4.813879353173917,22.721137765520915
4.227892803183962,4.96659861006214,20.998246519785187
4.757111684272024,4.6549199304709,22.143973990593835
2.0637433709308723,4.678868213111786,9.655983258268623
1.8418010198173422,4.876286336239248,8.98114914700682
3.2791939191478647,3.805169214139987,12.477887748336505
3.545621779617863,2.0207309889458456,7.164747805155133
4.737268461120186,2.0650845220067557,9.782859775650058
3.4865202175637067,1.0725087231073553,3.7393233466272298
1.987730968916034,1.268223143467007,2.5208864177654124
2.8512151918130844,1.2305136664504919,3.508459259517261
2.527546840066205,2.317973530671172,5.858786672805026
1.4298231467538094,3.3824294965213633,4.8362759863890785
2.3930617855706684,4.591137973514252,10.986876836699317
3.2579264325689192,1.2027130648944055,3.918350684915462
2.9328794690881863,1.9991046119192344,5.863132872857429
1.6369628683296442,2.6524482496832307,4.341959294897405
1.8719174060613453,3.421448197442381,6.404668434729607
4.768549603933482,1.0716394407495629,5.110165830745826
1.7609076299905824,4.119665886489695,7.254351092531621
3.1146213132551033,4.315135406836918,13.440012707715995
4.872588022696389,4.359999746198898,21.24448254228805
4.043242737955463,2.432122730475041,9.833662567809622
3.997732609796549,2.2380436747384667,8.94710018065087
3.917052496478269,3.8805905402649943,15.20047686355495
4.821017805216492,4.546516210402764,21.918835602057136
4.655871186092853,3.9814435827094132,18.537088455791057
2.7590224189987267,1.7438858263093544,4.8114200909616285
1.7423768694039516,4.906799685211448,8.549494274311018
1.8841310256706394,4.741793279362233,8.934159834962909
4.711362635357807,1.2681233114004544,5.974588786358313
4.9657195577472555,1.3883638021432732,6.894225285571192
4.942980771437513,4.897051238854392,24.20603011040151
2.1871430900100983,3.994182492115446,8.735848637869612
1.2076788634523106,4.157749615544631,5.021226330220221
3.3600913626641122,3.8589308314972577,12.966360156032176
4.522824603277303,1.4416980805452675,6.520547549187798
3.894262832139004,4.385441133368035,17.078060408208685
3.1684784321301165,3.8195471384098902,12.102152728556042
2.056189784314061,1.9221460752510073,3.952297123890488
1.0440196409435414,4.585992056766651,4.787865780475451
3.6237486827563017,2.0308060447761953,7.359130729691273
3.845111240831845,1.320749716856556,5.07842958261062
1.8498517352673227,1.6956557223520177,3.1367116804088453
4.087740557815543,2.3718644108644753,9.695566349929985
2.5985122237473663,2.6070811565148215,6.774532253505185
4.562628992473669,3.0428696809545586,13.883485426642372
4.027430561811687,3.528517447632339,14.21085900648025
1.388093112261151,2.1251376022271558,2.9498888682586926
3.2240439846647746,2.7619185591372974,8.904546916720605
1.6520169456594997,1.425309611700507,2.3546356313405994
3.263517699801077,2.896181909881504,9.451740924741975
3.285271284092754,4.973643405145083,16.339767856240446
2.173143288441312,1.4149087240294298,3.074799397381616
3.4051315971127716,2.0593860317899098,7.012480447500509
1.506727652829944,3.823153609431373,5.7604512643468615
4.262945689809602,2.6825374065463437,11.435511274989762
4.209888764335226,3.0859557707864353,12.991530526669266
3.6791351279625086,2.930082583134689,10.780169759441963
1.5381344531896057,4.605352083228222,7.083650708281853
3.6408255123147977,3.6042908656461345,13.122594137447633
2.501039099797079,2.976694621262347,7.444829635932788
3.1713505091978433,2.6747821907355145,8.482671862582396
2.6743184478543527,4.653394593953853,12.444659007756503
3.9441456974907583,2.7613813658152493,10.891290433111369
1.1616518711279404,2.879403243333333,3.344864165350027
1.6568132624974226,3.6556671583472995,6.056757831226071
2.7281828687286387,1.086189786155983,2.9633243667787763
3.4041408844022922,1.009716054208194,3.4372157017674745
1.0861668471436956,4.418889196746117,4.799650946707068
4.087039078497041,2.4679569332073066,10.086636430065973
1.8150199318298585,1.5783511724361663,2.8647388373986677
1.29949760977216,2.8137943623003974,3.6565190481997454
3.7850501238018173,3.1048147573691023,11.75187948176163
1.6624997213709505,4.437149262340655,7.376759412322657
1.2724569481878052,3.180162708902926,4.04662013531128
1.2421935759275398,4.310880453680617,5.35494800615366
3.2334383769635666,1.6127409269871409,5.214698405420019
3.0681506350795855,3.53857306500143,10.856875196659653
3.0777609694398436,1.5983185209518211,4.919242360518334
3.3565481781639273,1.965780232333152,6.598236057508503
3.8263432621042845,1.1782284614116945,4.508306534542135
2.630297347650898,4.769709742654097,12.54575488516772
2.6187490891389666,4.8855719585034665,12.79408711625383
2.784476742322755,3.242808158194582,9.029523896307303
4.510798688898787,1.3579126407053557,6.125270559332808
4.121149369541525,4.709933161267384,19.4103380781398
4.0240250596630975,1.1089980704862987,4.462636026754888
2.0074921389763816,3.1006128215356354,6.224455865242167
1.201610126986588,3.0268811089218874,3.6371309936649334
1.086880558955163,1.061076602951537,1.153263531310212
3.678551848350135,2.6491092200985693,9.744885618074978
4.9609946912149745,2.6252247903934873,13.023726248388035
3.9832437242077927,2.4550898157779244,9.779221101063884
2.3858702349965886,4.9355839473901035,11.775662832405017
1.2691469192518676,3.2451812536580555,4.118611790494035
2.904555897629446,3.125291591560657,9.077584124079225
3.5635352741175117,4.110931439432033,14.649449193894727
2.8337958802050403,2.1570398137849436,6.11261053774202
4.242922608444269,4.70144670264878,19.94787450706427
1.7605653357843392,2.3299179429153716,4.101972765518758
4.549392399806985,4.998601436470629,22.74059938474376
3.732113556460533,2.694490748908276,10.056145451758072
4.906974283923882,3.9874929050281,19.56652514230182
2.2234194501789677,3.3744819672111968,7.502888840175561
4.13249395225527,3.439565725060824,14.21398455719837
2.3235166906568754,1.7750456447626806,4.1243481822838834
3.091779227133908,3.199623924228777,9.89253078357121
2.1487863812501713,2.40995398634387,5.178476305295269
1.4131066856799408,4.795291840279912,6.776258959286011
1.4916026017379913,4.62512402260956,6.898847025485304
2.4647895288395287,1.2544642371950068,3.0919903161419198
1.0599848384464936,4.926181445314803,5.221677643470127
4.745990124294677,1.8421902527070988,8.743016746419805
3.099071548607923,3.251797129401342,10.077551965572615
2.520267762159309,1.8113829779761574,4.565170124317436
4.763586791258065,3.0358381084553763,14.4614783138359
3.934841442514132,1.845784757432536,7.262870357506436
2.2467643441515195,4.651139682424308,10.450014798139156
3.3761252538509448,3.1307398137683076,10.569769748499787
3.221099508612494,4.07803516435605,13.135757064011745
2.637152428511058,1.5314905641276773,4.0387740604310745
1.0231385429957776,1.3268710159391937,1.3575728779913538
4.445516350339272,3.7879872172299107,16.83955910907173
3.2281004992703424,2.5354822777638995,8.184791606740749
1.4490992111210534,4.464186489938928,6.469049120867766
1.9222056554783933,1.4937223482321813,2.871241545486365
2.33244825090448,4.576849478293279,10.67526456029824
2.296292322613042,3.5127641957693028,8.066333453895027
1.9950044919791687,3.4948052903702393,6.972152252881191
1.0038921774827823,1.5293088275767142,1.5352611689596283
1.2359960267654233,4.467766669959559,5.522141852585001
3.278923701733962,4.213554044846548,13.815922226184352
3.1972560794958373,3.220983476044087,10.298309000737593
3.8426762166862054,4.129818903724353,15.869556880562671
3.4131043620227635,2.2145556433790046,7.558509526359008
1.7524157155328104,4.04223557259746,7.083677143305557
3.1622656893464542,1.1011878749400368,3.4822486344472123
4.045599066931221,3.558862523130311,14.397730902912476
1.0716834166250262,4.389502564194764,4.704157105280558
3.292620400606842,1.7033833480974194,5.608594761999549
3.732179480577753,2.2852296385326176,8.528887165339551
1.269649174515382,4.0544756429436815,5.147761653156167
2.2589068391384792,3.739028358332464,8.446116730369923
1.7135328751238785,4.935928522946963,8.457875793331269
3.2896416082249775,1.7836535355472947,5.86758088519397
4.300961992709658,3.0845767990143975,13.26664757615494
4.353191397617568,3.412793827491267,14.856544731677317
1.6479982480850706,3.551765507274819,5.853303333597884
3.7544816379350343,3.151986050472096,11.834073749524855
3.5257419476851144,1.4007806826767313,4.938791212420343
1.923041959694094,2.3640993093146254,4.5462621686958515
1.958997556116667,3.1892829321040526,6.247797469756437
3.382689484783231,4.966593173836129,16.80044250433165
1.3878680979866997,1.3381821239742684,1.85722027915997
2.1437083238833905,3.7024057897369373,7.93687810985313
3.6643500365284924,4.386611449815661,16.074079826368322
1.2835657811754522,4.133066673692955,5.3050629536689256
4.907201344488526,2.819951155380477,13.83806810107505
3.939857105106587,2.6900303976557693,10.59833537515678
3.3949740488858025,4.014599748155989,13.629461961653062
3.169934952072625,3.049767265347755,9.667563850112797
3.5394264455802955,1.1776952324935208,4.168365650721402
4.159355601559714,4.1211628865790395,17.141381937232527
1.5062752205379049,2.639846143476692,3.976334831951492
3.049076860853522,2.238468393171837,6.825262181372213
1.253435961397484,1.9168257513454612,2.4026183284691527
3.9128031080378283,1.6478598249558476,6.447751044697912
3.3458710558418243,2.4399279519984094,8.163684312930899
3.6241749367865244,3.653217048711416,13.239897666581149
4.774613624492726,3.44676279478273,16.45696060036425
2.7961742184787934,2.01079283407867,5.6225270813526835
2.2780683533724453,2.9927694231499924,6.8177333118187065
2.520840142452317,1.8989912538777909,4.787053382940994
4.624805321550721,2.8115644828644535,13.002938382234527
3.304785916713563,3.4246596286415363,11.31776691027205
4.924052504331638,1.1937151133021482,5.877915893113968
4.820058618779962,2.0981724087706026,10.113314002581056
3.3926196831977515,3.464092048757705,11.752346869024215
2.4551657389710595,2.11887457674055,5.202188265990203
4.610834422215228,2.9774909545309334,13.728717784985703
2.7865405511351065,1.281670613881253,3.571427138778337
3.8664712403339694,1.744379013561968,6.744591288179488
2.8895405178072116,4.665618996576558,13.481495131258992
1.3601757462631525,1.4110973572156107,1.9193404009007056
4.628949386845514,1.5821526043000365,7.323704327570687
1.298614363528464,1.1478713169498418,1.4906421796733984
3.0284659477493947,2.662951078947533,8.064656663115114
3.511861058274535,3.126662010707123,10.980402557788702
4.825480812643731,4.730738642388088,22.82808854847597
1.6790166429435671,3.090413607042718,5.1888558798039845
2.1712867739788035,2.899205680064607,6.295006948168504
2.8619125339852594,4.84426962204447,13.863875949333103
4.425627827452395,1.9711055434249318,8.723379543827054
1.044985835562085,3.735138671593644,3.90316700567554
4.0840322428786,2.4440421954326377,9.981547129102692
3.2662260742439866,2.1965005033610256,7.174267216167824
4.507539247861457,2.8761594149898833,12.964401446173147
1.589365237206219,2.7603719444447163,4.387239210259769
4.410356155748321,1.134072129903291,5.001661999181589
4.197552091823987,1.954781255037937,8.20529614614281
4.120603333856447,2.2988722126328405,9.47274050348483
4.798288945514227,2.1169382906050247,10.157681598145874
2.891654042718684,1.6596364036068514,4.79909431593285
2.526613226161632,4.780198920149134,12.077713815332352
3.5338662040678406,3.188300193628976,11.26702630268839
1.4218392414861674,3.642478735407607,5.179019202281446
3.7072526539219735,3.531481677347635,13.092094820623842
2.3560908812574235,4.782029578669337,11.266896284206103
2.685636356572682,4.892442008795511,13.13932013124471
1.8706954426137892,2.0153164987400016,3.770043389617299
4.509275303858974,4.444169070839996,20.039981837312677
1.4336966741342523,1.484895730351361,2.1288900700408977
1.040994441824405,2.7954800257020973,2.910079168987028
4.859259426885387,3.5623648871588762,17.310455159932268
2.7330973582072144,4.787666099454982,13.08515756839865
3.430614635884839,4.312472512291175,14.794431317517168
4.809229729836922,1.6047770467516318,7.717741482997844
2.914819956620963,4.852788408265145,14.14500449767012
3.5159650317843467,3.145594304287692,11.059799578055534
4.2625154256683615,3.859002261356878,16.449056666722782
4.759377274509374,2.613918168238593,12.44062272734193
4.012735525722302,2.843580153776714,11.410535103298708
1.4098244168762002,1.0419389525159617,1.4689509761514146
2.28238022408817,1.6127847401362962,3.680987996598261
1.9994674845518987,1.1312464035030767,2.261890400820679
1.1242911504584443,1.915181182187185,2.1532212546575935
4.415690943750021,2.9969855254948596,13.233761843477549
1.2970431642880484,2.1815574741566075,2.8295742093563288
1.5451931156047012,3.590859252971251,5.5485709967966175
4.6778159553099545,4.740711834803594,22.176177460370983
2.846400334929336,3.8679607812306513,11.009764863188462
4.399541060386759,1.7289382743574162,7.60653492890968
4.598838786385623,2.076742238249673,9.550602754587889
1.3625354187070107,1.5800612157887475,2.152889370237429
2.1800072358546316,1.8979296728161414,4.137500419882402
4.164332211597843,3.988940314247999,16.611272640764167
1.7812349454556475,4.562441372135886,8.126780008641056
2.706521310408493,3.960316246685067,10.718680317610113
4.9676247457234615,3.646108527233384,18.112498945477885
2.6479313980721866,4.869011795445806,12.89280921074478
2.7209839371591373,2.7425975494231714,7.462563878072462
2.6387963508994643,4.799154049814195,12.663990194054085
4.50239766048951,4.714252313714182,21.225438588223994
3.1401168669675603,2.375159760348899,7.458279225214206
4.2703658486678435,1.824979373444104,7.79332959087894
4.679708148289238,1.4150342493794632,6.62194730692942
2.467695479412092,4.953171973316121,12.222920087302864
2.4327084244130615,3.1241887409912494,7.600240269665848
1.3731030570830338,1.9509063579063612,2.678795484123952
2.6442586344732444,3.3576055845393307,8.87837755807371
4.862337479218193,2.783136729355231,13.53255002893268
2.32753644829413,4.09827302431631,9.538879839156827
2.2802186181675865,1.5839948987641441,3.6118546592444827
2.742708338352038,4.597847249714215,12.610553990260163
4.545121929106121,4.1606251483080445,18.9105486003653
3.0877033013332147,3.9680982868443184,12.252310180303876
2.7679240871429838,4.674522223999498,12.9387226596934
1.1085495120947444,2.2766745588181214,2.523806471376346
2.041947572234339,3.8938385952995347,7.951014266344254
3.255726167742186,1.2324801327012835,4.0126178192579305
2.0447361291670334,2.4324337161544074,4.9736851012249454
1.2152698766263024,3.158468386705323,3.838391486639454
1.428120966518427,4.727171149266596,6.7509722305886335
2.421299874261336,4.126862665547556,9.992372053184098
3.603508618784647,1.4389331733848247,5.1852080921473584
4.894816471176659,4.071357047287647,19.92854553510474
4.505865950549868,1.5062952748479725,6.787164590411635
4.182070478097817,4.273521260408746,17.872167100678787
1.1006583626300648,4.249831161684414,4.677612207873793
1.4290803697757433,4.6605256706590055,6.660265748774715
3.770006995014287,4.991446483680877,18.817788158716375
3.1008211336087954,1.2389272602793264,3.84169183167818
4.007473127891609,1.0931239796238126,4.380664973796364
2.136861270014615,3.7073571325316674,7.922107870619359
2.993771957457644,1.5054174416551969,4.5068765210949575
2.085876893691028,4.038989921179109,8.42483575043845
2.091721195122181,1.9254442981674136,4.027492648503931
3.837039130248847,1.1029748377197723,4.232157612010639
1.811438831028112,1.2043781104176614,2.181657276450815
1.54622212466656,2.687086490335474,4.154832582249326
1.3053779001875978,4.493665027616009,5.8659310178958295
4.534005475853009,4.968021707890115,22.5250376277304
4.398391071522125,4.0086351652235415,17.631545119708843
4.364158692295007,1.3458928099250622,5.873689805331812
3.1161642771437394,4.965881651783654,15.47450300781177
1.2072204206260806,1.2910552387561656,1.5585882483827231
2.075934672334093,1.7699509521735717,3.6743025499478597
1.5713128799690614,4.1786441665689615,6.5659573997373935
1.6759798274697815,1.8764518950463662,3.1448955233151534
4.770747885888689,2.7774731056687427,13.250623946981845
4.176324163353586,2.731489767793672,11.407586719189789
2.474406710181179,1.9434968100939227,4.809001548112119
1.8120988052924316,3.770051288802579,6.831705436330345
4.708071133028837,1.7323878154734316,8.156205065241352
3.434160677808141,3.0912840544523514,10.615966143735585
4.667018574494812,4.150338694980917,19.3697077799205
3.8489817717598753,2.7996943188918175,10.775972399914286
1.7564381951342267,4.672425364559647,8.206826374226528
2.0707174110628492,3.3273937729568432,6.89009221912384
2.2391316184928294,1.5219885272608775,3.4079326343731666
2.7635793334484777,4.2787938473769085,11.824786248697324
1.7441641299258168,4.435291676164937,7.735876647325434
1.7017804217420278,3.4856783164271974,5.9318591153865174
1.2804638300705715,4.133639514554784,5.292975884937877
1.797303961398522,3.97486377464278,7.144038408184951
2.497264696519387,3.0124544488726106,7.5228961450423375
3.969036749296966,3.2478693567569095,12.890912833883672
3.496331437394349,2.5617856751455177,8.95685179187778
2.614141769026621,3.776842777401337,9.873202459451347
3.8447934765735985,2.025840250150888,7.7889373783603615
1.9032973901526051,3.1431540935348785,5.982356983072411
2.355910812173366,2.866930562222813,6.754232709290993
3.192087240876957,1.4843376649552793,4.738135321456842
2.9707533626310227,3.062959683592138,9.099297779634599
4.132285416753769,2.4545206765055254,10.142779996644377
1.9114729702651125,2.3521446752954045,4.496060968980175
4.4571908291344995,1.3833428331005102,6.16582298924453
4.262886472256891,4.448842255057404,18.964909466289047
2.6000383908849987,3.9147233104173926,10.178430896777632
4.495361226370352,3.2482283577804814,14.601959813963019
3.542060984774764,4.323612754775709,15.31450005196558
3.2020851350092676,3.112087730113753,9.965169859441982
3.348392753384564,2.1012767531812355,7.035899853207495
3.057949193812455,4.006736177109179,12.25239566261021
3.589805157768692,2.5350482535105914,9.100329295644835
2.738861924645161,4.699679705914075,12.871773804555628
2.814726891621221,2.3032423045329673,6.482998052488577
1.9122777976193994,2.1017559182422683,4.019141178469863
3.0478406751994,2.2704809697949475,6.920064252007221
2.215612079371696,2.4418595533897447,5.410213522619493
2.4254453059128402,2.856379189784829,6.927991497770736
1.4153936968366918,1.1397059132768925,1.613132565899619
3.2938003394344757,1.224627827002148,4.03367955226058
4.916325171462597,2.544581094030643,12.509988083410681
2.0804903876806304,2.184747874932436,4.545346953302618
4.543314412541447,3.4876922257974656,15.845682355974384
1.0802597919563492,3.4823137789747176,3.7618035584019567
2.740160925744245,1.325087097230767,3.630951887039613
4.443554539129055,1.9090038815982653,8.482762863290956
2.2085386795513444,3.51369687979325,7.7601354672422636
1.677390695277328,4.59020631096876,7.699569355422268
3.6354011763788985,1.1395615234193128,4.1427633027947
4.798586949142614,2.7289038565914354,13.094882431704608
3.513213812159922,4.009787071228423,14.087239322459977
1.3612301445495096,2.453846106800942,3.3402492906628973
3.9963634901114786,3.9971388920693416,15.974019933170563
1.0237402318096747,1.7554413685623174,1.7971159535802792
3.1674521466771672,1.5379079490591088,4.871249834639154
4.396494765880147,3.8051378647253116,16.729268705717192
2.7190273608306867,1.869580950348746,5.083441757286078
1.8784360854790898,1.1588935528356004,2.1769074688754597
4.507772204066448,3.6461318176802147,16.435931660101147
1.6184723289651028,3.9120440382250163,6.331535025560088
2.592346307759644,4.16190584935551,10.789101261820022
2.8420222319253314,1.084899054737218,3.0833072329579503
1.125871321960914,3.57561116698434,4.025678071390865
3.100389628492225,3.9865492187866045,12.359855851399772
3.412369646189202,3.338606257088917,11.392558652267564
2.6628723292792578,4.014156995786949,10.68918758946382
1.140420394790199,2.9188089006049354,3.328669198745027
1.4412220087649215,4.04519509590919,5.830024201972251
2.56908403442812,4.444335906287723,11.417872420479418
2.6960453683361547,1.0032636004867803,2.7048441833126384
4.653582090541153,4.726812461783739,21.996609817503547
2.4899204857269996,4.441299711643746,11.058483135275178
3.897846061985679,4.078168276181781,15.896072155430081
3.46145776282788,1.948464517717722,6.74452763044869
1.1538466720958014,2.5656358999163924,2.960350444928046
2.8405942861242,3.781679975950179,10.74221853163438
3.6901823989013427,2.741627893164708,10.117106995693376
2.2394688911050733,4.008438072791092,8.976772365936824
3.94409577475242,4.439739696547336,17.510758578152938
4.739491366383108,3.4289197073393036,16.25133534895552
2.081794262373955,3.7739839336641805,7.856658099393579
3.350736261928056,1.4437512219321058,4.837629572530847
1.0559837065026967,3.4281416952454546,3.620061773761733
3.5320398996504307,1.355222456237299,4.7866997883324
3.0449342451539323,1.086588247890702,3.308589766384209
2.523101678964653,3.9510356177149513,9.968864600705738
4.616109956456475,4.39348753769521,20.2808215663223
4.763904587329498,3.7768323180215995,17.9924688053974
2.3560460364904996,3.5722088985096407,8.416288616849732
3.1289552654687296,3.739916074668159,11.702030094244078
1.3579840519601882,4.847289806450981,6.5825422523896195
3.1289313336563604,2.16198450841444,6.764701071257584
4.518880617601063,3.766793112555591,17.02168838684064
1.8023329869314306,2.7753237335508474,5.002057514392389
1.1925862232598692,2.706418016180819,3.227636840479551
2.569532214242399,3.8951239553049497,10.00864648162334
1.7987754310811597,3.442210387261097,6.191763473217626
2.147371633206114,4.312282076951461,9.260072206428712
4.703143890870562,3.9485717177219333,18.570700951868194
4.499684862190797,4.3224652204195895,19.449731319668235
2.3300326132724023,1.3771065888985037,3.208703264085824
4.606241639855448,3.2942874087065595,15.174283835635658
4.3609142040302284,1.7121540651233174,7.466556982084372
4.920746694813187,2.476304285569395,12.185266128567331
3.10747152148046,3.6724938726878236,11.412170122188899
3.0876370483126068,1.127735861003706,3.482039025145759
4.777084544613009,1.0013797763647712,4.7836758529601795
4.526936918211462,4.844122478179614,21.92903688280929
4.826345651286277,2.7846552482811275,13.439708747873128
2.3908239142075844,1.2010066007823506,2.871395302271605
2.757719800371588,1.211448273826357,3.340834891856926
4.178170626647072,4.809429312624035,20.09461628494116
3.509985380050431,4.893089396561493,17.174672245210626
1.2109583108677202,2.3837302273466183,2.8865979296719875
4.546432725144022,1.7239078898361355,7.837631245484983
3.1184712383192257,2.7272071226781605,8.504716973011176
2.6039806289110867,1.124291936001471,2.9276344225887736
4.031944843936822,3.256800191164094,13.131238738496524
1.410177289751608,2.1020044595132323,2.964198951762164
2.9243537323594926,2.8962074454943854,8.469535052918857
3.262124351247134,2.108190680383117,6.87718015555003
2.172351309896424,2.6482866455876213,5.753008963523476
4.132608749768252,4.048315342651591,16.730103406863027
4.751832114927664,2.526196004978937,12.004059305060878
3.5243298346991345,1.7429557247658392,6.1427508613519
3.617864606663449,4.646091632769263,16.80893047751111
4.698783546523883,3.8185961110550215,17.94275657744542
3.0727504939320136,1.4320776719184511,4.4004173737364285
1.511257513240205,2.1087622888160276,3.186882852610833
4.370729021792848,2.930653226876642,12.8090911115206
4.776158415583537,3.421880797497723,16.343444768092454
1.9304024939559712,2.44882889386148,4.7272254039816435
1.8251437088641613,4.392234977902481,8.016460037771832
3.129282526926651,2.479067773372436,7.757703466281323
2.196470516201665,3.32579740354361,7.305015939743591
4.399014800851231,2.634743207393508,11.590274365766286
2.8337850808339344,4.758811126381584,13.485447972446664
1.9374118407184215,1.7848368325738115,3.4579640131788656
1.0025327012343674,3.8084323190463922,3.818077940281846
1.4117433053050084,4.212864432462938,5.947483158687136
2.4295961682957348,3.932941202903443,9.555458876706624
4.528339582745428,1.4775507213486496,6.69085141699715
2.4814855510941602,1.3164941172836002,3.2668611301397146
1.5400834005418917,4.593477568144061,7.074338553460204
4.774710954136095,3.264920706435588,15.589052661403759
3.743091035642168,3.955245049584313,14.804842288867105
2.6650948685758316,4.539942742822031,12.099378107523082
3.817845793020641,1.9878253187052284,7.589210530278671
4.625748615170129,2.9091565133368604,13.457026712881142
1.7077595940425874,4.79043040009695,8.180903475358837
3.222044963262591,2.6346067950650673,8.488821554216797
3.9654337290733213,2.921704287218686,11.585824726915103
4.9170385125052025,2.82841494991546,13.90742523807979
1.8363051457857957,3.1938927138268767,5.864961625488053
2.831919461544308,4.392119315518988,12.438128167042887
1.55005812561869,2.6254171879467125,4.069549245315773
3.2859093323929454,2.4163394744101043,7.939872429193627
3.0616479727659582,3.5078997484093115,10.739954153383584
3.719614780382911,1.4288731485270518,5.314857682553488
3.070058649104225,4.796771218424668,14.726368966898864
1.9089996413485806,1.7533246332873063,3.3470960961130993
2.7713466908821123,2.4506528461353576,6.791608655638053
1.6858993435869638,3.9751192888159785,6.701650999694737
1.8446005785953479,3.3272403448709067,6.13742946527466
2.2823311476488417,1.8595761044569876,4.2441684646256785
4.405700968602785,3.7652801819608346,16.58869854472572
2.940406611524409,4.487076760867005,13.193830174070872
1.0602851060021852,1.3926864497920834,1.4766447000456062
4.818341209308723,3.0270413620459884,14.58531813702819
1.5036481667750685,2.1337599628467916,3.2084242564726164
4.541730062917621,1.6889188435853355,7.670613485739581
3.2275360160701463,3.2852432641789147,10.603240956689298
3.4906610546347716,4.926930568082727,17.198244652895948
3.719999421848261,4.722457949211767,17.567540840770498
2.60916404919899,4.679613749582243,12.209879959547274
2.458166999376607,4.593270528704337,11.29102603287014
1.1375562405865938,4.239381897639788,4.822535333889977
4.841735383648261,3.881381462377453,18.792621963829344
4.804281355674156,4.530345460229043,21.765054229341445
2.8455957275238806,1.136298637829963,3.2334465490001483
3.0286129493714875,1.6767806320084668,5.078319535356149
2.34489393125414,4.331812860885851,10.157641688819865
1.7508582493152334,1.6403173599412733,2.871963181148163
1.3342703919974221,3.4068594639348073,4.545671712424423
4.757635665553158,1.6871370655955973,8.02678347595431
1.0836351866881713,3.166179570050007,3.430983589479413
3.0491847578457776,4.760379382901359,14.515276255906112
3.722693286758617,3.44014802402629,12.806615954498591
4.635353368254056,4.905386886081274,22.73820162498611
3.8290133429362214,2.649189555941829,10.143782157668547
2.558032505419155,2.7212143398890465,6.960954735648909
1.1883934904573237,2.962398636860244,3.520495256184363
1.218857725258295,2.985034516177067,3.638332380205075
4.0573952119931604,1.545641432500938,6.271278147687555
4.768561143626599,2.984522815245813,14.231879529048252
4.179402017668705,4.226772349099258,17.665380884051732
2.7935581382600607,1.245212040752759,3.4785722303042883
2.3574267837647405,2.364837109342523,5.57493034080485
1.7496448876681758,1.3766843899278394,2.4087088047698257
3.170188306077041,1.0581970191100272,3.3546838155081913
2.714031852318628,4.379946781227631,11.887315075712241
3.738343076529102,2.375199619889886,8.87931105438991
4.317817381168241,2.210826785186534,9.54594631983072
1.3547380997372267,1.8319350470479048,2.4817922044797056
1.9930995581691513,2.195125956453507,4.375104573933121
1.4298294224623986,4.925277617953505,7.042306851945438
1.9175913905241155,3.976028353944597,7.62439774000393
1.7927904678272166,2.984703636649498,5.350948229074448
1.2382750647475285,1.8418791678406552,2.280753045815011
1.2337584963029045,1.0743739073070144,1.3255179363461782
1.525188784617939,4.819969973948892,7.351364146462069
2.943658348328807,3.8344409910956583,11.287284234612919
2.143618829792921,1.4734647277482509,3.1585467354368504
4.49546272793339,1.7227379713273905,7.744504340097865
1.1834188488960269,1.8656039887904856,2.2077909249102725
2.497781843428424,1.820617085173295,4.547504299181436
3.023460158080151,3.08608310757978,9.330649320291645
4.190842942618663,2.5999841082317343,10.896125050903642
4.735453071546984,4.319323232226235,20.453952467049973
4.719738327865953,4.812516704791106,22.71381954509774
4.402027055976404,3.153820987943205,13.883205318632221
3.67499561491904,1.5579285886173362,5.7253807315257195
2.3938477083044822,2.2121997948577024,5.295669409231756
2.0445282872236783,3.3557905307494402,6.861008666114591
4.428618961311844,2.089621614223296,9.254137902716352
3.277698164916927,4.209617814868341,13.797856586795566
2.2030690907856267,2.1333975469371427,4.700022194015097
3.7731304261377057,3.2834921473454943,12.389044125133514
4.4851065292576635,2.199529039464148,9.865122056192487
2.696439188897293,1.2658930332615776,3.4134035838385826
4.96826603214591,1.991062641662948,9.892128890448728
3.2217425958959733,4.836251261521397,15.581156693699123
4.570497283331436,4.514767828261222,20.634734093940082
2.9506881438768473,2.3346263027299607,6.888754151848334
2.3646092783335146,3.9621942373062633,9.369041256093974
1.649268683340836,4.331985167467185,7.144607473400637
2.4961785412639004,4.603508905706059,11.491180144940724
3.165032469567789,2.79693944476178,8.852404158085937
4.223309390533501,3.141973607196355,13.269526640080784
1.4204954742283946,2.4012874801649886,3.411017997895672
3.528887268358344,1.7836899066748546,6.294440602364177
4.128642404375574,2.6120051047113777,10.784035035756856
3.5355975335042573,3.2655854989087407,11.545796035389014
3.7908728536968344,3.3926730378779624,12.86119212076074
4.197409816126651,4.6660304592003765,19.585242051793607
4.517834764103956,3.5913186312088454,16.224984161049555
1.2925607773228696,2.4056494802501214,3.109448162158454
3.485414641166964,3.6618083035712172,12.762920274413883
1.560312443316708,2.64582196289755,4.128308931509684
1.8669499024351874,1.595806825468773,2.979291397114332
1.1988381801461165,4.1005288503748325,4.915870544620011
1.1636411512223832,1.635382596824774,1.9029984876582304
1.1932563172163762,4.175627991859707,4.982594479632126
2.566881423301867,4.430126813045137,11.371610219277063
1.2922642106674753,3.952989128486787,5.108306375901089
4.2817564927061795,3.4944029565398695,14.962182547296257
4.620436351022266,1.2280168898614092,5.673973877584961
2.2037856052086178,4.733763524516423,10.432199913790905
2.2991451298819223,1.2845823993388255,2.9534413673718953
2.5673960013600414,4.177777208588148,10.726008499902328
2.778972766183806,1.5532034735059295,4.316310153215069
4.846163524307769,1.1310844770719548,5.481420335696835
2.0272831159117364,4.720377856240706,9.56954232868042
1.5364127584029101,1.7442532051867747,2.6798928783341296
1.0895618804305705,3.149112853115819,3.4311533219289507
1.1660224787945936,1.453902394935675,1.6952828744682922
4.356731786421943,3.5450354338313628,15.4447685585652
2.249392102633906,4.473213930727349,10.062012089170072
2.9382463052758525,1.912121498984194,5.6182839296288325
2.984220011494635,2.1993660312772794,6.5633921231391925
2.6440207374127,3.4866278548912497,9.218716351973223
1.603015334596824,3.4418091603716854,5.517272862831631
3.7295153352260346,4.226957149216688,15.764501509346962
3.0291593390011453,4.302964356202372,13.034364664979465
1.695471738684386,1.041671946877043,1.7661253469103695
4.004462708053256,4.315992958340077,17.283232849893288
4.1775402437830635,3.4592579783047244,14.451189417995625
1.8989873003857305,2.1886438647910005,4.156206904305254
1.3611581259700434,1.025690017230735,1.3961263016799688
4.267541377597256,2.83851047654633,12.113460909404768
3.056338228902892,3.345562389073,10.2251702269035
2.0557978722015786,2.4909534013962142,5.120896702343622
1.7869733355266053,3.9835607003796416,7.118516752030108
1.2152564394335785,1.3088686015446034,1.5906109963995019
2.2657006281667673,1.6694661132638378,3.782510421525009
2.0223647637100632,4.466798705584178,9.033496308759162
1.6675420259907798,4.686751145900272,7.815354501149149
2.7768183968172533,2.8000687366745294,7.775282380350679
3.291337807935741,3.2266597844017464,10.620027341747255
1.2335829291177136,3.7571077150111334,4.634703940094194
3.524071224619474,2.6575950091629204,9.365554098483374
4.587233679421351,4.119924137185988,18.899054758760514
2.2920674570151394,3.10093810949578,7.107559326993327
1.9660611049996168,4.376983930106362,8.60541786219048
1.4233463646621844,3.6929622477875297,5.2563643902230694
2.487501826069761,3.9648159047884977,9.86248680319182
3.7109072391796265,1.2352963701776352,4.584070242624502
1.4623917863972706,4.012092111526195,5.86725055016519
4.1320581081774055,2.877175874429018,11.888657900586841
3.7087340643355526,2.339033635490596,8.674853721570601
2.5511962984966727,2.7243601524145675,6.950377536611875
1.6990791994479792,1.6951606263753298,2.8802121599975306
2.615253170323153,1.009254881229836,2.639457027800446
2.9646389176893586,3.6775371141265487,10.902569649786578
1.566121288532171,4.321700391421306,6.768306985662723
2.1526215419786334,4.721814528527389,10.164279671335743
1.0268815286818467,3.126464720022964,3.210508871067043
1.0305914253504689,3.0134016486779567,3.1055859002644683
3.772965754014547,4.441713799659168,16.75843405524787
3.3065962357858676,2.5027154161739396,8.27546937436401
3.9373587802064165,2.273681805245681,8.952301019279657
2.2366159301748003,4.489532875102218,10.041360747497093
3.4034839666935093,1.671431025192931,5.688688695678236
3.870829677731526,4.142417511450981,16.034592640879232
1.4070831203465928,4.491881643993926,6.320450839858556
3.8955252380141316,4.084386612552088,15.910831131003704
3.2052834534105594,2.906849782549554,9.317277509556167
1.6669375232730146,4.678418747408174,7.798631759638621
2.6159003925586903,1.5455989783170003,4.043132974117752
1.1728374688421188,2.740200856668011,3.2138102368535155
1.989096364982427,4.846104063298141,9.639367976632903
4.658916742936276,1.4530882234919176,6.769817053390024
4.670190160692108,4.058106730868863,18.95213012554218
4.19020487421314,2.6234159648280038,10.992650362910869
1.090762353803317,1.1512838232425437,1.255777052935719
4.132925708336959,1.2096322611253498,4.999320269638724
2.0419920329170487,2.721776403577804,5.557845731487493
2.7365921072715587,4.433041112013644,12.13142531834687
3.492762546655273,4.125118153425353,14.408058186811832
2.794953383540246,3.386886292453247,9.46618930275828
1.1624611703881653,1.003630391664768,1.166681359731759
4.6959527463061175,2.539674110718209,11.92618961494972
1.129683965991343,2.4563118992373654,2.7748561680421946
1.9290456673465455,1.2183403842392257,2.3502342395700038
2.5306790214666033,1.7012069922724278,4.3052088465161304
4.759052041409255,4.375491664578115,20.823192538479656
2.9215258875647705,3.208213822407595,9.372879735006915
1.874310379744483,1.498255719123748,2.8081962458651755
4.149587622993119,1.218627453512497,5.05680139813508
3.4359290118045536,3.841267366127714,13.198321985376277
4.2304160653320135,2.482583197211598,10.502359841007259
1.7713150233632255,4.825089913857763,8.546754253494628
2.3468222384542385,3.964368854353687,9.303668988832584
2.9796600144140446,3.333222683925555,9.93187035043084
3.1126644011462967,4.10720805991023,12.784360316183719
2.0143706616255916,4.168617715682881,8.397141226004289
3.9234894232399746,1.6831968782793996,6.604005149159767
1.1785204523912483,3.194566274341988,3.764861690831344
4.031270909890584,4.277954540471823,17.2455936928384
3.0458404193381905,2.4200116304023482,7.370969239147986
4.591950641395941,1.3672777916408587,6.278472132291666
2.720361781091558,1.7331630896336785,4.714830629438022
1.1012578426794084,3.3957704547183667,3.739618845197622
3.5894705183508404,4.589234328377611,16.472921323515052
1.3021654568587344,3.519628417246004,4.583138545916127
1.510289380709437,3.667600255933937,5.539137719224239
4.974132866231045,3.076864241704668,15.304731549594251
3.717348462389834,1.2393894005181045,4.607242282318234
3.640302814841538,4.203692684175319,15.302714310932195
2.341125834683635,3.423652362711492,8.01520099531954
3.167369901516403,3.84124847667204,12.166654809256752
2.5363676663042476,4.481754819353959,11.367378012112617
2.782410793417952,2.033146042373059,5.657047492893792
1.9143564480436304,3.9812877910559905,7.621603954325417
2.990181611986324,1.4484064713672211,4.330998397364261
1.1376044986610596,4.122139544449245,4.689364489874111
3.891390505720885,1.4099686318712132,5.486738547427905
3.838693023249044,2.251427398876444,8.642538648418748
4.223372045430985,2.1859103485765856,9.23191265999665
1.2502554208570174,3.660186340440568,4.576167813482629
3.153630218909336,4.1167857007180535,12.9828197905583
2.126800393607976,2.6350409470983918,5.604206123461993
1.6717093752571555,4.0000791518730425,6.686969819956857
2.0182530970648314,3.945303273178729,7.9626205499529865
2.5452541827278012,1.1914709417586509,3.0325963981098387
2.2698299030022464,3.486662171993718,7.914130059658103
2.42432641495584,4.197197500537676,10.175376769340117
1.4428053981480815,3.2540291963779993,4.694930890265641
4.837647821387002,2.9989257253627635,14.507746501802606
3.3893521772990103,2.986198181869071,10.121277309564281
1.0243420257783935,1.1523198807228936,1.1803696809644055
4.49671278004027,4.331985339207398,19.47969383776099
1.8119693465132425,1.8741585766613742,3.3959178914152988
1.646408427684122,1.5131012392128893,2.4911826321793895
3.0006297838971356,3.3755513512641753,10.128779921677506
1.0072353251528878,4.058128546716751,4.087490426264463
4.337125542556068,2.0717749141040915,8.98554789838776
1.3464911850877606,1.4039241622539613,1.8903715090066777
1.9251780284433568,1.6065925303565924,3.0929766401037284
2.3399106930067983,1.8731860498024724,4.38308806792397
2.3587582837917584,1.4527724884962923,3.4267391417053963
3.886950205729744,3.1898540478918123,12.398803847700936
1.560479148483422,2.7931666864524813,4.3586783724476295
4.584215075162549,4.946599703213812,22.676276930267345
1.6201245650085996,4.904051896506311,7.945174945606885
3.708764812877877,3.419545323856712,12.682289373160858
4.927160744845148,2.2000003434755495,10.83975533101857
3.956541087170655,2.4721961868926297,9.781345788987313
4.052173928402377,3.0437594024970833,12.333842495128279
2.304662639708881,2.47813257090786,5.711259552417064
3.377133055156555,4.822061321459177,16.284742682691686
1.068336761359749,1.8647595110275357,1.9921911367259466
3.6474117162622153,4.038097082964814,14.728602611810137
3.3730792220879127,3.0412608736110216,10.25841386172627
3.4651105001524654,3.5539195903161347,12.314724089101986
4.307775857780451,2.2190407133789782,9.559130012525872
2.9767010826764793,4.896585274927068,14.575670689293108
4.756847196992371,3.992865129240457,18.99344929799605
3.137350702124477,2.435086270835608,7.6397196215397685
2.1266412823095386,3.1298535056516634,6.656075672700059
1.1273384099962787,1.4559940929486115,1.6413980657086615
4.102489300381327,3.9551719272823727,16.226050512844527
1.5044079588317478,4.584790566085976,6.897395417196457
4.122368564978617,3.675644722158549,15.152362258655964
3.466673011794653,3.9520825024445827,13.70057775161051
2.8972727247303633,1.483053191652636,4.296809561499495
2.92183413290785,3.6839345650746234,10.76384575563407
1.3706322957161592,2.185802625221412,2.995931670189632
1.8911228219447627,4.142187822939548,7.833385924742672
3.571388871904398,3.049942653331004,10.89253125205292
4.492392822361817,3.8757122313843895,17.41122180981113
1.9488107963756338,2.1077498968282535,4.107605754998529
1.3391077823164528,4.6165006826787565,6.18199199124434
1.5961394365453536,2.0799064264414673,3.3198206715673435
1.9990342304206377,1.8022435955966354,3.602746639154043
1.1296950155334295,2.0260850743171166,2.288858209502725
2.0160430428557157,4.546447434050952,9.165833719127642
2.2406320924736765,2.5236999968386558,5.654683204692408
3.583531675295994,1.1362727077803698,4.071869240105304
4.214204696117839,1.8398519360137584,7.7535126689106795
2.828371111951457,3.7994700489627418,10.746311327211007
2.3321256079062445,1.2054456413560786,2.8112506491454776
2.570997062742804,1.4146750846193066,3.637125487291665
3.4525983443744,2.0980926865259333,7.243871335843474
1.0390009109943352,3.4654326940066684,3.6005877260624817
2.2179085738780677,1.001865272427041,2.2220455775866204
3.2044513625386495,4.32864809283858,13.870942279046913
4.395289067330301,1.4849473659419345,6.526772923085513
1.3002712190850474,1.9087685035807604,2.4819167491020973
4.756599623941181,4.524097302061795,21.519319525660446
2.051685219641992,4.879251227488926,10.010687626359077
2.9172521210462317,2.248743068483263,6.560150486220811
1.4357547579399914,3.3083875312330666,4.7500331390772175
4.146079782907528,4.086422856898688,16.942635191398875
4.135703787139997,3.9416175411049936,16.301362592205365
4.68950536941887,2.2086155316706493,10.357314394751423
3.451230931375121,1.0889409323767998,3.758186628259275
4.708097179934028,1.0641842449674246,5.010282842661355
4.291944030028825,1.4634732618989879,6.281145329514172
2.6599003000305665,3.2068111086977837,8.529797830166588
4.653970194404113,4.8178059342939425,22.421925220627273
2.1666608469529183,4.811531597729226,10.424957126676732
2.7833535057126904,2.9468302542922378,8.20207031902452
4.291517315021274,2.9761825149674506,12.772338795646375
3.4590269181922464,1.1423693406994166,3.9514862999968114
2.3247595999035644,1.1091465934152946,2.5784991907425416
4.578790411062459,1.5128003248753936,6.9267956213916255
1.0296005603306915,1.40775079442099,1.4494210067418274
4.404358330915613,3.2027964636954813,14.106263287104259
1.9978397094519993,2.745244521449208,5.4845585171067786
4.9353191219562405,1.060693722917886,5.234862013255597
1.1629436868070941,3.3597502567171538,3.9072003502977277
1.5878072294975678,4.107089663255737,6.52126665951219
2.0829551560432322,3.3202700635158284,6.915973648256285
1.5272987068215826,1.002275965537092,1.530774786043154
2.206215814534432,3.584620673728695,7.9084468194873185
3.334989227058483,4.874644867667945,16.25688811940852
1.5114730400371892,4.567509509355583,6.903667483504453
3.8168258946073967,4.617832498948722,17.625462658947068
2.7605490611448538,4.850314355727667,13.389530740961417
3.6770776683634816,4.186494618377775,15.394065869960814
2.6013642259817735,2.4498594669151035,6.3729767759157285
3.168980571314479,4.942592047200039,15.66297816951038
1.6794399187342024,3.0740698499601673,5.162715619000365
4.278219532356241,3.0869808188972607,13.206781635415325
3.8892479714085653,1.7933510356421145,6.974786877394544
1.897429156979753,3.1444568227574443,5.96638405836389
1.9297889925859697,2.129129851628441,4.108771351458764
1.9161696222956581,2.085892659605682,3.9969241497059054
1.600718269115713,4.4412221135981245,7.109145374437218
3.2118941849874054,4.823681047429638,15.49315310647321
1.7642480053370027,3.7106643191288406,6.5465321234982445
2.7697824632777275,2.5547993057067404,7.076238314140643
1.621057474356566,2.2182754641613474,3.595952021360533
3.311602695544032,4.422008565829286,14.64393548631906
1.255296092201314,3.7636718439580403,4.724522558048642
4.284678245958059,1.7097677764442878,7.325804797370921
2.3695874567828223,2.9362462529391693,6.9576922909902175
1.4006053061783876,3.305010889191392,4.6290157883788146
2.994420964195994,3.076714676396696,9.21297892785176
4.599559431414472,1.8001899325945323,8.280080582802563
3.0886515269007004,2.267574503965428,7.003747454033917
3.4730714055292706,3.2514102133903404,11.292379839771815
3.9542108066587716,3.7151642331525907,14.690542559244122
1.1299593871197917,2.270904826026229,2.566030225423975
4.274951021603987,1.2494284625066245,5.341245482213793
1.212949459730131,2.8457380912098396,3.4517364802664288
1.4133634037160636,4.169953535554117,5.8936597223486
1.3936211932772395,2.404098314357124,3.3504023616101755
4.83910808671047,1.782725311835029,8.626800472884334
3.1262104091218053,4.5802845653474,14.318933284928985
1.0051714920082917,1.1426082173002703,1.1485172065646472
4.660617167014797,1.8781935933274387,8.75354130403907
4.839088870248329,1.0607247037609175,5.132941108366912
4.883521891380969,3.7436621700570107,18.282256161408196
2.5690966179574515,4.838575619253875,12.430768259156512
2.28334036394913,4.942557536523069,11.2855411242841
3.6644414787015402,3.195648774064557,11.71026791904389
2.2732183123838583,4.319599292173036,9.819392213128099
3.2340564848514712,4.311963367664251,13.945133091636558
1.4016513440262228,1.8284848073538789,2.5628981877590933
2.1369448980648613,3.0735325962210767,6.567969800530677
4.647330218890204,2.1380821598885307,9.936373832120005
1.0822455177716757,4.094109693600574,4.430831865164789
3.0141708978819106,4.08476762675828,12.312187705184966
1.712460853581725,2.114310846054934,3.620674556172331
4.400337853277566,4.473639788642097,19.685526503890472
3.096733975466188,2.557010221192376,7.918380427580742
4.8486033796038654,1.5561647972395827,7.545225895116404
3.0749877649094763,4.685812784313891,14.408816980421621
2.161708860047067,2.0081504483987147,4.3410366166109915
1.5033043565893025,4.352667113445234,6.543383434425204
1.0494784451950143,3.949379389170553,4.144788540831947
2.890317299160289,4.121694270106033,11.913004250737309
3.346426575682819,3.7900134854860092,12.68300185002665
1.6398405063065984,4.433991115329029,7.2710382355201135
2.3512373647806117,1.726427927281533,4.059241850225085
2.5226058462383167,4.944039975684659,12.471864146698067
2.4073312667330984,3.4622259224823453,8.334724715685594
3.382280430271464,3.2220324279842276,10.897817226871103
3.0942045226471646,4.770075881491397,14.75959036588084
3.004390029861994,4.770942391946941,14.333771755411325
2.0707390073908525,4.85679391187157,10.05715260417087
4.210070795348912,4.633428716968632,19.507062923640618
4.911842413226556,3.21686259610766,15.800722137083692
4.070266749271948,4.9756032170476185,20.252032331919455
1.3826516129011388,1.2847777107114804,1.776399973934661
4.910121709266415,1.1391552714415356,5.593391028530359
3.682958785341596,4.046822304911591,14.90427976059047
1.335853518254813,4.222653593611205,5.640846659396858
4.876270161478861,2.4680884102232654,12.035065870663509
3.4697040420888197,1.2704120570875026,4.40795384959488
1.0996122598485303,3.536626782102355,3.888918168108406
1.8981454461553358,1.5628138970967238,2.9664480819624197
3.0771295132473804,3.0471640476512563,9.376518422734028
4.774402766159493,4.109592213959573,19.620848434116102
1.2023543042098415,3.274835111973422,3.937512092458762
2.8113159265033167,3.114964151510591,8.757148329628615
1.36213567814369,3.537922988322817,4.81913112891925
2.65506083188389,1.3187167974054161,3.5012733171384833
1.5454610642266733,2.4220135882598943,3.7431276976836
4.310798518095165,4.376819644356614,18.867587636862297
2.2367747273250362,4.098642625017101,9.167740239975396
4.065291160364879,4.534777933432892,18.43519264700245
1.4530525407121817,4.024025433613444,5.847120380202453
4.843594382760884,2.8804507019857244,13.9517348399577
3.243293367162744,2.297465485665563,7.451354570944454
1.9479491591555345,3.134946000441706,6.106715425558427
4.208658531651125,2.5870360743850824,10.88795144615001
3.3094090928002,4.8296756866557615,15.983372632694627
1.9709873040930965,4.861251974443801,9.581465923626231
3.6447369042634197,3.6396705801315488,13.265641682767306
3.531759693289272,3.4945432582776936,12.34188702604092
4.846594712933267,4.647354915614001,22.523845763139242
3.87413524878663,3.2280515708481774,12.505908375523974
3.6561024389704517,2.943456417312749,10.761578186340369
2.2473166667955082,4.485352766119116,10.080008027756826
4.1050923906135175,4.421034084781201,18.148753380078308
1.3482366522789206,2.534459019431034,3.4170505436958134
1.4685048112127541,4.890888507838399,7.1822933048658575
1.7228710248358885,2.2300932174636463,3.8421629870511564
3.4277162211077363,3.557565288875963,12.194324248329968
1.7651470040756458,4.405390852246104,7.776162464624466
1.0006657653610742,3.3438560153307453,3.346082238838172
3.3314316381301934,3.374651784923794,11.242421723967656
2.135478538663869,1.3938056921993627,2.9764421427592773
3.5552967117437935,2.2757578100606137,8.090994258833756
2.9198435659508517,2.669589116456063,7.794782605416654
4.453119562725458,2.4858903574023095,11.069966981338805
1.094201736002033,2.2264339634020476,2.4361679078484073
3.268056136476262,1.084780480859476,3.545123507202481
2.896524134093489,2.2933455070670736,6.642730609034649
3.700480827661887,4.434319323952865,16.409113642018195
3.2767390090329984,3.8754036097460354,12.69868618380213
4.834478768953548,1.4231742414818949,6.88030565496579
2.006341495326511,1.4193523417861913,2.847705499814492
3.6929821497161264,3.0325981419690424,11.199330805553965
4.173563506371142,3.384863304567341,14.126941961997082
3.0989961676786693,1.2423721118939675,3.85010641359026
2.122277249050728,4.26549197523712,9.052556575054192
2.4063407044380254,1.51360659533128,3.6422531608515136
2.8188243994367066,4.514146304641788,12.724585746151314
1.4340843946981852,4.356115935767421,6.2470378849801405
2.2750133525355305,3.7852447890899996,8.611482437795287
1.278833665832018,3.742236769281949,4.785698366072203
2.80500192155655,3.211064800471219,9.00704293556437
1.9537485073636476,2.7700682624981976,5.412016733151266
3.2703284228992153,3.7151793614515025,12.149856661923407
4.462821019625315,4.492897404389895,20.05099697533124
1.793490551976543,1.8415653507051877,3.3028300573371228
2.5229794839701087,3.8876427072860613,9.808442791488744
1.5274217231060723,1.7870422408955982,2.729567138852091
2.9472448144836103,4.583208641230225,13.507837901562255
2.8728942169226697,3.3488561236055734,9.620909390812521
2.91633628996417,1.4630195599942932,4.26665703573877
4.951894674681869,1.008881854326407,4.9958766818221045
1.093392037620026,2.8644106328067287,3.131923778385017
2.3987183064480546,3.5800890925464026,8.587625245006059
3.6199967362399885,4.874374748846037,17.64522068203327
1.7780224612240403,2.454891392443849,4.364852035630723
3.8676284886468233,1.2053788609094078,4.6619576220658825
1.5108888249331933,3.4056554875077563,5.145566817647875
2.8002937992542973,1.6708093051139525,4.678756936846983
3.674448858352971,4.916338620375937,18.064834830916983
1.4664539097972331,2.55187293540615,3.7422040434320905
4.6735518374468805,3.179790603323049,14.86091621685676
2.415619331259377,2.050483829245774,4.953188376360843
4.513842038643882,4.62346841149815,20.869606080162402
3.9153900216484163,1.2916304250048074,5.057236877721326
1.6968267668302004,1.9729436438185277,3.347743584278787
4.704980161167972,1.1626769740838334,5.470372096911245
2.260847320983381,4.760923791368294,10.763721799121047
2.9599070851269587,2.410726082644248,7.135525212319068
3.875369043087121,2.2545522578066786,8.737222025926176
4.714644064145906,4.336052508087285,20.442944219078687
2.261989412879346,4.535654083417707,10.259601517173827
4.500388354543333,3.5284584472889367,15.879433305669183
1.5843510722873395,4.446834145439713,7.045346446611364
4.527293265072114,4.786227388919702,21.668655022959857
4.2072814314953675,2.723865254420127,11.460067706817206
2.3117358808839352,3.1036024775765867,7.174709207414074
2.1534669312439663,1.7408850248587986,3.748938332131253
4.006300285840185,4.57582873184265,18.33214395633694
2.294303074433619,3.5369733755309936,8.114888889670613
3.9841561880893277,4.735769623523275,18.86804585092572
3.633323576584346,2.508691737364276,9.114888835747967
3.3912038018153017,4.900546437022673,16.618751708203717
2.129144603819109,3.2503187361454997,6.920398597756337
3.57331690721948,3.922998606638866,14.018117248101122
3.073979316419338,3.5334301687474565,10.861691254741771
1.1094041437330633,1.1792250635937136,1.308237171944751
4.647685415609054,2.1122208648213565,9.816938107975362
2.954095565992523,4.736431770555843,13.991872092025131
4.511465947337317,3.2767329254091013,14.78286901150215
1.0674670321992092,1.3773049599364318,1.4702276380165935
4.134164967410445,3.5572759880173335,14.706365769071638
4.816029207364262,2.5304907051418115,12.18691714492675
2.3507341112403046,4.280657033698858,10.062686507636643
3.418222827968235,1.8796631987293035,6.425107654788299
1.0076156610896696,4.978577180525672,5.016492337041319
2.45800022042325,4.18803789968184,10.294198080558887
2.4799395166942277,1.2765196955584734,3.165691636853943
4.64111905814695,1.8696422015982965,8.677232053753677
2.344012187400001,4.400567216118585,10.314983186054857
4.076317731229759,1.9415962117902916,7.914563065009296
4.533501618111336,4.929914844864452,22.349776926344088
4.574023334327848,2.562646299555663,11.721603971796513
2.7386924846223217,1.0280556451350202,2.8155282691048327
4.8557472671032045,3.7631278311119205,18.272797681681716
4.8941340049645925,2.5658749244491608,12.557735720232593
4.299484392437641,3.396827750471775,14.604607896952459
4.571571880412683,3.015107695295361,13.783781556228163
1.3381096872736409,2.559876667056549,3.425395766414129
2.7233914738049907,4.306447695517288,11.728142936358932
2.54094820713383,4.099072157109687,10.41553004852006
1.7971061773917678,4.866725600178423,8.746022639751303
2.302940948595769,2.8613362319196645,6.589488376188515
2.0330035664328356,2.2709663859422466,4.616882761869675
3.555601250870032,4.08072458628169,14.50942944343927
2.2485202135569358,2.6635235810604443,5.988986611299964
2.1937679418581064,1.2033789317935248,2.6399341224760877
1.6848099635246934,4.044131494111042,6.813593035082288
1.9875566759628494,2.97507887150985,5.9131378725854224
3.3839548378300104,3.532564250328375,11.954037884844048
3.5338987761797984,4.593650105111514,16.233494484651782
2.6922632658846015,1.8637244218061912,5.017636798560827
3.793067417974413,1.1112853713559816,4.21518033416197
1.6612816694798433,1.3461832802616747,2.2363896072589666
3.21308876782124,2.722050773192248,8.746190764783133
3.6685283252415672,1.7369736872514747,6.372137171881322
3.5427505127047607,3.369810443861696,11.938397677708881
3.102000243568675,4.058088144153923,12.588190411588622
1.490802721789382,3.593847555433947,5.357717717337045
1.2711044475252211,2.4169188600017892,3.0721563122558617
2.3154771007678607,2.6992119253824076,6.249963403342492
2.6876952980379536,1.4341192913824212,3.8544756762740553
1.8089581795396277,4.451983940932637,8.05345276512916
1.9835652907179995,4.239923761346505,8.410165608297435
1.0061526933257467,2.8921953731789327,2.909990164348246
1.6588303213893796,1.9307575333729958,3.2027991396100925
1.1846220362056084,1.808068250006368,2.141877491921255
2.970027937777964,4.876682343873931,14.4838828049741
3.8354847420513463,1.3363674999260522,5.125617155739676
4.206740449468921,4.972255837156227,20.91698975527305
3.58367605399439,1.2725473508936695,4.56039746897164
2.0683054319425507,4.766335160788637,9.85823690351791
2.5612166932432268,4.377235913596281,11.211049692166561
2.980435714121751,1.8697929749972304,5.572797760695703
2.175645673321246,4.289672940148028,9.332808372196286
3.3472242677834165,3.717745341898149,12.44412742984024
2.974272839529719,1.0543046580879776,3.1357897091407385
4.177922069141534,3.333703303993948,13.927952605726365
4.607731661028717,1.1849740607920451,5.460042497409274
2.529066127648666,3.116540884541636,7.881937986526464
4.511141428727777,2.160762851312978,9.747506816213933
3.1510708357485364,2.7922016555988773,8.798425204486401
2.0533063173798105,2.2276997034230335,4.574149874263645
4.511637156469996,2.236768951476687,10.091489911920656
4.709720703150433,2.6106930220452056,12.295634975496675
4.612348322074986,1.9858175697305738,9.159282335693838
2.782170154539713,3.7511531980805826,10.436346472805992
3.1548322569071408,1.659337725163455,5.234932180448583
1.6251214092907205,1.3288401506791443,2.1595265783937845
4.751579570601105,1.1846272780325706,5.6288507730763575
1.1424003393076312,1.0233688213080119,1.1690968886991233
4.295024694065329,1.8078866139700391,7.764917651071472
1.8128736246656145,3.755835504214254,6.808855124172701
2.2538606879009953,1.2159378649368526,2.7405545527114423
3.857173973464026,4.489804630746792,17.317957567654787
1.2643063694904701,3.5467868883122127,4.4842252541184155
4.096263934414702,4.652485418944514,19.057808227012686
1.2115802820976747,1.095997514354874,1.3278889776204283
4.31435900061682,3.724475496903343,16.06872438264174
3.0077086005744915,4.944475350854354,14.871541038093218
4.672138857971143,2.5071110695588605,11.713571049335547
3.2334848233033,2.7038463579656726,8.742846163025904
1.873792044276151,4.253168351292246,7.969553019618524
1.9413221806704501,2.516668316383702,4.885664023986239
2.8723148129457257,4.32981328577792,12.436586838029124
4.968211465319486,3.4094250954722654,16.93874484947329
2.45664120531967,2.614867030164419,6.423790092733784
4.247558492116827,1.5838565496154544,6.72752333761398
3.3013303093244093,4.838451509441704,15.973326618316335
4.753865996339446,2.0139565683794034,9.574079648523323
4.001810744179816,1.882176770566991,7.532115222900654
1.0723751209628918,1.3288404685812996,1.425015458235257
1.3896721235748934,3.50758099406224,4.874387528629409
1.6780425823347511,2.5270865588801845,4.240558855046745
2.953948508325254,1.506149707068261,4.449088680508808
4.287672082923912,3.6652958375801723,15.715586638449722
4.462248285323808,3.815032943525972,17.023624210702607
3.098458044136557,1.5005797387057305,4.649483362261104
3.4551363847172767,4.293852748439431,14.835846861751357
1.9176610824855969,4.218183150672806,8.089045666841718
1.319561445439807,4.796649732897426,6.329474054810592
1.2776082137020266,1.4578900212976804,1.862612265884139
1.423914533846236,4.382647099501721,6.240514901699552
2.2448348759252084,1.2979418978479353,2.9136652392135995
2.4562193274699204,4.530023585344001,11.126731484216519
4.457696658294206,3.3205172035517174,14.801858442080913
4.7276409638702175,4.787568573135953,22.63390530369522
1.6245114900097217,1.720216250595247,2.7945110643934217
3.865710913994923,4.088130658540415,15.803531304556932
3.2657704249943493,3.435479832895606,11.219488433935
3.256491409850533,3.682212156643969,11.991092257358291
3.1208844290460607,2.5750250397064987,8.036355550823727
1.3540594336047427,1.717798315958344,2.326001014753736
1.6501426060459012,4.987368109601597,8.2298686096882
2.3637284870500452,4.324471368785018,10.221876165829448
2.6429926617757933,2.165148892435626,5.722472634359346
1.0815291730034353,3.023721606106367,3.270243128044838
1.1477254543196143,3.8108979851715774,4.373864621396751
1.37485577828588,1.9114730862174811,2.627999817624048
1.2626274599301253,2.2023959460909293,2.780805599173195
4.730691280892809,4.6329356690207115,21.91698837437357
1.8766094277720735,2.6292027622119303,4.9339866910912855
4.84243009737861,2.620294538482557,12.68859313714473
1.2923787291086541,4.927447340696212,6.3681281319187875
4.318819430775983,1.5895731218496776,6.8650792852836275
3.361318420993532,1.4389728935027088,4.836846094241019
2.5990636049218305,3.545938619866206,9.216120012181001
3.0445364207828747,4.292686101007055,13.069239177504413
4.973566781381045,2.8355364927812263,14.102730107890421
1.5905900106086857,2.5842909372748597,4.110547349335949
2.802364269927777,4.198844302483613,11.766691248269895
4.959682993353626,3.425883696799379,16.99129710822333
3.5768103547295524,1.2102182220288977,4.32872106803535
4.9618964246184625,1.8527125152883968,9.192967605455374
1.4520044450389498,4.232431290449576,6.145509047054722
1.6088156647154248,1.2014208766028127,1.9328647261947425
2.138444675110039,3.035721894972993,6.491723321419955
3.52520460472071,4.221726901309002,14.882451112367788
2.2448567523425003,4.9356811564697445,11.079897171510746
3.517413296586445,1.6627579887914985,5.848607058780552
1.2023076684415672,4.969085134911344,5.974369162842908
1.8910641896957543,3.804965485529054,7.195433972712313
2.7689394188904792,1.4747090855448874,4.083380118361171
2.891211907026068,4.809252714908637,13.904568713241295
2.8217465329418734,4.383197823326165,12.368273261168971
3.131817162087602,3.7229681450452583,11.659655530558185
2.6710217753828127,4.522490680565346,12.079671086755875
4.613675146101098,4.568982329023206,21.079800214389476
4.225203661673081,2.717618985188883,11.48249368725235
2.6917697993804097,2.2846172615858467,6.149663747879956
4.288631940011158,4.151374984292179,17.80371935259876
4.138016073515795,2.90585176447997,12.02446130867235
3.14876014114323,4.714487306572381,14.844789716860816
3.267764745842869,2.8314658375891955,9.252564243132424
2.917095298521464,4.375467110368074,12.763654536490005
3.2013547349738287,3.95247725077892,12.653281761657436
3.0402973227114263,2.600951224236216,7.907665043548374
2.1044223535114197,2.1749068815346413,4.576922658307312
2.357857391632343,1.7244264296943603,4.065951603581018
4.897510433613451,4.936384076316708,24.175992518084378
4.890542958995741,2.8108234767754388,13.746452963324051
1.2979615580189932,2.891308270611741,3.752806987636416
4.361915981962879,2.2281966583356656,9.71920661495062
4.378958070052182,2.501726499127743,10.954955442418822
3.631505823264474,1.9742126766391137,7.169364831577486
4.646073139630261,1.6503674459160789,7.667727860990891
4.752134220094025,2.883631459019481,13.703403734546136
2.432162323226373,4.785020907402471,11.637947566834761
4.732891763340698,4.265032664053461,20.185937966077656
2.5486803691496105,2.4257000661215895,6.182334139969007
2.677550386018602,2.173508637102139,5.819678890287598
3.1722898182058907,3.3879430447062453,10.747537225383088
4.606615606162267,4.10973567345437,18.931972490536694
2.2702285466024805,3.4736553514003234,7.885991539807485
3.6559550544154735,2.5804428484543456,9.433983074436927
2.6077349789423403,2.309347528820928,6.022166329440389
3.6354197001858957,1.8574290787396555,6.752534264548283
4.334383663307104,2.689471873132669,11.657202949830197
2.315012739362521,2.23267979235675,5.168682162223144
1.9469366660017537,2.85442074299094,5.55737640472503
4.519382204432347,2.7487340419339237,12.42257971383357
2.58814796403365,1.731068314210488,4.480260933027037
3.789345412596379,4.725622978487555,17.907017755191855
3.3820313222206537,4.053942111606773,13.710559199923443
4.24906566707351,1.8289834602349044,7.771470826529441
1.2039091524531171,2.5782443794749743,3.1039720057107294
1.483683884545414,3.1694275657398108,4.702428602522158
2.8080890160147214,1.1561467375638559,3.246562954654318
1.7175146003600328,1.6823808424254554,2.8895136602317315
3.0082173763185396,2.012366189752427,6.053634939529183
2.2917929459406676,3.4125961974351844,7.820963892625901
3.878178008633396,4.267533347028258,16.55025397755466
4.150147459927037,1.679792441042037,6.971386332395248
3.77166690313029,3.254687250668969,12.275596183388267
1.9921937602234872,1.4383921686790138,2.8655559031966606
2.20751155609365,4.060438484350373,8.963464877010834
1.1787100046176966,1.3402222394009926,1.5797333619930836
4.259105313793136,4.146924992277487,17.662190270510607
3.0209479961084518,3.1235464983530075,9.43607153495109
2.1967121102163407,2.9536988661510137,6.488426069206207
3.703222843144189,3.66663564604601,13.578368881924336
4.836420711441967,3.289460675201303,15.909215739017458
1.3301659084733681,4.612564989591617,6.135476699772585
3.992155874495316,2.8791409957782705,11.493979639796517
2.742661055269265,1.1998300675691635,3.290727199263036
2.2770747316250395,1.6564422504559806,3.7718427929094283
2.7439900007286573,3.138337521972226,8.61156677920334
1.8071432174762312,3.481456998982919,6.291491402647137
1.7712526878531092,4.442942561627149,7.8695739542590655
2.2733846149103893,1.2622750380277639,2.869636651237745
4.589872645442083,1.9221108274325682,8.822243908340793
1.2182986594328535,2.2060727474585886,2.6876554708401508
2.2050556026766306,4.373063542201432,9.64284826459218
1.9908608234054728,1.7327393856586322,3.4496429600794376
3.405119521369002,3.02647479831489,10.305508416673346
1.8282980179378172,3.0883337564431597,5.646394485635482
1.0427221335117736,3.3010462714424884,3.4420740109795966
1.6154156203498706,1.6574794148461223,2.677518137150789
2.4477346420297352,4.312894452796472,10.556821159527804
4.213875689161451,3.336117518705275,14.057984508257782
4.387673706655615,3.5659001601582645,15.646006373285465
3.5863949176250745,1.9842130746590256,7.116171686442352
2.65539721602183,1.3205105846110259,3.506480130103477
3.606223320248786,3.688203743842814,13.300486350874836
1.781027202853839,4.018799570160558,7.15759135727327
4.164282855337478,3.631560077733538,15.122843369833813
2.7731294941836784,3.808957293881624,10.56273181374918
4.8618981481318375,1.1654368149652576,5.6662350924442535
2.032443439258411,1.7189475829390726,3.493663737373622
3.55776265719698,3.302258495146488,11.748651958443668
4.414156161982535,3.627992058758224,16.014523501791317
1.9852034642222938,1.8339665999530506,3.6407968474947774
1.0880384387967932,3.5986691980996945,3.915490416046499
2.7481042209262334,1.0548756625130005,2.8989082607043333
3.0474945641265974,1.476668919636667,4.500140505607438
1.864163813452286,1.1713155749094284,2.183524108879217
4.218207372512267,4.415411180332381,18.625119993551138
3.9158157405804865,3.6900813430910877,14.449678607298464
3.26139636591303,4.993092652639124,16.28445423198429
4.932814419441636,4.435770990239426,21.880835101993945
3.2646014668248666,2.977615676941268,9.720728506583182
2.655483654852474,4.534006398019143,12.039979880936373
1.6046866760498308,1.3699938352802037,2.1984108537445497
4.873719914355496,4.444209037192081,21.65983008812171
2.80401670873217,3.6566698728380214,10.25336342175535
2.338205693945146,3.1867740320810753,7.451333187128502
4.079815416669472,3.52489224231007,14.38090971227525
4.2081526104513856,2.9333718445075285,12.344076384888952
1.3665926363079821,1.8272762546415815,2.4971422740936147
1.3493421264196965,2.130555798030056,2.874848690969689
1.3543132067577361,2.5363541105428316,3.435017868922428
1.1336699485994104,4.328374182782335,4.906947737313865
3.246689504744295,2.599887007476148,8.441025860693863
1.7355989083631935,1.2966481807845098,2.250461167100716
3.6737840845990974,3.2964221469079256,12.110343219430325
4.392117686436052,2.6249211005064046,11.528962391033366
3.106686590115636,2.664890947120584,8.278980969540076
4.316844549870053,3.9559450007550727,17.077199616095218
2.467429204743332,2.2070382808600035,5.44571071018049
4.165116702860649,2.8295554985618705,11.785428868731238
4.3343269944684515,4.4003358406435655,19.072494418828434
1.942821186250486,2.9304450096517267,5.693330649893385
4.960956264266077,3.9537666452043365,19.614463405972725
3.8966654521537616,2.473535949363654,9.638542078545706
1.198798198266378,2.5213968442384385,3.0226459939875716
1.6578126946317142,3.819605001903176,6.332189660633878
4.344721700700783,3.220504514580696,13.992195851703588
3.4442417297557237,1.6379270026988109,5.64141653298896
2.763166362283244,2.5065819012561907,6.926102793859085
3.1584337353826895,3.888020224791579,12.28005424183191
2.141412363099615,4.556991605669298,9.7583981629214
3.3016897380823202,4.735823852558278,15.636221015357146
1.09421775860896,4.287157271413868,4.691083620330588
4.857796620106409,2.8806402610122506,13.993564523687755
4.999848069365221,2.7367441944469255,13.683305176951938
1.9079613512589995,3.0419274333499873,5.803879976166262
2.429014825416924,3.2793101029295144,7.96549285715529
2.3136083924242663,2.074922186048205,4.8005573832684325
1.9913629743396193,3.7002743353874967,7.368589306389803
1.4383001707061793,3.871629732387085,5.568565705003464
3.7557522996493216,2.024795649453838,7.604630916756194
2.337128472952602,2.359407405211825,5.514238226015773
1.78199387331937,3.4504640534549327,6.148705803365409
3.129719866379862,3.6647279838827624,11.469571976036102
2.4964669562706066,4.801004504219581,11.985549101690529
1.426847876057706,1.7720432642791755,2.5284361679191054
2.544551434978532,4.524813219087637,11.513619969639278
3.8499063691351485,3.1248841243234655,12.03051129304222
3.3239413603345387,4.472229989018807,14.865430233428093
2.8525509586968085,4.110236262953292,11.7246583923578
4.774583839148914,4.87728447087216,23.287003613558177
3.9695856495895403,4.702856479051793,18.66839159132319
4.777866601121711,1.6771024311279041,8.012971692346039
4.210424354218176,3.3198560644905455,13.9780028264299
1.616209833429683,1.114253519764549,1.8008674955770996
1.8274810307619989,3.753136449741482,6.858785667763992
1.2643166824555236,3.166022035641804,4.002854476683729
2.5870178394768972,1.5711258156501726,4.064530513149688
2.975751967698312,3.6656244453245117,10.907989156017448
4.959042706061345,2.468357653244626,12.24069101627346
4.616076667604644,1.3783664834549585,6.362645363684696
1.850161141861217,1.011966047748773,1.8723002584276527
2.594160728297178,3.4252790039923413,8.885724275617806
3.058724178497589,4.160440464584557,12.725639842224526
3.291006070280085,2.895977802098621,9.530680526102941
1.9481327283498713,2.4556742409601737,4.783979358980242
2.1541829055177155,4.024121473992693,8.668693689001811
3.46298408178182,1.0253068061727073,3.550621148718643
2.3507165108359906,4.224997844518468,9.931772191356034
3.8788845431575933,1.585252136973185,6.149010011112831
2.193412155853674,2.173679192008882,4.767774362678474
1.8416841161326327,3.4553493088927674,6.36366193787768
3.1505995551037844,4.2239592075978525,13.308004000234329
1.4240195298749478,1.5883213301878252,2.2618005939044186
4.73886064568336,3.6411663712690374,17.254980021192527
1.8910273183768838,2.6339032399015805,4.980782980615271
2.8464670120350997,2.0255365451902665,5.765622957555636
3.862640823244691,2.5749661747235506,9.946169464961407
3.417430219194859,2.5385521647634426,8.675324880865116
2.1651757394509397,4.3428233144939945,9.402975681264316
4.743529437826508,3.147962481521792,14.932452700272005
2.825269750235727,4.366618631352074,12.336875529974744
3.7252249523618075,1.6640576642741274,6.198989133122887
1.5802290770682625,4.35038332663585,6.874602229142926
2.0491831001297127,2.243607182181166,4.597561921055291
1.6535372851327739,3.8665156263806364,6.3934277517688844
3.452452714677481,2.995770878464757,10.342757301907392
1.316189017820332,3.3949790392612313,4.468434127205854
2.689240287838441,3.570231129521898,9.60120939040523
2.6326173982394803,3.5605485003207766,9.373561929219965
1.7296151280002903,4.733475643636867,8.187091081255236
1.7262686872162227,3.7223014229036275,6.425692390738923
2.3130788380833467,3.30446357989986,7.643484777883504
3.0705727240834615,2.0818067243749216,6.392338944679171
3.4524215231057283,4.335693960070325,14.968643145346297
3.8312747363282806,2.165351182977506,8.296055282620275
4.242782098847041,2.8562826251343885,12.118584791168017
2.6065422697093847,2.5448390476722826,6.63323054736478
2.649015287452493,3.068940107367843,8.129669260693511
3.2279537685028177,4.8740747641691025,15.733288002964137
4.196178878166986,1.173552854233853,4.924437699348673
3.2984105176935006,3.0942189572911514,10.20600435277575
1.6213642741385002,1.8197083276095722,2.950410071738478
1.5686493280650633,1.5083607784172477,2.3660891215439115
1.3088635054403697,3.0004751042168523,3.9272123628918276
1.0117235274400604,3.145647901045823,3.1825259905305026
4.003528508441833,3.793543848633091,15.187560946026728
1.6208481487733115,2.1334229507319376,3.4579546402443566
1.2023832136436128,1.0567816839478046,1.27065655726487
3.8127443718643668,2.6939668629898708,10.271406994853733
2.6273054639562052,2.188101800006838,5.748811814850374
4.1008952657847395,4.788554366007739,19.637359929513984
3.6271250022883916,2.7983270260511195,10.149881920769335
2.7127137045817995,4.209757021708587,11.419865565748344
4.938192729430293,4.885671984592381,24.126389872695366
1.383652808545158,1.2805787032606548,1.7718763193297216
1.1950101125657522,3.6771192510646897,4.394194690132509
2.3243676784543363,4.285112051597396,9.96017595128814
4.853207409166723,1.0359637010319775,5.027746709476173
1.0532377005362505,1.3384589266650933,1.4097154021829608
1.2405904542086006,3.5076721924599337,4.351584638458747
4.60423546171535,3.216591277954323,14.809943627801589
4.557406829561733,1.3884846542813851,6.327889446163647
4.3169795689586525,4.873994329757302,21.040933940782594
3.7467220439273157,2.1339234559905287,7.995218052613275
4.70326837248444,4.503467050271571,21.181014144068072
3.5986564240025034,3.818295194153935,13.740732529179946
2.321443568490286,4.517586541888076,10.487322222764346
4.6956703628945355,3.398978096295714,15.960480710903473
1.5466245171625554,4.536289384866164,7.015936379578256
4.1438610614242,3.8010330421223983,15.750952816437778
1.0470952923587205,2.842386499590295,2.9762495227849803
2.474299688683695,1.9176446105489569,4.74482746288725
4.9141793310145925,4.743744685803662,23.31161208658667
1.4597220553319672,4.202759331531308,6.134860489488485
3.5333136831741303,3.1129586162024783,10.999059273783022
4.5824211341831536,1.978726369033553,9.067357532224847
1.9961946665439876,1.7876827505070803,3.5685627720349196
1.7970040556312816,2.4346819023311825,4.375133252661219
4.13535393864583,2.6506883698541794,10.961534590399175
1.6718484710772286,4.249314407906839,7.104209795985487
4.479235632821764,1.5545207731555806,6.963064839080115
3.5738388386495834,3.1983640013724175,11.430437488243435
4.480767289732699,2.09400377787428,9.382743632475771
4.922962331493043,1.9700339829157802,9.698403089655596
3.67433330904944,1.3929560018735674,5.118184635724383
4.5695809678993005,1.610190230100565,7.357894630164937
3.7547756704481374,4.873865429613076,18.300271336149436
1.204048877222136,1.3647774835162854,1.6432587966858356
1.249852735127695,1.4736397427096999,1.841832663018591
1.776503886879342,2.4131118050850366,4.286902501207993
3.3496247713603,4.776742352249316,16.00029450950018
2.9017706922932214,3.3058394034223357,9.592787894279041
3.648349720550805,1.908039492401811,6.961195348904046
2.235532917568815,4.687658538161783,10.479414968383175
1.158157507874526,2.779602669022831,3.219217700036863
2.572221969737606,3.669130789344162,9.437818826191737
1.9775066341551164,2.892206380685494,5.7193573051513225
2.3977736695098097,1.0203951978302106,2.4466767378515324
4.794098551009183,1.2041003885622588,5.772575928075919
4.753575107512007,3.1948106296065886,15.186772282112642
2.2362338354481106,1.323642808944708,2.959974835409735
2.146710654595089,4.359495534254399,9.358575512043627
1.729587744442441,4.327627647721059,7.485011742008613
4.720604942201117,3.5273215349688307,16.65109147070629
1.9274646861387756,1.11957280218459,2.1579370397722304
2.6796675072019527,3.3474354008670724,8.970013876161037
3.785334790099708,3.988907365088649,15.09934982355502
3.958142922668977,1.2280623998156668,4.8608464964262605
4.970731732437128,1.0830395653136615,5.38349913478953
1.5450105966786998,1.0213859810930401,1.5780521640878171
2.6050455405617496,1.0080433987035526,2.6259989604853997
3.2632523807167586,1.845772048009843,6.023220029928567
4.247997548124509,3.246052683660521,13.789223841272875
2.383771150569508,1.059352760610814,2.5252545490202243
4.614410758466573,2.0759599030016855,9.5793317105562
4.803341639158097,4.141873451548564,19.894833213946683
4.913769699875862,2.6377448801852332,12.961270868256886
1.5226408914978102,4.460884861266191,6.792325702027439
1.657242937887366,2.9741529898990784,4.928894038706843
2.270619318863333,3.103855775038396,7.047674885767705
2.678635419461477,2.602794245502225,6.971936855572771
4.990410999966416,4.524877349290065,22.580997697396022
4.088872315109361,2.1147581625123095,8.646976103848125
3.5921188893041958,2.054150852357276,7.378754078232885
3.8778744889782764,4.756209950865771,18.443985232686995
2.4064139766184534,1.5695865920028669,3.7770751125086246
3.567816649873303,1.0253888715833912,3.658399488630021
1.1570701041742444,3.7619211361816807,4.352806480937029
2.1034578381546956,1.4644821367747185,3.0804764294363185
4.934928465805782,3.134410546420781,15.468091829053767
3.208432298163082,2.039316317184482,6.543008338225681
4.052163227436252,2.3049503470939343,9.340035037560467
3.4818793626658464,3.960233603052662,13.789055653804871
4.000777771226032,4.586587719442489,18.34991819372381
2.986305193608031,1.907210922334209,5.6955138826726115
4.9928425140671475,4.52746736366575,22.60493153436186
4.698280526567867,4.122760361099047,19.36988472025756
4.4104991928857284,1.4043655216577116,6.193952999787882
1.288955593228975,3.9718180700203995,5.119497116640706
1.046444153706993,1.3273569244005707,1.3890048934214725
2.466258527259895,1.8237963968180093,4.497953415638287
3.1912515768607803,4.502614093902759,14.368974327162752
2.2817778771272406,2.1419826145367518,4.8875285430411255
3.733487933762552,2.1923150970958565,8.184981962012857
1.8199728612708088,2.278596802900817,4.146984343057917
2.6428056389855192,4.947475023228986,13.075214890129576
3.887792098752121,2.258064352701937,8.778884748908412
2.471251629407345,2.1764641096901833,5.378590477418472
4.965621719506798,4.789654475010606,23.783612290045593
3.0557364209267224,1.895306924344856,5.7915583975551845
4.204029816750752,4.3979974740937084,18.489312515084443
3.256376708482753,2.178308866174634,7.093394255692552
3.703537378712807,1.7043986194730962,6.312303995445118
3.571842054120006,1.1047240149108006,3.9458996946546945
1.1924349890001813,2.6146269816568757,3.1177726961115937
4.115531753912637,3.5778841716332814,14.72489592017818
1.9312298610249146,1.4276423195696601,2.7571054784158013
2.222048452138427,2.5505285908051296,5.667398107333342
1.5001879206553648,3.6613825455386437,5.492761867715465
2.93294776522484,4.447281872582614,13.04364542951612
2.781177332684225,1.1156351261413087,3.102779124370514
2.1961786660134544,1.2302107409291274,2.7017625839291544
4.970218928724085,3.9956852209823044,19.85943031854933
4.665607545592346,1.871268268272292,8.73060335227873
1.4205499742148393,3.028121575974422,4.301598026669864
3.9561893095891536,1.0629127447677278,4.20508403787615
2.3480804130914192,3.037688634222079,7.132737183087288
3.6257151889855357,3.2874618310433923,11.919400294024229
4.499588337624229,4.798753538224045,21.59241545572592
3.901538719069182,3.2074472073313967,12.513979468773762
1.0779507269186044,4.064021335845876,4.38081475318778
4.548229960014632,3.639438827995667,16.55300471513043
3.3984806188485748,3.990705113291525,13.562333983061155
4.429421635749863,1.0612888784120682,4.7008959198191205
4.78834930795178,1.6909117880812605,8.09667629026641
4.077475711814062,4.799348553719181,19.569227160319905
3.0045560913656977,2.7411544312384173,8.235952243751461
1.5976674439740393,2.1608815089242666,3.452370037093798
4.142622875198425,2.861060622655882,11.852295182743706
3.0397719801742134,2.2311432526780575,6.782166743245514
4.67272567040505,1.200815609242916,5.611081922732454
4.748170029757635,4.58347378114735,21.76311283982375
1.3583478642236546,4.4374387528395,6.027585452542813
3.7347102840266655,3.6717458571206825,13.712907012920917
3.5598592893896757,1.2799800939666484,4.556549027741043
3.014940290400142,2.893482903912688,8.723678186590366
1.9503762603585466,1.9881119494085935,3.8775663490616727
2.2084372470990243,1.6530850134809878,3.6507345163926064
3.4208947861070693,4.027571818451933,13.777899434413985
4.7289600822152895,1.2000748553493779,5.675106086617496
4.792273518552072,4.477333207741092,21.456605365191436
3.779560299318911,3.9832632962177956,15.054983816118964
1.0081196363663425,2.386534906176438,2.4059127017901742
1.7245601875387147,3.497622747379774,6.031860941160937
1.1011894954270085,2.772436553735331,3.0529780097112034
1.441774517210848,4.0952619187949395,5.904444275822545
2.386266128268496,4.239139639228604,10.115715334091549
1.9841246641097858,3.2486689629050183,6.445764214827806
3.856019178925421,2.367755161398066,9.130109313350598
1.2998883414422537,2.6553926179788885,3.451713906062581
4.474327431701397,3.570846891567373,15.97713820134556
1.5909508642922594,1.3322887896271922,2.1196060013442697
2.8439996119687256,4.540606272080985,12.913482475901082
4.944673820292061,2.0200590251482757,9.98853297709538
1.126151849730888,4.961896843675214,5.587849308678697
4.640069423625022,2.114388749565385,9.810910586515085
4.6255802409422655,3.40681192944639,15.758481945453617
3.38488233363071,2.607494966545654,8.826063647291384
4.2375496241301445,2.0951960026159107,8.878497033364033
1.9103772764130653,3.754818419253643,7.173119785199386
2.870664585596707,3.544010954164171,10.17366673708588
4.758646416601479,3.7169520889331737,17.68766073868123
3.1710021181722823,1.6470629377750456,5.222840064447731
4.958346084141242,3.340795465261952,16.56482011309842
3.2907672724567845,1.479784880498157,4.869627655019709
2.144021465749151,1.7298457642665688,3.7088264510227695
3.1191839163762225,3.1467977596336647,9.815440959938057
2.290815836389169,1.4560594797358206,3.335564114903392
2.1551215024512906,3.6076701415235104,7.774967495748808
3.566602976689128,2.9499049046337404,10.521139613816556
4.712821230840825,1.2789912828319818,6.027657271790906
1.9934658964441274,2.9997594308085036,5.979918122853399
2.499094647958087,2.357136276540711,5.890706653210744
1.7362402959979657,4.789506902973486,8.315734882902985
1.4407734235831393,2.303424580606348,3.318712918965765
2.5471493780921466,2.1496861105081555,5.475571639474174
4.669738787652374,1.3948183904453288,6.513437539593406
2.906351707252445,1.9665785245625926,5.715568852308485
2.8038373911714167,1.3266395508026543,3.7196815771473344
4.809308252798386,3.7768917530346346,18.164236677795632
4.858721054144686,4.26440875242351,20.719572588878982
3.063561184206865,3.746064597671413,11.476298094957647
3.764492888111485,2.6306229158160415,9.902961257892585
3.5276539141243486,2.2978185163827964,8.105908483265175
2.475139108078681,2.264852833119668,5.605825821297288
4.477154069190908,4.263495160851733,19.08832470838308
3.0850242863152153,4.124396178714404,12.723862377719605
3.6205923640186595,4.650236034926409,16.836609078938963
2.706888448706632,1.7410915821022903,4.712940691733044
1.1650497326499254,2.4453924818104067,2.849003857157352
2.3461034630824877,4.416043374324339,10.360494653624807
2.179011568212291,2.738943952570428,5.96819055733606
1.5135445754736563,3.6635901661669656,5.545007022760642
1.5612077451773865,3.0422152130235967,4.749529953068912
4.584349109073358,3.4102962562011423,15.633988603791915
3.665629170649823,4.11131340674622,15.070550353452646
2.752653097585948,2.8745239138194405,7.912567155459965
4.256940074148346,4.4389016119420415,18.89613815707777
2.2956312310505265,3.7721831931859,8.659541547521453
2.1931221140905888,1.9498659940329968,4.276294231026993
4.4910684718156135,4.351718981931586,19.543867917954483
2.8904255977823357,2.2901142155776673,6.6194047505509035
1.4256360338096958,1.6484299053026454,2.350061072208956
1.0482792666484557,2.326103447366775,2.4384060159540875
3.9540465163217653,4.087705100293465,16.16297611156609
3.6512655307052193,3.936004089428353,14.371396060444528
4.130066637865078,4.224479943721937,17.447383677896113
1.0197718697911111,3.6267464992701197,3.6984540588190566
2.13656661686673,1.9735558236174748,4.216633489264021
3.6738882673623814,1.0110070422085204,3.714326910590627
3.741003187150671,1.213656501656779,4.5402928408041445
2.969253359752449,4.048569810320449,12.021229511486327
1.3673860477418276,4.84241678168535,6.621453144627432
2.6767393859837343,3.6408031901018414,9.745481295560824
3.249047813122482,2.033904749454983,6.608253778316143
4.954818308262482,4.141004112044955,20.517922988950566
2.721387820883212,1.0706725265491368,2.9137151739050786
3.624509441896013,2.376381109320318,8.613215768274813
4.3961836099335105,3.852097025091079,16.934525805579035
2.759532724220537,3.80419716045888,10.497806553673124
1.619913390682977,4.495268127607115,7.28194503462116
4.159993866994201,3.725149898079704,15.49660072964564
4.764712710548424,4.872455940770648,23.21585275257708
3.7264306783571404,1.3706574772169593,5.10766007262088
3.4380636607834867,2.052319392716673,7.056004724420427
4.5200265506969926,2.2142019075869013,10.008251410896722
4.698127033447529,3.9227460367183613,18.429559200455685
2.0942879563662324,2.9506901748167205,6.17959489608683
4.30107411210534,1.7603060297551605,7.571206693962853
1.8606758358717017,4.644260035271531,8.641462423134394
1.9017954217538628,1.429061066062682,2.717781792844703
2.5771059242964935,1.518690410419151,3.9138260538634673
1.9457620752573486,4.917691695710466,9.568657999321426
4.156657706220274,4.408304298482619,18.32381203365174
3.266793045914446,3.684217932368908,12.035577521096048
4.873379831384117,4.311626525411646,21.012193749401895
2.4053872910408662,1.2836234639709376,3.0876115667175466
4.0149732482722325,4.76590671238022,19.13498795396765
4.527015541570827,2.723956044502751,12.33139134801975
3.509610930554809,1.1835160487745338,4.153680861266142
3.71658823058209,3.961479261414641,14.723187198668684
2.6522322776198104,3.3363652569788553,8.848815624488633
2.9323303255621935,1.6339967036242538,4.791418085906059
3.320749721287204,2.7280731061327916,9.059248006841585
1.8627380348215894,4.272587079893876,7.958710460805632
1.2236812030100612,1.8305887230778009,2.240057010872495
1.3025066089951376,4.462307851393501,5.812185467810927
4.773407040573144,3.263577067854895,15.578381753151612
3.3854535919199007,3.842535706889026,13.008726310967926
1.0214531045708202,1.1445338093037383,1.1690876127995704
1.4761864507050877,4.072943910215507,6.0124246147419305
4.162891733037073,4.713577419331741,19.622112471966325
2.3045122731751673,3.4279917568931024,7.899849076103459
3.8754155958132754,1.8222153079014998,7.061841623171162
3.9044290775907973,3.599237195069322,14.052966361575
3.8861786254915347,2.288256884977201,8.89257499603224
1.091676148842756,4.298262398205717,4.692310541588845
2.0656978638457035,1.7065670632469114,3.5252519370585804
2.1899974191768754,1.5868851720063128,3.4752744312238772
1.4338425512634432,2.461106819453753,3.5288396809374274
2.7819792287931193,2.583406916461848,7.186984381117342
4.664713650279317,2.917866055466254,13.611009618620102
1.3716821055993664,4.95195595820439,6.7925093755851265
1.7999631819889763,2.953619136752556,5.316405699772664
2.806498247797501,2.6591948622969226,7.463025721588431
2.6239865750432645,1.8090237604915749,4.746854061464174
3.723741145762787,4.852664718015086,18.07006727706415
1.794962819641675,4.430900162537377,7.953301049298846
2.5918348541126686,2.3688023001446856,6.139544364017255
4.264844718303137,1.3936234505970044,5.943587612582027
3.4632207516914253,1.3598645415274344,4.709511099707157
2.874523244171951,4.196385603260097,12.062607958079685
3.2708971846514387,1.0827217910944928,3.54147165825174
3.1297646675854285,3.9150256301145263,12.253108889823823
3.2481124168317668,3.883537933893007,12.614167784315061
1.0834887711436463,3.2325763528890223,3.5024601802197366
4.910601274367716,4.9404195059348535,24.260430321754814
1.2497772123864799,1.9562589610758185,2.4448878710794077
2.30588259371484,3.0632200843550383,7.063425873231987
4.869243277191837,2.513345625331793,12.238091289406347
3.2231981524387106,2.040024264714471,6.575402440957822
2.838355862985424,2.8788235216618356,8.171125621209217
3.752549129798247,4.846613660580992,18.187155874481498
1.3240146142584925,1.731950816249178,2.2931281918908364
4.358660162915427,4.969052102756387,21.6584094477354
3.291567491939481,3.2250737978078696,10.615548071970185
4.731092133485944,2.8577525608920027,13.520290660285466
4.9466197803686685,1.414841089693772,6.9986809203575735
4.719213109023281,2.708256833919925,12.780841153236798
4.990285220105671,3.4814724047840526,17.373540285799603
2.4907237688605424,2.081444023582682,5.184302103090109
3.338196479057587,3.1276305017183526,10.440645128629319
4.724875550766177,3.552777485196884,16.786431477119297
1.8061168375886645,1.267336114767056,2.2889570957649803
1.2595598769528404,1.457496586831983,1.8358042215692774
2.799176873954723,1.9191218022761678,5.371961367233757
4.376090810081221,1.4626351467964316,6.400624224397662
1.4462861612764208,1.941023126559592,2.807274886660629
1.4434787432034097,2.0988133867434913,3.0295925097149867
2.103577189054113,2.847564530104269,5.990071789886934
4.042516733882526,3.3067105033193327,13.367432543773514
4.127159161552754,1.4481584723514307,5.976780506545448
2.376123763935783,3.055201193407675,7.25953615926094
3.765630488188776,1.6755328957491011,6.309437756196041
1.933536008720397,4.3982592262919225,8.504192589722145
1.762152620641309,4.198931214008894,7.399157642658365
2.871882507866611,2.8605115873443197,8.215053191243905
2.940162429766058,1.3913327094654573,4.090744159674951
3.1220192507580373,2.499647452612746,7.8039474671652815
1.1437488226338282,3.8540838383609115,4.408103852457358
2.6599134718611652,3.6840567946140688,9.799272299095623
4.012503215133059,4.432092401627294,17.783785011296317
2.069892975566427,3.5604855108939244,7.369823948605375
1.3038363009154676,4.997034634724754,6.515315153685998
2.508673122797877,1.9537581955169978,4.901340673539572
3.2932397328171126,1.0669448357755087,3.5137051258999343
4.414073153635127,3.7642640218934766,16.615736762234587
2.7090445954574043,4.334049103935856,11.741132301464436
1.5079905893248458,2.1703483725154893,3.2728649213098526
3.0523341645932494,4.568108825062863,13.943394634319304
2.424432987181767,3.315600778694732,8.038451900193062
4.277104592234718,2.5996752093188698,11.119082776096489
3.0471468113372704,1.3552757752773168,4.129724257118923
1.754652575811018,2.31971926465654,4.070301382888038
1.1268229351330383,2.282471905922055,2.5719416923897898
1.6119758047119053,4.461167123944968,7.191293464575486
3.9189051295514368,1.8138050827796737,7.108130042911731
4.943662740873355,3.1647319516237213,15.64536743409361
3.8972901458660827,2.4552675182517905,9.568889904347776
3.7364086004425237,4.108151969881646,15.34973435219068
1.7822241969571406,1.298795016205367,2.3147439047685467
2.1625374336651433,3.134835775596565,6.779199713120275
1.1740449297224114,3.5620990537557553,4.182064333230944
3.111709240001916,1.7646752160378258,5.49115617534728
2.1503330762312323,4.868764869902559,10.469466140144126
3.3987754025867924,2.371122056837667,8.058911323310866
3.03679166294968,1.7715938956978774,5.37996157258786
2.7021938575125004,4.253256607012952,11.493123877894858
1.8698662212025856,3.8912202786126424,7.276061358236294
3.1282302373076187,1.0369026806810462,3.243670318851775
4.015014403219638,3.320805121811288,13.333080394357866
3.9176638770965093,3.3595612892603066,13.16163190582688
4.462320460559649,2.382703706380094,10.632387500431205
1.357896308570568,2.7708653869077056,3.762547880427932
2.515900002445365,2.467383217223277,6.207689442245695
4.479864963979565,2.593038444966323,11.616462079856682
2.875311857565758,1.4224440735256292,4.08997031133238
1.3591112436029618,3.184649802725937,4.328293353822775
2.2306271029732754,3.3224659711585782,7.411182643972749
2.233274980953621,1.0927971859240864,2.4405166145807846
2.634231774331538,2.160467839394403,5.691173029954143
3.5621205637039743,2.5107846358713544,8.943717582469347
1.4803736465888409,2.7075364760178013,4.008165646274772
3.0712540248308033,1.695123980235218,5.206156346884624
1.4183779052236871,3.5973281882771433,5.102370820090656
1.7521901110002345,1.7796527179084336,3.118289893333847
2.4208053442675475,2.858898735595958,6.920837337850429
3.227749645589772,2.3381777143987055,7.5470522889763245
3.0131492925302497,1.2302017781171068,3.7067816174030157
2.840228231171262,2.43607593970655,6.9190116572316045
2.7168402561931786,1.936041999292526,5.25991684135866
2.3719519807759335,4.214107965914478,9.995661736954485
1.2430456774986935,2.8301370663029757,3.5179896469967473
3.3916120939077206,4.31061902663225,14.619947622954665
2.997484613216545,4.376894292996291,13.119673296931692
2.9488259064068787,3.2344216544005744,9.53774636673981
3.9134412022425997,3.566728217040267,13.958181161766667
3.6151770474836256,4.4564327015881116,16.110793216436786
3.096289606759625,2.4249563217725196,7.508367055950301
1.047782045294762,1.7928581074812024,1.8785245347799504
4.811426012537146,4.9015073330752355,23.583239882999763
3.433118825269933,3.389832436709362,11.63769755297756
1.1738816452964511,3.6138054319234145,4.24217986620751
1.729585695119312,3.6975302183854057,6.395195372990783
2.76061784959647,2.198124278134413,6.068181117849216
4.318639031442114,2.8172608327950823,12.166732594261958
1.3393842344922482,4.6091276018782725,6.173392844718822
2.7161028740699202,2.8053681439300466,7.619668478552597
2.2565925442940893,4.610665962324475,10.404394434811943
3.601124251476518,2.225996089438243,8.016088501367948
4.538810994856249,2.1515396700045373,9.76543191008598
3.266247744909566,1.7252286274706377,5.635024113929396
3.6286723855828757,1.978189713266361,7.178202385973751
2.8065212991294657,3.300887502404114,9.264011081527412
4.703282894622048,4.444233798960104,20.90248880635022
3.5094735015932397,2.3846388492744865,8.368826852398605
1.1028199801167458,4.662059134296608,5.141411961788078
1.66334623368971,2.7981459121834544,4.654285464344607
4.3029499706313725,1.72725045767584,7.43227230612928
1.3576874614045407,1.2104973106755792,1.6434770207681506
3.99795194379053,3.3894445921826075,13.550836595686757
1.320051805945392,1.5945797134882236,2.1049278305140153
3.296033066937574,3.142804996948401,10.358789192878572
1.6640971002530751,1.155868225532148,1.9234769623827148
4.9879934213344885,4.540638998126801,22.648677451311308
4.098796552577291,2.076133765296148,8.509649919885161
3.417483999476167,3.7582185420608187,12.843651734027496
4.19269693956601,3.4533290751064345,14.478762244513067
2.04200167904763,4.0500670632116975,8.27024374333379
4.216136206487841,1.0616196255555743,4.475932940822921
1.527199469334033,1.343214756159412,2.0513568628082965
4.100711232188767,4.317824467780163,17.7061512936456
4.323788669242015,2.103622674259516,9.09561988332388
1.8749031076051987,1.3467291854805734,2.5249867349601454
4.8917428888301355,1.7318996346183075,8.472007721811616
1.6139038412148987,2.5272099717784275,4.0786738810097996
3.8053445129391634,1.199319605987525,4.563824281904988
3.82110158132589,3.9249603090008165,14.997672043364375
4.941812883578835,3.6578292592047084,18.07630775906945
1.5505453638632707,4.657437203297423,7.221567663057137
3.690471688600132,1.6532079015967738,6.101116956212927
2.384579757672985,1.720395486350505,4.102420251943384
2.0129850294181515,2.726083734116132,5.487565745716106
4.739493397209192,1.5673380790961615,7.428388477070796
1.0722766710550946,4.22629137980087,4.531753651641719
4.574019666633607,1.8381892241155677,8.407913662098577
2.3789659604537614,1.4906933315788646,3.546308693301531
3.032063322064433,1.5084299525259217,4.573655132957241
2.6389898298683367,2.2358453196592096,5.900373059739374
4.293261366962049,4.943579592201253,21.224079277699644
3.0610388422387524,2.185202008406633,6.688988225870837
1.4143307631688824,3.1858251642492,4.505810535875201
1.3012625165714367,2.2530339604160687,2.931788641251924
4.189347290901001,2.328733235628229,9.755872271910244
2.368197641065889,3.310376316762862,7.839625384398197
2.56857796222637,1.173976434525004,3.0154499978940144
4.957159078485553,2.1588276901989163,10.701652283355555
1.7110279479109591,3.120273296476753,5.338874815391982
1.2993253778950047,2.7048525168184563,3.5144835185653953
2.6041209576171056,4.626830300043689,12.04882575168161
4.43450209650147,2.082940655824999,9.236804705144104
1.4073036022235366,2.262648657768681,3.1842336066441144
3.4115871503223096,3.0375245081583175,10.362779580822009
1.39181959596247,3.1505055375753996,4.384935344385717
3.0199086498145586,3.08407487269136,9.313624384716372
1.698878930611829,3.249043092778531,5.51973085497134
1.346142736647825,4.848207238721374,6.526378960168184
2.8151336732412053,3.2995976754941294,9.288808524431932
3.1692295524207443,4.008642773291012,12.704309142211724
4.291442987276909,4.358400130596798,18.70382567619639
3.3055346719718126,4.994612177719532,16.509863726504552
3.3453877411805673,4.522016520015385,15.127898631475478
2.2711137656979816,2.6025481675348616,5.910682969180481
2.18987224759776,4.348437719918134,9.522523083256
2.1953087895917145,4.212658845414254,9.248086990889197
1.1886222268304456,2.165083506341821,2.5734663785818843
2.1320481136979375,2.805037604257479,5.98047513300894
4.168046165743409,4.461984221479023,18.59775622594323
4.172652783964979,1.5372161577596928,6.414269280231931
3.9774111519223654,4.657779638601314,18.52590467776979
3.569234283596266,1.900742039683223,6.784193652310054
4.51262017530015,3.0937922883767124,13.961109498716771
4.461834730084297,2.3592042177809303,10.526379314256312
2.5293074093272128,2.130651266095587,5.389072034027976
3.66107563102439,3.738697778376133,13.687655328177886
4.541343596793704,4.179311798782118,18.97969087640355
3.9593976589009507,1.4400285529861199,5.701645681443766
4.700657813821492,2.6591100048953202,12.499566222322091
4.909259564370869,3.215559611964442,15.786016779841116
3.0314244223596045,3.3244574441379813,10.077841487255068
3.386248559973017,2.5847530297996464,8.752616225044946
2.8319231798531583,2.658733936585202,7.5293302640778705
2.742012347634428,1.381345577867147,3.7876666308619313
1.3593173403063523,2.0022855425709123,2.721741458261354
2.469355867005197,2.1504408525722436,5.310203735946928
2.7893585136128554,2.724085241680181,7.598450360687745
3.3862426057337935,3.801751391079005,12.873652536879444
1.504856477236931,2.7808297905107415,4.184749722343508
4.925471919960394,4.28734093110833,21.11717736747093
2.446233849837685,2.1436870751639088,5.243959886725495
2.021823479348264,3.7861062572759168,7.654838526267828
2.639306140065443,2.305066369005219,6.08377582097383
2.9188034006573687,4.672694113357972,13.638675468300915
2.371626504980543,2.171167790828649,5.149199079489276
4.076067179324324,1.2375685854367382,5.04441269326152
4.81277694728164,4.916680174515697,23.66288500106582
1.8916497536713752,4.599376812277614,8.700410013986785
1.1815424653324897,2.6069331971754357,3.080202276747774
3.264018198869127,4.5560244148189835,14.870946604461228
3.5590708603053822,4.314175756047733,15.354457219585429
4.422980282126648,1.9241784483486333,8.510603336339054
4.618496019971795,1.6705023320300008,7.715208371834161
1.0446659250180184,1.2322319673633255,1.287270748022381
1.7192984272358531,1.7532864329676339,3.014422606695212
2.304657011680553,1.9979657553467067,4.6046257871574205
2.2458174498683277,1.1356389657162023,2.5504378059558666
2.9727350920905256,2.770719848654069,8.236616124445701
1.56003232447499,4.374689761373013,6.82465743729168
4.387512687598001,3.607445353600913,15.827712258740462
3.0831119846163375,1.3164636821938465,4.058804955884002
4.927769347456711,4.3776324065671846,21.571962787514927
3.489063068083206,4.765760585155373,16.62803924899222
2.6306766132202735,3.855169694564378,10.141704755486055
2.32604303321116,1.1478999436499242,2.670064666750389
4.4616300257378505,3.7062593150557603,16.53595784322338
4.512755309775775,3.420988268710672,15.43808297430472
1.9742129653864309,4.4781261088227815,8.840774624673422
2.961408505345283,2.8991284579057557,8.58550367333066
2.728379131658133,3.7907047712937167,10.342479792274693
4.464062510425455,2.138075210485045,9.544501391596304
1.9129799287090212,2.4081659319773836,4.606773092873589
1.603860030786211,1.9988168718861283,3.2058224896792837
2.7966634702316364,3.013998934498653,8.429140719429459
2.8125031926745314,1.7204012291943593,4.8386339497903235
2.1906050107151316,3.9241981465093856,8.596368122782492
4.247382654023477,4.647877060718733,19.741312405730373
4.282180233163668,3.9885043642866256,17.07949454863521
3.7723383275777107,4.084143262155971,15.40677016314923
4.8108812609240825,2.1083327606064572,10.142938569793944
1.3605349768525477,3.4767756980307563,4.730274943841775
4.780924805216877,3.688007455986406,17.632086328150198
1.6115835150441677,4.195394787203194,6.761229078158901
3.8957541848325916,4.752656104690411,18.515179908917833
2.781376746522,3.697574012674014,10.284346377395547
3.1029203354196055,2.7332688261789397,8.481115422919107
2.5261800496653395,1.8408193096640213,4.650241015111973
2.430797509533017,3.901338952890343,9.483365010529996
3.4088427684511373,1.5676985129767966,5.344037739072554
3.38607525907479,1.0261408137267374,3.474590021686978
3.8551068957410672,3.3473459073215976,12.90437628974613
3.8665039730551705,2.857775857683785,11.049601707835503
1.1189333460995483,3.282346410701944,3.6727268523845686
3.167407429964351,3.231226888327646,10.234612053989578
3.6632690672269144,3.3071719279289584,12.115060623583352
4.116683304557162,3.007517272424539,12.380996143557393
4.554689229294148,3.3934981192148665,15.456329333217901
2.3040233114669126,1.5326888945457022,3.5313509422597504
2.5752211894889183,3.6270659404459007,9.340497065509835
1.3954115665783497,4.960383607268017,6.9217766602474295
2.778191765708685,2.073396126511314,5.760292045726016
4.6632868926726045,1.2361400814187098,5.764475839187115
2.1809113125748554,1.1843107887115671,2.582876796705506
1.9522516401240964,4.855698070177291,9.479544521451025
1.6605802425969753,2.566453272712234,4.261801598214283
3.3223071642776962,1.5940085968110353,5.295786181105541
3.093665867469207,2.9971695801802616,9.272241229220688
2.7875049035218704,4.946267611780726,13.787745221970185
2.069894465010951,3.749408733442273,7.760880384415882
4.909711124717569,4.431769201268999,21.7587065496511
1.643456051007108,3.0199763424618493,4.96319839391724
2.1079094367326503,2.584833673614113,5.448595292995512
2.256126724695436,3.927258743614181,8.860393406261776
2.675231322931432,4.244144852072015,11.354069247321243
1.7210526169735556,1.7074233959537426,2.9385655038880643
1.614689683052867,4.621258092060909,7.461897763975326
1.9691403514977934,2.7122743455924385,5.340848858238342
3.0985430982480944,1.3763580131975588,4.264704622511755
4.058612598011383,1.948229421004386,7.907108471904823
2.1104907404573687,1.2298765026196654,2.5956429706848967
4.153729221739009,2.5175466237908224,10.457206978330321
1.2688881064428497,1.0905350141561407,1.3837669091222116
1.9369085272139945,4.320559384845787,8.368528314842255
2.6877329696422416,3.920565792061129,10.537433938974246
2.3741007371301333,2.2685863848031733,5.385852608404598
2.108279637778455,2.627809574682975,5.540157418263378
2.4849146607190957,4.185109458249121,10.399639849517394
4.300415660341152,3.831985563493514,16.47913072744872
1.7355455244910019,3.854299185789858,6.689311701946901
2.750772621982199,4.696779237182725,12.919771737136678
3.584689537658715,2.055713422952433,7.369094399682171
2.655978140895072,2.391540343216194,6.351878874650909
4.614301149656976,1.5111532369635485,6.9729161186287625
1.398315715425308,2.6681965372554637,3.7309811498877035
2.640048498687219,3.717317530566393,9.813898565715485
4.82175911950943,1.3962460505624086,6.732362127378319
2.864004453430186,4.221415745720289,12.090153495523218
4.337480375604388,3.971407423727094,17.22590176394585
1.2737887234670766,1.827462277967658,2.327800842236659
3.929382029139559,3.4092920782718834,13.396411024449398
2.1131740220549102,4.412160813889475,9.323663613039889
1.319664773174316,1.0202599545955833,1.3464011215602185
3.5289490415441342,1.7288464241661248,6.10101093153805
4.218870415848907,1.9707804612104884,8.314467383933994
1.5258374885186745,3.6922249827554974,5.633735294733555
1.2639795441715607,3.460479160132681,4.3739748714396915
4.719036330365364,2.6339486466543436,12.429699355878531
2.606649793941557,2.724433119943729,7.101643030708875
1.8377411667868926,3.8929012218210066,7.154144833575456
4.8493222718853355,3.2831886393939325,15.921239791813909
4.745861306022736,2.835524883857261,13.457007828562787
2.082841047570366,1.0725666641267666,2.2339858742988477
1.766331377996722,4.686970999497203,8.278743944172568
1.5022125554211585,1.6342123707811655,2.4549343416120446
2.63648327728562,1.1704975862092777,3.085997312143944
4.093942619405577,3.9218659344644267,16.055894096698797
2.3886934227049577,4.262939496289417,10.182855536175715
1.996203486143945,2.6301880361794385,5.250390527035492
4.123558236425188,3.31305142897039,13.66156050763109
2.5291564161478752,2.148122087793616,5.432936761012193
1.250914212108985,4.8666706359005145,6.0877874641014245
2.775410887192371,3.696214072607832,10.25851277850943
4.440530114619069,1.8786082936473631,8.34201670151426
4.952139679864013,2.4869505916409933,12.315726706726647
3.310196961366922,1.1735865470400735,3.8848026219131495
2.5849252416001223,2.557735948024404,6.6115562133963
3.2426980187846772,4.822676821011893,15.63848457273405
2.5334756797284936,1.8793905555957116,4.761390265313157
2.1505576940390303,3.219725575520588,6.924205609130046
3.941258053778317,4.515239187790279,17.795722813613903
1.835413328468721,4.649704420616176,8.534129467038863
1.463590271157086,2.9445837918751603,4.309664190395327
4.284738472625857,4.05161650997346,17.360117136609386
1.213713043500571,4.686398521097473,5.687943012097789
1.3425243728234593,2.750234950096219,3.692257451495084
2.747754473090399,4.61134774484745,12.670851392879904
4.999205796132539,4.524775758540809,22.620285198297218
1.428157996238443,4.714509375074453,6.733064262353684
2.517802266887532,4.659818624819829,11.732501896856109
1.3955624125086672,2.2395763008400356,3.125468505397557
2.76473653187478,1.1916702889383504,3.2946543817776317
2.365389945507824,4.596635884826617,10.87283630512934
3.5128419005038634,2.594117305926265,9.112723967079983
4.8241552013767235,3.506276218688116,16.914820657847784
1.7887573435292095,2.3230701981900106,4.155408876546238
3.719139565013437,2.956775638641636,10.996661262539982
4.794476373258344,4.080722129557561,19.5649258359962
4.19326617622338,4.340073750923992,18.19908446206451
4.462166300522769,2.8005540930797475,12.496538096931555
2.680114826934075,3.5915523872858572,9.6257728048753
4.89161958474522,4.331369782956985,21.18741325908604
1.9304033141153392,4.295504752198214,8.292056609441621
1.7234935491737073,3.128889079181594,5.3926201440495385
4.752200475458383,4.374644939031882,20.78918975922892
2.350294668031273,3.713276678289245,8.727294377908088
3.0682900887757576,2.508686683728893,7.697378487529086
3.902163945166028,4.1680902412159675,16.26457145947132
4.980903737554307,2.5688286548315067,12.795088247986854
1.6603418562758785,1.2689014203299869,2.106810139661789
4.109151225171029,4.669088355812493,19.18599013771869
2.0147882491902713,4.754177537734449,9.578661037591706
2.492053886169613,4.91059756544328,12.237473746377967
3.1990815156907755,3.62803938911467,11.606393747914794
1.398119568651461,3.7304596822863707,5.2156286818698865
4.606898187984768,1.345661057890589,6.199323489237821
2.890819928539907,4.020430673470358,11.62234111218123
2.889131073806519,3.494958224663608,10.097392408531295
2.8819095248476554,3.848139805673975,11.089990758917233
1.3455882047612038,1.5098881245164262,2.0316876508583186
1.6958266928059955,2.08122841662502,3.5294027027390666
2.1143094631998642,4.594925659344728,9.715094804252434
3.3508414734138205,4.371918879609299,14.649607100195723
4.984446042276668,3.1937230248314314,15.918940091248896
2.4707362284597294,3.3965330951242043,8.391937369285827
4.39299919860201,3.186648861825802,13.998945896226756
1.05519431486998,4.436163892205181,4.68101491888639
4.092330113112063,3.424611834068355,14.014642134277862
2.8459590282821443,1.57560614731096,4.484110539956473
3.6646514272507957,1.1989394616204798,4.393695209214792
2.766448046735467,1.8204438713467264,5.036163392078703
2.4615843700004696,2.7743466223799933,6.829288282614186
4.5954146984897575,4.570383519963546,21.002807605375832
3.398590750364069,4.566821380974227,15.520756903943873
1.428602881297809,3.261421525905886,4.659276189035846
1.2272863141789134,3.136154633588183,3.848959660951562
1.473988669543596,4.416120326606043,6.509311324758472
1.7540744174061773,3.00450903290226,5.270132431479629
1.813648635018009,1.6508057637877358,2.993981620173489
4.83030145977531,3.250429346351313,15.700553616577253
1.5208595744160007,2.73903911072292,4.165693856242841
3.856658734836271,2.3410569318534122,9.028657664981463
4.580609139887662,3.7018042334201895,16.95651830567936
2.73044685972257,1.0217969657788104,2.7899623164848033
4.038763116931639,2.5279989064401733,10.209988742974089
4.249970699645219,1.9866935388065654,8.443389329102375
2.810535492456089,2.2003043669498834,6.184033517518774
4.057728077106496,4.036962863370403,16.38089755693432
1.059146846490476,1.407900730246383,1.491173618612095
1.6439388171195155,1.1359610201305226,1.8674504157272493
3.521914642824195,3.4945481196500454,12.307500192649252
2.185300591035107,2.4663455470164104,5.389706381591766
2.1471321410887763,3.6015931669194443,7.733096447818453
2.5695403678104203,2.469830004433439,6.34632789802111
2.374671195930777,1.3581138504796262,3.2250738415286064
2.1325671447901824,4.065287598693548,8.669498767096837
2.7208578392498275,2.9569547897625665,8.045453620032804
2.8579997594931856,1.7546300197843583,5.014732174543219
3.570707410584811,3.699981174707288,13.211550199551608
3.3256833839383435,3.5955178784415587,11.957554064986336
1.6490940984779767,2.57816161184454,4.251631099015299
4.142503348466718,4.7936608093834785,19.857755954284737
4.887545620709485,3.0027623559792547,14.676138002997702
2.2202864501721757,3.831218587042089,8.50640271645734
4.529010499662563,2.762034698467702,12.509284149792546
3.556830261391446,4.951760899363712,17.61257301403177
2.5044032559452805,3.670973643526162,9.19359834533623
4.43652530325738,2.5544936014041175,11.333075499638438
4.464660210364594,1.0979924452762302,4.902163181705708
2.9356756583859553,3.388565538344289,9.947729367762829
4.139840135182489,1.0682043769974396,4.422195352471607
3.319445499009262,1.7777448952556236,5.901127290942972
1.6260623591193344,2.9510181837069247,4.798539589602536
3.2911883387128995,4.360175155592493,14.350157626831713
2.5821491578610067,2.469960133682322,6.377805479138067
3.5619546531320787,3.0266265191491732,10.780706413176345
4.351034592698475,2.41326292886187,10.500190484754835
3.7723805453985717,3.452578473285407,13.02443986408377
2.245182785062469,2.7340797873090676,6.138508871453576
1.1746999169787316,2.31029190444854,2.7138997083523355
2.4187030082134338,2.723536396280289,6.58742567466191
1.729546348674849,3.9344837162777613,6.804871945408853
3.9821197841667124,2.795988233286301,11.133960060066713
1.0362845284001359,4.0238769487949995,4.1698814262222035
3.2862695243909514,1.388905877418452,4.564319057207733
1.2697558598939902,4.938443345170802,6.270617376285105
1.8698890067064005,1.7212969818224542,3.2186343035867138
2.555590592458362,1.8284195935329137,4.672691912299256
2.8847394047622985,2.297622509847656,6.628042191426386
1.1371771370056103,1.8071362859358904,2.055034067819528
1.2413323246965517,2.6729503808732935,3.3180197100879787
3.9464457883386492,3.054936272614718,12.056140386703326
2.1504244117135114,4.304015400165328,9.255459784906419
3.1348352297771154,2.772549822524995,8.691486859963643
2.9740827216608414,1.5994177990009524,4.756800840725545
2.8969310301796614,2.8481691290941433,8.250949529272605
3.9560518573298884,2.072609756806349,8.199351677933805
3.2408420748873117,1.298890875049746,4.209500198548415
3.032224534915825,1.8107218585531673,5.490515245413296
1.6002447753252285,1.4791081777909003,2.366935133650707
1.7475298899709637,3.7596244879103278,6.570056167690076
4.6779082237997045,4.300130618886196,20.115616385500648
1.9539066835603434,4.092469996170892,7.996304477788478
1.8346915118095577,4.272562022671187,7.838833276674703
1.7430766362585381,3.056626812427173,5.327934782503214
3.0335907351889326,2.791630640983085,8.468664848555827
4.191716764931592,3.8546080174541193,16.15742504900216
3.9512687800422683,1.095713214628013,4.329457416839421
1.5361703710709578,4.3536945645560685,6.688016594763708
1.4711856252234368,3.7535307186002544,5.522140437039291
3.889659842260578,1.06530823061314,4.143686644245602
3.2969742464485625,2.4643651443518118,8.124948414773417
1.1813262558880813,4.655216022869031,5.499328914646077
4.088905527558223,3.60980384536947,14.760146896732156
3.109362486972252,2.527656829193843,7.859401324634564
2.253582016918992,4.6256930783697685,10.424378737200765
1.750768831070634,3.5041299897158718,6.13492156601441
4.44746010778082,3.172517716717006,14.109645986326779
4.138441646075783,2.4326619673914456,10.067429596677407
3.1026691804211532,1.5855769493227863,4.9195207338500015
2.2156305696891896,1.3990700127474849,3.0998222893787717
1.6115937178685265,2.626445066803374,4.2327623699871
1.323758485339733,1.9382367087389913,2.5657572897901963
3.9593891887905053,1.4585571930294812,5.774995581313554
1.9673157577951512,2.7125469985971744,5.336436454100163
2.513912564477817,3.8829600584452995,9.761422078291156
1.4038302518124501,3.6695694414649154,5.151452593054964
4.714676688450626,3.6646649255120503,17.277710295294312
3.918301794270126,1.5384267691452127,6.02802036989488
4.527746780405195,2.4344266291663366,11.022467332340552
1.1666314116044414,2.00243378270735,2.336102150564297
1.316505014676899,4.297037760433426,5.657071759866597
2.0799807105679364,3.199084363079639,6.654033766685162
1.0327434841723462,1.8443751928885947,1.9047664628248104
1.7105291707004668,1.4090244611349632,2.4101774430018605
2.2026783390367735,4.701766315026726,10.356478817322119
1.793866579662653,2.484039610159778,4.45603563922387
3.5126976333803492,2.056908940841781,7.225299168573804
2.5409975794462536,4.787646851812225,12.16539906169834
1.9204154636275352,4.7639805368552395,9.148821891397409
3.0672374093300725,3.7121519471898896,11.386051321538302
2.0889932579860697,1.4754763763766316,3.0822602025685
3.3569949001701835,1.9051416040716878,6.395550648970699
2.9296346674147395,2.198747994070657,6.441528348338014
1.362029238891393,1.6196729263762406,2.206041883165226
2.6109831200701925,4.9150241068766025,12.833044977792882
1.5313692987713137,4.418638320269647,6.7665670660353845
2.2238931649391747,3.904675697211855,8.683581594333551
3.198752508124023,3.6738046412206034,11.751591810462083
3.4021251929931533,2.0427908711539993,6.949830286769451
3.905751324422906,3.7334291638034816,14.58184590116455
3.6239890053666626,2.8027267754952496,10.157051019441543
2.7972159321092214,4.481372188262806,12.535365682719885
4.0357190828288685,1.6464603057489389,6.644651275031246
1.1128184572371396,4.927943596537488,5.483906590450488
4.789693099153273,2.241150922228835,10.734425106360444
1.9590285196793604,2.5895563869756155,5.073014815403073
3.7778604149634214,4.87894690913107,18.431980394714405
2.1898495559037654,3.3299528071085684,7.292095675827196
3.7611970202869993,2.368249881015675,8.907454395771198
2.8720822792800975,3.039279995034857,8.729062215510115
2.0084919138037476,4.404772365227723,8.846949677706089
4.653219310291455,1.5237770223989258,7.090468665205096
1.9346023102098981,2.412288639366735,4.666819174611977
1.328605741579946,1.5381840388527603,2.043640145626408
1.2088806001958448,2.4855626197911214,3.004748431637447
2.2653351794803114,2.1746706162161025,4.926357850696464
1.5610713657120634,1.5579018712924775,2.431996001863927
2.0331012183975896,3.9669846873081287,8.065281401130738
4.967836687469138,4.395108907641248,21.834183276802598
2.930358446299285,1.5087029423356162,4.4210404100297565
3.5575268516769762,2.929958477069601,10.423405956473687
4.706209355403509,4.5444804633644225,21.38727647213412
1.105374070480261,3.973614491215762,4.392330424674518
2.790421668933393,1.00993846535787,2.818154178023937
4.238233249511101,2.3316701852895534,9.882162106187895
4.533069603788512,2.078149208778362,9.420395010450338
4.388411804592755,2.700407317706049,11.850499350229882
2.474121525112113,3.1063609213150674,7.685514420192703
1.8743779219999763,2.876701950863655,5.392026624873096
4.1058411598488656,3.5795514112664764,14.697069518172993
2.046926451009492,3.577335188601906,7.322542021676271
1.731140021333589,2.6929170830346294,4.661816536574155
1.323600228606487,4.388618269446243,5.808776144705653
3.0259872813801096,2.404688442554604,7.2765566428519755
4.693245928734255,3.7778273698068783,17.73027292280697
2.1800232947008356,2.7793618832530242,6.059073649895177
4.064896780056131,1.3903130527601113,5.651479051434586
1.3666537372132632,1.9440890023621815,2.6568965005534797
1.6796520501203913,2.411753482410695,4.050906681116117
2.233960498586703,2.7939432637300916,6.2415588864654366
2.112276608400407,4.338245382553616,9.163574243069078
3.160735878129872,1.9916177768261925,6.294977762735798
1.2611793348352989,2.32214177230671,2.9286372157910385
4.298287747005631,3.8102604894669776,16.377595974775588
2.866432908904392,1.3906004050779157,3.9860627642511157
3.322379300120047,3.79235328393974,12.599636049303674
2.3768051321295633,3.7884613552258575,9.00443439197534
1.4364780805514754,3.353021610358007,4.8165420468946865
1.8834206098665112,1.0636734026364643,2.0033444086923566
1.8512390555625924,4.594593008179759,8.505690021157188
2.11617853383668,3.7203560738488766,7.872937661707902
4.729380944967069,3.352052043572158,15.853131061408087
1.9818592397184571,2.6503245444728685,5.252570186716166
2.6816495881223354,2.666075766814775,7.149480981981781
3.185342682098036,3.3141131412929914,10.556586042262564
1.4348022517803094,3.839415754530445,5.508802370121078
1.8013917933783237,3.2242950688197856,5.808218676402159
3.1123820843980026,1.6630908492536118,5.176174163943201
1.2911761014823266,3.123083284124318,4.032450499400259
1.2625923642413364,3.914454050689571,4.942359794574221
2.579236954630125,2.3162009263609526,5.974031023618698
2.9643433626666553,4.536429799651016,13.447535566798713
1.6118017174507129,3.056024613476384,4.925705720572887
4.198213242178047,1.0228018699293413,4.29394035446183
3.559182233671053,3.0119897560297826,10.720220427660411
4.357364694294533,4.2027651206768555,18.312980355249834
2.541030621411048,3.9786429672117665,10.10985361134681
4.303705280923145,1.4057123712052602,6.049771755415074
1.1267716267395933,4.36593758825741,4.919414598564338
1.1041795099368086,4.673061514483996,5.1598987729675
1.3380304690657527,2.254628088364426,3.016761078643074
2.85953994754265,2.4033573869263507,6.872496456137617
3.2096381846124333,1.664685597921817,5.343038460464244
4.632362811036379,2.8157808695521154,13.043718584140898
4.364630548711098,2.9502805671322827,12.876884690574265
2.799043439275526,1.3658116480879872,3.8229661328667737
3.3144800161381527,2.7478060237551682,9.107548153960543
2.428286380820787,4.2191010490524015,10.245185616720642
3.129230803370049,3.1753702393570618,9.936466365100642
1.3171380957538554,4.522458935360654,5.9567029502459405
3.0694175877224312,1.51574934892062,4.652467710155775
2.1672112774131023,4.50633852921942,9.7661876803655
1.9691831405550166,1.0194846179059764,2.007551921635622
2.3312663530950877,2.06061953740667,4.803852994086534
2.4667578621563413,2.059418079249934,5.080085738456686
3.543777105757479,1.3401008780190646,4.749018810929457
4.314500419152049,4.148941818128626,17.90061121335342
1.741101420864144,4.4764625844420145,7.79397536621717
1.8679258814672388,2.9179409393574494,5.450497401218606
3.404468469400795,3.008539817137993,10.242478946383132
3.898027753816928,4.540035762261335,17.69718540461608
2.802093953372349,2.962353632055231,8.30079320013258
3.7875636400865496,1.7671085597300769,6.69303612891935
2.803026622408089,3.8632565842691724,10.828811054899829
4.573394615516733,3.29291354948723,15.05979309658699
3.9287856045772553,3.521618054664629,13.835682317985752
2.900343473977268,2.816975618154493,8.170196850467464
2.479447641009381,4.508416207102726,11.178381929389314
2.6025239561671194,1.5492033437356696,4.031838815046284
4.196081841058183,2.7874623756726318,11.696420257192832
2.2211026479279896,3.6606154118895002,8.130602584393777
1.5747759733381308,3.247791043616891,5.114543301910653
1.149432707247402,2.3660102474677807,2.719569564121987
1.8899429560953513,1.397458462984408,2.641116778553218
4.425502646390918,3.53614030229374,15.649198265810528
4.949543837151823,4.908421779518088,24.294448768955537
1.6944371978696497,4.27563797758669,7.244800033847048
3.708408781466723,3.1546490505201046,11.698728241394415
1.681547785363584,4.904743656816459,8.247560833895804
2.283766880475007,4.845977532627771,11.067082992541296
3.627750148203598,4.755603507407709,17.25214132879587
2.564424238791112,1.9729140933965028,5.059388722158584
3.5703960887961546,3.2605919282620865,11.641604667827266
1.9718397833988832,2.541318517582229,5.011072955256913
4.384630432298571,2.606438403219794,11.428269142669201
3.1407698245119064,4.408723172376358,13.846784704426069
2.7947946759587454,1.0724223684121341,2.9972003256173005
4.793342212853851,4.628561859867181,22.186280947706692
2.4065045700440315,1.5790227382982684,3.7999254359182237
4.387578998155515,1.4200495652382221,6.230579648779093
1.2702549260580795,4.954032839421696,6.292884618128904
2.9964962567394973,2.8948582644452565,8.674431953201609
4.533482687731581,3.0903754584231478,14.01016363935189
4.940232461943259,1.3816953045811182,6.825895996206218
4.1284293708543975,3.6284431742385754,14.979771371002695
1.6311391428004183,1.578290569512971,2.5744115266453713
3.5649917274752774,2.544609020892977,9.071510109142428
2.4814550258689723,1.5361873303639824,3.8119797716079433
2.060428656967006,3.922509124040723,8.082050206388054
1.0658547315775544,4.826366509752209,5.1442055807468385
4.008203268569751,4.618836635400344,18.51323609900137
3.262167054675344,3.6591768267603277,11.93684609148901
1.101037919519133,2.0986193226004763,2.310659452818681
3.0655441742666447,3.0697223937159333,9.41036960067174
3.7776644853786316,2.289040188335684,8.647225825080127
3.6947658980459046,3.4955951189415586,12.915405638840989
3.37351037051594,4.569340841025592,15.414718713621863
1.4059175624401736,4.006928782284417,5.633411546460681
1.8592919553797005,1.5975560177199388,2.9703230520151127
4.586844275133923,1.1746797992630644,5.388073312365253
1.1517012235970796,3.0037114514424648,3.4593781539588466
4.238757978577609,3.3181307056055998,14.064753002349088
2.2825776065461603,4.236952084390165,9.671171947838067
2.333482058266335,3.021204177911673,7.049925743516181
3.144462680714414,4.71422712536196,14.823711264112275
3.2967354012303427,2.314968283333033,7.631837892389444
2.616702985081455,1.82820837919778,4.78387832319776
3.369432778274539,2.925528474730333,9.8573715365319
4.9724204152699105,2.7504160131713573,13.676224734378533
2.424337239309033,3.9732451566552838,9.632486194183658
3.16345994979952,2.169248946082628,6.8623321620772115
2.715470784556263,1.6235628673098734,4.408737533070358
3.837579014815774,3.5374427327338553,13.575215997252007
2.1279937236374695,3.179782442486289,6.766557080143445
4.167089177059136,1.0449777521421053,4.354515481218951
4.118284808370177,2.8101894929095064,11.573160697290712
4.522514794413818,2.4775039841285005,11.204548421440322
2.847054299121994,1.2199009366004487,3.4731242060512546
1.3650506970675935,3.270957877378075,4.465023330593677
3.819198717010137,4.63010572936473,17.683293861211062
4.987808830637237,2.5672391137621653,12.804897921980242
4.420211297167297,4.270666071268531,18.877246414650237
1.7508575006483311,2.7709626822984212,4.851560796318809
2.5575563690107295,1.5798215917375615,4.040482773849069
4.730880015936499,4.532908262684216,21.444645114006192
2.331065283338757,1.742056255641251,4.060846859148427
2.582149508409053,1.8568237161984729,4.7945964459841575
4.3760699604365065,2.3798468512586344,10.414376316232318
1.601767001972279,1.266525810981579,2.028679251176473
2.2252375955396815,1.2686471652664437,2.823041367625734
1.3782809313714233,4.024203479906895,5.546482920314197
2.4059100589113447,1.731622048386658,4.166126904446128
1.0391969814716995,4.009778361723537,4.166949569873636
2.967734369242205,4.660772834627886,13.83193572855559
4.910141834319054,1.8600407660369749,9.13306397885701
4.806692818141644,4.289894070892169,20.62020302114581
2.876240051511412,4.624468295281025,13.301080927831986
3.840091621919193,3.026692411588161,11.622776171866095
2.65711855524819,4.753957782186568,12.631829433914463
3.9048634438623515,1.1132615756998607,4.347134430406986
1.437352973018497,3.516528928756144,5.054493310453195
1.8296523017679132,2.976101329408277,5.4452306476464
1.6399012856823254,3.6759904174313744,6.028261411701619
2.811470938629482,2.4019016744382213,6.7528767551285505
4.358207242404777,3.802810181580355,16.57343487485413
1.0950568238080263,4.613254109551613,5.051775392624913
4.1894446859309875,2.4789289268380736,10.385335619342372
1.603716555593662,4.8159531300622795,7.723423765643995
4.442946668484437,4.8636879805408935,21.60910630969196
4.217286276426688,3.017706237142226,12.726531100187131
4.991111905949451,1.026691687102426,5.124333103236247
3.623760642564749,3.7730161689516994,13.672507496807597
1.7572464354949342,3.8061408858118098,6.6883275045843344
2.4362439086489998,2.639181617885546,6.429690140392074
2.514323782787625,1.080152249921305,2.7158524910087
3.0946778923889577,2.2078105324130854,6.83246244524227
3.007410168233869,3.900832321026241,11.731402786829642
4.330841569030445,3.629179170620134,15.717400013581113
2.6912739280968014,3.0537731643918242,8.218540099649385
4.594965283845623,4.141107869448314,19.028246896774913
3.9626285105993557,3.1675990681237858,12.552018377495264
2.33073490800445,4.613002925756158,10.751686949786537
3.019868950917709,3.7800255360708923,11.415181750056556
4.826199478204589,1.959145214227716,9.45522561063282
4.066827935661852,4.6163578671271726,18.773933135045148
2.603134299047062,3.434597608105909,8.940718837085491
2.6374522709374864,4.687901382206606,12.364116146431794
3.9327951403065957,4.059697436937578,15.965958351103247
2.0952190817734517,3.272515496849413,6.856636914398218
1.5566448992320678,4.067665322111768,6.33191047544845
2.787979194652925,3.9893405151430463,11.122198356604795
1.7199052932771135,2.803934009983945,4.82250094577111
2.134612892952158,4.104451483559433,8.761415055302578
3.094635760972794,4.4704062350076175,13.834279000930321
4.123543449455967,3.59120871814142,14.808505185321215
2.143463522974494,4.864148000754129,10.426123809965787
2.417352851337473,4.936280587787804,11.932731953890666
3.0245348778938927,4.794040688890458,14.499743269591656
4.559307364584062,4.443642279411771,20.259930970099195
3.3623431360082066,3.009969196560022,10.120549267649727
3.81402495906299,4.138705465550753,15.785125943820987
3.9309945005729032,1.394603124454994,5.482177212714369
1.7932293801228294,1.5617843367950268,2.80063755815649
1.807399853143039,2.791675070373627,5.0456731122163765
1.2443535907176604,4.9223072159479875,6.125090658780328
4.070615918487265,1.6188373135915106,6.589664938146764
4.450499348393681,4.727477128808518,21.039633881308337
2.3606990489635433,3.9957647069552347,9.432797943591314
2.253366481279726,1.4629662258190463,3.2965990565049457
1.8501090696495552,4.203826546892358,7.777537621639124
1.805676995966358,3.7526601110272217,6.776092036162413
4.393258518177942,4.043392724141032,17.763669527671304
3.2291638231699107,2.741778839468999,8.853653039546073
1.9443301888544258,2.6274049984589958,5.108542856850842
4.188530943606626,2.6682383041472533,11.175998701837237
4.629661876659133,3.4484268420391535,15.965050285036716
2.2499533839893076,1.4416393080977912,3.2436212397466293
4.07736442425604,1.8274737130745096,7.451276303953096
4.648324074758902,1.6417914263321016,7.631578612752264
4.284711219567743,1.8330242717156806,7.853979662760168
1.321125685981586,4.732220765721756,6.251858405330462
2.03636256230372,1.2247687053232257,2.4940731390014137
4.657140155411179,4.680677802254017,21.79857254741893
1.481906543295473,4.792552197944666,7.102114461219301
4.65225163664088,3.612470575951338,16.806122149286633
3.0626956121661704,4.946585636985203,15.149886125598782
4.565834028632068,3.686693811618737,16.832832058236093
1.7466155225941016,2.077491716097846,3.6285792793971563
4.583835048164993,1.727697825501989,7.919481845174464
1.0386418303912888,4.585127249523774,4.762304959022348
1.455780813159655,2.4671715156235794,3.591660955218833
3.9328281832286107,3.9122570870822018,15.386234932112751
4.7809517601626546,2.0219705522786926,9.66694367091387
1.8678619126178417,3.423293095978476,6.394238789705809
4.034821029055248,1.5946767113280624,6.434235129411132
1.645316532316376,2.6982678343465216,4.439504676467837
2.434622115269713,4.980923156447899,12.126665671147078
2.229467822198499,4.872509467415576,10.863103070960571
4.491715088185739,2.1052768995281146,9.456304014419324
4.11342865454569,1.76515894116425,7.260855368412557
2.599505203965267,3.860573309680129,10.035580408802911
1.3494656599419748,2.8455284319515104,3.8399429033070978
4.934730423027949,1.6031624667425328,7.911174597690909
4.670716715807055,2.6247695536810323,12.25955502951942
2.480204919945149,1.1059082333782815,2.7428790414326616
3.529769398971702,1.6035027048411252,5.659994778716557
1.5027170217685857,4.1224260690458046,6.19483982493769
3.010854360023161,2.979317234161658,8.970290284367774
2.3219652588909345,4.121208387064557,9.569302699413845
3.700708449507512,1.3090227612139569,4.8443115930221445
2.3908836691337814,1.0291500610336222,2.4605780740133216
1.1723156063327025,4.056008541339984,4.754922112431603
2.2363727413066408,2.693440417291454,6.023536729564191
1.4385367836713705,4.878816356399762,7.018356789458588
4.907129695045867,2.3221323392920974,11.395004557966576
4.190070864884827,2.2831283285546484,9.566469490270025
4.827497454408642,4.235930326282771,20.44894286718245
2.8799281811085318,1.7528288508460568,5.048021204211643
2.860924000224209,3.3543734503110385,9.596607509709738
2.05218246378618,2.11571586333223,4.34183499308464
1.7010645239281352,1.1487231080753264,1.954052126963403
1.6863164938433832,4.624817089279748,7.798905338661186
2.6636416772431883,2.4776530465803406,6.599579916619954
3.914949334984363,4.16025567002243,16.28719016871924
3.705671994063009,4.289677687935853,15.896138471740851
4.332553440374674,3.72580620397274,16.1422544871914
4.286003384795736,3.5057588071756274,15.0256941138322
1.7667613602450962,1.7345158699580483,3.064475617773788
4.8787948666229335,2.6224638464718204,12.79446315207095
3.4006585578054747,3.048169632244448,10.365784145534848
4.211290917863199,4.557185240624863,19.191632814863702
2.3351654086506777,3.0842810217557832,7.202306352561873
2.209442616090806,2.9407875817283293,6.497501407941195
1.3130883771343047,2.534843944236638,3.328474121026407
2.820703189286365,4.459257115545773,12.578240767667879
4.361455353912701,4.734552553947827,20.649539584796802
3.7256092324286727,1.4575047260535352,5.430093063693474
4.915289695048319,2.5351692133769195,12.461091109715325
4.826700057517097,4.8191189599188355,23.260441761021973
2.664536159055346,2.6934267756513304,7.1767330354908205
2.7100735423629065,1.9881395072986208,5.3880042772564165
3.877168627153993,4.2186158998833445,16.356285217040714
1.6212912930911543,2.6493555546186554,4.295377093005912
4.477190858328505,4.046825651868562,18.11841081379522
4.799666476228461,3.3862398197561703,16.252821743353596
3.659252764035584,2.301562515825641,8.421998997635669
1.4449789020735158,1.7586993843824494,2.54128350552232
2.080150806434432,1.555215072436038,3.235081887106808
2.4868971124068047,1.414780325421054,3.5184131059795787
4.3822740764803,3.475322657520796,15.229816389458009
2.4661106988417387,2.214153805208421,5.460348387905634
3.5774578588349426,3.9595219020306374,14.165022745648583
4.607082902527628,1.6037056157589644,7.388404723050667
3.769539588938702,1.0088658442748724,3.8029597399221986
1.6085316487853074,2.296745127072252,3.6943872260891495
3.7233113843897208,4.402897707032529,16.393359156897613
2.4335630388159055,3.249652598874655,7.90823445361341
2.073088019151586,1.8730540022683155,3.8830058113263726
4.538898054498724,1.5449882628077498,7.012544220281459
1.018889310241244,1.0297765761634268,1.0492283453897437
3.778269093216021,2.9893036142892977,11.2943934561082
3.6423989877212652,1.2099698023449328,4.407192783234483
3.6372695746609454,1.814493465312018,6.599801874800509
2.814617130590694,3.220011086447646,9.063098364607496
4.627320173217126,1.1778506052296676,5.450291866615242
2.5836956740839985,1.919384057204319,4.959104285504593
1.0243116435568158,1.0542964405815343,1.0799281198481723
2.944228087025795,3.1335315443024188,9.225831584316495
3.853866622602881,1.5062801962579244,5.805002972646132
3.6351973272210714,1.238303139794569,4.501476264070678
3.013570218669209,2.4739320417928723,7.455367924158509
4.442848295527544,3.8638265936027416,17.16639539560194
4.404869814975597,4.446863949351139,19.587856781800003
4.257213868736777,4.080921019198415,17.373353560150917
2.7893912298974333,1.7315280164822595,4.829909063497313
3.536531239151219,3.923506381661523,13.875602885755141
4.231942573455045,2.37377726523791,10.04568906866
1.2802164057675034,1.7621477545393334,2.2559304647476224
1.375850795644879,3.521629995281673,4.845237430975161
2.8661340063888896,2.1986832323182246,6.301720781424307
1.1143514780684245,1.0107554267191103,1.1263368037301218
2.770586817791277,4.305613715990741,11.929076604025262
1.883356424327994,1.793179996801158,3.3771970669519127
3.781075954909289,1.9706701964662936,7.451253694915067
3.24466818234951,2.687133242101413,8.718855732380137
3.7095614986060212,3.7712901548608784,13.989832758543853
2.5373374955282935,2.430741864599344,6.167612474998274
2.1058316510725223,4.986808341314603,10.501378842972757
2.08713307299877,3.4994013276289975,7.303716246590285
2.6508649700158027,1.4491036288997674,3.8413780477731727
2.491974610510533,2.6740436709693114,6.663648935451906
3.9807897942640533,3.4416489740020255,13.700481111146614
1.7700037613852286,4.9052057421301125,8.682232613938721
2.4079976268037617,3.918389099431695,9.435471652325251
1.0852315467468183,3.9931041190324588,4.333442559418686
3.4857691999296856,3.1005165703994892,10.80768516497016
4.801402369432215,4.722436115768307,22.674315955742216
4.112910841894006,1.2479795615947733,5.132828669345272
4.816479032332069,3.185326205643728,15.342056880620884
3.2902249978489158,1.8689410775585804,6.149236652889931
1.0091311246505588,1.291078706131112,1.3028677067304772
1.4540479392000956,4.6844119546836795,6.811359549072096
2.1297443087973154,4.653623788630149,9.911028779118862
1.3917066220353926,2.829113941841728,3.937296607353786
2.6589163894751513,2.91756819047704,7.757569879070762
2.867714574871462,1.5754917264436363,4.518060586511818
1.8398071891683156,2.2721254945036646,4.180272819480456
2.9065361705550594,3.079058562820294,8.949395084094462
2.327266406736649,1.0300634077292052,2.3972319656168555
4.917423074485148,3.04297233528329,14.963582376542005
4.933758891512523,3.1367083071563133,15.475762500513653
4.25825086358269,3.910347458455377,16.651240441875988
3.3004894293750726,1.793452953447856,5.919272514936153
4.5183646060504845,4.080781235106484,18.438457497740117
4.347165441519248,4.9785669120580325,21.642654028389877
4.628021876327486,1.452936893394614,6.72422372755357
1.1724320300786686,4.418770472477542,5.1807080354985215
3.8853251989802153,1.8766052084881815,7.291221505076652
1.7667842768467823,2.171248305616242,3.836127367492993
4.4251701248349224,2.808797855132172,12.429408355231296
3.578255192328526,1.8654504887415686,6.675057897371304
2.227364814130998,4.360698099875843,9.712865512711351
1.629446040709417,3.6813650552244153,5.998585713641427
3.3975987157918808,2.573426555218738,8.743470759195908
1.111540203099071,3.2953256866070957,3.662886982968837
4.166188897784327,3.3888179898744033,14.118455886026538
2.286377053398307,3.959706398440554,9.053381847588936
4.091227513259934,4.568035187162,18.688871239256667
1.3371356282117532,4.202369207547363,5.6191375903115715
4.985628378965275,4.121230660177004,20.54692453564027
3.8532387889733353,4.720062606913476,18.187528323341606
4.197640019398761,2.2678427396523486,9.519587441667623
4.499580790948628,3.7436674522608215,16.844934155892382
2.8358086744669424,3.3745431822093286,9.569558828472493
2.2560038359953043,2.211994577502247,4.990268252045882
3.2545866779705923,1.6488693763251145,5.366388305901397
1.5143520945698858,3.3592346377840285,5.087064009879955
4.457506569079808,2.989189236055888,13.324330655941772
1.2037915755036757,4.701698425612076,5.659864955310712
1.0836752229412419,3.0366107197227605,3.2906997986813273
3.4298712254064956,3.217749347536325,11.036465897685368
3.1691192923826716,3.692224060280446,11.701098501234242
4.970001598459064,2.6061082281682135,12.95236205975334
4.3386537930933455,2.5848352029966417,11.214705058002588
3.1480735157868387,2.9442288511894352,9.26864887084497
4.555269930326334,4.380052168371663,19.952319935844095
1.2050172211335313,4.974284373910981,5.994098333378158
3.1560357649591793,1.1815798273966793,3.7291081944182136
2.609329782895331,2.4223146199832994,6.320617681465209
1.177644168560073,3.1862500503241855,3.752268791338516
1.5650162001603145,1.8837011872747333,2.9480228743461763
1.066172761004994,4.608480076064492,4.913435926734184
3.0937738829149177,3.9055080862556646,12.082758916770796
1.1724572092934933,3.265289528625804,3.8284122482678766
2.76353058870036,2.599170104633977,7.18288608939151
3.5173239683143978,2.8797447636999407,10.128995279989683
4.8202252247251955,2.740696519755917,13.210774497844028
1.2125371454470733,3.8398745694428285,4.655990549307017
2.8272644746883047,1.1027212722521593,3.1176846785216203
4.376690368563561,2.530946330638782,11.077168428658043
4.959144044509802,3.3399506925851647,16.56329658609011
1.3170173647904098,1.9610990896953728,2.5828015552034715
1.3475940701184785,4.4223346856571295,5.959511998470814
4.768856835304735,3.5330200430720593,16.84846678167282
4.937258426848246,2.8352474587980514,13.998349408150753
1.7669574529979228,4.838532282134125,8.54948067748794
1.2901862426676796,4.470702980646217,5.7680394806831385
1.9813892234083714,3.4574728573817795,6.850599459843207
2.789994803297076,3.5579805743048754,9.926747312542549
3.925826740117348,1.103131221930766,4.330702048914127
3.7946263936512943,4.896043954976776,18.57865761603174
3.6681099024334753,2.9053248592470036,10.657050885990076
4.769600173084013,3.8384153552324456,18.307706542685008
1.145555397892927,1.5704133580507467,1.7989954992381907
3.4191853090929025,1.0057095022893123,3.4387071554427515
1.626411543273437,4.210766032688255,6.8484384815878725
4.2345810420186005,3.45073285104331,14.612407912098796
4.432601761693817,3.5628519600581083,15.792703874807842
3.5121317046219334,3.966323313157993,13.930249858923297
1.3861494492564246,3.357544418158813,4.654058346084821
1.5953267403159943,4.6858468517275895,7.47545678358654
2.9351509615923663,1.4414198618020326,4.230784893426572
4.6925082166946375,1.3171667711092732,6.18081589618741
1.7625427331540715,3.0295995508153366,5.339798672656411
4.586450664262429,1.1022856824953542,5.055578900687783
4.945085329508267,2.7800195799734544,13.747434040672463
1.0727990991832823,3.0961625493666634,3.321560393885571
1.5500037263237307,4.358862897444473,6.756253733573186
2.007783763389197,3.3224323223522236,6.670725671778257
1.8011072587711459,4.882737559487456,8.794334061067367
3.8105341274438387,1.1761869032643322,4.481900335141223
3.2576398226501775,2.6942611067738436,8.776932274044015
1.6997336796469917,1.8011577142436077,3.0614884292558524
2.9340405728772843,1.7316100158899816,5.080614043021885
2.8907006954069865,1.5580889656076944,4.503968856388115
1.1934925517578572,3.1431884681594378,3.7513720255194776
3.917588496473495,4.781769223217477,18.733004101667788
1.5050420810337695,1.6466828203995059,2.4783269388166294
1.6192797770163487,4.103085375880859,6.644043172535398
2.7476689426853005,2.0896861154001938,5.741765639245803
3.552453825032261,3.9627524912078425,14.077495245047421
4.013645870257394,1.5979888634928754,6.413761402675485
4.988789537221646,1.4199050732679455,7.083607573367061
2.951183368403273,1.1409198367827087,3.3670636469945068
4.941780926530452,2.242096574928037,11.079950089418627
3.3585479166307013,1.4069126822876274,4.725183657978423
3.7002630192864783,2.489804466112055,9.212931391208752
2.420380413311024,1.7937522794867795,4.341562883601802
2.3036102872569755,4.2452242236966145,9.779342193420028
3.4738154477229046,3.745963165671886,13.012784711511992
4.389717601904836,3.7154434157387897,16.309747360949995
4.566908442103127,1.080158564185011,4.932985265586519
3.3910147698834967,3.044733589939161,10.324736573844097
2.4228961855694933,1.171564201120836,2.838578434045444
2.2010180332051994,3.9383750342503827,8.668434471910237
1.218448356329986,1.1043661563539553,1.3456131279959411
4.81852144449349,2.9089721642098296,14.0169447546797
3.0518573742557447,2.891701480191965,8.8250604864701
3.0044321669338045,2.56644317931803,7.710704442550951
3.235465818885596,3.2743464872550314,10.594036138701775
1.6992696466768829,3.1606344947176397,5.370770261113612
1.698540611059021,1.7759253230423782,3.0164812833955903
1.2385615880581273,1.454069002617719,1.8009540130282993
2.7723856980608175,1.3738619989779388,3.808875357075683
2.11127798229888,2.4566964880337467,5.186769204376633
4.777993830800611,4.068576566305642,19.439633733948288
1.4214298492367274,2.8825191318291585,4.097298734977903
1.3597466154276834,3.223065017879759,4.382551749365368
1.2218259182626263,3.9262354655604716,4.797176253023713
4.6427702821688435,3.104629677784638,14.414082405157949
1.700251226938045,1.3426978026765504,2.2829235864078217
2.0412738355795828,4.059952366635708,8.287474539712875
2.094987173685574,2.4629148026785583,5.159774921491916
4.975638158832652,3.659699847647338,18.209342211828137
1.1836049499383243,3.145059560232437,3.7225080633419623
3.241647556878092,3.454916245506546,11.199620806464726
1.0861916339631175,2.6561877092328188,2.885128868004345
3.933986985903113,2.6797650436682967,10.542160807069166
2.8177423210149377,4.561610008708126,12.853441573502204
2.3275327359829254,1.532561575291039,3.5670872363994546
1.6368543127979054,2.4105989351037103,3.9457992633505463
2.8843484381154503,4.040779358263681,11.655015630777
1.1715688110327984,4.340492618474109,5.08518577632235
4.558031143444835,3.6051343366147104,16.432314582592188
3.934192971070309,2.331299866765929,9.171783549287666
4.034863226054025,4.652413034856157,18.77185026675551
3.3551027773625486,4.030188479936751,13.521696562330341
4.661207255070275,3.837507760431056,17.88741901430972
4.88142592128131,3.3647253309682057,16.424657448580035
3.779146202357423,2.895685515233689,10.943218918116793
4.128217440196352,4.165238467183046,17.19501008280177
4.966480603362219,2.9156753129701154,14.480644887568145
1.201645880333711,3.3487317396537883,4.023989699297716
4.372154391894593,2.8240673957787688,12.347258667460471
2.4018851419213822,2.30297940474451,5.531492014406788
4.544087355598807,3.0677096800722765,13.939940767864492
3.7807729866536595,1.7396979250337528,6.577402919905036
2.0363960933692193,4.286823617990857,8.729670868639483
2.2241798779927144,4.594589206742768,10.219192861279772
3.620458897331978,2.226103495361346,8.0595162061628
3.5477150225188683,3.282380499833904,11.644950608883732
1.1368065181247364,1.4786024811800993,1.6808849383209448
3.4227179294552887,4.013341956739202,13.73653747236644
3.681052139164362,4.888748902638804,17.995739605896
1.5983187659546276,4.916725602520069,7.8584947975574
4.606731866505859,4.750464062015027,21.88411417517549
1.9707628017720062,4.203531032076919,8.284162594111482
4.140598758751153,3.171640032092142,13.13248878008619
1.057606699681323,2.977051919548792,3.148550055413945
2.6032694001418215,2.985759634905455,7.772736693727988
1.791473170486673,1.0550691461719457,1.8901280683753228
1.8840715698930586,3.767019141370102,7.09733366749837
2.5327453331622434,3.804584289825,9.636043104676657
1.055083436156643,1.2488165072035975,1.3176056115495087
2.868486411460665,4.46654089533091,12.812211864490068
3.8124170954718215,1.4330862934661375,5.46352268449665
3.648491607710689,4.2381850045063985,15.462982420866883
4.53432955867965,4.048642362486719,18.357878736746137
1.397900274993328,1.8400060567187628,2.5721449726765475
3.069834573438035,1.0244744768217848,3.1449671685523577
2.817314566246206,3.4805493707423008,9.80580244073135
4.370093531989635,1.1488418396987057,5.020546292946387
4.112579320377932,2.5250358212457207,10.38441010166866
3.640068459381434,3.5987320113819448,13.099630888397725
4.241033453223395,1.2018810054456095,5.097217550888598
4.719417650889281,2.3204839391180525,10.951332860878825
2.5372035479974633,4.572528028407918,11.601434336994416
1.0467875580424493,4.2775529143649065,4.477689169625402
4.354069793326214,2.8459054310360847,12.391270871937234
2.332144384650446,1.4877006399145425,3.469532693417576
4.541678442182032,3.2746711904733834,14.872503551007538
3.8415855852581826,2.2769471658679152,8.747087410792656
3.0935642163939714,3.7172281973557717,11.499484135510484
3.02328739244235,3.0165159118689426,9.119794525455113
4.958820835465846,2.7782420763516864,13.776804694180637
1.8190001489999879,3.767691216737954,6.853430884632283
2.5091370898341765,2.6662066211253896,6.689877922227173
2.8797974510370095,3.608704892577112,10.392339151188352
2.8256291510823095,1.9480114310108898,5.504357886105936
4.316699845990698,2.1375264943695074,9.22706028904589
4.200397002309562,1.28797888564982,5.4100226503215145
4.675776005723648,4.2944778539843504,20.08001650677161
1.8553237317955436,2.996380672620314,5.559256171405962
3.5362729794533223,4.090809741796527,14.46621995399948
3.091935735367668,4.598364204020045,14.21784660664508
3.199392693198529,4.9110059742256045,15.712236630191722
2.744457365988797,2.904498425714916,7.971272098956167
3.417385791306069,4.043584597972737,13.818488551056095
3.5163497810772353,3.445030022154032,12.113930564205834
2.625907635578486,4.2402066555601685,11.134391033266162
3.113054783843407,4.74898867039424,14.783861898788931
2.3882765319320507,3.0770826305444112,7.348924233344958
1.8693636330931853,2.4370012778986077,4.555641562705277
3.9500397491553585,1.26048815908693,4.978978331733036
4.026543498375027,4.860537115486622,19.571164120973165
2.946298367931602,2.6324412705185933,7.755957419004725
4.222492934848337,2.8052305506963,11.845066180935838
2.1847439434680207,4.132794472687268,9.02909769380162
3.219181186526957,4.702643286981034,15.138660796396632
3.546750646708875,4.093077469625648,14.517125162424293
1.0539260834945003,1.4911893047206992,1.5716033036731736
1.716908145881166,4.692808089774141,8.057120436390257
4.354713311637924,4.07085280022368,17.727396878852577
3.775911514790754,3.345823124960307,12.633532063990808
4.5771499208668365,3.0409708070406993,13.918979288804696
2.470656777366499,2.7093733990662194,6.693931750819464
4.4442122367599195,4.943315783857299,21.969144496787063
1.892971828304169,4.019195229253869,7.60822334143209
3.217866641429027,4.9273899963506365,15.85568389856781
3.9460199606425332,4.269947567506856,16.849298332279083
4.7540958280371655,3.228968131852217,15.350823924503587
4.532232980808921,2.7266929119498284,12.358007544076926
4.956201350138345,4.079130898603591,20.21699406705016
4.6181050841557365,3.7963875459137424,17.532116627209774
3.4203804025628433,4.620502108702583,15.803874862606607
2.723898229635387,2.468527767356391,6.724018415307867
1.1386914308990623,4.1395271665449,4.713644112518553
2.306725736065597,3.5309908160809194,8.145027389265122
2.0260543570510774,1.0707471327591995,2.1693918936267247
2.5196431196870908,2.1208954328329064,5.343899584913207
2.3022004134170237,3.882900866438402,8.93921597997181
4.88824539082445,3.6113271180423783,17.653053139529998
1.4935284366518982,3.95656720141082,5.909245626831278
3.8814944859303093,2.571533166228576,9.981391805103128
2.685913640269424,3.714070134392348,9.9756716348817
2.9246011281174202,4.492817852615434,13.139700160185184
1.4323747408497414,3.8263832003893365,5.48081464504948
2.921292822187336,4.564149575818838,13.333217395228948
2.472356445020825,1.4399679425543503,3.560114023397625
4.405846263755725,4.6299228306993,20.39872820511384
1.2589128419269935,2.8596159377204473,3.600007226975373
1.5323261136115387,1.0718977716963747,1.6424969466923742
2.3869977067483754,4.889880528147515,11.672133606961653
3.6530608669237328,2.2783331813579966,8.322889786632748
2.8085531231854843,1.368141218972637,3.8424972935043953
1.2978445039048925,2.473707369946614,3.2104875143542393
2.3183711005787018,3.52875438453646,8.180962186149712
2.9548067343367577,3.150994630226191,9.31058015325131
2.5395898188058337,3.4685728309516066,8.808752247271228
4.115856579819608,3.2627214989136313,13.428893749422564
1.730660955771841,2.987416280118519,5.170204714638275
4.754333317577777,1.9229937811490032,9.142553403211574
2.823744435038428,4.032018435353218,11.385389618801
2.2211135310795616,2.121257624390411,4.711554012439228
2.582535948878033,3.794822742558588,9.800266152277482
3.2568544266121795,2.1377687818548954,6.962401720257443
1.1412487517277174,1.5711462986715916,1.7930687521405775
4.640217577603526,4.752934500781388,22.054650215724035
1.1093045499637366,3.0888018300150217,3.4264219239719798
4.513184944595013,4.154918460557653,18.751915442208684
2.0843318058683913,1.5439024600634945,3.218005002668795
1.1805265071048114,4.081533756452476,4.818358789135222
3.3853319020449364,3.7359544671895804,12.64744584236418
4.33632712475187,4.570775122284877,19.820376143904955
4.739058834395641,1.3948190590581397,6.610129584212892
4.342468743346416,3.4849815859952424,15.13342360832216
1.2474667600681353,4.518034716850608,5.636098130104983
2.1796713408090156,4.9141640497732,10.711262543324613
4.2293115235886365,1.326096956748179,5.608477140570895
4.203248596745928,3.581190614207853,15.052634423848845
1.9671813251161923,2.7380793227097238,5.38629851032136
3.838488169553968,3.6759570672155313,14.110117714295118
4.643961601979581,4.044944936318734,18.78456896638594
2.092534287173622,4.4704710898867575,9.35461403540647
1.5369641371017093,4.040296866229619,6.209791386639347
1.350761608234179,4.09596188475353,5.532668062715577
3.6431991534666643,1.282743680966587,4.673290692612183
3.4673630742397936,4.743262295690846,16.446612535512312
3.1783609313101904,2.5914718512056205,8.23663288646204
3.001184506572008,2.5042672664852286,7.515768120490902
4.189802328861404,3.8474388139382376,16.120008102790187
1.8668991377038453,1.8884655521470588,3.5255747108867603
1.4869602737445229,1.4654185866546516,2.1790192227623124
3.9611505901538515,1.8547369139087553,7.346892221109799
3.5587621460221586,1.91720350768299,6.8228712693631275
3.886434833317127,2.928119794644494,11.379946766031754
2.8590810233131534,4.370715777248589,12.49623053702684
3.1478855291961674,2.9403996498535014,9.256041507827314
1.3434299512743726,2.728837786598311,3.6660024146854355
1.9413201284387505,2.5821107520081457,5.012703576731532
3.728494290251094,2.8913030439910443,10.780206890906216
1.0440106105291567,4.473357949951799,4.670233164444634
4.64381439596392,1.007088570348472,4.676732400994958
4.3493656121802475,1.980123321916611,8.612280284220226
3.8688658704717493,4.362649143389402,16.87850437570207
3.169470823820142,2.8603474443038532,9.065787770709571
2.1968350221904345,3.985282118537251,8.755007331311923
4.802817063965812,3.6857065394974384,17.70177426066868
2.0510048731772046,3.6318762390439243,7.448995865055587
2.543860041419543,2.851392521568479,7.253543498020567
3.5215386767597057,4.9549459571982855,17.449033829527902
2.4457965834062176,2.293246640666674,5.608814798650337
3.120343771864343,3.6026483136470184,11.241501227706053
4.410066159776278,1.7168577899907604,7.57145644078654
3.0843477413486116,1.7190800149886325,5.302240561427726
2.623072425812951,4.496399806264247,11.794382347242442
3.3026823618749397,4.174509580775294,13.787079161904513
2.2207372853134344,4.887501647931781,10.853857141592961
4.944062034842089,2.0841628023111594,10.304230185336701
1.3719609618730368,3.1580187908218655,4.332678497869091
3.135036299150907,2.2290319400819145,6.988096044123572
4.414286285496205,4.935768507723295,21.78789523202701
2.16675725316675,2.5181332548666315,5.45618349442267
3.8723298065147747,1.8673291144543045,7.230914188474243
4.960771102197251,3.9893411806664973,19.79020844585582
1.464948003985529,1.6371907614113383,2.3983993380730886
2.5632004092693093,2.9422338631296308,7.54153504213989
2.1794220464468976,4.3073977145410325,9.387637541885708
2.802302994360563,3.287982849841173,9.213924185516095
1.210202143760963,4.44412936118232,5.378294880053882
2.8855817158960573,3.0056078089063916,8.672926938534694
3.743055561394899,1.3403736300373246,5.017092970258276
2.890654746424061,4.44485021337466,12.84852736643546
2.4268266436660815,2.336765952418795,5.6709258733416785
3.3028781307218056,3.795123299159807,12.534829748187715
1.0454951075825116,3.6883879169614033,3.856191522049598
2.5598748768439354,3.122188255972076,7.9924112772401
4.6729423185620895,4.485459888015198,20.96029532891899
1.1845362257679102,4.514003250216155,5.347000373115124
3.063974637715909,3.8841667068383785,11.900988278413315
3.035895687805734,2.771715714448853,8.414639785318663
1.6357543146561078,1.2627099333383986,2.065483221617412
1.3917214663897748,2.918936346007959,4.062346371764608
2.6636122843385848,3.324903285916983,8.856253236606202
3.1958973766860423,1.5855764744662588,5.06733969528182
2.9105771877201514,2.8919746969073024,8.417315580282294
1.2412991230770771,2.5964886615034746,3.223019098603837
4.219066986648431,1.3429260743817681,5.665895065933493
4.740829629117485,2.5489839732484176,12.084298744521709
4.492997639333766,4.835684950649015,21.726721067827846
3.0582687447594568,2.521839639559863,7.712463348961382
4.664023266250018,1.6183729862338554,7.548129261265221
3.90392175477926,4.6440556288011905,18.130029799682042
2.780800227211854,1.2904710859947661,3.5885422891445735
4.998338284268277,3.8150769053580262,19.069044953478762
1.308256019360908,2.460052934443451,3.2183790594321104
3.1192795342715582,2.153688183241895,6.717955473188936
1.5400627452541316,4.721691395030811,7.271701012073961
1.428110744082419,2.2258753361828805,3.178796482590838
1.8150093605086366,1.6019068946669632,2.9074760084838607
3.2739900869981047,3.625457650978429,11.869712410134811
1.3827381682707007,1.2645284881357157,1.7485118054108981
1.437194671024785,1.5484350197478678,2.2254025588097934
4.402219371099694,2.776947540503092,12.224732255330363
2.6773711437334846,2.627222725446942,7.034050313272481
2.9870691995139262,3.6447770829234107,10.887201363494736
1.9899847335491025,4.975264375293936,9.900700152205644
2.5247954561550325,3.0648793500667812,7.738193456711999
4.874499123228324,1.836819928177925,8.953577129431608
4.594937046937629,2.5065365717582098,11.517377753075836
4.067345542204791,1.5605038902569581,6.347108541629873
1.0607534165511567,2.249817367274978,2.3865014589530618
3.1899356291800554,4.933311822681939,15.736947153028318
4.235750394502553,3.8277868854839037,16.213549810260144
4.953711055712581,3.4133543132501947,16.908770998611715
4.0395690004052165,3.8255781888405966,15.453687060266807
4.01250871703528,4.292644089743477,17.224271829225675
1.1773047582450915,1.3510489810543822,1.5905963940175067
4.749468460308319,4.582930631964285,21.76648449229524
1.7897603507929416,4.70322647720948,8.41764826970909
2.500002477074279,3.2793884054818054,8.198479136993184
4.409791992513121,2.170878400567577,9.573122187542593
3.790893996197064,1.1786135499786798,4.467999030450685
4.058567122068492,3.3628493256830336,13.64834970968736
3.3503442197881146,3.121521521126946,10.458171585251867
1.9593086114849303,2.4248916034842924,4.751111000624276
4.758175402599676,1.2202805847943838,5.806309062838586
1.8403122535321845,2.0613484437901777,3.7935247999065633
1.1795702041296883,1.70648282879108,2.0129162987009024
1.0516560474675711,2.1175105852267997,2.2268928125303598
1.6346974211124699,3.338589686776415,5.457583951126094
3.9139806356865416,1.0887049814825716,4.26117021549826
1.2153280129583748,3.490636510785436,4.2422683346128185
1.2423537241367093,2.369708248728905,2.9440158679258346
1.7584937209794913,1.4382754290658553,2.52919831105139
3.7853216031985903,2.571470611544856,9.733843257871033
4.563882039541518,4.216080808822209,19.241695480639358
4.865117587563876,4.9800274554728805,24.22841916017209
3.9025309702144004,3.5891982534809834,14.006957342448974
4.687819869858805,4.888326581851676,22.91559448076326
3.2002973472065945,2.84331891458196,9.09946597959898
3.2259086798472962,2.7929329513179866,9.00974664988822
4.167471734493455,1.9896429692807884,8.291780836211316
2.2136242479526054,2.7657703666049667,6.122376347785521
2.7168087167010047,4.723368521322595,12.83248877092036
3.305581345126677,1.738279133506449,5.746023076341882
1.2480863276997312,2.375654106951272,2.9650214102295975
2.934739565048646,2.6828005345631145,7.87332087391603
2.2240490010472764,3.4831979845538714,7.746802997996924
1.3387939861726852,1.472011901483452,1.9707206812806648
1.9976754218784327,2.935387647341155,5.863951756778982
4.96197748750645,3.787481190569364,18.793396401959313
3.916557643306296,2.0854427046255983,8.167756564478742
3.765865337003848,2.7009002178694144,10.171226509180569
2.6303937727559727,1.3751374361855242,3.617152948826017
4.0974838235380915,3.0273412197398484,12.404481676214104
4.349986010481494,1.2296766373894044,5.349076170059834
1.3479046786159308,2.320175068535096,3.127374830086494
2.4085390190288356,1.7599949528483858,4.239016517229153
4.576756797523267,2.064415399670124,9.448327213351952
2.6944837058651334,3.442514580781753,9.275799445119574
3.039395324207003,4.9511022720747615,15.048357095414698
1.6721378666370978,2.3871469990920793,3.9916388904109796
1.3560332933083545,3.6599209040484215,4.962974596764871
4.806158960484854,1.219654739068568,5.861854552872215
1.8404717250534484,2.862286113679835,5.267956661240857
1.5406572213838672,1.4625119440588072,2.2532295879743596
4.156780177391416,4.817816586318063,20.026604484314504
1.3496300545493987,3.940750330711854,5.3185550838042
1.6116410584617866,2.5104661484483506,4.045970320717784
4.424110928538678,2.25053364782053,9.956610506366822
4.551804612617683,3.7046156781888038,16.862686731955584
3.61510395877015,1.656321909894031,5.987775893455646
3.6787074685826253,4.410422745707741,16.224655094241758
1.645681214491058,3.8138119480034582,6.2763186784308385
1.0532644370949416,4.787205149297559,5.042192936832899
3.579097955540865,1.317685687444333,4.716126149977471
4.491554800592484,3.7497934598389104,16.842402815769756
1.4111102739715533,2.9295924828846664,4.133978051148385
1.4300536478033332,2.379291820929346,3.4025149477086463
1.565131680382109,3.450936558646766,5.401170134926866
4.0731500425272715,1.7976690409230702,7.322175730485763
4.223454256609932,1.6360698748177671,6.9098662769103765
4.978453476457025,4.583035780765793,22.816430415480397
3.6335438326285185,3.959957999600438,14.388680966916137
3.641959491584441,1.7151615018671205,6.246548711325184
4.6464684262258,4.782657040930133,22.22246493414838
2.450036725065997,1.1651457641984067,2.8546499123411824
4.114849125699516,1.5150086417185764,6.234031984802896
2.277042633670124,4.694698990907046,10.690029754543454
2.6045764347783273,1.0366798604824137,2.700111935021779
4.468766418384142,3.8785629570252245,17.33239189394302
1.6517918988946207,3.536450450390617,5.841480204797454
4.974130023941684,3.9836303763274916,19.815095459176685
2.9662551085581814,1.2339693628447646,3.660267926342567
3.4495986855074885,1.9339215699102645,6.671253305437027
3.624240346709962,3.1406616143428145,11.382512538064471
2.5190317150340467,3.8627117314945645,9.730293357668884
4.401337815747743,4.116739304499615,18.119160378469218
3.3659492523339045,3.8578170956637354,12.985216568790305
4.700739414298329,4.098558046383712,19.266253350425472
4.782129680267359,1.6935077759640476,8.098573799201237
3.803806098802833,3.334047885691628,12.682071681294504
3.880423497545099,3.3182450951920384,12.87619623799696
2.7495741796544713,3.673006993422576,10.099205190805016
1.9646118190763557,3.912447638414709,7.686440871946913
3.6979648657465947,1.3599033542627055,5.028874824874429
2.5976551566625434,1.3094684702858443,3.401547524325036
3.694013166177098,2.1351173746736127,7.887151693377805
2.7615752356512604,2.4362767253414352,6.727961471896455
2.1142116304271115,1.297937696580628,2.744114973680539
3.451980237346882,2.407761613730755,8.311545506841004
1.366132340772606,4.370583480600823,5.970795440895286
3.9569506524051,1.5814855717762932,6.257860365009456
4.451763504056726,4.789958410141839,21.323762036219016
1.8289493282482683,2.2803738696666414,4.170688257081708
1.9954464123241729,3.14610190807228,6.277877765269065
2.6934831540939568,1.4729138536535804,3.9672686522475304
2.457077339996117,1.0943556770267113,2.6889165359184415
4.654898458576476,4.05620377233657,18.881216687521583
2.4044782864903445,4.663401558182411,11.213047787834846
4.9374420646768264,2.5652829881667443,12.665936133574348
3.652188780543769,1.1416930407021924,4.1696785140774475
2.5229810921722784,3.3493127989082225,8.450252863416058
1.251533026678938,4.300733592508649,5.3825101299721325
2.3236810894287347,2.398479282236545,5.5733009515196645
1.3082433768923232,3.1135735994447833,4.073312039940429
1.7692965591886982,2.4084990955075494,4.261349162490599
1.452983084466518,4.57784868863026,6.651536707826999
3.786205171264411,3.4280386153029436,12.979257532554096
2.4242309380661373,1.7466589232310383,4.234304599945969
4.636199921107988,2.9205978087859403,13.540475330681538
2.2508354130446127,4.533284957646428,10.203678320093028
2.4236437702311804,3.7883258952401024,9.181552455604134
2.0376578190599517,3.9946119705860337,8.139652315975113
4.835909620793554,1.341056691276267,6.48522895537247
1.5824895532794914,4.88599644389778,7.732038329828982
1.8126889989521744,3.9247055910383946,7.114270649001389
3.3560488408617366,4.434494489839691,14.882380092434254
4.655168647206103,4.035263940226843,18.78483417774536
2.4432666406441763,3.902685397098912,9.535301039660942
4.586879042995557,3.3169122235832043,15.214275165809592
4.756570035788222,1.8983498606387146,9.029634064556857
4.100484955868883,1.3527623759965377,5.546981771639249
3.1573920439561567,3.6110889355440303,11.401623475104827
4.250680545367741,1.8459473012214076,7.846532281075923
4.6589338171276875,2.2276685558375164,10.378560368143404
4.863655902163201,2.6801662541599107,13.035406420823486
1.5888617084986736,1.993921162240719,3.1680649844494497
3.746706087844316,4.105179138629311,15.380899670393925
2.0053849176049368,1.3640268735707664,2.735398919466631
3.2880119441340088,3.32840102902287,10.94382233829512
1.3587156363687796,2.350871849728137,3.1941663413248156
1.5089862221986459,3.889044851103165,5.86851509782726
1.5022118166524527,2.8854321753744587,4.334530309996704
2.387801263021765,1.8869019729520051,4.505546914213058
2.8031315750410353,2.1789953900654044,6.108010779761192
4.018698036223654,1.252244712315877,5.03239336625527
4.621281176195424,1.0325781441212905,4.771833940378525
3.5305069248673937,1.913904357865159,6.757052588976826
2.261514834220396,1.2540481356486795,2.83604846159592
2.77166697157859,2.413533048818152,6.689509836222649
2.386470129022945,3.5592036911202674,8.493933291966727
3.367511414150551,3.7498407575974237,12.627631552456274
3.512528150197191,3.224148311321747,11.324911703928372
4.17543269116646,2.981506891562844,12.449081343969592
1.825351572927544,2.2383930816348454,4.085854332392297
1.7065671240556313,2.3683192012687955,4.041695688155018
3.084900410791999,4.32497014841466,13.342102187507516
1.337098487470099,3.5948754311517463,4.80670250163642
2.1626335488549513,3.8709541632223647,8.37145533946443
4.9201337964926495,1.0148565308828124,4.993229916187811
4.225068843285458,4.7146369709986224,19.919665773568003
1.85219713096481,2.1782250773357617,4.034502238836899
1.4601266828357824,2.0525853642106697,2.9970346590822015
3.626081492255646,4.192090111259191,15.200860366304864
1.8269747283277016,3.3113029828687695,6.049666867537378
2.1606940732858,4.290037110206573,9.269457758199481
3.296651030056714,2.386483025716348,7.867401724940661
3.0568398471744596,4.131001940951286,12.627811341854926
1.0898014701631058,1.2565306692388858,1.369368970641569
3.6705552510232056,1.00576186595115,3.6917044983458913
4.834575464588845,3.854943348236734,18.637014528765285
3.334167419961317,2.222896347088115,7.411508578412217
2.0254790420394606,2.8150884013225914,5.701902558367279
2.797056085947013,4.204742194608881,11.760899745268972
2.2886204183956487,4.995610562011942,11.433056334573493
2.1679061780663504,3.108983841345917,6.739985277162268
3.9514187735252357,1.2625966448725836,4.989048085939502
3.99857657849175,4.961284508075621,19.83807603322514
1.693329125570418,4.1297851917563975,6.993085547550521
3.7925582336937436,1.1349609751296836,4.304405591149162
4.144867996764425,1.4437654356822058,5.984217149193822
2.1118047305396854,4.808827920546704,10.155305550961847
4.938634934940542,4.576833829177323,22.603311440192822
3.788678898747654,3.924800058091454,14.86980716189466
3.340270767805844,1.0161654776618723,3.3942678402874145
4.371652196334991,2.7848261950142925,12.174291551845448
3.9067815627921916,4.240870979874634,16.568156554354676
3.380544449936004,3.2775942187030678,11.08005294517899
3.68167400564838,1.645265204417358,6.057330135501155
3.377651969241079,3.732992830466907,12.608750584989378
4.451562149188552,2.6231323344244606,11.677036612236536
1.3596085645699167,1.294991109670503,1.760681003749916
1.3456267762798482,1.725806318707781,2.3222911931261434
2.1654178923523615,3.559624408208222,7.7080743835882695
2.9437483471459904,4.821086885563456,14.192066550824633
4.467742146339441,3.2718472590108343,14.617769895467882
3.5016686549934373,1.44561989476375,5.062081872529134
2.943257719774657,1.163252936948854,3.423753186725257
1.5397717988030162,1.608956783739909,2.477426281095515
3.178198877128385,4.442357169802189,14.118694568868547
1.5736065947469,4.6196963176959995,7.269584591254395
2.493718023346131,3.902028124087322,9.730557860640047
2.6650700562467944,3.4725194874955383,9.254507705857824
1.7200734008415375,1.3219149744527643,2.2737907857303203
4.70490253089498,2.034615511179004,9.57266766794428
2.425187421803978,1.882596986016619,4.565650530813584
2.6034745980415064,1.6013760706302675,4.169141921797423
3.9738499512462546,1.07817448476046,4.284503623700309
3.2371719485046397,3.0392262878250165,9.838498084105032
2.0629403636737766,4.866712637962051,10.039737939253198
2.8687889576417986,4.315404545966505,12.379984909225929
2.04813954828198,4.229402004711953,8.66240551143364
2.61748681365836,3.893583582235954,10.19140368437929
1.298917722726752,2.709001621019349,3.5187702164375327
4.6743054576596865,1.419680320155067,6.63601946863288
4.715397192702273,2.0517728841552048,9.674924098008098
1.826096383153771,3.63949021718744,6.646059922129517
4.764136929977088,3.6900682107952716,17.57999023718423
3.043956864642672,4.729356627195793,14.395957570695948
1.0912406972899156,2.2936426134576764,2.5029161648434193
1.7877310302925635,3.0579377372528374,5.466770181589525
3.463929632385026,2.525141982917755,8.746914140608293
3.0342364753838815,2.114698234698673,6.416494518152618
2.6994310882762904,3.332445439962526,8.995706820619402
2.133621396135185,3.510516422796126,7.490112951161765
4.640667999998723,4.0575496572110055,18.829740852624898
2.296070877188439,1.630945985150361,3.7447675787711523
1.4794333793116525,1.8265990422154594,2.702331593672245
3.5160832743852923,4.22617462698421,14.859581920570681
3.253809579759526,3.7830288294659016,12.309255445822616
4.279111325913595,3.947301514604837,16.890942617941445
4.747091720619489,2.5952916557703154,12.320087531700109
4.7850537686608785,2.8097578838652693,13.444842551214121
3.7369514062865887,2.5503272416649927,9.53044897223099
1.4084574737729683,1.4311078116442109,2.015654493085166
1.1516257207871519,1.7569555601361784,2.0233552133328208
2.47876966346078,3.359891078284663,8.32839607738455
4.2838251131137355,2.6072204621806487,11.168876491313464
3.9494405215690485,3.490133447607207,13.784074463663389
2.451025557176802,4.323219190192577,10.596320724439204
4.582220640976299,1.3340583152683703,6.1129495484887935
1.2453394849772823,4.195548603841793,5.224882337505495
1.8722334151049687,3.1322724130558224,5.864345076934583
3.056168199745049,4.932409339967677,15.07427257293468
1.6773956182659298,3.6048923908570876,6.04683070074387
2.905281933083195,3.4222410606079547,9.942575124039763
4.338446404143388,1.2677725600837522,5.500163304567012
1.5748433638266408,4.80126030980227,7.561232936896347
4.3237382978239705,4.58093792556352,19.806776748713283
4.432160526747682,4.346711054950684,19.265321158930195
3.6794546637253456,4.394023853440714,16.167611560062852
1.2747440843420583,3.121627914090971,3.9792767170045042
1.3370023853201158,2.1485282269536237,2.872587364364594
2.4537561983895433,1.5316873992625948,3.7583874499357512
2.6800225904458057,4.1804849721803645,11.203794164462582
1.6466751954371315,4.873725815941583,8.0254434104726
3.4403051397658087,3.7207024177118275,12.80035165119307
2.3533747024483276,3.9685745098953076,9.339542856368887
3.7245363217841834,3.9622542799082447,14.757559981663093
2.253558282197235,2.345208823603009,5.285064767912595
3.042033681329511,4.745150797376569,14.434908548607108
1.445257381434883,2.4028342783943843,3.472713977214245
4.628046308817108,1.96519842519161,9.095029317801224
2.0901678803016193,3.008698598444659,6.288685171977526
4.219345615053384,1.5294721381869043,6.453371559605238
1.2278811448151115,2.344976658409183,2.8793526238921823
4.401149093225586,2.523501666026509,11.106307069185824
1.157032391938682,2.660518790062018,3.078306419463265
4.491175368609891,1.80612887275257,8.11164150584149
1.711648388071152,4.952076694419914,8.476214091608565
3.0322757779905842,2.301474909165948,6.978706620716984
1.2247020238262212,4.108784984312772,5.03203728575464
1.6018691290027314,3.0642230481313013,4.908484305180182
2.1951413138027838,1.0228028807673617,2.245196859448938
1.775993864413984,2.263865797026594,4.020611765375905
2.80712879691451,2.4876233660933695,6.983079186838104
4.231709815131956,3.334289910224343,14.1097473395918
1.5521461959202183,3.972113017133049,6.165300109308243
3.4797318188762465,3.8775086345773695,13.492690173706261
2.721517837572376,4.412420165362113,12.008480186897044
1.2444239564394035,4.039430005625602,5.026763469360653
4.3576879655514045,3.1090599311350395,13.54831304608524
3.8965718691654843,4.964939963030177,19.346245392038906
3.576685414388801,4.2131195762411835,15.069003337417767
1.7175463284638925,2.3285547970210967,3.999400742250569
1.49117105298282,2.604365817533756,3.8835549184842733
4.625293905732341,3.532284290042553,16.337853000047907
4.613807312817093,3.3527186544396534,15.468797845671956
1.858941331843437,4.931573854268709,9.167506468738546
2.3634912751211616,3.485966359648326,8.239051076394697
2.0318015807385805,1.0279890221389478,2.088669720163822
3.626521538619567,4.945887727320405,17.936368370721627
2.104276885779779,3.1065848269539145,6.537114645073297
2.3478314416040202,4.099189305701762,9.62420553701355
2.8586770026906074,1.0177242646372462,2.9093449503987054
2.39964500684675,1.7018793069556262,4.0839061811918755
3.9437444590001918,3.475696284970694,13.707257965020725
2.288142948118576,1.9048400205891283,4.358546260405057
3.645717189744448,1.2232724001383,4.4597052169241485
4.3086041739435625,4.026989370074057,17.35070320832744
4.515958418961079,3.980645013345003,17.9764273609108
3.8476530420023227,2.1966103239753028,8.45179439513728
1.5405220956060939,1.7423786028573933,2.6841727366130894
1.9696063873346445,1.084247852414769,2.13554149557
3.715667834089544,1.2204216480024233,4.534681461509156
2.970435809352339,2.066883522269008,6.1395448283081535
3.4682735411309915,3.7906673214812603,13.147071174323342
1.6220717455801354,2.4485746401202877,3.971763740683167
1.6792520780155664,3.420804284867542,5.744392703848374
3.361053715182114,2.724285695806805,9.156470559108953
1.5796940661984418,4.558852016321988,7.201591478860647
3.351754362090852,2.540868411934348,8.516366783199807
2.2109681370636785,4.73617594389693,10.471534103483604
4.465146273586701,3.6999586585869,16.520856616814147
2.8043024758508848,4.2670232042632446,11.966023736228593
4.362991269105473,3.6257908215303662,15.819293697939749
4.930378787595228,1.1617045694951469,5.727643566891319
1.3870023483645375,1.8820981677744637,2.6104745785557744
1.4753245244706323,4.8160977093451205,7.105307062843692
2.1629238537967916,3.655068788205462,7.905635469277728
1.168533353976894,4.536391918789256,5.300925263816488
2.0060640659878506,1.414372865779011,2.837322581947531
4.4445390028840075,4.569951530943293,20.311327820566948
4.198541710330764,4.9486696854279995,20.777196084918874
1.7772896227866615,3.2061758946760097,5.6983031464364124
1.7658091795898208,1.124146021028014,1.985027363130639
2.3342353215537304,3.9742431210646916,9.276818669631142
3.617325115935738,4.097144346854408,14.820703149490576
3.8032123495379486,3.2977195139927544,12.541927580929526
4.946716889899077,4.2254574849073485,20.902141908141658
2.7584763611816183,3.2094423503215057,8.853170855937048
4.707207986101313,1.3491942606541958,6.350937998553487
1.4374508906637145,4.683875979283062,6.732841698178816
1.0750645631536697,3.1044642161079916,3.3374994663163378
4.283729934830678,4.629409656297279,19.831140725274853
3.503984957747497,4.440736574131076,15.560274157074444
1.2594843640427777,1.591673146537854,2.004687440731196
2.5688444651822224,2.6438800513044334,6.791716636399084
4.224258379446445,2.2431310855005475,9.475565284122487
2.2370729624022743,1.1352324020535045,2.539597712676883
4.861517081829632,3.0224244227755817,14.693567959862555
3.736166347119277,1.491504803444844,5.572510053197378
3.8966107733905697,2.1346229409035384,8.317794748651389
4.949789936712489,1.8938055705069554,9.373939754985381
4.054929342161682,1.2494939283712494,5.066609593005445
3.723885431172225,3.9099438070101233,14.560182779627064
3.5668451574141837,4.746341394331784,16.92946481780681
4.422682128338364,3.9790169550056373,17.597927175258768
3.6294176919510384,4.254784673755087,15.44239077036884
1.0231141241448891,1.0890341324056116,1.1142062025400565
3.7316886918161667,3.1666198596259068,11.816839521446493
2.907212557138608,2.71528148050393,7.893900416286936
3.4002409317148174,2.855990819236849,9.711056884170867
2.9729438958041263,4.110607333943379,12.220604981494642
1.0903146638527845,2.943136617531019,3.2089450118161547
4.5367473571884585,4.5155744194833884,20.48602031377907
4.659249025037961,2.98382757902269,13.902395738442848
2.858649821064604,4.926868279660942,14.084191126061626
4.529735375565073,3.9327980062737713,17.81453425397009
4.602319641642785,3.905210956340167,17.973029089122953
4.229767265943239,4.042822603429586,17.100198710001887
4.940272401106627,1.2098486615988584,5.976981952412632
1.6369535776080149,3.276589574203874,5.3636250258461535
2.7521806064158607,3.9546156940658594,10.883816619035857
2.6275493016712463,4.107283322756555,10.792089426474941
4.659080377287691,2.812234712857541,13.102427567001854
1.708126407692609,4.5532181470731885,7.777472157000923
4.082865848347312,4.632490558985383,18.913837496072773
1.6625370712621526,3.909829851900829,6.50023707111254
3.9958942481849906,4.4249990432210105,17.681828225030923
3.9091905946128804,2.740933124434235,10.714829990501208
3.3276727965114006,1.48623976944531,4.945719649876534
2.013907366526941,2.824109400671496,5.68749472589031
4.117792242803892,2.077990533992909,8.556733301495917
4.483500674198259,2.7917000314717892,12.516588973263069
1.1188629298923685,2.378082221290794,2.6607480416383695
4.197307319893282,2.3246883604446955,9.757431471765234
2.6580413399434657,3.2350768407784103,8.598967980682719
3.0371282608490304,1.7165002792010253,5.213231507716685
1.1269348586203596,2.6759671868575343,3.0156407033940167
1.3740805439855817,2.04521835877297,2.8102947549920616
2.202816670785022,4.998249559991141,11.010227455492387
3.250326667546305,2.6607110212902625,8.648179987134105
4.470312411010395,2.8034658233094345,12.532368063783641
4.460790004269249,1.267997981393068,5.656272720831783
4.831964621707975,1.2513725779530316,6.046588025244554
1.0286451335983267,3.0698729954083426,3.1578099174917096
2.650888539165111,4.742549980270224,12.571971389116058
4.957047218275866,3.904045450275922,19.35253763931281
3.150872000160241,4.878095187073359,15.370253539065878
2.234029106714875,3.4740897555480665,7.761217633234346
4.268820808971238,3.210657250651233,13.705720482054367
2.954870548174589,1.867988001112868,5.519662728831935
2.815980702662682,1.1379586201677885,3.204469514821145
3.7748990325415672,2.340198022269111,8.834011250219357
1.41747579128891,1.8113050442867857,2.567481050916006
2.54059013482324,4.838780141925914,12.293357093155576
3.369460287938002,1.1465278013469975,3.8631798956555787
3.7842846600688573,1.171801724071476,4.434431289045927
1.1387449868788866,4.527764113293042,5.155968685782579
1.3414626173725104,1.4556100112888872,1.95264641561722
1.9888687938030674,3.8035039845150123,7.564670381907533
2.920873120966338,3.724213110197313,10.877953970325779
3.0991496701300605,2.43351910224351,7.541839922973176
2.5737053990684147,3.9489337270855343,10.163392053963397
1.2123739790548407,2.4202317069617796,2.934225944803942
3.08845952604733,3.5227095278038294,10.879745798643429
1.2323127966266183,4.454824913501875,5.489737747639429
2.3283394400474253,2.2277200907778836,5.186888548744177
3.511851741602943,1.2117926476726106,4.255636120190699
2.249813138638736,1.6884170196379036,3.7986227942826125
1.3258759368612525,1.0979713689548376,1.4557738174598271
3.1425123846362717,3.0546258888677422,9.59919968619746
1.5975123364522577,4.7430480538609325,7.577077778428712
4.666693317387806,4.624349674165449,21.58042172169238
2.2222195487419887,1.39382761846975,3.0973909813399687
2.6776535324429984,1.9424902626979246,5.201315913649226
3.4267750464214077,3.5241950028113247,12.07662349435687
3.355652322498909,2.375985545859763,7.972981415188152
4.986704414080318,2.260865941783461,11.27427017153544
1.0424088993278144,2.312829796621865,2.4109143626291716
2.597705957352666,1.019746452893013,2.6490014356694296
1.5611356361335238,1.4086737408132248,2.1991307764690444
4.74789600320692,1.960376622496236,9.30766433073016
4.865798733196289,3.6082093173625602,17.55682032552979
2.331670685719636,4.767210778330245,11.115565624479324
3.471829785518684,3.859356154869611,13.399027651401173
1.541767600345854,4.17381392112988,6.435051073470534
4.530881670121203,1.9373027673726013,8.777689598163601
2.719975739854217,1.5400464448209967,4.188888968161847
3.080848506988571,2.534727897044512,7.809112657231866
1.5779290790346154,1.476913435185013,2.3304646565953377
4.429265490907801,1.6155306575381085,7.155614190937133
3.1760214560081788,2.278166030379659,7.235504192834777
3.9494880458416066,4.274493855548402,16.882062384511816
2.7307410994513677,4.117864010495381,11.244820495411377
3.1430597275453365,2.438427072195802,7.66412192917491
1.347692974874485,3.9129958440285226,5.273517009710296
3.2273689868124746,4.368490153917552,14.098729641949161
2.512444117264688,3.8142208732506635,9.583016794946811
4.609551148093482,2.120167639718108,9.773021177813254
3.482022391150671,4.194990868716792,14.607052135544475
2.096257100209962,3.1009609422292512,6.500411392621842
1.5951503546094759,3.419903210213278,5.455259818501795
3.750515332713154,1.2712424984767425,4.767814482133601
4.051008790276638,2.9002399327521857,11.748897461490431
2.19137315403248,3.6857785358994746,8.076916135279248
3.7227150850874415,4.3170684456435335,16.071215825952176
4.95360790630856,3.5021428842007745,17.34824268019922
2.8720012631498215,3.3112643320114508,9.509955344159836
1.9184436420200934,3.8983374025546667,7.478740604380126
2.213762235521236,3.349875090637873,7.415826969367401
1.216179064389264,2.704694256015217,3.289392529739603
4.541674734261273,2.35250043364171,10.684291781809243
2.3541601123944673,1.4736793447351952,3.469277131835212
4.139822343099626,4.0467428877494465,16.75279662348466
4.215108451622242,3.0942120185495763,13.042439230499436
4.322825243263118,4.667743240284215,20.17783830817139
2.011881244438576,4.12737579838944,8.303789957529407
1.1307747192375013,4.468856587996278,5.053270053604149
4.633791942842328,1.178093214804393,5.459038846677813
2.4342470249635957,1.5077130000206638,3.6701458847992385
4.21818169956603,2.84292948510334,11.991993127219587
4.981945486885045,1.5606347918707968,7.7749974580364976
1.3506013260270064,3.666407919547929,4.951855397897351
4.201280447918573,1.5952106502574375,6.701927315238045
2.7669085874318995,1.6049391334432737,4.440719870629705
1.4521780446999668,2.5422830524972926,3.6918476322493814
3.9760058762878776,2.4361907123058675,9.68630858788608
4.4748132705269015,3.0759388522795614,13.764251995509868
1.1416224679589808,2.4110773998088293,2.752540131609878
4.543483591117409,1.7666635207323806,8.026806717473283
2.6243767120228823,4.352454716975423,11.422480799364445
2.313162887931361,1.2544433935968646,2.9017319030789404
1.0871737767644345,3.2781665278411816,3.5639366849358503
1.9541535125987837,2.576856968707013,5.0355740968634635
3.186355798909353,4.291917050743562,13.675574783074678
1.090039322367459,3.810424691796102,4.153512748977657
3.1635786629206244,1.0531460005591788,3.3317102163092103
2.569581627601968,2.1970668902566954,5.645542715816194
1.6928370794250576,2.7680836620096816,4.6859146620006875
2.2506668876085243,4.3753220127317105,9.847392376679943
3.7165385234256605,1.6353547685744076,6.0778589968746415
1.521762105035001,1.4608675834930085,2.2230929290337156
1.173595923333588,2.7055941266433217,3.175274237223902
2.9619931797770103,2.7247853377325644,8.070795586720253
2.642351802233384,3.8003570882282633,10.041880401210367
2.111166970072429,3.2304112003535104,6.819937425938359
3.6177915850229803,1.349897946825605,4.883649432665472
1.5025731937645888,2.1623689798914647,3.249117664212994
1.2255479625787724,3.270347808705343,4.007968093882786
4.536579265374952,1.8645528113531813,8.458691623181416
1.4361617149264632,1.86787260364185,2.682567121710437
1.4833945195499787,3.9941500481191694,5.9249002916402596
1.1849854457008089,3.9642420120087123,4.697569087466015
4.828500596176923,4.312968978664538,20.825173284774298
3.165733915784417,2.015253911176014,6.379757655527105
2.2946277515458395,3.860391950657867,8.858162501823719
2.035449150014664,3.491506937845536,7.106784828907999
3.6077109652165005,1.5466660632892375,5.57992411605682
3.145862171445402,3.456910069797333,10.874962618664114
2.371910741391749,3.8604056476469686,9.156537621783217
1.4591251201450541,3.117431200047185,4.548722174312789
1.6579594470431673,4.686091971463144,7.76935045380046
2.9646871546814144,1.2005857338523231,3.5593611032457417
3.5871702819925066,2.4316572750344987,8.722768712994633
4.715138939846286,1.6259418294115142,7.666541633783138
2.716957930527017,2.0323632260641364,5.521845384766428
1.2054145203037843,2.827408334632787,3.4081990613943023
1.7244671137399274,4.886780933516532,8.427093011900563
2.460256513687934,3.329546133719328,8.191537563107454
1.9490978547641227,3.4300607931403833,6.685524133620446
2.1835874856653565,4.331955405825012,9.459203612619886
3.0297736022228823,4.998126639889064,15.143192154102838
4.214730664842985,2.9593011098292252,12.472657134101116
1.0044500039949158,1.498510519774554,1.5051788975739742
3.5728505388528164,3.2104687897145032,11.470525145301613
2.9975509408327095,1.2098778660412788,3.626670535644706
1.4532320774192309,3.615351354659957,5.25394455973292
1.9505335996089124,1.2555735686103007,2.4490384323552576
3.8082672243028526,2.453154950557864,9.3422695943458
4.577854952936699,1.0348287414015789,4.737295879266468
4.607577110601985,1.164163258327509,5.363971982073656
2.425913988058485,1.705628796280775,4.137708755332888
3.3928900464180627,4.77001865461,16.184148814454748
2.6111600696181956,2.416806285717584,6.3106680692680195
2.7258015067578247,3.331300531520082,9.08046400828058
1.7042754211263218,2.6503486926411783,4.5169241342826405
3.1897494793050836,2.057641598840898,6.563361218499234
2.0348763196732196,1.6351510125441173,3.327330074515712
3.8813727460065435,4.027338601625682,15.631602287290026
4.882433292951849,3.8390757318096127,18.744031167150737
2.124429816769528,1.7227404912720963,3.6598412662146265
3.111259392975289,1.473201215918929,4.5835111207703845
3.868965479199178,2.0574933200392453,7.960370628914746
3.8876874287788996,3.4258405207269993,13.318597125431715
3.6129234387967277,2.2027717623098804,7.9584457303689415
2.059245112393426,1.5001122855259452,3.089098892010634
3.2238131471234466,4.450568748946591,14.347802045030768
3.8586361839867735,4.410474253272962,17.0184155422211
2.9982791819022188,4.71033874544342,14.122910600170421
4.631085678163274,2.611927400657315,12.096059577586319
3.999061847334885,2.5770346987064845,10.305721142855253
4.723561623728191,4.254818334777436,20.097896602089783
3.2639533119874384,4.081490078265064,13.321793058797125
1.2978242244552662,4.478357538419823,5.812120899133102
4.544950254909025,1.5652015489644757,7.113763178950094
4.458824339880016,3.9104215249303906,17.435882674550353
1.8285011634687711,2.5257238664955226,4.618289028487906
1.9119780243375173,3.0515756145429576,5.834545514610389
3.213182389360921,1.1549798681106673,3.7111609722795955
1.208126709182468,3.2733875310179434,3.9546669057276316
1.474293220917711,3.678448822813008,5.423112162965952
2.3757484512697236,1.19118397636189,2.8299534870190715
3.110081313617555,4.349934580755519,13.528650255066555
4.790229250587476,2.436649285612871,11.672108681365852
3.39580899558644,3.628621852765296,12.322106729201927
1.3557622164712204,1.0611582493566178,1.438678260174448
3.3838334955587,1.9099484761490744,6.462947628384534
3.404140542291379,3.758096336140937,12.793088099694053
4.594882502858353,1.8951072159087428,8.707794987419689
2.0288164374989055,2.7181333666842793,5.514593653643305
3.1180966590516808,2.7493352419750927,8.57269303261558
2.1820579384902583,4.7085867930258845,10.274409190792518
1.7125299409610215,1.7714638278029216,3.033684844441922
3.886038204058791,4.5314069473616385,17.60922051558475
3.942474638876509,4.114777288970691,16.222405106391985
4.311448458567812,3.4920653463399614,15.055859754695497
1.9291433907486484,4.321610433975684,8.337006206094587
3.080901538662967,3.670911808102634,11.30971783787946
2.802275159147462,4.214361020189304,11.809799198555842
4.41707920818731,3.7041640929079445,16.36158619849769
3.4471302154194627,4.105205901070724,14.151179302099173
2.376178378876976,2.6907789791890426,6.3937708326856635
4.779995772390022,4.378370218265803,20.928591133268917
3.1418588468433035,2.3252416188637195,7.305580951275222
4.3319388207335585,4.5860281022596325,19.86639316915355
1.5717491658439213,4.291510575789905,6.74517816770815
2.37413813894043,2.733349193062989,6.489348566292891
3.9361955673330744,2.7395503023657755,10.78340575665815
3.2551875891998616,2.579616752563393,8.397136437836407
4.890857063667806,4.724248127078836,23.105622322842926
1.285293104349062,2.459087246656408,3.1606478811202026
1.040896633977515,1.0337861371764787,1.0760645104396143
4.822259440818506,3.7817776326272683,18.236712892013106
2.2895247915653982,2.178471179033944,4.9876637721089185
1.3540864856780246,3.200258548697584,4.333426851466967
1.474813668388149,2.3970241291394845,3.5351639491111113
4.425429003979391,4.174664391260034,18.474680878962126
2.766608700677599,3.1521411909335355,8.720741244600967
2.1926862287662723,4.621015083826582,10.132436137227767
2.402406142342878,1.5606203424131584,3.749243896478617
4.412085844348209,3.550142396391306,15.663533012538512
2.741915139633883,4.465120880515471,12.242982542580743
2.81756483345444,3.2797781009198013,9.24098743868562
1.1333460950099044,2.2307325237577986,2.52819199481249
2.1348807811481136,1.6881113950597761,3.6039165737502468
2.1561585501897023,3.36761456650951,7.261110941322868
3.5993407925919487,4.975851503315285,17.909785293762678
4.695633153308236,1.190847396392242,5.591782515030206
3.929223142586414,1.9098455414043891,7.504209300051605
4.053498990249499,2.3017615010275625,9.330187920210395
2.6847956510314726,1.4362906534628324,3.856146900034164
1.970681187317458,4.118185297919955,8.115630292498196
2.072005403086793,1.8409779073940542,3.8145161710838984
2.1876888781688906,2.8335061814478046,6.198829959376164
4.049074083818944,4.183997332374922,16.94131516528689
2.6526888051167434,3.4404386306090067,9.12641304010769
3.2406985431612707,1.312768882987283,4.254288206604337
4.569244535721679,3.0951245926824114,14.142381132491895
2.143260151525001,1.603471261613667,3.4366560591320927
4.836903598077044,1.9434760316269482,9.40040621015288
4.856664045233604,1.0639883995958335,5.167434204862729
2.727531591682089,3.0589884239455203,8.34348756490121
1.3817308097889636,4.762623354288636,6.5806634240410675
3.0184937948820885,4.837828196730425,14.602954392536391
2.733569383123104,4.164760773627677,11.38466253882071
2.744820959105845,2.6562633362091277,7.2909672781312285
1.3802433568446077,2.7778462912435193,3.834103889824299
4.122423251722526,2.321721779484961,9.571119847779403
4.012220239577097,2.4415964361942333,9.796222638177813
2.514668207977838,2.7888390971242805,7.013005014704046
1.1830109506056683,4.087922482427119,4.83605706193839
2.8829601039169006,2.146832440271965,6.189232275098638
1.035352546326906,4.656148564331938,4.820755272157439
1.8674766842466877,1.3654634777152115,2.549971207823554
3.914494577464041,4.920333858395176,19.26062020800064
3.0582195266703014,1.4590370233601484,4.462055514974918
4.678478404802636,3.734080351503861,17.46981428630865
1.7396461382321355,4.509734562788719,7.845342316607383
3.018272428321162,2.8798779462898,8.692256202216676
4.44085632911246,2.466703431375136,10.954275545265695
4.752373235104654,4.674399891383651,22.214492933987763
1.2714505125946505,4.091142343946879,5.201685030308939
4.328928611566684,1.1500590156583281,4.978523377873554
3.5021336055160677,1.834317467780715,6.424024847099979
2.2488723353243216,4.395107507580039,9.88403568457298
1.1351785915564254,3.3624710554736343,3.8170051569018075
3.3364369333968096,2.947078679200198,9.832742150909828
1.311112121294057,2.948565665619192,3.8659001846248024
3.6275401173057564,2.05578036148364,7.457425733651233
4.530102754947366,4.540973020667859,20.57107439106913
4.983220533778773,1.5047137386425362,7.498320399862513
1.4237283854331642,1.8544117045430704,2.6401785820374672
2.240119310883021,2.822680254214069,6.323140545913131
4.428350648759732,3.0220592945929137,13.382738237800908
4.476249347929974,3.7472230868700542,16.773504899150225
2.1718085164905854,2.987700918967328,6.488714300539991
4.147289379053456,2.3252383949546007,9.64343649916252
3.5174434374051873,2.9678739463449086,10.439328735616733
2.558514584985063,4.579420568493486,11.716514315271171
2.1288086195723137,4.877675777651502,10.383638238943606
1.8792627922697065,2.224446169431399,4.180318919619304
3.35574671531227,3.483591513082694,11.690050777516953
1.9275371293070953,1.8258768024667051,3.519445330295091
3.175780762241047,4.732992489886745,15.030946497213678
1.1440511174073182,2.146405869674529,2.4555980336107717
4.876708177398687,1.5460089901177345,7.539434684439041
1.0087082748312204,2.6769255891950348,2.7002369929284717
1.3654225590988989,2.0903253928765078,2.8541774472908523
4.79031428784698,4.888006184443223,23.415085864422775
4.415132520753785,4.447177981216379,19.6348801304486
3.149814454444575,4.188329421313643,13.192460551229194
3.522434063734673,3.2749736873317508,11.535878874092106
4.675844604172102,1.8692227282092593,8.74019500769312
4.316436274269935,4.738303490260253,20.452585063859196
3.452519545411209,3.967579277431768,13.698145003301661
1.4292756546705228,3.1430950032509744,4.4923491684631855
4.708662483940019,1.1617822451642437,5.47044047231248
1.4775973534842564,1.691127916934465,2.498806134465709
1.6513724092823399,1.4234469732710489,2.3506410577362664
2.3726200836427958,3.9322641754061305,9.329768956757663
1.0336527417355068,3.052098970219698,3.1548104686157075
3.6053844789501195,1.9734585173848789,7.115076708431356
1.6251713093578868,3.0955570036214097,5.030810428767383
3.464719063233137,1.0313272986921689,3.573259352211493
3.178433280120197,1.548087417864247,4.920492569475065
2.012560775766254,2.324740559551989,4.678681663987226
1.5112889988892357,3.9988148647697037,6.0433649137212
4.250555743828347,4.4379583173140045,18.863789216529828
2.526471009213509,2.4084698099894704,6.084929151504365
1.9508610673230287,4.987368127616879,9.72966230857552
3.6244046057872508,2.9099695326784603,10.546906976940384
3.2436658778455243,4.060279639321372,13.170190520577668
2.591735650661594,4.024115850809098,10.429444512934351
4.48093909205976,1.9993908389533348,8.959148570572157
3.8621863671759757,4.661321710886112,18.002893164805737
2.1882210392993877,2.498475611591406,5.46721689946072
1.664599465255281,2.9310268745892016,4.878985768090042
3.3229276214788337,3.0997863255646774,10.300365601901246
2.6989388540955974,3.7101503139211407,10.013468836776745
4.661278147190271,2.1273565050078265,9.916200388076051
4.024740000414875,2.9584020414996286,11.906799033732582
4.963789597163406,2.4329898295926573,12.0768496061364
3.2964249239975154,2.6635755378289687,8.7802767898495
1.5931189394387895,1.9900944266412024,3.170457122353678
3.6889028301374225,1.7734684066886768,6.542152624593165
2.535118838943834,3.2246083106341126,8.17476527650339
3.316678146348514,2.998926948136434,9.946475471379754
3.319417288056668,4.056180639606993,13.464156138592204
1.5985470600466267,1.8450091898897463,2.9493340162572625
4.095792370283039,3.056799668276075,12.520016758808874
4.410140497844113,3.8743153451017602,17.086275004852162
4.863584718662652,2.4652946130609164,11.99016920708443
2.116511803529496,3.5508939195756,7.515508893862874
3.4535891678773187,1.6775439338259623,5.793547558499649
2.705218824951148,4.030412566902642,10.903147948304706
4.678524374049251,1.4209229102584944,6.647822469289362
4.302041057876211,1.8145185960748078,7.806133500593724
3.2125522258283246,1.0813464397805204,3.473881912008445
3.4117150905941194,2.7096427322643795,9.244528999785064
1.8258735562333412,4.467162685081492,8.156474218082625
2.74048195361819,4.543292770772506,12.450811848306039
2.881586216406083,4.253664888116484,12.257302110806982
1.6576619086575213,4.390427032921066,7.277843655213512
1.5346895560637503,1.5832389690695439,2.429780310584168
2.8772378396730716,4.617741782855026,13.286341391469872
4.852363152676546,1.1161788361848126,5.416105056500575
2.4098551921312876,2.2293465262760073,5.372402301406086
4.944829148968399,2.7400568522121493,13.549112992649233
3.491712095578242,1.0348051904435551,3.6132418000389075
3.1616455500027785,4.053673016410472,12.816277253500509
4.373270676325058,4.597824636087456,20.107531655886202
3.2362571103478857,2.1311403426064626,6.896918086909394
1.1057648116587826,1.899799706768575,2.1007316649443637
3.403555577494371,4.351481577850973,14.810509394658684
1.5854310424011149,2.2889212302923103,3.62892677211638
1.5250028058913152,1.4684002060664456,2.239314434422715
3.587088403668462,4.511274572030979,16.182340703096727
1.6431199817486073,3.3420294119777303,5.4913553064121565
1.6509843875099195,1.1410500889559132,1.8838558822330176
3.254255432864721,3.292864540576647,10.715822320859147
1.950928406312824,4.657734196767743,9.086905953528834
1.2501061854703406,2.7572323993601775,3.4468332772193864
4.638531645130284,1.2489251403654613,5.793178785983974
3.193783402990995,2.23831506098866,7.148693492450359
2.2205175295805497,2.52507655908983,5.606976762991904
1.0957971032516811,1.7422684076203732,1.909172674157324
4.321800295055834,2.41659769363107,10.444052625366005
4.516491558345598,3.718496498668087,16.794558045972074
3.5110360204183975,4.851267860173664,17.032976201767816
2.472456308315758,4.070959120256749,10.065268557774367
3.168477963952111,4.526076475175296,14.34077357475497
1.5514423379542395,3.8623242742733614,5.992173402016075
3.090747622336654,1.2065200007642658,3.7290488236637724
1.457472571041849,4.881774999410014,7.1150531596379345
1.0134677568861807,3.979207694586004,4.032798696416308
3.293858802796752,2.8167669928045536,9.278032754676614
2.838100986122727,2.5880379857353457,7.345113159438561
1.8802704980046379,4.585875358735787,8.622686144557337
4.609715119555394,1.1818782589150434,5.44812207959448
2.9109616301311827,1.4339090213419348,4.1740541422253274
3.736135963689127,1.894936123689003,7.079739000608153
1.1222971166121871,4.924815982897364,5.527106777451326
2.1967017228955776,3.5196549413732097,7.731632073712463
1.3214573827757263,3.5434274852638517,4.682488410732343
2.1976705423705205,1.8879137263565058,4.1490123829506524
3.308719954408214,1.2034054698885202,3.98173169146414
3.0267220772456773,1.6078638900585052,4.866557133246194
4.723763174295533,4.847829737953121,22.899999591397712
4.6443686782268765,1.1708058117097475,5.4376538401907455
1.7536034060111452,2.0516927679328987,3.597855425935565
2.672843664178826,4.947526431696657,13.223964676317685
4.58319027487358,1.2562621892489094,5.757688648456995
4.666535686480018,2.3448863167330205,10.942495677773328
3.131297334333955,3.0715564068469483,9.61795638901623
4.837558980019241,3.204262147765169,15.500807127257135
2.8425843862021742,4.6059748735541515,13.092872258804565
4.83699022689887,4.958165066525666,23.982595970136032
4.554040729427467,2.799288827985418,12.748075336076873
2.12126524877216,1.2462960143616693,2.643724424948658
1.2640454329413933,2.535007844899709,3.2043650888160813
1.755825616634235,1.9702304967022646,3.459381176783829
2.595989231089148,1.3007460038893397,3.376722618478969
2.5435238562296374,3.6498265348455,9.283420862479481
3.6938816796386065,2.7676539806853677,10.223386334832542
2.605487845982843,4.92793882972922,12.839684726606396
2.262619989947339,3.267086381615471,7.392174955927886
1.58497449123068,3.6550335853213545,5.793134997325762
4.617837537615102,3.7425632974288545,17.28254928176752
2.4592781016140712,2.067629006853695,5.0848747388173425
1.7122559325848115,3.645182641674753,6.241485603562771
3.167655614477275,3.1553424070636464,9.995038091333399
1.9072538593209396,2.8471754107191285,5.430286290257739
4.832014180480646,3.319085535775393,16.0378683750949
1.4191972560603294,4.373554814083148,6.2069369913762475
3.0056172606309324,1.500920523704881,4.511192632882609
3.2892824744611455,1.9379416485831955,6.374437501213045
2.0659791273979744,1.3076034619893107,2.7014814593832464
3.8805802712769646,1.4192085364945268,5.507352647548514
4.7235503186526575,2.6769480128995062,12.64469863934806
2.0357074677902243,1.6629809310442125,3.3853427001194434
3.335788711487484,1.5569106484163378,5.1935249657818785
3.3775440486979815,1.5236937522440406,5.146342764930156
3.445126948205468,1.4544151368446316,5.010644781821384
3.787348986675585,1.7754611955781465,6.724291159954716
1.0328030050062327,1.0687465281163488,1.1038046258285432
1.7112281145137995,1.2035941500324463,2.059624147999862
2.91343645255905,3.183439614394474,9.274749017097387
2.1084112292764976,4.571683139121051,9.638988067216852
3.926044175162967,1.3058686645321962,5.126898063914472
1.5251407552505798,2.6593203654740654,4.055837870652364
2.994585511518137,2.370486414564003,7.09862427230394
3.4807281506207928,4.913546351975829,17.10271910670237
1.7908147517980018,3.659042206173802,6.55266676026755
4.231563225872151,2.6846355486913227,11.360205062711305
4.754504963112258,1.321655145151364,6.283815947145013
4.048237222714795,3.396934686968767,13.751597442917994
2.8650142385999007,3.66488137271799,10.499937315616592
3.547987504369906,3.011612617388505,10.685163934497163
4.272908024367332,2.3053030202881044,9.850347773987288
1.8504484109718358,1.7731239977668602,3.2810744841237156
3.9974161798728898,3.704449792766552,14.808227539131789
2.471896135991192,3.656650733619632,9.038860819103727
2.235242873253817,3.285033177942702,7.3428469993987635
3.370045030047494,1.0374844540716288,3.4963693281956303
4.336999069869162,3.1763830929744463,13.775970519778305
2.028594633494339,1.7376490349230576,3.5249855071415324
2.2808387820528964,1.4782745255108165,3.371705868305914
4.444260459914496,1.235301818857745,5.490003029609935
1.2829050275731695,4.703211288222525,6.033773407399561
2.4096375449606815,3.4650356507685602,8.349479998719191
4.918927622869541,1.1683344815885741,5.746952754237002
2.2871710892300996,2.747471293857631,6.283936911800789
1.9737894618859553,4.47712899818551,8.836910036122584
4.812987876924072,3.3106222038597832,15.93398453225279
1.9718366965932659,1.9841958398618473,3.9125101702672858
2.2236213842057215,2.3768854962611305,5.285293417294678
3.6678358139167795,1.702927504485011,6.24605848945405
1.5107673685799843,2.3285219258762355,3.5178549426368377
2.9297854825200806,3.9864917593966163,11.67956568286614
1.5694615745122609,2.273418332513893,3.5680427156722927
3.461623434696376,3.0625982209810005,10.601561772807262
4.020709070880269,1.2925634218372752,5.197021474869172
2.984776242458959,3.247424362257395,9.692835085648307
4.411388675121179,2.2981215160706436,10.137907230046352
2.2779643143259665,3.9099599975034547,8.906749344754914
3.3209971512176186,3.4728968160682743,11.533480432635477
2.7948606707698675,2.4106126048401033,6.737326361729709
2.2218397857528025,4.805194034458335,10.676371284021553
2.3535689727580653,4.505256821945981,10.603432670438668
2.1590460275359624,2.108511527537571,4.5523734375437765
1.7476235914747713,3.66234728309831,6.40040451211614
4.805976930903114,1.160205057657798,5.5759187422204946
2.364531025660651,3.5047840886285964,8.287170715804104
4.886043102788955,4.961967460117828,24.24438688477194
3.466407175627985,1.2881438267249998,4.465231004200431
1.8346290696924084,3.2263636396142283,5.919180522634864
1.280104471283971,2.540475802498992,3.252074433967694
3.801643797568463,4.290925025152178,16.31256850770108
3.899035869550812,1.431124857941327,5.580007154919044
2.583559926560104,4.845838858891129,12.519515086398863
3.3925490195218098,3.8887908241364193,13.19291349754942
4.43774333011806,2.140487458372089,9.498933941592098
4.550879701799593,1.981909539628489,9.019431894698267
1.8994461195956727,4.361022559457492,8.283527378030723
1.9461227770159808,2.921279904107269,5.685169359422216
3.3923878065844715,1.2230172988996317,4.148948972028987
3.871795535005376,4.1406379215823055,16.03170341685631
1.785972172242786,3.505527014595145,6.260773697112259
1.0038257612473926,2.9723975299799417,2.9837692132619846
1.8790586204727973,4.334151233679728,8.144124238078703
4.798831692569841,1.2974457004477729,6.226223546697249
2.7675834035335622,3.014950432545982,8.344126779590594
4.720877643658948,2.1841208450138074,10.310967268275174
4.8134943272563735,3.047019894190601,14.666812975723772
3.5293383625477817,3.2449654001455146,11.452580871873778
1.24720761488426,3.878092108686908,4.836786009176868
1.544571877575902,2.715704906648768,4.194601426604578
2.478650210900942,4.603747625448238,11.411080022751987
4.0558619461232945,4.1603970487148425,16.873996070646193
2.813283680122891,1.0323357649472675,2.9042533599333287
1.1902530869134385,1.440686443896121,1.7147814871217024
3.10072735940271,3.8556144209873917,11.955209122463243
1.0510213205122936,2.1869074498404775,2.298486355769511
4.659148366871721,1.5792475061984028,7.357948439390526
3.6993592255829872,3.2513476599636992,12.027902961464369
4.752263325081779,3.3755632701837803,16.041565530387498
3.2267371860470537,4.545490093565897,14.667101913717582
2.5382670058633,1.5292169121535468,3.881560832927504
4.184844820800354,2.5994723004130282,10.878388193197443
2.7215844577820216,3.014139657729311,8.203235646060515
4.7398069554061415,2.949912013218814,13.982013478090668
3.967842371567582,3.4755635654676094,13.79048838013888
1.356359418241158,2.5578800322266413,3.469404672441602
4.096749497395882,1.9296905960289799,7.905458979411283
4.216459973644801,3.2009822613905583,13.496813581500309
1.1336525979421408,2.625489991512066,2.976393549748743
1.1710258907572482,3.586609325507393,4.2000123802005485
1.5084776253167003,3.3364484821451006,5.03295788333775
4.0475544958429035,1.1888259281190168,4.811837730132739
4.936360660435971,4.12539719959598,20.36444844475832
4.282536942709184,3.535810602291061,15.14223952673428
3.9038641407255286,3.8931738826523454,15.198421914095668
2.7502983700253703,3.221097911271502,8.858980335062137
3.645016141739427,1.2303436804076084,4.4846225749728275
2.1698880315745006,2.137732135945981,4.638639376501377
3.015443349839826,4.560619385709443,13.752289397788132
2.485481932462228,3.495114958592053,8.687045081459015
2.466310467176691,4.953876463224201,12.217797374350095
1.4078161837406262,1.2105524243546033,1.7042352942728607
2.980575527099105,1.3282280150610197,3.9588839160982965
1.8377134354438707,1.626771880843175,2.989540541827798
3.242833155926648,3.5819848667369802,11.615779289882175
2.2432116067257195,1.1732422411940497,2.6318306129473883
1.7260737738629648,3.57126644742114,6.164269354370391
4.209948899349907,2.0816527749136524,8.76365180857641
3.716752328760709,3.152565243656073,11.717304210928782
4.537480309102772,4.382992609249612,19.887742659413096
3.437415907496197,3.847312964833103,13.224814786433663
1.688366972773907,4.134897694783828,6.981224703671979
2.7578460930319735,1.6883283180158735,4.6561496555953195
4.2870742235205315,2.8347217042870185,12.152662349303068
4.909323108518484,3.552851831124855,17.44209759568346
3.8500698359716052,3.200875846824858,12.323595546550454
1.57417949690254,2.640468212277618,4.15657092199033
3.7891970991156105,1.5040661613197228,5.699203135350646
4.949593500673091,2.928917545058513,14.496951245029
3.7185233385627874,2.3268233750623657,8.652347024882841
3.611407356113106,3.18554023355188,11.504283432643522
4.684326362116559,2.6054306414062545,12.204687438205575
4.1892976691246675,4.543332863861906,19.033373776634182
4.09680182020449,4.98198377008042,20.410200177494694
4.271403493979654,1.522941792295402,6.505098892738217
1.3564010555296955,2.27209994115006,3.0818787584449003
3.7712888515265304,1.5805180927040317,5.9605902626506895
4.415260194656563,2.8213718058816935,12.457090628835743
4.271245616473191,4.0890087533832284,17.465160713608622
1.5813435496977561,3.452507374660636,5.459600267203531
2.2738532923460477,1.749703135292612,3.978568234813308
3.0403714513112674,2.290799148625231,6.96488033216831
2.0962988231059234,1.489331760658561,3.122084417082814
1.9597350519207222,2.1469890330525936,4.2075296641625455
4.2141284307998585,1.9392938212380542,8.172433227753782
4.174035053543298,3.410822076709482,14.236890909584725
4.606680142849328,3.5604127743600613,16.40168282799158
3.2452161567351974,4.869792207293776,15.803528351052922
2.9785360532910703,2.776698115317821,8.270495445579495
4.437678299795705,1.8131706987383183,8.04626826361645
4.405983326376505,2.6021503897472633,11.465031229950567
2.4045026969877235,1.7084902543179288,4.108069424284701
3.2583905768364017,3.4710922640032096,11.310174324357789
4.744443158533692,2.4232000828165265,11.496735054677146
1.2431022327495396,2.314360512541389,2.8769867205275697
1.1157044788350663,4.510551377839247,5.032442374270928
1.2547027379024351,3.320967507916402,4.166827024667736
2.123754951959726,1.0970371606639473,2.3298381024438957
4.370541916512536,2.466845227997278,10.781450470511029
2.82753332843429,1.4776523073028986,4.178111146736773
2.1262422303783275,2.811680577856688,5.978313982973429
3.970840755756675,1.4260247036217768,5.662517011857185
3.695389220537366,4.9994225064251605,18.474812039155438
1.0738036514143312,4.833042356964771,5.189738530348897
1.3941865265513633,2.3390978512500022,3.2611387084979984
2.1075942212654364,1.3943096053140187,2.9386388668147174
4.331624006979797,1.9620915195279234,8.499042729878623
4.802165799180895,4.417418231825219,21.21317475354921
3.0617049086566346,1.724145321468137,5.278824193976367
1.7769954910754953,3.4012169058060877,6.043947105787165
3.2506801312784077,3.3103576177135814,10.760913735327662
1.129090192213071,4.592030273172237,5.184816343784282
3.3343940734934963,4.786577426434716,15.96033540302167
2.389023299989739,3.7612364271094116,8.985681461134543
3.1184117036294676,3.0835521113609707,9.615784992819407
3.962949232179901,3.5386976714442038,14.023679219966612
1.7856502326684618,4.6894547020615125,8.373725879824352
4.722940536907454,1.5012144020783755,7.090146354165245
2.114385504576383,2.8745503247965143,6.077907538925083
3.4241664930922124,2.536426377396908,8.685146213677754
3.293843639426352,3.6551486262328567,12.039488053675065
2.136144174100311,3.115741504909484,6.6556730637149295
1.2824790210680672,1.6599168951219765,2.128808594710378
3.5839510859142,2.2267514267542814,7.9805681939770015
4.657266402910106,4.6583191650504165,21.695033341421563
2.4263934810923082,1.994853763810748,4.840300168242854
3.31485832599819,3.329860692220652,11.038016440021725
1.8974393231300875,3.467264825826542,6.578924624229074
3.2606006478228147,4.644003607844666,15.142241172229806
2.0495226996932097,3.9133037434844464,8.020404853065786
4.8488809221139775,4.4487315644193055,21.57136961031904
1.380794610889171,3.8931481249771225,5.375637950361692
2.3828801811292286,1.420732572623955,3.385435489990365
2.0335897618308842,1.1028014928171084,2.2426458251246872
2.549883066942088,3.865821627448894,9.857393107650442
3.1087373112372934,2.058173073042833,6.398319425152175
2.6849993347411174,4.310865163763994,11.574670096864983
3.6210694814901,3.2791638537820345,11.874080155735589
4.1563976716265,4.981427183478337,20.704792346786313
1.7048036087731684,1.6467500800480113,2.8073854792133535
1.072383633407164,3.9274861749323877,4.211771894430398
4.755515879932089,2.298263539574826,10.929428758717016
2.4511382229577494,1.6698692110907123,4.093080250644747
3.36917198137647,2.8593042369055413,9.633487721213179
1.6322110341531006,4.276726602539539,6.980520350721138
4.08466556048017,4.975766569030284,20.32434234150658
2.721053128081847,1.6954120018770267,4.61330613109499
3.67819824301317,1.5433946193170471,5.676911377047944
3.3191550284819917,1.547047105691591,5.134889180154756
4.1831945372120884,4.164421266004833,17.42058429060127
1.5231239306227686,4.682618431513503,7.13220819101347
3.4518762130901313,4.253773455181968,14.683499405816857
4.695111378179745,4.227281002342858,19.84755513286303
1.6548158015318224,3.3647677910345317,5.568070909089268
3.307419432250339,3.2927215503948313,10.890411240765328
4.840001382425529,3.1871906636877383,15.426007218302392
1.4298852860490103,1.5708253274483317,2.246100022671488
1.1732132965521052,1.5261990540608341,1.7905570234094157
1.7609035943895424,2.5129928982889957,4.425138227272487
1.087442682728958,1.418671718061776,1.5427241790007977
3.2800175868304686,1.3325143779277062,4.370670594307338
3.7306879241680937,1.2354218396595757,4.60897333847151
1.0220998870067897,2.563761350750357,2.6204201869143144
2.7949902290701,4.0230028020185244,11.24425352316341
2.4886251944959104,3.9053949167208226,9.719064184207697
4.076525878744965,2.1309910794538256,8.687040282768187
4.132339503799214,1.2489944695107527,5.161269186386026
3.9438926425782825,4.031412675746569,15.899458791073723
1.0067405770948197,1.415555645337455,1.4250973072968594
1.7525742894582024,2.279851619617866,3.9956093323219135
1.0393333266063625,2.614565978247277,2.717405555803561
4.961010351588804,2.9190700419180873,14.481536694968396
4.740834871746778,1.1698825041051863,5.546219771308311
3.0767015492794805,3.6785208730416326,11.317710869144099
1.898719504101006,1.7206084957474435,3.266952909797564
3.383838931708565,2.138094097187522,7.234966045719413
1.9559535944784106,2.5675346218459554,5.021978572547363
2.70162427503817,1.156583500824147,3.1246540619351446
4.400249331357486,2.851578799374325,12.547657705260056
3.0292776333328106,3.2519782095850576,9.851144854381694
4.418913949305936,3.039198150567997,13.429955102249725
4.473335089549303,3.6561071440477533,16.3549923786207
3.2014258295803533,1.8041059379366748,5.775711349009761
4.375289681927173,4.075117612306035,17.829820041762293
2.7624716685460853,4.27546710230143,11.810856739908528
4.518925661663905,1.3412503259976938,6.061010516866057
1.6013699857750563,3.587800225644696,5.74539559630439
2.5693341046777762,1.376799158739137,3.5374570338401363
4.692679161059768,3.7863750938680165,17.768243498950167
1.7754215585453412,1.600864704377397,2.842209708465945
4.021273839509326,2.012893114215817,8.094394421924521
2.5907176053191012,3.5512392155290757,9.20025795637077
4.152955725183546,1.526616426290135,6.33997042772086
2.2403063138381865,2.7199991808615733,6.093631338518878
2.9532886088540207,1.0228395628446916,3.0207404296344538
1.3781496631106438,3.4100006753619603,4.699491281957154
3.1422191366447,4.444444993084867,13.965420109035989
1.9268706212821822,2.1422330569866106,4.1278059414470185
1.7581391872208303,4.103980373631045,7.215368718465925
1.9350633641685353,2.94083494864459,5.690701969188602
4.019035856696903,1.1154207186664475,4.482915863623082
2.9635658393501982,1.537551214459267,4.556634255422894
1.53673750456054,3.5027583786308383,5.382820169855678
2.918306353787585,4.1488442147044395,12.107598432646828
4.739292315996021,4.125218838619947,19.550617943673547
4.6160905875812706,4.43316346800795,20.463884157880642
1.5587544568919518,4.859180286685594,7.574268928712681
2.966955860398533,2.768084317432496,8.212783987683617
2.9860393963260172,4.838890873995782,14.449118784273837
4.0085685492021845,1.1069333442471487,4.437218189812315
3.14856626148569,2.040031559532176,6.423174540709046
1.4123402552580955,2.689176468060231,3.79803217933425
4.879542988528524,3.785327756048006,18.470669511306458
4.658804534973523,2.1789634141856475,10.151364635549486
3.213266419127365,4.8711241357976025,15.652219608959244
2.256458374729127,4.27887252121582,9.65509773489577
2.3971026976259675,2.926010062141161,7.013946613239302
3.7783373635510715,4.1691126587820495,15.752314131529968
1.2573598839349485,3.9166994819172256,4.924700805991516
1.3432744952630031,4.96813141896925,6.673564224216187
4.492154628978605,3.388126614866167,15.219988656536666
2.824931650373074,1.1051135695065932,3.121870299755939
1.956731063654463,1.7597522754964365,3.443361941800504
3.183612486927351,3.6968631888044277,11.76937981033984
1.170443032923651,2.689299698175007,3.1476720951726143
3.413663644214933,1.4758064713572416,5.037906897169343
3.487407338620459,2.5979823151333976,9.06022259140238
4.770981019683989,2.8475883420965684,13.585789932016125
2.47330462192857,1.7541282772391584,4.338493575551211
3.872303129932557,2.0982955397951395,8.125236386272244
1.0392750377996958,1.2072113783181875,1.2546246508338572
1.5363051605649853,3.3017737085963725,5.072531987534397
4.033836637868612,3.332673390699159,13.443460025452083
4.3033351471323265,2.042323417321974,8.788802143573053
4.328272740270773,1.1231725351742856,4.861397066615676
4.165910300312531,3.9335699336126413,16.38689950343658
4.074971932569843,1.440577058722074,5.870311080996471
1.148948399202442,2.172988513593851,2.4966516741789495
1.5799186494672122,2.5519778175364243,4.031917346952431
2.6108908509077406,2.353117761336672,6.143733634182421
3.7711337355909653,1.0504675168454427,3.9614534909183194
4.384657454846227,2.1676921476682844,9.504587535085372
3.851846099486417,3.9495933791908584,15.213225852193686
1.5323023558157334,1.5671972608158846,2.4014200547761444
4.962687574984367,4.912508031707739,24.379242570966905
1.800475352171922,4.718942293794785,8.496339288299144
3.675514165209187,1.5147386823557616,5.567443483588901
1.2294335002973824,3.71424759543062,4.5664204222214035
2.728642219861996,2.410828224008301,6.578287676863964
3.9220287748185605,1.8982852642243522,7.445129429101963
1.361305215660018,3.191296625861554,4.344328741503551
4.7273725129636475,4.022921067606418,19.017846476824953
2.2358514885509133,2.978100461194424,6.658590349215714
1.869415406150381,1.4809162329141339,2.768447621027868
1.3673365100869481,2.6890255011169613,3.6768027442320728
3.4374539923298824,3.6009924522286307,12.37824588126308
1.472549504493649,1.4378572770462181,2.117316020846996
4.4177840651862805,2.47532974047783,10.935472283564648
3.8860399738137015,2.784075175368729,10.819027421585272
1.3271437770347378,3.0194458204297328,4.007238730676868
4.987287189142294,4.699028622570862,23.43540525076062
4.71841074317309,4.09090707464267,19.30257989031677
4.981086160417535,2.122431682293345,10.572015079103087
1.4567595305254102,3.483291526042559,5.074318128160898
1.871589554784859,3.69263586616653,6.911098716741219
2.9996355510610733,3.7949438954108334,11.383448622956532
3.315196462438371,2.06035663176225,6.830487016979649
1.7420820173258025,3.7554840996236822,6.5423613163073995
4.803361196975885,3.4950456269553842,16.787966546177746
4.896125273292214,2.8038859058409713,13.728176647015813
1.7634985995108505,1.4249111010811775,2.5128287311841206
2.9254796730058246,1.2507641495562956,3.65908509525136
2.1074572336390442,3.125810448928034,6.587511841577893
3.119785457650695,1.6053645349552523,5.008392930381567
2.8443829996484777,4.018106903653171,11.429034967521265
2.9048913600905664,3.305757657785779,9.602866858655137
4.487992953168266,1.4513657152716752,6.513719102609299
4.924711425617771,4.533797780575114,22.327645731438754
1.3039966965547523,4.049001058484968,5.279884004611093
1.1138272577524653,1.1037282838251947,1.2293626476768513
3.6399863519598563,3.6054221354248273,13.123687366000333
1.6855079139041256,4.220899126508407,7.11435888152093
1.006037737707151,3.4046361565204863,3.42519245662184
3.8708595544010516,3.729184380125923,14.43514898793359
4.21748317039212,1.4946294461600433,6.303574535152477
3.360374030515053,1.275046525127968,4.284633230738482
2.9623793847053457,2.2966287678049744,6.803485716066696
1.1773075382784741,3.423164928552755,4.030117875155653
3.009307910249365,4.313319091094998,12.980105260261778
3.502493408805504,1.3471814141825864,4.718494023639787
4.584870330139696,4.643948593339257,21.291902120295134
2.7513441398601297,1.330607180896254,3.6609582696147163
1.9234194316311894,4.365178129663675,8.396068437126603
1.1083062025162573,4.702243411912902,5.211525539164278
3.7306284054440657,2.030063860837641,7.573413904106352
4.330814277035939,2.0689866097443677,8.960396748477093
2.2247811708878134,1.8558058317998576,4.128761871412119
3.4680358100876627,4.1293601256105585,14.320768788365505
3.638724490503058,1.0341687016768932,3.7630549821034625
1.093298993490611,1.4581860384194116,1.5942333281260042
1.999670711987084,2.6044434208365037,5.208029229674208
3.793065541508753,3.1437741478215497,11.924541390387965
4.999256052382303,2.079076794379642,10.393837247670023
2.197976446310269,3.515154841436283,7.726227546610459
4.698227649628906,2.1013473979565034,9.872608446555
2.927297044192651,1.8860136897039945,5.520922299177379
1.4538319802795256,4.217003621045902,6.130814725231094
2.9663801293794676,4.777783645658175,14.172722468954602
2.25643122059161,3.8395675224164987,8.663720031150163
3.7095962486377356,3.508082464470834,13.013569550112829
1.0789067087322164,2.1584533118045304,2.328769758591178
3.899594467271523,4.308454705961733,16.80122613385833
4.173831194384301,1.110612303694198,4.6355082780258545
2.632603317462484,2.8023789046069516,7.377552001055142
3.977215400565135,4.085520748893387,16.248996041827183
4.369371982302966,2.380742147791506,10.402348037647993
2.6771338039068677,2.3470699212327832,6.283420226265314
3.6474191187153573,1.809104486459229,6.59856229166512
3.3349673049252417,4.665257389113125,15.55848086175317
4.111511387520987,2.235306397517639,9.190487707992286
1.126652067750463,4.2079974899982435,4.74094907319528
3.7570977573126685,4.369712121496623,16.417435611776945
2.058588244064676,3.2369274270802735,6.663500748277969
3.382864809758495,3.2856079020955593,11.114767350663502
4.297810209443362,4.759533551184386,20.455571888468477
3.1415901500483567,3.19801035202571,10.046837821676649
3.6485491782430555,4.312338219773023,15.733778068058985
4.243176493832166,1.5700239088682482,6.6618885448642455
1.147206548121503,1.0146594329908925,1.1640239456404031
3.1322834484507918,4.597981028373219,14.402179871464185
2.7091217281415596,2.2062512108303194,5.977003092999043
4.0826123300652775,3.5304497547768223,14.41345769952779
4.882344918403735,3.030875654745404,14.797780351259817
2.6976116061799282,3.3434069038598033,9.019213268034305
2.066526390557101,1.0759765511623396,2.2235339385975874
3.5131987963309124,3.2822549414028286,11.531214109387607
3.120992965684046,4.123232207780639,12.868578716365272
2.832146261983409,3.347974696586902,9.481954022153634
1.2473778197707928,2.73644070559419,3.4133754412761306
2.581739342157789,3.309354804802355,8.54389149671715
3.299656876676163,3.761305479847126,12.411017491857304
1.827564361845654,2.104520883547066,3.846147365530546
3.688731354435076,1.2051972336741263,4.445648824132167
2.996052415733249,2.6640127046651987,7.981521699356235
2.2043311827290637,4.9265956298141,10.859848371495952
4.9047630054552025,4.327138453332822,21.223588605389466
2.685674243722461,1.674297713973178,4.496618246741161
3.384341392007413,3.0240526393321656,10.234426518901111
4.541014444903327,1.7302642253751577,7.857154840928057
3.4379448101759094,3.995212978559706,13.735321725186779
3.5403135310551233,1.7956133331074309,6.357034179743228
2.7851063199138264,3.5226843051917465,9.811050321450779
1.3043914705879684,3.8169781368494964,4.978833725127238
2.192162358331792,3.925436171230487,8.605193414605544
2.8954654391101036,4.087900473582011,11.83637453977854
2.7326614857457723,4.6374858295429835,12.672678917083894
3.9490066569646096,1.1748271658738294,4.639400298818618
2.5038888715366516,1.1750193391524335,2.9421178471441287
4.347562586912121,2.385747676574602,10.372187340488258
2.355466233518591,3.626977172060453,8.543222258531147
4.32828970139132,1.4888003721815055,6.443959318340775
3.392647489665596,3.475947069029177,11.792663097952323
4.368499985762705,3.8437059765674544,16.791229503910948
4.637434989770792,3.7957511724750046,17.602549299699096
4.810377113044701,3.848463078501655,18.512558713221914
4.1229177629689,1.940811587358759,8.001806568097294
4.099891190849172,2.508542620793511,10.284751792861012
1.4089208545565661,2.2645501125861176,3.1905718798110008
3.8497421095490605,4.0017082298496405,15.405544682581192
3.4994161593798516,2.0393825067514113,7.136648099282478
2.8086269022634873,3.8539837089897344,10.824402325953784
3.226403694722745,3.619071727890917,11.676586394333883
4.072208668653396,4.340891662120055,17.677016656170533
2.4526492536697106,3.7348103483128803,9.160179813387497
4.116031900171845,2.078084635230502,8.553462649865718
1.4815869707971134,1.0103373485963338,1.4969026517900295
4.599492594379411,3.5016594338030727,16.105856633816035
1.963892698613709,2.4996787353450096,4.909100817224014
3.1291168217935272,3.2934357342692513,10.305545157597832
2.665301795950586,4.627945601967747,12.334871724486252
1.3119238078963344,3.784526495488472,4.965010411045806
4.314178274570921,4.974879152959993,21.462515560315786
1.519567517384524,3.543694881083017,5.3848836328155665
3.0430861379901804,3.489494566778331,10.61883254475519
1.7491147274278425,3.5032867904211775,6.127650519529099
4.878247851972915,3.8052035868073997,18.562726223662832
3.5803920121027386,4.079617390785987,14.606629518405565
2.028950517345783,4.726413686286825,9.589659493981843
4.27698395069003,4.57777046372038,19.579050803274924
1.132538853519422,4.754846795294289,5.385048738203092
2.2058832496063903,1.9439297213041256,4.288082010636789
3.3149126063487895,3.7925679588629864,12.572031337269411
1.9563188325526624,4.233723972644069,8.282513939513265
4.184875182089004,3.7730531383859844,15.789756439534536
4.478634038387591,4.220299794187239,18.901178310447115
3.1700651452443465,3.689716413913647,11.696641399583616
4.169052633863465,3.8583563746353344,16.08569080605733
4.537055913785233,4.248840893464736,19.277228702426715
1.2040558539845438,2.3021089049473327,2.771867703511784
3.1267966380466956,4.385792166198243,13.7134802004402
4.713252591675671,1.7026141547993165,8.024850577731561
1.1914964573048672,2.7105152792011755,3.2295693526389138
4.232780198072749,2.4278626090731072,10.276608775325888
1.2088806729911235,4.636130220733255,5.604528221314504
3.374330705600228,3.8346556891383936,12.939396437264284
4.954137763791817,4.768017521587399,23.6214156621172
2.688621651513772,4.120772852327546,11.079199111738005
4.2150055795254,3.6732416087028303,15.482733875627286
3.3044171663914543,1.9444833705763527,6.425384229495216
3.4684658899106546,3.193000165297956,11.07481215981504
3.414753199940251,4.307170017639173,14.707922600420074
3.6444257024463864,3.111873711379756,11.340992536519611
1.1453363481340255,2.5142924443237042,2.8797105263226843
3.085080790258779,1.173474602300535,3.6202639534139407
4.494636886135261,3.002835434671982,13.4966549076707
1.7847986021547548,4.086083255636502,7.2928356829479775
1.3486392787532964,2.8417987752339626,3.8325614505935324
2.720910691922853,3.7421043188425847,10.181931651429474
3.1675963230845334,2.513490966002768,7.9617247420165596
2.6258514860149416,4.8776213574595255,12.80790928970331
3.863156127696797,4.971489781083889,19.205641211576236
1.0973512392687894,3.4001048686435844,3.731109291249882
2.555253958615689,3.123918814428142,7.98240591696154
1.6228056476398551,4.572247295030922,7.4198687327822315
1.2807237235150324,2.0971532793234937,2.6858739566769456
1.1459832841925812,1.0406560135208829,1.1925743960894206
1.8929429592594995,3.281379518615602,6.2114642564217295
2.650862183585107,3.0651539575880618,8.125300713036422
4.63264606294336,4.510917339545635,20.89748345330902
1.4670333393937267,1.74226854897824,2.55596604752821
4.469278370283147,4.643451734548917,20.752878400673236
3.1798939120874863,1.4139598714799537,4.496242387255109
3.6419797577625324,2.8194728686133503,10.268463115050482
4.55491945978112,3.5069983166649443,15.974094877996786
2.658093109700719,3.2031398650863903,8.514244004793825
2.5204095167764753,1.2597146135307469,3.174996700365294
4.733432383274984,1.8791263206347204,8.894717378356756
3.634262009332725,1.065014794294533,3.870542806281928
3.9388861264248147,2.2890000514850377,9.016110546180101
2.308478070379403,4.299866256607818,9.926146958943523
3.813739433705481,1.91054282295916,7.286312503702337
1.4872018683837527,3.126048820970651,4.649065647206379
1.8873558425062402,1.1182931124908362,2.110617039494068
3.9910705992767137,1.2282250345131036,4.901932824540875
3.8321991839953085,3.3859300958235714,12.975558550280248
2.519476329379426,3.5547625838753323,8.956140186637546
4.420396426852495,4.041482415975885,17.86495443076699
2.0875793869218056,3.329409830705416,6.950407333195445
4.941660031856248,3.401336643102052,16.808249344105512
1.3880276093624029,4.9376191902993245,6.853551760653095
4.5618315900867525,2.8369437080372277,12.941659426622074
2.3200159196869987,1.1403717684048398,2.6456806570608435
1.414254382092369,4.22307233718551,5.97249855875767
4.877941937380218,1.245921170920706,6.077531130303979
2.0882001662733045,1.9267379891347374,4.023414589276251
4.760361598295914,1.343108845671256,6.3936837712650005
4.231925585167923,4.174544182776849,17.666360333507267
3.404040827623094,1.2517131843177278,4.260882783891656
3.3284681476276083,3.1202578352593617,10.385678817046259
1.8575104466684365,4.670461156993335,8.675430389874272
4.430085808424716,2.580666429827402,11.43257372705645
4.4568231069600674,1.7241872077697096,7.684397388313
1.7882151181521189,3.3124363772617578,5.92334880773651
3.043453129859119,2.057541280004625,6.262030448444413
2.681081185821103,4.577367171664937,12.272293004546018
1.5040240945653252,2.113275039973362,3.1784165785634375
2.255468878871742,4.334155501332124,9.77555284944536
1.353901201868895,1.8907177282700394,2.559845004699633
2.9716917962229745,3.3216444966629504,9.870903700702481
2.7408731596029807,4.502447358001994,12.340637116073019
4.80869973111011,3.6661667611690048,17.629495118638218
2.490982965371847,2.0541860090354462,5.116942356212476
3.2449105971695302,3.4277292345544694,11.122674917433601
4.5118446416468,2.8874607821546445,13.02777445792971
4.4503971174152595,2.51664257343619,11.200058854384942
1.9515993456640102,4.38117994578163,8.550307915423714
3.2195988593039613,4.46327768194548,14.369963733548497
4.100073780886246,4.438931120050422,18.199945100478754
2.478521578188161,4.828428701221171,11.967364724719708
4.082534587024069,4.1448922391705665,16.92166592590148
2.5968964517795006,4.862975596612104,12.628644071932273
3.2079156263064754,3.1751119775199084,10.18549132795897
3.61174020116495,1.1968256876078702,4.322623449720229
2.154162642112626,2.404859304119806,5.180458072471852
3.279468117691411,1.5568971549035844,5.105794582030771
1.203925431715283,4.892141634509331,5.889773729338956
1.9688038059416724,2.899885767799549,5.709306136439841
4.677115071783181,4.601970643793775,21.523946257991614
2.7448153878550117,2.59132338867908,7.112704312154932
4.818729968873182,2.89832096374648,13.966226087418566
1.6372000562542564,3.557259437499326,5.82394535118488
2.961077511434754,3.3070604325709256,9.792462275841459
3.2103686932622733,4.281259604306544,13.744421801394155
2.117133677763624,2.4756103490674084,5.241198043030771
4.586098927238382,2.8948618974447835,13.276123042374788
4.485704402860396,1.4007976050055233,6.283563984289573
2.828492133197628,3.71997578088017,10.521922231905263
1.6030195762789026,2.722371904485959,4.364015456802671
3.2047624241592,4.316175971389738,13.832318569168665
3.444978873891563,1.862552589096354,6.416454320948972
2.38281484345332,3.8390664759549593,9.147784583909505
2.6877238443499945,1.0802178929966901,2.903327388100715
3.296918957291629,2.4956855321086584,8.228072942247483
3.864298801925567,3.3318760257594118,12.875364534506614
1.2642319605359988,3.390006199550683,4.285754183887151
1.098682124908672,2.2419208096814027,2.463158319057734
2.158720913002147,3.883658366872305,8.38373453552301
3.132319939810755,4.106106120260121,12.861638075469752
1.0526380891987572,4.329447240019082,4.55734107002052
4.547691494666367,4.6877728699352055,21.318544809532078
3.30615329106283,2.9470331481351075,9.743343341578138
4.990769991407122,3.708931701073378,18.510425033895586
4.564107831026612,3.471151989211211,15.842711976642489
3.2883397247061334,1.8190224121492204,5.981563658001054
2.9713870568951455,4.261195436456069,12.661660966786226
1.7173671961221935,3.74582374196849,6.4329548169123685
4.318469815047836,4.36162069785939,18.835527328393653
1.251011699626988,3.906920928081357,4.887603790547308
4.124864239417395,4.7934190271683725,19.772202729709736
4.316597174892037,4.991914229896498,21.54808286207458
4.324430834486467,2.555874562357131,11.05270276653678
2.9130623664430377,1.5018436093294083,4.374964098620479
1.3099791270586314,1.6185184579187433,2.1202253966326774
1.2419185355304383,4.325702659880047,5.3721703124983495
4.91298942733072,4.183705516541525,20.554500969833718
3.7044984139507915,1.3380959048405234,4.956974157195768
4.4346010194767285,4.6805258378142405,20.7562646520582
4.396016368382546,4.06153980502677,17.854595463734938
2.0841867371212777,1.0270654828703019,2.140596257553344
4.815072208583403,1.1977526533021727,5.767265513672323
2.3410956756772325,3.997414302446352,9.358329337347476
1.638839337379573,1.5680403092324724,2.569766141367006
2.7645381810840544,4.866537154974881,13.453727774592226
4.942959677088837,2.291224299884127,11.32542932549334
2.591547243187487,2.7103123507124653,7.023902500665886
3.1124059888326365,3.5656645522620676,11.0977957066287
3.102493185264817,2.1202419306859013,6.578036141065728
1.8854971986561506,3.843204372622821,7.246351078443398
3.4946770842224857,3.8566642123936354,13.477796044593
2.7922324433754686,2.7469484945526053,7.670118706771186
2.833599853207546,1.2424968916427273,3.520739009769664
4.771914085529906,1.3167792541001178,6.283557470173915
4.381273283849744,3.6761073578253245,16.106030955403565
4.525275338281909,1.307604431432142,5.91727008578801
4.395368589972909,1.6810003025468698,7.388615929549469
3.013372974407126,3.8138366713156815,11.492512354145507
3.4889749197696305,2.445150730713748,8.531069574516653
1.1034982436631369,3.8908917973541373,4.293592264663596
1.441276568591403,4.49436876697342,6.477628394447826
4.310770536039371,2.3598134857404753,10.172614444878405
1.0258006291652237,4.337229814759937,4.449133072814909
1.2586424036304118,2.6334966451835116,3.314630547446401
1.2163362216587181,2.105962306198795,2.561558234477523
1.706926691216664,3.1787323505161855,5.425863093329962
4.29507659147318,1.3833226412991069,5.941476695098644
3.6945859820036895,1.8719848932212884,6.916209145018046
2.3671899892861905,1.750849452076232,4.144593295702069
3.2062163667849006,4.091496820315836,13.118224069945013
4.988916617933971,4.255115216213215,21.228415013389814
1.5261046515573553,1.230769004433515,1.8782823026586024
1.1129590891839851,4.279308110101099,4.76269485655576
4.4330406548911,1.5922254986585735,7.05840036730771
2.666432095219482,3.9145387794973097,10.437851839632925
1.1338286373340245,1.642361406912923,1.8621563960100709
3.6981043850964794,3.8686209145599135,14.30656396840997
3.5999444920591763,4.051312743684777,14.584500997237162
3.6370227600741916,1.2285321613396665,4.468199432275505
3.698586237416486,1.4836316683221806,5.4873396698516785
1.4852834509507518,3.9617375916411035,5.884303281874018
3.5754926025328966,2.2045997304536256,7.8825300277829555
2.797210781760193,4.178959551485041,11.689430713953698
2.4226815405004545,1.0936585238242884,2.64958631728008
3.157516865672985,2.7641871537455436,8.727967557828158
4.406991765598534,4.388078413490591,19.33822543505371
1.968810365955881,2.9113462701079817,5.731888715475585
1.1715351851317042,4.907142582679981,5.748890194067661
2.2899736395420445,1.3029277016740308,2.9836700910626317
4.012999854863589,2.223403846335301,8.922519312646708
2.584275768095729,3.456655467024437,8.932950962086878
3.5284833799638573,3.0070534866273775,10.610338250227072
2.6058045107593846,1.8784348474102486,4.894833998549242
4.495010305870904,4.403422266868372,19.79342847067475
3.1424433311737023,4.137824087116728,13.002877708129875
2.4183282040950655,2.7334025394499912,6.610264454296989
4.743123949225097,2.46986665078997,11.714883662754287
4.256108411759138,4.9909096416477485,21.241852508146767
4.405348601959037,3.3091891546786303,14.578131816181513
2.724546344672275,1.42127251804635,3.8723228438263426
2.2138258720674306,4.894166834589084,10.834833160627676
2.9066351303594025,1.0722583437311863,3.116663770710054
4.645058764937733,3.0218655779671235,14.036743189399816
1.2402510795970785,4.153265077501701,5.151091496224328
3.387175452652373,4.880228255436533,16.53018935015514
2.3500407658839726,1.320354195065787,3.1028861838105186
2.127308261009435,4.398468275499499,9.356897898258008
3.469879684671945,1.0955253781154486,3.8013412535653464
2.616500440979702,1.3786066288929848,3.607124852436035
2.2322910339135396,3.1065995378087754,6.934834294210475
4.701815732893928,4.0486656022250305,19.036079625768117
3.888228603714361,1.053714146281865,4.097081483711606
2.7709561778709504,1.2755050332499311,3.5343685517893886
1.187165384918321,2.5838147465891645,3.0674154281921595
2.980664514629346,4.352999718432152,12.974831792922249
4.529500328362348,2.455851127940044,11.123778490413471
3.544400948278836,4.6144344039660385,16.35540567718771
3.8013395743545964,1.415359066581309,5.380260431717112
1.1042098694970641,4.8381471193734065,5.342329799290906
1.7111586965113106,4.841456069762314,8.284499657551255
4.7559056499675005,2.3933079408572766,11.382346758035206
4.48588059809998,2.060580601010465,9.24351853889404
3.876793359965714,2.8814200820925873,11.170670241528404
2.299249243151184,3.1544140865542314,7.252784201095251
1.1974429803644,2.5220096628563,3.0199627671984635
3.9876457269555408,1.2145151355112178,4.843056090444137
1.2371301708265072,3.72696433598945,4.610740025646929
4.81739316906469,1.9615557563777037,9.449585301513471
3.36718218366214,3.7904537975317383,12.76314849504337
3.340808007871199,4.044085948237515,13.510514720391281
4.17754057907233,3.2521192047991994,13.585859946029093
2.579555968610381,3.922390243597176,10.11802516409022
2.6237413779893957,4.75358805669863,12.472185678276398
1.0924178906792408,4.704642861143897,5.139436030769964
4.961463137297919,2.6405265485666627,13.10087513377
2.492492421687998,4.3365402998796405,10.808793833794601
4.324505447012799,3.18413762128945,13.769820487304601
1.8661671727094236,1.8805117759132024,3.509349344102718
4.917196112264128,3.2093898064744706,15.78119907913639
3.187685067619672,3.0727219070782374,9.79486974014114
3.2896559957470783,3.003527255813114,9.880571445475379
1.9406311290210172,2.9794730749388556,5.782058197306313
2.3336503403909474,1.8815860270243276,4.390963872440173
1.0754574638498497,1.2067710577547626,1.2978309412203375
1.4302321738796104,4.9039757897025,7.013823954359186
1.03049786897952,3.869645810594434,3.987661761523091
1.4962601517643974,2.2921875029098904,3.4297088209764075
4.915329789599177,1.056675760353365,5.193909842812256
3.523428906076634,1.9682611443752767,6.9350282107993255
4.439153508901356,4.681458134091917,20.78171130272893
1.112492984275351,1.0453154125312736,1.1629060627959362
1.6620626536054286,1.7416632834354369,2.894753498553846
2.4896063370178014,4.472176769621274,11.133959625912926
1.0426487659921095,4.133622707767031,4.309916615330257
3.299001253468307,2.260929676969318,7.4588098383254735
1.364488326634031,2.5713897876203244,3.508631348433893
3.9377175365300308,4.269871865143371,16.813549322111243
2.9752313949296716,4.0896619796987626,12.167690716649991
3.244662695131431,2.0265370972747863,6.575429319827435
4.176574354399655,1.07087744078415,4.472599255884216
2.909056889578143,1.7275629573862572,5.025578923364483
4.034723346546075,2.5520162919662503,10.296679713962174
1.1770973615688005,1.6070593848043417,1.8916653617375703
3.9621334223760605,1.1901125985177083,4.715384902977834
1.0234913424160528,1.42173799613029,1.4551365302232995
3.1021070752691164,3.050072467014165,9.461651380008169
3.042512660869272,4.261693759622188,12.966257220398077
1.1026398347284578,2.6415873907615564,2.9127194839701005
1.6633280186831798,2.0651857725153904,3.4350813592107166
3.260556836421394,3.276838589865278,10.684318466034673
3.3811239775885333,4.396892079337332,14.866437236316555
2.2696147652594645,4.159365078459966,9.44015639617733
2.846260815857888,2.8355669282512554,8.070763038624063
1.254502666568254,3.403591294963451,4.269814355440146
3.876070511116772,1.4758102897794099,5.720344744216669
4.412534989492575,4.304255290723091,18.992677074024176
1.7618727620448795,2.2437045084106644,3.9531218594460458
2.1031514342417843,1.137131090451427,2.391558883803843
1.227221318114299,3.058711043323767,3.753715398318556
1.5356805793727735,1.3582878677105437,2.0858962996407366
2.6237587315107405,1.2579675717391665,3.300603400308002
4.206647164557232,3.843628719635709,16.1687898550663
2.9149174421866384,1.293365943438439,3.770054947658883
1.737516086376087,2.8411387623238897,4.936524303164404
4.412290245738749,4.330738310063818,19.1084744023417
3.4167198021678815,2.7347331425997705,9.343816881965436
1.2925010172649518,3.8137150408384675,4.929230569842367
3.823127244398622,2.048121108831264,7.830227611000721
4.591569508716064,1.7160815897403232,7.8795079019206575
2.0618970357580766,3.072346048717339,6.334861210673321
2.2134587128454872,2.350006875591639,5.201643194025114
2.144073687861943,1.0960909911840306,2.350099853700197
4.018436230858857,4.245879431085218,17.06179573773123
4.670758804445113,2.015263021290642,9.412807499965927
1.1584153797455627,4.6431975335333755,5.3787514340417255
1.4330367341521413,3.394143694324783,4.863932594958271
1.6150332799903895,3.7388903226161165,6.038432301259032
2.4711532199960007,1.8541764051175704,4.581953993946893
2.1338338597567317,3.8919120119724404,8.30469363034074
3.145799245862501,1.7351583142030615,5.458459716272039
1.4083409525576873,2.3884599252272176,3.363765926240362
4.364013103787787,2.6533878008730913,11.57941913244083
3.5838737425831453,2.9165593235749068,10.452580378446168
4.910276995864905,4.2299223918594855,20.770090615041486
4.260958153941294,4.9482078695785425,21.08410666927717
1.4232189457247926,4.1690645307166765,5.933491626065216
2.6588318640216286,4.7683410138108,12.678217026041352
2.3976532309492606,4.039213210297351,9.68463260416238
2.07207917693201,1.1875158418828469,2.4606268482423324
1.2342325077800842,2.7793080745239798,3.4303123747131687
1.0780964519423875,3.0346611546596414,3.271657423685948
2.588701215902802,1.144626223871232,2.963095297489691
1.8072571603784557,2.134407900500471,3.857423961347823
3.6815245347780903,2.740781210370093,10.090253270436287
3.3426710074065737,1.244587310569048,4.160245919225278
3.612384603735016,2.110072577107691,7.62239369030729
1.5944814119133075,2.1554168818336907,3.436772153007962
3.2252717314027874,4.4249231205819015,14.271579454443415
1.5655221465598341,2.9068339852774447,4.550712980324622
2.3240857284416965,1.7080397615437333,3.9696308334147488
1.3318947739464386,2.266194610751502,3.018332758805509
3.408781995953911,1.5719578567055716,5.358461640336251
3.9900227019898513,1.1809560585332508,4.712041483600126
4.979377630342688,2.191539488301461,10.912502704060957
1.3772513226041525,3.5733591592318716,4.9214136281917575
4.150737503143782,3.593229672416898,14.914553158709866
3.340778194781933,2.0075326184407762,6.706721197000424
1.1959720312138642,2.0713145827935344,2.477234308866481
1.908527641640752,3.869741460546833,7.385508543456886
2.5700382972131086,1.952445745796962,5.017860339929002
1.429714425023675,2.1277143205336095,3.042023856396349
4.291730200874213,1.2917625396895978,5.5438963039438205
3.422809972243404,3.493436072773108,11.957367827282628
3.566972965443818,1.4141398635300448,5.04419866256808
4.349290153827445,4.3571155250458045,18.950359652170416
2.436849309656698,2.429877684528134,5.921245758092599
1.0120273259315438,4.871368511902157,4.929958048727463
3.4749346683493507,2.909206998367026,10.109304256030132
4.70064140189551,4.156021586728269,19.53596713774637
4.108517876928522,4.558586334765681,18.72903344990687
3.424692973205238,1.5125159511764315,5.179902749854762
2.128682861636029,3.038467502907692,6.4679336990776255
2.1398589509925596,2.9207429126000526,6.2499778650753015
4.05277574351076,1.8991221447595548,7.696716162245654
3.30475930078517,1.7242137327404126,5.698111369815393
1.4418015597810472,3.00176449518221,4.327948731249078
3.485927678000886,1.7810750120751857,6.208698681188652
2.833685602307873,3.107689428253301,8.806214789285765
4.078248273297559,1.4173149556869937,5.780162270749289
2.242273393690259,1.0221271657476931,2.291888548724086
3.0455865420781434,2.9299784079640436,8.923502807874835
4.724510065710386,1.0394071701043552,4.910689637529574
3.3095456861115355,4.292609974612445,14.206588823637965
4.591753484662476,3.9016773140620344,17.915540402872878
3.0604553658814795,1.8377537552292238,5.624363341360117
3.88859981237758,2.1066489949060188,8.191914886336962
4.9790107031777815,1.408819022265297,7.014524990699371
2.0934864475970913,4.152770679217154,8.69376913691968
2.097124293259707,1.9935839784985343,4.180793391962614
3.9929835038949424,2.708167947613459,10.813669940597563
3.2591485936860636,3.4038635518882563,11.09369710823586
3.241023745844222,4.22310967589938,13.687198740894388
1.2054437715346338,2.9572168094076394,3.564758583977961
3.589800169840729,3.9172865186055583,14.062275809805032
2.084472190392865,4.657013581615338,9.707415301159045
3.3984989803454155,2.8649951976285912,9.73668325783528
1.474460412139646,4.997742126287836,7.368972915294034
1.409217762871355,1.852551532198703,2.610648525808957
3.2605717515567054,2.318096278394048,7.558319242720361
2.3125212421529158,4.399175976312477,10.173187893191395
3.3334025290328517,2.7157961708789817,9.052841824345732
2.207457469057769,1.9769404627445328,4.364011990367941
3.76538710395191,1.9526550860630185,7.352502279527797
3.170014940133347,3.0251212890178887,9.589679681902155
3.391998773135064,3.6216790790442643,12.284730992807074
1.9841862835545503,1.1928099878962306,2.3667572168705697
4.071231799444881,4.957711213156441,20.18399154346696
1.719543002501244,1.4116169327612034,2.427336018941796
4.136993395615476,2.1696601751584437,8.975869815360397
3.9100106683677054,4.641572251159197,18.148597020031964
1.2043574469313558,1.6780199286502961,2.0209357971692063
4.324427952354276,1.0899252326298665,4.713303141960832
1.9037217607180632,4.430039852793678,8.43356326861157
3.725050597020076,3.11292245290619,11.595793641675403
1.7484262139271163,4.8909356493966225,8.551440100035698
3.004756358717503,2.142887294906774,6.438854225386078
1.5599881649662382,3.1728158596644804,4.94955519069377
1.6899309322468201,1.1367445886583525,1.9210198424379377
4.901282260095342,1.179193774659228,5.779561528952138
4.476529685816123,2.7748403617855395,12.42165525293372
3.9337362061724903,1.406743927958253,5.533759522222685
4.182620418493685,3.6144076758176817,15.11769534563534
3.929169250945173,4.003879754410727,15.731921215512541
1.2538019790939408,3.256428421333578,4.082916399445797
3.75072568224518,4.17326794962948,15.652783277565975
4.200409029409651,4.960448147144421,20.8359111871838
2.903319246260989,2.2519210095237554,6.538045608009795
4.323848771695353,1.761906783940633,7.618218483583416
3.57327655449238,2.3509230062593964,8.400498059683443
3.967771775199162,2.6884287815624632,10.667071839116614
3.0899998538303626,2.008201031612921,6.205340894145909
4.703315984879312,3.8691184718049674,18.19768675583212
3.5955620782424105,4.478255773281164,16.101846635079895
3.988626557366974,3.453729420237673,13.775636887519624
1.9890789001430562,3.9589076923585496,7.874579758484429
3.8590803072702036,2.8088731575088355,10.839667087762225
3.8389097792822304,1.9030799976009511,7.305752413546695
1.689107135334888,2.996103313801394,5.060739485542438
1.4146494821681088,4.907102028088843,6.941829342981959
1.8392002543828951,2.1587938406619265,3.970454180905642
3.7553347781979647,3.8259603023824176,14.367761783541495
1.8509653132840223,1.493100055309558,2.763676411640447
2.245777725263631,1.0118792678688115,2.272455920435848
4.009637931777728,4.75917764758387,19.082579219820985
4.230267025457522,1.6747882352184842,7.0848014460689495
4.338852884599882,2.9447006377844773,12.776622856534292
4.205192684442061,1.9527776785736513,8.211806408279667
1.5200357165064116,2.579954239671606,3.9216225912529836
4.304417667639784,2.7016931813101497,11.629215862173343
1.5774571898343637,2.7500343386024695,4.338061439719854
1.9450281716276159,1.2755941531737482,2.4810665634864124
4.169932895982895,4.030286960281476,16.806026175928636
2.3188073505631963,4.316998949209889,10.010288895801486
4.1930646502892746,4.583849599180466,19.220377716566272
3.5189918763508206,2.9899045887086073,10.521449958729631
3.0770924781330096,1.0159584074896615,3.1261979737824284
3.225242543591113,1.3378828982830915,4.314996841885608
3.7591072426963668,2.796089422662274,10.510799999956456
4.930247599047744,4.720525419009622,23.273359113316037
4.857486279082084,4.659388327084429,22.632914867727838
1.629012749606419,3.2555144910575273,5.3032746124611645
3.963159127438185,1.2661258883983582,5.017858371091734
4.569587058560658,2.712364223467284,12.394384453659029
4.745802579789897,1.0030988645430532,4.760509179132739
4.87564508639403,4.549749816703143,22.182965338130817
4.081892862386814,1.8133459760866066,7.40188399682577
2.7406935474672856,4.523591329657853,12.397777568572236
3.7896199583110097,1.4192441175018997,5.378395833400695
3.899203880235436,4.810141371254941,18.755721899278267
2.4367787151739773,3.7796350293997096,9.210134190767182
3.6290851663724206,2.374223935419744,8.616260865678145
3.8462022989932683,4.155591556606055,15.983245798695222
1.8197069287919012,4.322954002259868,7.866509350760962
3.1773022599950114,3.8087712931306275,12.101617637468065
4.391876174342431,3.4113269631162244,14.982125612202067
3.661235354707867,4.991277975734161,18.274243389932625
4.0819097149950405,3.4152316928488005,13.940667425998477
4.6649800050716514,2.234346299473222,10.423180811448418
1.0369670906694908,2.9939476388223967,3.104625172646452
1.9190828114589435,1.3173006591976106,2.5280090525896703
1.9094750781150296,3.1245360554336323,5.966223728522362
4.043997190750634,1.360837467668643,5.5032228963201995
4.279270113459765,4.008108133235266,17.151777346068684
3.2153858597261493,1.8923311592695669,6.0845748514345575
1.6247450496272102,2.214210116252267,3.5975269252153605
2.205266970604095,3.9064246712016586,8.61470930055398
2.6629815644982924,4.806419170955416,12.79940564350544
4.520723608105692,3.514682984032145,15.88891034092148
3.414233892881807,3.3732704952653174,11.517134454793046
3.4408566535920913,4.397650456329265,15.131684832832846
1.6639798732049917,4.475767337429152,7.447586766630403
4.904702434790966,3.057679849277069,14.997009801560514
2.232073345965925,3.292638510686369,7.3494106576039835
4.156149794711899,3.2542923154557197,13.5253263388138
2.068094960295195,2.630127691970399,5.4393538246968145
4.1555967167131955,3.908498143342455,16.242142051753525
3.5137004897786026,1.8173527285867603,6.38563317253578
2.0224494280799683,2.95145379592443,5.969166041571815
4.5277768921745265,1.0877030898687843,4.924876915854714
3.2862369519991472,4.188223444798686,13.763494647526601
3.8023502783873333,2.1973882502454454,8.355239825045825
2.807841592917229,3.195005954879761,8.97107060972962
4.979423140115634,4.8270745928065715,24.036046926485295
3.7736098800129385,1.1757227060152249,4.4367188195746
2.2210433372474134,1.3654545551388058,3.0327337420051754
1.6948805949824504,4.402185172519941,7.461178224423518
1.0509748792077267,3.4234233373243317,3.5979319284213522
1.334014401679469,2.757780067786263,3.6789183270914574
1.3416434918766154,1.6976480320183391,2.2776384336545488
1.8551987775631908,4.6680474026096945,8.660155834928533
4.547411450861269,4.599659284737902,20.916543301477486
3.4162738609664314,1.7603613340381363,6.0138764113304815
1.5247373019841448,2.7756440997157967,4.232128095868875
2.465880915953559,4.613450236932836,11.376218895954107
1.4757135162141677,1.4332898951094326,2.1151252708661765
3.044020895794607,3.727486346243068,11.346546326752991
1.7858300730442966,4.29112329777662,7.663217032310505
4.906270792142567,1.3627398336208327,6.685970642983112
3.0041096677640495,2.6276042679588114,7.893611384433144
2.1846388222202098,2.500452490247351,5.462585583311563
3.9544085707893863,3.3459805594681784,13.231374202055632
1.4644136476069707,1.8169496788154316,2.66076590667242
4.222340608988153,2.9244778456161584,12.348141567631293
1.9719149730004135,3.3944425039560024,6.693551998539856
1.5658118855525847,4.949951426712081,7.75069277685375
1.7209480784248332,1.9165035401439883,3.298203084705187
3.331572941302726,2.191594206172794,7.301455955601109
4.518253258628823,1.8831876357735098,8.50871867194317
2.830592734788331,3.832554179103294,10.84840001505244
2.886944381923509,3.6638979136415384,10.577469497728705
2.1152254978946567,4.08301599974464,8.636499550971704
2.2393574077729292,2.1987678543928237,4.923827082707559
4.97408900628421,3.6218890959126386,18.015598733959713
2.1112846844966797,2.8559658741259524,6.029757009487295
4.749643517623584,3.934877183113261,18.689263905418848
2.2897397720601016,4.479832060586747,10.257649641275433
3.8968494363335737,4.3656298779525535,17.012202329140415
2.031805131675664,2.468357077079771,5.0152205760186215
2.1097844293783727,2.519876776047193,5.316396786056541
4.7063523795755255,2.2778303222689176,10.720272157479606
4.190429037106107,1.8063535784919837,7.569396486593333
4.503124984687802,1.2736902799043506,5.735586522191281
3.500491974189836,3.8186564891065418,13.367176392305387
2.65062747239521,4.37298736710804,11.591160451693769
4.324308874970619,4.187790571181662,18.109299933479136
1.2500479489129757,2.257784264325286,2.8223385887078156
1.1306815482715842,1.254469562044147,1.4184055866716523
3.7708478713246363,4.793690941290938,18.076279281755127
1.362551816092513,4.385091909630459,5.974914945199568
1.1267801322761835,4.086907390310792,4.605046049854906
4.343109067607861,3.9238366724572122,17.041650631961176
2.0217659027701083,4.171956194475838,8.434718781841788
3.4620176212969493,3.2239508384318367,11.161374612846092
4.98877883441634,2.8567208452510466,14.25154848862438
2.0496306518273877,3.369779637185184,6.906803634278527
4.593439087500219,3.487137248257914,16.017952539625856
2.6765674165177136,1.503292209495287,4.023662945440005
4.045434223594706,4.567365178836271,18.476975406119003
4.617993705530781,1.1291634689276204,5.214469792023053
1.5958184130962243,3.8353550857671053,6.1205302666293955
4.622219722195693,3.6732182316001483,16.978421754030993
2.67454865263103,1.552929335513884,4.153385061929859
4.371425179654634,3.7086776932677012,16.212207051573895
2.434885888226429,1.7699516654168042,4.309630332966242
4.466640102259448,4.204106747559553,18.77823179282904
3.7736456076881586,4.638485905284796,17.5040019628014
4.507351433256031,4.911649197411623,22.138529049604113
1.6634315352170406,4.857087843386196,8.079433088007926
4.872044820874257,3.5243496553845866,17.170789485466447
1.845438518955953,4.630128839272867,8.544618107722966
1.914113345177915,4.975987715912776,9.524604492470017
1.9015241688098317,2.936374412538755,5.583586914117213
2.80911015602917,2.8452129629857903,7.992516630389231
4.570638054593271,3.374555874905822,15.42387349919584
2.3959590385774505,3.6131991032435256,8.657077049596264
1.7090863307475113,2.238559788121631,3.8258919344397246
1.173333182477581,3.5235639397898253,4.1343144911368395
4.558010486690206,4.369445425236324,19.91597806924771
4.344670111534246,1.3324114630695774,5.788888259864008
1.6975904616508588,1.5785082042432133,2.6796604711609047
3.78707535271683,1.3336930697417282,5.0507961525081475
1.7497206195049344,3.118880990008779,5.457170378000324
1.5587031592280218,2.4489921721503563,3.8172518356554557
4.547685597117345,3.3615253487772976,15.287160412979377
3.6309015714159916,2.9579862198969464,10.740156814050671
4.763575526780024,1.4132918828639505,6.732322625407575
1.5514264985719972,3.313229752572842,5.140232433998649
4.688396727883591,3.9846021844581854,18.681395843531565
4.502778990556442,4.2973246815272805,19.349903291580695
2.2250514904738314,3.5488102164439415,7.896285461507352
3.708891309508675,4.571541845587056,16.955351822153084
3.8901657469164688,2.589328663294528,10.072917673457379
4.115963506688401,3.720687713279413,15.314214847641983
4.815111653749252,3.710135520277659,17.864716780678
2.422545091130382,3.30824713796095,8.014377864313435
4.229145844361497,2.8542443547187344,12.071015651550999
3.323425959567724,2.9033616756994074,9.649107563033457
4.388210069068201,3.1320380082822834,13.74404072464863
2.870496272121526,3.0207843865466195,8.671150320464982
2.2003956455768185,4.8631874960018475,10.700936589826098
4.854733073678263,1.9049353633362829,9.24795271160797
1.643897941764032,1.7245658886709423,2.835010314822621
1.1539615705707824,2.364659582573974,2.728726285772314
4.537244189329856,4.904201102012418,22.25155795341092
1.4039928532482735,3.1442244935633954,4.41446871797118
4.1135799925861765,3.868646751308821,15.913987874567475
1.7456990650947315,3.5844984419673054,6.257455578975847
3.1468611885213233,1.528622972446715,4.8103643038746675
2.3747945836612643,4.166489138929505,9.894555840013272
1.3634088929448822,2.764247158652879,3.768799158404958
4.459989101643133,3.3400052152623845,14.896386859501462
2.199032764045331,2.976190133779107,6.544739616208712
3.0046892762088833,1.7031591455810524,5.117464020404473
2.59397082281021,2.2413273870601182,5.8139378463993925
2.3194880026084603,1.4860350899056587,3.44684056249136
1.917165371362341,3.1086587446117067,5.959812896552291
1.4724559883639783,4.213211755829051,6.203768880115998
1.3626272005216125,3.9928526053310693,5.440769567697702
4.672219386994902,2.948475217587794,13.775923073687704
2.026349576048445,1.4499237158501939,2.9380523069156266
1.4251158725270838,1.6186562803018587,2.3067727572238272
1.0445730699077047,3.550055761863441,3.70829264551323
1.8805134407368116,3.157169523090313,5.9370997228559625
3.9698259742984394,4.814471718907991,19.1126148822462
2.578300647406169,2.7318967943918833,7.043651273627431
4.7878729763628805,3.038970606110743,14.55020524095875
3.0002671547928745,1.6565252691609995,4.970018356148173
4.127371022631976,1.4971386644235243,6.179246740403593
4.566918870538657,3.15609658146331,14.413637035127339
1.0589578727664462,1.5794429231587723,1.672563518064231
1.8063530261262484,3.514592267630897,6.348594378234984
3.86927513617742,3.4921957699417523,13.512266263299583
4.592755668535803,2.0959313631832432,9.626100649121813
1.1704357644337815,1.3037212645078289,1.525921994832797
2.0752089362068236,4.697131364696212,9.74752898255493
4.022370270105836,4.658837348400617,18.739568843465346
2.802804546230588,1.2437808419657492,3.4860745983761103
1.3340722998792973,1.529186807602684,2.040045761363593
2.5747708273367005,4.3198984424336135,11.122748486635318
3.1321543678262302,4.191835646676433,13.129476329947279
3.229226546526974,3.2705902254131307,10.561476778715722
2.5001791048596647,1.3029123222361925,3.2575141635191107
2.6026772746261058,4.4200922652737376,11.504073690578581
4.033196399223442,1.9454921102571179,7.846551773806624
1.3225440735938734,4.403641711145822,5.82401024730669
4.835841770874202,2.6608292287373816,12.867349129491217
4.795143449570517,4.396352141678671,21.081139174175792
1.6828642789721626,1.167793471887935,1.9652379190570883
3.228039995301723,2.3118272050171544,7.462670680021971
3.0156012218195802,2.949163196516588,8.89350013876076
1.648352879559451,4.6271367621349775,7.6271542059805855
1.9922233679526147,1.6679663744008026,3.322961588040479
2.6459156609545853,1.5480781638483467,4.096084258108159
3.3117701324207047,1.8285498867902943,6.055736900713358
3.6992987538540754,1.3570874974021945,5.020272088010883
3.8221329229956726,1.9251478039244456,7.358170803012442
1.2169738485278496,1.6307457115173576,1.984574884515565
2.0077629483083452,4.07276914042336,8.17715497715565
2.2311833971326136,2.9587229371958035,6.601453494186718
3.4227300592901324,3.789349523816921,12.969920520324925
2.0252725352751284,2.1099750135335724,4.273274445026312
1.1628556674664043,3.872997762544679,4.5037373982597835
4.2419839207728085,4.063212318454763,17.23608132157111
4.438275476571702,2.1412326352490805,9.503380294660994
1.6697433725619395,4.641563684857458,7.7502202011149155
1.7700029802891555,3.5101335128539897,6.212946778964405
1.1663907604861863,1.5822986816410203,1.8455785625955596
4.013400881734137,3.4732113399390125,13.939389454160237
2.526604663796287,1.3400719423869787,3.3858320194574896
3.4289635692257416,4.94234701647592,16.947127865967467
3.0688194405609215,3.9218045989245542,12.0353101952609
3.7806390141309376,1.4848543516995014,5.613698292337236
4.35050214058192,4.9259408338054165,21.43031614185035
4.585207779430895,1.872726643751533,8.586840775677041
1.3637309583922392,2.790475677680856,3.8054580702939473
4.379564325869021,3.2424476542099274,14.200508074875488
4.051161377474068,2.550974859516386,10.334410825780118
4.50393499378295,1.5366369821694001,6.920913076733789
4.6918660985967575,3.622633381428933,16.996910749971345
4.917565110559223,1.6021597641523924,7.878724957737598
1.3469142127650406,2.9285850470092916,3.9445528231079896
2.4578322607704504,4.8572017876214195,11.938187250687827
3.8311810608797017,3.0443040732374205,11.663280108946138
2.0738566677452988,1.3825416097348615,2.8671931357839613
4.659912708756766,4.342680434681548,20.236511747641906
2.1444063484957936,1.8704591866482012,4.011024554450681
1.9700593420656838,4.163293619202735,8.201935488272799
4.737628905443971,3.5078002118421794,16.618655678145995
2.147677475204321,4.686520150993111,10.06513376537906
2.1451036235229264,3.3069728891242365,7.0937995273524805
2.356026870471627,2.9456371898971483,6.9400003700582165
4.890394635361734,3.586720172961319,17.540477092393743
1.5411034689052285,4.376642735577143,6.7448593019568035
2.94125573588338,2.2053992154179958,6.486643092260886
2.264310703393888,2.470897161081265,5.594878888821881
1.5462680567817513,1.8582304120616757,2.8733223283113603
2.623122676333728,3.3574888472686424,8.807105130807965
3.568859718326127,4.824915120374024,17.21944521744551
2.8414725875399984,2.678475935828387,7.610815948041905
2.2186437252793034,2.942733116186193,6.528876363398108
4.5482613024707526,4.491528668380846,20.428646031334594
2.2365707680223004,2.953365534623215,6.605411022022835
1.0733465532440252,3.3712188136018053,3.6184860938109096
3.2457202650565113,4.096650781592878,13.2965824606756
1.3610522965877232,3.3243707527913733,4.524642447795757
4.275941387563879,3.0055171199123003,12.851415044064796
2.8075300163792067,1.0828786525036165,3.0402143210001715
1.3003722850325143,1.4537976998103979,1.8904782368774604
2.8956322034698623,3.746846567585009,10.84948958255967
2.7319695649083826,3.737979416621358,10.212046000463541
2.681509029423195,3.0136634720143296,8.081165811849282
3.666372898061472,3.349655735354757,12.28108700594085
4.620776287704809,1.5207939674495141,7.027248703275234
3.7128294095004026,4.441839318409881,16.49179165366743
1.9071611660002938,4.603601825097272,8.779810624553594
1.6834032973543729,2.3647954679871006,3.9809044883781626
1.8011628850436683,2.7871574054511514,5.020124473473221
3.058855066410739,1.6058010620706877,4.911912714362669
2.683338023933656,4.744662521759007,12.731533355368889
1.5671460092894307,2.9171468755372434,4.5715950845093225
2.8603741347872464,3.626147271270213,10.37213786367067
1.0113073782983801,2.643718647291754,2.673612174151164
3.495525418052052,3.08733292345181,10.791850707914753
2.7777488200342733,2.456365078709584,6.823165198958942
4.940261478048699,3.066976090001384,15.151663831530257
1.640461379933539,2.5826724155613006,4.236774354747977
2.764752258774926,3.923419125094116,10.847281888224702
1.0745560246529053,3.9091519155428096,4.200602742129972
1.6856880748548986,4.291461444694839,7.234065381021665
4.864178705743376,3.3911568517564246,16.495192946149345
4.931895368026588,1.1285208186280444,5.5657465981132255
1.0662217684142932,2.2832614806204865,2.4344630936194127
4.231649301235903,2.2331682030899778,9.449984666147941
2.7386108847031507,4.911511952061085,13.450720092264106
4.219133609719599,1.5801793923808516,6.666987983780344
2.9212822473623206,4.098202791018838,11.972007059494045
4.715814721976232,4.473220651134563,21.094879801268476
1.6484117975554233,2.6346487272373587,4.342986044392442
1.9796757373283702,4.788766700045452,9.480205247806026
2.1045284279250764,3.028609189788515,6.373794136985063
4.646562461707969,2.2582050131966245,10.492890645160184
2.314938641228145,1.9055211109899566,4.411164451506635
4.813538961940388,3.058494854463196,14.72218414685279
3.524089145801482,4.356607519205831,15.35307327095039
4.463032202691746,3.966805784467499,17.703981957902343
4.390879388873978,4.953012583481154,21.748080865640855
1.5728327920110545,3.435291800058703,5.403139593259011
1.9535386667839494,2.3329936515029326,4.557593307572457
4.793729744130257,2.7917418495279938,13.38285594201556
1.4468268100298318,3.843948907852532,5.561528336265935
3.9505001944333547,4.0831844980381735,16.130621153407063
4.582902072185888,2.9954546351841507,13.727875254724268
3.110142249601337,3.442437199755471,10.706469376558807
2.4643567487566616,3.487987679374919,8.595645977247669
2.5699303042938313,2.3955778017509313,6.1564679890133185
1.9942187758447734,4.753713660013596,9.47994503578889
4.853868212634435,1.2539690694193668,6.086600605681448
2.7209290936074604,2.5446688683447642,6.923863557476441
1.1264006395826414,1.3562930794399084,1.527729392142623
1.5487329553892217,1.5971484049450182,2.4735563693856797
1.5462753155273141,4.946545949532904,7.648721898884349
1.9204621880746484,2.4847229858678723,4.771816542199188
1.684045349238989,1.8273903554818167,3.0774082293933365
2.4910680955684907,3.81875423485455,9.512776839263232
1.9621354964629165,2.284228456714748,4.4819657369507135
4.0416482231423885,1.6388961054665891,6.623841532574021
4.5834048606472315,3.0645671659288447,14.046152044098177
1.8252405114942496,1.6273387247763167,2.970284566385124
3.63780573841484,3.776067723597595,13.736600833546394
3.355469709934255,4.169644242881464,13.991114958190504
3.453276100009518,2.3746666484575045,8.200379582608004
1.1419736398035556,1.4312021263659207,1.6343951015406788
1.873650707463442,2.236851450891071,4.191078303452682
2.172996264180823,2.4762907185414167,5.380970480416144
1.3500354238171277,4.455402185773384,6.014950778146327
4.839034544030941,4.126239192042539,19.967013987228167
4.026989463607386,2.524617379469115,10.166607586762215
1.6219490377707309,2.205505893210387,3.5772181612902636
1.4619611279049236,4.553095084385319,6.656448025026324
4.209145311474713,3.464287871967562,14.581691053890975
3.1003555955454782,1.0216059645822324,3.16734176873516
1.3205471493936152,4.985627759004474,6.583756525091037
2.095056972686425,3.806879727889367,7.975629918093219
1.5035894610155167,1.9132662558339346,2.8767669783885212
3.1040464676243045,3.0853886288533783,9.577189674640525
3.1174460394837196,2.6232863362588645,8.177953599401954
4.961116379595234,2.3735970569916356,11.775691238000245
1.2903396512961618,4.558545184390834,5.882071603644666
4.801929034167388,3.5808614261930183,17.195042449766298
3.3932439929218785,1.6495488693657494,5.597321792006405
1.593568965676007,4.002414940950581,6.378124237656815
2.9216454671950154,3.494367923035259,10.209304203047624
1.5435551270059937,2.3976337673468895,3.700879894270987
4.432600493351156,4.43478174463725,19.657615749183776
3.7675088508551124,4.146833054981629,15.623230237661833
4.65963626076541,2.755187780269544,12.838172886161727
4.7716800781487,1.2826863495052918,6.120568900447681
1.5478275954533474,3.3277027548015705,5.150710153347995
4.069604577426299,1.6072858078429082,6.5410176808298255
2.110704955411635,1.520101251211869,3.208485243660318
4.958306596807829,2.299559265016202,11.401919873480397
1.8480791372197665,4.213325654869976,7.786559241078013
2.454560934405291,3.0396878315364533,7.461099004076511
2.175262912624347,4.079462571211527,8.873903634595594
3.793033192801669,3.10507969440748,11.777670347182035
2.2532260976780685,2.4585102618118384,5.5395794833237755
1.9016421622649156,3.4664130198641088,6.591877150397639
1.5601038703883199,1.966521033178187,3.0679770750613273
1.5271299998942705,2.827422855646659,4.317842265244741
4.84830155452923,1.3809954432957503,6.695482354528569
4.619233323896414,3.0564275714178337,14.118352089969045
3.682111567854686,2.5208688348872412,9.282120297982676
4.509526534956058,1.4091067591618107,6.354404321026121
4.944523289052407,1.2122187166723655,5.993843676011733
2.44008694921615,3.3831601538298113,8.255204938468225
4.114146328069552,3.0067779417578255,12.370324428403483
3.3834305637438105,2.26011678821257,7.646948218868905
1.458302097637358,3.1663782192240437,4.617535999007665
2.270800583433453,2.118884211679559,4.811563504109875
1.0887985321707938,2.935030463587254,3.195656860630367
4.874437941713629,1.7984794734130438,8.76657658259769
2.45161082753034,4.117522881908018,10.094563679889626
3.7286800768892734,2.38840721366157,8.905606393078518
4.850544993726469,3.9170611382395304,18.999881294208258
4.937868494916971,1.733827574381027,8.561412555154385
2.8236550147679917,3.0967561297305473,8.744170975227178
1.1690151383312948,1.8131123898618906,2.1195558312445826
4.845889512022373,2.0415369883476537,9.893062680239636
1.1789499826633172,2.370379099521533,2.7945583982864006
4.15098635432129,4.18343736019998,17.365391396347995
1.0427102375590822,3.7852826996816664,3.9469530230133545
4.2324444540201185,1.194810168824049,5.056967672646187
2.3331580042873004,4.096786883040201,9.558451108024464
3.000128314490051,2.7072364430772673,8.122056706895442
1.1436404772506714,4.317521978748288,4.937692896315955
1.3033632595537,1.2035342048292383,1.5686422641906064
1.987823493270997,2.7320901831785696,5.430913051857423
3.0477324119506957,1.011169653996788,3.081774528466981
4.466721693757103,1.0143530933497487,4.5308329671949465
1.1527325124756982,3.062728434054412,3.530506642818303
4.590616765405111,3.271466896211391,15.018050781215832
1.6855950378180955,3.2820894652209662,5.532273716251507
2.263687066919078,1.120574429896604,2.5366298444771616
3.7608439813649572,4.225018172568051,15.889634165460125
4.711963215464294,2.986644026640899,14.072956791218077
1.9405600369183031,3.5598590610216605,6.908120230880149
2.605773158062742,4.559607471705428,11.881302761072329
2.117230698066554,1.768847438106246,3.745058096154923
3.652970404190418,2.1855258146778977,7.983661118612512
4.193557192836739,3.4774324562574193,14.582811889542228
3.278180220528792,2.9751071221721044,9.752937321858928
1.9678165322742927,3.0924189940271294,6.085313221165622
1.6898100427300076,2.616839683480698,4.421961977360097
1.4700805202737777,3.321208919902192,4.882444536907726
4.261939738158393,1.895579367367998,8.078845032618817
1.2771421666743255,3.8476701963676168,4.914021851237165
4.663560968024477,4.83516808237337,22.549101142794207
2.3336714712327717,4.205913641071888,9.815220674638216
3.4685328258792376,1.6203149846121883,5.620115712391387
3.929661541669691,3.9960312178739836,15.703050196190892
3.618402577743124,4.702091573357249,17.014060269820092
2.082953736304656,1.4547710184576226,3.0302207283640348
4.161346419758761,1.740686841872432,7.243600957347029
2.1166880083607804,4.6653110204095105,9.875007892174207
1.9635330712206565,3.6432970715672526,7.153734288303672
2.4068178695383335,3.286744236034179,7.910594759889181
3.526079080863531,1.3823384948412794,4.874234849332216
3.4699947558430706,2.0910523983478946,7.25594085646027
4.725037497622786,2.478455311497064,11.71079428300599
1.8049048507038439,1.8458884481355091,3.331653013897971
4.1444048318747,3.5890970173623797,14.874671020823723
1.4275870897009977,2.9026919584256476,4.14384556522736
3.356432746904183,3.32682565559417,11.166266573677248
4.846748092901725,1.2720837805811476,6.165469637542894
4.993460904957855,3.756652218297201,18.758695985590276
1.526398335525096,2.620036885154974,3.9992199405149096
1.1997745254283503,2.7237169894873174,3.267846258463281
2.8899834025290336,4.537227102236871,13.11251101896946
2.5047749825076147,3.8902880280121965,9.744296127313833
3.356039169965901,1.0043968621380204,3.3707952115260373
4.988114217683799,4.186447389850386,20.88247774689794
1.7019223827641219,3.7184315403080577,6.328481867226354
1.6508213043147002,3.9879885206848944,6.583456411309089
3.391112102338757,3.659616820909424,12.410170891308436
3.6445078503876847,2.8123853472812934,10.249760476481969
2.415402644536844,2.5564168328882544,6.174775978696793
3.5188618193430963,3.343282464257174,11.76454901475387
4.441105751287905,2.625936366675143,11.662061100557043
3.8000477172536025,3.135230251300725,11.914024559519758
1.0415176735335216,1.810958699391982,1.8861454914560292
2.5062752081570716,3.6951308788444033,9.261014912543379
1.015493131244603,1.8253162460505927,1.8535961102135605
1.5339616264635194,4.102449237970622,6.292999705561441
3.345055861093994,4.289732990596253,14.349396482722264
3.1850035382416704,3.9743603291240475,12.658351710507421
1.3528511868416127,3.0093203358916134,4.07116258799757
1.1457728332835848,2.180663708112214,2.49854523528242
2.960907896866512,2.56747517296773,7.602057514648865
1.7633590782877824,1.3579625593044495,2.394575606924412
4.5615119793572605,4.088995739412227,18.652003048869673
1.4726023050679458,3.2786619159214982,4.828165094924485
1.5480336031009871,4.470074615376564,6.919825712971642
1.2901449435982446,3.8807884979182123,5.006779657763408
2.5027519757612278,4.497697441536591,11.256621158181922
4.79812609370502,1.245426516798665,5.975713468043827
2.9713944824961067,4.101281416673378,12.18652497266709
2.208840698557351,2.478049840478846,5.4736173407032265
2.243005400804014,2.6151821557093875,5.865867699342441
4.134996343437274,2.882594047969571,11.919515847968228
1.0061810015326738,4.945318915631953,4.975885939429034
2.390034449369291,4.128181595603863,9.86649622674552
2.694340346051835,3.318867012854729,8.942157295915031
3.944957050264175,2.8335314628644004,11.178159921572277
4.232567580697803,3.1607337505655515,13.37801920386113
3.4313300495702967,2.9763917390701486,10.212982413564195
3.119390179729134,1.378865877079051,4.30122067612399
4.740076898230175,3.824633401601426,18.129056431130408
2.673343843401778,3.1451889344361086,8.40817147421017
4.9349686947840254,4.506303112058932,22.23846478721866
3.9034818776502695,4.582382717265093,17.88724789330209
1.2716652649454319,3.663778158808777,4.65909942302285
2.465214189260718,4.862814452433591,11.987879187881378
4.271030766134174,4.080596450781488,17.42835298546565
2.7578522734548834,4.60410849313345,12.697451075021021
4.938794615171394,3.7756151266170117,18.64698765629576
1.921167124479696,1.5788755335866895,3.033283768772086
4.808750206853215,1.3692105470022584,6.584191501122715
3.5781411203986226,2.8401267210291,10.16237420765713
4.601115868899834,2.6783150874014554,12.323238050556682
1.9683903830086824,2.2108935732198636,4.351901647381681
3.838846824647697,1.5998903462612115,6.141733975529356
3.5623899285274065,4.850418963414217,17.27908366440515
2.4574286806993575,1.926563869624169,4.73439330841357
2.383176819456249,2.9920680983150856,7.130627334139052
1.1878353929863117,4.277508646412852,5.080976164014157
1.8793814924872572,4.358791452297335,8.191831985059265
4.625823583536619,3.0680750610567107,14.192373973496684
2.421320654795614,3.0247587046181015,7.323910727264634
3.548119859908069,1.5716410343974032,5.576370766791887
2.6069145167045944,4.179618889466131,10.895909157241991
3.44579474645507,1.3156109533999354,4.533325311604243
4.645539934006988,2.5856225470206966,12.011612796453505
3.4118710955147593,3.4418005029698104,11.742979652610856
4.188930955704219,4.863805144475043,20.374143932204937
1.2260487605098205,3.626650599603038,4.446450472445502
2.233616361593968,2.9518716611967712,6.5933488397746745
4.9344654603513725,2.202271755171961,10.867033910203435
3.4033133901756734,1.7188386236108277,5.849746503285854
2.178218919140031,1.0379855492117316,2.260959761086949
4.11440254857418,4.439127575221465,18.264357808937117
3.88824797864111,2.248926498876914,8.744383913370589
4.767474318786349,4.640951306174541,22.125616166925088
4.824998445311204,3.1356354674957894,15.129436255729853
4.0249330171502145,1.3681189580944326,5.506587165823433
1.1417804048770699,4.260169464470211,4.8641780159877275
1.092382431221428,1.977347885650473,2.160020090697414
4.381579835960984,4.908520896980996,21.507076186605058
4.233231022418964,1.8449671345503131,7.810172109321809
4.990849293162746,4.106352220902851,20.49418507917027
3.188463977382431,4.2507687766560505,13.553423120549802
1.4967609097782817,1.6519333630372368,2.472549283352711
1.1609531488569385,3.1967944561424924,3.7113285901070308
3.1712201433238327,1.2227828942238257,3.8777137450744115
1.360622089819997,4.7751785384867205,6.4972134022994
4.706035759043278,1.6496070494180373,7.763109762931155
1.7887744124019878,4.164367176613205,7.449113449372411
3.950448693878572,3.4545329426551667,13.646955151272604
3.9713506632381086,2.0534305313138272,8.15489270244655
1.700021149894837,2.8735534906904197,4.88510170952785
3.706569285569493,3.3688924663849673,12.487033342288976
1.9550466014744257,2.848886548815042,5.569705965247054
2.728233259503835,2.7585743507695786,7.5260342925837636
3.58308690202849,1.3986326324493974,5.011422266079063
4.433036165995883,2.5900673161918677,11.481862085042444
1.2686824603047655,3.0836182154608767,3.9121323442314955
1.0740330154750857,1.6357914770699362,1.756894052805868
2.3662923608554483,2.8229519449306224,6.679929622351362
3.902315384198209,1.8678864737448455,7.289082122430255
1.9334288029362101,3.9689902156328887,7.6737600014766265
2.9803119161936356,3.037947915870875,9.054032374445589
1.2661694388943188,4.604125242170371,5.829602674478028
4.188769725133108,3.802134706354833,15.926266748856984
3.6776932833745293,3.2662325794264375,12.012201619295674
4.590125223300296,2.7800777420670926,12.760904966597897
4.606533446957339,1.2844869716865817,5.917032197255184
3.936636041305051,2.80951258866955,11.060028515056802
3.006610381290765,3.5989270014192174,10.820571283974664
4.988581296328988,1.6790740785594118,8.376197543452312
4.808394282386532,2.2136358828068827,10.644034122174277
2.717039500793054,1.9040685640542536,5.173429500753716
1.3687080705488364,2.844978122444452,3.893944516724597
3.032792866859935,4.615228412371824,13.99703180797057
3.3692450287403184,3.2109159057434318,10.818362453129275
4.988730527747524,2.633782767329242,13.139232494830745
4.236482024158063,2.664138799947771,11.286576135840765
1.6419802732019986,3.941732793199192,6.472247488666486
4.774334917128652,1.3706428857884347,6.5439081885337025
2.252978298429667,1.846279721436161,4.159628145226441
4.704159089459493,2.0880538659765158,9.822537572914461
3.342700649504044,1.604344442730207,5.362843210742467
3.420389147526443,2.499442224275872,8.549065058782546
4.464313571348253,1.6128498993647398,7.2002676942816715
4.183635597136226,4.16924916812126,17.4426192330827
4.0505881446976435,3.853932557204026,15.6106935266749
3.9922331439954397,2.5331859303395987,10.11306883100467
3.22608974350129,1.3862378500967694,4.472127710250466
1.0065615642321815,1.2017089187022898,1.2095940089607402
3.4839540459790896,1.8889517635603545,6.581021139315434
4.150973182469573,4.13856593479737,17.179076209226004
1.4430514717442962,2.700949275349646,3.8976088268999964
4.445833423123632,4.8440170575344,21.535692936567425
1.020148461702957,1.4211006171550045,1.4497336085158006
2.303929867874662,2.7286108114583354,6.286527946324577
3.0363985680955072,2.7009990339811036,8.20130959920757
4.0501097849437215,3.905208486235623,15.816523102348155
2.154364627142902,3.3789259976502035,7.279438647071138
1.61547025866015,4.469648400813858,7.220584058182689
1.1243547606396533,4.186248351260777,4.706828262959954
3.2438277248852794,2.600038761285738,8.434077819635055
1.2972061229880256,3.879164667612907,5.032076158906272
3.0857405062163923,3.883034087208672,11.982035569918795
4.6816622823790315,4.197665015388088,19.652049976604406
2.0806025695657584,3.945393264089442,8.208795363211928
3.3056263991713886,2.1234989527418655,7.019494196796307
1.0235697807241384,1.1238039191822615,1.1502917311343148
4.289119679306666,2.848562972980314,12.217827505154169
4.575518115593829,4.458316832048734,20.399109430095873
4.156012012201749,2.0249400593815743,8.415675210778346
4.668434476217443,2.944012372585905,13.74392885859075
2.7490566158167478,2.4381457960358204,6.702600830918063
2.2959573915584564,3.9592321284234115,9.090228270149451
1.070919184947332,3.1921248782450777,3.41850777286032
1.7300558160928516,2.624375093334575,4.540315393832701
3.3847342169274763,3.406526119126019,11.530185516263002
4.235127417246254,1.8595571161453552,7.87546132652257
3.9016719237312865,2.352557112958369,9.178906036604001
2.077629471987805,1.646983160453697,3.4218207540262204
1.9492788326194783,4.274308472083297,8.331819028718076
1.767238188163411,3.0661634675579785,5.4186411710200035
2.956867254517701,1.7294074535865862,5.113628269229018
4.699519304924839,2.868034627033548,13.478384096937068
1.9215134474827837,4.094836025125002,7.868282487514643
2.0587842981394138,3.5682625758158966,7.346282962728267
1.0710479658486665,2.043579373531355,2.18877153107105
2.3107766047250666,1.6192475018504235,3.7417192445354677
4.8562332479958785,2.717540267021986,13.197009397479766
2.3301512886502924,2.5732131333320183,5.995975898605459
1.2102247617008355,2.4794733688539754,3.00072006696487
2.7266404938222415,4.184453805387415,11.409501190297899
4.413336054218774,2.437494648538301,10.757483014359401
1.2579878881487447,2.0426085493753443,2.5695768153432605
3.0380639167671313,4.907241988125376,14.908514814968305
4.638007798086617,2.8310047957630515,13.130222319169643
2.002049266441332,4.355924158744845,8.720774766689193
2.3078114041680347,3.4769022424111893,8.024034646213956
3.139018096927838,3.0232588676669248,9.49006429730404
2.4678385498012334,3.045753428408804,7.516427723816517
1.5846910609795781,1.1545594949203002,1.8296201109692964
2.4623801875418154,2.346703785387101,5.778476907166578
2.1156953106083463,3.2676410756153693,6.91333290043065
3.3276853275804528,1.3497675309966057,4.491601608541899
2.007844229813074,2.2456532539959513,4.508921928196724
3.2669795191787294,4.514766537941672,14.749649813328901
1.067644061096499,4.2531768711235305,4.540879027248027
3.6998770944553083,4.443650564715165,16.440960940153037
1.826482396273922,2.096085951575635,3.82846409162997
2.5036307141722864,4.300699314990682,10.767362897430385
2.752880014436229,1.7717075152694184,4.877298210211651
4.244237066570604,2.565800316604493,10.889864809151382
4.555205916810543,2.351881436581527,10.713304235553052
4.373317354318884,4.818910185322799,21.074623542376223
2.180990041357249,3.2601438673292775,7.110341308037063
4.2537723328825,3.3405308434074037,14.209857678827056
3.5986633859408683,2.229287824197024,8.022456469661615
4.429535235462326,1.1311817477566448,5.0106094093999145
1.7012586762612192,3.745680936726671,6.3723721921125
4.9492923047665185,4.066553489843292,20.126561894202837
1.5345311384758298,1.2618436180216093,1.9363383237411602
3.5859995231800044,1.4329545163039565,5.138574212204622
1.0582613794042288,3.147385149754863,3.330756150095967
4.646937404290021,4.8356739800662565,22.471074292921887
1.9500078363511322,3.817399309831309,7.443958568652456
4.309545838686396,3.297967052747632,14.212740188293395
4.223234191228695,2.659089928920914,11.229959505370683
2.5686369346064333,4.5779240200335565,11.759024721680154
3.338954062648681,4.016253846996008,13.410087099055715
2.437652556681574,4.826416467768874,11.76512644226685
4.234302409448416,2.007899022483178,8.50205166882964
2.277371461467191,1.1563306262400816,2.6333943682196472
3.6373050454731537,1.1061759138201679,4.023499232518973
3.356124154696325,3.0647951151337565,10.285832915095705
3.8660175770680483,2.635841704222699,10.190210358893953
1.215322904796173,2.809011139523919,3.4138555776910176
4.203773739953057,2.121580926645521,8.918646186617714
1.8740747761848504,4.30443701811436,8.066836841324454
3.541265555791793,3.4915140229310606,12.364378346969803
2.092007909984744,4.29985712405885,8.995335115335367
1.0651453039523768,4.4108143554910075,4.698158197356976
3.955737065216164,1.9722577090329976,7.801732921780145
1.2756896815613024,3.3303331859227425,4.248471681442821
3.323137960294722,1.1913570112572938,3.9590437083723793
3.045754937686409,1.3793639616306077,4.20120459700311
1.2548444927563236,2.014502059564758,2.5278868150911076
4.223864031126728,1.6261068518676778,6.868454242372602
4.125985866644548,4.8478914736162455,20.00233170316724
2.615636521032406,2.8384976764443937,7.424478187373582
2.8423960039679503,3.3914210640968903,9.639761680361735
1.2943636309633648,1.8371762480936598,2.377974119202161
2.7230537545809694,2.286289448617786,6.225689067117517
2.8035003892859303,1.2849924455275543,3.602476821265978
3.8407004059628997,3.0740556998298,11.806526974288879
4.735715743883002,3.5698923323214626,16.905995322141962
4.35410393715317,3.290159656882393,14.32569711589415
2.371279240780529,4.148845878536673,9.83807210497187
4.087066095560223,4.577877112441724,18.710086335901707
4.395506161132779,1.3259587438113218,5.8282598278305455
1.2899776067948294,2.234368860670283,2.882285795584341
2.1280295103380595,4.846762513614197,10.314053658571282
3.66216626468503,1.3579436240371772,4.973015329293082
4.713242577876001,3.5071818456889248,16.53019880345478
4.0363178146026035,1.739072428052327,7.019449022231813
1.9023537584904466,3.6062376326675767,6.860339714514855
2.370528712209446,3.1396340464791646,7.442592653009186
2.47490865645259,1.3948014892599607,3.452006279802441
2.9129763918879146,1.3683865762095881,3.986077791474863
2.7004604401845875,3.372291479933819,9.106739734332814
2.407075091334189,2.12699168472837,5.119828703784601
3.3087203791652064,3.7036542029728667,12.254356138757194
4.958433736600989,4.369354120561798,21.665152878550167
3.6429785869659437,4.270387672721045,15.556930849766095
2.5293602708949483,2.166165910174445,5.479013993362236
3.8355833836598348,3.094891645852605,11.870714971059888
3.3368128203637446,4.738051686088141,15.809991609684968
4.641415099943754,3.1452193173336935,14.59826843210739
4.422825004546793,2.5351610440186945,11.212573656038835
1.834069851874839,2.0030620706611897,3.6737557552336764
2.853863800597886,3.126335925618389,8.922136926631005
2.615405214885147,2.350085089048556,6.146424797321418
2.842642983196798,2.028851147553952,5.767299478545013
1.1782111795140038,4.251654176892654,5.009346482642334
2.644274580146007,1.526509704502029,4.036510807960908
1.396103347934528,4.0284699083292494,5.624160326071966
4.137852046854701,4.100611019392274,16.967721699947266
4.685601088619499,3.5769039012407253,16.759944813540876
3.9152587445131855,2.3845389860249138,9.336087116666649
3.610241852714326,1.1959544966798585,4.317684977855522
4.2191527776522415,2.3519313870844933,9.92315784466503
2.975036578606028,4.63371545871225,13.785472984521155
2.4308970071211298,1.818395084570601,4.420331168846448
1.4147159191279544,3.2742701294010277,4.632162075588781
4.1665363355504255,1.8566755716678185,7.735906232682824
4.26902045406294,2.416544973444672,10.31627991979829
2.6251682099537534,2.7347769231230834,7.179249439897858
2.1948444496448536,1.1063045654844066,2.4281664351702115
2.2918869474537473,2.0319122274068007,4.6569131123653165
1.4994870943473844,4.419143087203616,6.62644802733628
2.2417323329898324,4.972881377412627,11.147868971868899
4.986918114548153,3.3319974886767256,16.61639863391092
1.4574936106269045,4.1154421324199095,5.998230612906781
4.500430716736888,4.798563377052645,21.595602018296418
1.0068617114066467,4.816711996011577,4.849762883657141
3.928693508887471,3.0194442672013015,11.86247109300124
2.6964684154380807,4.947911663370721,13.341887522656847
1.757762344659664,2.303278108439914,4.0486155282946195
1.8331854932813436,1.2268528467434923,2.2490488410410894
4.069100141930402,4.473985820842543,18.205096338585
2.142547651437871,2.031271901195865,4.352096841338939
3.9982247111642892,1.2538629946718611,5.0132260097114925
4.208367594208585,4.687659374440673,19.72739380408422
1.7125394018084283,1.6148594150085152,2.765510376583391
3.5816236328759308,4.9317274598915475,17.66359162125075
4.956234770391243,4.882768922603281,24.200149109992168
1.2400387145185863,3.5582866914562272,4.412413254761973
3.040317703828252,2.1270472722922107,6.466899478829601
4.55253841760994,1.6204524059131349,7.377171831828003
3.5679766024549333,2.167592690536558,7.7339200034867766
2.107495544342023,3.178533975167244,6.698746190204706
2.000756363495487,1.9633154361437555,3.9281158524135362
2.163289494718172,4.339376512881836,9.387327623944051
1.1688918528434584,4.574840800996213,5.347494140340316
1.3528553986108278,3.6188390496322325,4.895765944998643
4.806428393810602,3.716659589689139,17.86385818201034
3.097095433647494,3.096063734091813,9.588804853137363
1.320946610372312,1.8959259108997153,2.5044169055200167
3.1267942060702234,4.549396699025333,14.225027239627412
2.224834779410897,3.9144478399956437,8.708999696612171
4.178604820987504,1.1738594149645682,4.905094610532515
1.0583946796915051,2.263859126098403,2.39605645463361
2.5260341459926066,2.0031200412979704,5.059949622840794
3.6208521831852445,2.776079260962149,10.051772652750078
2.6475880813985797,4.373183221208221,11.578387774243133
3.76388883404227,3.110741122074801,11.708483774973466
3.280213980751508,2.0594661774485896,6.75548974815173
3.2195807853395335,4.156920281538376,13.38354066462916
1.6482750315260861,1.7407869281758361,2.869295628919225
2.401456914238268,3.4941618297410058,8.391079085498975
4.063749036570937,2.2513656832233977,9.148985126167952
1.29945199773065,2.0276351889785795,2.6348145969871792
4.234516951320607,2.0961809669431566,8.876313837556419
1.9653658537499687,4.488103908070462,8.820766169003475
2.5736932574894196,3.867811343126679,9.95455997504623
2.8686260162539248,3.2365024507128375,9.284315131784432
1.8287038040250363,3.522582632957272,6.441760260881491
4.65536057654244,2.7762690635196154,12.924533548183618
3.753741101196967,2.537997461036875,9.526985384227666
1.0052485342647794,3.1426624495243374,3.1591568210733016
4.211552528312474,3.6773190410355685,15.48722230468495
1.7694722427111298,1.5285424482241128,2.7047134339382817
2.643401783117083,4.719661435748166,12.475961454965635
4.312191693077616,3.5458069941615844,15.290199465480095
4.666512530756847,2.088956057794748,9.748139619899618
4.699039765679405,1.3293621382748504,6.246725550742126
3.3762975100970722,3.294211408735896,11.122237777048374
2.286324099283653,4.602528078747886,10.522870864070981
4.369578700081446,2.439486353053269,10.65952760744093
3.1089992312173,4.119185643313883,12.8065449983042
4.731762150658383,1.4456899357362536,6.840660919504555
3.2231070232551153,1.2948356252329751,4.1733937976493305
1.869125289953653,2.2338237530262695,4.175296470080584
3.464700081112174,3.3702455574919314,11.676890056410238
3.122884044395197,3.393163777040655,10.596457019340003
3.9797741515785026,4.746680501892351,18.89071636723285
2.7295317650824567,3.693237756671233,10.080809772836004
4.845069840856404,4.012326517432666,19.440002201281416
2.3205698386904934,2.6276692878676315,6.097690095478954
1.1099241682297398,3.960274927276921,4.39560485461893
4.120778532100143,4.87511505249314,20.089269449831992
2.833653013439364,2.529886341010565,7.168820053863674
3.9640957092455293,1.9543519242661684,7.747238077339262
1.8438057762434443,3.56623266850836,6.575440393623786
2.3530116978642193,1.9844682403681504,4.669476983626281
1.4497669474356427,1.034248211615954,1.4994188726452342
2.8154097779461154,4.73642930473856,13.334989377111462
1.1460769196906093,1.990962236054926,2.2817958667181575
3.5965400956148463,1.9859408751535184,7.142515985010067
3.325941742708113,2.7984192986571186,9.307379559003673
3.3005357005813676,1.561415626258471,5.153508017911697
2.8395665134896824,1.6095943454903243,4.570550203756667
3.930117084784052,3.9256852269444056,15.428402579898567
2.4922620166351566,1.7255434682851618,4.30050644406
3.816245682103249,1.1107393544939224,4.238854265529581
1.4332665613657274,4.562870862429715,6.5398102309505095
1.385033592928011,1.7386026572415414,2.4080230850334394
2.5198077315700265,1.8308172943056666,4.613307573283535
2.4101960876219533,4.438626417755253,10.697960026489156
4.978872082274194,4.421685902085773,22.01500849448024
4.488387856231551,4.651957358301399,20.879788914707003
1.8164881560769341,4.039075658108349,7.336933094452464
4.757918600853368,2.3952003261900825,11.396168184749849
3.693063296351767,1.397771466140755,5.162058498292219
3.3961551412339213,3.2283394728558132,10.963941698387677
3.9146648234701735,1.6969579525082894,6.64302160359217
1.0455873314124244,1.4982880477272968,1.5665910015103155
3.7622073284687496,2.6473035289911273,9.959704737451602
4.3039129539886885,4.9572997227624285,21.33578649360175
1.086879232111341,1.2249784327806807,1.3314036183736202
3.1265381176823923,2.6821938953106326,8.385981452703708
4.451386695072085,4.9016554603580005,21.81916390006504
4.723719202789251,1.0082337561221135,4.762613154694362
1.7155697437695379,4.8810251092578065,8.373738996022096
1.8033769743273091,4.6908162068997505,8.459309938324377
1.9662772462932137,3.8067047833904213,7.485036998936122
4.1983423428563125,3.6958237692855573,15.516333422326374
3.897303399887429,4.528689849287844,17.6496783466652
2.9314345315505945,3.5003435433292456,10.261027935205515
3.515675082876578,4.018731446476664,14.128554011150557
1.1596208156738999,1.004176036029678,1.1644634339809188
4.41994235027822,4.589969010387705,20.287398415477227
4.055903769389292,4.72247775479584,19.153915326533525
1.2214911222314777,2.4005252674644826,2.932220302900209
2.1858238839256217,2.373311557751486,5.18764108692992
2.3129624701385127,3.3407340757654125,7.72699253995827
4.464613104880041,2.9549511236693475,13.192713511014171
3.772489534185958,2.9144629402248046,10.99478093977091
4.427765473272867,1.0048723381496956,4.4493390439062
1.6142109369469253,2.4034892619727,3.879738653510826
3.413516549665938,1.3467170686967478,4.597041001713949
2.2308547652044552,3.866213308595653,8.624960382777497
2.15102766801304,3.48504606906692,7.496430518863028
4.7952867947559845,2.908319640402684,13.946226766552464
2.996081878271725,1.927083509885839,5.773699981885232
1.0694319633946345,4.063103392413636,4.345212638424314
1.0480108425616463,2.889849009283467,3.0285930950951054
2.8092409491004746,4.214731237924251,11.840195583029743
4.392511725529468,3.093882000283151,13.589912963648308
1.3674834652800696,3.0111524141413817,4.117701137776504
3.9431656198429264,1.9739437960866764,7.7835873122312185
2.103635237541891,4.466991495812968,9.39692071639212
2.6046117291124995,1.4473879416124724,3.769883609299843
4.408474089613524,2.3541904760437005,10.37838771565358
2.276987587557171,3.387412715333686,7.713096706748136
4.154051158487482,4.185973141818591,17.388746579169002
4.28749923111825,3.0622820607077994,13.129531980751901
3.672100258018336,1.354369960630665,4.973382281884148
4.616464104668776,3.637938358648663,16.794411847699198
3.705835065721378,1.479659319173377,5.483373390314121
4.241132589314798,2.5894696474302763,10.982284110758044
1.618125551014105,4.599139491092464,7.441985123214724
3.9195715928541595,1.7736872244162312,6.9520940594302
3.501726150715283,3.133671133498252,10.973258155912433
1.0255106496691049,2.1912815282494846,2.247182543643038
4.972803450311794,1.5686074176415814,7.80037637863273
2.4000180145420993,3.781027871706165,9.07453500558057
1.2510501484538468,4.652895167805472,5.821005190423222
1.6723380296809012,2.1124615184520605,3.5327497335448435
2.0074405468169894,1.2412661479529792,2.4917679947921467
2.4129388381986483,4.868817189475637,11.748158092574952
3.828792061223835,3.6863185386527935,14.114147155936063
4.118249292676096,1.885960939846559,7.766857306537838
4.976582992616764,1.8083193079061366,8.999251112946197
1.6966901176247537,2.903837506750467,4.926912400891622
2.147673413424401,2.9196301322522835,6.270412012070997
4.534238797906894,2.574305175785925,11.672514405701069
4.089238607062122,2.137615873413119,8.741221356629744
4.703538897369949,2.2691976401073823,10.673259366065167
4.516831926512658,1.2804826209642424,5.783724783715897
2.543112294182068,1.8462679279625376,4.6952666659555815
4.813456050176256,2.348458124157029,11.304199966309234
4.294378864055443,1.8371511329694927,7.889422995499701
4.6305794645016505,1.9916708108637526,9.222589956833044
3.2761812129869052,4.910437002800858,16.087481456131897
3.8602935243077785,1.7162657026075734,6.625289377767555
4.567311073157718,2.5738940161218156,11.755774640967559
3.1725609012396485,4.503708500868246,14.288289500435228
1.5433440549264055,3.648267433618972,5.630531854457455
4.13175579150613,4.7874150782164655,19.780429975764655
3.102157498172981,1.4093452840806884,4.372011040525638
1.0688321047165008,2.9643029714308624,3.168342183971826
4.896178000532652,4.872563867905236,23.856940016227906
1.5152399084465014,3.873080107053215,5.868645546817279
4.80481601204027,4.3899864062273135,21.093076977280116
4.567653711028125,2.432585284293294,11.11120720119467
3.102727009155221,3.480487167034184,10.799001538175101
1.0778348822822377,2.5775308735044216,2.7781526856224716
1.3858787639520154,4.680392102226782,6.486456021444828
2.2991632983654773,3.992113648628235,9.178521183829933
2.909035306682056,2.461322786737793,7.160074887761309
4.573376358634206,2.2993091730580226,10.515606213254328
2.520537210640348,4.054547289678979,10.219637315936836
4.18833821660596,3.1614578486168163,13.24125472755067
1.109946725915611,1.0413400224827059,1.1558319485195683
3.0790255184708717,4.2319368733409615,13.030241625574654
1.431137766003935,1.345867974939881,1.9261224869917013
4.604828997711313,2.1389795514719965,9.849635064129787
3.295426747359528,1.8861258129410654,6.215589452851221
1.8531321791794495,4.70640868936154,8.721597390625648
3.184884651357501,4.383161403229257,13.959863477567469
3.689246688047532,4.640917867302818,17.121490871447538
2.159253242463815,4.624723298272868,9.98594877729364
2.745183552748025,4.527954683211178,12.430066723939719
1.270935355352575,1.7127297766258613,2.1767688272789254
4.007876560229741,4.057895480678921,16.263544180875247
3.2803812083108785,2.296738982043884,7.534179397091813
4.960077986031477,1.7984227080736086,8.920316883895019
4.719924461858581,1.703472782488197,8.040262856176344
3.7755383668982723,3.413174156572607,12.886569981045529
3.6599772319084534,3.812186992672415,13.952517596958597
2.8761609183250965,3.163523956141945,9.098803966840658
1.9779840106737057,3.211794471038502,6.352878109284369
2.9180454586327116,2.944504548757222,8.592198126424373
1.5400338187846465,2.541271789122811,3.9136444979724936
4.464377660976113,3.804498688976598,16.984718958280034
4.0805319874624,3.874722338452118,15.810928444588981
3.964874756089597,4.639901354459688,18.396627751043148
3.2852516852392974,3.824188054957519,12.56342025222118
2.114966715497997,4.179855742611653,8.84025577120681
4.63265992361492,1.7015413981497511,7.88266264358005
4.890532021361553,3.142099903585846,15.366540192803628
1.5450636918063236,2.7256359895270332,4.21128120449882
2.1394433192586835,4.902348628416765,10.488297021743218
3.74954750348994,4.684605716287075,17.565151668338906
3.8217843531743845,4.709808699833356,17.999873195467714
2.905281317527154,3.5513842101162174,10.317770197011574
2.3717218219976073,1.9464508528641287,4.616439963183708
3.9858743815681756,3.6118743551245998,14.396477461534218
2.8652775169421036,4.099874056942587,11.747276957651806
3.50303885056716,1.5765733743688037,5.522797781183683
3.657316166829334,1.344772365384038,4.918257712624366
3.2302332635405038,3.7299491033803043,12.048605665052136
2.5902342217485463,1.796087407494837,4.652287068144753
2.95545915297284,2.2209240645855286,6.563850354736943
2.270413632745898,1.3764937848919039,3.1252102546085783
3.3358850838981158,3.4205216875094187,11.410467276512682
1.8770916154141624,3.865959317413315,7.256759820248791
4.842347343816849,4.355381573054048,21.09027039158712
2.5511681693981307,4.035054556379901,10.294102746021299
1.4160075129501428,2.9628491099999943,4.195416599497636
3.8267021181688827,3.783919574032125,14.479933048929428
1.1164406772955742,2.9664023455526776,3.311812243800011
1.3351470804668413,3.118604916441859,4.163796249316886
3.0043935376312674,3.8721356481462537,11.633419318122263
3.0118350818365633,2.670995271607163,8.044597262446034
2.082722662309457,3.059544633124999,6.372182943756709
4.8867167009281065,4.893971228740824,23.915450937349434
1.3604501953974872,2.7210951126686345,3.7019143777251915
3.60649303405884,3.0658992344001277,11.057144231990392
3.4433144611082573,2.7823128271363413,9.580377993005563
4.857386877873498,1.784320109473708,8.667133085683393
3.8415122559015042,3.3133425293575685,12.72824593452679
2.2812698059682863,3.9288464417529423,8.962758759856927
1.0299929698520032,1.2385727680919185,1.2757212437848116
2.554098250633133,2.104463733994755,5.375007141516876
4.753373203290396,1.9373155008412541,9.20878358801793
3.6791404616415915,4.172374551518719,15.350752033616208
2.2218949304062585,4.138666139230691,9.195681313400714
1.1119585363795546,3.607903073867814,4.0118386214173505
1.065241975503115,1.0363699041282746,1.1039847240255771
4.040312796110499,4.593511044907219,18.559221453813546
3.9169331049976104,2.066026505322009,8.0924876144983
1.7877351760271742,3.1617862917627733,5.652436572864828
1.8442403988337293,2.0818655632835137,3.8394605767481935
1.5947693041384183,3.5304355754444767,5.630230285957104
4.740767668231193,1.3713051242030123,6.501038996101401
3.995151813214215,1.4396442021685334,5.751597144676948
3.9765073325376994,1.9311039017620262,7.6790488252488585
4.607153285244575,4.4088811920073185,20.312391468009537
4.924328688708481,3.0957917761345897,15.244696257487345
3.620606060652778,3.0418548752214147,11.013358196852854
3.2653552872517873,2.7761320288178593,9.065057398409428
3.137252997522513,4.123267247549439,12.93573253196088
1.657657708917025,4.308434493971556,7.141909652295972
4.724499402960969,1.9312258216929425,9.124075241571115
1.9445504187954503,2.62992233229707,5.114016572667775
3.5844883617399232,4.727507003902657,16.94569383553305
4.118602366591285,1.0807048964919201,4.450993744278413
3.2824479127424597,1.1950410673233591,3.9226600570770813
3.689672171880993,4.2089504060411445,15.529647185997216
1.6235611119243845,3.3010326561949137,5.359428249790518
1.418073337587329,3.3061709007738167,4.688392803894432
1.2887950008235078,1.5815414913944235,2.038282767704088
4.582006326526523,2.4338980452035544,11.152136241243223
2.411893315983827,4.447767432212874,10.727540540804782
1.2774991063965486,1.6647559663022595,2.1267242593194595
3.0923113610937936,1.985470048557965,6.139691588267241
3.3884172052779404,4.386136798645095,14.862061393231746
4.352295151939482,4.3259473677247495,18.827799756093793
1.760607730180833,1.7548704678165206,3.089638511103821
1.1309726330136858,1.061935463184878,1.2010199468888096
4.791877534236953,1.1801616838935587,5.655190259816796
3.6777240440494676,2.7554180605821093,10.133667252810977
1.0266014376178303,2.4131183257391093,2.4773107423457015
4.48730947337434,2.09139587211945,9.384740509537599
1.1275241998532373,1.4908256026854532,1.6809419447886358
4.188112188811023,3.3904747975467853,14.199688825462276
3.4805890109071944,2.8790781387249824,10.020887731189314
2.386689151316749,3.3130330537994968,7.907180047457058
1.6762612110133444,3.143650930400407,5.269580115596213
1.2579797034256783,2.7860673016099065,3.5048161178032102
3.3749348686816636,4.946045062397741,16.69257994315691
1.1963643300500215,1.6030990142162205,1.9178904781466386
4.7798782433607165,2.771529660616383,13.24757432560916
2.198412489897626,2.4963207478576863,5.48794271088092
4.1077417421530305,4.317120784251989,17.73361725138832
2.1601905876430147,4.819303231212707,10.410613479063258
1.81740105110431,3.597853997348599,6.538743636501187
4.669779376663705,4.503974392297554,21.03256673017256
4.368094490658349,2.764317609472974,12.074800520368754
3.3336182941834,3.129483811383443,10.432504484978638
3.577653416697523,2.0893391466562212,7.4749313366745165
3.8357942317431504,1.7316978263502572,6.642436533436468
4.5768872601284105,3.5831650611576777,16.39974251934981
2.905969819544905,3.126834838322132,9.086487670865688
2.9515541945735446,4.306457902130873,12.710743884788766
2.6261552952733354,3.7217375150235763,9.77386068269659
2.008079316741093,1.6894181411647575,3.3924856266001333
2.8161617493310507,2.130803682764396,6.0006878267348265
1.9622196247726191,4.315523604769843,8.468005108448862
4.598631105560418,1.355561823397633,6.2337287665865535
1.2310289339324996,3.581919107201098,4.409446059970218
1.0608084337053643,2.3015228885812533,2.441474890572925
2.896435367608149,3.3710246053021184,9.763954891874358
3.3639984742305944,3.750418238445425,12.616401231857003
4.870123685929871,4.882565897050058,23.778699823336915
2.782650533586591,4.001717239635742,11.135380612135057
2.8584841240934153,3.090389075918057,8.833828110783486
4.174775700948443,4.5984682193671595,19.19757338379767
3.852479034444838,2.2359140163054665,8.613811870638163
4.12677951100818,1.1740093207846356,4.844877610746663
1.9617943350762772,2.7447180667303117,5.384572354693037
3.1726979919419107,2.8225705843715962,8.955164025150069
3.1558495706245293,4.430129380162169,13.980821902195894
3.2769481752417837,2.123466122264435,6.958488434542187
4.189570200003772,4.397722045505406,18.424565229749078
2.576032557498465,2.8011519031507115,7.21585850101502
1.9219004437014853,4.529342906944035,8.704946142531917
2.952686366025195,1.3776660439248376,4.0678157448327354
1.711487340910539,2.1873950897713574,3.74369900571355
1.0288360966072156,3.035138559421708,3.122660108137478
1.0065256574527286,2.836680522066183,2.855191727456014
2.6295070228260937,3.9378785727285535,10.354679362026125
2.7134144353032945,1.4123909111936181,3.832401886723937
1.865039166982489,4.6285355519061175,8.632400090075821
3.383676396097418,4.413920924812632,14.935280047528988
2.789950171493059,1.1031540710923409,3.0777448898273425
2.7266916835744963,1.1351669349488827,3.09525024099387
4.959462841440123,4.858334192190119,24.094727897464914
4.909365553148072,2.5934047211486404,12.731971803378718
3.9726309592759894,2.7964593819845986,11.109301117229817
1.8453636966922646,1.4982028035258632,2.7647290639092015
4.390223398354074,1.4337548936132132,6.294504281445384
3.4467160543409423,4.239629153934316,14.612797869317312
4.1517798073793974,1.5345225104144586,6.37099957270789
3.332383689771901,4.7937859647262515,15.974734161111218
2.7289561643303584,1.7429127220281613,4.756332416668555
2.665955955886483,1.0319990111127884,2.751263910145099
4.852408156821125,2.268357591404823,11.006996879119882
4.669038386828713,2.8267058339181084,13.197998046836316
4.994767163603718,2.988728221122293,14.92800157979738
3.761491629219204,2.30609661657544,8.674363119419247
3.7915609467465385,4.960844063678495,18.809342614742782
4.754592883008593,2.3875927206033785,11.352031356903947
1.976709283062534,1.1266111250791475,2.2269826693454764
2.6892775411473067,1.0531851793786235,2.8323072495721298
1.55809216606626,4.258819561197505,6.63563339499158
1.0023080569264327,3.0865069582888633,3.0936307920524246
1.6969709131506505,4.978674551321705,8.4486658996363
3.2407515749871787,2.749506037499952,8.910466021464726
4.725022442065704,1.5691687264461303,7.414357447845625
1.1909035819525466,3.3664105732785097,4.009070410040303
4.458336799262949,2.674482501044225,11.923743753390278
1.4502083488683155,1.8297005011420913,2.6534469426848015
1.9211977014837518,3.4893828770577207,6.703794363000053
2.202848569158848,3.5431706639224263,7.8050684273071225
3.725445094822726,2.3774818804087885,8.857178209398832
2.8080069732132285,1.4441389888958804,4.055152351108734
2.6652864714323843,4.705751062623218,12.54217464513823
4.21977941728375,3.381718341757707,14.270105453600104
4.461518750713456,1.6787865096470247,7.489937491234996
4.586297363681943,2.1907544012466973,10.047451134912341
4.233412038918163,4.854876201272859,20.552691357925802
4.8888257945722025,3.2583495436459042,15.929503296708662
1.5128296542902824,3.2605113478790253,4.932598255221368
4.992404579617758,3.0498570413762622,15.226120260546317
4.542917553374146,4.337839879094941,19.706448930466788
3.7349487739843763,4.883354424687026,18.239078621415985
3.9413432277786264,3.6569405743230132,14.41325796699689
2.0623311576350405,4.160521982221903,8.58037411596173
3.229783475422936,4.630986720898134,14.957084386059842
1.781960653410684,2.2183207907653446,3.9529603657867187
3.991877628328826,4.085051237932994,16.307024647281697
4.402134274459978,3.9160572852630513,17.239009996205173
1.5352237962192623,1.682944322270338,2.5836961712615216
1.5451265693291498,4.909468654757801,7.585750459754918
3.1459529407178968,1.2515780291397935,3.937405581310243
3.641903526113635,3.317676725039937,12.082658563428083
4.308343175493439,3.225054278060599,13.894640589478302
3.4592342571892085,3.14341932254919,10.873823805272654
4.058377091310296,2.669007597789937,10.831839291403805
2.056362718935483,4.643400057546792,9.5485147674421
2.4536620446223845,3.4629580320768465,8.496928685427184
4.278299250401302,1.218114669557226,5.2114590776695096
3.6700264299023755,4.969551079936245,18.238383808115913
1.768466330209781,2.901594516287853,5.131372205976404
4.71716708900855,1.3085655732319044,6.172722455859146
4.975348956196646,4.360702679201898,21.69601752325108
3.226273140384247,1.4879509753759406,4.800536266063939
4.12530466906529,4.168840840940973,17.19773858572387
4.8087354077011,4.906212377273552,23.592677176296718
3.9503638093210856,3.150946825614523,12.44738630500277
3.462286083194333,2.950100851296609,10.214093121464003
1.9434260864970456,3.488454995082709,6.779554439014659
4.31961467375868,2.732152205739838,11.801844758855948
2.005587669646432,2.4895244457690597,4.992959531717793
3.091395578183191,3.975392944437964,12.289512169976177
3.1340101012112,1.2171399693858733,3.8145289586432174
3.3062811366884564,2.990378857095024,9.887033206765263
4.16068392297899,3.040068020796064,12.648762138888742
2.218520339878219,4.524654281128847,10.03803755360141
4.576429623687217,4.709001517155781,21.550414041099764
4.172647196397099,1.5804575816100392,6.594691896929669
2.0798968450730495,4.547408751452863,9.458141115404386
4.260526057453557,2.1787312526064935,9.282541273918394
1.9183026524212958,2.673361882210455,5.128317189526303
4.093257981592994,3.0074104127266175,12.310106675819107
1.9063204835750565,4.407792056247394,8.402664284163825
1.7428006874694395,2.736755694671039,4.76961970610859
2.6695512063982485,4.580890782622239,12.228922515127815
4.931750345675421,4.424836640805509,21.822189632849838
2.0944227729694203,4.720412622284513,9.886539693924982
2.4441754662946655,2.2911709036998116,5.600023711911257
1.1357954467627667,1.524184192209879,1.7311614655397662
3.2363972114193653,3.4125271233964205,11.044293266053124
3.9468094337372635,4.997687008737213,19.724918232950195
1.0449578780956634,3.5469248163935077,3.7063870299034103
1.9705847431938635,4.698876144876526,9.25953364125128
1.9739251602825125,2.3195928927690352,4.578702772649295
1.6958208185113692,3.0505851600026554,5.17324582297434
1.2572552253449532,2.6648389587261843,3.350382705561299
3.313816584518325,2.343056279630944,7.764458757900828
1.6312004767484831,3.187737771188411,5.199839372111684
3.598322368146374,4.937464403749719,17.766588605939113
2.7961534166864013,2.069173122055458,5.785725494951037
4.927564819276898,2.0909775564179354,10.303427444902594
4.625892418079751,3.03985026359081,14.06202028644246
3.1739739536864477,4.662301236637875,14.79802268932873
1.1528627212887645,4.537409712492037,5.231010508745641
4.524530855369823,4.014324139338228,18.162933431891723
3.247470523559415,3.1576711956267505,10.254444130890487
1.817388355803006,3.3031698382408705,6.003142401258657
1.6218046289110215,4.7091936774265255,7.637392104488855
3.1646306587928654,4.410344788685226,13.957112334120607
3.243121256170039,1.5576433498432785,5.051626257408641
1.6050656038979811,4.3786095825826745,7.027955633901548
2.800463063903784,4.713458961898571,13.199867726023221
2.113522331451257,4.747400287060317,10.033736523040087
1.0897864243557094,1.004453319150271,1.094639591108998
3.810390352357038,1.860181537878205,7.088017785563791
4.529746367029713,1.6295177975997812,7.381302323687867
3.938320399765881,3.1506108005591758,12.408114787564916
3.0895165460314558,3.193097052034281,9.865126175344177
2.5457298291587867,4.589316854655174,11.683160812356856
3.6392452729340925,4.560364436991126,16.596284720176698
1.5425840766072754,3.360264106391185,5.183489903714017
2.960265919816415,2.1571113199030116,6.38562312555909
4.760112184288244,2.4299157221831016,11.566671435957348
2.062222634394353,3.49180781293588,7.200885106791414
1.0218062558367271,1.4097115572787842,1.4404520881527962
1.780134122375944,3.834250879831517,6.825480824938068
2.7921965770494963,3.996119168148323,11.157950262785628
3.0537767697441525,4.667062032290755,14.25216561716444
3.884049611590555,1.3018019087205501,5.056263197933896
2.5138851333215135,2.4560003199137608,6.174102691664085
2.7900862456077236,4.173465856314568,11.644329682216735
3.438793048960991,3.420241104082231,11.76150133448864
3.443922287929824,4.395572398863813,15.138009752656247
4.490902444250429,2.5079105289946484,11.262781524623453
4.613697193255513,3.95589087030189,18.25128260513694
4.055812890921114,4.183521720704605,16.967581324282218
2.0560655086396227,4.566754216410221,9.389545830795623
1.445436406230347,3.7125987348360345,5.366325373056731
2.167901869096073,1.276071531891378,2.7663978590876073
3.216177780500301,4.445306417637591,14.29689572792141
4.444584753344472,1.2827925140170509,5.701480049504609
1.8360604459032248,1.1135665375092154,2.0445754734020802
1.0325189091261593,2.1707602845006333,2.2413510409269852
3.5992269346886907,3.349629804906792,12.05607781505655
3.107721130959999,4.744657849016281,14.745073456563114
2.919000061117192,3.084403324155903,9.00337349172115
1.8510268389833948,4.601297327320758,8.517124847013285
1.7106914342715456,4.201063983594068,7.186724171561069
3.0221422922306576,2.9121806465379256,8.801024294517886
1.0669780727060298,2.020643307686551,2.1559821020617336
2.595442461961406,3.092381547532518,8.02609837705182
2.199249149567313,3.0503308540592817,6.708437536688812
3.1380049440697158,3.7206082948270964,11.675287224114223
4.438033286472267,3.688268890717026,16.368660106462304
1.3140693814979967,2.8496836945923025,3.7446820900178333
4.18911337815343,1.0602442345208734,4.441483306941434
2.7541939185841566,2.2170006273823253,6.10604964543366
4.70742187964671,1.429686900610561,6.730139396978447
3.165622324031572,3.038807947733958,9.619718277791184
3.7081174360427136,3.9925542207198665,14.804859920197266
3.7777712738330886,2.1339519607242634,8.061582416963917
3.31556440188768,3.7764835388803446,12.52117438582648
4.00031951103818,2.5372673964074544,10.149880270569783
4.014547988984841,3.6874776760201486,14.803556088693183
3.5560603320067075,3.9282968802832623,13.969260708321011
2.294737654043577,1.3981091800367529,3.2082937798943276
1.1251127326181303,1.994266289882383,2.2437743949777884
3.878712022294365,3.3719435287228183,13.07879790335488
3.2980686134377084,2.1616639874060133,7.129316149662378
1.1410046756988566,1.2972460146701814,1.4801637682703845
4.918341163691096,3.2435684936276523,15.952976439460404
1.9963464474268973,4.9790685729273,9.939945857058326
4.795438442625288,1.8515315986955398,8.87890580612005
4.454788537234303,1.0256838174140253,4.569204512642721
2.5551850614195644,1.91446077179635,4.891801564767803
3.717456976566952,1.6707425869163495,6.2109136857797
3.0859058029520465,3.154191545288741,9.733537993228808
2.591556838097859,2.287933986966478,5.929310969039474
1.5522245217550976,2.056706503319267,3.192470268505348
1.4660373969546119,4.742538077147865,6.9527381775799855
3.941385503133887,1.876676500627041,7.396705553643452
1.3588710671837037,1.291562357919823,1.7550667196408105
3.3769530280239914,2.1686851210308595,7.323547786295737
2.999488352638185,2.8865944405078134,8.658306403093324
1.8974945215412387,1.7001458206897064,3.2260173805799512
3.7044874323506916,2.552783603128592,9.456754775300785
4.11992097450103,2.377545907014963,9.795301250150022
3.2453113664994397,4.811112552600716,15.613558252463237
2.2597807497746603,3.710763231675584,8.385511317912092
2.424070152260822,2.537635547604511,6.151406588264141
3.746009138823102,3.006381733748646,11.26193344941327
2.3144851488338944,3.029879936028259,7.012612114687196
3.6723780915476407,3.0836035631839676,11.324158168455044
2.345107792611326,3.115853792930954,7.307013010439937
4.147232048494018,3.752171117713802,15.561124310816302
1.1225416522941778,2.8137090649149408,3.1585056228047237
1.897103532800517,3.950780391569854,7.49503943816618
1.4588369526480784,2.601182068990797,3.794700522809358
4.357092765186305,3.964970144194502,17.27574272944957
2.4602446377519773,2.335534493258048,5.745986213322895
3.321126883050671,3.348311799477432,11.120168330080267
3.6889465370727725,4.169543751583049,15.381223983575705
1.0009223412606874,3.441021931954928,3.4441957284617
3.135616930526134,4.315974418310876,13.533242457773268
3.714861826054129,3.777904833916333,14.03439444998115
3.86749088652883,2.9573490043234583,11.437520322506085
4.174429150532785,1.0953209176820033,4.572339567960076
1.7856592270688858,3.192803715313913,5.701259414470109
2.423295079047076,4.066008030169617,9.853137250875928
2.0664806339087622,1.9156779670959194,3.9587114198094246
4.112545813234302,3.5378668601848626,14.549639543633642
3.924271973464464,1.7531638010748134,6.8798915694503195
1.45561180421022,2.8442075716236066,4.140062114879407
3.9595953597035867,3.72532512651703,14.750780084344008
4.7112089478644705,3.1585078323837656,14.88039036182641
4.540671232496983,1.3009268904824163,5.907081307195261
1.1351770044479341,4.724146004841635,5.3627419103508025
4.698085379336052,2.315853758497588,10.880078683477963
4.594949626352443,3.4140275811470633,15.687284758348635
4.859085791193552,4.163254768254277,20.229612089543163
3.232595708275513,1.305854184176448,4.221298631402407
1.746670635605386,1.7620225823755593,3.0776731039089618
1.4834822592594517,1.2219777094738675,1.8127822532149829
2.9628333841169887,1.5775779930824672,4.674100743953014
3.1783033270747088,1.3702502615648036,4.355070965256405
1.45032753269387,2.8007444673796154,4.061996813080685
1.0530274465094238,1.11033209510342,1.169210170884213
1.6819074170089778,4.12620934807959,6.939902106666842
2.7162220462930375,4.980470484334754,13.528063730461822
2.6074775000501664,3.400021179165488,8.865478724368046
1.5582936929867484,2.491888947795354,3.883094830972885
2.1341977760207804,1.9883333881285998,4.243496694931921
3.5042722933441044,1.981060040653431,6.942173811912964
2.264737068977658,4.561680682275465,10.331007337988542
1.2452040448878994,4.3692176486281955,5.440567489067425
2.8862768752037122,4.90720371233056,14.163548596813504
2.5384688551547483,1.8133978415800005,4.603253942855676
4.110972985190217,2.556997922377866,10.511749382082918
1.0150459004257089,1.6178583796530868,1.6422005157362458
2.5928327365617503,1.78792672908993,4.635794953758142
4.845596051931137,4.303598423404132,20.85349952954413
2.06748447926852,3.2006250850638596,6.617242687327016
3.934761708270048,1.2663345036551727,4.982724514843531
4.989028122702193,3.011312225942961,15.023521381466372
4.90420135993773,1.9524017464827974,9.574971300245734
3.4955726054182814,1.5840248729016726,5.537073952016262
3.9711591789776857,4.85626049040572,19.28498342198135
4.921817982082683,1.8845379561121156,9.275352800309957
4.835013641118346,1.04550598011385,5.055035675721271
3.127080641447866,4.671577791302251,14.608400476199048
1.9554455822364805,2.9795588712980394,5.8263652318932655
3.5889277580235732,3.426634791099567,12.297944718386544
4.504766266108981,1.6702106367557903,7.523908533753885
4.4059468393804515,1.015564469895653,4.474523066323836
3.972648612751724,2.7372243266012304,10.87403042386265
1.1738667768322184,4.412268457774497,5.1794153530462115
2.753826670822973,2.2419492067514715,6.17393952018261
1.6734943249410859,3.5396384523593984,5.923564862366701
2.6720483730932796,4.179484624167506,11.16778509037516
2.4587897061683064,4.824199543996862,11.861692179281322
4.300681555415164,3.280660541393865,14.10907627995092
3.1375133769760644,2.6526265094804007,8.322651157616082
4.619647660224772,2.0160217677511754,9.313310242353927
1.6866522158257413,4.890725586834271,8.248953148029672
4.538271981563797,3.9982202703723684,18.14501102915135
2.5113693737346643,1.8747960969363393,4.708305499843207
4.545125649365438,1.712875416463946,7.785233989537788
2.9269635598583164,1.8777664392922513,5.496153941733323
4.359958971288879,4.664970382302184,20.33907946911532
2.5549161532919165,3.4533614263098187,8.823048891234167
1.7899471686044404,4.445640245958836,7.9574611708879655
4.026243984980658,2.2182048862515797,8.931034080725128
4.17511898435328,1.6973807071044735,7.086766413906882
1.972402230797941,1.527371470876894,3.012590896414718
2.825405875429169,1.279564063579416,3.615287823225305
2.3669783089493737,2.24623867080255,5.316798210512909
3.3193662147929066,4.254324886141113,14.12166229380949
4.153935011763631,1.357672535977036,5.639683481704927
2.2670332137518217,1.5066469678083632,3.4156187174200308
2.512507173338891,3.802822711418567,9.5546193413752
4.158401581508057,2.2730740577046946,9.452354756444139
1.060261026386955,3.1865369306866898,3.378560916749807
3.5596779707547683,3.776343898814417,13.442568186603854
3.837919497894146,4.045493646265996,15.52627894361115
1.6149169072611302,2.83759075427931,4.5824732849735215
2.6828329502437605,4.594652624244452,12.32668545524698
4.13539297888418,1.402476142202259,5.799789991515793
2.305520475422014,1.3831363630590228,3.1888492053333137
1.1909546231478534,1.9890960877331558,2.3689231815711103
1.4694722784165273,1.121056373570834,1.6473612635045032
2.0916696611322743,3.0212279882502457,6.3194109223867345
4.3973190938861855,2.7200727845828365,11.961027992406272
1.0916637143655183,4.979863401000198,5.436336177368779
1.7724924068547319,2.9859029804664554,5.292490360481705
2.6070511218161845,4.683990066237316,12.211401556759858
2.159756048685811,4.0384774662838865,8.722126135287972
2.8743992120222996,4.710389687693899,13.53954040662531
4.998889988911969,4.909845106662306,24.543775550802625
3.1081916652126633,1.244378999110065,3.8677684333995805
1.921405889220019,1.6382703258235516,3.1477822521717713
4.696432802731046,3.930819940345953,18.46083170947003
2.256532322802285,3.090419571037574,6.9736316530670575
3.920617598633678,4.417004399031457,17.317385180085104
3.681004609085154,1.2604072369177888,4.639564848418664
3.3741173064228978,3.2283001688505215,10.892663470046507
3.7335267494295477,4.9986233868892445,18.662494125275117
1.0286961340709135,1.517649630562795,1.5612003078340972
3.0995650243177346,2.241933640520924,6.949019098999985
1.8180875618886172,3.3785321054952737,6.1424671984423185
2.2137384862619194,3.373521643260673,7.468094695923705
1.5205437726962958,4.7558691617270545,7.231507237622425
1.806939302487426,3.1425831936026003,5.6784570838569906
2.277500173017597,4.759133209965363,10.838926709109906
1.729960409695806,1.225642478874578,2.120312964894448
3.420835572264864,4.591752340736564,15.707629746222091
1.4608175402768047,3.614856197991526,5.280645339604343
3.1337453181112296,4.135760068085078,12.960418750192995
2.9524169288557296,1.674979140805985,4.945236770795815
3.543814872567157,2.93297736935472,10.393928822422152
2.296716762432384,1.090396093050134,2.504330984599024
4.237194572753939,4.047030201201991,17.14805440430436
1.150132483407024,4.25697762979066,4.896088253159278
4.650210262978131,2.1394488646991405,9.948887067740854
4.572084347009076,1.5114542938823416,6.91049651827911
2.684444518273372,3.6903863969009394,9.906637533471347
2.7529523946901855,2.3988190968680283,6.603834777151387
1.8470551928603625,3.8919508835044967,7.188648089734456
3.7507863195624664,1.1527733443697694,4.323806489618403
4.3623393669666335,2.974058702639043,12.97385335819201
1.769277151611941,2.196072534697014,3.885460958921948
4.884663062825242,4.731596171571564,23.11225304748094
1.1080988424933125,1.3585072261111257,1.5053602847725391
2.219133762606682,2.685354939146463,5.959161810042528
3.728493427879533,4.505480075344691,16.798652850364864
4.791007722456117,3.4835438090318265,16.689685290585675
2.3289418685286916,3.4332867281406863,7.9959252078307275
4.70350137066001,3.9456027527285147,18.55814795553848
4.357042142382195,2.6374703871454312,11.491569626077727
4.665342655622506,4.81106454145911,22.445264624222123
1.823346558371787,2.746930066716325,5.008605483235194
4.009405189635948,3.849196820309136,15.432989707277638
1.2776700465880673,4.79742838921292,6.129530553548587
2.6273623925935725,4.70748367202523,12.368265563627384
3.394575722303658,3.575598104800399,12.137638519270403
1.3611322836182804,1.3372459185935393,1.8201685909344492
4.769612219610856,4.950085385270791,23.60998774170468
1.0988256366687361,1.6051807972062981,1.76381381145864
1.2109351482769548,2.4737941854405356,2.9956043287531036
1.553282703610824,1.2097727664868585,1.8791191134834537
3.9755136309284063,3.4495681212328435,13.713805086777262
2.5967627288470383,4.249926311322947,11.036050245589804
3.214534342632361,1.198853519858949,3.8537558113722787
3.362710011225857,4.315657007068673,14.512303022686844
3.7992110879685344,3.213875535921174,12.21019157142254
4.29189431307087,3.938756336422766,16.90472592086472
1.8860584168446288,2.0728224625723666,3.9094642521592227
3.3844845540209803,4.503993903875835,15.24369779907242
2.907162020320493,2.2869297044005186,6.648475179775959
2.2536721094568417,3.2303056123658562,7.280049663610834
3.475788661202218,1.5852639051998847,5.510042306706907
2.944776184411765,1.0446233344554523,3.076181916985222
3.3523510734687187,2.2736892008651903,7.622204433254654
2.849010196643084,4.173666889920289,11.890819526774532
3.029403823794158,4.345617332214755,13.164629762957547
1.480989221596436,3.820298369660536,5.657820708749691
4.383509282306754,1.2035238740869585,5.275658073537968
1.2437434235579015,4.011070573902993,4.988742647718465
3.3900891814303327,4.189051625900113,14.20125859741712
2.588943967091232,4.548443521842048,11.775665415528165
1.793762751943612,4.071127558706736,7.302636973219273
2.7690135935329927,4.7188752331190775,13.066629666692895
2.7209984233167663,3.4043676512106815,9.263279011334868
3.2561635667822473,2.1646520971058205,7.04846129335476
1.8985426792582554,1.4428749814138597,2.7393597330481745
3.8317832715192313,4.325783466943604,16.575464724848967
4.365579304855313,2.7909534273459182,12.184128523236346
3.7906369942539304,3.9381508542433648,14.928100317047617
4.427925750533134,4.866981539847409,21.550632887659752
2.995449438622825,2.5640507908457395,7.680484502039281
1.0116922844835292,2.9853611959911497,3.020266888380767
3.371259720805122,4.010987991283423,13.52208225564685
4.945891326038449,1.2760748134302613,6.311327351120862
2.2790612674217967,1.9525715289110233,4.450030143411672
4.9836505084794105,2.9475523679135733,14.68957085712217
1.6327532867822376,4.269444362334734,6.970949315335932
1.204846224025423,1.9119859556692211,2.303649059077701
2.3287308213346685,3.668903395048726,8.543888416549374
2.5022534902347537,4.046559282335562,10.125517087666001
2.674218750190797,4.889685048418659,13.076087439008774
3.1370678970792336,3.2356772448607756,10.150539210162522
2.4477425634830623,2.405068697200594,5.886989018238651
4.32031621467573,1.0997933692515098,4.75145512597015
1.993523869764636,1.6166738572550217,3.2228779240623515
3.365209401115625,1.1691353679525731,3.934385331410774
3.6665205014721307,3.372601775200352,12.365713552073393
2.4935524500263475,4.530711266281518,11.297566178398254
1.8246027545977745,4.9979149764918285,9.119209433352461
4.201281770052772,1.0239459424707937,4.30188542162205
2.4126543844992994,4.088684396357197,9.864582335705062
2.0315994561386463,2.6157514686545857,5.314159261112522
4.049218791344659,1.229636466792618,4.979067087859321
2.7144688116544144,2.2732701212171738,6.1707208445098685
4.06963815483817,2.6310637876012963,10.707477577835267
3.9576218656110727,4.529158334283263,17.924696056574067
1.070423179861483,3.0448225352230747,3.259248620267386
3.9066452276709844,3.5279573664606922,13.782477809110357
1.8260080116587218,2.493118063017112,4.55245355708032
3.5945094072324317,3.5219351640322585,12.65962907877665
2.2791744877198266,3.7785368010264992,8.611944677810083
3.11332064636842,3.872541691326462,12.056464001529154
3.182209077773877,2.193575773682203,6.980416739796361
4.375030954875095,4.478200536986842,19.592265971455706
2.7585193328094118,2.0143525700636022,5.556630507614772
1.0377981685569972,3.717911738016496,3.858441992570082
3.9693454989868506,1.890465969641125,7.503912587582811
3.3521836425625664,1.1419575089854415,3.828051282122492
4.125057603797135,3.2108518558284707,13.244948862551375
2.5172803750139288,1.556270219309702,3.917568481286936
4.4172388632118915,2.40982873449281,10.644789139686372
4.878420164341992,1.3551117657414777,6.610804562930307
1.5793725718965028,4.856291907745093,7.669894240215542
4.767328759349862,3.4424311586552765,16.411201064739366
2.81993140037741,2.989058645883071,8.428940333095253
4.044180309045112,3.1890484983650733,12.897087141677913
1.0519667538757957,2.722694928671153,2.864184545908284
4.028158277042383,4.646326935911746,18.716140304737873
2.2449896325712237,1.0538215664352477,2.365818491227098
3.849755665217144,2.7470700131029995,10.575548345691406
1.6277477593864416,1.6688376556763518,2.7164467548069036
4.219358580202915,2.6640939174032745,11.240767528861902
1.8826798811294703,1.713747308077643,3.226437578257567
2.889190979320974,2.846646767662446,8.224506162443546
1.1429809877776984,1.8114601253614433,2.070464483405536
3.722900270829228,1.659225355380864,6.177130524914141
1.3823535940529998,4.5440186194080265,6.281440469982436
3.7984670430766205,3.1125966163311887,11.823095665525825
2.6554298207832403,3.8783039487785973,10.298563959648083
2.833322398175474,1.329736326617775,3.76757171787372
1.7753907011880217,1.8460805753424654,3.277514287106846
3.6914853401912766,4.624145207675601,17.069964245050226
1.3050350480450432,4.01972011609554,5.245875634836369
4.828434432314469,2.4980336023219185,12.061591458529701
3.3296078155588376,4.906605299095547,16.33707135173094
1.6516285800197994,4.486494248830777,7.410022125463373
3.534526397745535,4.37557548291683,15.465587049697701
2.941070515088706,4.840060141017082,14.234958172001425
3.963894918143217,2.5745975589902237,10.205434180345279
3.4528354841413442,4.334362083258551,14.965839202191923
1.2219009084377586,4.999149663262213,6.108465514956413
4.535623225299692,3.746850782386923,16.99430343032645
4.839668479260486,3.9152682694056584,18.948600431291318
3.8549299152933503,4.002512440167988,15.429404941937362
1.0153043357424525,3.1280687112614918,3.1759417250440984
2.5468709161603695,2.8376782477434843,7.2272001985988
3.847133722776286,1.7252842723059882,6.637399305363912
4.7551812530555715,4.308887686073945,20.48954194634082
3.7794723796675544,1.924499775905625,7.273593747711708
2.4383927966493717,2.3191304958619985,5.654951095599783
2.1477826005027905,3.4938961642797284,7.50412938960344
1.1955958141635152,1.0274172069706844,1.2283757120537202
3.588025729260561,3.728021729881923,13.376237886058805
2.4945489384428003,2.6404448914575127,6.586719001002053
3.57215540075875,4.242530869952944,15.154979559988126
4.805693502379763,1.0942823971382833,5.258785805696
2.3773879810387073,2.6662206230084116,6.338640863937732
2.3856817418203518,3.4850278481663546,8.314167307105942
1.577846898761051,1.416155977067545,2.234477316577952
1.2505608905348256,4.493207086345722,5.6190290552578945
2.350156729900984,2.378317647647912,5.589419225462017
4.40108554673656,1.8304430635700908,8.055936511202518
4.672612243814906,2.3416531235737565,10.941637055978154
2.539463535139551,1.6515322037750084,4.194005808595296
4.266438248528389,3.7856499743484973,16.151241846100945
4.916296231927677,3.8228481534230587,18.794253971905462
4.248962035053783,4.688835964269357,19.922686000775293
4.952073348235043,1.6801799994757238,8.3203745956413
1.1080231263891043,1.4168783979461534,1.5699340322054824
1.3495331680485698,4.952930124071378,6.684143481461243
3.708500480508234,4.741504929955264,17.583873311071255
2.8168572001161047,1.9076774323360288,5.373654910774746
2.872159900714079,1.086673703828874,3.1211006372977392
3.0044271600392354,2.8737026032880073,8.633830151193946
4.944322282409697,1.8339438098729222,9.067609243842021
3.0038381384627506,4.29355569103523,12.897146334345415
4.802293445011083,2.602683575212692,12.49885027268192
1.2378897049579147,2.637051417211367,3.2643788008106296
4.558562639243791,4.2306446026297735,19.28565842546648
2.4570097766529195,2.7621530498710434,6.786637048144833
4.088549264042012,1.3912501574783214,5.688194807456324
2.3832181568237756,2.884022115291723,6.873253869844547
3.3914736054487413,2.37989679144535,8.071357151879052
1.3896861495032198,3.0119184063495057,4.185621292737719
1.4747650799716912,4.212829510718215,6.212933850281449
1.5786680513760163,2.7904819020131684,4.405244626651168
3.6525578772745733,3.2415443852891057,11.839928479022888
3.458046549258771,2.669295582841262,9.230548379195906
1.4757287897779645,2.9988713367297213,4.425520768451978
3.3548872560360707,4.619892537885601,15.499218599608543
2.4930633681325167,2.214238076962658,5.520235837999791
3.418878245406971,2.8497659827675434,9.743002922984772
3.9451967424113734,3.377489065252837,13.324858857765527
4.356041835708281,3.811672009764174,16.603802738531005
2.218491306702787,2.1422830020479102,4.752636216540438
2.9334024461896155,4.024533818680887,11.805577348491349
2.61917898522673,3.9575708636727636,10.365586438677303
4.946948825618895,1.7248852481533046,8.532919052679347
3.2649077723694675,1.716238637359687,5.603360866356426
1.3576722815339468,3.483492491790716,4.729441199035875
4.084639134979044,1.4250723100092562,5.820906127638796
3.7707712052814903,4.837637318118733,18.241623500757292
2.0351160566553665,4.174152180216332,8.494884124881262
1.8521758968257163,3.6084959985611724,6.683569312327048
3.999688571027817,4.867845694544714,19.469866789997457
4.650473398631259,2.4519997061592185,11.40295940694511
3.6742567447335435,3.0477484486924826,11.198210293859548
4.229166456928306,2.2429490164543338,9.485804744989004
3.682949148331133,2.8704631120029678,10.571769673667264
4.771112538784121,4.51596188939849,21.546162395180364
1.6984534821527095,1.670715478600529,2.837632522315499
2.091369460063549,3.8198215218119267,7.9886580736109325
1.8971915175615224,1.0117838443438636,1.9195477270949657
4.957178979164935,4.431576517678954,21.968117957999052
4.52348261831024,4.921815655752585,22.263747569324035
3.9497294749020107,2.2978230491081217,9.075779425171559
2.6479671033830776,3.4650466834085236,9.175329629352408
2.2202832577659217,4.148090467287304,9.209935816216419
3.585712409485861,1.5880338720874883,5.694232761827989
4.861972924692078,2.219008372770945,10.78875862807736
4.083357673406715,4.1801103864678275,17.068885822270513
2.545303665973237,4.600455510790894,11.709556276762845
3.4567328474345453,3.3774653854946286,11.674995539112462
1.1487511689272254,3.5078641147176275,4.029663002219741
4.05632776208241,4.4884868357009715,18.20677376139528
1.5634425906124134,3.2959417591200784,5.15301572238633
2.140164178326228,4.912104202795321,10.51270945502826
3.4753443324474076,2.956209502954202,10.273845941619054
2.6723438533787216,3.3272842771865383,8.891647686583108
3.872132920365662,3.9567290521898744,15.320980819951636
1.9448508477861632,2.3823641732030523,4.633342981989338
1.393037360515366,3.852896840164306,5.3672292445604795
2.8239276606845243,3.3731033519966207,9.525399858050944
1.8943244161850274,2.804501945239054,5.312636510104745
1.7286173127851963,2.0684411931181828,3.5755432569021584
4.584222399422044,2.021510522756455,9.267053819087508
3.6223244866980093,4.712379603205294,17.069768027306786
4.127488183948833,2.904937233228073,11.990094105261885
4.789682122104569,3.002346307259507,14.380284432247532
1.0082857012718835,2.9450466538843494,2.9694484306901954
1.8356969466766362,1.120546815199837,2.05698436727057
4.682952630588991,1.5513842091942274,7.2650587635003285
2.600623769997196,3.5911640799131734,9.339266668182308
4.764055077002626,4.40088398565096,20.966053695140012
3.737527400897338,4.712807231957939,17.614246164589932
3.675749641305555,3.479188993905751,12.7886276963833
2.5595764458924455,2.1137869180168356,5.410399206991478
2.6336806926360525,4.946595472835843,13.027752991088665
3.6836589585108053,4.895181170932185,18.032177973837758
4.081603363703538,1.917670978530019,7.827172316444781
1.5577407653689948,3.6468351971166864,5.6808238511311355
4.531163580359081,2.8501912176495683,12.914682642473027
3.8918824952571898,4.140131114337722,16.11290381196062
4.468002018016893,1.712109789600475,7.649709995001401
2.603691211712639,2.9742923458972332,7.7441388420767945
1.5485340652651187,2.532143437156668,3.9211103705746053
2.44013253509883,3.0046137173200966,7.331655687037006
1.512251654414868,4.0399009186688435,6.109346847929104
3.0155845897880993,1.6688344908664572,5.032511573563757
1.2181245395455034,4.3842378985801975,5.340547771465949
4.09062565067372,4.254101550507155,17.401936923075414
2.4444847729042305,2.736412109353252,6.68911773370477
1.8466323820011858,4.33399906415222,8.003303015426324
3.964940231518511,2.1530009166232613,8.5365199528158
1.1025188285652923,4.558420878474756,5.025744847043558
1.2531058759406282,3.109223521832249,3.8961862648208054
3.212697387630485,3.8446173264413144,12.351592041096911
1.2472575699592348,1.9052737293108382,2.376367081727405
3.12983232689,1.420437072028355,4.445729866347325
4.865957911360278,1.5512097550404924,7.5481213797185225
2.547376413309262,2.722867146028116,6.936167544366729
3.8119072043590148,2.87997865991948,10.978211402147286
2.2754458359016123,2.4378992148056904,5.5473076166774185
4.389258670119919,1.0682856561126934,4.6889820782573866
4.946423290859947,3.5432927200602546,17.52662563684054
4.187163901106622,3.243790020410436,13.58228047623249
3.4377235087971956,3.5216021527652144,12.106294509191791
4.946519355312013,3.947560524174248,19.526684539093555
4.560208027389129,4.871522876155065,22.2151577254521
4.262450240425358,3.7895994349865423,16.15297902277419
3.9178923902340617,2.42328284134915,9.49416140350661
1.2603126640176594,4.247735830070258,5.353475260039111
4.707210161835253,1.2617750218302128,5.939440204709076
1.1951571760520872,1.6657465197678505,1.9908289065843363
4.6773024933119265,1.2249043024414985,5.729247947878127
2.9344166739052113,2.8535005103039706,8.373359476433
4.855061366951514,3.9299807535061717,19.080297729210812
1.246659976170175,2.235876942696656,2.7873782961016573
2.800668357436369,2.603921754458412,7.2927212629518685
4.500563372840456,3.9825670995282176,17.923795618016147
2.42933146080489,2.362881675334347,5.740222792049095
4.769677305068345,3.3499339262360692,15.978103821446677
1.1131537587672273,2.49945154630659,2.782273883627739
2.48546081202151,1.2177123660753284,3.0265763661942198
1.1262294334382603,4.324827970598412,4.870748555044991
3.8152622767146718,1.523498385252656,5.812545917890175
2.601774673272957,2.201952297043834,5.7289837182038585
1.3335529479290287,1.7947694934668874,2.3934201488658573
2.831844109652057,4.666462003439711,13.214692937355883
3.35874631867316,4.393238148744022,14.75577245914847
4.219232428113216,1.8656674782304505,7.8716847242261245
2.405835631989578,1.694207991738327,4.075985954525572
4.287378390490058,3.0905276529003523,13.25026147425693
4.1873923971655955,3.8158890459839236,15.97862477958056
4.462614582357095,1.4976198453331824,6.683300160611237
3.635830135573278,3.4417146436837482,12.513489819549218
2.07197761219478,3.1947535842834927,6.6194579031144265
4.935231866477393,4.446164849878462,21.94285445073186
4.7957979896439635,3.8958073773964763,18.683505188558144
1.3691466076477603,4.503409458231452,6.165827782586431
3.082248755730509,4.586457689508987,14.136603506699702
1.2656863555338664,2.409822148825744,3.0500790130320463
3.7916040268943805,4.639601072913445,17.591530111242108
3.661678629551666,3.1899601571021567,11.680608936382242
1.0680837179425615,2.1043181901380197,2.247587996256778
4.3481567664902805,3.9919206904423006,17.357496961439242
1.797399838046156,4.851758256072031,8.72054950370297
1.2320668792369127,3.7030279931448504,4.562378143240903
1.9590925954949845,4.036207816904861,7.90730484797729
4.32015832095084,3.480696889658966,15.03716163056789
2.244763319297416,1.7181857866150114,3.8569204295315545
4.642010427312292,3.067462573906788,14.239193253465512
2.366215856642357,3.5069304416844775,8.298154419255596
3.4510045929096624,4.069521135658089,14.043936130099011
3.9416221886242155,1.6759820775223613,6.606088144498649
4.883077948767275,3.754355582786793,18.3328109581375
4.3471623938517645,3.2726448368961574,14.226718563388117
4.346530659589285,1.5739429189066119,6.841191153471041
1.7591544447664407,4.112766368831541,7.23499123801594
1.287405776643987,2.2470833563915167,2.8929080936189977
2.655709937499264,2.9396033978215708,7.806733955901348
3.079110252078003,1.2399253223563451,3.817866771878545
2.203881399223376,4.361121202434227,9.611393897803477
3.208594274062834,1.66521653083676,5.343004225917604
3.294569233508823,4.65961545505232,15.351425718197587
2.5493960625558256,2.4932328590230615,6.3562380338281965
3.399903624024619,1.1204967506071677,3.8095809630971194
2.623522338823584,3.9288708145847098,10.307480348414998
2.1368236240931044,2.09814937038926,4.483375141523844
2.0518943527563853,3.531067131144791,7.245376705599687
1.9686242758766457,1.0916746592132407,2.14909723548655
1.1953841803317582,4.105369250893661,4.907493456938723
1.8081476175376197,4.89926086857492,8.85858686720903
3.8895726975385707,3.011729697029772,11.714341601933112
4.902369761486179,4.726285428347595,23.169998768084003
4.481221791034569,4.132105879359413,18.51688290944746
2.3023488750113925,4.253753119632744,9.79362370956265
4.615994062483187,3.6012500381934682,16.6233487938184
3.858046205857953,2.2820181527835746,8.804131476045645
3.0978415953815044,3.764859456364477,11.662938224691274
2.5487031764598362,2.309658815094008,5.88663475856856
1.2280054035796613,4.233978368837379,5.199348315571702
4.170083710402226,4.778994893448907,19.928808757266708
4.7903422172043895,3.2613529248019293,15.622996600881695
3.261890578292161,4.718859948783891,15.392404807218403
3.6837959684669515,2.92121656946104,10.761165821599437
1.4483754737396053,2.3487665753915143,3.401895901336435
2.6584181214107145,3.4305812509433595,9.119919364479665
2.894260668271775,2.0809367696126153,6.022773445450317
1.635892543476492,1.5824450552525477,2.588710066348888
3.7205777180501354,1.348954771570487,5.018891065762564
4.633981221604064,2.253530462856847,10.442817847191344
3.026476010060428,4.114327322588972,12.451912939351676
4.457662509600165,4.155601473846796,18.524268894806053
3.5087942705850543,1.5838876247990887,5.557535823145613
2.7925883441803125,2.028831024620009,5.665689871665238
2.9800851806391613,4.24588630400917,12.65310285325651
3.9145574811938477,1.4621483201847245,5.723663645394131
1.1518349658857168,4.3772567164085725,5.041877340617493
2.3437367750493565,3.7837478100888706,8.868108890017755
3.7001432004695656,1.0599385673875927,3.921924483034654
3.7557693061451425,2.959655638255274,11.11578380291857
1.8750947978399228,1.4925105741383815,2.798598813287956
1.788233866858819,2.385109296522909,4.265133220202078
4.311269740837117,3.8490629757269743,16.594348737828177
3.378923707061061,1.3603295894971716,4.5964498993686345
2.604445934576319,2.031587063536149,5.291158668364565
1.4442035221766427,3.128303495212359,4.517906926223191
2.9532852998183374,1.4116885982705774,4.169119185193651
3.911957178485565,2.8230345187828423,11.043590150865082
2.208830817835284,4.7133314288572095,10.410951714731416
4.377933282300238,4.162544343881761,18.223341422130567
1.6276280824622495,3.196264843622757,5.20233041846721
1.6422466942031821,2.530715483266821,4.156059136363745
1.2959584662513164,3.528171985984292,4.572364355627064
4.263351397850165,1.5188058621126674,6.475203095301066
2.135826764126944,1.106685861982828,2.3636892835038212
3.8994722454876034,4.30952597480314,16.804876929952755
2.8888879491658734,3.9345425217758363,11.36645247663892
4.04797155776761,4.56946196630939,18.49705207392127
3.1384403834639607,3.3137192137901472,10.399910200019445
1.2572411261701606,4.359153386544785,5.480506912848035
2.5545229401641385,3.3139701012978082,8.465612646783326
2.742494019311761,1.9868756989999752,5.448994721623306
2.1882557158938045,3.7577326181596473,8.22287988048844
3.056620537048347,4.68344411574809,14.315511468313847
1.4629487481736807,4.767976956012918,6.975305919120054
2.296217962581704,1.7539799373901133,4.027520238243111
4.736573393764643,4.2920555722308915,20.32963622798812
4.97057809374426,3.5741510715555167,17.765597020006425
2.853182297711111,3.5177277774403612,10.03671862275949
2.7017660891518993,4.301552595476177,11.621788933160872
2.8852142046664517,1.9374911150470537,5.590076886548802
3.0420206293869683,2.9641942256777423,9.017139984021423
2.8010476584464747,4.007075166352156,11.224008511929727
3.8616489858601604,2.5043080076879702,9.670758478169729
3.8660239616892085,2.1896031643355065,8.465058299911583
1.4950206952264273,1.2238236401291727,1.8296416693004527
1.6807871647460328,3.2637130745404095,5.485607045101332
3.1417472120503818,2.4210663896895515,7.606378579996031
3.6751268506622776,2.5303809575357055,9.299470999443995
2.4375714073849246,2.8760171939486083,7.010497279116551
4.570107619424106,3.977023215624775,18.175424100353343
1.3801189297438752,4.332008453967235,5.97868687113068
3.6249984212846216,1.7088283106214321,6.194499928249159
1.6641453870050609,2.8528720696244054,4.747593894381035
4.3111149074912225,3.3262447497499257,14.339823326611315
3.147231164934311,2.563936268366597,8.069300128708736
3.1148566970729967,4.05597193083298,12.6337713318952
3.4277945084380357,4.546442930035429,15.584272108502375
3.8212144935801287,3.1407583729688446,12.001511415621692
4.8142029099861405,4.281311936450704,20.611104383019377
3.992698028037758,3.489436774995046,13.932267330485153
2.193066454013646,3.1245617563469263,6.852371571338404
2.7858230413399894,4.411616752918834,12.289983599842795
2.440506455372396,3.9369182178579787,9.608074324955584
3.503546583967244,3.5559896629766965,12.458575436344836
