q,Ef,target
4.032501664131777,2.477025295046782,9.988608624372654
3.013274045454938,1.845304013115348,5.560406688694316
1.7080666525240273,2.9076190744524455,4.9664071793149995
4.3301460214360326,1.3289374262433307,5.754493108984999
3.067299122401473,1.9506374613479327,5.983188573315951
4.707678176578034,1.3339911008566805,6.280000793252301
4.887226200184533,2.511007839461125,12.271863301883167
3.7005193958202542,1.9246173579174086,7.122083862505703
2.248400431949345,4.59693620631282,10.335753351917326
3.302735083562713,1.6897551767697228,5.580813704949077
2.4851458761306584,3.3442425303859467,8.310930533169394
2.076016124376404,1.1172784098238653,2.3194879942119724
2.8167191014292774,1.8846556420202796,5.30854554649498
2.655108499094315,4.041719966819009,10.731205034860345
3.442357085707294,2.0325158009923068,6.996645169357904
4.414470608148588,1.5592540666058525,6.883281247667697
2.398534872575031,1.502171528428649,3.6030107955254493
2.7956479740566893,2.884079688709367,8.06287153875839
4.332532320416011,2.582555870092765,11.189006776456997
1.7635886928178586,3.61315290162249,6.37211560272346
1.5018825130964228,3.240776645465178,4.867265772675436
3.176019047110852,1.3126769434940404,4.169086975240328
4.324456897995667,1.108653825193688,4.794325681848126
2.4933338662494307,3.0239999395303787,7.539841460767324
3.527644628408696,4.623826175962488,16.311215572329594
1.0392945578404542,2.2112592731848557,2.298149728595259
4.636380068063934,3.42624230172889,15.88536151609332
3.41354767522423,4.487722292655105,15.319053999144787
2.0344610731731025,4.765183773934297,9.694580894585425
1.3129149588568656,1.1889973500998754,1.5610524069873002
1.897782095805593,1.8798302732407812,3.5675082357096906
3.5151699956572053,1.6711501531182602,5.8743768764792526
3.676675087580725,4.984713940523008,18.32717356383729
3.8414281682007703,3.6318728534247025,13.951578682469359
4.385519030841321,2.2468819371169646,9.85374349528006
3.141899037587863,2.903995111100388,9.12405944472617
1.998907129223979,2.3342573475084385,4.665963653378073
4.881469949495586,1.3598316683075184,6.637977425215601
1.453087245826124,4.062026034780006,5.90247822335249
2.175034909410707,2.0216617912890107,4.39718497107538
3.853892091840421,2.948896367126183,11.364728388924545
3.422542033745662,3.3852842073547107,11.586277495846863
3.175458601473561,4.214173253552653,13.381932706093595
1.4578808401746017,3.669769361276244,5.350086439664422
4.9175087470732635,3.0496970480453576,14.996911909686556
1.5913597978667737,1.574987188122709,2.5063712933337126
2.320978860023961,2.5961027583233984,6.025499620518502
2.526742345984676,1.4731430006317279,3.7222528013871172
1.938429073922737,1.4349085286262464,2.781468410308812
2.1625155158692793,3.0866073231377227,6.674836227681068
3.794940077755882,3.096982995776924,11.752864890802325
4.073933257841043,3.117019220528504,12.698528267840837
3.3494950025540993,2.899269755523261,9.711089557181408
4.450587433458686,1.6165369058691685,7.194538838983509
3.8607904015541767,3.907436584663777,15.085793660751545
2.850576191938147,3.916202623010048,11.163433959958166
3.3997274836169584,3.074204513724898,10.451457575569844
2.7683477130218193,2.3066570401976243,6.385628741956772
4.802366638767502,3.299200396948912,15.843969920915955
2.9747097336716313,2.5123358542903897,7.4734699200098555
1.232544812625151,3.799318798430245,4.6828306765144205
1.1372538360858169,3.222286087408951,3.6645572138717877
2.6972804846059386,2.824297790591413,7.617923313277887
1.3032734745862307,1.921005224720064,2.5035951539192207
4.52687044924866,4.279091931895725,19.37089481611712
4.751749256568454,4.906130537738112,23.312702135324862
1.4991468024836467,1.641655794956487,2.4610830357877664
3.093018049872657,1.9895595412284015,6.1537435723158085
2.3426311210272432,4.652972999528016,10.900199353993811
4.500129370522133,1.5292166958186533,6.881672966746333
1.157170137618662,3.6446101159046185,4.2174339893877155
4.861197874270807,4.493669447719709,21.84461636693072
4.433098870143233,4.1771671220914826,18.51779484934321
1.352321506462253,2.5708373746831845,3.4765986714010273
4.40749847154872,2.814798435254905,12.406219801103724
3.7483100113064,3.4061541135650475,12.767321563928343
2.005559488441093,4.729638156831021,9.485570682325497
3.3821097406829925,2.8835344442571147,9.752429931516907
1.9450569440735617,2.5076210371838474,4.877465711479389
1.9584985140645101,3.783307256951888,7.4096016409897505
3.890153940582492,2.5778966729767583,10.028414900795033
1.9175936649266894,3.1394149196494676,6.02012216149615
2.6915751362114007,4.359716090869192,11.73450343112428
4.982895043675157,4.379524761219455,21.82271222633305
4.895953145879412,3.3397848182183076,16.351429987316223
3.64224246469263,1.4572949149301886,5.307821422739367
3.545717592474992,3.8281988890766376,13.573712148492254
1.8827425004758829,2.475501176116864,4.660731274253254
1.5300764755834426,4.375622004371504,6.69503629493411
1.2578053360581194,1.2420414057575773,1.5622463077670086
2.3077590331637525,3.612479605215787,8.336732441056558
2.3641670302458944,2.615091289929642,6.182512608734867
2.9736060454278186,3.2389972312412003,9.6315017479428
2.12185580692875,4.334760189180361,9.197736079055916
3.126378362341249,2.3477905269959547,7.340081502909911
1.9584986630500123,1.2694792065483878,2.486273328794808
1.705982091318778,1.2882464287546003,2.19772533666072
2.5927290701985903,2.35144272105725,6.096653899792007
4.849662455714465,2.001765747032524,9.70788818851885
1.915558842870853,1.687857698726034,3.2331907403023026
4.461695884147499,2.1175382128780287,9.447811528922951
2.8958956937001576,4.960532500367274,14.365184706273263
4.485707733548458,4.339274395175661,19.46471671242827
3.9649521624385002,3.370436590920943,13.36361984953384
1.1917642166027695,3.820875020652054,4.5535821257244855
4.887429007577222,1.4385008440163713,7.030570752469931
1.2204535980869053,3.557543038613671,4.341816201825077
3.8949627483668796,4.338076907281733,16.896647953412952
4.2839946386289025,2.7401448282263243,11.738765753188288
2.0670339771887383,1.8040562696271758,3.72904560607974
1.6777250025751598,4.731211153073614,7.937671243974054
3.528694302723157,3.0915335819879677,10.909076937438256
4.883772190400428,4.102584404832347,20.036087625090712
4.3899273263852265,4.397664823852298,19.30542898251228
1.2579399946773258,4.84603716281195,6.096023962793787
4.475928285442624,2.279094551981437,10.2010637704119
2.3794277754964637,2.632230847753382,6.263203190663001
4.308978143789621,1.9316280106301567,8.32334287973717
1.069770640457513,1.8842118074465088,2.0156744720096595
3.4015219929033598,1.8208238658609788,6.193572424929436
3.215336087399079,1.2283068921708002,3.9494194767977833
1.0396895394907406,1.9888956087050689,2.0678339595097293
3.1937470328604998,2.2575949284592705,7.210187104167708
1.9425364061543964,3.632654673370058,7.056563954008245
1.0205060756211926,2.0446003200065244,2.0865270487836924
3.1992576222529028,3.3266254255457475,10.642731749057539
2.3764832087661323,1.1506676485916905,2.7345423457485607
4.144363817215504,1.5208177957239375,6.302822245175727
4.30240124396934,3.6934600007702723,15.89074690186502
1.3187254099910075,2.7795275810633084,3.665433648919025
2.6764895634052746,3.3972458504406813,9.09269306302636
2.6753327070408184,3.55423126703371,9.508751157082413
1.857496013019734,3.701754592375346,6.875994396514695
3.3591739295997693,1.3396191803126314,4.500013826098004
3.8415700665549095,1.0763685590312977,4.134945236955474
1.3473040464606996,3.8422650856245975,5.176699297436686
3.0155761775776653,2.937967612300096,8.859665142146904
2.8773589192936755,4.065839604642473,11.698879850835493
2.2196406044154355,4.241403492369221,9.414391411372156
2.1275338060725026,4.290372430062584,9.127912385599583
2.4072282186683815,1.5518414328763623,3.7356364881187547
2.9612681909931875,3.7652677222902327,11.149967536591436
2.0978026593591323,3.2513594265553283,6.820710451560151
3.155430715572151,3.139699040346992,9.907102789563305
4.036071582959423,4.357582523175573,17.58751499218955
2.5876819103712014,1.1001588053644196,2.8468610391771
1.4981474930537906,1.3532165149607942,2.027317929447501
3.6116680956256317,2.1441421193263546,7.743929684858121
3.8425851012354677,4.991557722864952,19.180485337837702
2.0159094786129135,1.1898516476417953,2.3986332146242875
4.359294342279934,2.111296265139441,9.203761863499121
2.101536265722245,2.165009093093762,4.5498451247549685
3.936867468031783,3.271914082567969,12.881092109856894
1.9060573358655417,2.922730795639882,5.570892473789528
2.708805702422478,1.9556284534486328,5.297417506521308
4.077716518075029,1.3694085450169347,5.584059844008646
2.0594242695633374,4.449777184669362,9.163979128257305
3.969535679124178,4.849100522970538,19.24867753759126
2.47253897183217,3.9736451214856463,9.824992423104039
4.999206360047069,1.6336820546641384,8.167113717971723
2.0104929726550944,3.704268287622797,7.447405361094753
1.427493184406992,2.0857286043169303,2.977363367185126
2.689744504373195,3.01735704237324,8.11591952245518
3.8806163860395855,3.3562363078301707,13.024265611586758
4.822265451738025,3.8909701100814384,18.76329073559102
3.66819377656356,3.794789391666867,13.92002282988182
3.1625617853738697,2.3026565056897974,7.282293469737081
4.049980874583342,3.2968366555236464,13.352125401496078
3.412214230261908,4.842178572309971,16.52255062990537
3.730054112553494,4.4811225044483685,16.71482942657365
3.223786471189884,3.0830535210345156,9.939106231065407
2.1107575775452396,2.3334132816903126,4.925269765872532
4.023843224935667,3.9904949479395806,16.057126060406688
2.82237754787323,3.4485985450267136,9.733247105111683
2.5346069254332955,4.187882230458998,10.614635304220412
1.0086038176371632,4.289868091331113,4.326777334076411
2.406728882316061,3.706227936419911,8.919885819028453
4.632356650523652,2.3208353265393815,10.750936959664937
1.190926949294632,3.9498358519568595,4.7039659613855465
1.5637194525360312,3.3923529574436784,5.304688309422815
3.765960405405944,2.8828785600283187,10.856806510660352
3.5494534941584193,3.2737865242546773,11.620153017644512
3.460211139171692,3.4794426549925084,12.039606232914204
3.192114935013567,1.7017416843143578,5.432155046035004
3.4281536693110315,3.5989747442969424,12.337838475419295
3.7148000135174906,2.5271836096270497,9.387981707203744
3.0928005994927004,3.1407262936318787,9.713640163787161
3.5136445083902865,2.1280762763799244,7.477303521937971
1.0494280704682346,1.4518788177450994,1.5236423862599413
2.9028770147930962,1.7292713221686546,5.019861973464255
2.689857072464732,2.7169427621284923,7.308187704193188
4.1033254705307005,2.2420732688884057,9.199956351025824
1.9044767290845206,4.742254674477932,9.03151367093551
4.076770025463535,4.0723095261805495,16.601869410742474
3.012522878524876,4.75738334491826,14.331726168479461
3.6672491584571354,4.92636215268757,18.066197458698575
1.1887082365925306,1.6871538633682088,2.005533693784699
4.264216976982453,4.447495591477821,18.965086206234343
3.1946009607528807,3.9775194744103204,12.706587534364502
3.345543934408976,4.353995966357276,14.566484795687733
1.8218780660839222,4.1758722517296825,7.607930062194788
4.3838993151561425,4.85714811786406,21.2932483075162
2.1067866057098237,1.9559996004911056,4.120873759088427
4.339005965796315,4.554793502143346,19.76327617877027
4.634851392901124,4.660361976691831,21.600085199093574
4.193545163156342,2.705491424739319,11.345600478176532
4.752068876320795,3.5422838184619745,16.83317668480793
1.7373303162488423,2.6339157955513137,4.575981762057985
1.7779657549524268,3.0349263427467283,5.395995106206694
4.486066376663236,3.4982903085426074,15.693562528959848
2.8749820312399015,2.3180981775367897,6.664490607068234
1.5035613704742787,4.042609293246058,6.078311169245099
1.4248776019125087,4.303604887525614,6.132110211716448
3.009015998773471,4.783552945625525,14.393787344367167
3.567792175747506,2.617456540868044,9.33854096686814
4.267365772047779,3.201068240664404,13.660129044200483
3.2982400473382856,3.8437894190228614,12.677740195356364
1.1759076597652731,4.039146897142331,4.749663775266803
4.8562526452603585,4.620977365481464,22.4406335548076
3.178043245700284,4.384704729675667,13.934781250535842
1.8822136132369058,2.668740478158844,5.023139658186946
2.530931833333249,4.28345046662272,10.841121142481601
2.452887436446855,4.984819572113405,12.22720130139136
3.2312105014324106,2.8389171619400413,9.173138946357357
4.331990634239888,4.225319986337695,18.304046607481506
4.817944940543351,1.8567440597311826,8.945690648465774
1.524059677748686,2.702371212829188,4.118574999781778
2.7683944396560394,1.8349829404640006,5.079956569244228
2.4562445696892876,1.8115979441537395,4.4497276127879
2.209121078909125,2.4200425619377692,5.346167035433968
3.762787881419952,4.495030276885279,16.9138454524797
2.8751059462209376,4.994709491665006,14.360318959132215
3.707429315293454,2.299255295224063,8.524326484857395
4.944556371619912,4.48322248213357,22.167546289423182
2.823638517586622,2.173427171408515,6.1369726763584245
4.872362875643319,2.64137275568131,12.869726555517305
1.6638401604348632,3.5823296022561304,5.960423860148399
4.23142814001466,2.055508768856742,8.697737646587306
1.205644444692847,3.761734119223771,4.535313843253679
1.836483146710671,2.4960109834393323,4.583882105091061
2.2607528736569127,3.948835533772378,8.927341280574433
1.6393113528852048,1.4409476656779225,2.362161867259253
2.9600611690530036,3.6893605674847243,10.920732954446885
2.253769267635943,1.9670872423518153,4.433360773571257
3.424562919996207,4.883342257783903,16.723312821657316
2.0514713465410215,3.672328484146457,7.533676660312881
1.429863112458401,2.7512093333409617,3.9338527403955097
1.7523637508959222,4.81766757634762,8.442306024658183
2.9981867934517554,3.0938231622637584,9.275859746374348
1.2957668880717725,1.9091555516148264,2.473820547960892
2.4802877550878177,3.793993261860961,9.41019503027943
3.0202639676968195,4.206875385116959,12.705874142259432
3.6274736927974036,4.5400851317678494,16.46903937854851
3.8920480479083976,1.9438996622920452,7.565750885953548
3.7932804868198136,4.281468453653737,16.240810740179324
4.9163052828029326,2.2330469184294324,10.978340361821427
1.4904134561752014,4.546282950564942,6.775841285101888
3.5899958176566495,4.40633228940494,15.818714490169183
1.702602947744825,3.7975626831496903,6.4657414185764095
4.399214561976929,1.1551797093711969,5.0818833991660455
2.898925173972169,3.6754956703727175,10.654986925669183
3.4068512921224627,3.626468594071537,12.354839215554147
4.842403943010925,3.0554046542032247,14.795503545007628
2.4645367686363784,1.8562581061899714,4.574816354784516
3.3205234415714986,2.3282761895794546,7.7310956659513455
1.964987744895963,4.712587249075852,9.260176191187027
2.96942735824286,4.681394695468482,13.901061483457111
1.8665846423192796,4.113549363866132,7.678288068014764
2.2771347769112733,3.1570878270842635,7.189114484816821
4.89409923358286,1.8228263681068553,8.921093131106389
2.014640029554222,1.1130441924824162,2.24238338483793
1.0967840142769405,4.233453747735808,4.643184395697438
3.5643505883961644,2.3498690993674884,8.375757306984472
3.8489920840053573,1.160844264065708,4.468080383151935
1.0751449732706968,2.3824468360450592,2.5614757398585213
3.143471708803446,4.783724138472662,15.037501492008952
2.1195714295443433,3.0437693911544046,6.451486639612456
2.7237391351353737,2.652539836325635,7.22482655970571
3.72857020058891,2.0177502125011184,7.52332331456361
4.4789239879139755,1.6816747940125896,7.532093574773281
2.3392173536311134,4.132004918041524,9.66565760957184
4.70992768623213,3.786893196459974,17.83599311081092
2.7587853849914534,2.7232211200499203,7.5127826260937765
4.076104794819312,4.910874269124863,20.017238155134635
1.248806364269024,4.298941448271468,5.368545440221304
4.182549395621061,3.7155350315692344,15.540408800698781
4.424728785173613,4.582649626766877,20.276981715920513
2.1792343730178065,2.1326084590220984,4.647453658089493
1.7211790364842985,2.8115060693530953,4.839105307518918
4.254930626839325,4.4528942652048595,18.94675618709735
1.220982740748017,2.421897667635862,2.9570952520412646
1.0690270264025878,1.9037488370139197,2.0351589582503755
4.811533932476618,3.4835599204027354,16.76126676283331
3.1992281148554707,2.990939124771242,9.568696537789371
4.156998150694923,4.516930345876302,18.776871094625566
1.609110538767911,1.1063925999023625,1.7803079925177203
3.385705006283911,1.5143980669483565,5.127305116773728
2.5711020924283883,2.3607672529710517,6.069773623850289
1.6740786749597314,4.580807142726702,7.66863155174199
3.13084541281461,4.916424392254651,15.392564755940331
1.834426361031034,2.5398376554789057,4.659145147949762
1.0290861255533592,3.277841496651343,3.373181205966955
4.638598319022357,1.4723187717933395,6.829495379905645
1.447705642547708,1.8291502753124984,2.6480711746375976
2.9666544831126482,2.357021750374397,6.992469142542226
4.936468714432496,4.597229511456796,22.69407965637226
1.167001086805659,4.264555924483259,4.976741398615475
3.486011697746884,1.347654949187965,4.697940917395728
1.1760422639984691,3.443613805210446,4.049835375816076
3.203330649555343,1.6303085389781744,5.222417311140577
2.1385056691851334,3.767499451786966,8.05681893629831
2.0687489869999456,1.7343505844767138,3.587936014738965
2.790268264523355,1.3477643315031296,3.760624042249717
3.841680373465194,1.1006113749993776,4.22819711814765
3.275881694536649,3.6468985141810375,11.946808084438565
3.3797470801420935,1.1845471247207437,4.003469686065646
2.161620102669141,2.6236606888670235,5.671357687637724
4.041902424980199,1.81335825330585,7.329417121394774
1.1512811220044088,2.934493698695992,3.378427197949589
4.615399085961469,1.3386598192715256,6.178449306279145
4.721094771386683,3.217737031085967,15.19124147315727
1.0720679468069583,1.4707843596334609,1.5767807686280313
1.8991252706698076,3.4355180913765686,6.524479225176547
2.377907784575898,1.8135202252208615,4.312383861038523
2.331959475214757,2.4057661521942766,5.610149173760391
2.9114349430220905,1.1435113633303233,3.329258940942733
4.505839450591036,4.7114402038207555,21.228993139476234
4.52571233177862,1.4785955937884272,6.691698312521816
4.972268935176171,1.448318429653598,7.20142873600972
1.51034773767031,4.5204996448686,6.827526411766731
1.0099195343563743,2.5929905984900588,2.6187118578175363
4.512972393455538,4.931687216164489,22.256568259707933
4.214992283846005,2.2243929602995807,9.375799163904105
3.2983025414124745,3.623541299149271,11.9515354758971
1.4765622281674782,1.1551926276483555,1.7057138002430998
2.515719936091435,4.750003558993865,11.949678649866135
1.364996706020789,2.7596186362810387,3.7668703483971995
3.759625557451825,1.368743889921809,5.145964510156061
3.3231556684330728,3.974759520729797,13.20874463197155
4.317944867192965,4.012100121936196,17.324027128178667
3.6987486186559884,3.1979758480759353,11.828508750566078
1.8280600627258692,3.176700121920504,5.807198624139273
4.1428447529350585,4.54235878717801,18.818287267408873
4.501877909783737,2.31573212557323,10.425143301094662
2.0208690172829176,1.3014524899221973,2.6300650143494773
1.4596055045937764,2.672820464409723,3.901263462643325
3.6521095975155546,1.4648978252464868,5.349967406962358
3.8273185868383908,4.873140018589282,18.651059369412742
1.1923506323673956,3.2108321362061805,3.8284377280309947
2.5294428325014846,4.891843459143291,12.373638375449266
3.1990572316472843,4.490941185158965,14.366777875285413
4.448881186090918,3.8854164516446996,17.285756151850237
2.287263139779071,2.5924859971482976,5.929697661670691
3.6889257098117167,2.8315092783064943,10.445227374315246
3.02556149431419,1.9115333916667128,5.783461824922612
3.5674979510860623,3.4165913797431195,12.188682746931882
1.176970892850115,4.134062559274522,4.865671301487565
2.3341615595446426,3.8962724426613677,9.094529361173272
2.278114057917619,2.240864324305874,5.104944519087278
1.0701507240737635,3.6844157013246703,3.9428801305613392
2.869751328491168,3.50753411338833,10.065750681624252
1.884308440841438,3.5888312115361316,6.762464944652737
3.419291701347414,2.062965457966918,7.053880670592649
1.8269838320141676,3.480824004951002,6.3594091791322835
4.72290313690414,1.8041155478541056,8.520662980297686
1.5340528087647551,2.6029109918010023,3.993002917936982
2.933098239497414,3.218954146839908,9.441508741119035
1.8156458319720024,3.6436145115221383,6.615513501157873
2.0910333307072677,3.2892057133645234,6.877838778197994
4.78101697417592,2.0050112136022684,9.585992645645506
4.606589908285544,4.202458000129512,19.35900061339046
1.6735968362019422,1.0585973339878159,1.7716651489738193
2.656114784656489,1.001132466097598,2.6591227446014414
2.289793325190976,1.7601604917430778,4.030403745258165
1.6196925367071797,1.6422673684534592,2.659968199961808
1.3628269036535623,4.80417808090981,6.547263138606629
1.878766729722725,2.2367761797527863,4.202380668355833
2.987331133569387,1.5871248985242468,4.741267622224636
3.3019381474617022,2.7295714530953226,9.012876107197917
1.7838142219219444,4.235952669110857,7.556152614548166
1.4899735933714293,1.534494503193141,2.2863562889313904
1.9168591675791324,3.320213719536198,6.364382106614972
2.61088530475392,2.121808914694957,5.5397997148729266
2.759395788323126,4.63883843894804,12.800391251144648
2.6833860927719453,1.7015264269531492,4.56585235057002
1.858905740129709,2.4993335764242923,4.646025531714032
3.142362076373094,2.199616743253137,6.91199223655395
2.2792541102610167,3.475136527618952,7.920719214293694
1.31512209171275,3.3338541724085724,4.384425272683241
3.5980063831281663,2.8673507295832508,10.31674622770774
3.3538103338387057,4.574704259363862,15.342690419310461
4.3930995908871235,3.509770642414265,15.418771973297744
1.4015438155350504,4.560367835215205,6.391555336010836
3.2304147344710574,1.6724106008029116,5.402579846919319
4.927109562110321,2.047665780806032,10.089073648615496
1.2444076925761767,4.678235355113724,5.82163206358536
2.543656865706765,3.0693696782136386,7.807423255380286
3.9614068344124447,4.803774635406789,19.029705671677604
4.654940585891637,2.514543635332066,11.705051223102734
3.269062555603738,2.8865332727040935,9.436257837301266
1.3876290156654663,2.7894704784282576,3.8707501742092805
2.6981524179185876,4.590344308265658,12.385448594425812
1.8325639534343052,2.209867699443658,4.049723887859243
3.9280066829794573,1.5372000959630796,6.03813225001964
1.5600183411673307,3.499722202461302,5.459630824830158
2.2673812530838866,4.345551266964156,9.85302147702946
3.3697241337060952,4.462850935626026,15.038576502911846
4.922323239562017,2.951819881592453,14.529811602163731
3.157742217001623,1.6709301172768782,5.276366572984672
1.7582455931067908,4.930938366310643,8.669800652446888
3.2478707602805548,4.962590380703422,16.11785219273619
4.148573267275214,2.1495992367683323,8.917769929012307
1.7992365473555485,1.153749012778547,2.0758673902665454
1.891425773804225,1.4740938287355831,2.788139060676233
1.4993732516749838,2.9171169522211766,4.373847130168084
4.181359249167979,1.4320456002474677,5.98789711582506
3.4342924976248046,4.278756328699276,14.694500758816577
4.442646496879079,4.739755366050725,21.057057573049068
4.707854056370152,4.099529609606037,19.299987101793327
1.3188247416251513,1.2588291541399022,1.6601750339587642
1.444394797727694,2.4535475679226697,3.5438913430849404
3.5924414300281162,4.218021898424477,15.152996620665938
2.534754532045236,3.2571833017241114,8.256160135747256
2.0833731687392922,1.8321425732309042,3.8170366783742296
2.557440825654944,2.7474170355479504,7.026356491810209
2.6744963638774686,4.3895875342875454,11.739935899373902
4.616429908814595,4.452225873330645,20.55338868244177
1.6712109222047618,3.7946015492026364,6.341579554442555
1.0040760063071255,3.7801783824767075,3.7955864134057418
2.729641531989068,4.185625262594952,11.425256554121829
1.1272716702675796,3.0566291749912504,3.4456514754810006
3.2945981356727767,4.305630404462827,14.185321903439252
3.3660409332928127,4.810614280990687,16.192724584097625
3.172819263876355,2.275966032786894,7.2212288727545015
1.493664292078364,2.4855408804565946,3.712563659639033
3.347060045223098,2.9982826157899196,10.035431947597438
1.8028568193799268,2.731157002762999,4.923885027228515
1.8819930166643308,1.25588086502959,2.3635590177480474
3.755907334558707,2.584083736498937,9.705579059030226
4.856250028864801,3.598165998214687,17.47359373269042
4.357623023319574,3.0643681479014835,13.353361193222666
3.817777063920737,1.1046382382307818,4.217262529847289
4.461245531917859,3.4056921592789497,15.1936289286709
4.51265584465745,4.214002267802723,19.016341963199707
2.8265934256329897,4.744536080911802,13.41087449398381
3.133636649964107,3.7337364945562013,11.700173520649823
3.7161854214895653,4.41378947350546,16.402460094965097
4.566139551237891,3.8344277052712195,17.50853200140126
1.382948542117835,4.650185625271864,6.430967431047037
2.542225951369575,1.140852177133663,2.900304011385677
1.1459348604907742,3.43367341090192,3.9347660610927724
1.993749061299361,3.6797220892076976,7.33644246120037
4.59759935014899,1.4909022482987333,6.854571207913923
4.735883070327475,1.1337417691948257,5.3692684508528945
2.935963658190768,1.549100219603468,4.54810194765112
2.7546138346189735,2.6413464348822138,7.275889431548049
4.522481826777942,3.1169538275571482,14.09636704003315
1.8088062979174575,1.968188762571824,3.5600722292302827
2.150706038200494,2.145055138190856,4.613383037980069
2.848761845806509,1.947871509709954,5.54902203739524
1.8079018431034735,4.826633777961776,8.726080103162577
1.168871810732126,2.935136809896155,3.4307986777298347
2.4800566850041887,2.3940818376267483,5.93745866585333
3.824152544505345,2.1611279162593418,8.264482819964696
2.16409488605236,2.3296157260006076,5.041509479105071
1.1754343153058677,4.736438115468653,5.567371893244511
4.862533600485898,2.3070219288044167,11.217971645869262
4.756408498191059,2.144196178492024,10.198672925168253
3.473462075521344,3.9429586467692515,13.695717324901954
4.923428828673897,2.064916103198139,10.166467471278683
4.42747224993238,2.9518966528848254,13.069440515315842
1.0993173710391657,1.51667825592489,1.667310753015617
3.7213972823212114,3.820852456953589,14.21890994945741
3.3580896021572184,1.071604010742409,3.5985422861040557
1.8144185809477267,3.5173579136449513,6.381959554360929
4.415624766772134,2.216967865704196,9.789298214941406
1.8804033666320796,4.578532698299151,8.609488300116784
2.3245029959539503,4.672114485509816,10.860344119007417
2.644272146225961,4.985402407948624,13.182760725066382
4.110011221112595,4.699545265878909,19.31518377688889
1.16749959287274,4.00739298405865,4.678629677369549
3.8853105047216125,3.4834390016495314,13.53424214566589
1.0829854169082038,2.1866975884390962,2.3681615994678786
1.5151268322181721,1.981291183250379,3.0019074341799405
4.261569538753506,3.429262492870626,14.614040580007373
1.3606374805786916,1.5818121290428309,2.1522728700096536
2.2961181234499017,4.88014418898499,11.205387517377158
1.6209336636598706,4.70446680937777,7.625628620890971
3.6350469740514892,4.0125236765854,14.585712048881716
1.2123655045914377,2.664315502403842,3.2301242084626236
1.564870015942685,2.694714008796362,4.21687715390614
4.8083113073245425,1.8114478156387164,8.710005014563983
2.9534577984258226,3.4754310707911342,10.264538998919482
3.5449830651252006,1.8684217371051424,6.623523416549539
1.1635508154147498,2.60517847933353,3.031257543929487
3.372971137183832,2.9852311533983173,10.069098518234524
4.7822648954143,2.0221157075698404,9.670292962777095
3.3121210716064673,4.025447875724164,13.332770731839496
2.7267098093781095,2.254366940973411,6.147004451889921
1.1096238586568092,1.1201933867138418,1.2429933082072524
2.0655538488841554,4.413918608973141,9.117186571425869
2.270187297207458,3.5125626699137413,7.974175153883289
2.040062117019474,3.543282372286673,7.2285161376049345
2.18157635537883,4.577997367017478,9.987250810871869
3.071602740591539,1.976286317920708,6.070366470318809
1.5742948996146549,2.221915285827411,3.4979499018539313
1.2665236832679243,2.111859787275878,2.6747204363260604
1.7448776668574135,3.898884160504257,6.803075897327993
1.4118680264433445,3.912780990698849,5.524330375243018
4.687136941365463,3.1312980379236515,14.676822707977138
3.1007798952576144,2.7099490806602633,8.4029556264832
4.176984953064769,4.409478093366223,18.41832364685944
2.7440534478066545,3.8099822578365354,10.454794950698528
2.6652213125721493,4.599397781503942,12.258412992261368
2.262425674899933,2.118455556094931,4.792848241243587
2.726832564656765,1.9071667040475369,5.200524274825934
3.0431900379595263,1.8874614128981024,5.743903768764517
1.9675452675059866,3.6641494670067503,7.2093799432437145
3.2881405861690913,3.073970640851219,10.107647624875105
1.755022636745903,3.5423862562878665,6.21696806788278
2.9511280036835035,1.3126692524826877,3.873854990575951
4.401645295817563,3.243574841555125,14.277065942963311
2.9516119179923095,2.5187395346245127,7.434341628716115
2.891757113310168,4.510899830668345,13.04442667276482
3.5843187554599467,2.179664188621579,7.812611231880713
4.294705434268179,4.7988396386374035,20.609602674237603
4.058062776766327,3.8681952103708435,15.697378996471713
3.307539261481401,3.9693881798514874,13.128907248918992
4.081924691013019,3.7660951832333582,15.372916917145446
1.631150196318151,1.8757131670841223,3.0595699007258066
3.3153729009529433,2.182608108819573,7.236159777380565
1.2164387236940772,4.657627369811964,5.665718293176667
3.8331214152950785,4.385887251461515,16.811638348646806
1.514745398358122,4.783016396316707,7.24505207659218
2.566872586258195,2.367027469314328,6.07585792190306
3.7452186140125385,2.5249159406515744,9.456362179745254
1.4032333866732731,4.895670635882528,6.869768486426336
1.5118752354275475,4.410663994933568,6.668373665731996
4.91408452260894,4.332211155454997,21.288851787695194
3.687813031104985,2.0786533823802262,7.665685030692251
3.0259120139534246,3.495601311873656,10.577382005589847
2.6533803730290284,3.1131376779740934,8.260338413273622
3.306294729359001,3.5037753334285755,11.584513917772975
2.67779852010627,4.7274695298268945,12.659210910817944
1.3562211538363957,1.9907294783911254,2.699869430159738
1.3231834356717385,2.1959444987890784,2.9056373864521863
1.8186657839269182,4.789705553402916,8.710873605058628
4.238742617984076,3.141659916440131,13.316687779027074
1.2890822341295909,3.8015908737086344,4.90056325672699
2.212989207925862,3.6491595821255656,8.075550773243126
1.9094762572182749,1.1166292082464215,2.1321769612629824
3.376705498791023,1.1667840346276916,3.939886065628902
3.7028094360402735,1.484332844026436,5.496201661085583
2.439908666418896,2.3910710556845056,5.833994990788004
3.734055247155618,4.629603826947546,17.287196462265214
2.9593125433655483,3.282593045904426,9.714218775509488
4.781308675838754,1.8986991028098021,9.078266493071766
3.0126249442479884,4.274644435500051,12.877900454178313
3.021292554266795,1.549654504039942,4.68195961474188
1.1186854036270426,2.6484714240057463,2.9628063239585565
3.92519548577207,3.476317356843685,13.645225196193927
1.7697993555358158,2.627764092727673,4.650615197809594
3.2641508556855188,4.446224409475905,14.513147210760614
3.8199510505628824,3.3888996164608516,12.94543065015178
3.554321412664678,3.84989810197327,13.683775260420694
1.2848093426778195,3.1736113314022494,4.077485488613804
3.733377884770927,1.2405074299882353,4.631283005012096
4.770732853853422,3.306942974839561,15.776541495886864
2.822090635047251,2.215859448237601,6.253356197452302
1.2628370943854836,1.4591279752605506,1.8426409326146076
4.515753263344553,4.622468967529558,20.87392932483053
2.724951745225344,4.7614186522213995,12.974636066119208
1.2078906682828507,3.954791905888095,4.77695623812278
4.665443430770185,2.892018844411652,13.492550319323922
1.064284090559858,3.2257057570462644,3.4330673180516817
2.8732781937042535,4.607104554741939,13.237493053255559
2.2829687595604975,2.5351248633795,5.787610864680473
1.9138589610424575,4.363478202111897,8.351081858425285
1.8287185330057838,3.673212145079846,6.717271125369444
1.8179504899758645,1.5143983521206343,2.753101226256349
1.822054733859563,3.6157652355676895,6.588122163990946
4.7000133867123415,3.553783454946181,16.702829811723884
4.414145217613289,2.051672024357582,9.056378254428996
2.74366575377157,3.844584004717477,10.548253471241297
3.2402572647576995,1.540790758731585,4.992558449451546
3.418807917581284,1.3445486721934685,4.596753646068432
1.412609602842223,2.7313066554542313,3.8582700098015223
2.5883398446682895,4.211378117128776,10.90047778152853
4.777752258586883,3.4938987305284486,16.69298255105614
1.2770354398743082,3.305783162885436,4.221602255544485
3.6605429475531697,2.920735353209209,10.691477198859186
1.4195469004035992,2.066025749882789,2.932820449400135
4.885598467462632,3.490060827237703,17.05103582890389
3.27922654087738,4.770028349409828,15.64200356412223
1.4475255658939035,2.5781281282747828,3.731906377827945
1.9268843390698418,2.158769397639658,4.159698943975093
3.9936522691082192,2.38445548250146,9.522686048279489
3.7960776370152027,1.8128681743051058,6.881788335336191
1.722778921391853,1.7421139887774824,3.00127725852773
1.7923801657148948,1.0329927533921373,1.8515157225072845
1.1397707069999266,3.8838581507323204,4.426707750347604
1.804013326952624,1.1761702746618812,2.121826850255562
3.0187187845637666,1.6306458702780375,4.922461319579643
3.361328298913052,2.523198982097932,8.481300142314387
1.0867021288151824,2.0242255212410973,2.1997301831347227
3.3913306840521664,2.7378101849659853,9.284819687385683
3.289049609785902,3.5459682947474978,11.662865636152437
1.3494623879027992,3.5753595008093093,4.8248131695730905
1.797023039195841,2.884542806997006,5.183589881720262
4.160729634841706,2.7171406813670753,11.305287754997977
1.813012526714699,2.6334512650963324,4.7744801321123225
3.279006705504393,3.048921000778252,9.997432406105053
4.875944089264355,1.046256262330012,5.101487038163838
2.354507123841783,3.2819841930972053,7.727455162983496
1.6643081524216048,4.97533774267826,8.280495166190333
3.711433606501896,1.0458265337677362,3.8815157439969656
1.2359834164182217,4.0937910024444495,5.059857789303467
2.2089006139032406,2.2721456086132528,5.018943829743366
4.76894610639839,1.379356757508741,6.57807803805562
1.8658772760692286,1.749837431511731,3.264981900273084
3.2837783259778726,4.986832010462106,16.375650871248123
2.5290317277375007,4.164240965718227,10.531497524245646
3.9952010545582963,3.6828301308137585,14.713646822386197
2.8328982022288183,2.4160825315397942,6.844515860035536
4.650659351373789,3.907915831872903,18.174385307881394
1.923604791954432,1.2675523394194146,2.4382697541602365
4.108816370011548,4.258059658879373,17.495585230889354
2.040271905466367,2.5911815302053123,5.2867148780412485
3.8423037187556703,1.0438998937461932,4.010980443749647
1.2015516584149522,3.4566235494359896,4.153311758340991
2.1792643142085875,2.2790994037507932,4.966759999128173
4.129730763815418,3.4299621516313246,14.164820216314405
3.4657432616265074,1.7432898462246165,6.041795037614874
1.1231121248537597,1.0320871191486543,1.1591495574212405
1.800088100341179,4.067472267508853,7.321808427210439
1.2326370461001814,4.5252035777657404,5.577933571099135
4.717450602929017,3.9601621868991606,18.68186949628414
4.072813673467538,2.9686304515907556,12.09067869471094
1.7768510834201288,4.612432660255044,8.195605969576562
2.5783154708303755,1.3137046345767915,3.3871449834309066
2.1713968199865925,3.2633108274213574,7.085942753290551
3.2339704866907297,3.2469535799381433,10.500552049174765
1.5618437754999404,1.5220043261763663,2.3771329831225385
4.460103400657904,3.3701186598206636,15.0310776952868
4.063351453055541,4.172885167816865,16.95589901008257
1.1917377665888291,1.3182117290714812,1.5709627018948458
4.8977857498518995,2.2249410414015096,10.897284526836959
4.517555963662605,4.954420126102944,22.38187018716639
1.03207484951532,3.3997566716995173,3.5088033553329847
4.49174979768315,2.013649834169299,9.044811235234658
4.451825531280577,3.7542292290939963,16.71317353236045
2.1260638956768996,2.298433882513239,4.886617294211878
2.7428900055757905,4.905041679975113,13.453989800936423
4.871237232755743,3.1107644365977296,15.153271545887304
2.3218956244348004,2.3505644644575905,5.457765344976009
4.25583346409939,1.9068296381506853,8.115149384378217
4.020780390721068,4.281553332876253,17.215185682655274
2.7805298105186287,1.6064502579714621,4.466782831404991
1.9772337803827713,2.2905017731073,4.528857479814387
2.440246782684247,3.3032538990632485,8.060754699578286
2.2219719518517813,2.440530895380216,5.422791197162554
4.775627054908185,2.466446024834028,11.77882636566813
2.6210138518939874,4.6921254982699665,12.29812592579056
4.546229756378736,4.025639308476904,18.30148121264562
3.9137021061517383,2.8088413301282844,10.992968229569117
3.4742382113051864,3.6906048278127934,12.822040315614604
3.7027824985098237,4.253364949093802,15.749285293279657
4.970873454329694,4.081136285332457,20.286812024260808
1.8227951476801811,3.8896720414167323,7.090075323161684
3.7672834737929715,3.786218587607932,14.263758713263128
3.6938654718317045,3.6362220773217446,13.431715179330947
1.388879904953316,4.0365164282310655,5.606236553184061
1.9266574179818732,2.1659404897996253,4.17302531157974
2.736436779260346,2.7373546094005805,7.490597831041587
1.9281825268531034,1.962274792605859,3.7836239679869146
3.161118633558456,3.4748258921850783,10.984336876157638
2.6291843931682397,4.047609117056523,10.64191072021049
1.862529064237783,2.6400113578144904,4.917097883847341
1.63357123792282,1.901894304943109,3.1068798341242756
4.4845442180308925,1.631079685194225,7.31464897138541
2.565544144118355,2.7051980034611005,6.940304896460292
3.692507588953381,4.0100281644546465,14.80705942916558
4.105228287783685,3.369902179627312,13.834217754869938
3.922836832815315,2.450812119210996,9.614136051551055
3.9549984080836214,4.019867887975236,15.898571097648528
4.787280148893773,1.993258011766605,9.542284511353738
3.1962038074983337,4.8659659293637,15.552618830589426
4.659519343270452,3.7204367769689806,17.33544712770174
1.3052975255906487,4.19924341314846,5.481262036535515
2.280193416599425,2.3414676865620447,5.33899920407906
3.5462484853474434,3.477761218096542,12.333005452074941
4.8683030874094575,2.9489414814376302,14.356340918672634
4.432093734013634,4.755913122963185,21.078652751798344
2.353173156087745,3.455309895330514,8.130942491656121
2.924620899229894,4.310682227061838,12.607111331203914
1.6249358105494802,3.177571306478659,5.163349406471671
4.325159528105299,4.46318325626162,19.30397958649998
4.10637699563768,2.976403538898847,12.222235021868805
2.743208403620829,1.9807443288021802,5.433594488194439
2.732689505371415,1.4771848998205712,4.0366876732328
1.5141830377619296,3.584059866690508,5.42692265646605
4.737587826765592,3.682864912003661,17.447895974730677
1.780973303374123,4.254855742313594,7.577784486768597
3.288581905427343,1.298021165440208,4.26864891752838
1.9668954966762433,2.4594274633212665,4.837436802008476
1.4845527254893698,4.673354032464221,6.9378404660714965
3.9143375661777577,4.647129845790587,18.190434930283946
2.898627787304492,4.7236257992292074,13.69203299847417
4.9797215505392725,4.603834102151109,22.9258118935895
3.3470368132342996,2.255161274098652,7.548107804188555
4.679276970360597,3.796672610066519,17.765682708283123
3.7031026957493203,1.9814870633367208,7.337650085834615
1.6842375307555537,4.323649232153232,7.282052306614906
1.333822975478074,1.6073458150893694,2.1439147777047327
4.114511193066958,3.6660779769264176,15.084118870720015
4.747461532957183,3.1397140704122473,14.905671773766564
3.903583581364972,3.2129765357790596,12.542122452378042
2.9856705165363495,4.033509438496127,12.042730208688972
1.756523679677652,4.367522741737531,7.671657117392636
2.8422580947990808,1.5420831791045049,4.38299839866328
2.1610544580849527,1.2071960933746397,2.608816499370004
3.9285015169352975,4.498991293935773,17.67429412290538
2.355761153954915,2.7777680330755747,6.54375802701719
1.3710641294075092,1.0748678609043085,1.4737127679388775
1.814904483441096,4.167983536042615,7.564492006472415
2.232565471115045,2.7780110836072462,6.202091623636428
2.461114405704401,1.8214521972352622,4.482802241917637
3.9825199051021674,4.88366054966958,19.449275348821295
2.292380111586285,3.302859149354523,7.571408625351105
4.580062499816395,3.75561959051762,17.200972450105557
4.8291824071374005,2.495001810173823,12.048818847467395
3.3194940775043795,3.618681685694506,12.012192424036478
1.4173853182788174,2.341473080866223,3.318769567964855
3.0212824778624707,4.43431096481056,13.397306019375574
3.3403625316323566,3.0308044955539217,10.123985777651226
4.823887061247172,2.2772583721984683,10.985237196764988
3.2525895713426363,1.4067150576900485,4.575466726493307
3.425852841099091,4.3803527463206855,15.006443900998926
1.0396404347539239,4.687337499744498,4.87314559607274
4.774035282686606,1.4525764310013445,6.934651132399405
2.184688793777989,4.1280763282814785,9.018562094256733
3.430754072339288,1.431635208065857,4.911588320176243
4.0270469265916615,4.46973526837618,17.99983367519265
3.1198257343617017,3.203346803987937,9.993883795166875
1.1088738868455783,1.0314976563205542,1.1438008154362775
2.7446178313292733,1.6625983641002655,4.563197116448468
3.1670115614893732,4.103600557670248,12.996150409875915
3.2872521972780846,1.6523093604367545,5.431557575678868
3.638223256722045,1.9665859322975874,7.154878675227487
4.612490456695228,2.9344625129648296,13.535180336580172
4.342339363315222,1.8845788213896006,8.18348079939027
2.249187292690002,2.1389151891261196,4.810820863524101
3.158302215463693,2.424313845731929,7.656715789954458
4.972117467935101,1.0155626953427181,5.049497017296782
2.4866574337780722,1.0040401788654112,2.49670397458754
4.478247991318784,3.6051390421199443,16.144706673798566
2.6956617835083754,4.410812484651569,11.890058649096856
4.073550192205291,1.6822863683753466,6.852877959239734
4.985445349349278,3.605375602373336,17.9744030295095
4.933949460600367,1.3532248723300784,6.676743128903991
4.675295206894724,4.751210179565424,22.213310179471648
1.2452549519764253,1.2384454906328188,1.5421803799633913
1.754055047036296,1.259575511625067,2.2093647832892733
4.654538079427875,2.4221074697834983,11.273791450573993
1.2487409954250634,3.9483992060323945,4.930527954876422
2.030607746057185,3.2432948857106463,6.585859717671691
1.6129841470887114,3.6299107196498452,5.854988446142576
4.836037879673534,1.9589665751051988,9.47363656222307
4.238964603616153,2.87251338236913,12.176482551276452
1.920639575016621,2.575478411757132,4.9465657622217
1.7891515136489975,4.193983798228591,7.503672460820055
4.897359220976416,3.8422422629134387,18.81684057550442
1.0626761548028072,4.644533133707782,4.935634611382818
3.1620063014849804,3.545488657959456,11.210857478311326
1.9848550910279,4.698686166541446,9.326211158802156
3.365116750073279,3.982334609770753,13.401020899736096
3.8266352204935283,1.2495715243462437,4.781654405589123
2.292068604368644,4.035500620452415,9.249644275049164
1.328872792284121,3.933647667862407,5.227317360254237
3.6458868539221707,4.0261014240806885,14.678710254613113
2.235418002007829,1.5236192874328736,3.4059259833337867
4.121877975465244,3.63214874693194,14.971273923592447
3.4802029430922,3.558736630825714,12.38512569628967
1.2322059988408802,1.9216691215583497,2.367892219371483
3.019918488217043,2.639039309681456,7.969683602438571
4.502861045658912,3.803125934602106,17.124947622654968
4.3168877451767935,4.300482519465561,18.5647002866279
2.9163176015602255,2.7291528627915524,7.959076531107483
3.945444348415539,3.4409711784075268,13.576160288908733
3.8208503019100863,1.3292785715923374,5.078974431591191
3.6960861109778587,2.4069264607966856,8.896207461895724
4.705426802355026,1.2369866443472746,5.82055011046687
1.4918700675693444,3.2047768237614775,4.781110616609705
3.770710828177175,1.120898176892903,4.226582892894124
2.0949686147159743,3.586873965400988,7.514388382456901
1.5621864911890282,4.079243490118371,6.3725390745337025
2.645889263258771,1.996153328537964,5.281600659796857
1.473542510755676,2.831812486476525,4.172796081311893
2.9870699741560087,2.2287554878009885,6.657448597345762
2.7229702676973853,1.5366579738449735,4.184273974399969
4.281161771578267,3.734347838199541,15.98734720667582
2.8685749140958166,4.145245180766604,11.89094633832366
4.236362346309435,1.9732345556081872,8.359336571815156
1.648190754042003,4.537724298949477,7.479035233920258
1.1915242303417397,1.836405492125666,2.188121640600378
3.902240518213237,4.415663803752414,17.230982209810254
3.0306098876410297,1.4105007569234362,4.274677540457322
2.6843189464833506,3.6392587718492164,9.768931272430581
3.8518536415317284,2.702674621072114,10.410307081052007
4.7941768778935305,1.0946741719834856,5.248061604150473
3.9532769104738676,4.762265197956418,18.82655304863437
3.6372095927890244,1.8019498106066583,6.554069136862903
2.9800554108566577,4.304591053217023,12.827919859664549
1.485795561278597,4.082967358894571,6.066454778690949
1.3169234017464966,4.573608333978165,6.023091845438652
1.1881407538412359,4.817511335827933,5.7238815501893
2.275367642524364,1.7925187178546524,4.078639089225736
2.4083679124981825,3.5645481032107513,8.584743274329034
2.7012972347055504,2.3184437965824274,6.262805816528348
4.077393479869876,4.040676866171074,16.47542950838698
3.127833152568505,1.5840290495957619,4.954578575957204
1.5481481803325248,2.2750069936735655,3.522047937499498
1.4764879096997823,1.7272431494782334,2.5502536273163856
3.589283411784605,4.691137378036888,16.837821573390528
1.0598083030059642,1.3870531980080902,1.4700104959599498
3.943625791006623,2.0622868702050887,8.132887689795115
2.4908165232923123,1.4137998687222755,3.5215160736419455
4.99824183502722,1.816028492083603,9.076949582733663
3.3085090818723115,2.8697494719679826,9.49459219070434
4.460636422697153,2.079954030004767,9.27791870377499
4.199738460272743,2.264425902185356,9.509996551845642
2.4460004665589983,1.285164098180826,3.143511983755175
3.906780729217643,2.6909788845821785,10.513064449017243
4.754041701593794,4.550478811637916,21.633166032745624
2.153842464118887,4.67269604647602,10.06425116682049
2.031966802017968,1.6154492384189658,3.2825392228125483
1.777281967683729,2.963945100974521,5.267766181166546
4.5910325261903315,3.9546885724089003,18.156103866882468
1.5427390115076256,3.021839391122572,4.661909515195242
2.6204710730238587,1.7010183224844893,4.457469308754174
2.833139831730338,4.9550644069602665,14.038390340148396
2.978344702862591,3.8366679258554908,11.426919593614505
4.585019169062207,4.834744774188861,22.16739746717926
2.172623799048721,3.8221743133188997,8.304146877229345
4.381148830788044,3.466730162210258,15.18826079682512
3.222679426673318,3.628883066403652,11.694726799902233
4.51206882207895,3.8926454545873077,17.563884191050732
2.3555648305733916,3.9888596757727335,9.396017566342632
1.9271034148050141,2.0692270194207416,3.9876144551325123
2.0116100637026575,2.81977297187241,5.67228368757529
1.7706273885787973,4.363341074572546,7.7258512123489895
1.1445481892178244,4.872299928830297,5.576582060868851
1.992176600258066,3.8759207324792917,7.7215185877003485
3.52213480005305,4.279583145628937,15.073268726940178
3.28591935386863,4.762314004886849,15.648579757857323
1.320273279834423,3.717790379531125,4.9084992981204225
2.719911139548172,4.365267485573371,11.87313966111845
4.678647892381558,2.288668214347066,10.707872717415563
1.8035278706297921,1.5140600999276566,2.7306495880280566
1.5918292138545707,4.028354847667012,6.412452930289029
1.5413314390178385,2.0608304739518437,3.1764227999880097
4.341174849390734,3.312553876541923,14.380375576095576
2.9815823678830884,3.996216626426091,11.915049031593272
1.9383909589292587,3.6528587147566833,7.080668306930307
4.35695696526942,2.9251774057090874,12.74487207245294
3.5862115847886944,1.6213927663530616,5.814657522187939
4.873159361841309,3.5293100314851107,17.198890220772114
2.385817979392527,2.690491382453416,6.4190227136580145
2.5162900629420486,1.3439747115550085,3.3818302115312737
1.0776722585272633,4.668122777931877,5.030706417176408
1.5741285058912609,1.9737770371744734,3.1069786984899332
1.1511136902435863,1.0805180411796904,1.2437991097571248
2.1434676483462822,4.665288876785384,9.999895777579235
3.131962096764632,1.7564871222443665,5.501251090324541
1.437992086242323,1.454868888928654,2.0920899487995657
2.2823604033584397,3.030390233935832,6.916442676659263
2.9105455419207282,1.0456248293767625,3.043338685664158
1.5534076989154735,4.466743956634847,6.938674451320735
2.705173562689127,3.401287398169941,9.20107274863701
3.611258731531531,4.483779386273292,16.192087458940517
4.255205536325923,3.8454597645605575,16.363221679876666
1.669784135869417,2.68965095676161,4.491136498626536
4.1898943732097305,3.19336308581001,13.379854024851022
3.7458546577622225,3.3456076805965838,12.532160113407778
4.685802992808822,2.291305767460976,10.736607422608756
1.570405327843861,2.3794242052656127,3.736660449149763
2.0326202298946905,4.056363126788674,8.24504575130954
2.1236131766866437,3.104235569959565,6.592195559905506
1.1628982144417592,3.097348495483615,3.601901034901765
1.2380611553965917,2.4648321984177395,3.0516129994317875
4.359552846710797,2.8595727906854034,12.466458700009289
3.83618938994508,3.2107143151352697,12.316908189866705
4.765430592217438,4.614656773278876,21.990826559966564
2.0944305271944677,2.3682629080924227,4.960162131131116
4.807749159885463,4.44600808570852,21.375291638909115
1.2985620316393618,1.2996388693630356,1.6876616905975466
4.298972538303502,3.1980973027799156,13.748532479473358
4.125647284590432,2.723931506750174,11.23798062423418
2.7060306465295043,4.13799558550619,11.19754286958355
4.837196621148833,4.970391862154052,24.04276272139724
2.7343424998296118,1.2828089478862146,3.507639025366986
4.026174755210105,1.5237444921616587,6.134861607731713
4.131572498644175,1.1988243754824497,4.953029820447568
1.8809143612324304,3.1215769196350225,5.871418857833206
2.9489853902872922,4.784994861883158,14.110879940293193
4.946312023236564,3.6223337511005314,17.91719298524416
1.5400452853626438,2.982356824861286,4.592964567396728
2.4107475658402313,2.759174720809238,6.65167374191877
2.2476515516960403,3.6447004748752683,8.19201667782069
1.2807840569568083,3.843010653109792,4.922066775218193
1.8291352591358447,4.661837910510547,8.527132094491014
4.024843477922231,4.290245620401603,17.267567103957806
2.769990985505632,3.555293263795147,9.848130291541453
4.682184075500598,1.0508896069883318,4.920458582949849
1.046987231908648,1.2268259500106566,1.2844711054353548
3.1246363599507054,3.3512285255857615,10.471370501549263
3.7502203704423844,1.2873801149278465,4.827959131504868
3.975122999489646,1.8351299909843535,7.2948674342151305
1.970249182986937,1.6690214154017773,3.288388080083053
2.1524967325855857,3.1900245964735583,6.866517520776986
4.05526031546902,3.063884837345614,12.424850592054923
2.8288808879369354,1.3527347551122189,3.8267254951850065
4.7745330706040745,3.5341897419990573,16.87410580096418
4.8953834567698316,4.442884973428632,21.7496255992538
3.208574859397883,3.019734845988423,9.689045308886193
1.3156943038356563,2.8232788822964974,3.714571943577
3.829620413469468,3.1846108631538694,12.19585077049068
2.203500963676168,2.7455800088357227,6.049888195319538
1.9129812063735767,1.6371292925637109,3.131797569078048
4.439683869043659,3.0647624579712924,13.606576447105741
1.7154632286294365,4.677965203171103,8.024877290848059
1.1958652153240985,4.3470238861134405,5.198454655586049
3.418579634990864,1.3778033093790847,4.710130334466356
1.5754335690179953,4.793039751185747,7.551115721655685
1.2304884538100542,1.6870686112225708,2.0759184468947365
1.044547845773324,2.2101518095273556,2.308609311473813
2.9132928590789935,3.1759479588909456,9.252466509443497
2.0981896960712025,4.250522206479058,8.918401896556192
3.989859974518543,1.1713737530478423,4.673617252487154
1.374748627854189,4.973887349620616,6.837844808992251
3.8160258192180856,1.4550084681038018,5.552349881465062
2.321801292853448,4.943265941696052,11.477281254348311
2.4280789173708204,1.8800511962446618,4.564912673179454
1.3123888936681993,2.1896582411052194,2.873683156555534
2.5279268482044284,2.2794163054853347,5.762197676871325
3.597264629663609,2.8759885119009745,10.345691749180252
1.7950842122233124,3.4013819357236885,6.105767012559163
3.666162944475142,3.305975305555727,12.120244160578292
3.5434986421420644,1.0502206593691095,3.721455480423983
1.6838072627980658,2.2594257041219037,3.804437410353095
2.266408998191933,3.0220556919543724,6.849214213282537
3.672115690090236,1.2177611472431429,4.471759815573831
2.0902668371251982,4.6980998513757966,9.82028231683365
4.920708397718399,1.0823538700530517,5.32594777767306
3.8518604709587816,2.470593034022534,9.516379647577523
1.0933288371030563,3.8498542794681736,4.209156702387163
3.194060193488625,2.5825013934390384,8.248664900412539
1.4576769743348543,1.4071903633983278,2.0512289912316386
3.5964478945179206,3.69853088224605,13.301573604263313
2.0450416130683347,4.519726437557656,9.243028644490508
1.0411027011258378,1.6314992294627992,1.6985582546784432
1.8246694553196101,1.1230791592305094,2.049248237753939
1.726861090455404,3.985301280380045,6.882061714830403
4.048259245687227,1.9751972120237347,7.9961103756307175
1.2224211689796802,3.983482752099737,4.869493642432154
1.2400338773215802,4.674136266554797,5.79608731774536
4.687523909199971,3.878623191800432,18.18113894634203
1.7584121100261467,3.3652802976154716,5.91754962895944
4.81673669343909,1.6727697759765654,8.05729155962221
2.913672061801033,4.350498289454,12.675925320895304
2.3589614336228273,3.700736343373376,8.729894310024159
4.640773357510781,2.0143165935014564,9.347986780713434
1.2523116773385805,4.665039538079842,5.8420834887835635
3.440644279158629,4.94512948984759,17.014431488942737
4.1121563312344644,1.0131253654078445,4.1661298856960975
2.57235185491577,2.798172704626202,7.197884747119888
3.3905802474703806,2.1155475655722,7.172933788413151
4.9685696801123225,3.912764262065665,19.440841877926527
4.422177821606742,1.5288835747652318,6.7609950361456415
4.713428471119607,3.2372937678079885,15.258752614564239
4.636597252357793,3.5684435630433393,16.545435619600603
2.7372785599576273,4.061435983458708,11.117281640161941
4.222173693178395,1.9160146955205302,8.089746843169996
4.860265076983749,2.8878569758876464,14.03575040723063
3.130125712239503,1.214331553577579,3.8010104190369214
4.718132718733354,2.796852607151352,13.19592179527548
1.0355064201816364,4.416970563975707,4.573801376750148
2.1206035965821712,4.563045768704374,9.676411268483553
3.465702313028832,1.592085831594872,5.51769554909878
2.44557500596844,4.731216668231007,11.570545231647028
2.16547474522053,1.6600028320503992,3.5946942097996963
4.589141090323316,3.369646526492479,15.463783334591868
1.1810407680076649,4.450313784257681,5.2560020096347895
2.3962853886126334,3.8192883703644527,9.152104916802493
2.296757793382069,2.099710176176921,4.82252571097798
2.197140014147194,1.4554430249407209,3.1978121084086903
2.8645573414693564,2.5418652607282355,7.281318793644987
2.9247836829835467,3.3902491671140806,9.915745445223823
3.648801286490035,4.721145186280939,17.226520629408125
3.6609446736955125,2.1409112089552558,7.837757487279764
2.044249066866909,1.7947016722344715,3.6688172187698
2.8585940559911314,3.377385378794797,9.654573768614163
1.5942783001340288,3.6339188434796688,5.7934779566077825
2.732040464204792,4.372333895647925,11.945393125924303
3.747209169711445,2.4316269024039388,9.111814626005076
3.8238576927087693,1.112731793893607,4.254928030001698
4.56759929002772,4.923863186687374,22.490233995706873
1.1625514026843082,4.060268846861714,4.720271243194484
2.734431339275432,1.3387656891309332,3.6607628563062944
4.938597927250542,2.547488288596466,12.581020381757536
3.1362363720758664,4.712107731419679,14.778283656418296
2.959976426673622,4.91613874000671,14.551654780676824
3.00771294406061,3.9160166799736076,11.778254057513875
2.7977226561164166,3.7124559037425824,10.38642199173377
1.349125759429116,2.123640036597333,2.8650574771284525
2.264658589646262,1.8868656377333402,4.273106474001181
3.299683667042126,1.8842640929512755,6.21747545190527
3.6580062822668085,1.9792892122261896,7.2402523727463235
3.4004454080837725,1.9232524840945135,6.539915078124897
3.2844532222663467,4.086425340887539,13.42167287842893
4.942957557760309,1.6947514352185058,8.377084415238444
4.196439971373406,3.9103571225342586,16.40957893134746
4.936440185019411,1.4431621759437148,7.124083758828607
2.00444606428254,4.435481368474955,8.890683172238157
3.574559800055958,1.6619823927791941,5.9408554496293196
1.4958364033067366,3.709386090807208,5.548634748549089
3.921099595090585,1.6136236476214059,6.327179031316888
3.927490365515989,3.3767854266478166,13.262292229574099
3.248137524522726,1.5329127249601386,4.979111343761411
3.463357875829025,3.7941136454217728,13.14037337566187
4.030569827231326,2.3835368557184338,9.607011732752545
4.189472690069422,3.1626550841030934,13.249857102959123
1.3547190688967299,4.364957086670021,5.913290600227794
3.227051722319305,3.182848804795655,10.27121771739776
2.4669473312636385,2.4199800351238383,5.969963289360039
3.366981549188635,2.836533150748811,9.550554782233151
1.3186931357212055,4.4932349778374245,5.925198122456635
3.377045544191276,2.0910398796706775,7.061536908368123
3.5403787944349285,4.829171442307336,17.09709616903563
2.419230200488084,4.244185740830337,10.267662320697646
2.840397361362967,2.4110856836311254,6.848441413805874
3.5384384891231653,3.535067596169561,12.508619243938481
2.3946889861459852,4.351026696080191,10.419355707530388
1.772733887809037,2.9140994158625944,5.165922786944141
4.432686372206782,2.4424371476417663,10.826557859323263
1.7392793079293813,1.8994777328215888,3.3037223165692033
3.927957174492803,2.341914328288012,9.19893918784639
2.136221460455607,3.2079007732463274,6.85278647482094
1.6929109080927391,2.790340806229156,4.723798388161626
1.9825254810661845,4.5913861954532385,9.10254012590157
2.273739151446884,4.613020727368184,10.488805834253021
2.5249388041374017,4.393815789688399,11.09411598561586
1.6403274867915343,1.191838433017586,1.955005341493297
4.461816460433875,1.8517510616655128,8.262173367565088
3.599110644059611,1.7349754083206008,6.244368459268344
3.182273169372467,1.360439748130414,4.329290909023253
1.4173082629926537,3.184026449432894,4.512746996368401
2.0127826932207173,2.059208313647615,4.144738855446138
4.625593486084607,3.8317548778965027,17.72414040347098
3.3270985194462996,1.4887823875362858,4.953325677349704
1.3025936198677175,3.319967126173978,4.324567996724785
1.192259990853001,3.28774129466741,3.9198424059072
4.4595893032060925,3.435893332293535,15.322673151653385
2.940044454464145,4.942505977687721,14.53118729085667
2.3205003844886845,2.4725740674809225,5.737609074266231
4.7921335798054,2.8108291029871766,13.46986853151914
3.9541737652606974,1.2645069154223445,5.0000800709537625
2.3170996919120976,3.5465603131422676,8.217733808929621
2.3243906657546254,2.7631338402446057,6.422602506495294
4.478027930208399,1.5965049790863173,7.149193887065305
4.592318108697322,1.7584458109616286,8.075342540842035
3.5482897507682796,4.503270143054493,15.978907293541063
3.8841322980482778,4.793085041932147,18.616976418660737
3.7813938056762155,4.725179369093345,17.867763996998622
3.5213999526382516,4.854036599181569,17.093004250462318
2.1465292353244223,1.3497231191177388,2.897220134779494
4.99403211083927,3.001544627030842,14.989810249509105
4.7683187297601375,4.5329404044632735,21.61450463148872
3.7398586348156755,4.421078974455296,16.534210377818667
3.7329033431964174,1.1470316859375727,4.281758415188588
4.863246196754018,4.386795608838188,21.334067060619542
2.623763420786195,4.658141906455775,12.221862342989933
2.3425215360012435,2.061906365104887,4.83006006547624
4.776646444421166,1.8973570232149828,9.063003678737376
3.341111115900702,3.4843398736782856,11.641566683522568
4.298931380714721,1.8243837538826533,7.84290057003226
2.575877126047555,2.3085371911258723,5.946508145251206
1.9254059774337486,3.869448048919425,7.450258402758817
2.3393944168211003,1.6310511192016768,3.8156718818102098
4.630966138928247,3.3796439697736997,15.651016785655042
2.8440225188640067,4.420431300307451,12.571806161165693
1.4572324878590526,4.428526086375011,6.4533920863969705
1.9364481913628246,1.2587603314140026,2.437524167125915
3.421155682344683,2.9697056320373507,10.15982529793559
1.0845438681786579,1.9789745918969643,2.1462847589232146
1.8359361003699797,1.0444540821639077,1.917550954623511
1.6186304445369029,4.509297667481183,7.298886488064287
4.749601104440416,2.67215270788685,12.69165945261283
1.0343112630122553,4.086251682505908,4.226456138718638
1.7030151153519428,3.627576349342716,6.1778173550238655
4.077098446511954,1.8566276555316659,7.569653730119286
3.00070907018389,1.9419483187969626,5.827221934042401
3.199698933421089,4.256176091423452,13.618482100179959
4.896714156358966,2.5997519197943193,12.730242028678243
3.1169141989282925,1.1932499792129345,3.7192578030796852
3.0854951622627658,1.1387171152424944,3.513506150266529
3.3089416037429626,2.209290647585963,7.310413738557425
3.040569907101382,3.058570442183806,9.299797245253849
3.7527870155960557,4.437458213817653,16.652835567064955
4.164922794833737,1.0393212086040107,4.328692592868994
2.496193886548623,3.2004755989076505,7.98900762404132
3.565114641969108,1.0203158134252628,3.637542845875025
2.167757219812069,3.6632899800131877,7.941123302438798
3.9412187602682653,2.0884896636657366,8.231194643065761
1.8178560948560354,2.0501295393603725,3.7268404783706495
2.8960216913513976,4.220726983455156,12.223316897358284
4.925814419877719,2.8647812940037896,14.11138100779982
1.5844722287556952,2.2825282878542454,3.616602683454337
3.597968462782958,3.9599197061727933,14.247666217962468
3.995859006398415,2.579540136940715,10.307478688560757
3.6561579475261463,4.457153478170939,16.296057112558486
4.448449621863869,1.1760387439960116,5.231549106026317
2.8645013386016824,2.06285339093526,5.909046299673072
3.5355882202042332,4.646730014745385,16.428923902603227
3.377648400149437,1.3058699908502454,4.410769685398491
3.170602091128028,2.081667134410449,6.600138169394259
3.783174351576785,2.321587181058031,8.782969078328192
2.7338031449832942,4.214306993459639,11.521085712645052
3.8280048515511256,3.402160821506266,13.023488130483148
1.6295910972036034,4.62813470441964,7.541967110981276
1.3247675882685153,1.1297636850599289,1.4966743123701924
2.497631529926094,1.1773208444769367,2.9405136620048125
3.0192206113574644,2.7549680008423887,8.317856171773608
4.187712046918902,4.84559230938974,20.291945288489
1.705755288102484,1.0699295796457622,1.8250380383780267
4.2428447257610085,1.9955819473017677,8.466944339933187
4.921497437782269,1.9624013363484822,9.657953148739555
2.0969485395583307,4.28919239659027,8.994215731914663
2.5217407937745544,3.539348700857645,8.925320002345696
4.813250116637482,1.6150837828621354,7.773802206240479
1.9211473984157021,3.9028304288583784,7.497912524858913
3.4218651970562886,1.8447862071998489,6.312609718426634
3.520098238029777,3.3659283723313456,11.848398532778006
1.9610996777968088,2.237718783191463,4.388389584716645
2.2748815453754734,4.414433725685775,10.042313815845665
1.7369583370405044,4.0714271849277495,7.071899392513606
4.062592833340639,2.388385342527311,9.70303717580728
3.648955030650081,1.526395804929447,5.569749651160485
4.643829358928862,1.5534899968987368,7.21414245640066
2.7922568568402757,1.559321462676809,4.354026046177528
1.9160877329573598,2.45581670126564,4.705560255686901
3.016403924677183,1.3895623075321466,4.19148119802345
4.922996147754072,4.9858268754225605,24.545206501073984
3.6131210079503226,2.8544428232329904,10.313447330616146
3.4594779649524487,1.920177540574492,6.642811890414042
1.4022973068185505,4.711549511893322,6.606993191470262
2.632498037325321,4.1684360955353545,10.973399840212846
1.0879213450408147,1.0656546595038514,1.1593484505164415
3.8501930013890195,1.805228258956471,6.950477208543889
4.5682816454178115,4.74540005153365,21.67832395558591
2.5724070854734307,2.545807214705901,6.548852517358839
3.348427192152999,1.9134072955075538,6.406905017941422
4.776334953558944,1.037983095319027,4.957754939375574
3.136579841425711,3.0213483141029824,9.476700215940973
2.335742560747263,4.438881576074414,10.3680846193539
2.157740586021902,3.459932846184959,7.465637527123562
1.1200077576359582,1.6166173338861785,1.8106239550812797
4.205312605528826,3.280909150443655,13.797248607955575
4.800766508085573,4.5393635633669325,21.79242456303595
4.907657465301966,3.6127792097964626,17.73028285944535
3.219173851787755,3.773137221547859,12.146384682813968
3.823131202641499,3.4769483685357176,13.292829797722357
1.2690646801735253,2.50311427209389,3.176613913152619
4.9694477425568016,3.9351197630404635,19.555372023132087
4.224961300820616,2.8136211272985667,11.887440378007721
1.1508765515933748,4.199629972175382,4.833255660345384
1.4123476111124686,4.731082479805556,6.681933038329431
1.5853361530466628,4.268740153117453,6.767388092699045
2.8719516194048205,3.3571550615317665,9.641586915559246
4.492229445284029,1.5572535933251177,6.995540445709454
2.4888741074254885,4.855639043419451,12.08507429017094
4.401628212466031,3.662852935346444,16.122516818334923
1.6316157243903757,2.374592017905657,3.874421675426743
1.391971419303414,4.120039488344336,5.734977214176777
4.83291348416027,3.667960246052012,17.72693453250859
3.611331599461373,1.4603696433660311,5.273879039981884
1.8570812100002647,3.9802096069106114,7.391572472856236
2.9362750610628945,3.7499951495598465,11.011017236759397
1.212657553480299,4.966606489832865,6.022792875060097
2.8634965250320135,1.9047264775588748,5.454177649626305
4.442431632499315,3.709228460957739,16.47799384712541
4.768939024798334,3.8720454627496648,18.465548713100198
3.9384817403702175,3.816335017248411,15.030565780568326
2.844011072370771,1.6431278562052558,4.673073816368596
2.178006228211732,2.697902397611468,5.8760482251051425
1.4432434115132726,2.2659230139784117,3.2702784609206397
3.1825627038840967,3.081794927049705,9.808005595847602
2.2271212458001397,1.9995727772244267,4.453291014680111
2.425605868100358,2.975263928116602,7.216817643186951
1.5665761953984316,4.896842489076998,7.671276876003629
2.4903284755061175,4.116170925809506,10.25061766659379
1.5735189374331533,4.169877362628656,6.561380996870001
3.552172063512542,4.043430238624716,14.362959934404568
1.2902081882252183,4.604993570374861,5.941400411222128
4.963702173192146,4.279632073048843,21.242819021455347
1.3792950565651019,4.0811292120588805,5.6290813473962436
4.3824792582397185,3.765957566253664,16.504230921517614
1.9743893565539827,3.9826145940297457,7.863231865708891
1.8135304235500191,1.1024259154558256,1.999282937389121
2.7873037787710295,3.7345114995029554,10.40921801442845
2.246151204342823,3.6710249030491524,8.245677007156349
4.7900587164160875,3.832274482787329,18.3568197899744
3.114136881298959,4.028348930365135,12.54482997479128
2.2371004574212843,4.690529456084345,10.493185591754296
1.3038338571651242,3.6360535343525684,4.740809704553792
2.6501635166474466,2.7295836588668347,7.233843028365935
4.932547062533822,1.3094319661422613,6.458834798182898
4.809450201437584,4.6484389131626145,22.35643546728024
4.4274735183880285,1.9641855336695917,8.696379435522974
4.110834401577628,1.6119384723214747,6.626412125245605
1.7207666773028665,2.691790868595582,4.631944028947416
4.020230012165067,4.8476548183885155,19.488687389502108
4.317556039877186,3.994241860606834,17.245363069993324
1.945538668296365,3.8990499394919174,7.585752426900127
4.487710392767435,3.3841756929682187,15.187200428284413
1.4785861496996016,2.9701617712471475,4.391640057333269
1.4732256905765735,2.109766475977064,3.108162173526614
3.597328578467141,3.6531015749042957,13.141406695446543
2.095679926717368,3.964222286552219,8.30774107097311
2.626803899541603,1.0327798071399505,2.712910024763047
1.6081013179633228,4.20235654140237,6.757815092780942
4.058432985834928,3.4434759121561345,13.975116227822474
4.776954650319284,2.000625847381,9.556898945195625
1.5625237943699415,4.434848030095008,6.9295555714381125
3.545975710457006,3.3929146950420574,12.031193096271776
3.7956256529633414,1.0887413030209117,4.132454419186907
2.777984808395069,3.573220068496704,9.926351067336231
2.9787289245111332,3.579947557091693,10.663693336541998
4.022536111772121,3.936323729867499,15.834004351017542
4.544008011862113,3.575205769644481,16.245763661320172
1.6196960290482258,1.1774420722100758,1.9070982487929742
2.2620124035850444,4.665804594353561,10.55410786513184
4.2297294072441165,1.2419526423938279,5.25312361393771
2.7029509938242304,2.8181349589546096,7.617280688037169
3.0167981967974886,2.2079634576412346,6.660980177606825
4.41746434279764,3.4341253596680685,15.170126325030813
3.8090344448546603,1.043765851742636,3.975740081650763
2.612732125534379,4.120665384148522,10.766194827742305
3.4654007160482125,1.676154439344376,5.808546794311391
1.3370041371332326,2.7540607490339637,3.682190615374659
3.873080751501869,2.1292849771798577,8.246892659577403
1.963724142851941,3.254232669861756,6.39041526026506
2.456716050432166,4.922381081523843,12.09289260932327
1.0693017783998826,4.078663210247785,4.361321824212131
4.18717331226966,4.495963278025473,18.825377450692677
2.6205879828772702,4.51772151548116,11.839086713456018
4.52294893475681,4.910766095843025,22.211144282033068
2.9175941383381816,3.610391784506835,10.53365790758147
4.023390926529482,3.074470133856037,12.369795240442262
3.7975864779246553,1.5319255222262265,5.8176196483939835
2.892624002086213,3.8514100130071753,11.14068104549973
4.812542533393767,2.76192908943998,13.291901217147423
1.2931729146603423,1.9997800448397305,2.586061389264984
3.229984963932912,3.0411371608782196,9.822827302894275
1.2058088687484512,3.5463534871314026,4.276224486500041
4.029512122732253,4.357635615359673,17.559145538541625
2.252029048415897,2.5169843480685956,5.668321866258626
3.3384305367078086,1.5115219956246189,5.046111187098754
2.3795148464168494,2.488501207977819,5.921425569709484
1.656193645553253,2.9950562227888544,4.960393084257629
1.7343661266053068,4.649515993571743,8.063963044360449
4.982151386165123,1.3564193729969953,6.757886659398207
3.5881858361143384,1.5729195895973493,5.643927792739987
1.7174667519149587,4.5479617000141275,7.810973008756897
2.5528415169672614,3.1162631961816687,7.9553260650096576
3.0952722595810016,1.69715243979683,5.253148867183344
1.5198955592695862,2.64077961714089,4.013709213102077
4.7180598263469795,2.2783614615022554,10.74944568141098
4.42471491092625,2.6660283818456945,11.796415534105225
3.4507009047294472,2.9748972722236267,10.265480708739233
3.7775197622027603,3.823695156616572,14.44408401875808
2.1888447957359425,2.9396801657023897,6.434503631825849
2.922297108978803,1.6275636154975155,4.756224448247477
3.569298478609971,3.5800261011625922,12.778181716263626
2.9155019129231206,1.9917911837944793,5.807071006496211
4.944967432473076,4.22004774774415,20.86799867607618
4.896541401501969,2.1779751655783683,10.664545569697585
3.4347911411693106,1.4446203779021216,4.961969276370869
2.957384897878126,4.8470854599168485,14.334697337882737
3.846247680973862,1.672716331140502,6.433681309576262
2.256136153034127,3.078786687546337,6.946161953253475
2.934273660334942,2.0928129486242426,6.140885911156019
3.90601160744019,3.933972354170189,15.366141678737568
3.542736128571024,3.3272063699647556,11.78741421408579
3.454842336346727,4.486623441844885,15.500576614131376
4.1356314806127745,3.011102617946446,12.452810778134863
2.817811061303241,1.1066900284321255,3.1184434035500415
2.8514696456011253,1.6129190175731711,4.599189619422686
3.463156681995647,2.44211404751234,8.457423581837796
4.637495708845271,4.419508178610042,20.495450213510647
2.4988165196447123,2.427206552881968,6.065143830931359
1.0262893472626735,2.3586320745947424,2.4206389722686437
1.6703091382100541,2.5303343807155128,4.226440638836199
4.496175980387841,3.3576304087233835,15.096497194721886
1.8358520236753604,2.1961869128206906,4.031874188271207
1.0629972557203256,1.3049183742771535,1.3871246507956427
2.531326106135322,1.9147141569079897,4.846765931168077
4.0594550876765565,3.2072584065968965,13.019721456153178
4.659126320182494,1.4851827436616345,6.919654011274772
2.6017541958025023,2.9271782858996036,7.61579838720127
3.541573459487773,2.2586626880067637,7.999219829780066
1.7788136123037135,4.322994434736878,7.689801346423156
2.830977477520671,4.3382252718429015,12.281418036998243
2.673496113283757,1.3514334379282178,3.6130520436627958
4.624542218257915,4.069540601625883,18.819762321133613
4.073716862334315,3.53962052422565,14.41941181580266
1.2518642122676424,1.4241385114649323,1.7828280358150603
2.50297815929775,3.032964620554789,7.591444203171425
4.822984015446568,3.9083651534824426,18.849982661774195
3.0015680943245746,3.6199544832648436,10.865539879874957
4.250810203944306,2.0435262440045676,8.686642210042598
4.963083234290005,1.8994538236025225,9.427147426229725
4.9603274397593715,3.5309697902284327,17.514766339431485
1.7303257870544413,1.452786583144102,2.513794087900951
2.43810693498703,2.760485881189181,6.730359770861124
2.907559226674091,2.861859016658162,8.32102458932488
4.234316746703042,1.8935203396056743,8.017764884215138
2.156399621808286,1.3853592601959415,2.9873881847551353
3.4195940647440572,4.665792938061385,15.955117838319447
1.3481186281583168,3.12486770434258,4.212692362754548
2.301357398391472,2.7612695904306324,6.354668200890925
4.881906894596121,1.0697894807130375,5.222612641659381
4.637111836575846,2.486531288515642,11.530323669992073
1.7652481941039064,3.2164825831042876,5.677890071191512
3.692616920752152,2.823121871947829,10.424707593700044
1.0285306062544604,3.7139857592474788,3.8199480245792414
1.5640675186295314,2.742279351426172,4.289110060574134
3.7251457816512454,4.5428636039291455,16.92282919079363
3.768556157476822,2.190812953245043,8.256201644831588
3.0190227439203663,2.1539146365588344,6.50271727623409
3.0916696557693766,2.1597943282058703,6.6773705872168945
1.9838535183063843,1.984656429920848,3.9372676411278626
1.467091946639286,4.423090764790856,6.489080840279264
1.2884558399497328,4.849291711150885,6.24809822485219
4.441450342767112,2.72311264450658,12.094569588337208
3.551172752635224,4.225670403668423,15.006085599124393
4.960896559862819,1.6861787537883046,8.364958378982177
1.4769512113324814,2.591773991310231,3.827923735965666
2.2301682907814873,4.735976680328176,10.56202501834847
2.145223062718026,3.9886085111921603,8.556454966362832
2.7824930327057014,1.9718492439235793,5.486656782763364
1.8945353246890861,3.4024644966867514,6.446089179973523
4.671038292591684,4.110244276788608,19.1991084087854
2.8485189640032846,1.753217267530474,4.9940726345785755
2.324880736221028,1.4364050583648562,3.3394704496028957
2.9926872472294206,1.330933621891885,3.983068077144708
1.8926272686783938,3.917233206258706,7.4138623839377225
4.436740157180846,1.6415230504830358,7.283011237016085
2.6148385980702438,1.9879060763490073,5.198053537775757
4.333461382066636,2.056264012489398,8.910740689456192
2.160340003715075,3.837572545484601,8.290461487169072
2.2732906414593654,1.2915771020470088,2.936130138806673
2.950460926963812,1.0416610639104347,3.0733802682072917
3.3921813290062777,1.8800175764886187,6.377360521168324
1.6247071930380041,1.3167054766779982,2.139260859071278
1.2957729338730584,1.4053838640174527,1.82105837269575
3.493729267282666,3.520708931275174,12.300403834779551
4.856293374729665,3.3813422327522686,16.420789882608457
2.986772884545533,4.175310588830197,12.470704451273875
4.1967658104643455,3.824941433260318,16.052383434135393
2.6352316270276455,4.831890718561862,12.733151239895555
1.185108378696658,2.0750494316713417,2.4591584676834457
1.8955748678996178,3.3691721486406903,6.386518050590648
2.1199201025488006,4.779129048583348,10.131371742766763
4.546314750497112,4.859250140175019,22.09168058863285
4.256528486241353,3.4666557246119223,14.755918843802307
1.6268033953149996,3.9978924097267323,6.503784946247514
2.519332367232402,3.3550972419491183,8.452605076854576
4.560790684768836,4.07091401911577,18.56658673687807
2.426103754977018,2.4058390381599812,5.836815124350228
1.7157538521635058,2.2408806628167053,3.8447996294664724
4.884163554148898,3.1323898191396764,15.299104192029066
3.971066560562072,4.061569243656109,16.12876180689016
3.790433681040528,1.5495393803616446,5.873426257421448
1.6579932878261645,3.668314659229672,6.08204108263712
2.3475439282859916,2.9388992185091176,6.899195016255525
1.6657030093727756,1.8172591257283992,3.027013994535934
1.8010889284972373,2.189877270467004,3.944163706605871
1.878221831965598,4.9959381727703995,9.383480147247683
1.5131578377792265,4.298824591760223,6.504800124260065
1.2462432422982825,4.312860314196655,5.374873021544029
4.213149624573562,2.881533444454209,12.140331549698415
2.4356124508774326,2.832582699624856,6.89907369134631
1.9532283806833606,1.3927705375136892,2.7203989416513568
3.814795593812603,3.1581195617178723,12.047580588774728
2.0812590094176535,4.717277593596492,9.817876491596728
2.4628873824780455,2.16383354384072,5.329278332908064
3.2775791667296055,1.7989132204288958,5.896080494032211
4.780196746591228,4.584501101562655,21.914817250433703
1.2737692408365615,2.0427338107400144,2.6019714953374846
2.444247208651289,4.433455637136495,10.8364615657502
1.0873534668822002,2.5881041188051572,2.8141839862348896
3.7715166082316816,2.2137898859833833,8.349345322121652
2.0135496293669317,2.901657375761519,5.8426311335144305
3.2686405385489548,3.3222810634443416,10.859342564427706
2.0628943626247036,4.5649523824395555,9.41701453538477
1.7052616217608372,2.2556409385131593,3.8464579249190867
3.12925985444445,3.587775068522921,11.227080488705463
4.833107720513867,2.968329602691169,14.34625671979655
3.8665608513427423,4.0975897446567595,15.84358009155333
4.9380807135356175,2.6166759861077984,12.921357220570712
3.8180484843407316,3.915450501605549,14.949379853166224
2.1224091395554074,2.084523055574889,4.424210784766109
4.42754479363251,3.6654072428054896,16.22875475442634
4.076744676078773,3.5804902811436583,14.596744691404199
1.0651776348428985,3.3601914272349322,3.5792007570814888
2.6376413904642035,3.01669388864705,7.95695666305587
2.2042154244304695,3.5574008298059514,7.84127777994003
3.7240878276262857,3.0163884155976706,11.233295381920223
2.6648039537661306,1.7991374977796397,4.7943487174520865
2.009960601070311,2.4682502243358817,4.961085704498078
3.812567974453708,1.4047852703658843,5.355839332781264
4.124031287568328,3.5439747987123016,14.615462952243199
4.191909318942411,3.383853617317932,14.184807512372027
1.9548671644991362,2.73348901038411,5.343607910919135
1.1040068621183763,3.0435976358306873,3.3601526754843456
3.9317699663456356,3.187150468301445,12.53114248949205
2.886818134083415,3.1914194786190966,9.213047624344645
1.626238680052431,2.606152570654647,4.238226116516663
2.390840258529345,2.9468422971596397,7.045429199586362
1.3323902291099743,4.37813101408694,5.833378984932782
3.0339288060442997,3.122789031734502,9.474319598578493
4.348344910612161,3.37913471817024,14.693643254028421
2.6878805767843676,4.107363594246345,11.04010282676598
3.987204332113851,1.9958393818672038,7.957819429584345
2.4255004493691943,3.4932466620506304,8.472871348561242
4.721991346241535,3.105283683672907,14.663122681928504
1.5524272488071662,3.0463866468195033,4.72929364092489
4.939595261195889,2.538793926721821,12.54061444958801
2.3010327170898233,4.903614457010527,11.283377297575871
4.823530929128494,2.4065651240527552,11.608141308830415
1.9467651536898058,4.4368316171165585,8.637469184991707
1.6658484456998943,2.245769595972528,3.741111790850915
1.7889383455901773,2.390629502015437,4.2766887862545655
4.4083082222479675,2.2109413467217642,9.746510917661547
2.8346816948985065,4.803868342752301,13.617437655902371
2.421166706919771,4.013481683217266,9.717308230237968
2.356926090403658,3.4107779826394187,8.0389516158572
1.9650740852077981,2.583235399621995,5.076248939788593
4.496180100210895,4.732912828078858,21.280028473641032
2.9315890920940246,3.1852223996312152,9.337763242652425
2.5399748657806014,2.9318449479164497,7.4468124780736185
1.55010839675945,4.2562373651642575,6.597629278342433
1.3456549250984526,1.3898455677345654,1.870252533348273
1.1357339765366259,1.5056313974780462,1.7099967342561386
3.3127165090058455,1.2615821939481435,4.179264161359829
2.104753516328332,3.482036545087442,7.3288286622565515
1.9114840028548765,4.88868021210968,9.344634020520838
4.719619608802285,2.5001201119686804,11.799615904808348
4.656030772291071,2.840958416331403,13.22758980923832
3.7908659696073754,4.627647627462614,17.542791910282332
3.1659751675672023,2.686345609831797,8.50490349223064
1.1802390960481208,2.56156252468909,3.0232562386097936
3.323759354638018,4.554586862395292,15.13835069039777
3.025443794122274,1.5201744966039121,4.599202496733257
1.3092040242126552,4.7395724463654485,6.205067319829064
2.232739661180026,2.315028072189856,5.168854993523428
4.311222732192067,3.2852708022469024,14.163534164053713
1.7812666162303707,3.907038481781436,6.959477215924664
3.996460987974028,2.001860181061276,8.000356116990012
4.428934027127031,4.731865738843964,20.95712118256262
4.9893711966918275,3.1665766575319,15.799226367206344
3.9667467186264864,2.371521965771034,9.407226975872883
2.560205095902108,4.576618754877535,11.717082658238624
1.0976119943223992,3.6174817753938826,3.970591385915013
2.33877553687183,1.543672213611723,3.610302810143884
2.0632816786356516,4.96978930396091,10.254075217541974
4.743418200116652,3.665551805112054,17.387245145838964
2.6894777736520075,2.093488308207674,5.630390274324882
1.375403191464735,1.885437452369449,2.59323668929608
3.8026688549001113,3.438624898987076,13.075951807062195
4.404399592964643,4.234713760892294,18.651371564795795
1.81261170611862,2.1948751479755444,3.97845638668931
2.9607891622225684,2.1979028357244816,6.507526895631296
2.027936294822261,4.081424391119979,8.276868657325052
4.822370920815738,3.07400565832763,14.8239954971422
4.182450415893616,4.300137512614418,17.98511192803391
4.814283934511749,2.293226254422133,11.040242314865027
1.5155375836747682,2.30206806375255,3.488870670794392
1.457669586379795,4.498282113494936,6.557009027797793
4.357519133629988,2.5967715984069417,11.315481925725175
4.740137904472413,2.099150790009844,9.950264226928873
1.241381294637629,1.1485051398150832,1.4257327973616192
2.41457293903653,2.7203288449748944,6.56843241435688
4.506005306879451,1.930166567030129,8.697340794199052
1.2942683953876855,3.033339599787279,3.9259555764826057
3.7242989538394005,1.6405837265958976,6.110024256647046
4.482325424628344,4.797349677050788,21.503282428277327
4.7678894555156734,4.4249890564539,21.0978586630388
4.300465598559388,4.084132602799983,17.563671758296138
4.576496377647946,4.4806898024325506,20.50586065019666
3.8973443619361365,4.719691075212509,18.394261402059776
1.7123562485911155,1.9316212142115528,3.3076236560663097
3.5587479929642543,2.818819264030285,10.031467398396753
4.4285292493931765,4.450335463078862,19.70844076785647
4.8279609507294765,2.144817051318248,10.355092970223241
4.804567462246604,3.875430699465077,18.61976824084151
1.018804630704191,1.575545296903361,1.6051728443693536
3.498661789075944,2.440200473935511,8.537436155843181
1.66439279409256,2.622335835198268,4.364596867794692
2.0922582674434946,3.0759637566754634,6.435710600260788
1.9315285338902122,3.9918222262516547,7.710318532222222
4.628318488551617,3.1516209671954614,14.586705591377683
3.0345658303168697,2.8657484504498076,8.696302326018504
1.9204818860770487,2.403945341464831,4.6167334834025135
3.396195591404677,2.6174088099385355,8.889232261217016
3.9098896405511545,2.81020820450288,10.98760394657767
4.315626618762616,1.4586609688435397,6.295036104891247
4.96722110399897,2.503457119238288,12.43522503563689
1.6153050129561506,2.299941614061295,3.71510721869967
1.362342918582827,4.999335166661982,6.810808861924049
3.2095835959036574,3.694025618190638,11.856284026992538
2.7894830867097484,2.3402953009302148,6.528214159851135
1.224416486655656,4.7325931999705,5.794665138678328
2.2693345458602785,3.606151628564002,8.183564468310593
2.8912832974975373,4.267233204255758,12.33778008999157
2.1983576610342728,4.468284263285339,9.822886941872207
4.19521926419261,3.3757133969814923,14.161857873409831
2.443983086237071,3.315185334501635,8.102256885263182
4.05733681304333,3.5399566100223225,14.36279627041964
2.383471089715295,4.996195798191202,11.908288243545762
3.1388138943063804,4.895678437274309,15.36662350097275
3.102100927239741,1.2847706429898214,3.985488202909123
3.8815580558775866,3.4560791748001103,13.41497196269613
4.330998999541595,3.118846875067876,13.507722695642402
1.7781917265404599,2.852512977304722,5.072314976092551
4.009276374573544,1.2359371128128727,4.955213466859287
1.6398144349071186,2.807367597964248,4.6035619112322985
3.5797073047194488,2.941109681036441,10.528311809187235
1.8063556847749385,2.14561615305623,3.8757459354180552
4.162331351183823,4.427425014452475,18.42840994267103
4.903612320647781,3.6420171922117515,17.859040375740584
2.606541468655328,1.6121574774662504,4.202155319018549
2.6741828445045064,2.878946626008444,7.698829677515913
2.8675241642676554,4.563680818813102,13.086465025951371
3.980889383472802,2.3882003843978263,9.507161555854971
1.098494358287697,4.679435544965301,5.140333546115298
3.7047584584220257,4.78714272162779,17.735207489623992
2.8488488019486002,2.819794164959634,8.033167228586906
1.1410982900742308,2.9692790691454207,3.3882392685550435
2.417111442097536,4.359326097373421,10.536976989795694
2.00265014525941,4.162418293773193,8.33586760065531
4.667159116791876,1.1906389981444234,5.556901654997691
3.187807704276565,2.867416609650912,9.140772759615764
3.3626603871984946,1.5068888118765553,5.067155315609897
4.202513850137593,1.9217592692803218,8.076219945780853
2.335731945520749,3.207023469101847,7.490747166815958
3.392125464825254,1.3147043619856822,4.459642145008471
4.74600229699012,2.5210957849544116,11.965126386325748
1.7005844096478162,2.0556719391904013,3.4958436511376902
3.3357433999464785,1.6951155349230969,5.654470457766465
1.6131665329036093,2.802748677920715,4.521300367361534
2.6786981328319546,2.1126767454053144,5.659223253194706
2.1597033764534586,4.689856071259108,10.128697992179047
4.5464520340397545,4.398320533931466,19.996753337851533
4.606530426703983,2.548565096842316,11.74004266303991
2.3358157125428414,2.3304230247415743,5.443438718062984
4.305364372830313,4.480197405916383,19.288882294679183
3.152906240736071,2.615545409129054,8.246569443371575
4.543538126095518,2.356051872394861,10.704811509284784
2.4021490219256045,3.949710746974793,9.487793807734548
1.094460315939949,3.5565746918722314,3.8925298609305092
3.028985500919866,1.2871566793664764,3.898778919213218
3.6101065616849697,1.9637177680185895,7.0892303996212735
1.234046983332918,3.9168634509931244,4.8335935258250275
4.269563529328217,1.1509025187219692,4.913851419747305
3.529391475759574,1.1447402779413278,4.040236578924768
2.578973715855391,2.2898920323276646,5.90557136351973
3.2765473492158717,3.2626158385263033,10.690115277233078
4.980290890591349,3.843360781282234,19.14105468827596
1.9623595900715811,2.471538272213327,4.850046830706768
1.9552072346073812,2.258389563421422,4.41561961296337
1.3154670749067026,2.794466024867904,3.6760280476591425
1.7445748679203321,1.5130176754406257,2.6395726112929574
4.589330479430242,1.6901300847327687,7.756565512066112
4.2544452772664965,1.381579377121116,5.87785385616172
1.9675997390170878,4.325150220445027,8.510164444957336
2.248906033690522,3.0256685401280663,6.804444235841602
2.4341411820723717,2.0890926186271903,5.085146376163856
4.866344002259211,2.6208832753015634,12.75411960738524
2.5408710654903666,1.3165048599190259,3.345069106145701
2.5767201335042293,4.263666865601342,10.98627625514985
3.4807555032420456,3.852514457318912,13.409660898632346
1.602413824822364,1.5687922056820378,2.513854318658467
4.131241024809511,3.515434166532376,14.523105848795582
1.8102389366060887,1.3061163220436538,2.3643826219001594
2.8692026732796507,2.727170984535044,7.824806279318644
1.3448952185950982,4.6896652118213265,6.30710832019027
3.2690365158229393,1.9787950717632916,6.468753346924674
2.4977753327550167,1.8152879444951586,4.534181449607565
4.768597261407194,1.4487497757904686,6.908504213298715
4.286599040122294,3.4213847457582602,14.666104567056417
1.4442577333754465,1.8504716315693908,2.6725579642859727
1.4946364126238678,2.4206589301571717,3.6180049795560447
4.862028402101021,2.3571723607803365,11.460638966761511
4.740155539387171,1.480561656517629,7.018092537546285
1.5783029289947148,3.784507312622016,5.973098976313245
3.1225262160024996,2.9634655662346567,9.253498920788408
2.7428123286436685,4.790526345305107,13.139514720595143
1.9671602794429015,3.2870728852954025,6.466199215586888
2.062111926109189,1.240378393983773,2.5577990791221006
1.2303839161255112,3.956365292558315,4.867848222280953
4.343003865707475,3.8139245848813195,16.563889215656346
4.217819696111958,1.895003605076682,7.992783529695596
4.926162584900263,1.6028988889800204,7.896140534271577
2.496007088786597,1.4776293680404042,3.6881733772281082
1.5506702887839507,4.119364649977648,6.387776371387237
2.3649693747342675,3.1983354754167514,7.563965449486781
3.03688662578555,1.695369611252696,5.148645298176559
2.9834851374709754,2.4537141253646686,7.320619624628082
4.1102524938541425,2.2035709548574047,9.057233012587202
3.106729065843351,2.354559062041253,7.314977075288419
2.3457906533317314,4.327427100543847,10.151238045430192
1.7719439537442536,2.6857076556339434,4.75892344192522
1.7188966491480908,1.4228934538416151,2.4458067899031057
2.808159393031722,4.5581190199083,12.799924740312042
1.1241024578331307,4.360904339756791,4.902103286695775
2.832413198812001,4.123630224643818,11.679824675301246
3.648269812370158,3.997325076519252,14.583320406895417
2.581821705391755,1.5634528685998372,4.036556551508063
4.583820262092743,2.594365273167929,11.892104106416928
1.9589179767033302,3.2723589979450303,6.410282867301416
4.349009880221079,3.742200491645968,16.274866911936492
3.3177879456813284,2.371788838808391,7.869092419099996
2.500426543437876,4.966449599125331,12.418242404299376
2.9364490413703876,4.26105970511593,12.512384686309659
3.5515197534660166,1.3105887309674356,4.654581766700806
1.6370786156347688,3.4687999810125247,5.678698270829896
3.783157307754007,4.705792186673528,17.802752099785664
3.3193813160801002,3.8494304911208994,12.777727649775757
3.8155237899102628,4.321684865771932,16.489491417847947
3.9877967107229315,4.648450012524073,18.537073669903467
2.4190288824217028,3.6443506404656074,8.815789456958335
1.073228947629024,1.364172063522462,1.4640689481191258
2.336412984067929,4.065807227762685,9.499404797661969
2.9377744786588,2.9331114111671526,8.616819846789758
1.9043761935366814,2.6911716125961362,5.1250031517498025
4.839197776994563,4.831931497178708,23.382672159737215
3.520092841571378,3.704701858381053,13.040894491843325
1.5608730944063072,1.1573006830259551,1.8063994982732554
4.212430946945118,4.6851968877612205,19.73606836253632
3.974053599004239,3.8200226069228056,15.180974589319131
1.861584983613958,3.2963045800097057,6.136351107563983
2.242436465495773,1.539616112899083,3.452491314429761
2.5192059834123914,3.149190161013276,7.933458696528077
3.775790233512335,1.295072507419837,4.8899221252061515
2.7806135829773027,4.027549643662621,11.199059245283678
2.4232143800333668,2.142021122447464,5.190576386249908
2.42682689831435,4.338391218287523,10.528524503950925
1.311242277632065,3.6680076240973127,4.809646671393139
3.0482437079018534,4.969217641279375,15.147386408224744
3.7338960178376666,2.914464505526731,10.882307411315484
3.95499562983498,4.5731139466653925,18.086645673799026
3.511552292885369,1.2426170795872178,4.363514855003015
4.661220673198489,4.336492951148775,20.213350593074193
1.679779564996645,3.355328004303736,5.636211415490391
1.110947325038377,3.5465024588159584,3.9399774198636157
1.6010815821157447,1.4771744573405239,2.3650768172197325
4.505475110477663,3.709723695841343,16.71406777836238
4.719489211036812,1.243353894094728,5.867995288680676
3.0382026233024866,1.7070690926881116,5.186421795563616
2.859419058898334,4.045750217018904,11.568495278085926
2.0331915124586732,3.6650585594965985,7.451765955832496
3.5860548377751336,3.3982240890226194,12.18621793428356
4.512295925010205,3.525067234820779,15.906146519068795
4.716108460833031,4.215759777257255,19.881980354362515
3.5737594342113734,4.895850295070037,17.49659118049308
4.780311789268119,4.63732951165737,22.167880935296694
3.6462320496876264,1.558249809292675,5.681740396062583
2.539030489783524,4.679500938625498,11.881395560140758
2.3155753615760872,1.0097955778929943,2.3382577603975045
1.8636723504227684,1.2145885048288,2.263595013590766
2.736297029597601,1.564441010649372,4.280775290420546
3.6528483565793772,4.244000308199244,15.502689551127977
4.558722506982647,1.0482969387823915,4.7788948488282985
2.0049726116970845,2.126866234207946,4.2643085483302485
3.209018222649928,3.898101291273823,12.509078077432914
1.37957194912642,2.4089334430086593,3.323297005287274
1.3927273940196172,1.1679338472747687,1.6266134635022942
3.9171133754128156,4.218824588728624,16.52561422502936
4.837107390247769,2.80678092696815,13.576700764644121
1.5354966009006206,2.2175320375283154,3.4050129060129555
3.256309414400766,3.7307979327840157,12.148632431751507
4.249128409982761,4.296836266302351,18.25780905218957
1.3119637595693416,2.992608704722977,3.9261941671682945
2.4533533355368817,2.9743929279226826,7.297236810916425
3.252076190683242,4.903632013597544,15.946984919292698
1.7752650930570528,1.9772569243697178,3.510155197838909
2.316427415395855,4.990647215560893,11.560472030694239
3.988905552280855,1.883827147361358,7.514408567647125
1.9737524181603008,1.5543429256590993,3.067888108170004
1.1638475818930538,4.895683588116147,5.697829505742487
1.5187089385261734,1.5298750892180912,2.323434972824042
4.7273679853617825,3.832491605347833,18.117598119289127
1.6348565864841582,4.434482894550087,7.249743567806545
3.7466224534973422,2.8871907766645486,10.817213791381828
1.3595087941463055,1.567236616177821,2.1306719622018457
3.6742717744628735,1.2479451975138036,4.585289815301464
4.412710475360831,2.0786186135134095,9.172342130130628
4.969705756012562,2.675208758903035,13.295000367655636
1.2346315572318614,2.876567662517262,3.5515012126565026
2.789523565328794,3.4487833650558226,9.620462468537154
3.342885699581748,2.7235213327658134,9.10442051580866
4.0002177542385855,2.4012649095670286,9.60558252388014
2.6765325692264192,3.8939310727606213,10.422233338566572
1.2540730824088926,4.556625712553057,5.714341652725029
1.4205109926980661,1.6481039092979826,2.341149720266441
2.38601135369655,1.0627826217407512,2.5358114019848186
3.651023343557473,3.1883302773355684,11.640668269523232
1.5407864603349006,2.36375963361285,3.642048838956865
3.667049565156386,4.5702976910944155,16.759508160763012
3.640438655108382,1.8686746055724641,6.802795267945407
1.3923519774867326,2.2576653414531647,3.143464802675573
3.871456282431032,4.08359347819316,15.8094536260453
2.6794535413469016,1.69589507583522,4.544072066699453
4.313231364554247,3.9603310671866883,17.08182417300822
1.7997911244635088,2.1588154160369033,3.8854168251382157
4.092421766031849,4.303819932213383,17.613046367671767
4.508906437606712,4.442064394568072,20.02885274493154
2.885852104911538,4.5416757174163855,13.106604428931696
3.529656387487721,2.9737847148432572,10.496438213759854
3.471723544049647,3.739324750569724,12.981901775400484
4.014817433951173,2.9083184083722355,11.676367449413977
2.8273077629193,3.455210230474788,9.768942707139551
3.4292790197601435,2.664370214596313,9.136868877788968
1.748352357016394,2.7975245903676518,4.891058711380606
3.98024916780104,2.6624707125111535,10.59729683776716
4.845356407075778,4.3586621565545,21.119271606540075
1.9204232677698014,2.830566019554125,5.435884844910293
1.2170880335188938,4.280306489768426,5.209509808490413
4.382808370841522,2.9234779303940894,12.813043545301662
1.932859769654237,3.910614661144957,7.5586697531471225
1.3098859389242512,4.6705386034176755,6.117872843819723
4.292445919800109,4.181794678971009,17.950127507190913
1.4694694076148473,3.9101290756129568,5.745815056438563
1.7916031942513944,2.672248266999774,4.787608530989548
2.790399595885092,4.592353342959804,12.814500912356587
1.6720074502743123,2.597808291055199,4.343554817028672
1.6568895359491607,3.9481293541000775,6.541614213382137
1.315967213255838,1.647554782324165,2.16812807558146
4.135429288543387,4.153172204498677,17.175149974848132
1.6308508599364848,4.010173240756833,6.539994478182561
2.921342435341025,4.777925549907405,13.957956661844605
2.362262769742822,4.134649218939726,9.767127915847553
4.979777266722221,3.4807384212817274,17.33330206170534
2.574144571291307,3.2110084632806717,8.265600004124384
4.841960176064266,1.2570242462652481,6.086461340763532
3.0491410860988584,2.703459854235252,8.243230516167538
4.335841499273197,2.955617174461461,12.815087600994593
4.482812664291556,3.8111407311859185,17.084629935157615
1.7514198754963095,2.094101487623257,3.6676509667297617
3.3335754039080276,3.5963753978654647,11.98878856954426
4.540084875137374,1.0464709728073065,4.7510670359127465
3.9451528458736234,2.466916962665031,9.732364475791863
3.9880198746238507,2.164081551879944,8.630400239204041
2.9745667826739735,3.0124583694142237,8.960758599847752
2.628842150615464,3.3886330538863674,8.908181405025285
1.3299484734362266,4.588222686583467,6.102099757807145
4.511113207258731,4.824800525641596,21.76522137361067
2.1052981274054376,1.8329337890386763,3.8588720737212787
3.3994232395975037,4.060995265917034,13.80504168285381
2.420515576968198,1.458383200587678,3.5300392542112107
4.378444495155133,1.2308043290212898,5.389008439016373
3.769425461104365,4.230117970856691,15.945114382822343
3.787439928436387,4.342452239331486,16.44677699857207
3.9683638870676337,3.886387961435429,15.422601637294756
3.465848488839207,1.3783833274095323,4.777267772343485
4.5724668570868,4.804833286814954,21.969940957788815
2.5140661111423226,1.4583084057515818,3.6662837424940395
3.4848372237882574,4.502373967949145,15.69004039892442
3.656934025255985,2.8504482399799613,10.423901156013757
3.380549868927156,4.91701196163987,16.62220414243492
3.90443933237561,2.5152123428583892,9.820494000732904
4.039353196849565,4.975506451951493,20.0978278926359
1.9195272652844313,2.926093051330268,5.616715392787766
3.2389415700418143,1.1350383039522534,3.6763227462607095
4.903570069755982,3.6877824259212018,18.083299527519312
4.255775962087369,4.67294432923516,19.887004148531478
1.598801587661212,2.615967727185661,4.182413355494927
1.1407033271846898,4.928882945281092,5.622393174986016
3.2142955393104367,3.2831626105043545,10.553054933774956
1.0731236951186975,4.925826360118558,5.286020985083511
1.1194940193410758,4.424967688247039,4.953724862770065
3.4051401066212468,3.0152023742411083,10.267186534108005
3.4727644041375436,3.258276440444985,11.315226441217325
2.4243977306510343,4.452097678555847,10.793655508527534
3.152609742402246,2.0974644751297093,6.612486938636535
4.315247895693352,4.365540664596531,18.838390166463935
2.4156256042600623,1.9830709568729112,4.790356978486706
3.963111382413279,4.855019672295689,19.24098372511543
2.6329511657130684,1.217428801573321,3.2054305822751394
2.8026815623901133,3.9263804697641773,11.004394149536692
3.45080558666869,1.277550845633284,4.408579595364646
1.5919692328394417,2.4254177273061623,3.8611903986547733
2.8579808226515713,4.318143796139633,12.341172158818928
4.858059879920077,2.6579910935906854,12.912679892957799
3.319260181089063,2.9511906714030873,9.795769682389766
4.122417444301102,2.9842594798854005,12.302363338200509
4.5920547639332,3.5495111228031413,16.299549461102046
2.731466712879841,2.8108318392343037,7.6776936043713215
4.169835727178244,4.426777482556801,18.458934903033516
2.4770505525985156,3.560840520169307,8.820381978200567
3.9244471321534076,4.1948820637649025,16.462592884863938
2.312426966146107,3.7768389947421226,8.733664338233838
2.3224666935502474,1.9690249833499034,4.572994942598481
3.41560528556493,4.421213257848397,15.101119372116727
2.118091427442638,3.736263605027441,7.913747912474549
3.6837837989753877,3.5444904489572577,13.057136491491745
4.988025586098642,3.6879616547951617,18.395647094668956
4.279248680342414,3.708116227485401,15.867951473023195
3.9173636911567087,1.1415479090630543,4.471858330679469
1.677748467041487,4.734124820340814,7.942670660109856
3.9198607222973845,1.220419210382035,4.783873327513728
2.308953507097188,1.2388901936748509,2.8605398575938614
1.0118497846423775,3.120159392584476,3.1571326094364935
3.983569312475304,4.345261086626726,17.309648719379318
3.9918997091327335,2.1823085511833336,8.711556870706627
3.195016031057147,3.353663858146466,10.71500978955492
1.6683423250706104,3.7665958126496664,6.28397121567717
4.245055038677441,2.2119137245000116,9.389695501308559
1.8462103789180975,3.1866403237133456,5.883208439518505
2.0304977187137068,2.668942868538217,5.419282405944066
1.5947897263108435,3.493907129139105,5.572047194235258
1.2380988495366827,4.332221662623226,5.363718656431711
1.5764790252960017,4.043456402846225,6.374424208785894
4.786684861508102,4.954067443114701,23.71355963284729
4.188257424503195,2.226100045183035,9.323480041924745
3.951294109993921,4.731593059319604,18.695915786177668
3.2904180376274925,4.16028560542094,13.689078797759075
4.072703513443425,2.137397298806153,8.704985488472307
4.073415676960616,2.2318830909418645,9.091387571785909
2.110745107142735,3.008763520075049,6.350732878547962
1.6638303551738636,2.8926570290992606,4.812890572122396
2.594113119407663,2.3156499646972857,6.00705795337712
2.88921465825073,1.5584576788199693,4.5027187699100635
1.2372031881713257,1.3614503518846264,1.6843907158886329
4.63566473106737,4.165409155726463,19.30944031366628
2.052749452239002,1.923996624586347,3.949483017229313
4.257118303374389,2.6116338767810543,11.11803437855724
1.9777789866974769,4.568014397509194,9.03452288632522
1.8320283657325955,1.3130299059492012,2.4055080327541387
2.3833072938460944,4.692167645623377,11.182877373762851
3.527811038166085,4.857143118687678,17.135083108058833
4.283978480712377,4.60481765932804,19.72693976016566
2.5554364016681506,1.9156989396816568,4.895446805099585
3.666271755623054,2.061164452243135,7.55678901495327
2.0105447304683817,4.9644180260426545,9.981184502102304
1.915336910710257,1.7853843411786285,3.4196125284635417
2.695620751190258,3.9803884811162757,10.729617787495705
4.734162745940369,4.4584577632307525,21.107064647035653
1.1652849782829837,2.9670752279662076,3.4574881925845813
3.2318585827377,4.143292245575483,13.390534604653684
4.893625457218963,1.161164945692399,5.682306338270599
3.431642631998925,1.1874479042293768,4.074896851431306
4.647276191032191,3.902290829634242,18.135023263042466
4.137533815675567,1.1570794775845856,4.787455465930443
2.9173288870678507,3.035263299588588,8.854861303746668
2.418561506448806,2.6088274040081543,6.309609536302889
3.554821953039293,3.2870055249532664,11.684719399865317
4.562129773598054,2.713951437377966,12.381398656561252
1.1801960630865413,3.8540703737102215,4.548558681911278
4.029981822679502,4.025719778555148,16.223577530778595
2.398573915295846,1.569793103531007,3.765264790540785
1.0164455645052155,4.149813064845468,4.21805908328797
1.163399806846888,3.14064123531897,3.6538214065454615
1.1887914433532747,3.1917781484763403,3.7943585519906313
3.6362578163441968,2.7777569930322494,10.10064057781827
3.086395518194209,4.266296339989024,13.16747790303048
2.3293411764281817,3.4526697796101042,8.042445886255031
2.4634262579248745,4.972204426358807,12.248658943662575
1.8458483286719294,2.6914964224434983,4.968094172993808
2.713250889826311,2.011135253836293,5.456714517032386
1.9988408285386101,4.383548653782384,8.762016023065689
3.92319094608748,2.8239948949908102,11.07907120382521
2.0951415767462414,4.715479969093912,9.879598137562736
3.235459050578926,2.693488736878599,8.714672511366262
4.1969040959837365,2.0935194200983163,8.78630022923212
2.8120499950616087,2.214464508314035,6.22718490966859
2.486033461987294,1.563973294600129,3.888089944030433
1.2872054211419113,2.048117528060209,2.6363479852548712
3.6048845006445354,1.7047219440012022,6.145325713838556
1.1341503583337729,4.245340036255769,4.814853923368192
4.385844933852951,4.592693884007818,20.14284320391312
4.355856676327673,3.123478823818437,13.605426088097646
2.936729911820159,2.970772026091644,8.72435507022191
3.1235730187347386,1.939304008435339,6.057557675872751
3.917549774681167,2.2405998345370883,8.777661376941431
4.41943761015629,1.083556507689905,4.78871038281437
2.720399455392497,4.9297694492427535,13.410942124930557
4.791099146635316,3.6882147742819393,17.670602657669967
3.1802851262413765,3.1756562371205925,10.099492296970277
4.422870098983495,1.9854659535395496,8.781457998459826
1.1559757258747445,4.750317386270492,5.491251588729451
1.9135059772106628,4.740879940508933,9.071702103401973
3.16471403613408,1.1501627874344602,3.6399363172329346
1.1667985004892194,3.4972680346129774,4.080607098595301
3.0241925897565385,2.208999847905195,6.680440970808211
3.2719522524453413,3.2387489212096066,10.597031827856691
3.069612760620155,4.764597629552879,14.62546968289606
1.4579498097894619,3.9202756188154884,5.715565092774306
4.195339248603076,4.311478651083236,18.088115604403747
3.488783031510939,4.847656783300463,16.912422728167556
3.971824679372245,3.2094891185301866,12.747528089154867
2.643086429061436,4.635945593859107,12.253204884996165
4.261938290697698,2.8000254112450462,11.93353551511183
2.126947860174609,2.3023498404297724,4.896978066475456
4.70348680511251,3.595672943183637,16.9122002437643
2.7649124671957317,3.5025541927880623,9.684255754668396
2.039236432550884,1.6962405830350713,3.45903559529647
4.286686561989197,2.2942991552498984,9.834941357992905
3.211758174449107,2.1497335952429775,6.9044244474095
2.1471341934529296,4.292550009054393,9.21668090154737
1.6234898910454687,3.799491459859152,6.168435976194923
4.810943150837401,4.80304686435516,23.107185415220513
3.8495124904875095,3.5837383133759415,13.795645399979328
4.748985427777228,1.6633666623912249,7.8993040407463715
3.9286019900509177,1.8384280638068602,7.222452150037086
3.3650318602406113,3.155058557648891,10.616872567413308
3.031664438323825,1.7762283198306994,5.384928231574409
4.999674977786241,3.2889096868797068,16.44347946569125
2.046528678411165,2.1361923057544536,4.371778816327761
2.487395547389647,2.875774219836176,7.153187989718441
4.4175097136097765,4.200710617901612,18.556679958644096
2.908335569838824,4.205033593482326,12.229648772291817
1.626646425030036,3.1041580466269587,5.049367589273962
2.9682512386894495,2.7125122065046687,8.051417716917735
3.330124000766486,1.9938501120896115,6.639768112200564
3.797791527589937,4.198934114296437,15.946676404183364
1.3917050832302733,4.424398749837879,6.157458230387043
4.133542113032061,2.3831265218151976,9.850753838606739
2.0703012510628596,3.261513246360152,6.752314954297511
2.138590999885083,3.370794940082963,7.208751721319603
3.8544575121551956,2.06904463335699,7.9750446300272415
1.7267130597331342,2.6891517391535107,4.643393427600437
4.577245595330529,1.4143525324535755,6.473838899417708
3.617316784819541,1.643794184516587,5.9461242944406
2.128287049414285,4.6499601533236135,9.896449974611109
4.565155097209976,4.177700436683974,19.071850443144186
2.3667146340365064,2.322890085311037,5.49761795816394
1.1712675315228243,1.9058541422346793,2.2322650766177623
4.834821799388522,2.4169510580809277,11.685527663664823
1.9803991706632633,2.6633642736476553,5.2745243987059816
4.5181623583713195,1.5080432142532163,6.813584085436177
3.3386216413071246,1.8385246272666853,6.13813810866867
4.8027172679629935,1.3684647703104456,6.572349382968988
4.334283089506115,2.3495772416687406,10.183732906053244
3.4671964649277576,2.376760425206835,8.240695344257333
2.105402037850465,2.638773262801305,5.55567860492719
4.909844901910416,2.393347846902523,11.750966724612624
3.611524088604556,1.1419222923956163,4.124079866301304
1.599789209342514,4.301507748858359,6.8815056805268116
1.8356284185454395,3.154307103942194,5.790135760816055
2.374353868950586,3.604011687417637,8.557199093763195
2.9931911915028313,3.7246405045008424,11.148561149586584
2.2125655269699003,3.813181968957037,8.436914972577549
1.6208363877451153,4.196929150220357,6.8025354834653395
3.976877248329943,2.8622047095565146,11.382636789498115
1.184919504180593,1.746297890350852,2.069222430386147
1.7132551890474597,1.5208829200883764,2.605660554775064
2.8441413543041336,3.245230027476837,9.229892925376411
2.103428593560358,3.1464681173594466,6.6183710067798875
4.510954223171322,1.1186049310733028,5.045975637885381
3.17871302307255,1.6077651021809252,5.110623868344076
4.904129118515095,1.6648599057939695,8.164687942252502
4.052948489305987,2.305469660432615,9.343949777391153
1.338561990914798,3.2592728826192583,4.362738798693448
1.109684179356377,4.6941528685033855,5.209027173658562
2.8704431916265487,2.686180295837743,7.710527941668838
1.5700593485822516,1.8132371570108816,2.8468899495616387
2.920494561456826,3.445398159270377,10.062266586202496
2.318964276077133,4.009669955676525,9.298281386073644
2.6090177626923134,3.4234693623909047,8.931892376510799
2.7442848252353866,3.285142080721792,9.015365560867018
1.1855216852918486,1.628535588870648,1.930664255875684
4.843950422548591,1.5189446650664444,7.357692652176532
4.934629694828919,4.928208573481088,24.318884369010245
2.9668617128292842,1.1106777519059352,3.2952272974210217
1.9428619449250273,1.4737812553733631,2.8633535162087407
1.6277993928400156,1.934651734977444,3.149224919553166
4.553869499605852,4.547397494249468,20.708254751646734
4.948228460036065,4.870448825881438,24.100093493375766
2.1251904843452754,4.6739491161430085,9.933032185941132
2.4054544191947764,1.0870060720024775,2.6147435595899147
1.0937388261594632,3.160810818628146,3.45710151447848
4.961866250276167,2.196485953255645,10.898669520664859
2.7478479380897998,3.2177827332827182,8.841977648871877
3.0227501907510383,1.3611216801189392,4.114330818214897
1.9554981055423375,4.784998678585072,9.357055850995698
4.364682002261111,4.880172061430317,21.300399164462405
1.4395289472690607,2.5355783857699588,3.650038484385613
2.464728053363868,1.1479345343424168,2.829346450218943
2.4025532504243396,1.03141177043881,2.478021701593686
2.6094698252454065,1.1652148273612588,3.0405929319277405
2.530969577520688,4.1232533199564525,10.435828713220957
3.4186403661304836,3.67292598513521,12.556413034592802
1.9473426847348234,3.3170004316846704,6.459336525903394
3.039632181325662,1.4106590366502885,4.287884604680073
1.9683933032426615,1.2285662289741497,2.4183015377028063
3.5224289259094363,1.6603148020655363,5.848340884911245
2.745610768694281,2.314809775489964,6.355566647064036
3.7344518527891593,1.4247889690573765,5.320805805329876
3.150437287905226,2.985857712977444,9.406757475343559
1.747502297868634,3.627409594112752,6.338906601022764
1.267618133488865,2.703856848678634,3.4274579717430944
1.553956108303137,4.360556417864851,6.776113281141532
2.176137758983907,4.180250028117746,9.096799928180568
2.9095906969903833,2.6523429169442077,7.717232276369203
4.075859894908863,1.2095504636405257,4.929958225620839
2.779530637401632,1.4486053041705245,4.026442824444483
1.6153339351458822,3.3661601976709727,5.437472798435293
1.0253012238604056,2.3617523303810004,2.421507554794805
2.2715302770465864,4.027116755634996,9.147717639626512
2.4767183200958534,1.0094768466363608,2.500189799776867
1.6742894269359434,4.301850937184919,7.202543540383189
4.993378329516745,3.53053851050783,17.629314489894128
4.420095190432592,1.0267711368043977,4.538426163464123
2.2110172223526035,3.0744787547087444,6.797725476418219
2.8412853245707512,2.9200770222918635,8.29677199005413
2.866956871633606,1.1325330932105269,3.246923533932383
1.0663634265573112,4.149978838821802,4.425385654706348
3.186920937728901,4.585904016306541,14.614913527982376
3.7197223978517204,1.2147980392788376,4.5187114755718465
1.0129796924132437,1.0120945440329958,1.0252312199076663
2.8534142533912012,1.2525563886137352,3.5740622524466406
4.435262210694825,1.444332918816753,6.405995214490502
2.801567256945609,3.3225309085315318,9.308293803531686
4.031312537249699,4.452028033974212,17.94751642954737
3.4997918835487676,2.9103149051047033,10.185496483456442
4.8099602886636665,3.08851628594816,14.855640686301648
1.0687145467490198,1.8149528657014313,1.9396665292389397
1.504941862627573,4.128854859890972,6.213686523363227
3.7904461662580045,3.187730809282347,12.082922025106798
1.9864310999728936,3.534633919836074,7.021306745381473
4.932916665275462,2.497678829362135,12.320841521866182
1.6100408924387732,4.9593189095975285,7.9847062430968885
2.9764554075808394,1.3365012481311949,3.9780363672386363
2.9848346686569625,4.686588698491898,13.988692424994529
3.8849568281361013,2.1927849319999804,8.51887479420728
3.3968972359115677,1.943238466835607,6.600981376710906
3.7157699122762406,2.031529157852086,7.54869492065867
3.366666517518895,4.522926200328596,15.227184199855243
3.0968020367998625,2.934831215971286,9.088591287283696
1.2600467204516757,2.273708212800924,2.864978576803845
3.7626436661602876,3.565558134737124,13.415924731994929
2.6460093931743445,2.1279736115146517,5.6306381644949015
2.317491614366815,4.27606499852209,9.909744776562391
1.022238728449178,1.1025781096328937,1.1270980448070278
2.18602601976124,3.7556685394131986,8.209989148755943
3.6110451913602377,2.11623421586409,7.641817388988025
3.7027864712044325,2.5492973923927242,9.439503895628517
1.1530906171480608,4.826276609497683,5.565134274172934
1.682039420805879,4.265411719252727,7.174590657750466
4.321629549055112,3.761969404378508,16.257838140603422
1.6909120358100056,2.1260974388822387,3.5950437487108053
3.861709132192207,3.108148552981779,12.002765651259729
3.258648495780546,1.3756002485601386,4.482597680765841
2.1606235639947085,3.358990038259035,7.257513027885958
4.957758953616359,3.4502931822031138,17.10572191666897
3.1787123872425505,4.748764004940028,15.094954966594413
4.407396898870653,4.057817517898469,17.884412344568723
3.692834430331568,2.8271856350044633,10.4403284538833
1.3263860379747738,1.0474193365902846,1.3892823839581536
2.542196254675622,4.889568013499266,12.430241490899556
2.2782955500741213,1.9997607499344192,4.556046017788475
2.9167824243332734,2.7617707489526033,8.055484380582694
2.020183331722575,2.7656600098046003,5.587140253018947
1.8825764620652272,1.1859673127489154,2.232674147759858
1.8142895993830388,4.679785127716877,8.490485484564156
3.4457402796013645,1.4144852725622932,4.8739488785708085
4.4913306154498605,2.0225021183688208,9.083725684042083
1.4437238159509098,4.208350139253443,6.075695321900523
1.7554819389365908,2.6819905707313634,4.708186007317147
3.313384065810485,4.565946795777739,15.128735358468402
3.55440167829975,3.672806843868225,13.054630809916027
1.9390358064704967,2.546365287224732,4.937493468282287
1.6766520079902545,1.1106949916703748,1.8622489880488529
2.4644259376445437,2.4827207873498383,6.118481504274225
1.9997058100130922,2.2282842421210987,4.455912945330181
2.289952394392799,2.9388486057575203,6.729823401512372
2.896306628303751,3.359689707966589,9.730691570227524
2.217750799300641,1.02625140269368,2.2759698686073127
4.832698225632589,3.515585807429739,16.98976529362481
2.443077803749152,1.886734029930913,4.609438030102401
2.0492811796005523,1.4793290553445004,3.031561191553749
4.475779575139777,2.8506799544288217,12.759015115292911
3.503066835457296,3.9477286299867083,13.829157239091703
1.1342643218335318,4.622745357584636,5.243415128029844
1.7228455301111425,1.6046483959838245,2.7645613164207465
2.8498695335057587,1.9924135357393973,5.678118633648196
3.986794744410134,2.722621750421364,10.854534085596613
4.872956996866064,2.325692940585011,11.333001687385739
2.2631509705761466,4.953521586624862,11.210567186539949
2.8147901479666646,1.838526970123223,5.175067602273851
2.8953783267577715,3.5785047700189114,10.36112515331206
2.1436521306745924,4.047307904229964,8.676020212398681
2.157854315648801,1.392532996280809,3.0048833357078992
2.328682952221733,3.9718185601768123,9.249106170401612
3.9213532270880984,3.961596757452111,15.534820229256582
4.055000793907686,4.153043685203179,16.840595440632192
4.404535078313401,3.4265777042789005,15.092481697063022
3.68405863621731,3.2324934219351524,11.908695307595842
2.754175037926191,3.8219559460104118,10.526335662555457
1.0084373032607714,1.4437540239008353,1.4559354144344456
4.33613497036499,4.758081162605999,20.631682121010776
2.6735633232913183,3.964805741175525,10.600159213581735
3.139938353822922,4.175843492422764,13.111891141420095
2.738254939505948,4.63445006154606,12.690305772922144
4.365899325997736,4.0089824620228445,17.50281382888228
4.324982443406753,1.8999825971302045,8.217391375366502
2.2847544546545935,1.1031997274282928,2.520540491615525
4.785423025588019,3.7425780543470784,17.909819196332915
4.916750202968703,1.3608962884342657,6.69118710237853
2.366014180787758,1.6502146535457767,3.9044312716330647
1.9768682534501374,2.443470745213041,4.83041974444581
4.348820028989879,1.34855400151186,5.8646186519492245
3.7667506365417185,3.134366089704555,11.80637546354941
4.300714129489366,2.1699062529197786,9.332146481599418
2.5268182905262773,3.2580258853409614,8.232439398087608
2.1644669021558163,1.0592142714170554,2.292634232773304
3.083290589142812,4.017255994758344,12.386367602815948
3.966269680974238,1.0008003808743706,3.9694442073694858
2.0348372179760315,1.9426918013503491,3.9530615804445897
3.1380717357565664,1.447451747503861,4.542207417713317
3.1117839067126574,2.103206334433099,6.544723623985037
3.6165608034265717,2.258545218764949,8.168166110951807
1.8226464332365753,4.584531781093514,8.355980498869815
3.162549655878376,1.1361364746308609,3.5930880168747
1.5746669336982757,4.123202313897027,6.4926703446418665
2.085221029923969,1.6879015817979326,3.519647874806981
1.6487831466350489,3.9956861589226866,6.588019998074659
4.796565743690191,3.958646223551473,18.98790686727554
4.5975888821971385,1.8842760961681422,8.663126830732477
3.1703564270922198,4.709781368351788,14.931685631353279
1.403165458437459,4.185231014290283,5.872571594833296
3.2752999753652694,1.5481895657379403,5.070785246522243
1.2943829020317223,1.1274250556537102,1.4593197153603255
4.581863271893539,1.2278254494308665,5.625728331043465
1.937941921549665,2.4983617645513374,4.8416799987208305
3.3717896717843114,2.227312933483787,7.5100307449522505
1.3978878954974725,1.9388223103904991,2.7102562392153224
1.2819570662189328,1.9268563752011474,2.47014714577811
3.375729117437996,2.8199894636511105,9.51952054331541
4.118233794870116,4.15839243976057,17.125232277754375
3.3741930935361104,2.026472413807139,6.837709222909498
3.8378437218583166,4.764313287860714,18.2846898407824
4.508085359328122,2.3983622958948976,10.81202195248837
3.3906487114802055,3.257270894915839,11.044261362788365
1.9029104571360436,4.419395936653764,8.409714742082988
2.800768867647887,1.8270334107780637,5.1170982970597345
2.7760299136294497,3.099979552396348,8.605635969091894
3.5667812824196625,3.653272761145915,13.030424904028848
1.2426300362504619,1.2446237115381735,1.5466068077868649
2.4010692710374664,4.502340693843358,10.810431887728793
3.4386846542000953,2.5258218189262287,8.685504727985395
2.8180407948295545,4.5055630946490695,12.696860604399571
4.554028736080879,2.287375918729794,10.416775664114882
3.6266205467295176,2.3164079932775357,8.4007328230288
2.9976606397944723,2.694798049106614,8.078090044001828
3.2862955806604197,1.490643608057748,4.898695501499881
4.553454569164553,1.062196015473186,4.836661300004761
1.646048056914998,1.6147609618067569,2.6579741435642052
2.440541055140746,2.342297705611112,5.716473713905891
2.070653021550201,2.160293964333532,4.4732192246838895
2.749633279214565,2.6912399854618494,7.399923026378823
1.1536557822313012,2.074287190561948,2.393013411400112
4.5339256838554824,1.0612318182582814,4.8115461973258755
2.336351496972248,3.7628992861570736,8.791455380168882
4.449097175955618,3.2637818521370434,14.520882621278117
1.4775938699274613,4.49101206446012,6.635891896216546
2.463960439038671,1.1657556533030218,2.8723758113243263
1.2494654197591046,1.960671468291452,2.449791199138479
1.1281825334643334,2.7519591323381367,3.104712225911548
1.8453133711025442,1.654903726720525,3.0538159748048157
3.737228058254775,3.971073704864836,14.840808071218607
2.033425161483827,4.642441464194293,9.440057284008494
3.3337886141666906,2.571702281824546,8.57351178617317
1.9485866478623834,3.695773266160414,7.201534439966934
2.751734865317574,4.592160982265785,12.636409482051757
4.396260410305204,1.3955804472800541,6.135335069773331
2.8511471457690742,3.5825500611526464,10.21437738143019
2.3917534886944285,1.591019460288548,3.805326344725861
2.11608377217826,2.6606170832446825,5.630088633834328
1.6832011941660037,2.326577772482619,3.9160984849628253
2.4071594275536756,3.3508380250637115,8.066001342237453
1.8633739677690073,1.382751166901325,2.576582528306147
4.594862290152063,3.682264999817492,16.919500590008187
2.6350145444466175,1.5795463836430526,4.1621276945275
4.6995563200284645,4.272709843865794,20.079840550387324
3.04280107477881,3.97157326243648,12.084707391504507
4.383543952632044,3.07483973184981,13.47869511186297
2.879197950294884,4.441787826288574,12.788786405094832
1.45856322929441,1.350473253704668,1.9697506299992096
2.5852171172092624,1.3115064979637037,3.3905290478669414
1.5383475500201165,2.070103436498287,3.1845385498253633
3.834251514763395,4.762974171852369,18.262440933203873
3.6703808694815905,4.764897245599733,17.48898769529478
2.8479259382863247,3.243175899802673,9.236324767473123
4.259532265132012,2.842121250658777,12.106107168598408
3.044219333126475,1.5433400337923429,4.698265568458718
2.8918175026351105,2.8946971839314752,8.370935981321606
3.074916230914644,1.340000991728402,4.1203907989073825
1.4131997558331135,1.9751158656017829,2.791233259010548
2.3397115348353106,1.801255377973773,4.214417985029374
1.7159807347001355,3.633398370672236,6.2348416055644185
2.9319242635527303,2.1362048280260884,6.263190767208176
4.374879619406251,1.9030739932170455,8.325719627147322
4.090482740536151,3.111239003197291,12.726469444261419
4.3275614983223125,1.8621803324051354,8.05869990944951
1.056682610885503,3.875148363800011,4.09480189062888
3.3064166691699337,3.039474545186341,10.049769301721822
2.516950156188483,1.6116235163475148,4.056376061187909
3.6090134884414846,2.516693143827497,9.082779502341642
4.983789341613088,2.7365858090072677,13.63856718734005
3.4562410738385503,4.471229621337034,15.453647467828647
4.8952011941264,4.228884107788013,20.70123853426604
4.932425183381348,1.8592576010633661,9.170649013878139
1.3969550077216533,4.175327100645101,5.832744102122105
1.63498262109474,4.999802313182295,8.174589890962332
4.6756549146171675,4.215970459468048,19.712422998692578
3.3195414253397995,3.2823081246329564,10.895757790448489
2.558237988511925,3.350600674766693,8.571633930521843
1.0731478835306896,1.927824180781529,2.0688404394249833
4.338198217368843,1.0293044311180104,4.465326648206004
3.1650502943445518,3.864520275385946,12.231401035110776
3.9977831943789277,1.0181610361294728,4.0703870794098425
4.312975963845477,4.007898290836174,17.285968993913787
3.1079139741350703,4.350867171311556,13.52212088132471
3.5708377547292396,4.893615411405937,17.47430666817318
3.284908733926199,4.9350393834313335,16.21115397290335
2.523227696596416,2.6011945942937653,6.563406244558906
4.77429178880372,1.3451762325747394,6.422263841675502
1.0576399912629841,4.768030567437138,5.042859807685856
2.8386102567172995,1.6562781436648901,4.701528126583846
4.854451954805179,3.2660282502068942,15.854777223665796
2.3077543994488865,3.1395668445331344,7.245349197835199
3.8718977262060594,2.9250341790116337,11.325433186790152
1.3436800782964617,1.1410760256406194,1.5332411234750027
3.382673690862129,4.649651208749453,15.72825281552207
3.5968533004195367,1.2605736619935675,4.534098536563505
2.356585099944478,1.5624452144600078,3.682035111876009
3.7679405262425827,1.0251508796552646,3.8627075449663044
4.129034828372286,1.0627078071638927,4.387957548162852
2.6810505625771115,1.009993391340556,2.7078433500527628
4.2142576095624635,1.7071195424570376,7.194241522232361
2.361885519592366,4.298501526202295,10.152568510682887
1.349482172440787,1.7483297687688948,2.359339854501147
4.436255274651613,4.367923174674158,19.37722222292125
2.3548180839287047,3.4974456436156145,8.235848249143716
2.289654649324562,1.3561108864693177,3.105025596204127
1.2799310568968911,2.6024508825937764,3.3309577086804993
2.9250319310621316,1.0999968699555382,3.2175259686883484
4.024892155871875,2.1658702630867355,8.717394232533955
2.5335440751740808,3.3528490553666095,8.494590859177087
4.924174393226473,4.814029729498056,23.705121922225295
4.358477672383934,4.826795689197987,21.03748124052845
2.5190030354333937,4.141043214404236,10.431300426945128
1.6814569075100003,2.760428829599304,4.641542123219495
2.06947977943456,3.36964254223601,6.973407105079888
2.212496841746359,3.0201912181452157,6.6821635316163785
2.90758550560986,3.6327769385068964,10.562609571516413
4.358610878466161,1.2093005595109876,5.270870574019805
3.800129642487789,3.295598018245227,12.523699718857701
1.6145569012832723,4.228319599898837,6.826862590847992
3.7134220832533735,3.058551062603631,11.357691058630396
4.108170086693741,1.4106202983229061,5.795068113253165
2.54313633312758,4.326512219464222,11.002910421039909
4.707178874114074,2.299853059877359,10.825819737021316
1.9921411382056524,1.0857368440918305,2.162941032380912
1.6827908815729415,1.193149819057699,2.007821635860701
3.3410700909722815,3.5282787019016277,11.788226443538035
4.0862429137252345,1.9572938718958173,7.99797821411211
1.022199858736383,3.5278174348687514,3.6061344835705866
3.6330526743455334,3.763029110765399,13.671282974506328
2.553333609820982,2.521552953148845,6.438365904218298
2.6537488456562914,2.6178025087545223,6.946990385763457
4.863611671887432,4.172895266758223,20.29534212496911
4.2235848333408725,4.743262846414882,20.033573018667152
3.0609650185348887,1.9584557651182535,5.994764587374954
2.8653054047424296,1.310336217984445,3.754513447420585
4.627190682991877,4.761012384452286,22.030112146946557
4.017230258031457,1.7735253868411767,7.12465984740532
1.1621851406953074,2.9617054096939994,3.442050018263274
1.7133182868486516,2.7769947062652873,4.757875812726216
4.809822657376234,1.4034099303092642,6.7501528803883
2.9933725209908135,3.154278902197997,9.441931789380554
1.3384147449408794,4.59377874877211,6.148381212352655
4.387402797236195,4.144878321578279,18.185250742296205
3.9911342644381773,2.109431467775242,8.419024209521885
4.466800909511564,3.034046999490995,13.552483896827207
3.962124867536171,1.0946304602790713,4.337062567434273
3.738470156611804,1.0892230966920757,4.072028040875618
2.3483729781760303,3.154418846019783,7.407751979842074
2.1163897973636754,3.501788736587946,7.411149954637764
1.177149159197385,3.0557422101644645,3.5970643734190584
3.8073880316469877,2.2443464102545994,8.545097661273243
1.9136133816706353,1.0098783259599204,1.9325166784160435
2.1252769756062513,4.056603333645985,8.621405664165374
2.161663404561869,4.438965352532791,9.595548956688209
1.6229147539422808,1.1548191545654052,1.8741730440793474
4.378741045250324,4.895655003874864,21.436805508852
3.552057086378016,3.1824935801498113,11.30439887372368
4.021714327405265,2.557885997340412,10.28708676337324
4.756090376074358,3.0289462073044313,14.405941906207532
2.6708503371192163,4.4895219445850305,11.990841199199048
2.910355183189915,2.9329935330703623,8.53605293123383
4.031368136639902,4.469084258221811,18.016523878554377
1.6175948652012213,3.8440388363320186,6.218097483284751
3.6922975276910157,2.7327573199234148,10.09015309613275
2.4349495543504887,3.362137114309004,8.186634268151948
2.465952028266427,1.291616373076975,3.1850640149312928
3.3928060574660743,3.321115901042694,11.267902146604552
1.4092153766766224,1.1600487455781163,1.6347585299631084
3.7108129292699656,3.1931241171079066,11.849086258527764
4.597052112295785,2.4365521437642985,11.20095717921049
3.046841864900557,2.283461823095105,6.957347079508316
4.984851203588775,1.4197833507689848,7.077408744916077
1.3089509390951206,4.951657622371073,6.481476894880128
3.683386209521029,1.2170615417386497,4.482907698978544
1.3107162257926843,1.805190440353703,2.3660924008174393
2.442541204253088,4.4578192506449215,10.888407200812845
4.811361780028128,4.610134935611045,22.181027029971418
1.0710600864073454,2.94666792688443,3.1560584043825908
2.1628655679432858,1.2549521682878502,2.714292834205559
3.7757736582298778,2.9497885979746368,11.137734085579476
1.2848444300812143,4.2488845097543155,5.459155596416183
4.272100749892626,2.5981465287829133,11.099543733944408
3.6550186482101137,2.2999807264182976,8.406472445582722
2.470106685890543,4.22988820680504,10.448275140198687
3.759809867651979,3.3091736847948665,12.441863873865998
4.3148756149781615,3.50614761550324,15.128590848648757
2.3819893844735978,1.5765304741273343,3.755278853670438
4.191627330127192,2.977624867411577,12.481093773108721
3.2984138968473014,1.0090683287532043,3.3283249984280503
2.55256009440224,1.0406826127231175,2.6564049081752903
4.292558834703428,3.1479475691456718,13.512750149119434
3.4113653849847028,3.080660403993461,10.509258265076282
1.8902303641996099,3.0618337636556383,5.787571150193459
1.099284844088816,1.2932274404652593,1.4216253252632312
4.2130114920884125,2.43913179400063,10.27609027884288
4.709079643403394,1.3560694725569937,6.385839148258916
3.2234759341761317,2.6699452383552242,8.60650422140622
3.3445664568611377,3.855479245609273,12.894906559989058
2.6056668569301875,3.2656119134174886,8.509096730388324
4.836046304837577,4.631287071641241,22.397118729452664
3.157102449241478,4.081176598393432,12.884692634574908
3.8754714532492427,4.600701142737412,17.82988594361001
3.611591622793127,3.8546236654458235,13.921326539144273
3.1794507901964515,3.6569486948830434,11.627088417653775
2.0534101479756974,4.835192031784091,9.928632385476684
2.404483241553767,1.8170298190129373,4.369017749220082
3.105405961092139,3.723486713160282,11.562937835095314
3.773464402480337,1.1410328344378975,4.305646782812646
2.978125580864495,2.2859782413201426,6.807930277775147
4.178179557747349,4.862873742862744,20.317959664335454
4.753242286637503,3.8138728389990146,18.128261654188343
1.7609166639235898,1.834582673883273,3.230547201786552
3.3037762435747013,2.491549206274255,8.231521077386287
2.8662838229995358,3.790104338924172,10.863514754138704
3.4607257285181965,4.351242223235493,15.058455912965789
3.094126940221974,1.570933656150344,4.860668146796183
3.964279752263893,3.021259041161107,11.9771160432192
4.150092261529389,4.973993481761983,20.64253185755803
2.544725907979161,1.0629275508134528,2.704859276859829
1.6703922520488077,1.38017980252146,2.3054416485661005
4.144071458801133,2.857001846288446,11.839619808946091
2.5191041834618026,4.582388658485448,11.54351443983861
3.737675971969684,1.499367970048131,5.604151634789861
1.2726834339648856,4.713957273435976,5.999375330320247
4.936585983783055,3.2392007420742543,15.990592981983434
2.162010771493811,2.0542703618288276,4.441354649834414
3.631456355270942,4.324953139916211,15.70587856619774
3.170119113541878,2.389134703731581,7.573841589125696
1.884312814959559,3.542238616843162,6.674685619362194
4.391904067033719,2.7079742161742675,11.893162973438214
2.6767437687924933,4.306133804967593,11.526416830033714
1.989499195108872,1.6406131820789014,3.2639986052309795
1.5034941351840412,4.773631486074007,7.177126942842148
4.559776000967754,2.0679175369953393,9.429240757171696
4.352507120231878,1.3513319608336398,5.881681981325323
4.936828872539703,3.2124708209853012,15.859418701231558
1.9837274379279206,4.170403879808832,8.272944603617836
4.985852692549807,2.5202144942302316,12.56541822186085
3.4618301514002106,3.251439057375202,11.255929764261753
4.380052752243705,3.560817513106848,15.596568548521233
4.348280709720828,1.3421242088232437,5.835932807275438
4.286374342936719,3.9845919522555833,17.079452711220465
1.794734110530435,4.129007171711489,7.410470013695407
3.569391260789214,3.6169375855903394,12.910265408826199
1.9969630893916732,3.7447150022611093,7.478057639806692
1.3731139829917902,2.8812569163078954,3.9562941603741772
4.795997159761393,2.036489090488425,9.76699589386755
2.262767798835369,4.472447442191674,10.120110054174932
4.919338787805684,1.910172190329245,9.396784147274396
2.05463122273604,1.3089301382991367,2.6893687305296092
4.031425999809666,1.387570721654872,5.593888683854112
4.219168271748929,3.3578739943173956,14.167435417354799
3.27173060202238,1.1187937532805887,3.660391759959579
4.753735975038022,1.5188729894299389,7.2203211713666455
3.791684280159274,1.4248725733590395,5.402666937635562
2.3283447189360067,2.749502632018354,6.401789932960585
1.5251999727486965,1.6692660512555255,2.545964535885252
3.257287572144615,4.595005696650686,14.967254949633988
3.0812397227797623,1.4468059936273883,4.457956098720552
3.2205712720824153,1.0542130230692246,3.3951681767519015
2.4884132012364537,4.009661150253377,9.977693738775448
3.9934655125203897,3.361793781960575,13.425207528465046
2.8136189068989594,4.241735078618051,11.934626015256292
4.547069989567749,3.6171020880133096,16.447216353608162
2.127989455602187,3.081858111936214,6.558161565862328
2.697083899213761,3.2122607483264414,8.663736744387592
2.875682213725725,3.5132558639395377,10.103007400198534
1.8304391738249013,1.1189603160880846,2.048188796523124
4.40797723056262,1.3031703990622754,5.744345446609714
1.4800487753144687,2.185630455011159,3.234839678229271
4.787784560466637,2.407368695260888,11.52596267052079
1.4475573011339296,4.229096540846671,6.121859574902844
1.908074088928576,4.785719838227244,9.131508020192863
2.9722663916343306,1.1741783217142645,3.489970763416911
1.902609100849388,4.081368427120966,7.765248713359701
3.304670715915979,4.197470489093105,13.871257806227506
1.892786282849559,1.8497467464149473,3.501175268359814
4.533180679454253,4.950564486443976,22.441803282340196
1.778207306651249,1.545188826628313,2.7476660616663358
2.838322798924135,4.345864577704494,12.334966511935473
4.6668251312565685,1.9948689304468519,9.30970445817228
4.5237055410596785,3.204788760245384,14.497520672647822
3.369834304927476,2.5645357881613084,8.6420606751602
1.5868421961144472,3.061618661599316,4.858305680637233
2.7262328680215497,4.908431048925534,13.381526055998282
2.6486927991802984,3.040397283827107,8.053078392320197
2.597472632552442,3.121366954757012,8.107665241134896
2.861572580108146,3.3848325637617824,9.685944052717876
1.0290496057071894,4.241332693562772,4.364541735983782
3.829388567204029,4.802619356070204,18.391095654768016
2.1757022773101924,3.7964156911985985,8.25987026495694
3.154354978614856,4.837734784479542,15.25993280264131
1.6704320949745495,2.4861825368311963,4.152999103488075
4.081516183020868,1.8500657400332314,7.551073257598113
3.7916215096768586,4.616700719703373,17.504781752567943
1.173950925258692,3.9161460972149804,4.597363334273742
2.149788826450088,3.8137358943971544,8.198726812806635
4.320920981435035,3.8322704013697644,16.558937583811076
3.0167513469599245,2.9632806632697104,8.939480932339197
1.731652521273301,1.6811134436189783,2.911104333189245
4.073642364288349,4.538464044331907,18.488079399789893
3.185768160598847,4.291976093835814,13.673240785793546
2.518745878692201,2.8059019266212086,7.067353913691675
3.4484772637825656,4.310309881632156,14.864005626665811
2.746824626053489,4.901983488971265,13.464888964013873
1.4756448167716418,1.5258070811032889,2.2515493106235365
1.575427366418917,3.871109749472633,6.098652237730263
3.5451287074289533,4.566509303479604,16.18886322450694
1.6262016007765987,4.326304508645811,7.035443317406834
4.09777424841221,4.038180251669503,16.547551045738025
1.053446333286551,1.3244900935844592,1.3952792325609094
1.588807218042073,2.78702320911108,4.428042591486466
2.983528318914413,1.3487742126841358,4.024106059364611
2.7312158883280473,3.092348960355917,8.4458726127788
3.5463061641521034,1.0632831346563334,3.7707275346707263
2.0051216906469644,3.4537882332757306,6.9252657014424255
1.628564513256939,1.2466926256233388,2.030319369029288
2.445999793553458,1.7897374952347973,4.377697543859197
1.0557030449954752,1.127778632083087,1.1905993359709466
3.1015934442637443,3.0757872823918664,9.539841671016411
3.6574821445016235,1.2939636302340833,4.732648873215661
4.419656236385052,4.0403056778506,17.856762186014336
3.480734179271201,1.5820988285844444,5.5068654676388045
2.90910410777496,3.593909636013223,10.455057285098079
3.0158237637985748,3.015983483286796,9.095674660120322
4.533834794535519,3.9475254716655224,17.89742833575238
4.051899031201534,3.39408550029949,13.752491750478677
4.470736496629977,3.6341145656958806,16.24716862179117
2.4001378111351266,1.2057644554890237,2.894000860941963
2.786677309354938,2.418550326544754,6.7397193165152425
4.201478785259939,4.2009775213567835,17.650317933334406
4.967486321068915,4.8381238366339065,24.033313978116386
2.236282341806295,1.8788919967649167,4.201732994526553
1.1258599811238543,4.006866368350505,4.511170493836906
2.6123653022693567,2.415476405529023,6.3101067502543255
2.153317869964967,1.1564376318300926,2.490177818119706
3.3451122623820395,3.0827862324726802,10.312266028546892
4.419910784463088,4.3067418672220406,19.035414824833392
4.313375351822586,3.493577543315252,15.069111265016911
1.5725826572920343,3.4023532966154595,5.350481788237852
4.426586403113161,2.5708693176287722,11.380175165596334
2.824220461340269,2.9027398870944223,8.19797738308061
2.100031619848307,1.078686887125095,2.265276570878441
4.804328932836876,2.3135944449009043,11.115268730488086
2.6744031993647783,3.834554242575482,10.255144134481654
4.155891093741588,4.660993502339079,19.370581384358392
1.6957484622735146,4.005476389499952,6.792280428167413
3.415999738652231,2.751265950444774,9.39832376768213
3.7105182702001214,3.1981483961044406,11.866788054556741
2.634022108377861,2.2545193528535172,5.9384538191819125
4.08765573558072,3.735169631114798,15.268087565993326
4.015135249274476,1.8737667370551163,7.523426874868015
3.1768445984326243,3.827976784667695,12.160887371297052
1.202778000212652,2.733510090633468,3.2878058003732282
3.479565407844691,2.2610882822260354,7.867604570916686
2.0832531403705477,1.8874068540023057,3.931946255757199
1.7707013534374587,3.2643939181554553,5.780266729030873
4.069029150164729,2.19352986277082,8.925536953371305
3.157762965177135,2.1553204267604915,6.805991021714058
4.900326721548133,3.790243287892172,18.573430464826465
1.7915087189187102,3.5960998809291462,6.442444290787101
2.6852455578849836,4.6325599604921806,12.439561055547463
4.800443097543192,4.6350643420086275,22.250362627263893
1.7105827821691983,3.99040390347819,6.825916211190552
1.6976656830940424,1.11024413780313,1.884823372604707
1.6811408082105093,2.7247591393338038,4.5807037816786025
4.412255206839959,4.892068760073451,21.58505585885319
2.01496468395292,4.129070523315221,8.319931282031172
2.166461545355524,1.3272019713924856,2.875332033941862
4.420278403614274,1.3021221756651133,5.755742531959733
2.06973666157804,4.579589558526892,9.478544404263099
3.1349026074836166,4.15867675717695,13.037046609755533
3.118213157937678,4.432219512994764,13.8206052042884
2.7129390963485354,1.7311005127295633,4.696370260693028
2.076467278022951,1.0520525540606096,2.1845527032673275
2.4414655077316327,1.6131581649398616,3.938470018216328
3.714108951980856,3.596876243290413,13.359190254372194
1.6905026878853593,1.0357406544839836,1.7509223603573154
2.143614356221424,2.6981941101465514,5.783887630382237
4.50369191104703,1.048252009263066,4.721004094856867
2.719997685755195,1.8414264520719401,5.008675688124077
4.291212676061935,1.9635039270091945,8.425812941079244
4.471481615279446,1.420829064634611,6.353211040968354
4.63371505800829,3.8168673232268726,17.686275590056155
1.3902931077246397,4.22663386616084,5.876259932998963
2.709142596324041,3.6284459231550334,9.82997740887761
4.400257710073592,4.347089311671813,19.1283132600624
3.526872973316077,2.559964465240312,9.0286694851056
4.533705574079221,3.7887173643812644,17.176929033506074
3.976321192127433,3.3543167455627168,13.337840760488954
2.0154785718637673,3.8835791711165344,7.827270601521826
2.8488137357611025,3.875379799446137,11.040235203953262
4.682052624675453,4.385353346103214,20.532455144251834
3.9353328636383402,2.1779424759081003,8.570928600555002
4.307662143590765,3.040495827627651,13.097428774417303
1.7170330099810918,1.3435009056525677,2.3068354039449512
1.6504409223349845,2.210079921111081,3.6476063434326025
3.9813290635678813,3.0561922090148927,12.167706865600717
4.9776100539977115,2.138472007906857,10.644479766749846
2.917151940790682,1.0739292919359582,3.1328149182429432
2.6441641020158912,4.8675243475991845,12.870533145610084
3.797194780149137,4.527593325508041,17.192153742257208
4.358945778808321,2.349478664013979,10.241250104903948
3.637307577395563,1.3678218181036121,4.975188663515244
3.5146728178218503,2.6069664492226816,9.162634116056505
2.2673665035597934,1.3559249708603014,3.0743788602689364
4.664752277298604,2.312351426012306,10.786546580405577
1.554496450823085,3.996944945129969,6.213236731339807
1.3917292012799716,2.1659095520815237,3.01435957096308
1.5307673047339065,3.6743889697802503,5.624634499814509
1.314869657875617,3.8093855094303866,5.008845421501065
2.0425022428681054,1.576807713529806,3.220633291456358
4.624581838571866,2.1824826015282945,10.09306940202683
1.6111560032896355,2.2759862598181133,3.6669689259106772
1.1537713888011751,1.8414009055932103,2.12455568018602
2.418025028669808,1.3819976735847943,3.34170496429148
4.584512086633076,2.841434804237419,13.026592203406334
3.897163126189127,4.297176938765018,16.7467995124653
4.824911787844776,3.6185276256277796,17.459076595533443
1.3530535029540585,2.8890001394472224,3.9089717587138275
4.642377027798633,3.7365696641329,17.34656517153983
4.480017424746035,3.715357159353772,16.64486481305983
2.465154484340811,3.3163594890328407,8.175338466075509
2.4190806306970694,1.9360969084374733,4.683574530353569
1.1022898984973915,1.9839940775683882,2.1869366303822844
3.0554182984079876,1.3662925313834253,4.1745952013670875
3.0060975082035992,3.736205777237677,11.231398877090072
3.727815728224062,4.902717179611988,18.276426213191883
1.7782454411538708,1.8588273122323802,3.305451193869533
1.75322121315439,1.5361441304427443,2.693200475954824
4.16091783282663,1.9615363207528373,8.161791456757618
4.6515745711568055,1.6097224075116827,7.487743817402656
3.7797829550826494,4.7169187104107575,17.828928942121014
2.8830355011990876,2.282189945559783,6.5796346335284674
4.3436009486299065,2.2726556505177875,9.87150923949818
3.4629907703056775,2.587808490913427,8.961556919351862
3.877116718468677,4.555363971823946,17.661677813868494
2.917221572092576,4.966288014431495,14.487762528924362
2.4118547411765383,3.468390451201344,8.365253953981394
3.8144302763304183,4.081016130349287,15.566751485797125
3.145942318347464,1.1277872388407277,3.5479536007612844
3.6755422459364486,4.2166401136733995,15.498438873716848
4.618280870894795,1.9262042211197214,8.895752107834017
4.056884249507264,2.261186957867483,9.173373754563837
2.435457514672813,4.189167011063149,10.202538277313192
1.8702859378506642,1.1066160741107987,2.069688482008935
2.1361536652479995,3.4930250872230517,7.4616383428747355
1.742759926547068,2.155753062047373,3.756960048067296
4.165294400499994,4.64837826131914,19.36186394327851
4.60045668156456,2.2379708401288863,10.295687904617585
4.352423633751261,1.830236498401201,7.965964590995539
2.026869312772164,2.4534618681277562,4.9728465705648155
4.241637417827032,3.269632983320338,13.868597604612976
1.5860214391658727,3.544347514677495,5.621411146132784
4.884207421669104,1.4195695402903232,6.933472084261395
4.146568320477092,4.04870845007942,16.788246197947235
1.5253232736421314,2.8180827688032037,4.298487234305385
2.21456185207014,1.6555974909721027,3.666423045889857
1.5115723328293371,3.0543076646163447,4.616806961782653
2.663545675712124,3.183806691132867,8.480214544470275
3.9440482590930808,3.6357431795660418,14.33954655787699
3.0060184832113004,3.455840068877507,10.388319122068
3.779962001709326,2.833989051239365,10.712370926945063
3.682224462484169,2.0486501846267946,7.543589824905492
3.2747212566956616,2.0748883948405195,6.79468113185539
2.652357045594878,1.5166373100419115,4.022663654901727
1.6862390905336047,4.528576536408131,7.636262780164669
4.318760105497305,4.406927260051303,19.032461638538116
1.0776262307550488,3.008569936581781,3.242113880721581
2.224924776721361,1.7431106801384284,3.878290140807613
1.052323354842597,3.7964957112602655,3.995141103518934
2.306717703850936,1.3721254084593908,3.1651059715969736
1.7072470235549653,4.833079538812486,8.251260657242021
3.199863656455351,1.1201023204693903,3.584174706781307
2.740077464202347,4.365673095194698,11.962282464217498
4.127943022848969,2.6649809227144416,11.000889405944687
1.5045369862438598,3.698379554701347,5.564348829216273
2.978775424038936,3.70505987535047,11.036541301286745
4.526099988218824,4.910147001391028,22.22381628514863
4.457523154416569,1.6071763002694648,7.164025571680696
2.8278183702807707,2.810774177665397,7.948358854313036
4.558420143346986,3.8855883026405884,17.71214398751028
4.968680021932485,1.6387425521807395,8.142387380111094
1.3381125430471164,4.762067487358715,6.372182235671562
1.5559311052857216,1.5461556652833979,2.4057116932281777
3.4643704042711523,4.699782765500046,16.281788319301988
3.7795516846685926,3.0408793598839825,11.493160707523458
2.1577825898498006,3.0305016869906947,6.539163778698971
2.2667194538739412,4.700754207842302,10.655291010795935
3.097080762853825,1.0417243367008457,3.22630440339285
1.940764585226053,2.595183331454957,5.036639901856746
4.937341986277882,1.479132921445355,7.302985076338015
2.1330188050933696,4.119526202797171,8.787026858641248
4.3127259712340695,1.7621613870521506,7.599719179445661
1.6846517977321946,2.579142663722886,4.344957325048561
4.688815517838942,1.1359518808971258,5.326268806668778
3.0541890796686113,2.468652469939483,7.539731415186114
4.666660128026893,1.7158424273722268,8.007253441794852
2.7772281207615896,4.896622359021927,13.599037312225647
3.327036979967259,2.35103371015536,7.821976094836509
3.758836255608226,1.1786326936327942,4.43028730087213
4.426701208311105,1.612540457306654,7.138234790809906
4.795739956083911,1.056489788085608,5.066650289916773
2.0409622988753027,3.305435472185511,6.7462691800957115
4.109395168532137,2.7582364275320295,11.334683448969463
4.147466110763466,2.747775334180711,11.396305078506256
2.759865046995738,1.854870170608924,5.11919135057859
3.0357521137260224,2.577359291252474,7.824223916251102
2.332437493933514,3.1840214979807926,7.426531123380753
1.6148136058613356,1.8190655132633147,2.9374517407707343
4.071784101337328,2.492953566084248,10.150768695754037
1.3253282959378119,2.700382695491835,3.5788935961961488
3.897792695653542,3.0618831997651106,11.934585970988742
4.727929517136085,2.7431405243876297,12.969375054904432
3.716991427074538,3.262960110442993,12.128394757402793
3.184840345111144,4.509043167870444,14.360582598881551
1.1338085555856372,4.096905161586501,4.645106123629732
4.3516229593131435,3.1752886480142393,13.817658983145154
4.102150329732265,4.686483800715951,19.224661068391857
3.6758663849372266,1.8662345985765514,6.860029027314364
4.828117252558408,4.920152381827327,23.75507259991686
3.4218199788620014,3.127843182650461,10.702916293140655
2.8348435964430556,1.6399270685443326,4.648936748896533
3.4948142364787746,3.248906473585405,11.354324596874326
1.8131942924524398,4.901714037401952,8.887759915851223
1.2448167994549628,3.5870309188311706,4.465196347925413
4.0828683163781,3.43242465668801,14.014137879146453
2.438637497533148,1.1065891932864536,2.698569901113302
1.7377542976406835,2.8665706831362674,4.981395524110838
1.144752553871979,3.0492939503889303,3.4906870372141032
2.3473095897570873,1.3830414536905598,3.2464264672794334
3.154703694485239,1.387326859986798,4.376605170658958
2.892736806442758,1.2043845046921202,3.483967385832227
1.2497458652617817,4.00663062464762,5.007270056784593
4.553548197754884,3.7242179847261982,16.958406092396306
4.741345326167194,2.6535593827476176,12.58144137709752
1.278468837625062,2.935764906573844,3.7532839476479105
3.4565624626587566,2.9011089623220765,10.027864339245387
4.8052831488149135,4.605171209345391,22.129151609675006
1.2211868010864895,1.7722247811635832,2.16421751131536
1.8060805427444149,2.3008004489172316,4.155430923527027
3.438671678330379,4.507544949010123,15.499967154962262
3.1071124281173286,2.899559073763252,9.00925603415017
2.01114337223015,3.937229968336884,7.918333955766647
2.573403235481206,3.6937121597792286,9.50541082291214
4.5275033405119665,1.018671770664676,4.61203984456956
1.9440389309973103,4.454895933896756,8.660491129036913
1.8712342546283387,3.6291714960731642,6.79103001937288
4.129996840079746,1.064239973125817,4.395307726096179
2.463550458897111,1.5670111072879518,3.860410932456104
4.080795749648296,3.7113907060451155,15.145427418513094
1.1709061773567115,3.040563572455988,3.5602146696345076
3.4554815021665446,2.0687661043241796,7.148583005801346
4.890228845173402,4.048436085164225,19.797778921510975
1.7301445262419528,4.1016782774657035,7.096496220162808
2.2775629961417887,2.69209647509055,6.131419313709981
1.98618511232067,4.077468397142325,8.09860702636211
2.7288216001146104,1.0753004238347752,2.93430302317273
3.6906907626314758,4.261831996503189,15.72910398138158
4.179503874955689,2.7974715251433127,11.692043079414676
4.637899405982597,1.1693155516040021,5.423167902190414
4.426394956480937,2.301831520976659,10.18881543511993
2.683635455546096,3.6183302037506,9.710279224658441
4.205844210964232,4.931945607393772,20.74299488164757
2.5070178650031285,4.738923956966271,11.88056702100576
3.999216116734917,4.251241711789117,17.001634369922773
3.5370842767386743,1.51981550211153,5.375715516062386
3.890133829757045,4.691458760005384,18.250402433206983
1.3871574635686272,4.702775183032882,6.523489694629379
1.3934046173630574,1.7645493071304053,2.4587311521202904
1.8670512210291563,3.2261245676259005,6.023339813178096
2.24340822593818,1.1897873131175793,2.6691786453648625
4.90055100895675,1.4295691655227638,7.005676616476039
3.432387758995783,2.5661319982410697,8.807960058730036
4.171457092188717,1.9051965943231157,7.947445845402951
2.1339141011397786,2.1079294576254637,4.498140393834903
1.30653915598901,2.907127926525558,3.7982764674747833
1.1901578770856807,1.0506083486539421,1.2503898018824684
3.259585848298354,4.1074645765197175,13.388633406010463
3.5381538602115503,3.2846689167752126,11.62166400740511
4.698161984971922,1.4906131461814476,7.003142017689071
1.606113968832676,4.091590704481208,6.571560985213197
1.6764723164994266,4.043801229765279,6.779320815127828
4.909361662021867,2.7534726726643175,13.517793176603087
2.167230740959851,1.735078077873804,3.7603145483336378
2.601536628534498,1.7576127119975515,4.572493849039486
3.4622416048747304,1.9983013729445718,6.918602152486992
3.673362479471374,2.691599041968677,9.887218930548835
4.397469331630139,4.117257054539884,18.10551162777698
2.8762515308545944,1.159198079229622,3.3341452499479054
1.0915513790730524,4.941538962275375,5.393943669014907
2.246716624573052,2.0618993247156183,4.632503491034529
2.849477299843224,4.02137346193282,11.458812393969529
2.788684372981796,2.371396612701269,6.6130766759819934
4.4779278300671805,3.6008421203708885,16.124311142486917
2.406872607897884,1.912602529840301,4.603390638868816
2.821150325536766,2.704039768555772,7.628502673325477
3.517124733915725,4.440382267411593,15.617378300754103
1.8795559540254456,1.4982458635852693,2.8160369334956887
3.665833371255781,2.748403177869236,10.075188087098482
3.001606747714172,3.9626123100506088,11.89420384842315
2.6827891691530232,3.709945509663279,9.953001631472537
2.6048254669937494,4.979135149989539,12.969778042296495
4.1473550944508295,2.6895055655075524,11.154334608661607
2.2464264913262335,3.6719233987668978,8.248705997110621
1.595870607420264,3.08741999123584,4.9271228167750065
2.5413733746032143,4.986960652535874,12.673729022548542
2.1439161311418373,1.0683633188001904,2.2904813530959576
1.0869687559839978,3.4428394763921166,3.7422589427065374
2.1437708403300624,3.706433105195514,7.94574321255215
3.22824959049463,3.7771709757525374,12.193650655701331
3.901473990331405,1.082356890732187,4.222787257447598
3.298808541267676,3.128159586163869,10.31919956128573
4.038064814954436,2.1157315446233764,8.543461108232858
1.390806396620159,4.4808736459929,6.232027729293619
4.112762018588676,2.5713556079034205,10.575373680470186
4.447800877420718,1.710165218666638,7.606474360119868
2.8626273454618056,3.0935982690275523,8.855819000791579
2.612966366237826,4.745287147421617,12.399275714353323
2.315925093500581,3.1795214084328642,7.363533415111981
2.6377039759961685,4.140450284748626,10.921282178495918
4.844781155056037,1.4614899107431096,7.080598777872747
3.945440257709265,2.8476418215595545,11.23520068231761
1.1928755252923646,3.4399688401343584,4.103454637164639
4.190674193159822,2.3870513489298677,10.003354485707737
1.6342517859130723,1.939386640286065,3.1694460804634548
3.028986603706953,2.9774033477905633,9.018514854289851
1.678558432825759,2.8279391472782085,4.746861103181923
1.1860396783938456,4.547673589312652,5.393721321308563
2.8398610184891595,1.865404279355673,5.297488896665039
4.379190166875269,4.634031754108234,20.29330629057853
1.8872718659417065,2.5964395380107717,4.900187291706412
1.2174278347019447,2.715176391341291,3.305531314944468
4.52172127155244,3.157344690652948,14.276632649348594
1.749317906250898,2.133702081634068,3.7325232580072902
4.833289215729998,1.202413959890678,5.811614425182817
1.8481546026635245,1.9920628347126605,3.6816400967691516
1.834041489614075,1.824977180342556,3.3470838663471563
2.555278112036997,4.082526251742886,10.431989972895039
4.314624913070945,2.7757611595193,11.976368251596666
3.443810842797301,4.429336488674352,15.253797026094457
1.630207550691055,4.50580910236566,7.345404020648983
3.3322110279226713,1.4610234737720962,4.868438531357269
2.2834683574218806,1.447849596525995,3.3061187399731464
4.228420013899726,1.6709961501207,7.065673564319758
1.2460706029525155,3.2141496372551517,4.005057376474136
4.556342532052243,2.4262555082290946,11.054851165770256
3.2043189423205405,1.4358780127145723,4.601011115002878
3.776180410562257,2.0501197335251904,7.741621977044939
2.0034805293018,4.245686214384769,8.506149664044951
2.1943948586821573,1.14160816095539,2.505139079030101
1.7466297610198387,3.717545400835484,6.493175435041682
1.3548384785836753,1.4237091685838528,1.9288959639097765
2.61948530966242,2.1724319794309603,5.690653656360253
4.655815693492959,2.0449389593699254,9.520858899269658
1.005232745285253,4.590598070001618,4.61461950040891
1.0410668965967544,2.689016625453361,2.799446193157808
2.914676635148015,2.446243660818112,7.130009242065498
3.436136369659351,1.053989508798609,3.6216516844222952
3.767682265689303,4.071055016825306,15.338441789538173
3.4846010589582006,2.166187698957393,7.54829994968916
3.652339916059527,3.893487050723884,14.220338168019726
2.7906324866064085,2.548196079789637,7.111078762504057
2.6119954392417255,3.344266206238786,8.735208078305936
3.3449227209645622,3.6092663767585416,12.072717109633087
1.172716997164068,3.5658285672461663,4.181707769782776
2.7793395066599955,1.3897510201104755,3.8625899146140745
4.014212514465944,2.9543535423381946,11.859402961810773
4.931451687567028,4.799647359324332,23.66922906986661
2.233513748704517,1.734846459603535,3.8748034194158505
1.56131591000476,1.2293400473486416,1.919388174731439
3.899086174332972,2.5104871025023945,9.78860555220833
3.1457052369906973,1.3646539998849954,4.292799234118532
3.38884003661902,2.2240413264986802,7.536920290334002
4.815383852459285,4.190225187773075,20.17754270737064
2.3059282422873273,1.552749396118696,3.5805286857046936
4.277996208238971,4.146978205668217,17.740757039498284
3.181384215280681,1.0956643395606167,3.485729235124078
3.677729106046836,4.876131153698088,17.933089468857197
4.710521942165003,1.7564333325974708,8.273717753150386
2.5645822091390675,4.119493989939764,10.564780997254832
2.34004727549472,4.776971258063359,11.178338577547748
1.8244584786068114,3.6215485174395656,6.607364898328544
2.7400266773003614,2.4143697492898903,6.615437521921285
3.256032919098503,2.439680824352983,7.943681076186684
3.4028768877570474,1.2037841593935363,4.09632929384831
4.712115549902185,4.26210029849122,20.083509091763222
2.662848572858546,3.945975455349707,10.507535109812817
3.2988799279377896,1.6663593397906538,5.497119378767055
1.9339705956989564,1.624038530111437,3.140842763517673
1.8804003385350074,2.6539997956752805,4.990582114259638
3.8130528350847057,4.340871973594871,16.551974185655666
1.0654542647632135,3.9339784059122156,4.191474070065558
3.679201624260824,1.1031258376052238,4.058622373481221
3.827635861506061,2.7120006264169194,10.380550854100303
3.9472815255851086,2.882780469255141,11.379146088608387
3.529675266916117,3.2259175722004123,11.386441467705883
3.056888860553969,3.7176253480837214,11.3643675142702
2.2527478648080366,3.115009827936223,7.017331738739375
2.147632663620172,1.9224763750098077,4.128773058009166
1.8025033577240372,2.4714064550574935,4.454718433541992
3.0672048058229566,4.308711547615151,13.21570076575006
1.5865068987825413,1.6140467311303333,2.560696273895683
4.90077292005825,3.7473119739139853,18.364725044767685
3.760900997440364,2.731863220435425,10.274267110606235
2.934874353605431,2.239552363501768,6.572804795197767
2.730062984294551,3.4506805361060864,9.420575202248903
1.2998102392326532,2.486621841023954,3.232136530062486
3.023652215090535,3.836581512837665,11.600488189667
1.3310872016368096,1.1331920730736242,1.5083774654645856
3.694583178905733,1.2306233020797013,4.546640151433093
1.1674117037512501,1.431055313041747,1.6706307211603444
4.893462948028278,2.78858201760661,13.645822780695884
2.897522022605288,2.1861332549367223,6.334369250528932
4.391552936882201,2.7085231115883563,11.894622625309164
2.101411268501365,1.8033211955864807,3.789519481132784
2.438235972726996,4.633231567698955,11.296911878337886
3.0937125957508753,2.9473205481539266,9.118162703539177
2.6437130791263335,2.0145452277384153,5.325879567063587
4.225762011242093,3.3304810220839585,14.07382018228513
4.991710987965938,4.117761932751151,20.554677485541777
3.0271530490960923,1.315665446407888,3.98272066768401
1.4936466816874385,2.089490616569689,3.120960725856356
1.3004700419612436,4.36334062609942,5.674393767114712
4.8669833799774,3.5681306563659168,17.366032602120768
2.79432380407282,2.5350281730297173,7.083689567892171
2.884647370848636,3.855357240379937,11.121346127144237
3.6668243117288952,3.7466423195917984,13.738279144831548
2.503763718261362,1.4625530405966227,3.661887239078661
2.8755878556597843,1.399047984312888,4.023085393175442
2.4149366805210883,4.82285817525561,11.646897112375777
1.6247899619209787,3.4270700006926718,5.568268935925975
4.242870461364154,4.524423573180048,19.196543133345283
4.099993025871486,3.5476717096586716,14.545429267682124
4.322120275253559,3.105420781079278,13.42200212109649
1.9285004528249692,2.278049598135775,4.393219681562581
2.561620239410107,2.361633943422626,6.049609307549302
1.926302145061046,1.556163341731573,2.9976407832428946
1.3483140109882141,4.083706249475212,5.50611835292756
2.0802661608504236,1.0622315226296055,2.2097242915149895
2.001390555170995,2.455873564453964,4.91516215659229
2.053217811852501,2.9103158101870026,5.975512259591896
1.9891606826787802,4.709151746645986,9.3672595031963
4.057293770708718,4.758887057255327,19.30820281290838
2.6249531315103356,4.086508149149548,10.726892363052611
3.1783700868914075,3.2981409576323863,10.482712562090159
2.6774605504586155,4.611079352505149,12.345983061366793
2.6180478419148367,1.9418404840937815,5.0838312887245865
3.628602019307776,2.303600832851061,8.358850633762435
3.2045525548780898,3.878946959552128,12.43028938946937
4.7390886377923565,2.9550704414531173,14.004340752966511
4.767452135551247,1.2747984854803924,6.077540762000992
4.36160671427693,1.871161246188482,8.161269454870471
1.8436308203502279,3.7937511232813916,6.994276495619871
1.872154549657365,1.5068606937870697,2.821076103573316
4.430720831167022,4.848292573405599,21.48143090058056
3.778514932910607,3.593530984692396,13.578210487537175
1.0379221179303126,1.068079219071798,1.108583045176355
4.450874071621154,1.9585716446878,8.71735575075333
3.4383355171312533,3.1226831433400073,10.736832360493011
3.221981046762453,1.0424775149975485,3.358842794998122
3.3297923918522,4.571932099092514,15.223584719623112
1.9710576430634736,3.655595484130971,7.205389418944669
1.9175825479606972,3.563800504924131,6.833881652656034
1.811510541595498,4.316604564424671,7.819574672354535
3.1514654576525394,1.280363213863426,4.035020441739578
3.434965589562676,1.4372165574987164,4.936789419757818
3.4359280433541706,3.970250142444876,13.641493803557239
1.7288435430909415,4.680530550943656,8.091905021238826
1.4658978556978832,2.888036895747626,4.233567092652816
3.2363967525511113,4.80938014738757,15.565062290788916
4.288691230098266,2.7321738050947584,11.7174498370141
1.7742870515741904,1.442269048535211,2.5589992977022527
4.021714046904638,2.218550510059627,8.92237575007425
2.77898480878273,4.93203467263443,13.706049431640785
1.2835269431269674,2.1530327275265924,2.763475515214524
1.6313557258301477,3.57474500038211,5.8316807247560485
1.4612921165634298,4.185689549134208,6.116515140531756
2.7394553948706144,3.3942612935371317,9.298427412180805
3.8071580656059107,3.850416983197896,14.659146073527848
1.7264877287198783,4.342258493809717,7.4968560044921375
1.54651448553762,3.865367664008852,5.977847084318402
3.4695695348896476,4.734475055493068,16.426590416233722
4.021062945683488,1.3633007380352158,5.4819180815363575
2.436400149947699,2.199354171347758,5.358506832859774
4.818138720028606,2.0249848941563355,9.756658126007668
1.2135149983334137,1.5911906016062503,1.9309336602563523
4.0237580995146,2.897537540115604,11.658990145687772
4.3907373248100345,4.116708264753024,18.07538463340505
2.439988790335448,4.08114191591827,9.957940526608711
4.372496395048904,4.561610716234875,19.945626412353437
3.5434521139757265,3.603032450045201,12.767172951835809
2.8854698917648585,3.7753601621120803,10.893688078342903
1.9866761652210423,3.3523407355570765,6.660015437030821
4.51352266659649,4.921974598006191,22.21544391251309
2.8915476765704757,4.4103625387594585,12.752773551783378
3.9765073760294913,1.4328307158227633,5.697661910070835
3.7920871906594416,2.2691192365552015,8.604697991019911
3.3543142127706433,3.3874906383678867,11.362707993904902
4.803189988387013,2.822069989947851,13.554938322244956
2.399327466607715,2.8692635140801297,6.884302758267828
2.010467778286481,3.0129575862924343,6.0574541445847485
2.902969673695751,3.759520813894047,10.913774910362385
2.3625914731281603,1.7906657848470942,4.230611714502089
4.50567524155705,3.265799860848497,14.71463357690553
1.4684311460334594,2.689391586918878,3.949186370112032
1.8314358593756657,1.5271418594545167,2.7968623637586347
2.0495277359788133,3.492196187091029,7.157352944922521
3.3088724035458204,3.594281386466808,11.89301849025843
3.0839581401039178,2.290856879578971,7.064906721590629
1.7265421992282066,1.9040033606532272,3.287342149640119
2.8639653298515353,4.5348121973914175,12.987544910716876
2.2815164908558287,3.780727099847183,8.62579122572688
4.909561337739079,2.7015607778307773,13.263478346390299
2.2295546548163094,3.3550840463970637,7.480343252944512
3.6766709255584504,3.3740042527996597,12.405103338979073
4.801395557491213,4.262342536896135,20.465192521158926
2.2510418564330563,3.155157599888703,7.102391820992333
1.9951524583682714,4.260936174797213,8.501217284096958
3.4363526644365394,1.1377916670814914,3.9098534267491747
4.225567645060143,1.9907664936403284,8.4121184843964
3.727131298780508,2.5968294960425946,9.678724492296768
1.7918451086987712,1.3402737619505487,2.401562984668392
2.9289759297445044,1.6686111251280775,4.887321821604035
4.260278088443914,4.86177768545056,20.71252494421059
1.5586341645492063,3.6305193348608435,5.658651470370571
4.565005114856849,2.5823218754407784,11.788312569593883
4.75894699821512,3.0244782107635317,14.393331502280148
2.5337437233077993,1.7897860399220078,4.534859144716309
3.825847110846082,2.5688455489538913,9.828010321675062
1.1056193209525786,2.1974901323187046,2.429587547894198
3.6750279459830777,4.11307186626513,15.115654052361126
3.586188087609987,2.263727233319277,8.118151637727905
1.1547881505588906,2.516566353233979,2.9061010048097984
3.41422841180769,2.670239810011082,9.116808625679804
1.0017545599961748,1.0921410449232032,1.094057271910806
2.5741289603803317,4.8987877815950025,12.610111499361015
1.9973526834555515,2.337324235504533,4.668460833890674
3.7501009501572207,1.5603399196006298,5.851432215062563
1.2456310397675838,4.777469451852751,5.950964240769211
3.741711988341597,2.8044506669360385,10.493446681187162
2.388295079153103,3.97687567877012,9.497952614010334
1.4271493377591122,1.4284919411207029,2.0386713277646398
3.6053789520340627,1.6894581314269588,6.091136787389554
3.935541416582577,2.9135609359894454,11.466439733323561
4.906015634567197,1.2362832032905593,6.0652247240963
4.500996845264895,4.178071439983299,18.805486370656187
1.9125488929619974,4.654124029127255,8.901239759615162
4.383630566683898,2.841160985215419,12.45460013966005
2.2877693127640715,4.677805756336989,10.70174046041889
4.237725980807249,4.7129213956266405,19.972069443749373
1.3046339566264638,4.636298139550261,6.04867198590137
1.5666442853266158,3.829749318113605,5.999854883456183
3.4333351014233777,4.912478423028967,16.86618460477031
3.5395825267467975,1.1690271560796095,4.137868094951887
3.1654322055891604,1.2884024636067442,4.0783506520612045
3.8534626974427475,1.5901937187164266,6.127752176781515
1.4121749166816242,3.2200883265905804,4.547327964310524
1.5080792687560067,1.7009743937070856,2.5652042198344733
2.0529042645709277,4.965190476747242,10.193060704121372
2.4631686357691853,4.112452921215818,10.129665051616167
3.3779826681061467,1.8888968050422794,6.380660669273895
3.744932645625489,4.490549798725951,16.816806538055783
2.391732983087586,3.016562108349486,7.214811090071694
2.9504552144836307,2.7251475180036198,8.040425704730904
1.3610853328003123,1.5781452731107009,2.147990384259118
4.195507428232107,4.544694059316161,19.067297684903277
2.8711268568386834,4.192364276912176,12.036809669093637
3.39599425935942,2.28391432548693,7.756159938222357
2.2651606352614504,4.003217700464404,9.067931149473832
2.1212984779723794,3.088960422856261,6.5526070435219035
2.465658116848037,3.7922195390179394,9.350316887249303
4.564462401995785,3.027395925315935,13.818434877059824
1.2802947129423679,3.4068923056852243,4.361826206532826
1.1444101052447389,1.4161928235076995,1.6207053781972902
3.2220390243688604,3.959478409927296,12.75759395293171
2.9550640048963386,4.686126710976832,13.847804365990903
3.093134097190259,3.62614050005019,11.216138821907778
1.5347236226485172,3.896220633176399,5.979621844786383
3.464793981562669,3.642816092639372,12.621607273716535
3.71196163589911,2.7452139203047805,10.190128754507542
4.063137032674106,3.1061674570303635,12.620784024347225
3.496838882067543,2.0666013940845827,7.2265721085699575
3.7377871673841754,3.6557599820077233,13.664452747785072
2.157514124175861,2.4708534266178637,5.330901166696365
1.5907323122724026,2.6259437840653868,4.1771736275236755
2.9443070613175326,4.703573294072116,13.8487640631611
4.3530043287796545,2.98507967673289,12.994064754570442
3.2843141466639425,3.1973310779467643,10.501039690868831
2.8768898001681955,4.499427453573837,12.944356947783328
2.7383763755399992,1.0766622768383756,2.948306543329314
4.09904410515616,1.2729077900662205,5.217705173278296
3.5604391389649965,2.839231542245474,10.108911107594736
4.675801543755506,3.082382790070751,14.412610208258222
3.903755573700929,3.065301455481426,11.966187641909187
3.4555857972003245,2.6955427126640275,9.31467911362865
4.654312118150271,3.8953198445115524,18.130034356381348
1.102970872981821,4.83112414585949,5.328589216642196
3.633031114210764,3.5978630374640437,13.071148359775718
1.1487161328874884,4.250386157434872,4.882487150047098
2.3767458471095333,4.908877196757691,11.66715349136453
2.0680602204323124,4.795038286996503,9.916427936787365
4.547111643573919,4.780073636765613,21.73552849087765
1.562123176078618,4.8580763793945545,7.588913703412335
3.9027926166572366,1.6312105865795505,6.36627663351579
4.512386651811651,1.4610368786283088,6.59276330892694
1.8773924455499555,3.3958400704855967,6.375324494625488
1.6272692173069077,2.6150853599349744,4.2554479068521385
3.1957324548218797,2.0869435353428267,6.669313187275784
2.510837543490659,3.5867260690495613,9.005686472386309
3.0292172520300027,4.083245274972011,12.369037031215209
4.281914262038072,3.9286586915747645,16.822179682133815
4.1732054244750625,2.7642397596927344,11.535740359699362
3.642133160915411,3.195516443351806,11.638496404582085
1.544767055354181,1.5377149365758394,2.3754113745484005
1.1493325949301068,2.544712565423885,2.924721096169883
2.3413551985792775,3.025900945806429,7.0847089098498355
1.3728367096606129,2.9025355924836003,3.9847074124580035
2.6616291649119326,4.7861061525601984,12.738839722018664
2.122357648889815,1.4602343333281804,3.0991395065105833
4.161339104075809,2.1282292232790607,8.856283489268042
4.356882151042983,2.7390399766525397,11.93367438527064
4.911821144197307,4.983160459214462,24.476392908497555
4.882804826514597,2.3607210390023496,11.526940083295228
1.0860463979349468,2.6649665180277284,2.894277287521252
2.642826804894416,2.201035843410706,5.816956525499202
4.993945302385928,3.065697926327995,15.30992775771997
2.4099029013121176,1.9194689602452173,4.625733816273502
2.8523774723466175,3.370348376632387,9.613505783466213
4.099280573409297,2.0752878899369667,8.50718733145018
3.9483857492992653,1.5167014952994062,5.988522569981062
4.334436688291863,2.359760731642809,10.22823349082304
2.06070522603382,1.7419684397648996,3.5896834674095084
1.0823355158892314,3.1829163074695974,3.444983363677354
3.5042068276178697,2.041884497615944,7.155185597752875
3.76171108921531,1.3557857922724752,5.1000744493919346
3.1503411698424424,3.465764959832479,10.918342037957597
1.5558961243736964,3.1088632103128404,4.837068220133716
2.122054344418496,4.497539737828223,9.544023739853204
1.450227664202794,4.542091810650154,6.587067197153813
2.3858837092410816,4.318814231290238,10.304188517673925
1.7427753141799003,4.491286484416543,7.82730321395098
2.9637410334547565,3.062825308491172,9.077421045079008
2.4214540229267505,2.3043907430651447,5.579976235190259
1.6295887498822714,1.145429333376379,1.8665787554552968
2.4307120765891863,3.992713970335933,9.705138066061911
4.531165206278754,4.636990168893018,21.010968515144683
2.049439934996751,1.2678336158583154,2.598348843271362
2.576361627742238,2.4600736396407212,6.338039326590541
1.6912325279217124,4.339414541627669,7.338959024937201
4.186518191838622,1.5194585876671907,6.3612410190141135
3.484470056727275,2.5891693167123213,9.021882955881102
1.0156730072949203,3.091642678916355,3.1400980171762978
2.795518031547483,1.800687041752099,5.033853094391888
4.907987691860049,1.3901211469136614,6.822697479246624
4.672521240580317,4.93604457208171,23.06377310750297
4.833772718799441,1.9063724149887942,9.21497097144464
4.715903831135669,4.103905593287118,19.35362411000182
3.5116913124693423,1.8800304991563466,6.6020867710647435
2.3124399244025953,2.3255645605979893,5.377728336702569
4.123499723789185,3.6953067249933147,15.237596259826251
1.016949327089601,3.5270581456880477,3.5868394078633563
2.822862073171488,3.2342621812004624,9.129876046003677
4.5714065972687035,1.0032812758112692,4.586406643159798
2.0785899804759476,4.598316426894858,9.558014452001611
1.3028340021893667,3.5518312287057996,4.627446494795953
1.4146040689777304,4.679859767395655,6.620148669203068
2.700215168474464,4.152218031483665,11.211882111425373
4.0507966768481625,1.365687302844723,5.532121587977134
2.95028193630015,4.972992736019032,14.671730638428809
3.0024592600129694,1.948384285444603,5.849944439896901
3.2504771629201294,2.6851133413998065,8.727899596072232
2.4683002297722165,4.3643309606653915,10.772479113012384
2.2744014297968613,1.9580580960505571,4.453410133282707
1.4327930487443181,4.822327875658295,6.909397859009159
3.6967051707215566,3.567878778227459,13.189395927981156
1.8093451453544418,4.758365775542689,8.609526015798888
2.1551421373601807,1.7089637902067314,3.6830598754972903
4.788630044635632,3.5356868686444574,16.931096367614526
3.2883373511026917,1.4307813965964535,4.704891907690992
4.387641076620503,1.9566718711065199,8.585173875134865
2.790378606278812,4.15502436076188,11.594091084837247
3.530521015394283,4.8724765220883,17.20238075824799
2.479925860204753,1.4954459803445452,3.7085951591956863
4.244148970882963,3.1476555145101024,13.359118912602137
1.1375248651148993,1.1745316447013918,1.3360589507121314
4.14173558995181,2.9448145052052697,12.196643042014994
4.348743008628244,2.2424447836836356,9.751816075279084
4.293517742110467,3.663529263259297,15.72942789054468
4.315733379552816,1.9377515365499725,8.362818987568474
4.657233016769866,4.06806845453022,18.945942720918104
3.0939779834447108,4.442738272397894,13.745734401006274
3.6834535654627762,2.96135181918378,10.908001916962172
2.348428362728972,4.689885621182919,11.01386041074075
2.99101547926755,4.543820078265181,13.590636189097848
2.292554344251955,3.5810720589551797,8.20980230583699
3.4474804930156613,3.666289233130097,12.639460612969357
2.6432400664561793,2.0688098537551443,5.468361095324946
2.4695216087872964,3.831597793710192,9.46221354774905
1.1292444496327887,1.1738210443460204,1.325530899189907
2.9440084652308967,4.6282016680960005,13.625464889670383
1.8432202141821463,4.511885044301906,8.316397717723381
1.996893597732548,1.2650402033188572,2.5261506828817066
1.458690391011011,3.8037956542286913,5.548560170192834
2.3158429393462314,4.495149121083424,10.410059353369466
2.4913186307588413,3.322841708973895,8.278257456629213
4.182467657164633,4.263419509033714,17.831614205458227
1.0724324713413393,3.9216186506432,4.205671181167575
1.8557887993596487,3.231107125698769,5.996252413402924
3.3834840081931943,1.7216430888517076,5.825151858946088
3.257981065958735,2.845078932604851,9.269213293584693
2.0224116020903424,1.464183814735132,2.9611823345132273
4.776242043705685,1.7169045100152887,8.20035150576293
1.1607424007772438,4.301270944095403,4.9926675620427
2.625907310085622,4.002959447502674,10.511400475173573
1.7799701180999397,3.9324540102587444,6.999650629062838
3.9901268610682377,4.020868091905426,16.04377377832403
4.929832155718189,1.4887589482456058,7.339331735174379
4.745062138971344,4.213374589475697,19.992724241825055
2.562968666653067,3.0325146768287574,7.772240097877657
2.8261978031123443,3.8577359893245617,10.902724978016503
1.706611885972107,3.5186349123515996,6.004944163815662
3.8068606902995406,2.5310075347549343,9.635193090910509
2.363235667040054,1.18953551030829,2.811152745171243
4.1096373959697265,2.6000953240566744,10.685448976829333
4.145977685410137,2.8021824720297435,11.61778599948273
2.7056225494426647,1.822219899755034,4.930239250820372
3.8206452370426627,2.565458878868781,9.801708246378817
3.3982103010888998,2.0425522427687777,6.941022071889096
3.83626630464975,3.827946082462053,14.685020572165188
4.017708758362264,3.2167522859588273,12.923973832778616
1.158954913672929,2.785684263031653,3.2284824645818864
3.0815701737828416,2.3434532801492405,7.221515731761465
4.021464722562586,2.027381186551507,8.153041920903961
3.037781624151073,2.8596815422602986,8.687088040002335
2.6974281915181657,3.9976986321210304,10.783504991476876
3.297584206338931,4.556258669261293,15.024646627750874
1.3425261460442992,1.0891465974215775,1.4622077839136522
4.566968356573934,2.511581710692998,11.47031419768475
1.1271447248159965,2.2006852256244027,2.4804907430430467
2.221568200933009,4.9980538388175155,11.103517474868147
1.126999103503457,1.3655645813056125,1.538990058907499
2.616969574123212,1.385578591850122,3.626017017428254
1.7948914307574824,4.599356058915962,8.255344777150766
1.1896474336892076,4.437425103594112,5.278971386678801
1.2698065430841834,4.994825371271256,6.342461938003127
2.8751861170354513,4.558101331294987,13.105389667780154
3.980642226344945,4.450632133199601,17.716374203342014
2.212968886584527,4.821586558643112,10.67002103825137
1.555168370437015,4.042100802546621,6.286147318238578
3.6626002561415953,1.356173725351152,4.967122233843631
4.635183616792303,2.3432417238488714,10.861355648568443
4.772687750937625,3.300043567934002,15.75007751423911
4.810905177683333,1.5953755796534148,7.675200636504162
1.4741494056786837,1.1809118329659372,1.7408404767256613
4.333743981917725,3.0225142614544898,13.098802990838893
1.0821612494738404,4.114094771712642,4.4521139386103465
4.4816972903361645,2.4242085517862715,10.86456889775029
1.4526971661050867,1.174973227397384,1.7068802776895275
2.9942675455088517,3.5270094351742283,10.560809884445698
4.543003081300155,4.944120267303026,22.46115360867619
2.6085894794641935,1.0800600455412677,2.8174332719885684
4.326532340686576,1.4921211093541538,6.455710235841877
4.3530694738433775,2.538098068024059,11.048517221536384
3.0348364857940346,3.1296082835055143,9.497849405025777
2.6565034308103677,4.9542132580927625,13.160884517089633
4.237545432800533,3.8148876312575237,16.165759658482564
2.823055954384568,4.759289787851511,13.435741374235874
3.2906208973655287,1.8474730013099534,6.079333265429145
2.1483671225563046,2.7229688333608744,5.849936717337999
2.1344235476275437,1.290724826471029,2.754953463127239
3.581054174138102,1.7150031177440037,6.141519073457023
3.8907807201370526,3.653967810501092,14.21678750909905
3.4344515385192653,4.938551198918244,16.961214763180926
4.465424329626513,2.301018331176924,10.275023238954034
4.411002115691405,1.064327674189495,4.694751622638774
2.0637985134335532,3.7140838167048704,7.665120659683129
4.934223706803163,2.9476739216533643,14.54448254414748
4.360835686945212,4.791310057195928,20.894115884639508
2.811771914555391,3.7382667033861767,10.511153325698821
3.3478250779689476,3.571081274451398,11.9553554460737
2.170642645860333,2.2491705268716164,4.882145463439685
1.9004477889773344,4.228562108713825,8.036161510058523
4.750744047583865,1.9609640930344434,9.316038492509074
1.8077193606961823,4.925028478471334,8.903069332512692
1.4597456528778965,4.668558099050604,6.814907390297016
4.310275916848999,3.482875118794646,15.012152745933161
3.2629685306371954,1.1049896490820532,3.605546451634577
4.8867344392052345,3.018259276493508,14.749431552891501
1.4900567149695783,3.824627289038172,5.698911574287222
1.862030883875474,4.199147231655428,7.818941831282607
4.531420235327043,1.2032960797997228,5.452640205094168
2.9458200938868595,1.947390979775332,5.736663478876191
4.761137712242346,3.5553826762202787,16.927666541205486
1.7373374012480713,1.7387950407014663,3.02087365731532
3.761247604471518,4.383200402054878,16.486302012147505
2.547965196096656,1.5929988578101129,4.058905647121893
4.715035215984562,1.5638560727339024,7.373636455671664
2.8333749867731424,3.7317942577954875,10.573572505821378
4.279098453778545,2.354719253004037,10.076075514612144
4.470397342678108,1.0941231075501983,4.89116503255512
2.565729770372524,2.8365506297450356,7.277822395905769
1.8262788206130973,2.5925761392563698,4.7347668939507805
4.1205178003357865,4.600536766858532,18.95659363893983
3.4134186307084975,3.581143930616703,12.223943412015714
4.531569450793853,1.6648107889616224,7.5442057126105
1.4076200084688466,2.266335324899608,3.1901389492284324
1.5308332171726855,3.103406708639838,4.750798075982418
3.8711319522307517,2.646488190872979,10.244904996889746
4.596323039667822,1.3246181240093855,6.088372802145907
2.863713053726602,1.3499400197323888,3.865840856255588
4.639686826356425,3.765906583732913,17.472627165834528
4.77603159946565,2.207739807188839,10.544235082532097
1.8444078456472877,3.15419539873342,5.817622740128495
3.165711721409207,1.4688171988542638,4.649851823020381
3.910183302902714,3.079134200652546,12.03997913878828
3.725995103438374,2.3974288623016857,8.932808201777913
3.7660603905998937,1.4089033056650737,5.306014933650489
2.5607130363775683,1.122534209952771,2.8744879852058554
2.583492477072044,4.085665559120048,10.55528623581899
4.29153293258583,4.857337508381377,20.84542388190308
3.0362505189858493,2.5150960198101853,7.636461595447919
4.594879228071699,2.174729646841686,9.992620080944565
1.5184409561932615,2.306512259823912,3.502302681278501
4.605176749225333,4.06680841252129,18.72837154489703
4.239613602997874,2.557046327358564,10.840888392965123
4.558288308389091,4.947113476644162,22.550369520861196
3.117369100437912,2.6057640999045772,8.123128488072936
4.58567688329587,2.7613816832423663,12.662804150801156
3.2572339593868382,2.3796407997419102,7.751046824061804
2.4533523758507108,1.916984310701947,4.703038013129159
2.394625939028246,4.4091769963208085,10.558329605156457
2.325780453836546,3.415415669781819,7.943507006505611
2.2305752596207133,3.879902834002828,8.654415271259
3.5756425150891187,1.3224859394913193,4.728736950852737
4.4525138839854534,4.656487295169271,20.733074332343048
3.2048118645824384,1.3060542092298424,4.185658025527633
2.0453500826638678,2.717483554921172,5.558205213695721
2.330659649179234,3.1986042166003443,7.454857781324978
3.0511042941262168,1.7990657834378618,5.4891373372628065
4.4685880508300775,1.1350472747256988,5.072058688966502
2.364444700341993,2.7695305579077325,6.5484018500801415
4.1361559171771685,1.3439337947100185,5.558719717284209
3.1618988864829247,1.8592864673555534,5.878875810784295
2.868240737089979,2.5092927549390036,7.197255701000792
1.1352359027157246,3.085280689938334,3.5025214091735384
2.0446115977431116,1.7755097676014517,3.630227862744105
3.8001093563572734,2.451936830523958,9.317628090871091
4.597028631921354,1.2493481483153563,5.74328920904362
1.6874872110455574,3.843013390899858,6.4850359490203315
1.901871617780607,4.471613922918964,8.504435605672176
1.3567555125581636,1.8781887515057094,2.548242942230106
2.8066244399821683,2.698590730929143,7.573930698935076
2.731793830224895,4.963126578618041,13.558238566093959
2.770001323530173,1.4408857978186438,3.9912555670134724
3.4883306318448066,1.4199589412103943,4.953286270586138
4.796777418638992,4.526508912507105,21.712655736782224
4.182070716856553,1.8540201344514697,7.753643312751941
1.4728597155300616,3.7514806453041265,5.5254047160591675
4.250039425367849,2.2629275536598867,9.617531319805737
1.2148421563629626,2.8945895045545282,3.5164693554986224
1.2463337749823538,3.7648077976125434,4.692207114481443
3.3549000557773607,3.9031598203351017,13.094711098950185
1.4418749328980986,4.469467246677757,6.444412786393741
4.3568852765495745,1.6197228551114753,7.056946659526027
2.840423901528716,1.3742898305914464,3.9035656824397944
3.452351446025259,4.005984237374218,13.830065474653276
2.5461374504837444,4.323747253036371,11.00885480738212
4.731810159368002,2.9678915945982856,14.043499599223066
3.2238315835978755,2.1023805809340876,6.777720917558161
1.0483007521090872,3.903632531255705,4.092180918472856
1.0854713351367455,3.6958415343127906,4.011730044704343
3.504080166209605,4.147799344063534,14.534221414950238
3.15129888347481,2.8183641105245902,8.881507674721616
2.1533413629775215,4.894023187106439,10.538502560167373
3.476106984553262,3.4504924047352143,11.99428074824806
1.5382307868396978,1.0584210176301765,1.62809579475694
1.9215074414481363,1.6585344575976948,3.186886302172119
3.9790127752456925,4.309450518661052,17.1473586680415
4.503189108553194,4.468930411370281,20.124438755364796
1.8202862702415281,4.409037900646364,8.025711155521108
3.6938613241829796,3.2879301990923837,12.145158199040601
2.189566582059976,2.4346296244163894,5.330783665315357
2.2566304284778513,3.5341879858913816,7.975356148923343
3.0179765007350166,3.58616109902638,10.822949924711676
1.7083332406113194,4.544249431622871,7.7630923576704465
3.775087576826164,4.865329707852805,18.367045737278392
2.757577091659296,1.3201717408306002,3.6404753495704365
2.130171249901982,4.862693216748902,10.358369287411897
1.8950002251751639,3.526722769197512,6.6831404417596625
1.0962043686044987,3.793721428794167,4.158694003512666
4.4697854818776115,1.591196670052315,7.112307774611837
3.7125807508268935,1.3676064077416554,5.077349224089186
2.328399237868801,1.9810244874376037,4.6126159067491495
2.679160110572802,4.043772905604522,10.83391506491071
3.7587969822840988,2.2562538755329964,8.48080025862023
3.911734595864241,1.5456097354330085,6.046015073797876
3.68144683214321,3.624838887148762,13.344651638123329
2.8130317293910814,4.6963961838531,13.211111478969961
4.37629751713164,1.4938534765531757,6.5375472603981315
4.840000078629034,3.4737191986255076,16.812801194482642
2.3386768557329773,4.504006055702758,10.533414720553216
4.270678646277411,4.69790258153132,20.063232237237333
3.5284018092763403,2.745726265371711,9.688025522515115
2.744001525613512,1.8633650359171479,5.1130765013315305
4.758422033601491,2.1813480343852207,10.379774549771938
3.5550922495887964,4.4203463470941,15.71473903905238
1.353348948899566,4.653306467974119,6.297547417340326
3.9484105662982647,2.5300580667981794,9.989708004294092
3.056432675456009,3.347777130887594,10.23225541298921
3.8002926324595236,1.723048929927835,6.5480901537720175
1.0329489800221512,2.6478766380930763,2.7351214725427258
2.336539851849377,2.345444061828675,5.480223520746174
2.633920671033999,1.7920138427738972,4.7200223032612385
2.1349934788679517,1.0250211670274716,2.1884135073052695
3.870214865329031,4.061174827613897,15.717619188531367
4.5101503773964495,2.0956073203867667,9.451504146917138
2.499692391468651,1.6990550482548872,4.247114976809143
1.3464365378257894,3.3003610271697497,4.443726674997604
4.120291949004251,4.230292527223595,17.430040241852225
2.284623210422395,3.418612271042878,7.810240941859374
3.895986421013681,4.132639747987076,16.10070834109905
2.070476384804112,3.1670326545964698,6.557266321245469
3.672033098790056,3.673640514311286,13.489729561607167
2.346004977227612,4.139353265007781,9.71094336221162
4.26598304298669,3.1003680896383505,13.226117697414242
4.693535716242093,4.154447608304496,19.499048230833694
4.356646332868705,4.3003847678892635,18.735255528949196
4.659242228811027,2.387930839943747,11.12594820894609
2.439355252004099,3.8858373063315446,9.478937641633314
1.3919242863418555,1.5465153712038382,2.1526323043796123
4.6879129426004456,4.149917876893526,19.454453725818123
4.630546110371574,3.6247517903348347,16.78458030379737
3.1900294847657156,1.4970980320292964,4.775786863758183
2.7408017870496653,1.0235832774981604,2.8054388761611113
3.6658283096143953,1.5214637428412652,5.577424860559386
1.30845859697942,2.0694977197954336,2.707852082895642
2.258779759933063,2.6665134752731854,6.023066667535843
3.762638823660095,3.690050722246772,13.884328108800679
4.541248940049117,2.1675629647418453,9.843443016123627
4.054714342089045,2.1867842521266487,8.866785470152388
1.2763514139751972,4.863754592984147,6.207860051983676
1.2260158225952869,1.166619691368751,1.4302942005693189
2.916534660761392,1.3933309102131903,4.063697893546989
2.9705667941128193,2.270651139994087,6.745120877480853
2.890070731746158,2.239469753780644,6.472225990032213
3.157660910802367,2.408696409183947,7.605846497270174
1.797148995477603,4.870003645597462,8.752122159657743
3.8608354873029573,2.9488142854179626,11.384886838607581
2.3270748881280863,1.7780576287195604,4.137673257437862
1.8523818047958174,1.184752216885399,2.194613449750021
1.439202468784484,4.239139041999103,6.100979374765801
1.6228359583304508,1.7023029204392452,2.7625583912597476
1.1784111992402408,2.2337174868665253,2.632237702462279
3.5174999293237983,1.1513811782347214,4.049983213065384
2.146265496955318,2.983745168479996,6.4039093068157475
1.3723548790536868,3.6085021996038487,4.952145599702303
4.155047421002045,2.663530240868785,11.067094458082803
2.547086560786025,3.0981805096164163,7.891333938933172
3.609734572565079,3.6363817341677565,13.126372864869507
4.88396317869527,2.2422965083286965,10.951293582394324
2.4591120517524505,4.428842517787699,10.891020010805398
1.7670762318032263,4.84527594075667,8.561971951439128
3.7204772917750106,3.263148773328041,12.140470910850457
3.6567755725918953,4.876108028336505,17.830832727340162
2.2002374238425633,4.757045859914211,10.466630327918574
4.251243177526616,3.8321400852258067,16.291359392642477
1.0249570454309782,4.316705107170604,4.424437312642397
1.5459219225013845,2.834230179074647,4.381498567246521
2.4427283942547344,4.221241119942594,10.311345542679428
2.7516606649899824,1.383788265833064,3.8077157397675436
2.6924442845992473,3.2324105280215423,8.703085251650037
1.1195839708969682,1.2312233473064094,1.3784579242383668
2.3161252307631415,2.081393704387532,4.820768473883523
3.426924305482067,1.3967337815213083,4.786500944183251
4.154803673015623,1.3744627705966792,5.7106229676983125
3.0675932118050966,2.5480931324037073,7.816513196008797
4.022058877075306,2.336478843499268,9.397455473594874
1.730613632179165,2.451062858301316,4.241842795904287
1.784600503808897,1.582518430346488,2.8241631880832077
3.6955622687907073,4.345527154723474,16.05916619100151
1.1834640107881054,1.56095445394008,1.847333418717484
3.073028317498429,4.682591612140827,14.389736623389384
2.3145669380587686,1.4721746936147486,3.4074468728874945
2.6777953897953246,2.502366505061887,6.700825490832959
2.0057582066382564,4.453430355521499,8.932504483279175
2.037872127233801,2.1331756730843425,4.347139246671785
1.2548193033099664,1.8594114816574714,2.3332254199799807
1.019243437940018,1.4231476173940094,1.4505338702488153
1.8724753772557046,1.3711455940747141,2.5674363635375475
3.2132156393262346,1.9562319100830137,6.285794967627772
2.6634406257806025,1.9641713855050482,5.231453864149919
1.859181919848894,3.8253266847465937,7.111978209796376
4.593142337731765,3.8031001451189796,17.468180291179802
4.36848345199945,3.6377908173907936,15.891628987607234
2.075712197587162,3.098938935054958,6.432505347071346
3.2971378368754944,2.3311438292181457,7.686102522513973
1.0480184061076927,3.001306401572644,3.145424351216977
3.243417612438748,1.8399236998484967,5.967640933632079
2.1532919292514587,3.882171993394709,8.359449621342876
4.988994432602119,3.305506712608472,16.491154586132602
2.3822196425744444,2.9279547139257853,6.975031232082444
1.336022904531481,4.239917643843713,5.664627085502351
1.392032639810116,4.58410538573705,6.381224321275316
4.005697655276787,2.493472151235883,9.988095549703543
3.3074105403694145,3.666096065409513,12.125284768742262
1.90420320191541,2.3442663031625863,4.463959400624598
3.208156978101952,4.893947939769352,15.700553233438718
4.066151348347679,1.06680511847259,4.3377910709015275
4.8203184043072955,2.948196120495158,14.211244019130179
1.7653228770928555,1.254107813049532,2.2139052127172287
2.5761302636330696,2.0895972577736406,5.383074734555348
4.316792647245979,4.82244463003625,20.81749352069134
3.067157764330908,4.448531821511519,13.644348916222173
3.5136811668553185,1.0680102423659714,3.752647474609898
4.0854253053486635,3.1843517855545067,13.009431365836583
1.627601065556859,3.407905351863063,5.546710382009244
2.9770166570045253,2.4338456051755917,7.245598907184996
1.5211872197434424,3.0788398855674175,4.683491885561518
3.1198822521926908,1.5131691127352336,4.720909459388817
4.099118836075897,3.9433620898299533,16.164309819889574
1.7397052438476601,1.5993940302902483,2.7824741814745884
4.951928252435385,1.6698789000029843,8.269120503070502
1.8938154663217888,3.5464279353684285,6.716280074196379
3.9905809971968993,3.3143873893428784,13.226331333260731
3.0492994043014674,4.766986160791014,14.535968060413376
3.184949455555029,4.2087642144921595,13.404701293506292
1.6641467480455328,3.887029169921172,6.468586952682445
3.7951169421019246,4.675618082389361,17.744517399273978
4.581618658508495,1.6945119313948784,7.7636074819440415
1.3778364003751213,1.0216672857824114,1.4076903754234582
4.6340814348926305,1.8717607627219617,8.673891801090313
3.072983277379369,1.5542814887774528,4.776281023353421
2.424038439923117,4.883819511157135,11.838566228691422
3.7553184449279984,4.721477308811938,17.73065082509048
3.6149122291298363,2.4717297110546874,8.935085959595146
2.7132730277050108,2.873913426555081,7.797711784231186
4.997268013779523,3.0558657616397227,15.270980225046188
1.943063573606325,3.3831904017302854,6.573754032176667
2.9369047286243646,2.836531003621707,8.330621317426205
3.2022027724693167,4.959166466365291,15.8802566077318
1.4554631107063236,2.4414698514587654,3.5534693046998806
2.8773886791563372,2.054342690034885,5.911142399413954
4.1547837301137545,4.171967814165201,17.33362399685182
2.3074902416185474,4.327376847372114,9.985379847117187
1.5727153589192358,1.6171166551240557,2.543264200677703
3.6935244819846518,1.515518431007231,5.597604427824175
1.72907815528136,3.371586253124971,5.829736138925318
3.3384686229322735,4.766561700821486,15.91301667746322
2.740004178951265,3.1927595212476954,8.748174430605125
1.7535966356198949,3.415082786576608,5.988677684904155
3.7938295720861133,1.0918048646898435,4.142121582607806
3.963104193294648,1.9039732691136964,7.545644446745409
1.5679540710924438,4.907056095090101,7.694038581375514
2.8121610507135917,1.7896604818547033,5.032813501073115
4.703258388482551,4.601898571877056,21.643918061126637
4.089725039240333,4.435392151830739,18.139534342192235
3.010769238516562,3.375164411637167,10.161841185493032
1.3638550240032967,2.327156881650213,3.1739046046824884
1.167967449379335,3.082396980137519,3.600139338865783
1.405536673657735,4.6591224419879085,6.548567459275788
4.207832550886402,2.2562302435066046,9.493839060921443
3.733884644637335,1.3331070121334458,4.977667802263431
1.3284395488536602,4.660982287363591,6.19183320704019
2.4803764391762866,2.137984934975495,5.303007460027064
1.9375958440587575,4.928026726182509,9.548524104061714
1.2735354344654741,4.052728004679922,5.161292720210439
2.141524001510211,4.203273485554234,9.001411054225876
3.825845527624174,2.635349886427336,10.082441576712899
4.280694074866982,4.294178196592423,18.38206316257617
3.700062401040172,1.8300972505220403,6.771474026903598
2.3857916999666657,2.3220532225007955,5.539935305123247
4.9089256104609404,4.52588282695522,22.21722211918584
4.358322472648628,1.335056371295313,5.818606185269093
4.030080000086895,1.1607091283130098,4.677750643932554
2.4987128864393107,1.80578651950325,4.512142046441163
3.8041828458974116,2.514581559074534,9.565928031641311
1.1106903002285757,3.411968864821476,3.7896407228391182
2.1624117022198766,2.542172380886995,5.497223305490204
1.4217640814374395,4.509433877888842,6.4113511151995
4.967960947480268,2.231350634285034,11.085262811263377
4.527818464196942,4.994772037445083,22.615421055598425
3.4459331574996215,1.612871790533533,5.557848381795286
4.887319923780132,4.795940574461821,23.43929592283279
3.406743946538089,4.203313821615983,14.31961391719013
4.682759710585879,4.801200829057802,22.482869804743395
3.271079678164845,3.387707605332981,11.081461503369205
2.8906300072578164,1.6372667482311756,4.732732392322465
3.230599235828446,1.0505935123906855,3.3940465982956716
2.0097504754049083,4.44182089811499,8.926951661650058
1.384963677642915,1.499900534162082,2.07730775989169
1.4699869556804166,4.751655245601761,6.984871228925014
3.3089442597194236,1.2203903991492742,4.038203805881687
1.497435953357217,2.5618961609998796,3.836275420249049
3.3104989359585297,3.0625125682398227,10.138444598517557
4.688190382860964,2.1581673876895793,10.117899591570454
4.309259701348198,3.9897565791851366,17.19289724487135
2.933544500514232,3.861287443974247,11.327258546175308
1.7135537927166333,2.513504667333318,4.307025455719967
3.9162797938566016,1.1548185832946647,4.5225926833270025
1.7613929860477087,3.7066617512214037,6.528888010252698
4.637449482931366,2.679165020287221,12.424492438018776
2.281166216798766,2.843071196060707,6.485517964407345
3.8153857767050225,2.825365893400819,10.779860843668963
2.5328765481668505,4.118030470154661,10.43046280249125
3.3333123703084264,2.941886306997874,9.806226019156986
1.0896296472377331,3.3511756171691442,3.6515403055677074
4.15677204808437,1.4578298887962053,6.0598665326100125
2.9684959601369045,3.232249222772327,9.594918759955302
1.9422622149176556,1.3120562040669355,2.5483571890074974
1.876449069414511,1.0985884248019637,2.0614452273891986
4.628842035869065,3.474464897861161,16.08274917137126
1.301587333789231,2.4436188013726174,3.1805832804758216
4.460963961975248,1.0989324444411426,4.9022980312973035
2.6463816315428628,3.9490268399036803,10.450632091590856
2.8177715731556416,1.9058389717830417,5.370218877702432
1.6156017117145658,1.53297599805635,2.476678646477184
1.2468469215276068,1.8526934049994956,2.310025068558121
3.0409368298313546,4.966905116949096,15.104044700408318
1.4612156543246266,4.810973034179208,7.029869110076305
3.7981830031940476,2.248795468678132,8.541336726793073
2.9855671432412074,3.2699803836196417,9.76274599237808
1.4975488174068747,3.7650579428895736,5.638358069842641
1.9856153199627982,1.3968510124429496,2.773608770012266
2.671143814148364,3.6054098515683757,9.630568222486438
3.098853442252833,1.2880887328058939,3.991598203582634
1.1599036351663794,2.9182926221607524,3.384938220923482
3.3316007207978333,4.92541873417052,16.409528604993653
3.9739474555157397,4.923999850735173,19.567716677788923
2.031844452743264,4.846650666888809,9.847640271902469
3.112781925330535,1.9307179334997224,6.009903886309457
4.098320976573966,4.0893752403168495,16.759572328472746
2.039331410015328,1.572595923494665,3.207044262044732
4.040317661364989,3.4485774335254034,13.933348311257435
1.7741116686618197,1.637846917427455,2.9057233276898398
4.880127293469313,4.410925905206801,21.525879899470542
2.980098221550557,4.814096792469036,14.346481289609216
1.2481115424066767,2.725558645913291,3.4018012054706905
4.086491208091427,4.427478571890967,18.092852258045625
3.522884752484315,4.009104551992353,14.123613297329321
1.1211358506409854,4.294859077726916,4.8151204854905245
4.9158724186676235,1.4267221592157262,7.013584111590506
2.5499659642160886,2.6695627923018024,6.807294259707259
4.385798810717943,2.6748065749690997,11.731163495400011
2.492837427865367,2.727239984386246,6.798565907848992
4.59564967313632,1.0327080274673328,4.745964308875502
2.7617926241377604,1.5265576352377348,4.216035617320758
4.059627234611948,4.037187395309779,16.389475901231652
4.64310928403525,2.8139547340229263,13.065499350396793
4.457343412978128,2.3493603030904557,10.471905671692541
2.7296360788658154,2.785835177247345,7.604316209587896
1.0577879878820684,1.5293209915590351,1.6176973744870415
1.5031331782073143,4.464955904099895,6.711423358685188
2.6862989635688725,1.6297996979182638,4.378129239342694
2.5962542579815895,4.3176231445459905,11.209647473387388
4.285087365033429,2.5044980584205065,10.731992985888468
3.7794672985146165,2.087062532162272,7.887984590262417
2.332774065981217,4.1849358927732965,9.762509918455498
1.2636623991731932,4.142374673351311,5.2345631180013905
2.8707960290801195,3.192689839902317,9.165561314476015
4.829016727845978,4.376537268727471,21.134371680726307
1.4511707834417047,1.8533194733115286,2.6894830720532585
2.303331855687945,2.3359817723249723,5.380541230502493
4.692763519351397,4.649613104506601,21.81953475592677
1.7735543375625062,2.8366366779878627,5.030929284334272
2.3205833697933893,3.0011327509750574,6.964378752455003
1.50908153433152,4.900415632465444,7.395126741503119
3.0877905851037872,1.5953314781213361,4.92604951826277
2.4201804966450338,3.363728415943615,8.140829908277432
4.916832407815244,4.685739343208178,23.038995057260887
1.0885971640948013,1.1888328479364212,1.2941600668463342
2.85812547226511,4.979923624594182,14.233246561387425
2.0255302019237504,1.0779852029237635,2.183491585748986
4.032209834475166,3.564933302478639,14.3745591215024
4.01971589050752,2.391209957095905,9.611984662078214
4.690554911083537,2.526945375262578,11.852776039977716
1.7914676075161324,2.699426299632982,4.835934774669624
4.94024472492139,2.834252461039836,14.001900769747518
3.6299605329938447,3.773147668443177,13.696377121606478
2.5026915783987174,2.984509264891179,7.4693062028961
4.06573364184224,2.8498145065618976,11.586586712338748
3.673302300008401,2.0227967026519376,7.430343780300771
4.525599491688197,4.033032007668256,18.25188760386569
4.719445410332353,4.761227277917882,22.470352224318756
2.596698412144192,2.1110503415727893,5.481761069918516
3.691614340623722,1.7818097785481206,6.577754530751821
4.895702932014375,3.4759306850220977,17.01712404614142
4.3553640931583155,3.017994838075177,13.14446635108977
1.4949353140374018,2.714863773416149,4.058545727680636
4.495050207694651,3.09636450573651,13.918313914609243
2.18216170152552,2.164472841066777,4.7232297377680545
4.18778989898777,4.616049623693183,19.331045987328608
4.400315833896901,2.6880628583772572,11.828325558227608
4.346930098740854,2.6556759747132435,11.544037826983953
2.4377878707044065,1.238749537724456,3.0198085979053695
1.6094296126478755,3.2452874896360266,5.223061787375907
1.8672885401270252,1.1825179280706815,2.2081021755811374
4.146749797442972,2.8952357191634124,12.005818131990537
1.6621052804304548,4.4516170035253335,7.399056128013456
1.3707245340040122,4.828693264870691,6.61880832533819
3.6045344972014575,2.078242457671237,7.491096632224713
1.3772816279317248,1.6866109479805438,2.322938272122113
2.0976393622405993,1.212526092638409,2.543442459662118
3.409948475148719,1.9253755255185538,6.565431337330656
4.1122078526083214,4.447262028248037,18.28806583516839
1.6067103439930155,2.3359824211786817,3.7532471194936368
1.2376255203564566,2.866628351175731,3.5478124047924355
2.022681752448923,2.4375147567534268,4.930316619810132
1.3025900839482194,3.817844455655052,4.973086329992958
2.5734078729815546,3.437135276233698,8.84515098036243
3.2519725876211947,1.7291552010989064,5.623165313716258
2.556330760397659,2.244110917005554,5.736689766885497
3.3503774500486543,2.2327737729680908,7.480634900012345
1.2353223575668335,1.7111149476054512,2.113778551143815
2.8557465599515224,2.3866015349758247,6.815529123482234
4.410133823035648,4.733293735066912,20.874458795381322
4.101946807113789,1.4229053602724395,5.836682099394629
3.4196632916452465,3.561212154069525,12.17814647703245
3.6906513318309164,1.270555944378684,4.689178988286878
3.6307011067726545,2.91117788247922,10.569616759929376
1.0796643233776968,4.8004393806326355,5.182863135806384
1.7639747112480948,4.930395691756454,8.69709331670494
2.8233516736471698,3.25317667748392,9.184861817044164
3.927652190817675,3.1267551077319733,12.28080654903384
1.5486598657685757,4.401817303572157,6.816917794487851
4.060202262047989,2.1209104499222358,8.61132540637548
2.644066415462611,3.5917911073181386,9.496934238217152
1.933292344060281,3.2229192120532644,6.230845038187369
1.0409166939561865,3.9924515765928525,4.155809495887197
4.307943473723445,3.969956433308322,17.10234790783699
3.313655080779842,4.804510348717319,15.920490127686474
2.9045148077111658,3.2524195639447875,9.446700784367128
3.3179613105695425,1.4060365538853943,4.665174887038266
4.7877584268472,2.3406584465166596,11.206507201681214
2.9236709891753514,2.567490553348887,7.506497645807911
1.7920907253988192,2.393312886547657,4.289033826959533
2.3256261260930793,4.320075686863536,10.046880884069344
2.045291611703955,2.226651781572016,4.554152211034911
3.1027436470327237,1.091844612020258,3.3877139334927646
3.320785435829524,4.4938920463592265,14.923251257739855
3.497128521754343,4.866514614484389,17.0188270598477
1.0252998814099326,3.6361407235969274,3.728134652693756
1.8611786604040015,2.969303499699983,5.526404309904528
2.652847983547535,2.915792600459686,7.735154520572301
1.8101902643436918,3.82425645557861,6.922631804241914
2.8580717053795857,1.3812136160781892,3.9476075551980943
4.49655561469762,4.874399276262961,21.918007433958234
4.064211842702374,2.697206381439965,10.962018117660723
2.430467482786819,3.077448686872967,7.479638963389742
2.7697529905557547,1.1377144174310314,3.1511879100779976
2.9175988701262723,4.230364254542918,12.342505969276989
4.241820058798198,4.205600182602504,17.839399213848665
3.956391973066961,1.4122816739713868,5.587539878609966
1.455871656171372,4.949849451803285,7.206345519195806
1.1336177198942226,2.284603539394074,2.589867055190181
3.0476299002144582,4.056311348469359,12.362135750174447
1.1333599777875971,3.130141075963752,3.547576620326323
3.9171572850107688,2.631955282367578,10.309782808148732
3.0878377598872855,1.8184313697360812,5.615021047234629
2.87999760478719,3.2670980581389757,9.40923458204513
2.3033937883377353,3.090170540895853,7.117879628803768
3.531224621438253,1.3750543889225617,4.855625913980082
4.46748758047425,1.1805087353518884,5.273908113825925
4.343062445203584,1.054793404937075,4.581033624430628
1.544629460097262,4.28123978725823,6.612929101139597
3.410822241609017,2.1274420531285974,7.256326672545372
2.5688280894519933,1.1302026716476266,2.903296369702111
2.542375712879411,3.1699391309107567,8.059176257733576
1.829630746461969,4.818789878177838,8.816606121853898
4.17486500524685,2.934665857641172,12.251833791158862
3.675882975140789,4.698047884518427,17.269474235097487
4.509707064124206,4.526886117280065,20.41493030158371
1.8002081017417133,2.544777507571982,4.581129086261166
2.0421524443143126,2.1632658746007896,4.417718693517742
3.6506189851522852,4.138961046561226,15.109769775382183
1.817100847771445,4.762137405174611,8.653283916146895
1.1510677978436625,4.459421392237781,5.133096361620062
1.4874497366281032,1.568968356008083,2.333761567922051
1.0949422745014261,3.077640716491238,3.3698389262131148
2.836698285418076,1.6816684649607425,4.7703860511957865
1.1749179355772434,4.406338534575297,5.1770861744976635
2.774033092571697,2.4559540397947863,6.812897780225884
4.227043555078075,2.1676872641302674,9.162908479266672
4.998871167124875,2.9033134169025354,14.513289728880887
2.9788808061193204,4.403818159244111,13.118449388211998
4.534466801825998,4.885164758057879,22.151617416863786
1.1492650709179633,3.976120393930139,4.569616286508481
4.69098270930591,1.9999296827309925,9.38163556151874
4.031117306117303,1.4052165643362655,5.664592811338618
4.621177185566141,3.3401316445511426,15.435340152587257
4.259726746036106,3.3475949568584378,14.259839772625472
2.535779501763782,1.9211384243603336,4.871583436543704
3.110059348527687,3.2657157665840466,10.156569849498975
4.376461270009893,3.2775383818709867,14.344019789229266
1.7864721757261486,4.85174791446431,8.66751265282786
1.5811729347621588,4.116804259892991,6.509379473456358
4.2633252076370045,3.9894647942096957,17.00838582213457
3.8873403815324377,1.0445784132634133,4.060631847555945
4.331392932733937,1.3784339788278217,5.970539194135148
2.576199829797808,3.9793459820578407,10.251590441684002
1.9018906786456906,3.3074550147118487,6.29041786252041
2.751389258907966,1.7773842417806005,4.890275911787423
4.233235589053292,3.4356865857713608,14.54407072772032
2.1589264387465326,2.1680296655556166,4.680616564954823
1.8172684268704309,4.187471348132199,7.609759469385204
1.4509527831411715,3.6848874900237525,5.34659775921205
1.8325772329063201,4.044683061803397,7.412194093382732
2.2062811447733,1.6007035771772102,3.531602120697252
4.2735928287420855,2.300178521798358,9.830026435584035
3.62707490065503,4.11805812813884,14.936505276010823
3.8257529756244018,1.541992953710119,5.899284131048348
3.897123994672278,1.3148425187447068,5.124104329015331
1.9737012433863574,3.0615409540626994,6.042567187711805
1.675441037941512,1.3148359030449988,2.202930030120478
1.7571241824049086,3.561595029641151,6.258164754515594
1.76264910779925,4.187035959898399,7.380275199038289
1.1860149030074192,2.8095652369962725,3.3321862420491506
3.600478685615234,2.8314444220182353,10.194555290980803
3.8616908641268406,3.889817159258181,15.021271387031138
3.7704384539366607,4.011451353124837,15.124930437918136
3.2207278969655,2.916235180682128,9.392400000535154
4.691779158586893,4.699999804336331,22.051361127347676
4.015393223032862,2.7003684548041544,10.843041193112322
1.5679252889393673,2.2551626638599513,3.5359265713378876
4.99864606742337,2.7912823222098275,13.952632402982527
4.241698174125038,1.7690438227359793,7.503749952846381
3.7194065275231565,3.81106195180997,14.174888700357144
3.8682645877241124,4.560730589238071,17.642112632499757
1.4908228984511314,1.2380159182587396,1.845662479587133
3.106880224139664,3.705726646231891,11.513248833245262
3.9685029521645685,2.3325637918558466,9.256786294092107
3.7620739886150605,2.561455805286747,9.636386258056314
1.682190785463094,3.750176108204455,6.308511693085381
4.77651815374901,4.401936829508768,21.025931177804996
2.9497368717951207,1.8971451511369803,5.596079003456078
4.166704126366687,2.1508907714856833,8.962125452913424
4.668032706799085,1.093383788424156,5.103951285447851
2.221470256718991,3.4506495661334085,7.665515377525658
1.994799381436989,2.8330300964539896,5.651326683998792
1.495020082676937,4.10266387920231,6.133564891880721
1.2955947455974357,4.046873783990744,5.24310841063442
4.662758252894799,3.8781573445656123,18.082910164397887
1.332958721911293,4.534154605598685,6.043840928027026
4.4258108161691405,3.065285268315162,13.56637269515317
4.035336973703654,4.444512090624459,17.935103969369802
4.78357040189,4.66925719416949,22.33572051284112
1.0641808085436373,3.039300408432613,3.234365166052825
3.7848320247341243,3.350223171371114,12.680031949011711
4.425674691726632,2.177785415484276,9.63816979732013
3.2407532529570107,3.0001062299991013,9.72260402408618
3.8411522008980055,1.1266043267307264,4.327458689162945
4.208626728142118,4.4638070063177775,18.78649747605705
2.4726493421434474,4.6267628631977455,11.44036214993964
4.950450962786116,4.934245599822463,24.426740880264266
4.666619027627233,4.502971751755096,21.013653657608263
2.128375289219656,4.838950481803632,10.299102631228399
2.7782339906619016,1.4269269914746943,3.9643370699079212
1.5779819191835425,2.4558506540638145,3.875287928327776
2.2346590368275576,1.8978536506865362,4.241055811082839
1.8069357980964527,3.1746654879836345,5.736416717218973
4.137107964321075,4.630604024068546,19.1573087875912
4.2131628258699365,4.122096425613952,17.36706342504804
1.398360951451461,3.172747867078834,4.436646726123952
2.247130158366292,1.5295717540533853,3.4371468179185904
4.816315262822274,1.2079168625435304,5.8177084212888
4.870947148998928,4.173252887642672,20.32769425511462
3.250461650799534,3.097997911855848,10.069923406744469
4.600101246150517,1.5888956034849895,7.309080645594379
1.6771205739132267,3.6984267897581415,6.202707660215227
4.779990326659178,2.833720593651851,13.545157026110749
1.5638108517757465,3.69313949317675,5.775371616551382
3.713214284962273,4.0437024867228875,15.015133837836892
2.777577958831082,1.5303393184273149,4.250636760396291
4.199388425917629,3.0441286785448787,12.78347873968529
1.795495432272313,4.858286560814067,8.723031328611622
3.485677078332524,1.3647454255478482,4.7570618475913005
2.6909988992771825,3.8245017103254977,10.291729892769617
2.7069574886999774,4.576749070559581,12.389065170451918
3.1708042351334993,3.896372227089422,12.354633559311683
2.19731271751606,3.954015073404165,8.68820760604117
4.650886601318648,2.7790951546256726,12.925256418438117
4.964711067026588,2.9944547316402987,14.866602545884723
3.4190216891215495,4.198211429225923,14.35377593204141
3.3411843676988626,3.189062980107366,10.655247376741881
4.586982723025944,1.8720076864397877,8.586866915071074
2.563915916230043,1.2336533889414931,3.162983559018226
2.1586850197772414,3.06597989808253,6.618484876928911
1.6179542664917057,3.1673781545466335,5.124672998741351
3.8789694707337996,1.7339893456495759,6.726091734352383
4.306869843168746,4.629156854477911,19.937176055848806
3.354802868358406,1.1088088096543003,3.7198349750893165
1.9841976614413825,3.390679687648323,6.7277787069286
2.2599397412355686,4.420965798817132,9.991116303390088
4.658411352910303,4.401167751320491,20.502449818814085
2.1631202118454436,2.3152646033818796,5.0081956593456685
3.2275975167028848,1.3176902319665045,4.252973720478738
4.823282601246358,3.690947455645504,17.802482644929473
4.586153474341,1.306990222314047,5.994057748995282
2.641807666389847,1.5809945409892947,4.176683498906016
2.394320934617773,4.237572203073476,10.146107837773181
2.8706574192329737,2.3935010392918175,6.870921516384889
1.2028232642736336,3.5732316091018674,4.297966108065636
2.5620247263513534,4.291411155565024,10.994701491497626
3.708079362549371,1.683110846662614,6.241108595392638
2.469049187854238,1.6986953710995412,4.194162426425075
4.476707715361316,4.198209565615356,18.79415715309394
1.2406062974925418,2.7990871510917676,3.472565146874905
3.6613659003231476,3.564245394601671,13.050006548178379
2.481984426076552,3.0314380802259926,7.523982103736315
4.228502766301611,1.6800267577963282,7.103997792802501
1.6372383068073955,3.8589119431325782,6.317958455893219
1.4601930465029413,2.672783391001315,3.902779722348672
4.262997039623163,2.423909841839697,10.333120480076078
2.0662535454448494,3.485352906168047,7.201622799496237
2.2974889775139022,4.02630019930758,9.250380328071193
4.279967968025677,3.4256395823357377,14.661627682397814
4.549588471881946,3.1817084062971803,14.475463886179531
2.0627840602188257,3.5529974119037413,7.329066427273779
2.338153357604563,2.693061960280237,6.296791864666362
1.3065865163527035,1.3187578575405214,1.7230712349966248
2.2664576293718466,4.682278983777174,10.612186925629231
2.086043313206978,1.183186006507842,2.468177257155751
1.5884474997827707,3.4935423014039872,5.54930853405051
2.5724518629637183,3.91671283799614,10.075555236797083
2.010393955895771,1.1057653729775114,2.223024022472822
3.3064678130201575,3.4508036383913816,11.409971159393955
4.4440102009661215,2.5889538160744454,11.505337168465003
2.6313333255884905,3.5132502127472756,9.244532365932761
2.330776532418923,1.7268322092303983,4.024859988699336
2.6758703319098256,4.551362072308601,12.178854739070207
1.269052853016989,4.078331782604614,5.175618584264248
4.007117775248094,1.7211356425901343,6.896793227035978
1.6083414193165684,3.561444333513677,5.7280184341803375
2.2151958392217996,2.343144393974166,5.190523712227457
2.5221521826918614,4.680813497982138,11.805723980709177
4.169395769091572,1.2038616056979121,5.019375485368662
4.7258111805363505,2.8864699283367163,13.640911859615613
1.3984148446152171,4.855027588857343,6.789342651274533
4.449010670809483,4.4704441857799235,19.88905388579309
4.028714162225922,1.501028842433671,6.047216155422113
2.047686811450116,1.1604704359403737,2.37628000675287
3.1205964744752834,2.153547903355774,6.7203539948256665
4.490558313261854,4.482507188165455,20.1289599180724
4.873462224657237,2.220722334489951,10.82260640858941
3.838081632557697,3.7786220638910177,14.502659939797372
2.986916510651588,2.7366262995399255,8.174074277579162
4.807921148441007,4.443264015495457,21.362863028207517
1.3820305143482319,2.5618250384758534,3.5405203755949626
3.072441548105034,1.3516877764637232,4.152981684472852
4.818441164132761,3.509837020891407,16.911943180860252
2.9874809859936287,1.149082852414859,3.4328631729207144
1.4037063185483518,1.870430987707897,2.62553579585421
2.2038902163318275,2.248576862190671,4.9556165472521405
2.439274049670295,2.7506678093402304,6.709632606587063
1.49735583444923,3.3608681357245933,5.032415511841726
1.2870510384262706,4.9714573268620725,6.398519315029722
4.46113283373832,3.596854548725696,16.046045925501232
4.764520164906013,1.5368678235398048,7.322437736050617
1.9382592998374335,4.453433947437203,8.63190976483189
3.0741189195684124,4.88000263181044,15.001708417992118
1.7160108155885445,1.6164437513621017,2.7738349601278864
2.4816956149268696,4.343543499923344,10.77935285700387
1.0681987390490377,3.567264476460467,3.8105474156094963
3.9963003174796197,1.396521648870936,5.580919908750084
3.6219721463697883,2.249191739587724,8.146509832631747
2.404685737914256,2.2656266868723653,5.448120181359905
4.171682030869722,2.692162034835985,11.230843984914944
2.255207294752053,1.745763111605386,3.937057704201509
3.1125849663756133,2.047560569249057,6.373206245588108
1.2979255007914072,4.657871898358078,6.045570716298631
1.9607829662600107,4.256564896029449,8.346199942914858
3.1176396359970857,1.301618384260692,4.057977065713619
2.4207991667789224,2.3402545636598746,5.665286297758395
1.9951714566125598,3.1995242291611543,6.383599416762638
3.65254232796215,1.305710338225278,4.769162278425603
3.283299106147053,3.745780574176263,12.298518011015918
3.979490253584837,2.9130665900131762,11.592520103001052
4.4559721683250055,1.6833778778238808,7.501084972357225
4.457017740641339,3.5232326112520007,15.703110252756277
2.93610960646205,1.7695924778985814,5.1957174738810075
4.172300976054423,2.0378358455401977,8.502464487386057
2.2468826499133505,1.601942966314486,3.5993778571627453
1.3462136601822232,2.953781783998711,3.9764213868164817
2.2035728781219674,2.6680126305667144,5.879160271203657
4.434586081260534,3.6743897552580704,16.29439766579374
4.687854432582432,2.3181238898657925,10.867027352382584
2.1635450036373207,3.724718258061289,8.058595577185207
1.2218513310355257,2.251287184214474,2.7507382425756757
2.316976363444349,1.748596168378509,4.051455991342361
4.075261032518188,1.8375836282389253,7.488632954155482
1.7258902702204426,3.167438299729108,5.46665094302605
3.7201530936869354,2.873265944543675,10.688989192579466
2.347610942249327,2.410786920985802,5.659589755137833
2.6852710687300085,3.501236596726433,9.401769337968208
3.2466852352058844,4.88384614945509,15.856311184452952
1.2421143381634727,4.717813143941217,5.8600633508654765
4.262363441937352,1.0955232068742116,4.66951806677461
3.6249527943671946,1.1735083425338377,4.25391234548125
1.661027207292972,1.0366083720828643,1.7218347093373139
1.068549853645235,3.0015740355491993,3.207331496391434
4.175719597005804,4.1743689589191755,17.430994266891517
3.0065137310215304,1.8377432887375877,5.525200431682222
1.160244199122407,2.5571935098075227,2.9669689357876465
1.6474900125765921,1.38495853596691,2.2817053558381835
3.438376862768722,2.281976513624812,7.846295245829187
2.700041429030226,4.606713897736272,12.438318375577246
4.446728468337314,2.4725335407389486,10.99468528452274
4.808812502806911,4.5048550539317205,21.66300330667976
2.153067060681542,4.972534882246335,10.706201063054555
1.0431556667274147,3.248788469542802,3.388992102002259
2.976225000143277,3.2233836889166865,9.593515120007902
1.272995967286913,1.5459494854902474,1.9679874606583632
2.063303975749592,3.0607266221666087,6.315209408198983
4.173897774132105,4.735048515360627,19.76360845867125
3.919396789262217,1.738806560843614,6.815072851718538
3.882583084011064,2.3200640657119926,9.007841495355315
1.107665843697844,4.807809929072755,5.3254468414252445
2.838622823651535,2.9063630462289014,8.250068476842761
1.7056726170791583,2.233454497195728,3.809542177359053
4.511460614302468,2.3815686066703248,10.744352969252375
4.193760553878391,3.9715821317601114,16.65586448066381
1.3204123305888231,3.721282002813721,4.913626642113509
3.771017061436108,4.125191916481327,15.5561690987494
3.292976938799349,3.1635367838231625,10.417453674173135
2.06617317145897,3.24558084542511,6.705932068618485
4.217355688526144,4.979092911024305,20.998605812008552
4.817755572562776,3.80101822938092,18.312376756012622
1.1746807797235101,2.0233135966518083,2.376747593340126
2.9133906193361963,3.3224839752182582,9.679693646295709
2.646320563498984,2.638801404490527,6.9831144196932815
4.852565991246186,3.07422898099626,14.917899002485868
3.141339309597378,3.1242726190170624,9.81440039201705
2.679535598100936,4.564941985664641,12.231924553853977
1.2489796066232643,3.8034588152390243,4.750442494865023
2.1379297678551463,4.430764310882626,9.472662914586161
1.27043616562637,2.559826042349853,3.2520955819134736
3.413555943158388,1.9025691483921174,6.494526223763706
3.992832300977841,3.0674626388300057,12.247863906363172
3.2893230716322943,3.7123744049092324,12.211198780605146
4.67252851866624,4.811997440927513,22.484195274482772
3.3696826298785476,3.639022807485025,12.262351944114155
2.71151347279984,2.379442005173164,6.4518890547729
2.1578370122109183,2.0254522004044806,4.370595724496835
2.316296392678895,2.9861198812067444,6.916738708945913
1.9397551134466133,4.104850618906045,7.9624049779574975
4.050781667518404,1.310935200956663,5.310312279339805
1.7113706597394258,3.9074033036438336,6.68701536962496
1.6894970500011608,4.62766320526587,7.818423333695604
1.325292886777198,2.532406813109463,3.356180735840084
2.26426496433688,1.8865370698299335,4.271619791138677
2.4031658014744797,1.1844588252362023,2.8464509420622788
3.3263574514228416,1.3500319026122778,4.490688678912906
3.979567143774918,3.6678224112975855,14.596345557201165
3.2968458466401627,1.814258249198914,5.981329773604093
3.299454744544655,3.2166157405052034,10.613078066386912
4.5828509987308035,3.8914929404529155,17.834132308708515
2.4690122701252655,2.6543464212777113,6.553613883297756
4.766686086120021,1.2204823394543363,5.817656185832197
1.662724042233398,3.5757690014545123,5.945517088191328
1.1586435068898875,3.0508027770989345,3.5347928284873174
3.6996323079191966,4.020937834848578,14.875991521940461
1.6015877607418503,4.088715379751703,6.548436509367294
3.7918172789946856,4.5246623062906774,17.156692714608933
3.2808889989971166,2.616983159745461,8.586031259369598
1.8623186111279315,4.343055015492597,8.08815218450437
2.569859137210842,3.9501250562078574,10.151264968821252
3.0257836156216507,4.168201881721299,12.61207696031564
2.6209060043015526,1.2019052239720054,3.1500806181096315
4.756778279852553,3.249647538093325,15.457852826378652
4.518117941859947,4.246035449434473,19.184088945863255
3.720346400915159,3.70376173894196,13.779276655319991
2.1033574925142764,3.8836176744447832,8.168636333604304
1.0313754024724515,3.3372025815362067,3.4419086556640095
4.9155506261360555,4.68747009504417,23.041496560688405
4.936224856914139,2.704553581385761,13.35028461529255
2.31364523074642,1.9530116293265563,4.518576041783682
4.52714706310708,2.723908139083742,12.331532732026433
3.1773592810656632,4.177122210151994,13.272218022571955
4.283244282463608,2.3360173471491112,10.005732945912236
4.7580036513643,1.5955181007211245,7.591480949048943
2.2993944028762736,3.492002880778587,8.029491878890106
4.226116196707794,2.2863708260080897,9.662468779472967
3.872531395941975,2.645809048508908,10.24597860801811
3.633438446286514,4.56303739201862,16.5795154920034
1.6434445301248304,1.774671435104135,2.9165740627906738
4.962608716535615,3.4184154053478246,16.964258087318743
2.274795536333503,1.2886819011391113,2.931487836465023
4.415636171880529,2.00922500764263,8.872006621193728
3.2890090809119594,4.314497347762114,14.190420956360155
1.6717480742469926,3.235776762496134,5.409403571396081
2.615327098615957,1.8069854042140276,4.725857894444455
1.1181578990107401,1.5689730910873,1.7543596551345622
4.434051412537804,3.041881020468836,13.487856835581779
1.4731735435708426,1.3485774837049465,1.9866886704494662
1.0288632441024266,3.7480716324438315,3.8562531388844383
4.088750177822215,3.0117372407290324,12.314241178584618
2.0451177453513973,4.434111554843264,9.068280225677636
3.2442914088518777,4.03759094349773,13.099121610447835
1.5640560841985889,2.2089811211241517,3.4549703623740493
4.838130034057018,2.7185767867489536,13.152828001860334
2.713615984667137,4.738748912978524,12.859144797582543
2.421950988725269,4.623986933161133,11.19906972462233
2.8987615851356923,4.9463634233703235,14.338328277786168
3.0304059197752307,3.893981883108118,11.80034575006834
4.378847702013639,4.335743879065447,18.985562121365433
4.106959302010077,2.9422235955776332,12.083592564451097
4.701600180772079,2.5228366546560923,11.861369271589512
2.473645868159026,2.0887478775726134,5.16682255698343
4.522188464214351,2.2412080191297186,10.13516505001311
3.9841355102880707,3.242558583420973,12.918792796396882
3.239196943799522,1.5362706944158977,4.976283338200745
3.8139245947002625,3.195233842569492,12.186380937994413
2.6342192829368023,3.8265672411249443,10.08001721402561
4.550691417017713,1.0332217683918699,4.701873433296746
1.7137707219330682,3.831919836831919,6.567032025157083
3.4001092518051386,2.3855082392558966,8.11098863455136
4.327794504967333,3.7237822398189513,16.115764315183405
3.3240259176070652,3.73782319000346,12.42462115900422
2.1061729987083755,2.8064910728000254,5.910955718647515
4.40356266139632,3.4802160539799396,15.325349468898102
2.8745687658117096,3.2784399563810136,9.424101099201966
1.3699799486950117,3.996638606577246,5.475314753191199
3.3784825440503474,3.600068021148723,12.162766966844838
2.9706070603461274,1.3360968139625502,3.9690186288631177
3.78556953010445,1.056200897957266,3.998321936975985
1.1342144195693757,2.628642777582824,2.9814445422313343
4.107567110403916,1.3972722632726762,5.739389592898486
3.168270919430038,4.510845104617286,14.291579367012295
1.8147692991148974,4.1050751274198145,7.449764311801655
1.061199393933272,1.946645716565952,2.0657792546225884
4.85829992442587,2.9461686427715947,14.313370894523105
3.4359063719660488,2.8661091098329696,9.84768255322504
1.241563054592679,3.5082212006713784,4.355677830092352
2.250525429367917,2.3229338181207284,5.227821628419407
4.632938399336652,4.875898820823974,22.589738878275693
3.0860572124876464,2.393408614770546,7.38619591804271
2.3499267837618967,3.044389429429327,7.154092260417574
1.320882425744581,4.661003544223828,6.156637667898459
1.9315599770744285,4.84556586663341,9.359501094267063
3.284120077727341,2.9671795710846824,9.744574003621606
2.062680063297715,1.9503925360417957,4.023035799698082
4.648615544907006,1.4745620857292807,6.854672233651632
2.8423054294403047,1.7014408475991019,4.836014559002441
3.6177736309030655,4.867890815982864,17.610927032178015
2.6798665810802853,1.1583380672336783,3.104191475972663
3.0386924325851687,4.366564136917513,13.268645399249037
2.897491473283734,4.652850938096302,13.481595919594257
3.953731864691502,1.3565778951982335,5.363545251181384
2.8251217319627275,3.9278367045264564,11.096616833558555
1.7500376690537238,1.4892648160620037,2.6062695273048715
3.4534301679887607,3.324564231506543,11.481150412501066
4.381464670441726,2.24240661428087,9.82502535723648
4.7105995665875895,3.6203973951556607,17.05424240049509
3.644540002057968,4.363232771900756,15.901976375482574
2.2339770392998664,1.5105162395895357,3.3744585967325986
3.506327881911741,4.685415578525363,16.42860328132711
1.8392017111604058,2.2014276987184753,4.048869590478934
2.9427638994520846,4.11298277139098,12.103537218717763
2.606083357680485,1.7246486096687739,4.494578039504579
3.433806877397547,4.786511018543685,16.435954454214443
2.0926582143641537,3.794247221632699,7.940062615678035
3.0269985231146226,4.704496319128161,14.240503409999121
3.6447848317303717,4.815238743328001,17.550509132842315
3.3362148337184196,2.3588611801106922,7.869667659767829
3.880359319306421,1.2733445271812789,4.941034302735704
4.742223431705552,4.242019829349841,20.116605832502405
1.912835545377328,3.430182089368664,6.561374227661051
1.401943682436766,3.510844873655021,4.922006790636162
1.7359406290335482,2.223088598187234,3.8591498195344562
4.173735182152496,4.615291269593676,19.26300354778439
2.471542137940034,2.8488351653325634,7.041016155164794
2.241807556861655,2.4853743458990194,5.571730990266515
4.359818149276103,3.1487463883225297,13.727961651276146
3.5609653494296123,1.0902328893992572,3.8822815419592818
3.1447207831937822,3.365052956080873,10.582151967535195
2.71559192790485,4.9265145723974815,13.378403205508215
2.8772714442907543,2.398596122418759,6.901412129422026
3.662979878119561,4.35788621306225,15.962849509581677
2.536364067807614,3.682765484159087,9.340834044183218
3.4085794402872396,3.928549385891988,13.39077266690449
4.414046517125663,2.5724499879674485,11.35491390986767
4.605669553910951,4.116834946987254,18.9607813738158
1.8063962477339084,4.317684302399519,7.7994487227540885
1.5909426714998736,2.1887632409571545,3.482196837849097
3.2879168176690463,4.097042610007621,13.470735300150743
1.337895409778033,2.125204006350018,2.8433006849375744
1.5167688432739332,3.0718098941212313,4.659225539863684
2.882036526745372,1.8040561037138638,5.199355587201293
1.6428762765231046,3.0907574388216883,5.077732072727462
2.187769795249617,2.8583735566958643,6.253463330879431
2.780495191059512,1.7843990752782104,4.961513047742104
2.9752592852025246,1.6202196037781547,4.82057342020811
2.9398605282154695,4.731984085810717,13.911373234018692
1.7444372715421785,2.8406315243101283,4.95530350572426
3.3945519466156333,3.623648816401436,12.30066414356693
3.9139967889619545,3.161031907219996,12.372268734665347
3.5504999706737657,2.5084892333679374,8.906390949508319
2.286026824341036,3.0257930423420154,6.917044059698319
4.729818554862239,3.6201374470294367,17.122593268111444
3.732073740380879,4.82325537890587,18.000744742765423
3.62362330009336,3.1606999279376677,11.453185903478337
2.2729823359747177,3.882158715521222,8.824078185830036
1.2754802651462493,1.6150215059956836,2.0599280586842696
1.2474863400656897,4.982666433772097,6.215808313234516
4.948564659241151,3.3791566928462675,16.721975388257242
4.76757834116337,1.0163009068781665,4.845294191737038
2.322483476815182,4.597401864352128,10.677389866237132
2.534853917727432,2.382290683164801,6.0387588713858555
4.694553467374592,2.3701697488496696,11.126888612728584
2.3288309596733923,3.0461251308319484,7.093910511720604
3.123727765938711,4.348337055242917,13.58302119512247
2.1381526054173747,3.055743968752383,6.533646928276337
2.5227409285247604,2.48903502411938,6.279190527877574
3.26648861773131,4.552373270838222,14.870275472857307
1.144169433737615,1.6176818387623513,1.850902113424343
1.66927965269935,2.0988076541963108,3.503496912079555
4.647323506739207,4.338778542086089,20.16370750917235
1.3188761090713155,1.1347495625996253,1.496594087891771
3.6166358147498823,1.7479629460769353,6.321745393637562
2.154474039826086,3.9310561158612103,8.469358350722544
1.4280960386492425,2.5469943336857512,3.6373525183986883
1.7871550028688454,2.6336692898857947,4.7067752473214375
2.379487347974567,2.8906058824275895,6.878160125217308
4.5539358649863235,1.2523310534093226,5.703035298956817
2.8901060634384623,4.492322155155551,12.983287499533999
2.054513015456235,1.1499610143679502,2.362609871286208
4.064435546149602,2.8562229079266412,11.60893391470382
2.8122502919696655,3.979018839346862,11.189996892706013
4.018084183505755,3.0004442572779584,12.056037613659235
1.2728064065747091,1.8320756570135326,2.3318776335763935
3.523750397499933,4.0875278792162915,14.403427989180466
2.607698064144485,1.2621850417562466,3.29139748997989
3.5848922540621215,4.1368776062727175,14.830260486730117
3.0576647735744147,2.2061395992889556,6.745635338333415
3.3646849575450664,1.937397385474355,6.518731839692703
3.9928677008644016,4.683524834495822,18.70069503785466
3.5531915186604643,4.527198189390871,16.086002209838654
3.5097371016706664,1.9608265359808388,6.881985643272322
1.5688066784579386,2.3579772844180167,3.699210511447099
4.8412539825227245,2.1806347967484987,10.557006894186301
3.0485354329798366,2.8640906310275867,8.731281771953178
2.2184696001851547,4.182743662751745,9.279289661181854
2.400370440880027,2.533753585009045,6.08194720992951
1.583871159799156,3.042445328431987,4.818841410969095
2.933721506416279,1.2675498544629198,3.718638268492692
4.731227312742574,1.7235779381604965,8.154639016665472
4.249410032063945,4.315929846027689,18.340155585394264
4.249024337050587,3.81927270636491,16.22818267917756
3.6157458493698145,3.222970359471705,11.653441699901757
4.692164867893702,2.895831070948248,13.587716814458362
1.3130600155032308,2.27862884118338,2.991976421530358
4.5243084636285715,1.6328773573195772,7.387640847788418
1.2235688572642474,2.743432809372876,3.356778947545614
4.449913704410479,4.278844576461907,19.04048911984029
2.9687846871065213,1.0190064598398685,3.025210774035228
3.2541556686815207,3.8671775964151127,12.584397897172417
4.990174686405545,3.1447411467336295,15.692807665728104
4.646223128093238,2.790550068928647,12.965518270358459
1.7991335590043782,4.529128779901867,8.148507580974002
3.3570463296742346,4.085715145331363,13.715935032729085
3.4531527398409474,4.776622849287912,16.494408279205427
2.5607760318227957,4.663257007620262,11.94155677534366
2.0214225628478917,1.6568247142358565,3.349142860040371
4.5979068166427375,4.036966146243944,18.56159416237099
2.9198831450821383,2.9501434325997136,8.614074084422667
1.23064269232865,3.104984161519951,3.8211260681707286
4.323990492620428,2.983488788166613,12.900577154872076
2.9292281835504905,2.8945234657603036,8.478719713853325
4.363560478410758,4.851489198122996,21.169766526366203
1.711722678897265,2.2116111002244434,3.785664877155112
2.7391532537317143,2.9326676231295,8.033026062008823
2.6713022342881705,3.527417341017604,9.422797824327164
1.543670589590656,4.2394872031451865,6.544371710441171
3.4353131764600904,1.926347476431598,6.617606868226112
3.6013606362004316,2.200670467026988,7.925407993199814
4.904198444055329,2.1958687475933156,10.768976095296862
4.0114777339499135,2.990899232912885,11.997925677317916
4.927297460066971,2.8163819621152757,13.877151688509029
2.6711635329997123,3.7960641983036254,10.139908255434433
3.6277033988241385,1.7660665363927799,6.406765576621662
4.102875932802853,3.3200579776331045,13.621785971940977
1.103851558911574,2.0829384956530625,2.299254905543562
3.613183168514161,4.600674345052823,16.62307910735977
2.9432152086528314,4.017348119793526,11.823920084629163
2.1240383831616128,4.189843045103671,8.89938744722293
2.164748583084585,2.3986920284066664,5.19256516974962
2.6122103674093187,1.4478104346206244,3.7819854273593867
4.9074248979722555,1.8150741091322105,8.90733987482022
1.801434720471288,1.4392875648154972,2.592782592001206
1.7330456807691164,4.942859016882211,8.566200469858396
2.8648628785886303,3.747572547044826,10.736281474846566
3.602814387643045,3.608921261364763,13.002273444315856
2.086340842470676,1.4625532234360215,3.051384524341712
3.926976415824159,1.3412034808048574,5.266874437941945
1.0202551387158865,1.5764926218318673,1.6084246985716433
4.508118787238315,3.640097925709067,16.409993846276265
1.312842787046645,3.439679866298416,4.515758902219444
4.194863956048151,4.068268417630133,17.06583254864569
2.566679665275999,3.607753493229752,9.259947528401256
2.1845013336227637,4.663359548316644,10.187115152460159
1.0852619660339866,2.269423702997553,2.462919229679254
3.9543069065385184,3.2215896119254714,12.739154052469637
4.545836407092426,3.7654025783102787,17.116904127842556
1.9181068460142505,1.0582313742488463,2.0298008436137804
4.1103828773942634,1.4959402672032072,6.148887259916662
1.0913703132522903,3.233504211170772,3.528950503848045
2.922017267383808,4.727867876785207,13.814911573875596
2.622255687785585,2.4482768920208176,6.420008005375603
2.657014467311525,1.2476794626208392,3.3151023827510384
3.3944893174529525,4.842402207849403,16.437482565355392
3.883641428498575,2.2956566327089303,8.915507204395938
1.1253942573851492,4.48225579232251,5.044304928811075
2.9560632429710707,4.353082052522214,12.86798584909798
3.300632383331553,4.112719357402825,13.574574694598299
4.752730176454462,4.883882549496942,23.21177597125347
4.440368149873179,4.784224074891032,21.243716204002613
4.43155130652111,2.9181328988162942,12.931855660351582
1.586007731205814,2.245774628549978,3.56181592342613
3.3625724163642485,4.380299020934429,14.729072663221435
2.874016970814943,1.4857221100816584,4.269990558289673
1.8277532488126678,3.8989419644330887,7.126303842424623
3.2492777741481826,3.026775681303713,9.834834948592379
1.2218538054863748,1.098830736285,1.3426105167152225
4.420027537764819,1.5401141587448661,6.807346992953805
2.166963250946104,4.662119019149303,10.102640586033434
4.178020063762874,1.6212709862689407,6.773702709428258
3.917863619312541,2.3005367100344825,9.013189081137062
4.4009004267395255,4.119096910954973,18.1277353532032
1.7958619747899949,1.039195083610093,1.8662509350440752
1.1092274798282347,2.8397336480025306,3.149910597757286
1.7484117647491915,1.1059575713804866,1.9336692291150863
1.115436257952338,2.8657737168268005,3.1965879108354494
2.529369391458843,2.286402470155273,5.783156424566639
4.23276429608391,2.760401654601703,11.684129566449037
3.868346734027263,2.958830471351704,11.445782190393711
3.4666066060086336,1.3295315915442898,4.608962998144607
1.6912263410573036,3.820854772239045,6.461930236165177
4.29980100464974,3.548216181848364,15.25662350342606
2.9260917690885337,2.0096336275261,5.880372416387654
3.8482310738828702,4.232118670867548,16.28617057759237
4.849088689270735,2.238551593274855,10.854935211298082
3.3961734552154854,1.3045310355123791,4.430413674311912
2.0617870570992327,4.917230212510436,10.138281608931326
2.048379548023988,2.8815177360459447,5.902441997784898
4.16506443532557,4.904556853704211,20.427795322395685
3.3773234317679806,1.6961391804259773,5.728410597592392
2.7635599869535348,4.005981439738996,11.070770015341202
3.6614847122976393,2.8707891433431434,10.511350560580956
4.466181156001754,4.436254660677188,19.813116968741415
4.487066119990916,1.355349378625355,6.081542277580571
1.8728115502814662,2.2441280387411653,4.202828911264948
4.5511699271305375,4.0412563187184505,18.392444225577673
1.22169381524672,1.855229854265569,2.2665228388173193
4.286056794194819,1.81865793741138,7.794871208958381
4.458497655831006,3.3258253671851468,14.828184603298272
1.2664025330211715,4.546309560821931,5.757457943723263
3.7747171667739656,1.671695457723351,6.310177541886395
3.739237356307928,2.1324563291680745,7.97376036672054
3.2978253312141828,1.0458528971513004,3.4490401769492998
1.9469184472961487,4.387857789434099,8.542801274361347
4.466439476830744,3.8150702616589824,17.039780423556675
2.0386749151368218,4.992225416008299,10.177524726324604
2.6992157054754253,3.4362819406049803,9.275266182522536
4.960233719318696,4.415876071900206,21.90377739217199
1.0569402554024276,4.584657418409775,4.845708982746663
1.7019523231871143,3.1963211425728746,5.439986194253995
4.116853998321285,2.761967888109881,11.370618543400159
1.9766992044093086,1.8058625081656574,3.5696469831636537
2.5414093405304734,1.8878182873500946,4.797719028695772
1.11424155781374,3.628408946556792,4.042924036996751
3.0984368154507598,4.345248145198363,13.463476825351737
4.924175974694654,1.9967878653978546,9.832534833353938
4.946856183587084,3.763081418961716,18.61542258673242
4.021045063379958,4.127722169959582,16.597756854519986
4.0308093500977185,3.4590438870813456,13.942746442445845
3.7309879694513706,4.418781260472871,16.486419722461445
1.5393284835527181,2.387225817403198,3.6747246974011625
2.935671696715655,2.5964462675690907,7.622313819745583
3.2405223605355786,4.896518728372383,15.867278428071945
3.340744814529412,3.428529474215129,11.453842062445444
2.714840683487653,1.0862996213960745,2.9491304066232975
4.1458651736427745,3.785136765422279,15.692666693239087
2.341672292537687,3.8558106106501264,9.02904487223222
4.372795253188035,1.2868154538801653,5.626980508456193
1.0366572101443303,3.817986383260722,3.9579431124401023
2.8030399259188328,3.1144327611807605,8.729879376179305
1.718789944877528,4.022468375620598,6.913778197604526
1.8847814159268466,1.0501826036033663,1.979364654601295
2.9574739263077787,2.344627245819071,6.934173946420721
4.079073543002593,3.0219763797381622,12.326863898168696
1.0054754701436086,4.573454418549385,4.598496231671307
3.7252944165764785,4.30556150708989,16.039484242588575
2.3178171462820956,3.9766932818669947,9.217247874216138
1.208147823581637,1.5645327879710282,1.8901868827093085
2.127563070987829,1.8563626046054305,3.9495285239212943
1.6048925532228373,4.743348555950927,7.612564774785942
3.3185889555246733,1.3425594488648747,4.455402959138265
1.6462261962761406,3.492448772383848,5.749360658250739
2.7517564256277787,2.713555873344955,7.4670448107769785
3.935534108147547,1.3197564477516979,5.193946514574453
4.080830761115758,2.083087900274516,8.50072918154828
4.31750357329601,3.2708151313833813,14.121756017338408
4.888122000844547,4.028185625355172,19.690262778784366
4.788326026163748,3.80639353215462,18.226253215837325
4.807030189887287,3.6905874077083434,17.74076508727187
4.762854519859264,4.873656639270976,23.21251755259388
2.9308128542054983,3.3922991063173376,9.942193826104678
4.97696000682806,3.2918822222960267,16.383566167555603
3.522896565613053,4.452150460493078,15.684465566863636
3.5309889291481036,1.9372094695767967,6.840265190516539
2.768408312063798,1.5191873480175007,4.205730881833807
1.6041040217624496,4.213329313612324,6.758618496975151
2.730705130448185,2.207423098195089,6.027821579311157
4.685611241807793,2.554094224152152,11.967492609323678
2.908406989884054,3.2144557001508933,9.348945426991499
4.748062299143964,4.810892038079645,22.84241511125783
3.110473354608363,3.179225662811841,9.888896712463344
3.0297497886533264,1.574577093546453,4.770574616390735
4.307570364344286,4.948194520120289,21.314696071880956
2.8396684084769936,1.794705659038426,5.096368962486301
3.2820581763381727,2.781691561811496,9.129673534494321
1.0408551353585898,1.2045254712314932,1.2537365224015249
3.501336987328529,1.821258999131273,6.376841497163263
4.204839051038618,2.913747872326228,12.25184083843801
1.1705280379104526,3.0366937777304424,3.5545352093816946
2.7527002080147236,1.2000883062044374,3.303483330124992
3.108077928865244,3.2862273392752415,10.213850662434934
2.6453166051101435,4.124089301585552,10.909521910441354
3.3060280143742173,1.0246263573876653,3.3874434417898303
3.3237725897772785,1.5212754625124285,5.056373683799562
3.384037294986619,3.5683721580319303,12.075504465171937
1.6180491955952871,3.5713258342842193,5.778580893372249
4.04061749186459,4.08068762207372,16.488497784586393
2.6169051770195892,4.0724256644690575,10.657151804376518
4.718047670470289,2.6043211784856624,12.287311469310717
4.030366655357382,1.7538523307557252,7.068667952298701
1.5702265720497102,4.3814180341751685,6.879819020519655
3.1170576951965474,3.1914485087060056,9.9479291328856
1.0330327216372788,4.9069687683734795,5.069059301781981
4.68794443346925,2.3283052247388585,10.914965517731902
3.366223663775642,4.567295698020377,15.374538858136884
3.5499881095605796,2.5246372214413078,8.962432117070703
1.7674289543802812,3.7694742658161386,6.662277960194796
2.2368326397484615,2.2769227001970846,5.09309501398504
3.154713956051506,4.351407097349754,13.727444698470844
2.219223793531516,1.173858465812097,2.6050546375686072
2.590643191689584,1.29537583075938,3.355856576636026
4.986290204784529,1.8256221936827233,9.103082061997407
1.023824167845825,1.4273711230210333,1.4613770522341702
3.543366270299498,2.4279174009878397,8.603000625733532
4.130576930325393,4.2569767633908615,17.583770011793554
3.929422236191176,3.034716293463747,11.924681684068114
1.090955719859728,2.8853676210844506,3.1478083101201375
3.297516062676812,1.781395463678149,5.874180155458304
1.1659726411851161,1.5606222639361151,1.8196428629738877
3.246649568805241,2.1564069197241014,7.001097596090891
4.324495238378453,4.415594091905399,19.095215625056927
2.897116107434208,1.4662938829315912,4.248023626473362
1.1651357315727928,2.340083138238696,2.7265144792129
3.684236579494775,3.740853546594869,13.782189474897578
2.926259667623978,3.243259363192859,9.490619066155089
4.736274252076582,3.6900265957690617,17.476977955018807
2.897420284692951,1.781811331860295,5.162656296427782
2.6559970750073774,3.56562252256356,9.470282990509242
2.6385383673207192,2.3725443782700926,6.260049370236721
3.390500536632339,4.492955065910408,15.233366562034224
3.4396280210073673,2.672343909450461,9.19186899271418
3.056336844903687,3.5547238188993977,10.864433381158971
4.957480485898436,1.0349835667131129,5.130910835205818
3.456874612625486,4.133898607732036,14.290369148236715
3.6460390837438794,4.6369274858429215,16.906418841869534
3.344813044890011,1.6977521554341082,5.678663556486139
2.6505826736441604,3.443778927724117,9.12802075768641
2.3509160908673574,3.480477531530871,8.182310632778226
4.52746676537528,3.0710738645876097,13.904184855933027
2.3150739872435646,4.005955775388365,9.274084009649728
2.5963294709246334,1.1144201045546667,2.893401760446192
1.2726490653442912,3.9994083585132905,5.089843309392085
4.0341675340640695,2.8861740845661106,11.643309789613689
1.8780559463533577,2.0946518150837967,3.9338732968579784
3.628668529351565,1.4632635738879265,5.309698480713617
4.780503826320794,2.3165383070782264,11.074220240806156
3.7707486251270717,3.7110572941295503,13.993464189606792
2.8406628187339735,1.0086485026856873,2.865230298750926
2.0550293282261545,2.044237817977834,4.200968669813489
3.061417138736453,3.4732439896916953,10.633048677055532
3.0327597155893855,3.2891683265653406,9.975257198599918
3.3979675669101344,4.705450418095527,15.988967908392333
3.2788730859534088,3.86355247108329,12.668098213603786
2.3311206631506196,2.990894503126855,6.972135977542616
3.4244272239785434,2.1022547152531863,7.199018278650272
3.511404349696168,4.771549082847233,16.754838204298537
2.6235504626888986,1.3555185939472922,3.5562714343338238
4.675434266819462,4.866457472980518,22.75280202719276
1.3060885217237637,1.9834493529454345,2.590560433302458
1.9399006127367135,2.9780362088381493,5.7770942662772455
1.9806054542425335,2.8256993243285065,5.5965954938144815
3.2778093930180834,1.3272001580062902,4.350309144328103
4.394233775076316,4.190659893419442,18.414739243521424
2.489222101153138,1.8652109991999852,4.642924442522531
1.6584746707819513,1.4542435800454223,2.411826142652598
4.89739465522295,2.74612767547051,13.4488710004091
1.0394710722147895,3.8698474514945325,4.0225944797126925
4.8304463193647385,4.729811881714257,22.84710239531424
4.0579816530711295,3.2126406266536516,13.036836720871454
3.9250927492234062,4.349451610598223,17.07200097985715
1.017410307119849,1.7949982611856337,1.8262497321924704
3.5670525629050904,2.5398108081849826,9.05963865263029
2.4766432035530324,3.275536054954553,8.112334108496105
1.6240952591919262,2.1953477642913484,3.565453896263173
3.1329178884844335,3.2251214507028902,10.104040685441952
3.2782199478467713,1.1614486633159262,3.807484176482238
2.8895781389325585,3.99913654454994,11.555817533737798
2.6181619951424593,3.97510920068456,10.407479835773433
3.358940892918334,4.628305158712923,15.546203462505717
1.123324217565262,4.274182308746335,4.801292497703762
2.714095937741499,1.1459820763827553,3.1103052982350046
1.2365154269189849,1.8620472157393642,2.302450107913267
4.222684542386826,2.1512722675479155,9.08414415064004
1.6469542387103835,3.595434056655191,5.921515359611935
4.232558574775634,3.9401915164380448,16.677091389158054
1.110599173363298,2.930404762825882,3.2545051072142956
4.113335901293844,4.978121701696651,20.476686716598838
4.833501817971753,4.9497357157818165,23.924556580711123
2.0260082135666524,3.989514892822054,8.082789941003965
2.398540901524061,1.0938466551513244,2.6236359423757363
3.419565943845807,4.3510082700553605,14.87855970167277
4.14675504429077,2.6865322883656435,11.140391318430257
2.1964095057744237,3.155050230385988,6.92978231721557
4.64183946916962,3.4238030826568284,15.892744283741079
1.910134330709492,2.5671931881734396,4.90368384229364
1.1454808686304316,4.469803642163625,5.120074558633056
4.782305917364171,4.414505755784485,21.111516998126337
1.2937306766819536,3.4631614286775694,4.480398178581873
1.130948459407143,1.5250087854558165,1.7247063364936142
2.1884609607396044,3.9589308795766467,8.663965676219995
3.103764677805998,4.237517001369877,13.152255590454216
2.329846039358273,2.218211534271588,5.168091357581497
2.5947917014960695,3.022170534891468,7.841903024442319
1.0524888889150739,4.205778110074158,4.42653473009529
4.365137291851932,2.5887431010705706,11.300219049507563
3.964059524853502,2.6859549454717295,10.647285284924578
1.8664311257332944,3.7390794891898005,6.978734340214791
3.582547759302823,1.867944607818238,6.6920007692410195
2.8861395546613675,2.84248813859695,8.20381745046042
4.890604465997499,2.669047833508693,13.053257254518563
1.5129074334588504,1.2169722963307414,1.8411664334322655
1.983286125751611,4.7110220571704975,9.34330468409606
4.06496430000357,1.9280997604916545,7.83765669324401
4.13045300338016,4.7855858537206615,19.766637462434115
3.5843852856410647,3.426839296683242,12.283112351287988
1.9164486947408093,1.5944872321497523,3.0557529748342787
3.1265257615704782,3.2410512735041888,10.133230301181651
1.3595238605682485,3.108690116327622,4.2263383882600865
4.206047471886499,3.6809395760365593,15.48220659795553
4.851504237009172,1.244479011631257,6.037595197798029
1.418743609919776,4.689474436806766,6.65316189110174
3.878262234965399,3.1761419222754523,12.317911270051294
1.3496867808462527,3.6233334192400077,4.890365218546692
4.28109690992922,4.735411348979052,20.272754893357977
4.581387040652109,4.269161314454234,19.55868032049395
1.0539684298538696,3.551437111624379,3.7431025962635087
2.774116117042116,4.518041164667143,12.533570812362854
1.541813968343797,4.27739849347485,6.594952745412238
4.202625362081733,1.642623017574572,6.903329153998124
3.8294965433045345,2.670551931664927,10.226869391026085
4.496127232090428,1.1304442679301228,5.082621257401153
4.249507325985681,2.660086725349942,11.304058027131838
3.207199888317995,2.371663730792116,7.606399652524313
1.3994273487380786,1.8054671036113783,2.526620042040689
4.31777989619658,4.801470527418637,20.731692915468578
2.943083135533369,1.412579824685949,4.157339859627899
2.859978717247947,1.4194210781087726,4.059514074204226
2.775515803626465,3.7622419598670134,10.4421620166775
3.6038697938695177,3.3204769530998353,11.966566592516388
1.7839920413415191,1.8197202764472826,3.2463664906497414
3.860555501730382,2.2022368223793114,8.501857480749685
2.5755057757445003,4.962046062740199,12.779778294097639
3.6711731218834984,1.2369422112401764,4.541028999228076
4.702942347574933,1.0751950000792405,5.056580097773494
3.572137437019872,4.630876235234979,16.54212636608851
1.82947847564964,1.2429436596021688,2.273938671687361
4.047396961098645,1.2218278917556096,4.945222496077219
4.015818899086181,4.007003798254932,16.091401581742264
1.402422810813627,1.528262904276501,2.1432707578776475
1.8483722519688688,4.677944712412888,8.646583202668472
1.3101843667459292,2.948450915235075,3.863014295258722
1.34337603845391,2.6889567033518973,3.612280003722957
3.5419982621516226,3.0171835304745565,10.686858821533376
4.773677415832095,1.574837578655953,7.517766582833623
3.2419081396182174,1.5037064440355539,4.874878160515228
2.1696843950551736,2.194680521284497,4.761764079162527
1.9050021497456116,3.070157852381513,5.848657308845152
1.7755975729275648,4.793308011495441,8.510986071505556
1.7849689011573395,1.6316465904035198,2.9124384215496906
1.0341142385357864,1.9914085839141697,2.0593439713680306
1.2268589292181407,3.6397566529271175,4.465467949824767
1.4671743546759077,1.9513398686164178,2.8629558124906636
2.746550147847424,4.163301140942238,11.434715364188254
3.345665962127335,2.6420304070264837,8.839351203693935
3.3257393444315126,3.7623654801201103,12.51264690536641
2.4090771039314856,3.1197426796375383,7.515700659672653
1.9804155789611642,4.211946185147529,8.341403842812209
1.5653500230063155,4.6355914887845024,7.256323243616701
4.821475815346378,2.575757623741468,12.418953089063544
4.44423683246373,3.165831217502492,14.069703702188068
2.974253161988704,4.412027657358957,13.122487210681491
2.200860336951864,1.4987771275955843,3.298599134055764
1.0819614312788874,4.439507109263112,4.803375466111113
2.9144010767110333,2.775043943539729,8.087591056972618
4.11465968251157,4.644549071561567,19.110738808200928
3.5831383522105296,4.706183829293961,16.862907771296204
2.7603017877354934,4.098549971301333,11.313234812906325
2.9628455776216795,1.3121789520542326,3.887783605142133
3.695163848777925,3.1158542694418125,11.513592054501737
2.2348489752343186,4.659284073664065,10.412796237353716
1.964963434202259,2.621074103302845,5.150314771324565
4.064342181833673,1.6397546527125373,6.664524002877591
4.577823216328892,3.4221591078421065,15.666039413850964
1.6315564013511086,1.1621314988273705,1.8960830861235547
4.5578132640821885,1.1654949364883587,5.312108280747269
3.8613606712122617,3.216774821351959,12.421127783314303
4.874953450552462,4.590499213024543,22.378469978292358
2.873262023485788,2.4115938890591666,6.929141137504102
1.956680238321578,2.981740232415045,5.834312188574907
2.4337338027352495,4.524374029494982,11.011122011799428
3.90270128038374,1.643304953519535,6.413328346161632
3.750906645717908,1.610854846816304,6.0421661502101776
2.2437202445714837,4.62202466822665,10.37053031900893
1.4619765183552151,3.716350671047197,5.433217415044648
3.7044081353439666,3.756824761461013,13.916812209417833
4.2620301200945665,1.4942921400978553,6.368718109317629
4.554629023952557,3.25877331990957,14.842503545342359
2.8566862156144173,3.667744462979099,10.477595049788496
4.41230553565335,3.616395888589716,15.956643598338418
3.0678245684197676,2.9273744818157454,8.98067135627943
2.0888693209145863,3.670791798671848,7.6678043717104964
3.2308276658092634,4.025533619920129,13.005805388883264
1.5831262421095156,4.836962143572373,7.657521701579719
3.738681935543897,4.667609384402677,17.45070688764146
4.365644782263369,1.9880020902148305,8.678910952275046
1.4136917704501775,2.405347283836723,3.4004196602346624
2.9368799565350154,2.3190895422238134,6.810887593967082
4.684067499476333,3.751950101673778,17.574387530907067
1.9472458728059254,4.670210732871004,9.094048574716998
1.1334575571820134,1.0481113131539175,1.1879896886622716
3.484958602776637,2.4888395304577773,8.673502732599397
1.32831057376454,4.900100118735443,6.508854800221167
1.0127624266462494,3.259098901069339,3.300692911727108
3.7178730899083763,4.819632372469916,17.918781500857165
1.3069372957957812,1.2242839549431381,1.600062361359549
3.5723842627030726,1.234969633435865,4.4117860834024665
3.7843215312440894,2.9274522478861895,11.078420573364616
2.8935134750094944,4.35741343089734,12.608234478488807
2.908858600115432,3.2808585757714206,9.543553683895164
2.857706751134956,1.3674770622333337,3.907848432766394
1.1406749183469285,4.1774657909306665,4.765130449966925
3.6831652582547445,2.8881072828666765,10.637376406367052
1.2454761872846762,1.5587108617730938,1.941337261200365
3.0350395527232354,3.211278169381853,9.74635625887059
2.735594907346775,3.206314959438954,8.771178874390984
1.8827534942024382,1.8489412688832854,3.481100634565095
3.8541188442701553,4.824561928009455,18.594435042089593
3.374315237859542,3.39441624162942,11.45383044776807
1.5106607425555292,2.8060990307732223,4.239063645512227
1.422375798519036,2.0134415101388554,2.863870475755128
4.425936780054824,2.6449900487308384,11.70655873955682
4.769901644616224,3.9900968040993368,19.03236930805137
3.657153235666856,4.893011035029023,17.894491138910023
1.861452363681511,4.2580701006317545,7.926194653542549
2.4312731501757696,3.929053705770112,9.552602780437482
4.110609825635087,3.2475945835690228,13.349594204898112
3.179962264155374,3.3382469419814407,10.615499303933056
2.3520561168846235,2.974576227125748,6.9963702101507
1.7185689929181307,2.18451487900875,3.754239535632739
4.009122867160583,1.0188089606200599,4.084530301289988
2.900270253909966,1.5945750203710434,4.624698499210015
4.576878959581521,3.050101559715717,13.959945653249644
2.420855492753917,1.1494424577117641,2.782634087356086
2.6801682399796998,1.2161548876694899,3.2594997048278462
3.5263888263102716,4.799702178115156,16.92561613052236
3.5936118801602697,1.53030125229172,5.499308760459663
4.268713098512653,1.2190009720858423,5.203565416642492
4.77303913231367,4.097811541196629,19.5590148429781
2.0690360452293657,2.8464032931826124,5.889311012854395
1.4280418103113255,4.777176597326909,6.822007916223616
4.347005286650414,1.5552211556876174,6.760554585684639
1.3599889056002064,4.7560261072751295,6.468142740639113
1.3775789868416473,1.7359905645293545,2.3914641230510076
2.808444824255788,4.541605692521557,12.75484900097279
2.6183927542413175,2.1277228568731372,5.571214111470258
3.61666679539731,2.183921630630865,7.898516845252599
3.2294378674145388,4.129534959516555,13.336076573074926
2.8185061745312696,3.0977347374411224,8.730984484537805
1.7445468764714773,4.143158939819163,7.227934987186398
3.703465362685458,3.3179440641321882,12.287890916841377
2.9102362767693366,2.6244049605614794,7.637638521159418
1.9809577540687249,1.3922157525082817,2.7579205902679056
2.221063293291419,4.85753313793661,10.788888548617688
3.9387286997589057,1.8562023831262682,7.311077598980308
3.6858335615253526,4.58582280416632,16.902579598804525
2.0100458267282226,1.5965767947576062,3.2091925233536482
4.42392138942134,1.918552062109252,8.487523504283539
4.837914797504796,1.4087831340894281,6.815572770886428
3.4868223372496714,1.0472435302779624,3.651552133913402
3.914471774259957,4.715090203080846,18.457087513049622
4.6274364298386725,1.1123473362085972,5.147316586205668
4.4844236064594245,3.6951698231031007,16.57070678460004
1.3164787965305225,2.8575126280338745,3.7618547856248057
2.6270921457359155,1.9005389396680505,4.9928909210672
4.291821387250463,4.444443894447224,19.07475936062334
1.109928612268106,4.441778450491334,4.930056991556225
3.6920108514759167,3.9472854416634275,14.57342068449428
4.350255179242101,2.3743274148513778,10.328930133673715
4.423763978047152,4.053488839977609,17.931677915709084
1.2788354547381138,4.155800051359707,5.314584448481267
4.0817700409522555,3.8565459358785397,15.741533662625201
4.976729943096339,4.233257554409721,21.06777962786964
1.430155472271911,4.8422289179579945,6.92514018501092
4.50480627023226,3.805190175760398,17.141644563191637
1.4757495633030189,1.72146885605577,2.54045691256405
1.0861163421651372,4.0432913855817905,4.391484850015903
3.8379426055646366,1.983360849987923,7.612025108377542
2.3125160802722524,1.871989552493527,4.329005942242939
3.4001096882207453,3.0121710763580998,10.241712059303486
2.032261078840341,2.366254138933878,4.808846189200184
4.603245226604965,1.865976722930613,8.58954844278632
2.4110493183947455,1.0165546607512912,2.4509634219154024
1.3508826287933413,1.6460881603958475,2.2236719013411377
1.3316637504952968,3.4462479722462556,4.58924349985826
1.5570511879886988,1.3905964727646087,2.165229889931028
2.1345046925011695,3.9465101965965363,8.42384453363902
3.238371169594747,3.5974095019708563,11.649747216408619
4.5058531516049145,3.4638505560348096,15.607601944597883
4.162159431103451,1.7282369185008366,7.193197589519423
4.343945708337685,3.3222152213252643,14.431522552850014
1.674899210657245,3.516722001480306,5.8901549043803305
1.2912613328261004,4.535716725596606,5.8567956244155095
2.4587330042855124,2.415190519945297,5.938308643026989
3.1662650830399452,3.3416333110528003,10.580496873109642
4.911247291872738,2.9529023297631443,14.50243357021394
4.660492385429084,2.134856870698219,9.949484189870011
3.584153444879878,4.1436331813095935,14.851417141109348
3.211238027722916,4.507935923008254,14.476055262502308
3.1961871265027524,1.453151985308546,4.644545668295091
1.1111805446323997,1.386556611719377,1.5407147309739921
3.6115480845870556,4.192153402636777,15.140163591587958
1.0612293544807998,4.255431271865185,4.5159885816789
2.603237763380012,3.497394000763247,9.104548136205588
2.894503062663203,4.626721596553699,13.392059831314665
2.0991219657435845,1.0120198846552748,2.124353169649176
3.9461326874542912,1.4131461957553584,5.5764623952219
4.7250457258384895,2.947415229617776,13.926671732976741
2.331925069918583,4.485405624327598,10.459629824123338
1.1915417039552194,3.1798887997992455,3.7889701189009104
4.002224003359572,1.9878578918227334,7.955852569920699
4.820547939902602,1.128480542965626,5.439894556613118
3.6610486380997136,2.213674618885778,8.10437044866768
3.457093686512202,4.188958325081637,14.481621378702455
2.877300418704075,2.5312305892357005,7.283110834244443
2.2065080887595427,2.334625110975582,5.151369191588767
4.330652527502538,4.811427909134107,20.836622435587874
1.9416150499937315,3.0927773435579677,6.004983036531783
3.3844385251513547,2.5893884526547466,8.763626035746778
2.6002369785572763,2.4843087979117904,6.459791602485413
3.032143101527081,3.892730084549348,11.803314671973236
1.287480300481925,4.834798042002,6.224707235886158
1.737893831895326,1.6462395520308992,2.8609895632966245
3.7140970620653477,4.35923466046099,16.190620645271597
2.369500437001389,1.892527818277701,4.484345492446297
4.0049488834982006,2.658076990385683,10.645462474897398
3.2981168402621206,1.0309133343958425,3.400072629021703
4.39875980392307,1.7600976454350832,7.742246773719485
3.5207811908303412,3.0284891352416476,10.662647583992838
2.540610466319598,3.2868261962311602,8.35054503511832
2.8059110562880845,1.603704875325613,4.499853240699241
1.9380486715006549,3.1814430999772347,6.165791573365805
2.9678741067408554,3.6047078825890235,10.69831918710062
1.489359528965962,3.2651265204568922,4.862947296521948
4.282422668522274,2.4729487891935027,10.590211952936967
1.154306601420728,3.784612511312884,4.368603205627942
4.344081913330525,3.652493021787341,15.866728874512344
3.536338129563255,2.8212158333919697,9.976773123351597
3.3411114557479613,2.399953310478305,8.018511498899308
3.2496022719110655,4.436536096057825,14.416977777164957
1.7132615500636348,1.231184677560032,2.1093413690910965
2.269190947438999,3.480412142245616,7.897719726540525
3.4504138706284615,1.0015612012648543,3.455800661127557
2.6286641820604024,4.817299504459851,12.663062661630937
3.205495408275813,3.983937559027872,12.770493552321396
1.338213919373648,1.8491208416721423,2.4745192489295764
1.469116229544169,4.515228774060153,6.633395872076593
3.143538783601387,2.417080286404841,7.598185623391966
2.240605390386245,2.6856919549777065,6.017575871240022
4.988256159159867,2.424927477444151,12.096159424876788
1.1472257032888518,4.458169851609183,5.114527043393501
3.50908804340329,4.578170648425179,16.065203883048685
2.859277451461964,2.758314749208708,7.88678716644742
2.8232964662179834,1.3936082002216414,3.9345691069781643
1.534375317203767,1.4543405831175362,2.2315042935432814
3.8349713989277108,4.8711694652076645,18.680795578401387
4.751569128511742,3.091781205543256,14.69081212837215
3.4408887302117774,3.426939461355953,11.791717371697718
2.573964896334556,2.068065034695757,5.323126802643785
4.464761138012068,3.270364487690172,14.601396271773826
2.8965043886257393,2.5364498740824195,7.346838191808932
1.0774055490402654,4.667296205557861,5.0285708308826145
3.2827992280324887,3.209517101372245,10.536200262741877
1.2290904116656995,1.984476964568696,2.439101609322836
1.5894223949430875,3.7395711530354823,5.943758138117739
1.5838321785690308,2.0338009204179612,3.2211993425612797
4.3242999824811506,1.0469147098273197,4.5271732613655375
2.8050921399999735,2.931133117144747,8.22209846819635
2.0730700711143775,1.234455254727099,2.5591122427046242
4.295883448881728,1.0581795880509608,4.545816178252608
3.7397545604142532,1.2431714106586238,4.649155952387209
3.885239912689526,2.4169652397050827,9.390489816885395
2.2088530440503766,2.8126875165929723,6.212813382988881
2.874175728697343,1.3766408647389543,3.9567077605656245
1.4918244901756395,3.651732576700764,5.447744089494392
4.232260094548334,4.177211349125253,17.679044899397216
4.834628043578105,2.899742901482803,14.0191783506753
4.201341978694881,1.329267213150167,5.5847061435105525
2.9956078143954303,3.5883568376356028,10.749309783660486
2.0640144936355447,1.517829191998946,3.1328214511489523
3.5424403683812553,4.732664910554164,16.765183229168535
4.73717268830835,1.8395710600742272,8.714365783986068
4.027937066174692,4.017808313005488,16.18347902873961
4.838036101432872,1.232283108106858,5.9618301642068845
3.6080259979147553,1.7424850093890418,6.286931214852399
1.7345993700985418,2.5088437484799573,4.351838785788998
3.9960314766911633,3.7553805298497958,15.006618804232923
4.616821779066003,2.0120498249906853,9.289275452582935
2.535746659654815,1.0432434100677073,2.645400992286087
2.5705691187123727,3.166215603523533,8.138976053602851
1.5415921862150523,4.03649440459146,6.222628233818975
4.908887012195571,2.5006907708622794,12.275608446603174
2.3973835866053688,2.9667320934444703,7.112394826679158
2.555502496249661,4.719861664448649,12.061618265451603
3.2694412731160387,3.0339661147666748,9.919374036853679
1.2401171533305821,2.507513403066299,3.1096103833488593
2.900703342946678,2.5498158669407984,7.396259409133656
4.071555955054852,4.018913528616373,16.363231310288505
4.464888571319918,2.8289047138588366,12.630744326261361
4.196661409530379,4.077291226297669,17.111010744820224
2.081914400922651,3.865432932372231,8.047500487706419
4.860131129739209,2.0935394698685834,10.174876348846022
1.3092541875068444,4.05899806472161,5.314260213318946
1.5221388207139128,1.8560790627701103,2.8252099957566803
2.414931243811599,3.633325345964753,8.77423089690287
3.0759347165985274,4.730923362242573,14.55201141148896
3.4351054007869255,2.8146217067562915,9.668522226050651
1.162565907439299,2.0211350944093023,2.349702755089364
3.9079775877017644,3.217108024718255,12.572386057814434
3.4421056472292864,2.2070922918986087,7.59704484190043
3.701207204183645,4.456170371305683,16.493209881346303
3.1796265502267986,2.809115502279284,8.931938233700901
4.628688466391257,3.183687136529542,14.736295929452496
3.908951689803354,1.4392748325560203,5.6260557888112945
3.9272196530224006,3.914567944956184,15.373368166523436
3.4013963675438363,2.8729964465805558,9.772199677365451
2.7435656133060973,2.664973765404528,7.311530383126733
4.925684683293547,1.277953354954037,6.294795266460701
2.2247516628517676,2.3266295579477556,5.176172977884343
4.813977640616394,4.865272515484113,23.421313105046
3.918378524734119,4.632037141634703,18.15007486155223
1.2166252526649308,1.390011324211998,1.691122878526537
3.9109303416135455,4.94442670283642,19.337308414007175
2.555828693219545,3.5094819214304493,8.969634593127203
3.997756232064131,3.7498036612976433,14.990800955969549
1.9572575105183443,4.958453894717389,9.704971125994545
4.821734945114397,1.849081820804352,8.9157824317481
3.6949852931135787,2.315387319555703,8.555322093619992
3.1050784679487466,1.229292367242821,3.817049260339427
2.800476354518677,3.6027943832210947,10.089540480403375
4.5740401151520445,2.663567627902626,12.183265179446986
3.570656443292685,4.046579013472925,14.448943427750057
4.274953278836504,4.006042730461873,17.125645505747126
4.208205601117855,3.023994781617704,12.725591777754785
2.6235620638087553,2.16704920100497,5.685388074163713
3.9602878737874185,3.9250394476676105,15.544286128735305
1.6775933930072777,1.4257631868220058,2.391850902205598
2.128494711774017,4.19442993090677,8.927821926841714
3.9324594098864467,1.5116357138378684,5.944446087202142
4.4495864059771435,1.8685224848245277,8.314152247737852
2.128068959457057,4.631684246810821,9.856543475644347
3.896378974425195,2.583656139483386,10.066903459027635
4.416046893685619,2.4325643787463695,10.742318368453194
4.791784150641344,3.8038145149188933,18.227058104567845
2.3583110831917007,1.0206076432800342,2.4069103167374664
1.5880885284423467,2.9949953882347016,4.756317818793262
4.409296787249435,2.5008547678525246,11.027010893269567
1.7440191864990706,3.096684484635369,5.4006771557380695
1.5866483130948232,1.0828507266864382,1.7181032788305406
4.719612354657606,3.8896309292604845,18.35755018879613
3.7625033010333295,2.874991956949609,10.817166728467175
3.527870751793629,3.646584109643605,12.864677424367088
4.077660493157137,4.574472853412903,18.653147231381595
3.1365473301457376,2.197106735184032,6.891329264286694
4.122346943713284,1.0322298259916014,4.255209468386173
3.765304775837943,4.587643336863664,17.273875366133872
3.4437994917642643,2.25079091368673,7.7512726046219855
1.8866471331318362,4.175735825666896,7.87814002421035
1.4822338770520949,3.8676932221425906,5.7328259199045215
4.789413129278936,3.6701443851241873,17.57783770446315
2.997193467184407,3.6590015810931784,10.96673563526989
2.7498350915820367,3.255983738810882,8.953418342602644
2.9281705933031117,4.515707321269355,13.222761386104493
1.2056009651064858,1.4753244388263766,1.7786525672942644
1.2541471322598317,2.856458347264107,3.5824190446409383
2.4509911417556873,3.3608585790745096,8.237434606005229
4.831624838640641,1.9373094423564683,9.360352421822562
1.1600390814352521,4.659527812158499,5.405234363138356
2.826621027074863,1.9537763267618167,5.52258524742604
2.3454363506003566,1.5462426390812967,3.6266136925495007
2.567657161730974,1.0313521921178972,2.648158842358458
2.035823758523895,4.893746467713976,9.962805327164501
1.9111188811713875,1.9648328024355926,3.7550290670795516
1.5588566918068953,2.334217115397392,3.638709970467412
2.1370462890511406,4.990502626295896,10.664935118025616
4.433297544931264,1.3820954161351469,6.127240215212701
3.4584209836257953,1.3597081112101015,4.7024430634152115
4.294533886156333,2.1846070453903597,9.381868984364765
4.120288441116335,3.9497468493336507,16.274096288645104
2.8719988155120477,3.706940416241787,10.64632848462015
3.842101791488949,3.7285492441737373,14.325465730694683
4.310038386243779,2.8582316062147015,12.319087939560577
2.5272177329885253,1.3651837794227926,3.450116656145577
2.553087122231035,3.1617755245053867,8.07228837499998
2.9975703271694445,4.015987888156503,12.038206127809815
1.362708087202393,2.0505177303166957,2.7942570940544567
2.891807211454844,2.5809615079131647,7.463643101070658
2.982656483482979,3.485942456058574,10.397368867611686
4.252876236826254,3.070282500179829,13.057531485358293
2.4907155683414217,2.7876637928515673,6.943277608157095
2.93066067089836,2.309483685214023,6.768313006338146
2.7783746760899066,4.286145114189406,11.908517043310326
2.184491646706804,1.0713061628535852,2.3402593638191758
2.1479284632836677,3.0002123736078774,6.444241553168213
2.0188392599808025,3.053706321287144,6.1649422098660365
4.866275515600033,1.6147502327666046,7.857819521521582
1.3680342581787737,3.849922910871016,5.2668264334188954
1.6578859364272804,4.771938421921819,7.911329599201173
3.9835374664271606,1.1866983649130716,4.727257397979071
3.63729829498678,2.620859459412455,9.532847643120895
3.1487709828196553,1.046935476710086,3.296560049949182
1.382093174851668,4.148876033965015,5.734133249848705
3.7009273079927083,1.1846032048054247,4.384130349800075
1.4423888259359194,3.774895405860375,5.444866952489843
2.7248918667690285,2.164295356757425,5.89747081491428
4.371712311771147,3.9839792700149004,17.41681122456517
1.3339551969196677,3.6064240942616177,4.81080816283659
2.0034598443412013,4.1910762993114075,8.39665307024053
1.5494862944754484,3.28935860723811,5.096816079530301
2.891124606988485,1.4438056351617332,4.174221999524725
2.2048986527335974,2.758027092465841,6.081170220380693
1.8080757012710493,3.8541129555067983,6.968527984805791
1.7536797881649129,2.9049094914553,5.094281061613575
1.6891660116303187,1.2143488462067804,2.0512367972749863
4.882732687940138,1.9818864109804681,9.677021562678693
4.515141681324714,1.9824057660975756,8.950842903805615
2.272045123181736,3.5592297542195426,8.08673060535784
1.4048679489464724,3.5018436276369287,4.919627874689566
4.583447531919818,3.5780740510081186,16.399914678119508
3.3634845209362,2.39984725595636,8.071849098020431
1.5497871929827385,2.815783340116284,4.363864958726376
3.12748609653162,4.123623032830535,12.896573702515049
3.71015657970535,3.906949437767454,14.495394163109037
2.9535031562896257,2.9659648978031754,8.759986687105915
1.25315339360613,4.623864201670065,5.794411115896741
3.2821215212931394,2.1256809173814615,6.976743086339838
1.8216895763576821,1.891359080147999,3.4454691214550635
4.5954399141864615,2.4606344034478296,11.307697551824548
2.0133020621359963,4.278369088105161,8.613649307661023
2.9238379203038485,2.6704232267674066,7.807884693682706
4.664267701155523,1.9774282738210638,9.223254828935307
4.142202772856469,4.300709756985796,17.814411880637437
4.554010038811916,2.114128614328977,9.627762932993688
2.440347510741519,3.4184212615822975,8.342135816368243
3.171408805912212,1.7996806979445639,5.707523213291625
3.987830005375472,3.441235442257802,13.723061952197195
2.3748350263024367,4.786773683045711,11.367797805479672
4.244853802274175,3.297501889482233,13.997413433574934
3.5000022088707285,4.837796280346425,16.932297667279084
3.372692990959395,1.0046518985334365,3.3883824165377705
1.4705227200976232,2.324530964484111,3.4182755968443264
3.4409340857764428,2.1725181721124365,7.475491830390415
3.7160300426382884,3.8887202425750926,14.450601248824697
4.213596624153556,1.1769492418843286,4.959189352403894
2.014912958569635,2.718532965940837,5.477607301372936
2.822089446077448,1.149707527554034,3.2445774795860363
1.6336699819595033,2.8469472449474664,4.650972254292985
3.0762997900909883,2.925658301824551,9.000202019780824
3.3326121835056157,2.348345626368103,7.826125245516466
3.911023662092577,2.2149597265630216,8.662759901170082
2.451369498515428,2.2503714397856514,5.516491907820794
3.291665238996929,4.605891024671013,15.161051380517522
4.60511625782711,3.6025231104652833,16.590037745201563
2.732376280578936,3.06605800786961,8.377624175582026
1.3131185627858835,1.8459014641908258,2.423887477702615
1.8444273670874827,4.293598433005067,7.919230453118477
1.457543959274843,4.254327598534422,6.200869492020096
2.513411305896898,1.1497557491281087,2.8898090988785463
4.408136541989269,1.71620904799058,7.565283818139892
1.403504640615263,4.330241947795287,6.07751466871756
4.423230612007376,2.2316286745532006,9.871008267917162
3.461275528371356,4.365018188426676,15.108530636497123
4.833291611217623,4.209999778935993,20.348156614759382
4.868529563596869,3.3605348381679234,16.360863209117756
4.380457766228215,1.0667781163801915,4.672976484739916
3.3388524737112615,1.5536821190375685,5.18751538650954
2.0233680565181333,3.5516591840256098,7.1863137405966775
1.4560360999233555,2.505593814088452,3.648235045057435
2.3629151155081334,1.0310049746539245,2.4361772387738383
4.3116919484686935,4.259535160817859,18.365803457117664
1.0766217887219467,3.5934585446262135,3.8687957660136374
4.91231100175873,3.9500913476942547,19.404077185230456
3.8075105043411686,3.0178633782919544,11.490546513513141
2.547771998737664,2.303647280297887,5.869168035711131
1.6328554247196165,1.30725027691545,2.134550706127613
4.769959919556499,1.3870023066190686,6.615945410905371
1.5442260731340087,3.3218286633633585,5.129654432449592
4.504683708412873,2.1730636655115463,9.788964491373823
3.6269680210261086,1.8460302848551007,6.695492809015168
1.975498315143537,2.795803309270092,5.523104726935792
2.8782237632893524,3.734343963086567,10.748277534851892
1.5961046612213345,1.0540533034550368,1.68237939082033
2.3444697534409156,1.1165439529944945,2.6177035261829475
2.976022440019122,2.735787059288447,8.141763679556341
1.9012556967726626,4.945067717143868,9.401838168146364
3.8068135834753676,3.817950307053203,14.534225089924083
4.7590722082506804,4.783980452349049,22.767308415588875
3.6988272585328725,1.3229801100954703,4.893474893717946
1.1344654322980392,4.1209055540369395,4.675024900819907
1.9117208400638965,4.385100699696052,8.383088393387716
4.673579940035111,4.127155718410595,19.288592174964954
1.7141332231547057,4.133146235883466,7.084763279084664
1.9620670456775744,1.7832902177612504,3.498934969148535
1.4462850416280397,3.8934162858592374,5.630989735069215
1.2680105534321173,1.6283510112741135,2.0647662669874367
1.9135093479883065,2.7656662442474818,5.292128211783267
4.9054428371293435,1.5431163787740592,7.5696691871141795
1.4378724065953437,2.4066628593154786,3.4604741173875784
3.288306659482178,1.7297218318473528,5.687855818715363
2.997787983636956,3.7656722889582483,11.288687138153708
4.832349121596167,1.4482180034888534,6.998294997039115
4.16367760532739,3.0146495035467265,12.55202862582884
2.1300057799904772,1.0022496537533496,2.134797555488089
1.1111858245662551,4.397465526675208,4.886401357260272
1.5819886340401532,3.5623286920265294,5.635563501501095
3.597052040970369,1.1991302425581805,4.313333886383196
3.950137798327582,4.345809091080266,17.166544754991794
4.550580903909605,2.496047558359199,11.358466354319566
3.172293495792141,2.952414775034923,9.365926187723904
3.971568882120661,3.503137051225307,13.91295010245036
4.487516921162419,2.0158110064501398,9.045986001310448
2.6818875342690074,4.006888108802727,10.74602327020875
4.436636824649222,2.8899637769196147,12.821719714583912
3.2876613926478164,2.9546525139381923,9.71389699876441
4.613932137547216,1.7358971229916502,8.009311523246929
1.556844699348646,2.6134740143767328,4.068773166167843
2.4150675632862972,3.4177209095245296,8.254026908958034
2.709960088384996,2.1643648360929615,5.865342322515859
3.538265480964233,1.88515821310633,6.670190231590342
1.233483818824987,1.5228647733123268,1.878429056139337
3.4538492340762077,4.298612915021296,14.8467609241364
2.0752073328971954,1.9581257256107887,4.063516864522151
4.271699881540916,2.883178884303515,12.316074898540593
2.782480553788602,1.8808893152976083,5.233537943644354
3.5860459867868633,4.725456388167772,16.945703916525385
4.665600920469184,2.9630408525157503,13.82436612888528
4.474158549028268,4.50140489449484,20.13999919134178
3.6100795733424316,4.849694332870678,17.507782448050985
4.433237986751689,2.7157645002534414,12.039630345595274
4.011126067233031,2.3426876502577914,9.396815501333924
3.154146226726887,3.0741868246354884,9.696434773177536
3.238671710857846,4.148437290276728,13.435426496287018
2.994332964693878,1.3014990285574406,3.8971214447266034
4.1930770157407755,3.025651969303122,12.686791730115736
4.0853672374878816,4.281016227179645,17.4895234376737
2.727243006455849,2.3376532577595466,6.375348498743455
4.926317188740166,3.406404029536454,16.781026722499195
4.543178083020243,3.219311524665493,14.625905561274752
1.7868679193768875,1.289367216666287,2.3039289157572567
2.200017250878134,3.4802563421865256,7.656623990288391
4.404255702835496,4.558285280151887,20.075853940260043
1.503010261028309,3.7978250022630924,5.708169947991289
2.35259739479203,1.8390530530678708,4.326551421531802
3.512198577819634,3.6740653887935086,12.904047233336902
4.491534003533401,1.9358583184855989,8.694973463501059
2.650638504826339,1.3144081910567498,3.484020962274156
4.136363240306611,3.0821421947814587,12.748859675891966
2.590980232409294,3.852491239297333,9.981728646549374
2.883196105419631,3.051926495350079,8.799302585420332
2.6289393275168638,1.7246358700819644,4.533963064504741
4.158117668383111,1.8649141764098385,7.754532586947888
4.74561909888139,1.0860120657729495,5.153799600947742
3.9756366090623243,2.7023001356078233,10.743363347796546
4.721180372541513,1.5071953933951905,7.115741308882357
3.943645999392487,4.970202831482472,19.60072051254506
1.5602554558664763,1.6000923297890357,2.496552787443444
4.186267964928485,3.8071391149839893,15.937704515083658
3.271580354265935,4.153941437942022,13.589953201142308
4.529082732388606,1.067660097396042,4.835520911176751
3.12168853290663,3.681219196948234,11.491619754229056
4.416217064050427,1.9130539695976778,8.44846158498667
1.8854787146161462,1.6597200691754348,3.12936686265152
2.6217717755214713,4.412025735556844,11.567324546357291
3.487519271791083,4.136228712234662,14.425177346453998
4.873080049374413,1.0339247866557173,5.038398250405672
3.9355584838151185,3.7107155536408722,14.603738078156049
1.6242469714278074,1.7933826552490193,2.9128963463993793
1.8981171768060774,3.525646188226638,6.692089589213854
4.82048905582536,4.358669213434235,21.010917241322655
4.927473427400985,3.0163775280404796,14.863120116428933
1.2675753513186638,4.860738099137733,6.1613518036825266
2.7692462260721684,3.2490270009094604,8.997355760675099
2.7436260187211086,3.9115921937794544,10.731946117479692
3.6409895073739946,2.003434315004166,7.294483319643174
3.7650091297803794,3.136129966174086,11.807557954823267
2.89990496203266,3.1402563068519975,9.106444846294464
1.5755527890510872,2.1778858714693925,3.431374159028559
3.305407577702558,3.988054222678641,13.182144647930665
1.8198296168630845,1.0657873414934946,1.9395513693276318
2.000526963731748,4.280475016433913,8.56320568795614
2.466671654584043,1.742866432266585,4.299079226198005
3.7262035341505113,3.000038716206931,11.178754866918629
1.891486920591709,2.085857675730564,3.945372511860184
3.1947988149115485,4.8008449701023945,15.3377338210572
3.985741002377466,2.7056843521649236,10.784157061914849
2.6940954404992756,4.527091804878404,12.196417390244546
2.132508101537978,4.12458354572151,8.79570782672136
4.001610351307688,3.733183706576305,14.938746563568944
4.28181734437185,4.507830155611657,19.30170534578045
2.2981819328572226,4.704103708964372,10.81088615422857
4.777882254386732,1.6194834421670565,7.737701199603121
4.083159840372529,3.652009886264929,14.911740104240407
3.932769921020367,3.5533822644314363,13.974634887443193
1.821519257599944,2.9526154757004006,5.378245949275899
3.8505898968969734,2.9623829592571598,11.406921893655378
3.2179216582479815,1.389940798082927,4.472720597833535
3.616613730233384,3.6105395683826584,13.057926976563639
2.000294734993016,2.664205222588544,5.329195679684761
4.506029050703701,3.2870433192060635,14.81151268726404
1.357163139226667,2.7533341929464847,3.736723676639373
2.39057391796129,3.1471274424594267,7.5234407804437256
1.8360458576805168,2.3013039501001993,4.225299584845281
4.421172503549737,1.505709419861223,6.657001085426266
3.6300468334734353,1.3151105975554636,4.773913060323568
4.8513620016752,2.127942244565129,10.323418147042704
2.709818710546597,3.923416016448305,10.631746130629812
3.1076381735121044,3.270209536889407,10.162627992220862
4.017260779665822,4.9283408273622635,19.798430314588227
4.441029584237688,1.7533045211370846,7.786477248547485
2.362570075070579,3.819735360935037,9.024392458434036
2.3968996586618183,4.167457239337958,9.988976834456876
1.1888666866933217,2.925112899639747,3.477569281198601
4.589095047871526,1.1479229166566123,5.267927372167097
2.8897841233590946,4.699849717248238,13.581551095077689
3.4805735627429564,1.9836916216296396,6.904384614878827
1.9081226652508576,2.4360921417689436,4.648362630348827
2.651990431267012,2.556706756152868,6.780361852873128
1.6902066829616471,4.291775165184216,7.253987065963189
3.4984922074507456,3.031623393631804,10.606110818546252
3.6832004613211407,1.1173651443756327,4.115479815228493
3.5833056091310085,2.928349263444571,10.493170341195588
1.2676662250127806,3.093503987750551,3.9215305222137236
2.5611620184369936,4.551250892752254,11.656490922894532
3.4754245529887404,2.2538077745842147,7.832938877506892
1.0304622855581265,1.3596336716714155,1.401051220832314
2.6125137767665487,1.0581679995159634,2.764478476868953
4.192026474598243,4.182644466380235,17.533756336897785
4.691708964803069,2.439478305170843,11.445322233812641
3.020929208419441,4.226815500321733,12.768910403521955
1.5737202516642368,3.4260829436181726,5.39169611225334
2.814816563924072,1.4556174780358129,4.0972961879125895
3.709564651274072,2.646629796211282,9.817844337034073
2.6044728464355504,3.9441973297724373,10.272554846375916
1.1135002339516533,1.6909018426096214,1.8828195973350952
4.9166214182504175,2.1336324570881278,10.490263037193754
1.9537535750238342,4.307490462813915,8.415774891103757
3.475161232123408,4.893922872319309,17.0071710388861
3.0084306196182444,3.2848879523673404,9.882357497916985
4.526336260447654,2.332917104357109,10.559567282070127
2.794558829928351,2.6499900931045435,7.405553213907955
1.5232743883268216,2.009483047805634,3.0609940604992443
4.860823456356701,2.028261178192606,9.859019510576298
3.288268570629888,4.028513957194729,13.246835831787266
4.38959224505124,1.5818996991535719,6.943894651853409
2.926313150419002,3.492552259990099,10.220301606934633
1.0487473264545377,2.4724238481858642,2.592947900647365
3.3712300777474895,3.027978145577763,10.20801099913382
1.685112036557547,4.1893501070930155,7.059524290816088
4.095191497026509,1.7753058536362656,7.270217436432622
4.1128673975633,3.3771536409347465,13.889785106362714
2.1346133042193824,1.425438108106372,3.042759149905168
4.3675883930708785,2.827308841601001,12.348521280203203
3.6388853292553938,1.0917227945947752,3.972654060864627
1.2144096856120608,4.326811009630763,5.254521197908498
1.4799057962629325,2.351579544944457,3.4801161989366514
3.2995621663069055,1.724470728833774,5.689998373763616
1.1346762525034961,4.627401201931773,5.250602254638118
3.1060512384151395,3.2686572495701594,10.152616897982018
1.654343883389374,4.190540065891673,6.932594326105994
1.254353049067909,3.7361637646638743,4.686468410023168
1.9163732600882093,4.073435628987275,7.806223116081809
4.179475956179339,1.6043915467345977,6.705515893874632
2.944435837476761,4.594755331429164,13.528962262297444
1.3302913972909938,2.633906713400906,3.5038634421042203
3.408366831006684,3.00383402139349,10.238168244366992
3.2497818412189927,2.2355132046947035,7.2649302184221245
2.250414867132642,4.526165576616031,10.185750304720703
4.400634943965122,2.644851858921848,11.639027511982595
1.2833339154344974,2.688718783296177,3.4505240036697606
1.182741383537436,4.734430265737153,5.599606602759471
4.314491304396835,3.0724996763045045,13.256273136177875
4.899977412771104,2.957947013041069,14.493873552074993
3.549441262359649,1.9631606101218493,6.968123274205635
1.9180450191858052,1.3964675725399243,2.6784876719646937
4.256268507566966,1.1145078221580227,4.7436445448882365
2.834953513933191,4.854804542584606,13.763145197459048
3.413585916973219,1.9083101589338125,6.514180683753388
4.061709033466313,2.9343010603212676,11.918277123616672
4.319098673990453,1.6687576407824443,7.207528913514892
3.087658770546177,2.7261151803866404,8.417313446239882
1.9477560313780593,1.713229513084305,3.3369531172448506
3.916986801086023,2.323612448182935,9.101559290371737
3.0949515786789275,2.6329306510796378,8.148792875111061
3.6376234192609798,4.322757797681266,15.724565000638389
3.326588022682047,3.454208866768371,11.490729844033789
2.1199921311389054,2.200513545784533,4.665071401527782
4.745564895201305,2.5341144422439417,12.025804537535484
2.6975954476305786,4.624036713917218,12.473780389139748
2.6337759425572593,4.642114308558439,12.226288988482041
4.58863411596752,3.897244550014354,17.88302930046435
1.545486299110101,4.182155835396245,6.463464544348256
2.676590975869592,4.350514815582134,11.6445486957741
1.877366773163863,2.638352351840995,4.953155041245018
3.4379908191879824,4.591157048698151,15.784355782874437
4.295272441488798,2.9876604445260972,12.832815571899118
4.437997199653195,1.7263385950979764,7.66148585069805
2.4313190947087544,1.1372460400021391,2.7650080124391168
3.5874711638230177,1.7686995101290468,6.345158490055852
2.876676160387107,3.5737027187317265,10.280385415286148
3.9336797692339505,3.0788017663514613,12.111020221778496
3.271290878695186,3.6048549490735344,11.792529113923452
2.0062129253811274,3.7721956272570636,7.56782762446929
3.265306798363851,4.9467271852083385,16.152581907512065
3.8294623466482838,3.5507864682141426,13.597603081014302
2.4746813950679494,4.3909750763118085,10.866264327555902
2.403603876790049,4.798596831694216,11.533925947812662
4.259734748565756,4.538257768085534,19.331774312662418
2.0744333446924643,2.51141330256999,5.209759497155412
3.8876608358747897,2.605890054932527,10.13081670915679
2.8904188756675127,2.253259404518267,6.512863514594938
4.8495705639664015,1.2949735080112417,6.280065405567627
2.795585049149107,3.385084640435631,9.463292010906132
4.363576930752541,1.1289062259490201,4.926069164534059
3.5381571623145383,2.7519267580256876,9.736749369073614
2.206893620974355,1.616896005147852,3.568317479539713
4.8229727186456905,3.067591918329771,14.794912134042486
3.829650837175104,3.2761916475804314,12.546670085902482
1.8547293927720654,4.019689905989157,7.45543701846727
2.2971441458959987,1.3563590781678792,3.115752316146237
4.37840885532803,1.0534177222183754,4.612293483320418
4.733792474633631,4.288684343793838,20.301741672730344
1.0030749273343127,3.5542259351414613,3.565154921621751
4.864863844467453,1.8102636914111283,8.806686381298185
3.394527236513519,4.061055295270741,13.785362808783981
3.3179243482196,2.986439468260283,9.908780226224787
1.894819589989071,3.5233265308095194,6.676068132506109
2.2236954178838264,4.570331680174556,10.16302561541345
3.106879826819546,2.0253982923302623,6.292669095715649
3.0494878568254316,1.3411912733969156,4.089946501904132
2.294106510681937,1.7238096285728894,3.954602892085277
1.868067950132902,3.2889444554576004,6.143971727007654
4.657346279652531,1.6391871302194962,7.6342620825820795
2.683383442037863,2.449012800113381,6.571640397163029
1.4522137536613648,3.1194474677804584,4.530104516534899
2.910290584952784,2.235765789555616,6.506728127503235
2.8838263029239135,4.1800134578136845,12.054432756219041
2.077270334915327,3.608021117319964,7.494835234756813
2.952430076280377,2.9236270742226833,8.631804505762652
3.3520407340434257,3.372351579152137,11.304259862833636
4.717047251431637,3.994248284381331,18.84105789137649
1.0562049782017544,3.8741041057299768,4.091848042543857
4.698474948703497,1.151604212544442,5.410783543461478
1.1838811371688505,4.507483640514859,5.336324858102721
2.4547712718077905,2.3075633631126804,5.664540251645176
2.21945211356565,4.691130450237929,10.411739392792752
4.264521239151097,2.6199971028976803,11.1730332918215
1.5623482605574903,4.3975062284448825,6.870436206801592
1.0592912115535427,3.3726776915890584,3.5726478381029794
2.7447998663129978,1.6107830169610868,4.421277009614038
1.2300993700524838,4.069357199765084,5.005713727949569
4.8991682478181495,3.575356821822082,17.516274616090758
2.405525693449858,3.1846911384791694,7.660856359313722
1.9437157155720697,4.327931340861771,8.412268163149925
1.889873107597806,4.615191908426834,8.722127074138868
4.48051839806682,4.3566486274297285,19.52004432911146
1.3909146516873712,1.4476856104560545,2.013607126620302
3.5273312514379955,4.739862275277366,16.719064331097854
1.4697154617644936,4.542185747494726,6.675720623299313
4.3981277253196085,2.53467396137109,11.147819824151874
2.523713677564275,1.355288429312138,3.4203599460996457
4.687478931574833,1.1364519668641675,5.327094651422565
1.954973900285652,2.325835336402578,4.546947379029139
1.4442266240427188,3.6004916056463347,5.199925836516754
2.8038126758544295,4.557115879633523,12.77729926865398
2.7545341114998645,3.2220839600089253,8.87534017796115
2.61477760899741,3.397333700623023,8.883272090681391
1.01916522556916,4.76884833727992,4.860244391369003
3.067882395708955,1.9960862794261507,6.123757956967673
4.637788261838368,2.7199140119629304,12.614385277891381
4.349811413787476,3.4576203190731283,15.039996328447788
2.322675989645883,3.121041001497369,7.249166996878278
1.111021120526238,2.0209066170375296,2.245269934139925
4.05711861011129,3.3687029436197418,13.667227404496339
4.990789396852861,1.4112518957549853,7.04326099762248
3.539381131574188,1.3671733828553134,4.83894767486855
3.1157045476640155,2.3832492039130133,7.42550038284842
1.5871545788835948,2.6787179653385293,4.251539484224794
3.2518374656501776,4.223855108622416,13.735290291696273
2.4144986004158513,3.257065060910271,7.8641790310312185
2.4210542233424803,1.4482223932199005,3.5062249414441946
2.6570321099677687,2.388126420191817,6.345328581112038
2.1710718071315456,2.708027371973789,5.879321880232824
3.8277327013838796,2.633997966158836,10.082240150444806
1.065269227514662,1.6225331208040918,1.7284346042159286
2.172609713981159,2.1792381440750077,4.734633960895635
3.4540738162019955,4.439271549254029,15.333571621288808
4.086423163948856,4.419959377207968,18.0618243827356
3.2381287726446075,1.4331453116481896,4.640709069028726
1.8097979267615463,4.57269347022387,8.27565116212722
1.997850909472132,4.913462928819152,9.816366380998948
4.914381801070281,1.8123933082429216,8.906792690410574
4.680856535251291,1.2938925340952272,6.0565253241324974
4.091435116176022,3.393633376449159,13.88483076783109
1.2809526646453415,4.903614521008689,6.28129808707967
3.7400732647920387,1.030665323474203,3.854763821274105
3.8630862135666035,3.9265045865722,15.168425735893102
1.8979632585037072,3.744583818160688,7.107082505256513
1.5394931468157753,4.037559285559684,6.215794849981532
1.2346167720257535,3.3201389445811107,4.099099226435723
1.4819770437165065,2.756240679949749,4.084685414643102
4.824498050880944,4.657437869600116,22.46979992398486
3.0193138631085605,2.02676982740889,6.119454237225806
4.25811282647274,4.016248388373569,17.101638776833962
3.3987282037207245,3.3473933403768954,11.376880154885882
4.872308805454659,2.9845514802424646,14.541656457518096
2.8155765170655136,1.2286694347458416,3.45941280770655
2.3896799131317312,4.933145627623974,11.788639014886638
1.7088485590962512,2.761126695022228,4.7183473742709285
3.7252603087344918,4.716497787740357,17.570182004903188
2.319926400121425,1.0729552096828519,2.4891771170910673
3.163641128997709,2.073292159835435,6.559152349283875
3.007492597179792,2.4260116261093447,7.296212006195963
4.355392639939008,1.2524400227895018,5.4548680572224395
4.218453024053568,2.803988597404454,11.82849417813254
1.3426791929523048,3.0137187335953994,4.046457437009113
3.452883945860513,4.835848039540514,16.697622060350476
3.6512598798441034,1.6652655185649237,6.0803171772238915
1.1793139235196919,4.720687432744789,5.567172418020359
2.803265326597156,4.622790042193641,12.958907037420037
3.689615652001752,3.3483439786714135,12.354102351991868
2.9979534357513566,1.5430226448842288,4.625910039672819
1.6897144092911631,2.2078354078827465,3.730611302042709
2.157644574430316,1.9232043210453207,4.149591368824376
1.6112087365317818,4.168564189881321,6.716427041530314
1.71351489081089,4.606697154995391,7.893644172540765
3.0556095456700194,4.61276489484124,14.094808444608455
2.2892932228787575,3.625310628461813,8.299399052567958
4.293953772975836,4.384598788219114,18.827264509658747
1.771716212270448,3.744084758014729,6.633455665889373
1.2791959466649434,2.9517048372112824,3.775808863511979
4.384947552017302,3.06417389326422,13.436241812224267
2.3770643725654486,3.6099356235555295,8.581049358008686
4.131225919676786,1.5749667085534935,6.5065432890042265
3.873937000707345,2.511626884924239,9.729884321479338
1.279974827206496,1.4968620688196683,1.915945767889413
2.740560239495188,4.292582866571955,11.764081928865378
3.7633917949490705,2.637486322572737,9.925894385660635
2.519667676586109,2.7405426745359716,6.905256793333133
4.249625750644382,2.0454772230263636,8.692512679329397
1.767523453495568,1.324127232078384,2.3404259381107124
3.635397821756154,4.040425198494644,14.688552965576104
2.003583410830855,2.3279080128468794,4.664157876480228
3.2015841037449073,1.496695402146397,4.791796207659996
1.1559349571492539,4.624369879919069,5.3454707989865495
1.666614870285866,3.5019211325269075,5.8363538340376655
3.7416208001839926,2.5950076126642108,9.709534460180217
3.848996144459805,2.2362701384337536,8.607395140802112
4.032734291985792,2.0922910453076273,8.437653847226866
1.4120869520198318,2.871791119907737,4.055218769348135
4.424862212464889,1.0098755844685465,4.468560313005766
1.5049383323971268,3.5650636600675942,5.365200959471722
4.322429587620244,2.6212056847888636,11.329977007169767
2.1460377297898745,3.998991932263266,8.581987567762283
1.8016701912739035,3.3122337846157417,5.967552876272529
1.2880204795596617,4.3123561131857375,5.554402988937532
4.426868492011577,4.841904326571738,21.43447370463496
4.869126846714796,2.9142293668231467,14.189752447483244
3.440796436672087,4.938174348264727,16.99125270117478
3.93016430777513,4.573126348882103,17.97313795132244
4.819140752372466,4.675209686071213,22.530493524032263
4.100964984733823,3.3506433479515776,13.740871046280725
3.27712054836784,2.5110807821680035,8.229114429854352
3.42212788327653,4.384208872424785,15.00332342843321
3.6325594846889593,2.454885543866207,8.917517766197005
3.0648315190984112,4.203572627703288,12.883241882204368
2.2417277227788,2.402340156992982,5.385392529475942
2.060981360031981,3.7667377450300084,7.7631762806357445
2.6144402145820003,3.859409375669434,10.09019507628498
2.3220570704039902,1.1009643673089395,2.5565020933725786
2.862825889110573,2.80498842860858,8.030193492076227
4.0034563122656515,1.736835467378274,6.953344915242414
1.394543972205354,4.531293768151906,6.319088410667926
3.9211999944652867,4.795289648617903,18.803289743619967
1.7815451310311685,2.931329779327237,5.222296295807109
4.001538194312728,1.9207528294403469,7.685965808839788
2.7774308129468173,1.3242357822643753,3.6779732652678083
2.2438781053102907,3.8708601532954336,8.68573834669766
4.953990175163036,3.705030850756046,18.354686433321397
3.467199683489985,4.258030698298342,14.763442689430649
1.626308809933139,1.4121953215012923,2.2966656927039133
1.618001743312262,2.8844236095533624,4.667002428708388
1.4108263933015381,1.295612152339877,1.8278838200033116
3.275538560360395,4.588836525415388,15.030910986188317
4.402656947800713,2.7279905023128563,12.010406338542055
2.3711029937580554,4.72249387637685,11.197519368281235
1.0836226635269477,1.8883673767296156,2.046277686489141
4.71194328126866,4.278649302651742,20.16075283453471
2.958284535010594,4.4018972534034795,13.022064569449123
4.6566292361136785,1.985668834105622,9.246523546136
1.2932261333106303,3.3748985715821322,4.364507030042731
1.2597377967865189,4.304212929501055,5.422179712709708
4.66649810049163,2.7851091165778463,12.99670640217244
2.770002951670823,4.53535949977787,12.562959201273008
2.742665704896957,1.490052496762189,4.08671588136574
1.5534582620293889,4.416492879220436,6.86083735241895
2.518083417942516,2.308179735799022,5.812189118346455
4.6091304022480895,2.9285969936750176,13.49828543947988
3.2241350764134484,1.4981729292645007,4.830311891774761
4.403376404411853,4.703882967213692,20.712967266943586
2.6644012237701493,3.0898506875666323,8.232601953219572
3.47287913641654,3.1361323546968483,10.89140862366756
4.620510574975512,2.3320600930143036,10.775308321250966
2.5549369387803353,2.252776730507809,5.755702483599194
1.1663835688588673,4.911532962325192,5.728731345164822
2.6637762023678095,1.5181051056654487,4.0438922531646915
2.573018048177552,3.469115649693823,8.9260971778774
4.953087805095432,4.8976721328633035,24.258600114640963
2.0469917300764573,4.4644648817094925,9.1387226920761
4.293841764916426,4.068366739521023,17.468923021152236
3.5650397776738627,3.6495405611320884,13.010757270670084
1.9391760980992045,1.7720768863687377,3.4363691420403164
4.032760062907182,1.8823872539091764,7.591216140490448
4.48285634232927,3.907948109506044,17.51876996819285
1.9691249878865555,1.6886930029494631,3.3252475889769726
1.42960452300562,4.267592699526579,6.100969825588962
2.479335350068369,4.12941480473864,10.23820410048418
2.016696466629145,1.2202185548778748,2.460810448137532
1.6076666262420622,1.8003785014764708,2.8944084314274177
2.0760516416043897,1.168056119052475,2.4249448234449433
4.814573345982307,3.6505853114315308,17.576010737652766
3.4885730834074806,2.847262903988473,9.932884728238806
4.413441144919687,1.441859811306625,6.3635634164267945
4.833296838493049,4.460476377157761,21.558806371889535
4.911866966388567,2.8900294505125905,14.195440189862897
1.3301851743678252,3.2968334565742623,4.385398986294915
2.958868137257826,2.133057496126367,6.311435860227266
4.033462588045822,1.91298138115899,7.715938832533011
1.062065693569667,2.192459240502054,2.3285357438870395
4.489738980781878,1.4634899624496884,6.570687932393373
3.7231850678270577,3.170183228314434,11.803178857936077
3.593622035716086,1.8577390143608796,6.676011858616739
4.975776435833805,1.543978982753925,7.682494239809629
2.8073867343821224,4.038372233306643,11.337272636282176
3.384084217691128,1.3933313897885173,4.715150766196967
1.0046549520548487,1.5940473348469553,1.6014675487638272
2.1514200960956744,3.0615006646301275,6.58657405409552
2.620794559312885,2.9927914995284,7.843491679121881
3.9328294567535607,1.6028145473373523,6.303596265481463
1.0317896637687465,1.1199668351390177,1.1555702042602343
1.1921292033867963,3.007563691167039,3.5854045072860146
1.9271095123989945,2.765241522718208,5.328923242510939
3.4014334527689045,4.94776925095255,16.82950784677135
1.8871411020417006,4.023503498540335,7.592918826304046
4.637863448660302,1.379561297388487,6.398216916344449
3.4279550617355086,4.714017788035385,16.15944113760712
4.007383073305872,2.0771555147082545,8.323957850265806
4.050502631080164,4.381308177387717,17.746500300081983
1.735229525147231,1.2599077055727252,2.186229049670297
1.2875559260457985,2.70701984835092,3.485439447667826
3.6553739505317053,2.6192044748973418,9.574171808655818
1.9809513700154868,3.0437190543960315,6.0294594307480605
1.4278895658203021,3.611106147876733,5.156260789622732
3.9941176665970635,1.3149622182725045,5.252113826909874
4.961225590585489,4.20903959139434,20.88199493261309
2.8537451256251107,1.1872382314873091,3.388075316062685
4.805154795396209,1.3970499940192305,6.7130414781697505
2.457071534670767,4.239625523772075,10.417063192124008
1.546030803326972,4.484780801819971,6.933609265783112
2.6606943180427933,2.3132370781675005,6.154816750166181
3.9360236498529604,4.07439701058126,16.03692299253804
4.82126782426646,2.5138104502057543,12.119753439881787
1.87117941973702,2.941783274555071,5.504604320674028
2.8843398119467456,1.6385103209887402,4.726020551113464
1.2424747237432343,1.4047591495025875,1.7453777362040082
1.5195184265904573,1.601078002982641,2.432867527940774
3.5455763633320867,1.8375700087147595,6.515244788866988
4.78408085695369,4.490121934482802,21.48110639214704
2.0166708887403595,1.0937384868659836,2.2057105663575594
1.4833485137451263,1.7410716803901218,2.5826160894304167
4.695613054741453,2.2934043849623875,10.76893956983068
3.3377863709582094,2.64647669035101,8.83337382811219
1.1213208848499163,2.5882936727892134,2.9023077514234408
2.4688141723093606,4.298801403573055,10.61294182908453
2.83492447772143,2.3610185479540986,6.693309273949382
1.891086087127602,2.516476866036561,4.758874389940211
4.809732665936149,1.1617753774902768,5.587828983595285
3.6773138105711185,4.370381599694413,16.071264614022162
4.924151860881748,3.29275003016448,16.21400118845286
4.868389738812516,4.188339485137155,20.390468972105023
1.4265508651432426,2.069982312715143,2.9529350590349974
4.788955409785972,1.7371511433922127,8.319139365764023
4.932564596868163,1.1078326387178117,5.4644560529945165
4.510741177781306,3.5512351144303613,16.018702462643937
4.745592503736532,3.008875078451091,14.278895016977167
2.5941925733037436,2.2848559554446237,5.927356350683272
1.0869199859983203,1.2565025675329173,1.365717753109732
3.8172215204869437,4.025029011060329,15.364427361603767
4.801566402294398,2.5286705634349893,12.14157961986029
3.1239732244412437,2.5976048025235023,8.114847850763406
1.117319308023176,1.5967690976620994,1.784100943272608
2.287108834272091,4.532953390744028,10.367357745314296
4.899352013815508,1.8856868969998377,9.238643896241673
4.701937635207317,1.3269911988563572,6.239429859491582
4.26842564151711,4.588987457833403,19.587751733616514
1.9610378978393936,2.5400665506013356,4.981166768763403
2.7463888703173978,2.7135126411271977,7.452360917057303
3.4673012923503754,3.9884970310997896,13.829320910467937
4.45660545002988,1.9035647170072454,8.483436892299075
2.7902970879870854,3.7890268215179144,10.572510506386399
4.61005544930764,1.0755692626691609,4.958433940475765
1.4911266732979347,1.2265065618947735,1.828876649416241
3.8715724020149302,2.234221494679738,8.64995027879062
3.3410371249276336,4.499260367235757,15.032195921650203
2.5334380422732288,2.648725111072452,6.710380959915333
2.687686595233411,3.6427609098312788,9.790599666993792
1.8134526256723245,2.513527134357479,4.558162381499204
3.184514092224613,2.2555596187861413,7.182861391877243
4.553388746218419,4.623174941384986,21.051112749901392
2.051315174536073,4.665849567185295,9.571128019269764
2.5066031129043047,1.670573054078825,4.187463617688034
2.1860135069222046,3.238777013848982,7.08001029818304
3.1188624760064747,4.590010372042192,14.31561111384291
1.7746914829398173,1.8162324236878984,3.223252213358055
3.8374553752081337,2.5467709712801745,9.773119953163144
2.1028812573371085,3.8367796921142454,8.068292103078688
1.9927587541010983,3.0847186814778524,6.147100156454187
1.4077127465261174,3.8739133212967256,5.4533571613267275
2.9884478193094948,1.32734413143828,3.966698675069983
2.29436127224064,4.095628684361934,9.396851838877906
4.983361804778607,3.2630338569915254,16.260878290630988
4.876947722577864,3.7928482086102773,18.497522433065424
1.1329579937800394,4.536448253746869,5.139605312452016
2.1417843179621556,1.4642940207389032,3.1362019705043345
4.619284000350685,1.727149682320086,7.978194893751942
2.9410155569717147,4.824864579104833,14.190001787429098
3.98742232569729,2.12531402347051,8.474524586303845
2.363335331792357,1.8588629419283174,4.393116467618676
2.5366525272989167,3.0454905949605213,7.725351414571688
4.270704993609392,1.4562985622649096,6.219421542050928
1.9472501369998265,4.872699459886503,9.488364690822973
3.37957054574303,2.887555918591664,9.758698931658346
3.7760022378599345,4.272933066794757,16.134604822442718
1.6318934027959817,4.629481706642689,7.554820655434887
4.1498354568052545,2.4535015580731905,10.181627759019062
3.5250880766018136,1.3145862849312624,4.634032438675467
3.4797903978656213,1.5055065772182377,5.238847331327561
3.838751826674045,3.3130995587502325,12.718166983105428
1.0700429536027722,3.7893195727901885,4.054734707813209
2.2636989622919916,2.119899643155816,4.798814622374984
1.6371755786796571,2.2766858726916066,3.7273345110956813
3.6121347587621147,1.1733761374517044,4.238392731191334
1.870635383272381,4.384879566120183,8.20251086777246
3.0219020807128483,3.6032297743691095,10.888607552452498
2.32853255319733,4.008964805115781,9.335005053334486
4.29936145204897,2.789631539491616,11.993634306310277
1.1606108269100424,4.890610028086452,5.676094948791962
2.043570149888456,3.124422136413479,6.384975813625304
2.856177921616303,2.418529879697941,6.907751645162593
3.8216230962936257,3.3771580382393775,12.906225158769278
3.149326771940686,2.961186672771175,9.325744465272225
4.252215474036821,2.236572044773112,9.5103862575824
3.0779109995230627,2.257626268504078,6.94877272464091
3.492560633538811,4.984300812687227,17.40797280410691
2.052218442248446,3.930664995609174,8.066583194289555
3.666587430837374,4.640364797058647,17.014303239395456
3.364260361841225,1.0295134216441943,3.4635511964210948
3.3611350146611905,4.205843750734406,14.136408696787363
2.918493592469939,3.806705552218125,11.109845762568339
3.371780843318358,1.667070404561847,5.62099605456462
4.005447961586825,4.185687832499765,16.765554796524956
1.712329396997871,4.036306864907775,6.911486900085898
4.802550842461457,3.9901112353247368,19.16271207472374
3.321864510667462,3.1816818900951382,10.569116154940412
1.5330355940015732,1.7868081571623313,2.739240504582211
4.640464691111303,3.0404526854345777,14.109113331753699
1.8081022224470509,3.1332900270715083,5.665308661519174
2.3966006388736725,3.1108843474533936,7.455547414568911
1.8079486117786745,4.157444474754982,7.51644596668019
4.335959440952317,4.40274896495686,19.09014094074774
2.937112468166161,2.552813777137287,7.497901173736277
1.1440648860014724,4.898002545237949,5.603632723552575
2.2482682133983984,1.1784100151497539,2.6493817794115166
3.5719242467691803,3.1998004529152175,11.42944482259087
2.428365269502253,2.9605913850456065,7.189397296632322
2.104618232907977,3.110537286823388,6.546493487988611
3.168902007658034,1.6976975686843363,5.3798372337999565
2.8409791914030587,3.596556937080345,10.21774341894158
1.6687882450964553,2.651254407246165,4.424382189572571
3.742271714146816,3.8672163599571197,14.47217439635334
2.3075989231314575,4.465485562006128,10.304549674144413
4.264756076398651,2.3789444450251906,10.145617777335998
3.8482463588941864,1.2936002180482968,4.978092328969084
4.344225018316596,2.724460236250844,11.83566831972966
2.7888730937203365,3.005544573250021,8.382082392314153
4.1557564178311495,2.3299034347028686,9.682511151693285
2.310868608550499,3.754709356176588,8.676639985419332
1.5447433405566526,2.8821750135034567,4.452220658428245
2.605135828611804,1.699971510420076,4.428656689414665
4.024656312615392,2.1984953798136786,8.848188308622895
3.0462568552685507,3.3336723314037715,10.155222192757831
2.2281238877419396,1.5128722588992973,3.3708668191556326
4.739711193375163,3.0427177758822324,14.421603500630596
2.7800818170328667,1.250636916466144,3.476872951177579
1.5098431789413178,3.77177061209928,5.694782131209418
4.568961133723896,3.8119429320821263,17.416619100656742
1.3106100534162142,1.2051250017149262,1.5794489428708147
3.626455767507213,3.0398065612679,11.023724036216244
2.68494571381339,4.195991325661984,11.266008925034308
1.7580076383311583,3.956639157661047,6.95580186128828
1.3469190232969428,3.683479742406671,4.961348936976468
1.593063248221863,2.5840589777599883,4.116569388707194
3.3301802586687637,2.2541723607951134,7.506800295556649
3.0076682039335494,4.8042398307638425,14.449559383059505
2.792468158386448,2.3918337157549887,6.679119491400948
1.4445616975447457,1.3842249738362997,1.9995983779887965
3.152386122080483,4.167438995544702,13.137376854172148
1.1276963001030813,4.636203030908417,5.228229004482114
3.1069928283738073,2.46095403147155,7.646166526739714
1.26613264244746,1.0635090190827055,1.3465434845978919
1.1981798563202144,3.986487768993501,4.776529342274926
4.442935563158702,3.628459891449556,16.121013491216196
4.658176224541171,1.706104711844986,7.947336405293978
1.8763991291057582,2.3130053292337505,4.340121185391187
4.5479946489947025,2.9318562661442815,13.334066610045781
3.2157121529148482,2.5320329489110684,8.142289125394145
2.6755345727369284,2.7751267253434415,7.424947497382596
1.7697153732966417,4.6637105788236,8.253440307950305
2.687946615251681,3.9295657127156387,10.56246285690306
2.181378513351766,2.647691438929321,5.77561721486584
3.8689864358066153,3.265006470668811,12.63226574783846
1.4205023839677753,4.856004122583265,6.897965432686872
2.3499280032346372,4.933344570928905,11.5930045568314
2.6252868942973433,3.2503175091471115,8.533015959069097
2.363666866967567,3.023094210393952,7.145587620829663
3.2010990773518064,4.517328076036913,14.460414736297173
1.3837901739802239,1.9062899401489983,2.637905287935533
4.825613816157066,3.344214922150686,16.13788973252898
1.6793553343014316,3.388773605252665,5.690955030720956
4.304732897462943,4.649640842972657,20.015461898131726
3.3022720732844864,3.796976154540296,12.53864831806554
2.2742732610308685,2.5318586540925443,5.758138437712276
2.029762375469398,3.4262567152778782,6.954486969370404
3.6186818897091846,2.8653934046885845,10.368947220438722
4.819011838532427,2.87141515824869,13.8373836409419
1.3756847678917965,3.934581814386838,5.412744270076041
2.4092456936548383,3.1310579181861877,7.543487805973956
3.7700826793558666,4.347413907099034,16.39010987114488
2.468873242999872,2.774466021684075,6.849804924548115
2.6868749039323783,3.4399523964204057,9.242721764664031
3.168475115099243,2.192905236343936,6.948165671126586
1.8011193707669566,3.6945665056313213,6.654355299879359
1.6628626522870942,1.8811685974214583,3.128125003307439
1.0656543768537912,3.5508845981331567,3.784015713703314
1.0194680531455105,1.4349722883741785,1.4629084051465817
3.617563177816629,4.582863983794833,16.57879999671821
3.7674153214237864,4.844244580319099,18.250281252618315
1.2986945479610736,3.2973870842899244,4.282298628884586
3.2817346804936336,3.5260956331188757,11.57171032594337
4.3687922654798195,4.123877074524772,18.01636226697337
2.7671024331691947,1.7465370783852205,4.83284699921996
2.279176868885812,3.6704434423872203,8.365589792442565
4.417397054208288,4.094515312398537,18.087099879400025
4.562648541569825,2.06819937601395,9.436466866645672
1.729709836243598,2.108493371404857,3.647081724173407
4.3629800400539445,1.7259003785798734,7.530068902865534
2.066027545370016,1.0309447380861965,2.1299602266403586
2.490329115033629,4.991200845858735,12.429732785422484
1.505048088494108,4.3088996922381435,6.485101245315868
3.717551539314663,1.1761208565341286,4.372289900628529
1.9833132990604243,4.38872491077715,8.704216481462096
2.2627838486516234,1.21569826939941,2.750862408830715
3.4752281172203583,4.342318297135954,15.090546640127293
1.4384931789873163,1.728218723754794,2.4860308459194362
2.003862163813698,3.362120056916116,6.737225172253361
2.288513440240528,1.9975549645406807,4.571431383970539
2.472257216129597,3.7550501352902566,9.283449793899756
2.417098127795084,1.0568230061597594,2.554444909599527
3.7473837866754707,2.1717064966613795,8.138217715006641
3.6684741294608387,3.802414688650655,13.949059914796818
1.2273971597503919,2.0472428473222566,2.5127800561226428
3.945320979675634,3.79965866919139,14.990873063167191
3.615847269851072,1.606292368830216,5.808107876417348
1.6675513650658247,1.750386753016901,2.91885981938647
2.863048625570526,3.4080340237713362,9.757367127656114
2.2278292315227537,2.1101143692463338,4.70097447366318
2.701949620855629,3.9460843634725182,10.662121149748897
1.443695016866227,1.3707259472111266,1.9789102194779424
3.109904757485861,3.780330205229557,11.7564668901109
2.386279495971267,1.7002591312761104,4.057293502802102
1.6458594196331382,1.2137783708565681,1.9977085650212472
4.28512794340052,2.8216907690526662,12.091305962102883
1.8610565832472648,4.659239206787458,8.671107798715562
3.665469801846129,2.3555347012726506,8.634141314715544
3.0872698235872233,3.6186117718785495,11.171630926598139
1.9704152445830503,3.9680650622693148,7.8187358901928485
2.241272443147086,3.92883943828966,8.805599566588091
3.37232748384143,2.950849316093555,9.951230249336984
3.3022077516732082,4.730308215644798,15.620460457505715
3.921908952368628,2.944697190603905,11.548834273844202
3.976859256239484,4.918797317313732,19.56136464092506
1.5886078378145587,1.6138649198299997,2.563798460815902
4.409932793662916,4.29285714097292,18.93121148448651
1.8019045180630795,3.2652475054220673,5.8836642326142226
1.4249974876487954,3.6332053386154533,5.177308479639212
2.2026302381821945,1.7018470127245862,3.7485396909872115
3.89815939930731,2.578527976993634,10.051513069894597
1.5199217546807713,2.638624364954626,4.010502574725272
1.9764737312799747,2.598452956749949,5.135774010983055
4.111012771121995,3.826782443459138,15.731951497365952
1.9602490913821464,1.3236175180506726,2.594620037096323
4.464383860616289,3.527594641426843,15.748536583982503
4.541381086677896,3.112175423309626,14.133574605842112
2.1331169384395228,1.8424276485663036,3.9301136250060824
3.723693353681667,1.6885354972952786,6.287588408733997
4.888249419160889,1.4499750281300128,7.087839589054329
1.2975777161318982,1.94953972169644,2.529679299587283
1.4595416894812283,1.8498275619423437,2.6999004450062696
3.2972063822792474,2.0999623997644767,6.924009427049877
4.651619146842078,1.1492163607930332,5.345716827729047
2.281761054274216,3.59026599953075,8.192129132214157
4.406192918131259,4.993605595769521,22.00278961202029
1.4015388124770403,2.987859818641243,4.187601502066313
3.457684962124331,2.707779795620127,9.362649480059808
4.633022078464171,2.1478919201432594,9.951230688178523
2.4153101570658677,2.6773532655196663,6.466638536263119
1.7706449481926843,2.812642237009095,4.980190768033524
4.91077823364132,1.6692260430969168,8.197198919467567
1.0253996927298967,4.601768290285345,4.718651790872775
4.129073287843847,2.241117587650549,9.253738766084926
1.2931067138675871,1.1567534157539927,1.4958056082007523
4.241745104868382,1.3327949528990377,5.653376467252779
2.9937762680685887,3.0346044247279678,9.084926709726522
4.316179939962583,2.8387788683802953,12.252680405692713
1.1337230551303294,3.7235660837025057,4.221492716394881
4.015467481781778,2.539299410644195,10.196474209949399
2.7730807348703204,3.756365353999674,10.416704396310827
1.8174582006947433,4.622603638506399,8.401388891364812
1.7559792668570786,3.1306116546456124,5.497289158138829
4.16257894170241,1.0287106548226066,4.282089308869479
3.668044435421059,1.52553507655312,5.59573044859031
3.6304200025806836,1.9190573603922063,6.966984227267553
3.1165316567823202,1.539782692581611,4.79878150599611
3.1611719653306305,4.704574464937265,14.871968907370032
1.953145885979469,2.5929820850819576,5.0644722918962914
4.783644908710511,4.4982021860000705,21.51780198540973
1.1706240320654198,3.6575895023665312,4.281662170900461
3.7513759850934427,1.3859402961806686,5.199183143865453
1.0716729438854569,3.2781925048977523,3.513150212347014
3.4880539545191254,4.9465535976389745,17.253845837485432
2.117649231890705,3.5106719468928342,7.4343717517578565
4.9431658421288605,4.650417202143469,22.98778346528406
1.6029393893876356,4.405776981381072,7.062193464313076
3.9131659761614332,4.696496888963466,18.378171833039858
2.7099306937239125,4.463391121917695,12.095480599379572
1.8991172586959841,2.723502930169757,5.1722514187944695
4.5769451836802055,4.783657160493855,21.89453660109968
1.3891816375832162,3.1688578037626853,4.402119073099401
1.9662497951305018,1.8869623630393386,3.710239359745067
4.596244602678059,3.618770033757333,16.63275223599024
3.8087171840276053,1.2519814748888045,4.768443357493216
4.860939129237846,1.2426828069265259,6.040605481420269
1.3618263512047393,2.424879706447165,3.302265082741362
3.823904439249267,3.7805616410964817,14.456506442244331
1.2557595279401381,1.66632856895224,2.092507977140631
2.3981570070584013,3.8117705514774447,9.1412242573245
3.043506555572064,4.146528448705219,12.619986516500395
4.382185011643115,1.497748136754757,6.563409436103098
4.103902969828491,3.7290720105119393,15.30374969864425
4.813785959256549,3.3510010194356377,16.131001656813655
1.8015681159369805,2.247275952188761,4.04862070317519
3.2617289894836285,3.3410175789312477,10.897493891574458
2.1517928475487693,1.8290774224992252,3.9357957153467713
4.5131306551953845,4.649418727389321,20.983434187420258
3.2666814980908256,4.907263398917814,16.03046655150312
1.6076907060171184,4.378569646968105,7.039385727079277
1.6041630562366898,2.142025940642565,3.4361588794794473
4.900775789140905,4.571055465732637,22.40171795728271
1.516701725789504,1.3477472183782515,2.0441305320422973
1.9532977862679695,1.9200276485876713,3.750385755559593
2.0393802792804414,3.2172767374435267,6.5612507313300465
4.618634897899076,3.1014330426052474,14.324386884073908
3.2916305491498012,1.3789951462457752,4.539142550511891
1.9219917810637472,3.7476093190003716,7.202874309756621
4.941269943960439,1.3954458038390638,6.8952744089356806
1.8320717893384124,1.252187412350724,2.2940972331324274
1.688646042979391,4.800272564542851,8.105961271337819
4.653254090176821,4.782512874694282,22.254247595494473
2.57306366382209,4.443528143757476,11.433480805873181
4.001678000567654,2.4586651574052842,9.838786271150935
4.758846862038087,2.322166665426621,11.050835548894925
2.8829794298831732,1.3054978418126444,3.7637234237027304
4.899819023983696,2.2605094328749242,11.07608712309515
4.50362123488514,1.5444071978927698,6.955425051739335
2.3210335830169866,4.170657401912222,9.680235893096642
2.3449089416264273,4.814362029735174,11.289240571752766
4.368325523386574,1.0010568814830134,4.372942325744016
1.4638336048131948,3.536097429300328,5.17625824690337
3.08494843921637,2.585788140323419,7.977023087634932
1.0311810475421765,1.5080045941660138,1.555025757110525
2.3158233775865344,3.1533268520775444,7.302548041212533
4.292794629320983,4.862053162732241,20.871795704450065
3.192952968484424,4.623116660990306,14.761394066358793
2.9575326929898615,4.615762704017609,13.651269100215364
1.711798855301855,4.237109774136741,7.253079661155574
1.1515631327026017,2.00190511693002,2.305320127825302
2.355309323520569,1.206924657418532,2.842680898404737
4.955525064481361,3.8823857964778385,19.239260124432363
2.025888654722713,1.9054351730376533,3.8601994993665913
2.3544676972509895,2.0319285459884506,4.784110124651979
3.833538639213972,2.3504950613879956,9.010713639112497
4.544035262574221,3.8238264081023554,17.37560203637963
1.9594289282818855,2.935303199749446,5.751518002867447
3.1565857957606904,3.7991819944427663,11.992443919167806
4.689203383465464,1.650954788625095,7.741662780769305
3.384500682353819,2.8684835158145434,9.708384416595003
4.12457651832956,3.6645842945284204,15.114858330651218
1.2383306300773604,2.133693684551006,2.642218244782132
3.5479564644234616,4.534940822119093,16.089772605615284
1.7739501437092917,3.5412597426243964,6.282018229340477
1.5266045622628073,1.317594575551262,2.0114458902492833
1.390480780802926,4.382726053357771,6.09409634471824
1.511638955621121,2.907968990609503,4.395799207943555
4.172820176804899,2.699729090933112,11.26548402255284
1.2315857468044769,4.999352603145885,6.157131409284331
1.3821321273159892,2.007533453006802,2.7746764820623047
1.6926665471601416,1.0015927159593057,1.6953624841835864
1.0601883490298185,4.631868216844039,4.910652717739571
2.008690052582674,4.6756848561158755,9.39200165949141
3.376095957153192,3.865913427321432,13.051694692684126
1.4620945208324692,2.958391674083786,4.325448257154299
1.6190659977586965,3.2368741185651837,5.24071282439404
2.1163574512610133,3.2679739676017387,6.916201056860957
3.5812504041182738,2.774844332336199,9.937412386544313
4.848202302988799,1.356534165817727,6.576752066800494
4.243568599315047,1.7997466496915902,7.63734836935369
3.673670958970638,1.9669925807683617,7.226083520479437
2.7166455123222653,3.069559812134652,8.338905888440378
4.6031708413533625,4.546950298945666,20.930389033189645
3.539399138773304,2.9845617592252642,10.563555320217636
1.4649871785998538,2.2741320542331387,3.3315743018944954
3.0308590902582915,3.181808838462505,9.643614241518259
3.0133860099831438,2.5175391216504766,7.586317168766798
3.151796356785468,1.2643360536154251,3.9849297675376127
2.2936939170710477,3.0847309350777046,7.075428581588616
1.0450405702822918,4.180185310730173,4.368463241011119
4.917252737395527,2.7034108662948815,13.293354482593319
1.669750841366759,4.029502931492479,6.728265910149388
4.015709473867303,3.040552941609132,12.209977253414888
4.983229377272327,2.605716988816104,12.984885447525995
2.3397100538131106,2.9001371419918502,6.785480028555153
2.039155530749207,1.094924514058901,2.2327213785960955
3.6049578646975315,4.868153197932772,17.549487157440186
2.3562076278075033,3.1624166996619216,7.4513103500492495
1.4180777418501505,2.7452055295393487,3.892914858243706
2.5760669356725336,2.219155528303821,5.716693181578386
1.3624119378038775,4.631280411178147,6.309711719506358
2.633387266411628,3.3238900340846427,8.75308969071101
1.985090652153465,1.7708202673775313,3.5152387594150367
2.729482461771877,2.176714841410098,5.941304983907416
1.0129504391533444,2.627581620927682,2.6616099568299516
1.7658457491187947,1.063617574972663,1.8781845734535179
1.5020672041687124,2.7982401368271943,4.203144738916699
3.233981156857932,2.8171751106785248,9.110691223503508
4.905767560370347,3.949005210017737,19.3729016550385
2.2402792497492374,3.9327541899462237,8.810467606100897
1.4069318345110204,2.2815631175281874,3.2100037824966154
2.4028045506571343,4.354032738910213,10.461889678763606
1.492412908985989,1.2739121842013956,1.9012029886167
4.9574543999733365,4.9241557674911025,24.41127767570285
2.9403186488439155,2.9863367094215074,8.780781518439232
2.9284358851819725,3.083680698546163,9.030361216065597
4.88169259973211,3.247504286673212,15.853317643850925
2.3666257154116206,3.4664580873610245,8.203808850945183
1.6516603286607783,3.882711673749861,6.412920839160735
1.2070156344916647,4.724687720319981,5.702771946516998
1.531628172536196,3.7099831633210107,5.6823147325774155
2.812106715775271,4.423537969960336,12.439460832812369
4.491354806454298,4.323994633488193,19.420594080199788
2.6543977977940965,2.6304842023851824,6.982351473943389
3.136589545562512,1.1888713749619493,3.729001525724179
4.565936598490735,2.8321824144415313,12.931565339700443
1.680267264120992,1.2231446702251993,2.0552099486634687
2.577506092393604,1.6967901708392126,4.373487002851655
1.0747510894305226,2.1606128491790146,2.3221210134927315
4.525632494753594,3.7872413989244476,17.13966274044854
2.105593813531351,4.159281804507991,8.757758036305539
3.679223985096856,2.9628334112654824,10.9009277505743
3.6427004329533856,4.753669397677941,17.316193573038696
1.0254194295025236,2.846636326368487,2.9189961977859338
2.7057580540568185,2.147572908633347,5.810812694208907
1.2475567993857806,2.0978466380409873,2.6171828373566344
1.6412554272079705,1.3566887322624535,2.226672744857653
2.0416796492860834,1.2927994140508807,2.6394822542766563
1.4897754486324377,4.735319473461109,7.054562692993443
4.26620530630404,1.1950202734907247,5.098201831907035
3.1646580400512567,4.195198930893682,13.276370026267127
4.05682528244854,2.956760529680047,11.995060870951951
2.2261325939728827,1.596933431797786,3.5549855629300224
3.0867315606556267,3.264322002367609,10.076085748850671
1.6500929827941535,4.120754811259442,6.7996285978744515
2.3258855853576756,1.7326025371241935,4.029835266251299
4.481875649511538,4.47884039051371,20.073605684292147
4.838779362518766,3.639134655872227,17.608969670261363
1.8388216955963692,3.918962283318756,7.206272870790413
4.52782201223881,1.6323553568849674,7.391014516699695
1.5897722006897164,2.3099863535135263,3.672352088788412
2.1201099988908236,4.0470797280539195,8.58025419775547
1.868076827619967,4.954170878751226,9.254771818664814
4.876385833591987,2.4488936095023646,11.941750105351279
3.622489963049534,1.5383162742293623,5.57253526339162
2.8946928370294045,4.67925162217133,13.544996153357571
3.8243512080022968,2.287379875440943,8.747743989802713
1.7175625613130916,4.442114171467319,7.62960899399059
1.4234977758791207,2.428309144443379,3.4566926662620805
3.1017377195274616,1.1659562153320535,3.6164903724129136
3.453126493665377,4.5761347182089915,15.801972034029413
4.268398410080682,3.376633782249832,14.412818267579903
1.6801699545947186,3.5114318264672293,5.899802252437895
4.131201238500365,3.338165130539345,13.790631921602875
2.917392839061411,4.317283387103136,12.595211637733483
3.8039853020873178,2.0308095347669046,7.725169621592089
4.388993582895271,4.857318718688559,21.318740686401163
4.864960742094751,1.3080858969589677,6.363786535993177
2.5024128087928443,1.7292446137952941,4.3272838710973796
3.5550569682275777,4.3027864400485125,15.296650916489597
1.1354490921566542,3.4684492725830536,3.938247577745836
3.8666595212876587,4.128076724715231,15.961867172226121
3.4051479978783172,4.969813050821774,16.922948959835296
1.4087089380836404,4.230179848974116,5.959092162951141
3.0022452320980055,1.5887706328632514,4.7698790574110275
4.757645780048609,4.808329620141615,22.876329126349486
1.5947019931816122,1.205463828047761,1.9223555692961007
1.1560944935461208,2.0304171895550387,2.3473541324459704
4.182320495430805,4.405091473576896,18.423504354188136
3.9642782828030105,4.618088106164992,18.30738638734076
2.2328553205502413,4.29179685867102,9.5829614506044
4.342326802439043,1.666829590435018,7.237918805644472
3.3587056304757095,1.707355031111581,5.734502956215497
1.3295610753229932,2.7812596189058194,3.6978545296648395
1.3416797638305753,1.069864175030279,1.435415113685418
3.2288733313266884,4.244421188087047,13.704698381132205
2.145253544745552,1.7261616068669405,3.703054305934982
1.4313488880061183,1.9442944803692948,2.7829637424330236
2.2530304433481256,3.702812017500445,8.342548201423794
1.7956666199281184,3.9933520961910016,7.170729060750162
4.273856405175057,4.604755617852057,19.68006429162284
3.2682188506486307,1.624296050598034,5.308554971598617
2.378138916402824,4.491503707885108,10.681419760889156
2.9543320857441495,3.0871297702641507,9.120406533147346
1.9293824014366021,2.1867641552288526,4.219104277190926
1.8451814848382977,1.0565461685251045,1.9495194280393666
4.572151262477775,4.346940856858085,19.874871126599917
4.621530797740714,2.640552529217324,12.20339483683
1.380006529757114,4.610674679429112,6.362761164197963
3.900561671927596,2.9217511311651823,11.396470477134008
4.7708651785103156,4.466576367782633,21.309433660211248
3.1821844491165865,3.146720948480653,10.01344646796453
3.005006348126124,1.6800710804899617,5.048624262175451
4.351805128591334,4.7277710496935565,20.574338300862053
4.835307269440381,1.1958033274423387,5.782076522002937
1.0156174480166156,3.261518397759999,3.312454991792251
1.3399458327112934,4.414566763502584,5.915280337981069
4.395038313662386,3.0972264606441438,13.612428960619958
1.195881892739211,3.0464618893394566,3.643208610381142
3.024214955535654,4.361109295421317,13.188931953938704
2.924491556314136,3.185354756400834,9.315543088959311
2.5610733394573844,1.0441623971060765,2.6741764772922867
4.200320007537702,4.51628290720691,18.96983345484172
1.9856383734777547,3.867859129423177,7.680169510588922
4.286266037060052,4.721177624890999,20.236223308498133
1.8517482388695417,2.4347920481835583,4.508621887237468
1.2121839535733736,4.67403360043213,5.66578852890661
2.200688607411585,4.452702640277947,9.799011972651162
2.806746753703342,4.275742327773717,12.00092589815085
2.4363380788129274,3.204572544858418,7.807422117357012
1.2416433243099876,1.7025508929449362,2.1139609505230883
4.039512407779062,1.0152747869559344,4.101215099213741
3.8377531210241775,4.9764856764159155,19.098523436397294
1.917447513376926,1.4675672692379313,2.813983211113637
4.6551029751965185,1.3521751443410714,6.2945145374089035
3.6802617913960995,2.6256420022142906,9.663049938634007
3.26747914292319,1.9917044720032364,6.507852821137419
1.8897374804573084,3.6096240128943413,6.821241787525151
3.958360141384797,3.4157269742308025,13.520677508648104
3.520466384931889,3.4757635547045265,12.236308756308656
3.5416336613639143,3.2278994595121033,11.43203738130645
3.814252155957975,1.4582374106991143,5.562085187657672
4.788946247365105,4.459782643837656,21.35765935627037
4.713890828415918,2.34514003659051,11.054734109834977
2.293067404163577,2.576489342889658,5.908063729355108
2.019027740435013,1.510096729904765,3.04892718841792
3.046444643590689,2.262554633044799,6.892747442670625
2.875784489105792,4.00094758535558,11.50586300769085
3.539946616514832,3.6718040473944833,12.997990314079567
1.632095051133145,1.2360759448339889,2.0173934323882796
4.3534301521297625,4.259581943966557,18.543792470331518
1.2529771043698479,1.986231687883948,2.488702828892465
1.169181525554154,3.393415099907485,3.9675182433483354
1.7719107489936863,1.3481592346983313,2.388817839317075
2.9161854798655207,3.8684444627172145,11.281101571842116
2.9197417676132393,2.0893283697189027,6.100299307327557
4.673729342018415,3.577116465399482,16.718474184154758
4.333908716667809,2.402699129200204,10.413078699570917
3.352549430984552,4.6824736937360765,15.698224517535015
2.0755918146165167,1.1825473417827541,2.4544855830008045
2.1119024580393844,4.017930096102486,8.48547644618926
3.746132662485683,1.1043885892621308,4.137186166311354
4.71313032090986,3.96461888926221,18.685765497833692
4.600893648233956,4.471253313501606,20.57176096973457
2.9922665204692316,3.8084938586301296,11.396028666591615
4.080008169206367,1.9524209649095972,7.965893486560935
1.6482288365617297,1.2524353736716,2.0643000988154965
1.959611828071964,4.7234883019078735,9.256203546178225
2.9523468082534916,4.242140434924701,12.52426977321302
3.5766166178293974,2.5441539086886604,9.099463148131479
3.7211999860997125,3.2391181813877052,12.053406531555254
2.3752787511223907,4.31851309211665,10.25767238414853
2.0304961817890073,2.583562458008163,5.245913706398998
2.1693619211101836,4.304205746905866,9.3373800479612
4.312977341317819,4.725319593282659,20.380196336313244
3.125799276884953,2.7627736236052174,8.63587579486201
1.7159660397858265,4.855840800303794,8.33245790792774
2.566363015880202,1.7708485138568282,4.544640132688583
2.662878017557848,1.3108107922562575,3.490529243876775
2.7188733196246337,3.7047050777246313,10.072623792903405
3.582053960858556,3.8813992885574913,13.903381695250943
4.317363355815401,3.204544348533361,13.835182342443272
1.8325193238044308,3.766573017333594,6.902317838784172
3.5211524999477213,3.399548287774561,11.97032795219039
3.367608947856063,3.3931862084492708,11.426924237315554
1.7549753503437238,4.936161250137406,8.662841319313008
4.006421071265827,1.4332076435601993,5.742033302658824
1.7085428064612764,1.2800336144803586,2.1869922240490434
2.792438775186385,2.349770980148252,6.561591597773695
1.8177919136012068,2.9648418047652467,5.389465457809074
1.2941157729555623,1.1963261530241662,1.5481845442278233
2.4689967619034348,3.969256437067859,9.800081290284908
3.2315955617687386,3.3036590569076267,10.676089945899783
2.5438748730761396,1.8035247740656843,4.5879413557160165
2.4679522615175093,2.933957102265664,7.240866065731904
1.0549763018816236,4.5265447932637795,4.775397486298941
4.512339115040307,1.794614958827962,8.097911275155862
2.6200887035169047,4.572495796879712,11.980344584283062
4.145826041234638,1.1437099102668897,4.7416223296026025
1.2531574553498324,3.615658593451957,4.530989522384009
2.6022418585050375,1.1256251697901325,2.929148933814723
4.919074701691665,3.992044137770817,19.63716332614494
1.8427343328704922,3.950458322573387,7.279645181579953
4.015600606859502,2.187220385361322,8.783003506792399
4.712986782563856,3.868437798205428,18.23189621211261
4.329478609275171,2.8297339787714946,12.251272731030305
4.57423198692894,4.36700828290186,19.975708974833314
4.1662369674621,4.716229155195234,19.648928253396935
2.5055453346420635,1.9122057478577013,4.791118190420601
2.5575483039892926,1.8382123372616004,4.701316845535599
3.174564456221869,4.604150037876517,14.616171061355361
2.6662102328396737,3.948177656502149,10.526671668834991
2.1817759190220727,4.9811947973204935,10.867850856751886
3.3901434124602323,1.8323432474681485,6.2119063897701325
4.061898490285375,3.8322987308595646,15.566408429201026
4.223741641218654,4.646534726296532,19.625762210827183
4.970663514489737,2.553099468830126,12.690598378577034
3.9987411049320936,3.219085853897464,12.872290924285217
2.765135876707735,3.2997389940395934,9.124226676190371
1.9756254795715797,4.967622005778884,9.81416060749724
4.6940966963680175,4.8394975825036175,22.71706961411124
4.984987421818184,1.543835264997167,7.695999377370221
2.784645781886443,1.476154672902957,4.110567883311181
3.8744128636765236,4.426729091555542,17.15097613633388
4.164947516041909,2.9400067334746325,12.244973741731659
4.06227350476301,4.559952322731268,18.52377350361378
3.9040826604025693,2.0365237441641417,7.950757037089344
3.2219830607343347,3.135281127649588,10.101822683927017
3.561582905438833,1.159050622154103,4.128054882402297
1.2834043509479773,1.3762247789154523,1.7662528691425097
3.145692020780957,3.7801595722516845,11.891217803710878
4.260548274539139,3.1987525332682423,13.628439586293709
3.7179894374383378,1.3864435199788976,5.15478236288637
3.581959579954672,4.270340444699014,15.296186865557527
3.1139790486013164,3.662206542837674,11.404034446047177
1.6930765423319731,4.107517023856499,6.954340720320678
3.7850005693160855,3.1967739785829172,12.09979132891119
3.174948894698077,3.9706712722452604,12.606678367024497
1.8676367499634732,1.3197116138639928,2.4647419094059977
4.008920497391367,4.2338247778857685,16.97306693442971
4.039385539857378,2.1824049097659346,8.81557483462226
3.7298125290662316,4.670126567792461,17.4186965848774
1.881052341914855,2.017559054321218,3.7951341840824475
1.8730113843057787,3.963851871583691,7.424339681178021
3.397796378507184,4.760373714634651,16.17478056792641
4.694138357627724,1.611532972672213,7.564758741602465
1.2872349449661633,2.952841432366474,3.801000678686065
4.357480246383359,2.9444603938384297,12.830428002409123
2.5411340606483224,2.104922217703588,5.34888954242199
3.4685682995064817,2.89707159405412,10.048690692536832
1.81932100914144,3.2459159245217224,5.90536303538913
4.8378401851018005,3.607099963532492,17.450573155256727
4.474010889041373,3.9683700407943525,17.75453077425949
2.9214606902895226,3.428108894691058,10.015085377871792
3.7996361401587633,1.4603631344014185,5.548848543227159
3.357709196847155,2.926789176663829,9.827306935716852
2.966781291798295,4.549112385838964,13.496221520594947
4.992471186545015,4.1024847932038675,20.481537123309394
4.400985032266123,2.5621014946146237,11.27577032894562
1.380756771023972,2.7343473174110193,3.775468572846499
3.1881439134794025,4.0002622061419295,12.75341160483308
3.4044115786397184,2.735523234386014,9.312846972781719
4.1094813113429955,3.256895653871294,13.384151822578309
4.0361136056828455,3.3271835120645163,13.428890641647229
2.210647604498487,4.109592194048971,9.084860139240039
2.8199438366709,1.0366645193445159,2.9233357220209686
1.2629081241297961,1.2323563948580727,1.5563529028895668
2.210627355411682,3.0626081746751197,6.770285409844258
4.618971320243471,4.13175706255868,19.084467374171954
1.915336952572599,4.211206172735867,8.065878797542833
4.513424473107961,4.877879391877622,22.015940224169437
2.671419844057015,3.642147569686695,9.729705292645068
4.23652790089715,4.610014043320234,19.530453118053856
3.8969711804308456,1.1524715356643336,4.491148360750787
2.9596404468509077,4.41301499925329,13.060937684349765
2.9574030413837886,3.3658967791054977,9.954313371510496
1.5749358109543334,4.24853775237235,6.691174250402648
3.72341936402868,4.727292701523369,17.601693184283562
3.405451601356094,2.8691192081594004,9.77064660190796
4.807769223194634,1.4600603785900867,7.019633352191325
2.479131813333162,3.5376888851210224,8.770397060778652
4.472229175531988,2.8048232522643675,12.54381238098722
1.5103128035111535,4.894003097723821,7.391475538915533
1.3671477692635556,1.866071680517647,2.5511957353055954
1.537718703741732,1.626894668332565,2.501706360512687
4.822753236646772,3.420567787767145,16.496554369623688
3.055853880309521,2.447846317197313,7.48026066680878
1.523441258745244,2.1070119127843476,3.2099088806034106
4.36956334319907,2.3841983018646107,10.417905502745075
1.6933841483890548,4.1423603623316705,7.014607374487593
1.283523503742856,1.4973921057634092,1.9219379620663444
1.7158908101704342,1.5356429628093267,2.6349956475874214
1.0745493898953695,4.392860969096951,4.72034607423831
1.5800139245923104,1.1394708664355155,1.8003798356353793
4.969217566373882,2.7422141207247033,13.626658579463703
1.4770634524562376,2.2876416264507045,3.37899183874788
4.192698031194803,4.7900541956559755,20.083250795443217
4.050846511583004,1.0685868114805888,4.328681157609749
3.3673583963238785,1.9745409753006622,6.648987132064224
1.3319949884999658,1.3622028305619494,1.8144473436289845
2.9799701220690844,1.8798261582234241,5.601825786189715
3.0757162560679885,1.3890353999993978,4.272278760032049
1.6545698225519407,2.958037589771064,4.89427973000948
2.493557275449838,2.284207586382593,5.6958024456620295
1.5288300340133159,2.5647972950164424,3.9211391357772483
1.1491659463559927,4.857169544786794,5.581693836546423
1.1099758604376793,3.1865938981417368,3.537042303955333
4.69490486950442,4.270324479830686,20.048767194721016
2.157503158614451,2.9887420725758718,6.448220461866344
1.7515003496426398,2.7730615468317614,4.85701826885639
2.8613095799509263,1.429568831242583,4.0904389920336515
2.4108545591333947,3.495085246845422,8.426142201917152
3.5963895809627493,3.9854468181817118,14.333219412389848
4.800070812525654,1.251576628149746,6.00765644242087
4.670927628606379,3.030197157518792,14.153831623179043
1.3904979971254656,2.0403082958706684,2.8370445989266364
4.702590347318884,4.723815054377784,22.214167077236596
3.11746920152276,4.005649368985873,12.487488539912537
3.2676915981068184,3.1520574875795764,10.299951768913468
3.994023214292494,2.1046423784750004,8.40599051741292
2.669046629214993,2.452129070933325,6.5448468311746835
3.1609080205317612,3.8118296328232835,12.048842859291755
4.997153896672604,1.8078591820131242,9.03415055603223
1.4397834144211563,3.653219609341642,5.259845002768232
1.3531931298197613,2.178689553823533,2.948187736244086
3.7285706675943144,1.5443990643566825,5.758401050420431
4.902225083641362,2.423578729708936,11.880928440958813
1.4654331188727086,1.8681869584655884,2.7377030411815464
2.7229963056954554,4.409007228806702,12.005710395825208
4.7784156052010225,2.8248808337384514,13.498454658769091
4.382373884240396,3.694507929770098,16.19071506654353
3.0907018808816336,3.628203892851256,11.213696595857442
2.648580450110473,1.7799149501019653,4.7142479396994235
4.776546091382907,4.713972285987595,22.516505897521398
2.2838547688329105,3.5179663793980165,8.034524292182008
3.6563119982797962,3.5561442626472206,13.002372935130891
2.113295810639095,1.855863948028143,3.9219895064840054
4.262811905904254,3.3626213641755656,14.334222386255606
2.021089781015176,3.9375618667051273,7.958166050912773
2.1666244562737282,1.7072109668732964,3.698885032846402
4.350532867590384,4.263299999216213,18.54762677098819
2.690071907857534,3.525798861533124,9.484652470166333
2.367321553089063,4.132019331902587,9.781818422193664
4.247393526669372,4.363096651424657,18.5317884734939
1.3043679254420861,2.5914142969097043,3.3801576904210733
1.6154568041457966,4.803141121258992,7.75926700561031
1.4041444684519262,4.456906496044656,6.25814060282856
1.0935834451048656,1.3964466566481812,1.5271309456824893
2.4885417302731345,3.5252303549011255,8.772682846997023
4.901304346837009,2.8337892571912158,13.889263604291326
3.4896160609548548,3.35606334140028,11.711372537732233
1.991320010291104,1.1300796842542233,2.2503502884788875
2.3320078465841623,4.901943694411852,11.431371158882195
3.6641830146433945,3.085005348529437,11.304024198165589
2.5273715154358625,2.9212498309276524,7.383083612158378
2.925791283200975,2.022174778819242,5.916461340978198
1.7442598286906605,2.8320446665222163,4.93982174487234
2.923913838512502,2.011098722954304,5.880279386660909
2.086435112568437,4.537662356117146,9.467538068782837
4.857214861635426,2.4860458089410407,12.075258649894888
1.2592441661597777,4.0777636704255205,5.13490011296162
1.4808812488748626,3.2054540842072075,4.746896847431798
4.904458723575572,3.4105800912829918,16.72704928114604
2.8854253797612275,1.8730231575680114,5.404468555727253
2.018714822998301,4.798106838395485,9.68600939699848
3.139528052759949,4.937655232796095,15.501907118220297
4.146672268838464,2.170185832910049,8.999049411554205
2.2584457895159,1.466184552564906,3.3112983293934652
3.4188908632763306,2.345773612621979,8.019943971507994
4.77602881129453,1.481362701214901,7.075030940979459
1.7401207669104592,4.7452290006573765,8.257271527789666
3.5017716717530583,2.5372522113706215,8.884877917870446
1.929976713318744,2.804730798929625,5.413065129062052
1.6958218318002194,1.3319784921447275,2.258798206467366
1.3460555537310293,4.0892258033513365,5.504325103061296
3.606878129119888,3.1113051895908224,11.222098641352344
3.40961465555511,2.4058573780810466,8.203046575480528
1.0818216151889315,3.7216361195212158,4.026146397965909
3.3339251034902295,2.8971866459276234,9.659003288354763
2.979466700445775,3.949331639244254,11.766902108145182
4.085657283644164,1.878614561491915,7.675375266319429
2.2975202719224126,4.667736914513462,10.724220185095252
3.1547767339151096,4.997910731626723,15.767292494320628
4.8555392854593515,1.7619160229531592,8.555052467129364
3.840249864332299,4.353011100498804,16.716650288127525
2.7080586078437245,4.697917186228062,12.722235075101873
1.5943749736311328,4.644333383552879,7.404808915936311
2.830277689828342,2.8691193026221296,8.120404351667265
2.562539277496709,2.7752889080454533,7.111786833267426
4.711308715251428,2.4707004361661644,11.640232497685155
2.164616677129706,3.749125514373324,8.115419613064985
3.130523816339727,3.2467949871004134,10.164169033890282
4.089213610642732,2.7122612214600625,11.091015502412969
4.469762380914423,1.6193935913564141,7.238304554538804
4.164303470161782,4.06255021806655,16.917691970801037
4.332813668714951,4.21610587011191,18.267601142770225
1.2316520008012315,4.928450512374756,6.070135934416222
1.174354697872027,3.745795590272434,4.398892648704755
2.819904258558282,3.2785471779513737,9.245189148989317
4.824462062244976,1.2243915498992544,5.907030581822279
3.8079410596683756,2.1720548200336234,8.27105673305664
2.119105549819355,2.0419445533674794,4.32709603546443
4.385132911511627,4.145709801917295,18.179488493963877
4.597268514798188,3.601270030367444,16.556005323894563
4.588253509366014,1.230090321439997,5.6439662341842345
2.745943246010114,1.248399483510076,3.428034130067008
2.4181140891775144,4.0713703551791465,9.845038018118355
1.8591135473607037,1.3390968169517934,2.4895330336226755
3.917437837890083,4.042158270377754,15.834903755118145
1.7679557136484711,4.347467911318905,7.686130733719643
1.923219022043332,1.4802001638442999,2.8467491115370143
3.543257417146325,1.2132926366199577,4.299008133872686
4.02341341767174,3.911390763607655,15.737142080056353
1.9468110356004948,2.255757835348345,4.391534247498442
2.9774452328702217,2.450391637332598,7.295906899241001
1.399682147657097,2.1791438612336687,3.0501087597453207
1.6507463928994324,2.7483133476534665,4.536768345196323
2.6152238538548347,4.122148229105942,10.780340377883325
2.9089152079666545,3.3557529068281546,9.761600664850727
2.7856836686074096,2.4702743082913723,6.881402797587741
2.901095346935789,4.48049549804675,12.998344641350178
3.9987321590841205,1.033797312778613,4.133878560582585
4.06339259811104,2.5984708903046334,10.558607382070852
2.249745818369947,2.745033505971674,6.1756276513451684
3.8233477807586147,4.1305421113769185,15.792499014862944
4.239649088970673,4.228593989117216,17.927754653587666
3.285301522954111,2.274295692481166,7.47174710215635
2.69474035998666,3.527125253384599,9.504686775023654
4.552467982130651,1.7371908218847527,7.908505595481567
2.770723763027461,1.7964122659209,4.977362153381044
4.467659321798745,1.894553251242126,8.464218493556004
1.2075868783041441,4.699493493571124,5.6750466775121895
2.3659575152129584,4.79761031057359,11.35094216936476
4.087568255545035,2.3717946138679826,9.694872372319459
1.363263041506658,2.4449494785223873,3.333109262420547
4.260926223091475,1.4406264898046817,6.138403188088991
2.1768353851576587,1.812847130434712,3.946269781411803
1.8983895285769536,3.1125781162029824,5.908885702677522
1.8454869501429387,1.1810107603321454,2.179539946171364
3.8056901608850215,1.0856609412579399,4.131689162202513
3.479133205239682,4.210384710457081,14.648489252984696
2.5728851866014204,3.6343414259236866,9.350743217810937
3.3496460316497734,1.3959957937410135,4.676091770704361
3.8400815200720215,1.2413815990377706,4.7670065378223985
2.5603849983999862,3.855803372240143,9.87234111106374
3.189070064336315,3.9057251728596185,12.455631228291388
1.8590518848088933,3.7488508666470306,6.969308269507615
3.590083609843326,2.3318354241159067,8.371484136970578
4.030387861616044,4.146410329462208,16.711641861143864
2.754911796043412,3.0455024426568027,8.390090604154251
1.9124192370975508,4.70253474893716,8.993217916987126
1.6524160061670106,1.2176039990686571,2.011988337234011
4.003756898321013,2.6363396848328238,10.555263199466864
3.7562557260020513,3.8620702640902063,14.50692354371109
2.3736054155401707,4.195731404203935,9.959010783170424
3.466286643413391,1.5718513887738879,5.448487474337717
3.7294111715443035,2.15119385659349,8.022686400937236
2.063007484440976,2.4189652524823746,4.990343420473794
4.603141315266004,3.4164050839337183,15.72619539154012
4.1049860415098465,1.5605153779135068,6.405893843896409
3.5078641822567906,2.9576110238089495,10.37489777546725
1.4949697857022617,1.319851788149454,1.9731385448885361
2.7296256489260964,3.082752533344354,8.41476038430865
4.334015776060282,4.112823636077453,17.82504252291329
1.7969347438969216,4.744019847185081,8.524694089143436
4.441164043236675,4.630034516035428,20.562742811561264
1.3489039760882746,1.37025697457595,1.848345081268189
3.591289219999467,1.1923807617437383,4.28218417578504
1.219952907783434,3.3109099855363278,4.03915426426425
1.6718497714699967,1.5959506667899603,2.668189757550184
4.159715319471365,3.491071847841307,14.521865046840693
4.84248876977341,4.740840505200991,22.957466905722697
1.2417905575935952,2.381710867360784,2.9575860660066735
3.2582390291734846,2.4534464313193958,7.993914918511258
3.5591359043187,4.782430117511274,17.021318741129473
1.8247612272471434,2.9819106946732097,5.441275018753268
4.1800767558598615,3.0417217342752916,12.714630319237893
3.733312850038251,4.482431336029531,16.734318506213175
1.8621353869584225,3.1709170991710467,5.904676939477955
3.2779494247851146,1.3303222231992042,4.360728966314686
1.4260336755192982,3.051808466258688,4.351981644119789
2.1346659667037784,1.9962520068054648,4.261331219891745
4.789738648228889,4.979366149832163,23.849862491533795
2.4961523211240135,2.4106232547864463,6.017282832790713
1.6161979808181082,4.8415714088167805,7.824937934916364
3.642249053163623,1.7187272830715852,6.260032819413968
2.3716419538968085,3.440302681886645,8.159166174466073
2.564642249706668,1.5957721065121477,4.092584565264463
3.438045850542933,1.9809922247182423,6.810742098150367
3.496710499618422,2.4356663252999784,8.516820013243454
1.4411094818789327,2.1984655386189567,3.1682295332878536
1.5386341203088452,4.91429130664386,7.561296281539381
3.6715769191095795,1.8613261778207075,6.8340022334209625
3.6188296785660707,1.3630173700302262,4.932527711066454
2.720026561994408,3.375732393483733,9.182081776460713
1.2175821329139027,4.837789002105147,5.890405451770606
4.916768968603787,3.552251244160317,17.46559868597164
1.5797143199917394,2.440593575009008,3.8554406197215636
2.674972581255791,4.976803473230375,13.312812833189842
2.1289429145963927,2.044086692328787,4.351743880454148
1.2366912239548635,2.2872046895852733,2.8285659669985153
3.3903268464873166,2.975233119155834,10.087012718432222
2.4970441657180653,3.605339755469544,9.002692601826622
3.2862563430100864,1.7315294257376919,5.690249558439103
4.1139102420515705,2.1964987783209162,9.03619882078818
4.349975520279051,3.8013335534700325,16.535707902010017
1.7363730325920823,4.985748375495605,8.657119026500352
4.0409660015545645,3.5337670541528783,14.279832523245409
2.1790775719530453,2.7736392076378116,6.0439749900531705
3.8720859707449473,1.8675608988316035,7.231356355877676
4.619029481517893,4.553740779067871,21.033862909704755
2.830647955044204,1.6165754678661521,4.575956042289951
4.338221589976402,3.7912734993779877,16.44738454850697
4.702395259505849,3.1160267708665277,14.652789515816078
4.368804031887917,4.027742808496554,17.596419021167307
4.676032471647929,4.289943665253417,20.05991588026531
3.807854404750922,1.1102152672880363,4.227538095764471
1.8928475949415136,1.0132449806233335,1.9179183246594373
1.3705607897324996,2.8448034483922022,3.898976060862155
1.468330858325818,2.2578685180253544,3.315298019059011
3.3376920726098724,2.4113287587435868,8.048272882514674
2.103874113905608,1.2893199935123607,2.712566958891602
4.890142891910463,4.01580494112647,19.637859988148524
2.47634493104558,3.882343224748755,9.614020965185729
1.2075391348299815,3.547413252229162,4.283640329481214
3.2381187762643044,1.7504501281400637,5.668165426844598
1.4140873124328968,4.127850569010926,5.837141117257264
1.9296103465122587,3.476366529490691,6.70803282357415
3.2680183262756066,2.5532369648110174,8.344025192326711
3.1770906326684094,2.1715841176314217,6.899319558178283
3.1585863928550766,4.791033046950252,15.132891789816064
4.46404032062809,2.111523519688426,9.425926129843676
1.4033464586582807,3.1113673809882667,4.366326395694774
3.697953023163512,3.5272490215844474,13.043601182818747
4.36973986939158,1.9349176542887738,8.455086817935289
3.9769419878753838,2.0165649430729258,8.019761793384252
2.2323542989312037,3.5061357395005,7.826937190710276
1.6560292890918569,2.210240139652914,3.6602224071917013
3.2105547306193047,3.009032126478538,9.660662328251135
4.880351328782835,3.834050058053518,18.71151129544139
3.6868575840525355,3.975882171330227,14.65851133666811
3.686932537565446,1.416942465885307,5.224171281330755
4.038014608212398,1.1238191387119643,4.537998099107587
1.239315324202301,1.8732237850465578,2.3215149424684363
4.6773218887944275,2.8140044588536246,13.162004650561176
3.5294989659304727,3.296540517774905,11.635136348634433
1.6527650290314293,4.6290831638897085,7.650786769755075
2.2094622871106986,1.906765553014743,4.21292657974785
1.4318213154528583,1.3610774110756312,1.948819649159481
4.915857134786872,2.630312292581334,12.930239450203565
2.049385787712077,4.943024995570108,10.130165174226931
2.418543555694614,2.5457475492020025,6.15700132954786
2.565063585472186,3.782690218975315,9.70284093581539
2.774844130504764,4.04147073133152,11.214451337442066
2.1231968275294197,2.6816063708434763,5.69357813925755
4.74716746945392,4.87444306511853,23.139797550435944
4.689404174018043,3.536917200028547,16.58603428097008
3.4644341914001147,3.075055069332676,10.653325922634373
3.338973992999258,1.5906508133725512,5.311141697794065
1.0634925790671441,1.285840808142161,1.3674821573208877
3.924927969380113,2.560511139873167,10.049821788797546
4.8254368029870776,2.466051422340999,11.899775291422884
3.3382852871580004,3.5311122550037064,11.787860088182182
3.112532713519268,2.780811030998873,8.655365304099236
4.098449769296467,1.5341131932555796,6.287485862972996
4.189173001334302,3.427974305273967,14.360377408921412
2.8931875234169535,3.0166579424571163,8.727757121533587
3.7841811786181916,2.662826793335382,10.076619033259986
3.200509708856765,3.2740602732729274,10.478661691992238
3.6089122837652106,1.324226431210997,4.7790170340839335
4.897177733627314,4.303440669153755,21.074713822965997
2.1317390298080765,2.7884317968887666,5.9442088933856505
1.2742960862698829,3.8277487449656062,4.877685244934128
3.5605490945681333,4.648185760423486,16.550093600660333
3.6313110193909135,4.849234990542239,17.609080456772027
3.720825757278902,3.83814470650095,14.281067684112406
3.0771711450372314,4.186659821431848,12.88306879659681
3.8635319057346202,4.005976326228554,15.477217350001578
3.8106774170872755,3.6525114136227312,13.918542759545662
4.951199133834445,1.3725494217340493,6.7957655080345925
2.4508545284478056,1.4719348710194646,3.6074982442182915
1.3951703962853848,3.0827029553137315,4.300895903795186
4.809928208676357,4.909466591845282,23.6141818496708
4.922749711457697,2.3597220464845132,11.616321023452004
1.0491611109296604,2.002671367488473,2.1011249167412283
2.1553444943655946,1.0953589125541128,2.3608758015277918
1.2593742234944298,1.61583024480642,2.0349349598518995
2.2938442903045475,2.4046817097860433,5.515965409992493
3.0162464193735534,4.636509650149838,13.984855630655376
4.4643040711000115,1.2619935441699592,5.6339229169398815
2.439659835930889,2.4586610049163133,5.998296503863808
4.175666744968342,3.6397208018529867,15.198261113267025
4.426330293361919,1.3457114200644895,5.956563224754536
4.061941912684282,4.508655810494703,18.313898006515956
4.111812358265574,3.617753580747647,14.875523882477706
3.6572809275336384,3.4149496615019794,12.489430265498644
4.862938678489652,1.621308521295464,7.8843239179725755
2.8868919999329354,3.332477518885131,9.620502689225843
1.100971786593262,1.9818367418976641,2.181946338463241
4.991557797948458,1.5658712300681277,7.816136749029706
2.703511263322028,1.320373454689694,3.569644506545005
4.549785645394332,3.318709217323334,15.099415558215563
4.930417307772887,3.503224044926976,17.2723564641141
1.0722035817069622,4.429319065535733,4.749131766590348
3.35279810195754,3.4742837118557355,11.648571834771907
1.3816209278002538,1.7620863115606658,2.434535324642574
3.9636914269007373,1.490167282089168,5.906563280664808
1.5409471996821584,1.9656633392909195,3.028983418198223
3.7169661488001084,4.573218950293853,16.998500029293417
3.6110708547351407,2.4075147325499238,8.693706283056496
3.068115006282073,3.705907483492851,11.37015036199745
3.6900069684208736,1.9668036615632776,7.257519216684184
3.7835871254954734,4.414012191051063,16.700799697840868
3.6742431216681255,4.12073460462023,15.140580777245702
4.093036093639465,3.2535184327032995,13.316768376375906
3.2789641103650666,3.9023435872482266,12.795644568900205
4.842771785884645,2.794034016303304,13.530869102955599
4.042737896444661,3.5888210322870586,14.508662790784541
1.0455524692992264,1.4578631759358531,1.5242724435001438
1.7032488765475842,2.783156448487638,4.740408094142734
3.8328895799956486,4.3486315888201545,16.667824704028693
3.90483196031907,1.6401342897289788,6.4044487937489345
3.716364423912618,3.4740290688588304,12.910758039145236
1.4492617366083955,3.3427310141666173,4.844492154605855
3.5705744934431904,4.948916386829789,17.670474620997478
1.0780562978417958,3.5229732454696743,3.797963494406733
3.042687274311172,4.3797510774781365,13.32621286809337
4.43419965768128,3.5887423763559245,15.913200216743743
4.912352996814008,1.0317936971899337,5.0685348604847755
1.071021837378665,4.191935852241754,4.489654838641463
1.6125828586189095,3.7550284508446907,6.055294513458467
2.8718958780680457,1.7034020644973396,4.891993367722509
4.514840420041629,2.5331354361982097,11.436702256787461
2.3702255698115353,1.0921185584335027,2.5885673324648013
2.1671066842907187,4.849202381220341,10.50873889382107
3.412698518362285,2.7084094931056875,9.242985064240127
1.4442755149819755,1.404712128097612,2.028791332209605
4.930904872378184,4.001885307974338,19.732915763789332
2.6144668922705185,3.8318168883469723,10.018158391826198
3.377999044772423,1.837101358679294,6.205726634768776
2.311441448229351,1.639795859120182,3.790292115405246
4.34810189815439,2.496187226634715,10.853676418279147
2.722645354688051,1.782367349685957,4.852754184970124
4.971491036216295,4.108656322684706,20.426148079120424
1.2710821116768014,2.3530084938641065,2.9908670051742385
3.1720409226662536,4.064838273554583,12.893833347735182
3.6253502621671476,1.152950109235149,4.179847980781289
2.636249133603999,2.4644849547150542,6.496996326647652
1.5048693703217957,2.441230849649613,3.6737335315223554
1.7733656965688627,2.0979322793377566,3.7204011379021025
4.431292035884814,4.844792210382266,21.468689137383723
4.993566152957592,1.890958605044971,9.44262688679647
2.0419459180367707,2.7004943084054798,5.514263329730102
2.3684455233592003,2.658512179112698,6.296541269415382
1.1367684065502486,4.794857909012698,5.450642984863222
1.6315631687757168,3.9277995778246004,6.408453125511428
1.350112270830532,1.3114186595532518,1.770562424458973
1.605436761240877,3.7612752748655587,6.038489595415553
4.606332209812923,1.8717582179814163,8.621940168469836
2.609361568541915,2.6424066150430834,6.894994269754353
2.0435482377655423,3.942108738543096,8.05588936572989
3.9499501049555517,2.078819268047049,8.211232386006065
2.1889533261616037,3.859077253130562,8.44733998915473
3.1344086307723105,4.607706230513387,14.442434176984511
1.1328229861242232,2.5744525317247677,2.9163990046235178
1.7618711844370853,2.603403973839628,4.586862442957041
2.273109113976612,4.98184936734315,11.324287201366333
4.783830119864124,1.9607077935529493,9.379692999050928
1.3401654243647125,4.93501629891383,6.613738212480626
4.40116094615444,2.608207480961385,11.479140904675099
3.906052313590047,2.1991003819908057,8.589801134891943
3.536664579360502,1.5311164423635555,5.415045288583652
1.675762742286448,3.975631583648667,6.662215284935705
1.9947359258706578,2.9343278093232246,5.853209099538382
2.493669598765269,3.074876285800374,7.66772551386466
1.4614453377919663,1.4130222675679103,2.0650548051333546
1.1014086085338142,1.0979317580716534,1.209271489922784
1.4995434895260553,1.3581373753793944,2.036586059132175
2.6125452452436764,1.6712245564339612,4.366149768646017
4.957156440248092,1.1464003284380042,5.68288577121898
2.0870624930858512,3.4824838412153793,7.2681614077781616
3.3391006765378903,2.5707350631967936,8.58394318872009
1.327970739373617,4.900154558538604,6.50726187214751
1.7834442161705386,4.1644219175875765,7.427014182615387
2.813271422544464,2.838551884926584,7.985616899273681
4.1988978305310365,2.57100462661742,10.795385748989142
4.04781682927862,4.941877286712387,20.003814049384165
3.969386868187518,2.384051027867665,9.463220843106864
2.086696048290334,2.9119427460870546,6.076339421107559
4.782656264524649,2.552870477757841,12.20950198296857
3.9223465948347713,3.201683301701806,12.558111596169425
3.74723664437167,1.8382983036818041,6.8885387668427365
3.198311285104926,2.4034011811998326,7.686825120465933
2.5097194630630915,1.936651603977551,4.860452223674814
2.051973939831035,2.6840823320059135,5.507666997637046
3.757118381919234,2.5227561770881577,9.478293606038212
2.119976504861803,1.8012918565167024,3.818696414214307
1.9964662277804628,4.412470523713446,8.809348381670667
2.8748710622496403,4.544421304823175,13.0646253039069
1.8418706699778156,2.361539078224093,4.349649564187403
4.34082570983229,4.681733117564715,20.322587483298197
2.767379240091167,2.5517030708269415,7.061530105083358
3.115085763220358,3.4760908055555295,10.828320980047216
4.837548053073326,2.965909807843562,14.347731216524707
2.9998161748803835,4.542357946149387,13.62623883895537
2.9912461143043387,2.604851488836587,7.791751894322312
3.96662715020175,4.362067231143392,17.30269431005875
3.916378904047089,4.018129858918716,15.736519013190964
3.20347594684213,4.196627641792476,13.443795708335008
1.9843761520333039,2.3271988100849645,4.618037819772885
1.976923541943321,1.53643221071709,3.0374090079666365
3.746056156566181,1.1271331430479625,4.2223040497846105
2.683981161094688,1.3931599739733613,3.7392151245356677
2.9842009797818756,2.6334171914200453,7.8586461628101345
2.0282703167188267,2.2589841099933645,4.581830416239038
3.5127550450818985,4.710719767033607,16.54760462761433
3.650968034738402,1.8263064629139518,6.667786517734993
1.995464054255768,3.9294580489684625,7.841092289422568
3.548336467744055,3.5464052811895446,12.583839188644971
2.6177866396078393,4.110020100366773,10.75915570725981
3.41420845066419,2.5632322791304394,8.751409308422378
3.015664757998169,2.901900230461877,8.751158256230648
2.6405963994927575,4.960638767508371,13.099044868666795
2.081975226658893,4.104147693470207,8.544733824354207
4.768671491131728,4.062289910890831,19.37172608677715
3.5360849520988453,1.855248806013845,6.5603173853449075
3.8769268323931434,2.379693726493248,9.225898461119304
4.605745567562867,1.025965752778756,4.725337218332055
3.1843488254263628,3.395174020303671,10.811418403672096
1.5629910831440053,3.05193962547457,4.7701544209106075
2.0801228226762687,3.591186306137163,7.470108595878399
1.4451120659900671,1.5755556902158512,2.276854538570235
4.362614010897264,4.343055976242704,18.947076852067518
1.4249128097824566,4.646186693096729,6.62041093563432
2.5048933141187057,1.6193928878909563,4.0564064178094394
1.9941010014493785,1.1738586907219246,2.340792790728646
1.5538970185872452,3.6147779317951194,5.6169926510714046
4.441215400645794,1.6329854453254895,7.252440108809994
4.907353923123067,2.6249602475826577,12.881608969016854
3.861896584183098,3.716413943142764,14.352406312433478
1.515665240260005,2.390440315906997,3.623107295736381
2.3393734622535773,2.89594571602618,6.7746985561985795
3.544415028492796,2.0477490068881967,7.258072354595723
3.5322172838012578,2.049570623085061,7.239528779232366
3.9237332272502012,4.658859625627439,18.280122314168818
4.492689753214619,4.314468691698936,19.383569281761094
3.1860593837645115,1.0266373769131367,3.2709276484374827
2.3316049757959827,1.854941860635083,4.324991672069018
2.3651742202006263,2.9583035822766686,6.9969033683279385
1.6056046565127482,3.839171373459575,6.164191434377137
1.310876243530679,1.0275516917171719,1.3469931016718006
3.1325588632280463,2.039081325743962,6.387542279802043
4.272041792582191,2.9253226504641514,12.497100619570158
2.2001167911480457,2.6233325987415808,5.77163809925739
3.4581974355511664,3.172885936486676,10.972466008854585
2.064356338431048,2.9579214254309334,6.106203843169348
1.3870559647411231,1.4760909758868719,2.047420792604431
4.452333740866042,2.5358839206867354,11.290601542993217
3.052644924581664,2.0637395902875606,6.2998641859495645
1.6536342962813002,1.4362711915263602,2.375067301068797
2.8735439084631142,3.7523728470679942,10.782608136974627
3.337031649215616,2.210396265855992,7.37616229646946
4.915092920565162,3.8658140707976023,19.000835371598487
1.5147954007638096,1.4198815949449197,2.150830109651747
1.808014141473183,2.1657387234867547,3.915686238800132
4.688088755828557,3.3374563730005447,15.646291695332211
3.1623959356682065,2.7263969560257975,8.621946652754152
4.964432435647277,1.8026529338091661,8.949148694816948
3.644462483187554,1.2776019929444558,4.656172531731719
3.633940415015618,3.8943284358106363,14.151757492236825
4.518639201506769,1.2934267131302346,5.844528650226328
2.468864312696639,1.3959561914718486,3.4464264232127637
2.8605488889498107,4.030560486924509,11.529615322716912
2.0676334266415295,3.120198571796982,6.4514268648066
1.792631374920608,2.7104917168005707,4.858912492999126
3.1413221202571386,4.300332348795973,13.508729131730126
3.6642339367338477,1.5082300643873547,5.526507786330422
3.2468991035151973,4.183800989640398,13.584379682549402
2.4093608247631138,4.002110165002662,9.642527447943655
4.364375375878552,1.6816205818911145,7.339223459176143
1.6013876904150175,3.6710690679649622,5.878804816102422
1.4508134178655356,4.537102541248359,6.582489245074939
3.4758465588744256,1.1352335702528666,3.9458976986821552
1.284003694712021,4.393031224542703,5.640668323298105
4.871088120778589,3.968196793155214,19.329436260050056
4.679128359499627,3.087237594765348,14.445580982179957
2.4488426340683587,1.5884837541197778,3.8899467406134716
4.389177556266363,3.419502096709799,15.00880185648442
1.3213790735932016,3.7866440305983575,5.003592181179284
1.3064262320299695,4.556198599083778,5.952337368181246
3.1967440274504058,1.2187180018506476,3.8959294935623503
3.217014365019171,4.749807404339148,15.28019865083346
2.6240900170261052,4.537138916302473,11.90586093612996
4.1365981283932935,1.5521627935717883,6.420673706850765
1.4356697792220672,4.581162254915878,6.577036203095545
4.638139328352496,1.3043398058478797,6.0497097510387094
1.1171381811005197,3.808767549224959,4.254919652175855
4.205134146699467,2.030308392432814,8.537719149349728
3.227147959978884,3.2225238947311645,10.399561412864886
3.5090328922369953,4.645802022368217,16.30227210731123
1.435769526831277,4.237155900002536,6.083579321656995
1.921583271219339,3.3232586289026673,6.385918187234683
3.9384984193501653,4.695529401919584,18.49333512747251
3.5747416876737326,2.3155301422826944,8.277422128683037
4.249830590933039,3.930998260638512,16.706076660966115
3.1073957568651314,3.6675569184698675,11.396550806514623
1.8303817221588563,1.172165723120104,2.145510714940157
1.3964511992271111,4.783457936532767,6.679865571923625
3.1729525345389686,1.8889284119201877,5.993480192164829
2.286801971491048,3.0748929530859765,7.0316712672409425
3.5571847467077355,1.2523760137001112,4.454932853076674
2.260812977133513,3.785940812092453,8.559304118638007
2.8100168118653364,1.349867269732497,3.793149721735077
3.5156012889225985,2.684811896799073,9.438728164901548
1.7561200996576813,1.824575630127188,3.2041739374119342
3.0745073457697125,1.7875617678915718,5.495871786399731
1.141505595420984,3.3854895400468688,3.8645552532027145
1.7804582513803893,3.6167715609357756,6.439510769026032
2.6346488462785027,3.5678896624018033,9.400136382695907
3.6000361941670764,2.7466029685394053,9.887870097748594
3.2295353222380596,3.0404131160209698,9.819121552385605
1.6968697606678877,1.8920476660177061,3.2105584702077006
4.352066413396212,1.5375238634216712,6.69140596579264
4.195096636638022,1.4698378551123565,6.1661118423850905
2.3977406020693386,4.8234511013289545,11.565384547752501
1.4916843745941888,2.278680739081353,3.399072453176392
2.1022180912561486,3.31564748255624,6.970214122057633
4.295427573873475,3.845276185405691,16.51710535595062
4.223964887653516,2.853321249509719,12.052328771124708
4.855479251843139,1.4479757734287726,7.030616325054927
1.5874786977341895,3.8120302585277224,6.051516830530915
1.8883603257048263,1.4847951606854535,2.803828273236933
2.882115105860562,4.71561450286636,13.590943792126279
1.7132194048927545,2.438275455450058,4.177300824750758
2.992184460806278,3.35447332721833,10.03720296389182
4.129080369437888,2.011052686847935,8.303798171169129
2.016979792678756,3.438223606567395,6.934827537157509
1.2948226538864596,2.5006826039511565,3.237940485775739
2.445696794971207,4.822974182967441,11.795532501512344
1.761580525350403,1.1243213319457879,1.980582562591726
4.6060977722138965,4.590982253091905,21.14651312824016
2.6365529533362784,1.1993202356897048,3.1620713094036526
2.910007871994259,3.1450221432912464,9.152039194573783
3.001631498336773,1.7852270619954607,5.358593780968789
2.140213532186312,3.1245395987852635,6.687181931172211
4.848927057113938,4.3908765817735045,21.291040261809506
3.6971572406355717,1.6918351251816977,6.2549804830271025
4.257898921651705,3.0349662841417864,12.922579668496594
2.026437822900061,1.9027691721135804,3.8558434186191954
2.5230763273764856,2.1658390353208787,5.464577198926033
2.7725128708327222,4.903661091952198,13.59546349163911
2.97136351497146,4.667186407495392,13.867907408802528
2.6273992116291813,1.6668885750102085,4.379581727855511
1.6249600343968145,2.868069071013293,4.6604976162862
1.9593181915229816,3.2915313193212437,6.449157191913753
1.783547747024222,1.182661054042795,2.109332458431319
2.9735556093300346,1.7687715767309862,5.259540643611953
4.411055298278766,2.6558657705856934,11.71517077885924
4.519181020906465,3.055990329681968,13.81057349797244
1.3011069289374508,1.2269612894896729,1.5964078352930429
3.3646661850903015,1.2805992283722394,4.308788920356807
4.325989873135255,1.8292647738055448,7.913380886765839
2.3057170496592034,4.797582592030549,11.061867979593032
2.9011095379140825,1.0263965446982852,2.9776888055062534
4.548626706395279,3.3764173912955475,15.358062317984405
4.665653507234461,4.350652686532222,20.298637965678093
3.0953307175689675,4.7182951003789855,14.60468375875823
1.8634734571843294,1.9498911278589381,3.6335703611643466
4.331537768596905,3.407574689883608,14.760038468545734
3.9060638991420595,4.760358814270202,18.594265711383535
4.216842756948242,1.0497945331235603,4.426818473285946
3.152018798339141,2.6704539838065253,8.417321157057815
4.996498437935513,2.3220897184764513,11.602317651113703
1.1192895642187906,4.9144941255076775,5.500741988095294
2.6491313250532307,2.969510030297633,7.866622041321228
4.5513390678974375,1.2960069562174992,5.898567092099547
2.5417238378082394,2.7083771683672166,6.8839468106145345
2.7688852725929296,3.6250112549168834,10.037240276722972
2.9314445293154137,2.8011356422196068,8.211373754255083
4.168836000339297,3.7175542290763555,15.497873903387113
4.81134139829861,2.3045992102585067,11.088213586803036
4.1722775820860925,4.720487819218345,19.69518550463517
2.612598018553846,3.321194450396162,8.676946040337043
2.442689471231553,3.423215237147212,8.361851817538918
4.467723187472778,4.997943777864071,22.329429306048606
1.4661991498377258,2.151554865877308,3.154607915178531
4.648974712145298,2.900197916199584,13.482946772628356
4.734106705217808,4.360909007450306,20.64500857301523
3.195029009117806,1.3015687131675202,4.15854979593036
3.4993590254449947,1.8525866631085117,6.482865859967796
1.0028611091404969,2.56468191618543,2.572019751058295
4.958100034421563,2.4229355746992827,12.013156956317744
3.910702288881977,1.052426056256429,4.115724987081049
3.1074740340221183,4.773224657139439,14.832671680614935
1.0518566675117493,3.420666710576401,3.598051086855271
1.6234644042815654,3.505570816649911,5.691169437519388
2.2085119967051963,3.431284597669753,7.578033198063412
3.149301869861164,1.7335620440249118,5.459510186767996
4.665966276037505,2.9789684457884116,13.899766305428589
2.8911907413731064,4.0219993372073946,11.62836724554279
1.4424674415710372,2.828471625766908,4.079978229576264
1.613900241130065,2.4513879598130264,3.956295619445581
3.5453775546739394,1.4649529355064228,5.19381125619817
1.602920244889825,2.095649455200689,3.359158937933517
1.491243999161953,3.9630159851883033,5.909823806494953
1.5728322778786827,1.085772324388138,1.7077377582250273
3.992451045279021,1.8911073630445085,7.550153568321901
3.0800923279456467,2.078804559187366,6.402909974051438
4.854259445906322,2.690448551866762,13.060135296624216
4.814255349588919,4.447058168487624,21.409273577574645
3.3455205554081333,4.952116809615228,16.56740857934989
4.303415573907431,2.485359879148136,10.69553641069078
3.1187701063889897,3.0941420057515137,9.649917592460291
4.136348194256591,1.5662717394524206,6.47864528119915
2.9588472100407004,4.813804050924582,14.243310685760822
4.510398396569201,2.551174178740242,11.506811925158736
2.766208100763542,4.360185367630917,12.061180084771307
2.1216237866029517,1.5398761279186086,3.2670378214141698
3.84215944252469,3.263697777814257,12.539647234575895
4.5164881115831745,3.7269852683613953,16.83288465659987
3.7890508683848956,3.6829548502707525,13.954903273640758
1.8707709518806555,2.8675534317655136,5.36453566311261
2.4789183949456692,3.751264417762982,9.299078369497812
1.8215357330840578,2.728842389287544,4.970683922041738
2.1489218724447845,2.445522074908315,5.255235876317031
3.8112037252360977,2.2524679734309387,8.584614331314997
2.123748326466366,2.4055154248465347,5.108709357806857
1.4098767940284125,4.235879773955887,5.972068595594722
1.5956441603035278,1.6664728307499583,2.65909764069066
4.327438273462749,2.651776918585312,11.475400930171192
1.756138048459012,4.515776247120639,7.930326485896
4.710352591526596,4.274112437328709,20.13257659564734
2.638714624789691,4.772214682004199,12.592512674040563
2.2771545413950403,2.7063841452480406,6.16285494711111
4.426613849938468,4.7414732102757915,20.98867098171903
3.6555903667736165,1.7193344221834796,6.285182350996211
2.3672529778942595,4.675997663243749,11.069269392940365
3.1403052073813456,3.66220045016503,11.500427144127551
3.3459657736550095,1.1368791583556663,3.803958752639773
2.0938003636679023,2.0124168376179163,4.213599106455804
3.5730402967389168,3.6412490515016005,13.010329591477579
2.1360035258606622,1.1842461063424246,2.5295538586341797
4.543696317854841,2.8224096705159067,12.82417242740102
1.0961696694338032,1.2814828070090258,1.404722584944186
3.63583687226932,2.0642744399053305,7.5053651230908995
1.3444891326050974,4.367592030698549,5.872180020926828
2.995917090189708,3.6276276717115414,10.868071738525707
1.6649118011106325,4.9642873971914065,8.265100671688758
2.4127339643892336,1.149058125669825,2.7723715668610187
1.9924334408406565,2.3111789479368574,4.604870223636321
1.0541645666743613,3.0050683061674763,3.1678365287978947
2.8320856672649524,2.7613063941332845,7.820256261751942
3.859255753186457,2.0276041695399503,7.825043056481901
1.173649437272121,2.136369352934113,2.5073486888765264
1.4861994340684368,3.209692820404913,4.770243653219306
4.89834787200831,1.7995114691317737,8.814633175476171
2.525108490863015,2.5614703889095485,6.46799062812969
4.889732755674611,4.690668744633038,22.936116606651275
3.5069655137294524,2.9061135805153557,10.191640105848172
4.595309944257092,3.4878923932632504,16.027946599261284
2.724165249139366,2.132156125640263,5.808345623208832
2.451191054860038,4.627563970713457,11.343043410805423
3.6058988456956826,4.837906386710955,17.445001055424804
4.1528867794217215,2.056083414012127,8.53868162743924
1.0365748402977206,3.030066266728007,3.1408904565250944
3.4022394458747995,1.1821171506297619,4.021845599517698
2.0750577858456585,2.1692166858217856,4.501249973100812
3.7606609029142697,1.723348317121526,6.480928638302025
4.263809301907228,2.8393754833862195,12.106555597669495
1.0448292522554086,2.9893446194948914,3.1233547035205764
4.884238618077104,2.3598593413208584,11.526116128109335
2.3211381942392606,1.6537436822358291,3.838567624319458
2.4875637024981954,3.003507172651118,7.471415422879902
4.546859869306305,1.355154960850606,6.161699708182977
1.218595572656858,3.377559231549807,4.115878725952895
3.938309337611565,3.823662528213345,15.058765838738061
2.279009290424961,2.4280387095571534,5.533522776592186
4.640843755669799,3.488400895178959,16.18912351166421
2.868633564419554,4.609799208725574,13.223824735384884
4.934375450360426,4.470994358424287,22.061564800908762
3.9450438990068695,4.433593090646605,17.4907193729344
1.113479556615696,3.463017913307,3.8559996506612917
1.7835762839074558,3.197493547847554,5.702973659888007
3.962950884993802,4.497174215683256,17.822080538013267
2.7458242366902397,1.3900268964382132,3.8167695418913596
2.554709060365789,3.2788696882469273,8.376558100323175
4.036524133404251,4.69311703841356,18.94388018644702
4.698332369867213,1.6824493657990383,7.904706315996185
4.48644595108755,1.8813185643003294,8.440434055511055
3.9350718463361787,4.9958747347658985,19.65912601659951
3.486775402276013,1.4098782064169977,4.9159286503398105
3.4518582150614368,2.0743539530541764,7.160375733795225
1.1949957052893465,2.483168122747591,2.96737524219478
3.0610488740120454,4.399081226299496,13.4658026344516
1.4363959278967506,2.024286404791026,2.907676748738583
4.4227426055757295,2.118214037194229,9.36831547002749
1.1148540852962898,2.554826966976577,2.848259281358966
2.870521866515136,2.8149371586011225,8.080338666630508
4.909681194042689,2.3247933219636416,11.413994052880923
2.5088463585333662,2.213800622820245,5.55408563108147
3.1563318151839863,3.983966589555994,12.574720497245625
1.9473667358668072,4.359266286714991,8.48909015953439
2.5002990566913446,3.7547668456106065,9.388040002176135
4.305897536697785,1.0116317018121137,4.355982452878168
1.3828666152649252,1.3479810286893414,1.8640779625849615
2.534092538411282,4.528725633498485,11.476209836360418
4.346279878676535,3.274613642101905,14.232387383107195
3.9607799255333607,4.390607724380349,17.390230935617396
4.900830152906904,4.470085106652412,21.907127876742216
3.41253904680736,2.5215182152104947,8.604779366641818
4.339688909921906,3.694737277950744,16.034010390197892
2.1075712624650538,3.5502766177260967,7.4824609733211505
4.897223390990652,1.2430272017936073,6.08738188826131
1.134296042351186,3.393257824726614,3.8489589212645927
3.3448027294138782,3.7159128208385632,12.42899534540485
4.095392482005352,3.9190564504293364,16.050074323642885
2.6627528514429994,2.3633269808846173,6.29295565724269
4.002310484915852,4.81862824722044,19.28564635676206
1.64729385178221,3.4076928685766568,5.6134715111684095
2.8391278334399193,1.817991198504695,5.161509412623477
1.9855214884981849,4.289479117557019,8.516852962373694
4.005949480979924,3.193432357353108,12.792728694483177
1.0638942193103436,1.383560266513391,1.471961769611075
3.838013913217262,3.3905756231404913,13.013076415428493
2.5813944491669223,4.702007525008898,12.137736124999067
3.5076488777669685,1.9644737571125606,6.890684169538534
4.769943340578932,3.957538258066248,18.877233259149445
4.295729795344432,2.434469990730131,10.457825275051306
1.3001897457079759,1.1819178020433379,1.5367174064864573
3.103519732525982,2.199444559337735,6.8260195905015735
3.7328280292200207,1.872105815054974,6.988249060103
2.750997558684575,4.369740904957476,12.021146561622142
1.8615545869168333,1.3206853460687458,2.458527863848119
3.4263318234839013,2.8911397606844473,9.906004168172753
3.5596130747435866,3.932880092638312,13.999531399154103
4.699102379256974,1.873595080110166,8.804215098709841
4.923226752446132,4.931565931254876,24.279217324205927
4.727123153991821,4.095826703172371,19.361477243304098
3.9980936553416813,4.00481083886924,16.011608805726706
1.448678830050055,2.7484884187597785,3.9816769868950415
3.39979293466162,4.220294080271384,14.348125996300912
2.516810299212691,2.952982285832267,7.432096230375285
1.3002924931878987,4.574381102663434,5.9480334087738465
2.2795132033730616,3.229281229119291,7.3611891991822125
4.525922983557938,2.0911056293680748,9.464183029004356
3.483661540650025,1.5924921458669288,5.5477036423438495
2.989815000492243,2.041849008257961,6.1047507936298615
2.613107634798703,1.0228368144570745,2.672782689010966
4.545663842222147,1.3379241442750502,6.0817534062671035
3.0356817526603783,1.9273874920400536,5.850935039891841
3.883149735692759,2.604969180404051,10.115485384373773
2.003569279031477,1.5396005803505863,3.084696424769468
1.0244587959447182,3.5157218348257695,3.6017121577821634
2.3614905463770923,4.651904560518455,10.985428642312813
1.2042466117586987,3.2661987180946594,3.933308739596099
2.8170861616738843,4.442818247667034,12.515801804335018
3.306930675898543,4.2446195136914096,14.036662477343677
4.144689909393098,3.3434802510953205,13.857688858969878
3.5430202132092536,1.9355716280277382,6.857769402216619
4.60770915346864,2.951169433423161,13.59813041182076
3.0904099988794855,3.2265810704549436,9.971458402329231
3.955817925533737,3.479620179679529,13.764743880825204
1.317255088655712,4.50930393713074,5.939903557480704
3.1766694797836617,4.670011663484193,14.835083521623963
2.0940260965367927,2.82965893575873,5.925379655777308
3.907198715383597,1.4214524949552776,5.55389736226807
1.2315707530148239,1.5291033903918811,1.8831990139424493
4.40434715280529,3.225900166544385,14.207984213753873
3.405810290453301,2.661542718097331,9.06470957777694
4.785097754746926,2.5434360997923666,12.170590370458731
3.828391919954438,1.7938271381554136,6.867473321509179
1.2334560475167389,4.4923315355001465,5.541093499912813
4.444382159937664,2.860813328149031,12.714547718537448
4.433937309134995,3.096525207964774,13.729798648272011
2.148882588584278,1.9436493244634154,4.176674191653028
4.573347143088283,2.018129983159197,9.229608992861916
4.974588831973529,4.782756779052312,23.792248459119318
2.707218459960655,4.332651929501438,11.729435284130442
1.922575065664513,4.293958957840239,8.255458425330422
4.590698285817149,3.4317917244042593,15.754320386504112
4.815807459100391,2.239665692146279,10.78579874612929
3.0705251256850437,4.834089469124739,14.843193174756983
4.466375123490822,3.6433931490473395,16.272760526001928
3.576744981558926,1.6848640767774983,6.0263291312228295
4.879537101617809,4.176794935308633,20.380825852687835
3.297349405645457,1.4965268375428304,4.934571878304327
1.700814000572755,3.5442508393220953,6.0281114490607575
1.323021455333833,4.734263079012644,6.263531628728542
1.2710044107157912,2.9250572273089506,3.7177606375057786
2.276403754686583,4.40028679713863,10.016829386704178
2.9054053392276806,2.567888784791913,7.460757785877305
2.412548529873356,1.2661085396926306,3.0545482960955574
4.624614630810569,2.944698860328383,13.618097432805849
4.103380958187376,2.554920799413938,10.483813357992021
4.616976480321748,2.4510798499357986,11.316578018544142
3.73922655226957,4.5299857836612345,16.938643123669763
4.838748813569339,3.140404826056224,15.19563012620698
3.6083373345691525,4.288569462716243,15.47460530421219
3.2822278106216944,3.4958752691823434,11.47425903097489
1.898978396661799,2.988614816248732,5.675314971999714
2.7943315511745936,1.776376168259091,4.963783973721007
3.4737938601978966,2.269208031928841,7.882760928826159
2.312906795974645,3.2514225235279013,7.520237251252714
3.1343500859180584,2.5918273188067564,8.123694179386728
1.242611730321542,1.2578831916632147,1.5630604093350111
1.5464075176512746,4.52468033153365,6.9969996796524985
4.8429879908584095,4.437701843086833,21.49173673307976
2.8854737538711053,2.9823357367451875,8.605451493610085
3.6619089500564836,3.374697995426976,12.357836793191717
1.1883989185984274,3.048890334716847,3.623297976702698
1.4111080510990033,4.5193764347002405,6.377328472952618
2.3318132969959273,3.891350493056215,9.07390282298014
3.369263641634239,3.224065835826586,10.86272779888562
4.199849303400898,1.8343757357172015,7.704101655827397
4.920803026198071,4.950657703683258,24.361211409955366
1.2968590774247013,3.3651103725529583,4.364073933181323
2.6741329665449247,3.6923563246837063,9.873851772067354
1.1609367922502822,3.7224568118778163,4.321537070471645
3.5900072838335078,4.888920670027111,17.55126081548152
1.5120121469113057,4.767990124589774,7.209258984732888
1.8794685938864375,4.226726067019117,7.943998897923572
4.895966488246209,1.2679282062796076,6.207734007447085
2.228254791291988,2.251244785105978,5.016346978783497
2.340160014463481,1.553572557056449,3.6356083775912866
4.089810532259194,2.4767867378014463,10.129588486420246
4.297627332086109,1.4175296150354502,6.092014017617851
2.575766912496636,2.4906530917501337,6.4153418242374425
2.4627810841290603,4.600027957340231,11.32886183980236
3.728068593411073,3.0336590684443876,11.309689096184215
4.922842194119046,1.6402688793898514,8.074784849160725
3.779283101794665,2.8520106370982585,10.778555606924085
2.2006561603192227,1.253977035561289,2.7595722882067877
3.1434453368590076,1.4252698992844528,4.48025801867122
4.186942631060338,1.7880229020918077,7.486349314080415
4.125954615122364,3.9575022377964633,16.3284746223934
1.5570576734023591,1.9868492756283525,3.093638910511045
2.657922333451088,4.068768202510606,10.81446987508858
3.6372294217344106,4.599143798998984,16.728141140506477
2.6609711259639606,2.165295467834103,5.761788719087174
3.1475077126742628,2.7797653913651823,8.749333008746902
1.5324303346240056,1.3215529416744185,2.0251878166334683
2.0163158018534055,2.8563634974493644,5.759330855744413
4.243290401816499,4.506468096758658,19.12225282106828
2.799265276008896,4.980430523946095,13.941546225257094
1.809174195981135,4.019602979829804,7.2721619891969596
4.146890511474599,1.9511067708302088,8.091026154829636
4.160140135220287,1.3599552864439208,5.657604569240356
3.284262859683945,1.5581695939615963,5.117438526536883
1.5518621790131713,1.3794953028754207,2.140786586658685
1.9296905813047927,1.1254531271428436,2.1717762991475706
3.6359009525550197,4.829197738562747,17.55848465771684
2.717567943461478,3.0163315211254993,8.197085848663056
4.336670515311536,1.781290281012002,7.72486904087575
3.725742972947619,1.7844178742164307,6.648282355663994
2.497946269961125,3.9092530543768884,9.765104085514883
3.555767087883529,1.2192134327165718,4.3352389971590855
2.754272991978079,2.410747468616032,6.639856643288659
2.2953432200477675,1.4828428107573672,3.4036331920684977
4.205164460459757,2.908033133328105,12.228757582110779
1.0872834147982724,4.833350641090901,5.255221989962734
4.074637206682645,1.469853553573476,5.9891199777651885
1.485042927097839,3.8901647946513838,5.7770617135420546
1.616799194943631,4.163980400340797,6.732320159032059
2.7172769379118487,3.8838462123650896,10.553485743255942
1.8989149296451497,4.481307735900852,8.509622164036433
2.003924743145335,2.351061010127189,4.711349330838139
3.8049514228099883,3.4615105096317733,13.170879338695144
3.0836723936238397,2.7937607158755324,8.615042793936155
4.490584060115706,3.389016696866359,15.218664358414054
3.1406747157967962,2.7036523222993614,8.491292488950895
2.2561499292389504,4.839763032130703,10.919231022474973
2.0256721708973773,1.2349226716456316,2.5015484891627957
4.602550420995379,4.137082542132189,19.04113099598314
4.369689170972944,4.586145509178557,20.04003036796374
2.42803354402152,2.8319545560401065,6.8760806572099495
3.306691992661384,2.8692685429036415,9.487787315614668
1.8459681266972727,3.2894822555855194,6.0722793971471205
3.435658451120593,3.488211130819796,11.984302050893954
1.9788246898167587,2.067004098338565,4.09023874374478
2.360086698099742,2.457882546047069,5.800815902417214
4.7476296602613335,1.1905784668987378,5.6524256423169135
4.326883481834017,3.400362172204091,14.712970915163117
1.0923578628420887,2.037758249454065,2.2259612463624783
1.7414964797970924,2.203868799184974,3.8380297557152776
3.3042645154039865,1.2240090724316293,4.0444497445683805
2.8276758357749823,1.5310602519127925,4.32934207744936
1.653112982618825,1.4265825518367996,2.3583021372189066
1.7336270105241174,4.192346262526755,7.267964718186215
4.29232283341887,1.5051782932630302,6.460711156539349
2.358588017159795,3.880061332771532,9.15146616532
1.2342996663344055,4.902274698844719,6.050876025063635
2.9415847345213244,4.24154668980001,12.476868993475163
1.9668878833151786,4.044154244468258,7.954397981702267
1.700176250417483,2.723910195408957,4.631127422504354
2.1514902369751994,1.1286438970404915,2.42826632550426
4.679083955550885,2.0277975697248003,9.48823507360439
3.2357374495408306,3.4908987479053106,11.29563181115241
4.002965420768625,1.6739728633386228,6.70085548724955
2.3833772584665263,2.9521016982217128,7.035972052222042
1.4880367330155746,1.978521239838027,2.9441122819305017
1.222088823706946,3.1962355641687394,3.9060837609052816
1.2000658666926887,2.7501212979722913,3.3003266989611397
4.2564709930002085,2.5911514233356656,11.029160871899464
4.327760577435919,1.5405369944468457,6.667075272648676
1.8411503813289913,2.637484694083361,4.8560059502609585
3.4561891334581745,1.296398007538774,4.4805967062923395
4.084122286375365,2.009207448292687,8.205848917523541
1.4014107732446024,2.7834912730647865,3.9008146573053253
3.7337497309294356,4.056172874005623,15.14473437692177
1.7645244686374189,3.26588775780092,5.76273886046312
4.402677465032157,1.6867553284621133,7.426239673643061
1.3362286437845259,1.6999560379178793,2.271529951040324
1.859959216300295,2.3320201017012407,4.337462280756774
1.343094039251632,4.293790424917488,5.766964325502411
2.130681996416479,3.6237630142320585,7.721086613704161
2.778728071059198,4.8726300244958445,13.539713828952472
3.4619764688186594,2.372373839293658,8.213102406875624
3.627831216803247,4.531057678440618,16.43791249098292
4.691318794196592,3.9139696408372866,18.36167933597485
3.083417474573431,2.6791720617059527,8.261005952453061
2.6124415786473016,2.4532114412873085,6.408871570432239
3.631014090144929,2.7614737628675328,10.026950142537547
1.338451235162052,3.0044069661701305,4.021252214799885
4.149581550172373,2.7342503141076113,11.345994656973959
4.209968646046133,2.2025369004154816,9.272611292508811
1.5968165445194398,4.8951977263370825,7.816732718108998
2.7550974533998285,2.4846515749192477,6.845457226645893
1.9775339740941225,1.027455998265066,2.0318291434559597
4.707202413219001,2.921772313840276,13.75337368658541
3.5487678181724287,2.560989698514141,9.088357824758093
2.0202211302958695,1.4795722520412422,2.9890631273731634
4.854439013106986,1.8042113024561832,8.758433734531863
3.796770172022103,2.9924310387957633,11.361572909932871
4.311479904985987,2.648108191642526,11.41726525449553
1.323553641875229,2.579975252118251,3.4147356408890728
3.3225828018139314,2.944863449881709,9.784552652267408
4.58459077043606,1.452244810317481,6.65794815379519
3.643201862952235,3.164000163259314,11.527091289167508
4.862227069599834,4.4725369539767135,21.746490247411163
1.3580332299012947,3.4698738738266157,4.712204024222877
3.0919424011847556,4.265912793189875,13.189956645020269
1.2372014748903508,1.8691733448319097,2.312544019051769
1.5199937762897378,1.7887068648768332,2.718823302219515
3.995340356284032,3.6809199416042215,14.706527990942009
1.3987734992656478,4.36871525385938,6.110843122936097
1.44480848854479,3.2539504955521092,4.701335297278214
4.7268273477097456,3.445487492946471,16.28622450785127
3.0754804179902733,4.635032520491643,14.25495175352015
2.535729639039186,1.1120609649334838,2.819885949200352
1.719594323051584,3.040595687731677,5.228591083318519
2.1265322998365086,3.3643992452178426,7.154503664501313
2.7900237508789116,3.1719276243055194,8.849753407881321
2.406511075349899,1.7854644269209277,4.296739918028472
3.5050643669510175,3.705035511500132,12.98638794964725
1.3141834845533342,3.828375360155148,5.031187670986818
3.516442483865249,1.6967560515649098,5.966545064478304
3.0882410987767868,1.3259406684216026,4.094824466759158
3.7117818270330067,4.330531553728202,16.07398832252135
2.7866196353226744,1.829153509130765,5.097155084563163
1.9329454414004337,1.5513400789768101,2.998655733720014
2.1810308317829454,1.5603536677360959,3.4031794578180268
1.064506072811238,3.1939734896455523,3.4000041761257926
3.412070754866742,3.9831415282752642,13.59076072112325
2.722148176439372,3.2687572142151335,8.898041489898766
3.501567299789207,1.5769812943382377,5.521906132634031
4.686637952588409,1.2714313438125942,5.958738390022586
2.9044817392972795,4.414551243720151,12.821983474577273
4.9900015313752135,2.1303630582620623,10.630514923112875
2.4476985733588603,4.145554420334964,10.147067640435408
3.123286182602117,3.588323029447613,11.2073597365867
1.8758714568159784,2.2333762260377217,4.189526714755553
3.370606153164823,2.9147784519321664,9.824570185194798
4.023173541285072,4.288004084035693,17.25138457581473
1.7478587250223345,4.723423393505671,8.255876790313492
1.5587785981047206,2.0143703836497964,3.139957442689298
2.2027293269145627,4.219179563708312,9.293710560498887
4.907926369674842,2.127291794096352,10.440591492238388
1.1433129305995715,1.927351835184444,2.2035662749811893
2.3184377254463695,3.1029594575865307,7.194018266999216
2.979135270951373,2.0592918586018776,6.134909009143861
4.372671751059684,4.47698932842836,19.576404766214356
3.8706587569133557,1.0794514561590813,4.178188231445022
2.9673985647595424,1.788636976403056,5.307598796654276
2.4159363729424705,3.3662077668659007,8.132543782852778
4.047755427734778,3.3027233521262724,13.368616374875518
2.3322338001721814,1.9191684101814506,4.475949434447888
2.574707311290699,4.101345191592371,10.55976345091983
4.667651526133705,1.4546410591114984,6.789757559538534
4.878055872594965,3.1591565383331544,15.410542104262824
1.7099940885330693,3.413411814897545,5.836914025203737
2.0470259673476994,2.3653268265845946,4.841885435282793
1.5667173651318613,3.779317163524629,5.921121828434927
1.528495126684024,1.4397078467527447,2.20058642761032
1.5973658714694663,4.856455581459918,7.757536402131476
1.8941404935243207,1.6765239268482675,3.1755718582057093
2.2090018691984583,2.14342289377463,4.734825178830926
1.8088906958913453,4.571584557442928,8.269496771439066
1.6891439499943282,4.6462295338378965,7.848150507367251
3.7821820605565866,3.9904301468957404,15.092533315493254
4.603886517065778,1.7767596895217634,8.179999978655225
3.9969643518987863,2.460538030999739,9.834682796397187
3.638648428731058,3.6058591647719362,13.12045378412289
4.355828233142864,3.873831927995966,16.873746482415083
4.526117578289167,3.644603990461668,16.495906187131396
1.1818961643435992,3.0325526118874198,3.584162300159905
1.050781092811147,3.399580564591652,3.572214980761152
2.0095571422611815,4.388704205734424,8.819351881905297
1.734099896972297,3.5642956919503037,6.1808447921898235
1.1098604409146682,1.088946767430512,1.2085789394330306
3.0081818568547463,1.5528414735150626,4.6712295471996015
3.388728034113201,3.041637245418638,10.307281403152993
2.7727452600935414,2.898602858444711,8.037087336646163
1.5700317675957227,4.729764611890747,7.425880693918527
3.5091954450303,4.441533238583223,15.586208209786923
1.7529803496229608,2.7724709263546687,4.860087053800701
4.356797900630049,4.555516575150838,19.84746505090256
4.02178233110471,4.893240103129475,19.67954658861911
1.7933727397440262,4.512281785586499,8.092203148314326
3.571088223606832,1.6959551988186083,6.056405638265916
4.151312701527661,3.87056618180492,16.067930552630187
2.2930593528903156,1.6419636939005864,3.7651202054050708
3.4022619154843086,3.38320336564049,11.510543963256973
2.8652723357770014,4.415577741318027,12.65183274867124
4.598578289535935,2.6010533717945807,11.961147565458798
3.823824582739744,3.7704856902094845,14.417675871091458
1.5402419908760443,3.846083021220811,5.923898569679693
1.8481788995550246,3.5101066552682543,6.48730505545445
1.7955718533855007,1.0495053802015022,1.884462320666466
2.0894305949929306,3.944924574296296,8.242646100474143
1.2746673714400223,1.6033416151178481,2.0437272420626673
2.8740679386763412,2.2400166788201767,6.43796011869733
1.6801040157153446,2.748006148688282,4.616936165621641
2.4527932660804996,2.910618629200276,7.139145773830891
4.057582353693459,3.411299721959675,13.841629554982982
4.045541854213065,3.6232936320246196,14.65818603845927
4.301816734315786,1.0167871226429228,4.374031859422122
1.6791936421769917,1.3794873798926979,2.316426437779215
1.8019485391165726,4.398482683546257,7.92583944594572
4.514494541570324,1.2276360894459395,5.542156424838431
4.734504574929801,2.395063382707591,11.339438542675934
3.273953300318177,4.4775241010775435,14.659204807977003
3.7225706004943735,4.004963253739215,14.908758464429887
3.9973843304364047,1.1999314475726144,4.796587166124641
4.662445274610688,3.419336872064991,15.942471041461507
1.6940260654068924,4.244463265543635,7.190231405492973
3.260948129616943,2.6925040618574947,8.78011608450022
1.1283003997003442,2.603848161878038,2.937922921805997
2.3192800277809646,1.2314141004703112,2.855994129148655
2.0285592487118573,4.618261759611869,9.368417605432953
3.333311008119752,2.367050922153699,7.890116895594936
2.688267950427691,3.851783533270125,10.35462622447521
1.106811976023517,2.383750122487581,2.6383631834167804
1.7946725851325436,4.000692336715298,7.1799328582528
2.9304743467584786,4.058990514051073,11.89476757516268
2.9190075823549435,3.701900866919826,10.80587669966531
1.7527469984852861,3.4450686489954077,6.03833373410246
2.7926830870376618,2.856474194699332,7.97722717209635
3.8925086144067116,1.7016919555074925,6.623850595879517
4.768596616421856,3.758160596578545,17.921151904814394
3.1121633536892825,3.282706012604162,10.21631735336214
1.0415092196434568,3.6295011623573488,3.780158923301822
2.8845686771648076,1.3008612992259785,3.7524237570831738
1.310355313440514,3.80672008668784,4.988155892372145
1.487169467145982,1.7936688297930412,2.6674895178396745
1.778526665354447,3.4169954460252554,6.077217516150628
4.486207325253873,3.326447004844512,14.923130920202254
4.345497425683593,1.6340749633589313,7.100868546650248
1.009971058834266,3.773730259881919,3.811358346327852
4.218200384904517,4.115341543736921,17.35933528380463
1.5294884055308895,4.096186589593037,6.265069895673666
2.7601728769214433,2.1088514320579432,5.820794524223278
1.6969967470464948,1.8836201535960795,3.1964972733237658
4.407341900404953,3.92229516231208,17.286895814613676
1.3264384827673177,4.183423047991573,5.54905332055177
1.3157077640271173,1.0427879694144995,1.372004227592729
3.0362001823183684,1.3576469608372044,4.122087950017899
1.0540860210544167,3.5768093065251536,3.7702646899855066
4.433336175554459,2.203617305927228,9.769376319445037
3.318319279617154,2.22743301661024,7.391333923073556
4.423607081875273,3.5354629244416866,15.639498830267708
4.940544122107299,1.5728344975105917,7.770658231723542
3.5126831226074957,4.704660426080389,16.525981276291972
2.5297256946790396,4.633566002046608,11.721650973368536
3.494734309144789,2.3782696449884835,8.311420524738852
4.322370198574829,1.8436237532839055,7.968824368579026
1.013728265338644,3.788578676367888,3.8405892896933946
4.14557903334737,4.780428091838557,19.817642467950698
4.27657558010247,4.411376411855267,18.86558463758029
3.1715638373652766,1.903955893437744,6.038517659565645
3.85694635914482,4.581235007080509,17.669577680945963
2.46280214286719,2.391229666246114,5.889125546118525
1.8780165464454561,2.1316280477154534,4.003232744476846
2.663011378523444,4.933584664822885,13.138192099332116
3.6531436617549713,2.83930220953276,10.372378870561487
4.759018339826837,3.2910514415279692,15.662174167545155
4.528152124107002,3.408799913444111,15.435564568717718
3.3745764326218057,3.290039349819908,11.10248925230063
3.3355179788545994,1.0235272003996885,3.4139933787798755
1.4979097507329948,4.8279346754984775,7.231810426331107
1.2357623241672977,4.229587131245383,5.226764423575887
2.70096169788755,2.3478571685818634,6.341472284450325
3.7324810488869784,1.4615374011986804,5.455160652213599
1.7758834746312155,1.6739344974415094,2.972712611621485
3.431679392965325,4.943408675541032,16.96419368286017
1.0288970634600996,4.083687168316964,4.2016937355710136
1.9931069559907613,1.2604198715204693,2.512151613396429
3.90610343442947,1.6700732285544824,6.523478773805377
4.782872599957715,2.069414608368303,9.897746428316982
3.2805180363020687,2.787286804876195,9.143744635743122
2.023777873241467,2.395005575150579,4.846959289279695
3.857687652929784,2.844902440793536,10.97474501963903
4.872671436006994,4.4727078627917285,21.794035844629143
2.113093625243761,1.3089807131046443,2.765998800428456
1.1953962227220156,1.2646599036516863,1.511769671853214
3.2664176735641695,1.9194464019235502,6.269713650702238
1.6219388285377923,3.9369180397895374,6.385440233505544
1.7925317056279964,4.72284384612839,8.465847334915209
1.6949648269314879,3.3470697337759736,5.673165472037215
3.4430416823619248,3.16924030532689,10.911826472661915
3.016756288994369,4.606231849490646,13.895878900517069
3.8545310288970063,1.3862284366382909,5.34326052216168
3.325138768576342,4.642329894566078,15.436391108942589
4.370571945235143,4.071622415577673,17.795318701114322
4.3289614212053635,2.5468138108158764,11.025058734014944
2.0986150186203534,4.0055475854548,8.406102320633938
2.6141527758772676,4.320996284131645,11.295744430718099
2.022737614307414,2.624031151038173,5.307726510319292
2.7547091520470706,4.00051897098525,11.020266222310998
2.9223656278085897,4.639059441407952,13.557027856931514
3.204068867009244,1.7533339656621876,5.61780277284807
4.736746622705029,1.581032282117893,7.488949322709554
4.166303737876242,2.0588710596883018,8.57788219178459
1.7049359794534067,1.5326507555516233,2.613071417076411
1.4981865425609442,1.7113571613224452,2.5639322686085864
4.638155495395816,2.540258587080688,11.782114325394705
3.1920936401048903,1.8372621210172002,5.864712731704626
2.0720533508677548,4.955501506529836,10.268063501835353
4.909697131555765,3.6430568280486,17.886305658764854
4.215841264023713,4.779808176968175,20.150912546580393
1.030061056843798,3.7076940657940396,3.8191512678652866
2.655658948301328,1.6125256633390181,4.282318207211798
4.029061217722341,4.866844644331134,19.608815009154252
1.9581192401212495,4.836632458447465,9.47070307428092
1.198859361369684,3.5213540640333223,4.221608284363531
1.1924862979396145,2.388152244891198,2.8478388294264843
4.293736881661482,2.8758674199400702,12.348218007765327
4.978678927464705,4.741384812590599,23.605832653446008
3.8988127102259864,1.5358869623187905,5.988135610158881
4.318246187359589,4.804670987222465,20.747752172090646
1.4072617979085495,3.3525100556039997,4.717859328355776
3.462201395427085,1.8623594818118563,6.447863596715872
4.415250976151551,2.5598900713248565,11.302557136257736
3.024207614666035,4.445405905759105,13.443830390478048
3.472225122853855,2.466343126184091,8.563698564314317
1.7624987671913668,1.266366046371239,2.231968595542314
4.0048159873222176,1.219582600204486,4.884203895158926
2.9405496500719304,1.3403449194108061,3.9413507837491357
4.2155643654856085,1.7660344164775932,7.444831754324112
3.388601457721534,4.274815396292391,14.485645683366853
1.0819354605024896,1.7092947924487274,1.8493466484025212
1.9472042750735103,3.5718685759511977,6.955157761092903
4.081479449293907,3.182955799464519,12.991168683525292
1.02906527623822,2.510563880008904,2.58353411269506
1.5991398894143356,2.3258495275373363,3.7193587562604407
4.132322067687181,3.2897092501944956,13.594138130853363
2.3408805540827764,2.617821060535458,6.128006414675805
3.216514481624051,1.5368534682654955,4.943311436810115
4.199029465289533,2.4952454702785394,10.477609252829824
4.731573339998785,4.328581546335278,20.481001044650718
2.94400029424684,3.367754673777024,9.91467075055073
3.5687060446362624,1.4764086635688973,5.26886852203167
3.4755678959655745,1.2433018507213975,4.321179997361872
4.077486015824437,2.2916791569553365,9.34428971524172
4.322305958034043,2.8824346213144314,12.458764337350969
3.7774811963503487,2.9310265086952643,11.071897522600773
1.2075444199435559,1.0290242394176854,1.2425924782954876
2.022208204926516,3.2199624555420296,6.511434497152425
1.085363833825928,4.949863858919617,5.3724032148333976
4.150907013664215,1.524951704652107,6.329932726339631
2.0080076609466073,3.8143952646448964,7.659334913285414
1.2325992664842178,1.538622509144056,1.89650497616707
2.907350955737321,2.8323749300759684,8.234707959962794
3.11352073129528,3.4373896950440392,10.702384077060378
2.1731055313591976,3.335345361391817,7.2480574538338
3.015534936263809,1.3452122956614643,4.056534674258786
2.8709937038427027,3.1522841254442193,9.050187876873654
4.337809851524204,2.010329056259022,8.720425185045741
1.967497884849915,1.819656540003392,3.5801703936099885
3.7465633411499777,4.197775088584795,15.727230261284392
2.2683576971304054,2.4287338160294962,5.5092370458714095
1.6527391345776503,1.8516376865930795,3.060274067691209
3.2096778171578624,3.0375219270422735,9.749466748358188
1.9969167234813545,2.7853732331518057,5.562158390418171
1.6357258802386965,2.137498244454251,3.496361197418598
4.663792152340482,2.1819110248057747,10.175979514594351
4.612153840775618,4.915730886774808,22.672107089657768
4.111794907104779,2.967666110660148,12.202434399799843
2.6279334331271484,1.171417158102146,3.07840631391542
3.3719703753510974,4.19742740364695,14.153600857784388
1.249461084259424,3.955650942010688,4.942431914956487
3.5517942609613673,2.741601695010683,9.7376051661809
4.841755471923942,3.142588798218153,15.215646509779626
3.1327135353039415,4.517992805383328,14.153577213830177
2.639499691639623,1.3709349661447723,3.6185824203971038
2.8135649239639973,3.205677403966501,9.019381501344112
3.965092480322615,2.145296513442049,8.506299073511391
3.362692332263084,4.171385847036177,14.027087202739303
1.894677319420909,3.4934183518864597,6.618900518568047
4.687532676566243,3.6825268610012123,17.2619649932761
2.133858838473087,1.6905456957853504,3.6073858747942045
1.0169679014550015,4.38052283513002,4.45485111491789
4.359586146546871,3.758817622966743,16.38688923648205
3.801157302871899,3.769422524861339,14.32816795798651
1.7735401155009383,1.0471745170991444,1.8572060140056559
4.695918121536103,4.572767060298357,21.47333970401843
2.9540123044025712,4.2786825787739176,12.639280984331076
1.2203792338098136,1.1258005078687403,1.3739035612155523
2.6017514105970254,4.413294484236484,11.482295149742345
1.8471061417509782,4.2785558223972435,7.902946737374356
3.069893151798002,3.7134916770562887,11.400022668653978
2.484462070340521,3.8270178768695367,9.508080757597474
1.2844466565549033,2.2167467451886664,2.8472929452865468
2.9153025547838682,1.8084609071544735,5.2722107028541885
2.606113742247436,1.4937611145136747,3.892911368168934
1.6777612942165132,4.952706454241389,8.30945919054251
3.9907729089120227,2.953883628890135,11.788278762253485
2.2174657904915187,3.215289147513631,7.129793691150115
4.361275003160877,4.726704098915549,20.614456433938443
2.1251485639008703,1.8033006750249516,3.832281839810746
2.4278286265987403,1.394734820698912,3.38617712420688
4.311307286599703,3.3095942010215422,14.268677594552297
2.967908929356648,4.006049529326955,11.889590169534467
1.4681467438020959,1.9739810442436032,2.898093842433307
2.085926221563976,3.5861674408442736,7.480480699776049
1.2480420786249193,2.072007440665002,2.5859524731738484
3.018263920745435,1.8893149474717026,5.702451140878897
3.781660772917452,1.2789302024121705,4.836480177761482
4.40766963703916,3.2469101676565604,14.31130736017355
1.535916223797369,3.0782510406430594,4.727935714244809
1.3402453607204912,1.7718224197731143,2.3746767781214713
3.8412233567737912,2.0028067376127767,7.693228019622116
3.1281792927589045,3.434254669054657,10.742964341797363
1.6753473996651604,2.414247087614845,4.044702580384718
2.2287275164548355,4.467893889052677,9.957718051132108
1.5016913981138416,1.62967890395419,2.4472747917556004
3.417090094513092,1.1234229883104008,3.8388375653037676
3.724234484191749,3.7956101226423997,14.1357421072921
1.3922146080047253,4.828129175686247,6.721791967724206
2.091490937260734,2.38951337923793,4.997645577139402
2.460724094623646,4.671188015215535,11.494504899558075
2.8500664136936305,2.7425437419355876,7.8164318069762695
2.6810240498349165,3.5110427749776725,9.413190119714264
2.7588803600931406,4.877078126105177,13.45527505675143
1.3314782266788403,1.546719111671492,2.0594228199786295
4.4712266217105245,1.237462316409101,5.532974452491945
1.8808137649864243,3.866257341585783,7.27171002703436
4.4498229332586865,1.8028712185005755,8.022457693795893
3.337564350348645,3.0444091957002537,10.160911599442759
1.7543555159212754,4.622169382205017,8.108928351193805
2.7892640920550273,3.7099647993651144,10.348071597657247
2.88776713926979,4.3569599639879675,12.581885811118541
2.8961527843987414,3.5807939117936516,10.370526257999245
1.4910846729431109,2.3193671177023627,3.458372760134233
1.052598642729142,1.466479838801078,1.5436146879116657
3.85489920155229,1.9206340216077122,7.403850556369734
3.989124259521614,4.19808809110323,16.746695047828677
4.16695559622654,2.511127142270213,10.463755298319223
1.1899106158557013,1.6825220992017091,2.0020509072519332
2.2147321311248858,1.5250273532833418,3.37752708016096
1.9825354922165848,4.6364479274318695,9.191922573947705
4.873667231508867,3.2885450914217143,16.02727445140134
4.595112944079677,1.3509450010040265,6.207744860853334
1.6601506678854463,4.033403483539202,6.696057487049092
2.6180764565976102,1.8519878623928356,4.848645820435218
4.065938228832449,3.9171803214087335,15.92701321804595
3.8731606260801015,4.251331230992095,16.46608873230323
4.656258321768002,3.5819032720785344,16.67826691838371
1.012921563438716,4.289117705193849,4.344539811717632
2.046889824095996,4.094145112710395,8.380263969579262
4.767676941169055,2.6070551182578976,12.429596571674944
3.3839885661422486,2.2137967084852916,7.491462749277572
1.6389838082962767,3.481666109763959,5.706394379797016
2.2595052230985138,1.9760300462291553,4.464850210454374
3.0840494109551155,1.0426595698718724,3.215613632290062
2.5980516335868233,2.1344985471923734,5.545537437421847
1.4742775321603672,1.3688255404645813,2.018028739754204
4.470062994709716,4.424494822676811,19.77777057713234
3.594161440870065,3.7212748324891582,13.374862513812744
2.4137733363472256,2.330090930226121,5.624311358644314
1.8196683927836808,3.353944532637206,6.1030668571895585
1.1216716505232176,3.530827293031593,3.9604288774871717
3.6052892660349247,2.438029465889936,8.789801463649848
4.731933982248961,1.947613742115689,9.215979650612294
1.1080352911453573,4.9994623764846935,5.5395807498984775
2.84027045927051,4.8021524969489136,13.639411877996118
1.5177355270721264,2.50203871022054,3.7974330406114345
1.1255704616880733,1.988246605905799,2.237911650159135
2.8783669582750453,2.281022982834459,6.565621184856692
1.063727897065497,1.1891201777789377,1.2649003060669395
3.8090440019237644,2.0994531656393214,7.996909487898316
2.9630112186001143,2.1657842916974537,6.417243153367457
2.061321387700081,1.6116910146840109,3.322213158932197
2.16982105111816,1.233466583317747,2.6764017583336392
1.6912876982875864,3.641724114220612,6.159203194938578
2.789147230923999,1.8044438283245343,5.032859507129275
4.409978212496259,4.925925531406802,21.723224269883055
1.2112967012565856,3.437252240420224,4.163532300207826
3.4267065667478573,2.6442296709611033,9.060999177471938
1.5269010090647441,3.2141240888507885,4.90764931452557
2.0947025201774996,2.313444925236426,4.845978915184589
3.56112637885914,4.242629385027948,15.108539418745956
3.273902213956571,1.01436415872816,3.320929065018318
3.9715006782501225,3.311147344859124,13.150223925894103
2.6360367618142244,4.425800862800967,11.666573774812463
1.7923615721187018,4.710643183327743,8.44317582175956
2.1943633673632235,3.6482429910070557,8.005570774705522
1.507163032480086,3.770569738587158,5.682863321386666
1.220106128325177,3.918608107871857,4.78111776691918
4.68927296039611,1.5876710759152024,7.4450230462921585
1.0795872796356507,3.290669606067424,3.5525650481940487
4.970289257948405,4.346046911516806,21.601110278851824
3.3189761390241985,3.865722978837264,12.830242326838427
4.519108259234418,1.3332223863594548,6.024976297593232
1.8097514236665155,3.2756245776026574,5.928066242713438
3.157947154206372,1.2061595334124973,3.8089880660588813
4.348666676756555,1.8111006059581904,7.875872853383988
1.9073183092122918,4.485441586391757,8.555164862627226
1.9464680989289587,4.0374223180030135,7.858713743896676
3.276230340207756,1.25272539226534,4.10421693808837
4.357999788132908,3.144992573227039,13.705876967803004
4.580238950649768,4.061794243472457,18.603988203477556
3.6322205882673053,4.577839651964053,16.62772343365027
1.5955549663850883,1.213379372137457,1.93601348332314
1.397578994064542,2.987899958618949,4.1758262185321575
3.1821772939766433,3.8999399691918617,12.410300417834312
3.4740468231057404,4.7495068360852795,16.500009135221063
1.2199168186555398,4.8631553531663485,5.93264500706235
4.055562121624731,4.104134860344406,16.644573881652377
4.056256582940263,4.297632032832567,17.432298224232042
4.088297267814312,4.006669268040763,16.380455021566622
1.0931181482251904,3.7840178979665264,4.136378637476147
2.0995238347684344,3.0666463670277286,6.438497140380744
1.2075421399522162,2.4323268001152996,2.9371371092743552
2.9131276122118246,3.5952129659408962,10.473314162864394
1.2023979749538287,1.3121995318227517,1.5777860597990387
3.0547010767835734,4.38235888376594,13.386796401091877
4.376788447010223,2.8107747032597112,12.302166248375691
2.053676891437615,4.152585430363368,8.528068738057772
2.833046833852275,1.1725249863473066,3.321818200183919
3.2065466764142636,1.0040783807865554,3.2196241947705446
1.8958769200227827,3.7610839689716262,7.13055229104099
2.3780901999102064,4.6071982428646905,10.956332990400044
3.909529958443083,3.2620307222876948,12.753006834145472
1.5341442716448945,1.1776930642859451,1.8067510683302053
1.8311405799968514,4.737777693646941,8.675536993840804
1.9662918708804034,1.7557017969362838,3.4522221710059315
4.007378574968506,4.999872865454267,20.03638339858782
3.1711088724438703,2.437585679617911,7.72984957597848
3.159529129371045,4.180270772744036,13.20768727514319
2.0678057064678046,2.9898530258868536,6.182435148428869
1.2662708102404556,2.0814794981506197,2.6357167306220823
3.310497084534938,3.2666806612833406,10.814336805285162
4.610856442712441,4.789629741902862,22.084295153659937
4.073316744826358,2.841387236605406,11.573870209400694
2.098908427446378,2.5610274149859484,5.37536202423522
3.6423792564693813,3.540061391926072,12.89424618057965
3.7873841739575296,3.8970423924999915,14.759596682596055
4.9592163608711015,1.514934887321799,7.512889878860684
4.963498495855218,1.369756772578807,6.798785680382406
4.591213499849868,2.444864141036768,11.224893249626861
3.868895762641065,2.443963926193833,9.455441678098941
1.9325364956691122,2.086691319014241,4.0326071291909384
2.0393294873650203,2.4975375226063394,5.093301915651689
2.169229096733169,3.476860772840488,7.54210755373576
4.899290889400509,3.1862122017060948,15.610180411515408
3.765021802825204,4.770294612413606,17.960263221636833
1.3013305056956166,1.286551395633854,1.6742285782836044
3.198877742655037,1.6974938368428298,5.430075252970629
2.1069668565174458,2.223095476186372,4.683988487198555
4.08300397007379,2.928456489204782,11.956899471611479
4.482177746259239,2.2617765416895788,10.137684482172213
2.926360323794367,4.6337333404770735,13.559973398615243
1.424422905786046,3.6962969956637166,5.2650901072115435
4.913641293048617,3.8803585380907077,19.066689944596266
2.5886379416889276,3.6808648500944443,9.528426409183606
1.6868902901291931,2.966246078013406,5.003731707134616
3.3300449094845344,1.8323096829579364,6.101673532333297
3.080670606225752,4.704555378295394,14.493185469275893
4.395788023488304,2.0392437209309304,8.96408312544191
4.923890804962691,1.8928518070647868,9.320195607963319
2.8196190370097587,1.6188292660228658,4.564481816146607
1.38258209877231,1.1779841440267287,1.6286597901689777
1.1791778934163895,3.4188654728440193,4.031450586142239
3.131201434798708,2.088227759050852,6.538661755326518
2.4819129675017426,4.489971010597825,11.143717274909648
2.8187135445482063,1.2232929151678351,3.4481123089334367
2.3852217090027756,4.75023296540029,11.330358791893403
2.225907026589644,2.9007893147905395,6.456887318448421
1.2527724182001432,4.698572594731855,5.886242151591148
4.5062677094602055,2.695905043762925,12.148469846479772
2.616371040714795,4.504300417824883,11.784921171876576
3.69179274838854,3.7161273679580846,13.719172069115848
2.10991737959458,2.892825175743978,6.103622114430964
2.8260652413221226,2.7894951970809814,7.883295417305566
2.061647802304395,2.5766786132504884,5.312203800252606
1.4813550867645264,1.7315547715657669,2.565047468870336
4.967198974508274,4.06113826905151,20.172481845368964
4.064596331109662,4.509583503764178,18.329636564232533
2.970394599925536,2.9171078938124624,8.664961535180693
4.672027398429687,2.721071695423661,12.712921514110866
2.275572021698201,4.019914595785459,9.147605183785624
3.556189662051957,1.366026266964818,4.857848488671713
4.2445843843703415,2.4074842724290866,10.218770148369694
2.0261297240388587,4.442039423623019,9.000148111555038
1.364282303265012,4.083466718538635,5.57100138007391
2.115715397346586,4.882441908972082,10.329857523462492
2.7460305175368345,1.453411179298,3.991111452881508
4.923063704776199,4.832657973984132,23.79148306931856
4.409247809649131,3.363067798026364,14.828599322149273
1.5788572856702334,1.4665095355624649,2.315409264727668
1.6420016893846956,1.1608109504392758,1.906053541677545
4.328511852252554,1.9339223009108748,8.371005600828251
3.0698053287230156,4.521198420666469,13.879199003976009
2.7829622843945616,1.433543719064498,3.989498103187211
4.896229290257913,1.78404542262584,8.735095453411194
1.4424966272933188,2.1786668357397745,3.1427195625504316
4.279515588799053,4.25811037409639,18.222649724772467
2.2826128443126676,4.628241124338796,10.564482636991839
2.4335763010496234,2.7452747079587794,6.680835469159412
4.802095503897738,1.322646394746259,6.351474305457564
4.797732641083536,4.691035972590543,22.5063364061947
3.466305840090695,1.982725005183434,6.872731264761191
4.0773141855660295,1.2826750171151144,5.229869042754606
4.514814460793589,3.597196652640195,16.240675465658246
1.942165275809423,2.627130353485372,5.102321347564224
1.0604379095643997,2.0755454744006663,2.2009871040792928
1.4158429773820314,1.1488757395447258,1.6266276477189878
3.8620685777635573,1.1511220458396845,4.445712282408347
1.9816394233337014,2.720807732278126,5.3916598655935015
2.1241075722588074,2.5842577091567422,5.489241368688035
2.522086326081975,1.694124939671788,4.272729345020667
1.4934073143684117,4.976952369966855,7.432617072571703
3.733450782824173,2.5488396594172333,9.515967421744568
3.9130723052833765,1.4419805406894088,5.642574118529275
1.5151164575205511,3.2375054573775315,4.905197799785297
2.9050030025013003,3.2169200945072745,9.345162533350399
1.6704279802295199,2.2087759826281332,3.6896012034409855
3.522720806899718,4.698359012787414,16.55100705263104
3.7054689499177154,4.563396009457986,16.90952221922498
2.449999713730809,2.994796159557107,7.337249733597039
4.080092906288623,4.065447798544117,16.58740472372655
2.657577569607105,1.7778325185332626,4.724727823772106
1.2619177485457804,2.6932817397498217,3.3987000292245573
3.240060630506508,3.4798790906558335,11.275019240556754
4.868779188339381,3.768606737232977,18.348514051275497
4.41107738900883,3.0139989806031418,13.294982753834182
2.8154575942805953,1.4562175516947993,4.099918764843818
1.848565774971652,1.0045161249930503,1.856914129069299
1.6406259053607957,2.0233328361029694,3.3195322660776605
1.3023579140920911,4.272246351250272,5.563993846501852
3.2317441594815715,1.4891017536622697,4.812395895271806
4.713461710803576,3.597440815442966,16.95639954047241
1.0315653153228257,4.1176330647521855,4.247607450824781
4.44824002769051,2.088924712062431,9.292038519027978
2.0142192916291286,4.171097929436437,8.401505916745185
3.404180621321893,4.7689295073864795,16.234297413495213
2.616685875696252,2.4590782729578224,6.434635384080266
2.32083192715242,2.7438754934142846,6.368073849246971
3.1400754982641086,2.3997522952194,7.535403384121495
2.3807097394622647,4.333605125380849,10.317055928977776
1.1508440077169055,4.059701791773097,4.672083480179654
1.4022580604812678,1.5818380335042486,2.2181451328571704
3.0037396673676904,1.706779559821411,5.126721467287938
1.079577403325207,2.8973253309889233,3.1278869574173678
2.0131774296398017,2.3367663543527333,4.704325282924605
1.2747588418022064,2.419215342198698,3.083916147691341
3.624351401173934,1.7902066424713952,6.488337953032085
1.4465166355108505,2.783862562143432,4.026903507116333
3.8066178854185377,4.296161540808464,16.353845359888762
1.0184478452219787,2.8777216165104313,2.930809379483758
2.1825598388645013,2.3588774372161856,5.148391159271666
3.613147687128501,1.1860424212978682,4.285346431348679
1.2504592233723306,1.9544396413701062,2.4439470760757596
3.5754150056977214,3.95291692282762,14.133318482154335
2.323480313563422,1.258483809077989,2.9240623553310154
2.2488196470334136,2.5269656735311803,5.682690054015941
1.69381364038105,4.377380164317868,7.414466231455047
3.1941175037217073,3.399385398563018,10.858036403446128
1.106206679633361,2.0862566915906795,2.3078310876674064
4.598406937925722,2.393067567685134,11.004298506168352
2.5463034943822045,4.61833879525318,11.759692212594073
4.874698027904616,2.7272077315540346,13.294314150692674
1.4066954287166582,4.23764572681146,5.961076872426361
4.162830839065226,2.590209864929997,10.782605505381564
4.2570312347356545,4.236519096670962,18.034994121082367
1.1151578417216195,1.1224169546089708,1.2516720686134928
2.589793536937254,4.244857788252011,10.993305265232824
1.3846714195240404,2.7871614873107604,3.859302853077326
3.521114078589134,3.159700220115132,11.125664929168577
2.6646704347605468,2.0536813273151098,5.47238391531637
4.613906944015772,2.617985467915722,12.079141329748731
1.4565376869243236,1.510409006371669,2.199967640450257
4.523754330255459,4.0442927531945525,18.29538685508463
3.2025550558582467,2.2630633296385647,7.247584908061383
1.5839695945780243,4.086341791598101,6.472641150944882
1.0607532027354356,3.029667615566109,3.2137296264355806
1.9361617981796178,2.3912955450520945,4.6299350824869725
2.1075684795712197,2.6071504897642517,5.494748193725805
2.342588672248192,3.899167794141143,9.134146305750011
4.8091385224060135,2.7506936980202035,13.228467026488415
2.2673825355072306,2.9869500260503554,6.772558323499443
4.918983127449412,2.3436262820419107,11.528258138411156
2.3779508782975056,3.252397947115827,7.734042554917084
4.2281925310832555,2.5606009117479887,10.82671365013782
4.957278812110651,3.5134881055838,17.417340142413362
4.980726277180051,1.649883277472754,8.217616994388491
3.596291535848893,3.0227173342350753,10.87057276437333
2.9529712146228273,3.2149308965064507,9.493598394385108
4.305145522359197,4.933796898811404,21.24071362714761
4.510164537092296,4.358681973408967,19.658372864932584
2.6136423793281724,3.372217912175323,8.813771647590993
2.9133112696534975,1.03338994403697,3.010586569909502
1.3086646759007814,2.969689432825702,3.886327659134823
1.9278213854665291,1.0083138320070146,1.9438489686048281
2.3595125015993466,2.6869346540367216,6.3398559071801595
2.12696868342567,2.298544141443013,4.8889314063208325
1.8302341587116207,1.2664164999259047,2.3178387373204035
1.5140520067585483,3.2350425663919893,4.898022689595115
1.267652130220458,3.9136678601618944,4.961169399909567
3.107465000050921,1.232298662999173,3.829324964879475
4.012396070167652,1.0093391996956078,4.04986863832482
2.581531888435911,4.444334363115173,11.473190881253325
1.513250912812285,3.087024077263259,4.671442002792128
4.0754430649643885,3.99879679153241,16.296868652252606
4.519459200166295,2.6724289688354332,12.077933689994225
4.088646639961767,2.2258560029302017,9.100738667419298
3.9835899315443175,4.7319529152937285,18.850159989905876
3.91976746301707,1.2204383957245528,4.783834714177853
2.1227335429237773,4.540416801713748,9.63809504385247
2.0461515393900087,3.4307996789584574,7.0199360444395955
2.224931973371861,4.101851011418086,9.126339465311807
1.5142949142788118,3.3663147460318132,5.097593299777745
3.6076027165378135,4.994227688229325,18.017189375064476
1.3886285644685374,2.5290221558800643,3.5118724058288593
4.176038674327893,3.429307764163954,14.32092184932159
3.5450200531533445,1.3449539282476946,4.767888646205441
2.160524931123799,2.6656079607712195,5.75911245584829
1.1969029578244932,2.911459793068027,3.4847348379102083
1.61289290582247,3.511301769766974,5.663353714659036
4.619838390051262,1.8330465558890925,8.468378849647676
3.8013537736774135,2.332674273612945,8.867320152758788
1.9748118623156343,4.780844490053134,9.44126841084327
1.0654088753825257,3.1739166230613436,3.38151893993369
3.995799109339508,4.7493124875776545,18.977298607837795
1.9888088620227529,3.007796902618549,5.9819331350923575
3.259356541909309,2.1143537912964803,6.891432861572932
1.378163940860802,3.0743519375320743,4.236960981822246
2.4529894734707307,4.017663907966922,9.855287274186137
2.6556473273609353,2.5566600968408624,6.789587553145786
2.8955834972515078,3.672598821314662,10.634316539024073
4.644873174618956,4.5458573935263935,21.114931062833993
3.582837788605375,4.697251960147295,16.829491825416394
2.002071631713386,1.2527359831307172,2.508067173852588
4.110351398917588,3.042665623760838,12.506424903063817
2.7877594800634786,4.962968372426279,13.835562129486572
3.765799046516765,2.967688889799327,11.175719991564703
1.2466539216745032,1.0791267192360725,1.3452975565193903
1.7900723971072026,3.7799885519005842,6.7664531681384625
3.2568391551675133,4.523638709698377,14.732763673577121
3.65348692664332,1.7427244032616573,6.367020824058746
1.6058989022971555,3.9661342314472505,6.369210608644312
4.890729632749668,1.3730183755464598,6.715061655594883
1.7309209204208194,3.320785636643496,5.748017330699197
4.4251007801433175,4.250463370542413,18.808728776957825
2.234610553877935,3.4903579789286434,7.7995907765260055
4.471457996969312,2.740137041667647,12.252407687756632
2.325277999989429,3.68967472421413,8.57951946333218
4.177265019698432,3.130239814708887,13.075841281250733
1.4596387227848315,4.639688648110989,6.772269212448006
1.6458404916442477,2.5684747157967682,4.2272996890227725
4.203733158864011,4.347773103010031,18.276877960340343
3.094064529414113,2.0369367939848457,6.302413882927014
1.5664061925625843,3.4295054709803483,5.371998607170879
2.3591193709625022,1.7097876403615504,4.0335931426092015
4.731818742355863,3.5720074649342717,16.902091870411038
4.270303279171024,2.6832447855703223,11.4582690066395
3.442670197881874,1.6925685408822142,5.826955273567608
4.1981992721622206,3.7105881766999707,15.577788582715558
2.7798723448219844,1.4049024804765025,3.905449552648437
3.2318628403034273,4.991777909916587,16.132741534106927
1.0338200311099937,3.5464842930823663,3.666426502205516
1.6918708240764126,3.489631131500735,5.904005098174853
3.913713263260737,2.352336291575692,9.206369743989361
4.63950266182545,1.3081496851605428,6.069163946368462
2.589322248117256,1.9194198206486375,4.96999644508275
1.4361998615231197,4.42135978123506,6.349956305553683
4.834829004413486,2.9767071138096437,14.39186989149082
1.0182206297686491,4.368456474718458,4.448052502804762
4.794096518076849,2.1418828184202665,10.268392961917227
1.9575967880888832,1.5961020185636277,3.1245241850023406
2.266584536065023,1.0080405830328472,2.284809197228221
3.457486667834301,4.929984416983109,17.045355394349958
4.275412906946614,4.727800437888711,20.21329901361725
3.556716466302788,3.441744161099336,12.241308130583484
4.610401110405883,2.193360608780947,10.112272186244203
4.878025008531537,2.2440277936883835,10.946423697451783
1.0710727620823537,4.196167310638767,4.494400511565546
3.2759882083726777,3.564666684208634,11.677806024246417
1.2597035231907099,2.950409364043035,3.7166410707398727
2.421459205757064,4.541023668478081,10.995903565596961
4.078124853146999,2.318421864709659,9.454813826551868
3.193517011983125,1.462650359288074,4.670998804969694
1.503293332504339,1.7715889950040986,2.663217924127724
1.5597264530161334,2.961968317160211,4.619860337270462
2.967471210839677,3.3468094898492984,9.931560809292819
2.817802220948675,3.8362328757215285,10.809745517284444
1.2165482662968818,4.633964177228606,5.637441085889317
2.96034406902997,2.5333197725501275,7.499498163625122
2.406153214122089,3.8931451554508483,9.367503728831899
1.6960498259132875,2.9140105242232575,4.942307042318343
4.684720939779971,4.839740823613284,22.672835179489113
3.6864520476744316,1.7805214985216327,6.56380712415342
3.1013464439863214,4.274298661339227,13.256080953879906
3.1670259809760197,1.6672787381362921,5.280315081206551
4.345506975663421,3.1301363152733606,13.602029192797785
2.357688456603754,4.885106007092509,11.517558042207664
2.707421700485355,2.5025625768918642,6.7754922274995835
1.4199594984061412,4.149747054804744,5.892472746452906
4.440046890987372,2.344104918209249,10.407935754243182
3.8657041133758465,3.9206437173943702,15.156048545412586
1.6056994897136905,4.1727077318774946,6.700114675800064
3.7531653539197967,4.913878191257757,18.44259738081069
3.5149185645801624,3.897145070530128,13.698147557268413
3.8338764810042343,3.7417394403489768,14.345366838399888
2.8408716759779162,4.439038442071436,12.61073857865788
1.0225325096411155,2.44224169411855,2.4972715286372105
4.092458158649265,3.859220898939547,15.793700053894899
1.2467805519383393,3.8315744360993516,4.7771324902327805
2.8531555447213366,3.194090451429998,9.113236881838976
3.063687468536354,3.5322368505289528,10.821669774867871
1.8645747595421245,3.9118985756857856,7.294027346112503
3.36525810974394,4.532011031938051,15.25138687867853
3.8359885972008674,4.7519065726348515,18.228259427591144
4.328311896178798,3.1556962633780405,13.658837677506154
4.291050674154298,3.718295653132153,15.95539506907772
1.3610130768663233,3.081140574541564,4.193472613614485
4.945608242464487,3.755529767973843,18.573378975312178
4.492660736392881,2.326264127435947,10.451115507810723
4.688018967585915,2.0783803378623147,9.743486445756153
1.303420726465709,2.373954323170949,3.094261268503889
4.499621920702834,1.9131154269925772,8.608296112130564
3.481872642318204,2.415019731703971,8.408791134478706
4.159950318962528,2.284059102647829,9.5015723925891
3.7945853842821826,4.386550678976272,16.64514109385645
1.6231024798355005,3.5698456362488704,5.794225304825481
1.5179669487595295,1.2267535048070686,1.8621712745720447
2.383131619837358,3.4738437242452704,8.278626821622472
3.696766694752156,4.3525941842460405,16.090525216092693
2.179043093171274,1.103481190189565,2.404533065926988
1.72052799307064,2.891441539322306,4.974806108731289
3.641746829320816,2.800245686486843,10.19778585008275
4.330314333725408,4.95979300107882,21.47746272488257
1.7699397392963907,4.304348513402514,7.6184374856524535
2.421216930620622,2.12941542820998,5.155776687106766
1.4889460738675107,1.0953966526576142,1.630986545302168
3.6148554951284426,2.432313307549757,8.792461125670277
3.499570121145031,1.259807537525493,4.408784816717513
3.886720184406248,3.3755622386967055,13.119865886862026
4.818930459632176,4.547324352027742,21.91323982981363
2.0588376746535277,1.9219511819910546,3.9569855023280622
2.9482254564952473,1.6783681307801874,4.948207648536493
3.5876758850052948,2.3358210565848156,8.380168876396931
4.162538755000158,1.2387589950139026,5.1563823248504175
1.5626030253503838,4.148809975429055,6.4829430192092925
3.4357501576451104,4.966305597871527,17.06298524080089
1.3899015563219437,3.3544558939432636,4.662363467605059
4.279999050313213,1.240574905927451,5.3096594192118935
4.943889544778925,3.739974593874182,18.490021292393372
4.969338974895846,4.098061334631166,20.364655911696342
2.7194117835989355,2.0500130054420844,5.574829523530273
1.654876457164193,2.390870502734181,3.9565953071031146
1.0079857712600906,1.5352075593789212,1.5474673757848831
3.1050493891697157,3.6966691171009827,11.47834018401696
1.6254364331278937,1.028535320453102,1.6718187826233453
3.7057479589644293,1.8896777970090177,7.002669639366567
2.4478909862763842,3.9933458972748923,9.775275427022988
1.6778961380273003,4.28831131746726,7.1953409982370795
1.028886373634653,4.984726576597602,5.128717250955785
3.6785011621920667,4.441976905848295,16.339817210593274
2.7836678070989405,1.571444299650599,4.374378907586514
2.8215817285729727,4.682843984520298,13.213027024480331
3.080672059294649,3.233929455599006,9.962676115593814
3.955099712937679,1.6702980521944224,6.606195346754524
3.5282747593490917,1.3005389730786954,4.588658832263349
2.304440203827155,1.7905546205712963,4.126226054792973
3.9679880586485217,2.7483322234776817,10.90534944395838
3.1615735113155803,4.439670645895287,14.036345113027872
3.7556277203175856,3.075267321563171,11.54955920024946
1.308614138538681,2.2255665528268027,2.912407857287948
2.3469012836897045,4.261341549874623,10.000947953641028
4.0206676131270935,3.6884400577528655,14.829991483167573
3.050249907617487,4.978375071912582,15.185288103186554
2.5211753078923356,3.6310157627864026,9.154427283704932
4.060632059865798,4.48540012713771,18.21355955758151
3.7591954805208356,2.918796961824374,10.972328347448132
2.4173141988123517,3.890339926049204,9.404173941445334
2.479604374030887,4.0133057564817864,9.951410508095575
1.1087430031680974,1.4756920936900468,1.6361632837093198
1.1168377578507362,1.6556607282559588,1.849104415506902
4.4158778684783355,3.1152077686720347,13.756377041390616
1.8753196359115365,4.481960679774523,8.40510887016458
3.4599147629146074,3.395372209305699,11.747698432566775
2.396097313404694,4.529789626764753,10.853816754979476
4.418831972807917,3.916275256962052,17.305362319780453
4.4115415859404274,2.8608932257423714,12.620949438297727
3.8757834819653745,2.709856303514438,10.502816299661006
1.0714341629030653,1.1732705054926376,1.2570821019113603
1.9255841745079838,2.7349118117171702,5.266302903317541
2.0142954131365305,4.912262609990034,9.894748043425006
4.2825554636805485,1.992108920802202,8.531316943028232
3.666403798773604,2.157927777032657,7.911834599191612
4.137498596457254,4.241903404748042,17.55086938345227
1.0330526959876503,3.7425199431892646,3.8662203170992173
4.019881245895367,4.556504741979965,18.31660795911857
4.618972536953018,2.9803094593266333,13.765967544251017
2.872042148068191,2.9533130223986723,8.482039476767644
3.2051504172007217,2.896723480445207,9.284434471864081
3.8541029752937095,4.597700653698283,17.720011768928384
4.083392969947026,4.529742762923119,18.496719753788682
1.7692814379824133,1.8210621186471734,3.2219714039353713
2.711848260666268,4.5602504206753025,12.366707171510935
2.4499364782072752,3.3488083469592405,8.204367727740449
3.839872475303191,4.015684762204486,15.419717387883445
4.010278075085008,3.7958451261707533,15.222394485900859
3.8774496166337147,3.822225617955348,14.820487257028528
4.430892795866503,4.544869062768648,20.13782758837815
4.586028182869258,1.8147940477222124,8.322696648957443
4.7158097544282205,3.4094402758264546,16.078271709882838
2.2693529875053615,1.405303315808422,3.189129278081033
1.1996572600594013,3.7039642776398005,4.443487636671263
1.37507810980029,3.5196286057578994,4.839764250404603
1.7131871307846271,2.270736379642866,3.890196343008633
3.412599492747717,1.7884419428047575,6.103236066824257
3.0507269149255065,2.7313775003172576,8.332686855039809
4.9686466493278445,2.210001401006322,10.980716056119904
2.451168600696913,3.2000736891722226,7.843920146815285
4.840070244987185,3.965995016694655,19.195694472071253
1.4582108302342318,2.0956566370158125,3.055909204548706
3.3873180545329085,2.2413094653537664,7.592028017788313
2.53515726466908,2.5653052954130637,6.503452355760489
1.8699112160471785,1.8438573675825247,3.447849572433788
3.0991057732190033,1.264875626527215,3.919983356574496
1.2827056319588221,3.3324481214161863,4.274549973551139
2.3743850763201966,4.439588469824441,10.54129260775437
2.4818893315539676,2.263330584372084,5.617336031132882
3.475399065680172,1.5407419998273788,5.354693306654272
4.051125124264461,1.1660955579065013,4.723999011928211
1.316015527795387,4.971879252353959,6.543070298421529
3.2430992349798187,4.562703922139014,14.797301599328454
1.9924701097312414,2.883823979552924,5.7459330809854
4.762394477259813,4.103682997068137,19.543357241662292
1.0225017625651343,1.8901231772860783,1.9326542802402267
3.948585477004499,4.20780601079152,16.614881704263635
3.205243057803957,1.9833560882722918,6.357138333087976
4.654108617545021,2.949882518099115,13.729073648230498
1.811490484198171,1.6301793060323222,2.9530543004143297
3.1744883240769224,2.0521637847072887,6.514569973646795
2.379863612294312,2.55330352736827,6.07651415592646
1.2139179738876211,1.1948160224269824,1.450408645113029
3.3040798676898984,1.6419181134215068,5.42502858295138
1.4258144610764845,3.1717944235245645,4.522390356623076
4.173903482659661,3.5539485119071004,14.833838071042166
3.3838284761407977,3.755353554459769,12.70747229555753
2.7444092442493,3.6589411995659447,10.041632052253401
4.646462926832242,3.981105483516564,18.49805903696826
1.896562238197982,1.5759986639064563,2.988979553415458
1.648344388242505,2.7807179904799906,4.583580894892668
2.7447958910440673,3.15816512158515,8.668518648965607
1.6589947930864777,4.9082451053931315,8.142753073039396
3.2110562253507053,2.12282327251039,6.816504884513845
3.772051363054829,4.11239642601862,15.512170544185343
4.428017256504246,2.963470335417605,13.12229778436758
2.0970843753087185,4.196834381247599,8.801115806672772
3.65060609444097,2.4478824668757624,8.936254652051854
1.718429211626066,4.6283276669262206,7.953453463823134
4.970095631041143,1.32980433821634,6.60925473150859
2.7294715619510934,1.885549222432962,5.146552981289767
3.284340753204605,1.6211582750481575,5.324436190135544
1.0964654881257632,1.150963013852356,1.2619912227983232
2.752693190863576,2.6205377789170745,7.21353650042579
2.0356548652407,4.0639700374723615,8.272840378973044
1.439919131449484,1.7463185555150007,2.514557497691277
2.467090997167719,2.878984422294463,7.102716549228775
2.2621345406570983,4.459692495313145,10.088424434357108
2.335780865962429,2.504864198308733,5.850813866243858
3.056075333588256,2.2939001482537473,7.010331660792721
2.5941702260718316,1.0260147054483753,2.6616568003860355
2.6488522068873963,3.311910640274902,8.772761808506024
1.93838902573733,2.598976456655,5.0378274417297435
1.5732777917826968,2.63013342169074,4.137930501771476
2.1460420228804082,4.776939674656254,10.251513282576987
2.7484165568867507,1.9801961312708567,5.442403833067912
3.654730819561813,3.020694626146737,11.039825746663228
3.5563728276726088,4.066560579978641,14.462205548720604
2.034647941573193,3.3645010341798836,6.845575103614979
2.465515170018265,3.1930650794479756,7.872550392234561
2.0820766432737057,3.502626194557814,7.292736189807487
3.4531419178426073,1.8105609732552566,6.252123991557634
4.317466964949579,3.776828373632157,16.306331735441084
4.792737611654863,4.279392319462866,20.510004524516617
4.264475224913751,1.8524714382749266,7.899818553383767
3.709408257166539,2.99308231065489,11.102564237522353
1.628886757290128,2.4526885394468994,3.99515188166232
3.666070450785873,2.5363012209973985,9.298258960590694
4.912177425274795,1.6194631067354623,7.955090113971323
4.098786513554986,3.723843354176957,15.263238918691874
4.1226441044361275,1.7714873276817218,7.303211787550361
3.1685684332068704,3.1879610660157054,10.101272800069887
4.787266726638411,1.9675130288726024,9.419009657349367
4.986111274364488,1.5440196216467204,7.698653643332703
4.8694957785182105,2.0837397794596293,10.146762059609133
4.365084126934774,2.6573868048271416,11.599716960876872
3.538594893936922,1.6426929434084911,5.8128248618515
1.9399489354936836,4.937446975108908,9.578395003419034
1.7889728568016041,4.967398313197334,8.886540751232104
4.362608235318401,2.6589188330566946,11.599821198136329
2.261759437804984,2.6990415332067523,6.104582660758006
3.788696855712483,3.484231389993675,13.20069651184377
1.2279064943281846,4.296533481391747,5.27574136489941
4.691290256348648,4.472316314148135,20.980933947872245
4.7829280836226,4.052522816247653,19.38292518735225
4.347945059200624,4.5180556306702755,19.644257656566385
3.276160031751155,2.817399512829198,9.230251677406194
3.774234721221408,4.325673548443511,16.326107299204512
3.0100266671781433,3.532619731747369,10.633279597559278
3.6419103866842675,1.7446026728207813,6.353686594783138
2.6487798202146564,1.4700158567404564,3.89374833672968
4.832280058781107,4.900632400286028,23.681228223318765
2.3359399675257375,4.628359946034702,10.811570982037725
2.7251504524309587,1.728159928569236,4.709495811213507
3.3681167225175526,2.991935842202897,10.077189142823215
1.3441569772043134,3.3428958790811114,4.493376819934422
4.001891499493371,1.3890431244243375,5.558799872063469
1.698314424191956,4.467250660641231,7.586796233448048
3.731698732752264,1.6114176566839769,6.013325227382219
1.6547329178853456,3.3732581774624,5.58184134677296
3.722015470997228,3.031443372109786,11.28307913044463
3.694191810552501,1.086511741829495,4.013782778735654
2.6911325202504024,1.531376088726636,4.121135993106116
2.1686649542943734,4.00854730293004,8.69319605349561
4.686530208439123,1.5734219794587516,7.373889637355521
3.7788136270180837,4.232874332744643,15.995243210030536
2.999886584144597,1.670895520411701,5.012497055190367
1.4474607651666926,4.142139692923056,5.995584689345736
4.313425322920125,3.701089059914271,15.964371273416855
1.3722141677374422,1.7095137097373594,2.345818932442998
1.0710426457784195,3.3827931757259,3.6231157530506497
4.22068927200807,1.559981539623152,6.58419734881807
1.2196580427568562,2.709044636670107,3.304108079302021
4.1043867184269365,1.351014240532924,5.545084905248988
3.349037202233231,4.355694397580104,14.58738257905463
1.4156410488780922,3.5898586136136124,5.081951213100028
1.9612497502888537,4.741497569379094,9.299260923939954
4.304092115447441,3.3535028728548326,14.433785274184826
2.443593946184802,3.3511918409341437,8.188952095010576
3.0982280087292646,3.0526521829589197,9.457812494151856
4.703962482742777,2.5657593526964004,12.06923573483026
1.795870008423544,1.0030108035857626,1.801277020284469
3.7989970934678374,3.9877881367836494,15.149595541006606
3.482648345753846,3.987425670782259,13.886801416166255
2.00428438425906,4.110503067586286,8.238617109812157
4.816572937166619,3.3224469113223414,16.00280787824801
3.3953321960641283,4.273825679014917,14.51105792832498
4.559132243290775,4.311169159939137,19.655190323359324
2.138203683425038,4.784363409675891,10.229943465412966
3.674976859170733,1.5117009947233435,5.555466173593666
1.1757073481707883,3.2079277019269834,3.7715841715561846
3.5586220545494323,1.876087232740654,6.676285402689505
3.629688963820745,2.6097774111794547,9.47268026738674
3.417560220883068,4.610940006522245,15.758165147168741
3.094962970495081,3.8765786257377277,11.997867298870977
1.9457963848736513,1.7840173029680568,3.4713344186672863
3.597649999242624,4.590383686180619,16.514593865111056
3.6321286455361066,3.921426007496294,14.243123733177576
3.948132652187814,3.4366935479581104,13.568522012256604
4.128428151010392,1.3414057217723383,5.537897143691335
1.3191602850655886,3.9710957579464474,5.2385118120753855
2.753701164769825,2.3340358768943172,6.427237312818441
2.0407875657824257,1.7057531923949867,3.4810799053333668
4.849780880065868,3.8266688656375556,18.55850549891236
4.090779935808605,3.2756921375341213,13.400135672110585
3.7090188312237715,3.884219396115873,14.406642884798398
3.8309463751654684,1.6212713963282401,6.211003778923129
2.5655523952662307,2.921652828147638,7.4956534113905295
2.8111225962253994,1.0851679080569907,3.0505400270376533
2.286735298650844,2.9936667460943323,6.845723420691122
2.819449680912836,2.6849720352370197,7.570143548008903
3.8533668812187862,3.256503241837343,12.54850174067763
4.212150196550283,2.238797708456756,9.430152207712448
2.3134578655273454,4.258212892383669,9.851196108974946
3.8925428969478517,1.151307655422816,4.4815144363177675
3.961645603913888,1.9724035640547979,7.813963908681775
3.2312156929480906,4.565612875983859,14.752479972804908
3.8639098675369024,3.362752665111424,12.993373204810048
2.834800253685318,1.4151698541564928,4.0117238615706405
1.6822012724714903,2.6369811800475706,4.4359330965593955
1.001500622081744,1.4578774240057824,1.4600651470607213
2.412028949721949,2.33556503568016,5.633450480018922
4.4842424148246804,1.4561588566318098,6.529769307630972
4.746801210922095,2.605605889920236,12.36829319345912
2.669572231125095,2.256795992223442,6.024679912154107
2.3683088129725944,2.9958931724265443,7.095200202982209
2.1716858522988107,2.9173894453583533,6.335653384130611
1.1902712027133378,3.340785372773515,3.976440623658258
3.3635502119801766,1.0114485057405092,3.4020578358905222
2.777907922149385,3.093992753124931,8.594826979978533
4.9335318109693045,3.648235850973307,17.99868762469548
3.303123254708199,1.918229705168792,6.336149147015089
1.4496843054613127,2.5852109239755614,3.7477397027945103
2.1407254902626467,1.1933268630591423,2.554585233965869
2.892683698801998,4.028945748217364,11.654465689225987
1.9065997964742913,3.1589595581005567,6.022871650545039
4.073763479763029,3.472733817461085,14.147096200511017
2.4474140413019505,3.79680404392401,9.29235152917165
2.2905066737710738,1.0822717091719465,2.47895057269197
3.5353033874242565,1.1313133143165697,3.9995357923415313
4.109910113723084,4.4529173055603,18.30108986969482
1.1816402764185314,1.072592675838747,1.2674187059625892
1.6746465356699334,1.7706152639675259,2.965154717807522
4.928189138672483,4.474850298767366,22.05290863957065
2.822267609589407,1.6392511272795298,4.62640536050394
3.8168375608592426,1.118687353446044,4.26984790949108
1.6304433023742981,1.852125687102748,3.0197859216920704
2.261525608990303,4.76663875049402,10.779875603047765
4.349029168712773,4.4349886960656955,19.287895202101137
2.9878602391089695,2.9192654141641805,8.722357058387134
1.9277455625276145,2.172389761368538,4.187814722558622
2.4154291776265535,3.3908484779852968,8.190354350636277
2.4070649714157657,3.7875969112920225,9.116991851013575
4.939749410070759,2.026482889114637,10.010317656022515
4.965312755963742,3.940694031476147,19.5667783418387
1.870490302973462,2.1558554089991424,4.032506637145783
2.742692497190992,3.5794187735203913,9.81724501443896
2.0805761522822865,2.682716875931705,5.581596755388743
1.8186962560555946,4.031870567666773,7.332747906316304
2.0386191731630587,4.78619178660635,9.75722234261126
1.4177329423821354,2.319267146496888,3.288101435773252
2.8721054782913904,2.7087145600116984,7.779713926937252
3.490462720911617,2.9144385584409056,10.172739140625374
1.570689824820103,3.9948518111587528,6.274673091451213
3.7747870852135192,4.906303297444343,18.52025032333341
1.5622824877275048,4.485664434692315,7.007874992141901
3.092051374268978,4.727447916705985,14.617511827635758
3.9604716510717224,1.6124676817669537,6.38613254190736
2.9048448090615246,3.422236366633162,9.941065544995913
3.1850872538671124,3.0296233286399366,9.649614648069516
3.5385973410180527,1.289061051611768,4.561468009643337
3.31965590549443,2.133893201313336,7.08379116743423
1.9633867290820235,2.548992534546505,5.004658114857759
2.8305544589695377,2.164273526779968,6.126094081656766
3.145579368206144,2.5240642852344233,7.9396445396593895
4.29843782786154,2.0424280640997643,8.779250051412442
4.905702498516193,3.794445651084526,18.61442151100926
4.535832782411319,2.982471067231409,13.527990039341498
2.1663819948111414,2.0511324920705234,4.443536499793688
3.8908804207182497,2.846156718348094,11.074055449716305
1.371388101083158,4.724313182464634,6.478866884222305
3.6147750389207927,2.3341650733148946,8.437481643739403
4.554039871318488,2.6878213288117925,12.240445498389143
1.5205516913393602,2.1889930063888845,3.3284770181946493
3.957612848102896,1.2927458707407675,5.116187667375628
1.790484209896725,2.21597601336462,3.967670061439246
1.6852381018643068,2.6445975562321413,4.456776565859638
3.780288102083627,4.735000122119023,17.899664625011063
3.135778464812645,4.39247134205897,13.773817041735215
1.8764718237957654,2.981599321369364,5.594887116398187
4.715189273027752,2.85572494393537,13.465283622361834
2.788283692262266,2.5814139296375807,7.197714362987119
1.277458839081064,1.3902872214216657,1.7760346998665593
1.4161669735276132,3.2537005613144925,4.607783276681841
1.183759491670474,1.3279473785343847,1.5719703137790015
1.5144624009826635,3.3411945552789972,5.060113528338032
1.5440174524199222,2.8521360346318123,4.40374781414727
1.0690746444414478,2.515025816375492,2.688750330402691
2.856919133975703,4.474417545160124,12.783049098164552
1.6789115912090522,1.7251237281967904,2.896330223539366
4.996436275338691,4.209558159360643,21.032789090577488
1.5999757968320059,4.959064153062789,7.934382619837672
3.025556104970173,3.7985466299352275,11.492715946214403
3.636972689553785,3.272197795328336,11.900894016427262
3.834247349869143,4.347829515553648,16.670653797694413
2.4207415164381443,2.3335831377944256,5.64900158371896
3.223151666308675,3.436849541452953,11.077487326386292
3.2414195142831304,4.41842272244299,14.321961634878704
4.606103903433162,2.2471030185525347,10.35038998517127
1.4545199978839745,3.720663006063453,5.411778747706395
3.1163624735612134,4.55544848327083,14.19642870350656
2.260676379558621,2.5119105989095685,5.678616958517811
2.5312987940636154,4.072409708372451,10.308485783736144
1.7541295136755743,1.5777246421175928,2.7675333591917024
3.191671773924522,4.566708185302822,14.575433614781094
4.353519291388588,4.556054303997049,19.834870305065163
1.3831921599666668,4.5946165172501345,6.355237544713738
1.535567008268473,4.28703656688208,6.58303191534466
4.391863223131979,2.0702976980562418,9.092464321028004
2.95952446499594,3.594598688200697,10.638302759572275
2.973866148259936,2.8941756200495155,8.606890903584464
4.858949535484113,4.696402942994657,22.81958489831011
2.2490454966860725,2.989719668141324,6.724015555987024
1.9501307855360421,4.321734332916936,8.427947169529387
3.5538593588601146,4.973812524013762,17.676230187681956
4.1814868955228075,4.25465012177561,17.79076372923923
2.068005458099687,3.0998974342495904,6.410604813577368
3.865777447144577,3.672931775513454,14.1987368226806
4.938118832866911,3.4645472390504035,17.108345968511856
1.5200524709972805,3.581465307882659,5.444015191038072
1.3842471751336678,2.1091042327270495,2.9195215762148803
2.132311066064072,3.9891742567565034,8.506160412139812
4.904247011878434,1.5522749680368904,7.612739873608612
1.145451475491139,4.580612199205888,5.246869002233095
3.621609453468099,3.0963712938285917,11.213847549176876
3.763431374724202,4.530509418499466,17.05026128906439
1.265819316320906,3.1980451058191903,4.048147269411467
3.9205617005929376,4.494678704033702,17.621665183505232
2.2718249086944793,3.6695872779434526,8.336659782660307
4.849201219147868,4.6004963719461465,22.308732615526594
4.4706817731512665,3.9282159482779213,17.56180344096822
4.78165703988273,2.2581396746334375,10.797649472249473
4.494280992841551,1.3611858089800748,6.117551509024801
2.8898521165375715,4.160181572797263,12.022309523328772
2.3358107296778723,1.3176365431520112,3.0777495753101283
3.244078375561694,2.8029772810518847,9.093077984651133
4.485910438571061,1.6409352327260995,7.361088489505043
3.958946852915598,1.9331938193341172,7.653411587128688
1.3089641485289252,1.4016022680647109,1.8346471193935345
2.4071726697387175,4.910741945969569,11.821003800477472
1.80607792888914,2.543258504017495,4.59332305156561
2.183475393989226,2.4901137537917495,5.437102109638431
4.081454531865017,4.541191447331314,18.534666412777046
3.4754752091789998,3.0744373300443684,10.685130722743677
2.449195145657479,4.180720975618484,10.23940151883319
3.473104072073673,4.570896167854027,15.875198093599769
4.474267214933743,3.274285110646924,14.650026522913235
2.0725500443988896,4.956681303058286,10.272970054724595
2.879255706653821,1.3496495539452464,3.8859861801796347
3.3243992099715194,2.8979483569413715,9.633937228354158
1.7448478400627274,3.4168880670150323,5.961949763467287
2.3744266797746163,2.962652679658647,7.034601565487251
4.16276359948602,4.293292771135807,17.8719628696206
4.744947309369117,2.373018262749245,11.259846620915807
3.5330926845459176,4.114709779986615,14.537651022700253
1.8754992573518874,3.182690538988382,5.969133742253589
4.547274667349616,2.0191308353486646,9.181542497645452
3.3396503169956335,2.5441364966213196,8.49652625742155
3.7427027195897273,1.7694801148485944,6.622638038103777
1.8310039760099337,2.738436132573756,5.014087446791813
1.0854522230722554,4.788528417720775,5.197718816259685
2.4580415571160095,2.0491799158203357,5.036969391093871
1.6988240060673307,3.3780008191971724,5.738628884167266
2.830364393457066,3.603239207248957,10.198479953305913
3.4417132229511993,3.219094698338273,11.079200789202936
2.205575040152144,2.623132364539519,5.785515270243637
1.8482771377026488,3.169731200978134,5.858541711430646
1.4900197661283507,1.2968027558873638,1.9322617390418906
3.6943803176081347,1.9097766915402086,7.0554414202529285
2.664532938987939,3.5523440346717603,9.465337691000219
3.610336892569773,1.9409431544111873,7.007458676751459
4.994300808331101,4.121601091314801,20.584515661971857
2.4012512631526426,1.6407265077091742,3.9397965991246786
3.3105610224491224,4.439958245638325,14.698752709311824
3.7039803439898864,2.683561585250562,9.93985936365442
2.5779334497366926,4.5858262422749565,11.821954864640933
3.024730599541342,1.7888932541851363,5.4109201652468695
3.6440789177432586,3.061109856957519,11.154925894634976
1.7010321538870068,2.7312465345776773,4.645938175509089
2.547324685581653,4.70992258511836,11.997702068250552
4.31813074103402,2.092341478653877,9.035004059715884
1.5969050501744277,2.911239848074038,4.6489736156584645
1.9787989667726769,4.726669163140503,9.3531280562987
1.985252579782569,2.9104666862659223,5.778011497280647
3.035230950221452,4.328960502321439,13.139394898932236
4.459167344619665,2.039951493112419,9.096485082695027
2.8319354764781015,4.844978189327071,13.720665617117968
2.584861692586622,2.5139625024993344,6.498245369309729
4.492465213963836,3.328559620636476,14.95343830831403
4.226715995938233,4.599110657659134,19.439134583817868
2.871295428392687,4.015537983080193,11.52979585335535
4.672431634508131,2.565402716806633,11.986668809260415
3.403655082980072,2.4109813144345624,8.206148805845173
2.617796957875277,2.65191239491501,6.942168199960253
4.011065161543117,4.681349739286679,18.77719884825175
4.430469484474269,3.3356697308486543,14.778582952809462
4.817255421312445,1.1279283850725927,5.433519127843138
3.0323112899626743,4.215562518900414,12.782897819605214
1.9197648691108142,3.153491482560622,6.05396216326006
1.4775524335545271,4.127111619269393,6.098023816602657
3.4184455876708437,3.8454439405740586,13.145440871290972
4.931557265404919,1.1152002514634876,5.499673902486155
3.3479793587760547,2.3923701575957446,8.00960590618237
3.279315818024512,2.906616583036343,9.531713737683436
4.521494412928419,4.327745677989936,19.56787790360661
3.1013710717884453,3.203375168200795,9.934855078743391
1.2970094262944714,1.013905159371939,1.3150445490740033
3.263958058682844,3.9853104079470953,13.007886022371535
2.0330798263150673,4.225703173667983,8.591191874379932
4.461804832814929,2.162331604785234,9.647901604379218
2.0328888982813638,3.0574074224718273,6.215369606666017
2.62535168733093,1.5241562646077993,4.001446221044094
4.774718467369001,4.217430016418561,20.137040984230055
4.529553045039977,2.8012599322406904,12.688455456029299
3.8384884805465447,4.485855739387127,17.218905581031088
3.6523869969125777,3.39586363782181,12.403008194068622
4.197963050930852,4.1780082031087,17.539124063136324
4.459140082899932,1.8365890155259716,8.189607694945586
3.484288780632661,2.8006860937776765,9.75839913462347
4.804453831826981,4.682388725252499,22.496320453142825
2.7284405390894797,2.8709701800360854,7.833271425727477
4.77213071197755,2.7817433772948323,13.274843003628822
2.046027522571575,3.3499277941303793,6.854044465418241
1.9357957860415418,3.20026583728074,6.195061122020763
3.055965571023468,4.010930601605596,12.257265826271146
1.360875007615662,1.631476589314203,2.22023571590774
2.6233062217827774,4.393996409322913,11.526798119067982
4.9682752939476345,3.7051052926206407,18.40798308680175
2.661042768321539,4.31803823995797,11.490484431776023
2.7153139975635048,2.1331511560867953,5.792175193041248
4.388193825663212,4.4547346925015585,19.548239272603045
3.9342110991019585,1.1648696484720706,4.582843100025817
1.5603126265208633,4.68085643825749,7.303599403544638
2.0277431953634126,4.876963068768269,9.889228676733525
4.7739464215531795,2.074699158565807,9.904502623834627
2.859967192393478,2.065476488443797,5.907194993609346
3.5742757686874733,1.6906635997564585,6.042897937611446
2.0233249369055533,2.4739606213649092,5.005626218129978
4.839400112119657,4.686428654828839,22.67950335761946
3.5983750163488737,1.0039794735601633,3.612694654585986
1.219684343575461,3.631066867161496,4.428755408352475
1.6898411977804462,1.4500700632541164,2.4503881325549033
3.1381168615833537,3.872113183711697,12.15114367176488
4.629469616741726,2.413101783234481,11.171381387589308
3.2546909227200547,3.104012462798912,10.102601186681541
3.9120380458903545,3.163874309201695,12.377196670012095
2.46498704301444,1.2339426071700546,3.041652538497641
3.178092703174478,2.5664386018685876,8.156379793743868
3.8241680734476318,4.230726593728878,16.179009567223826
3.5460093429079147,4.613722849682542,16.360304330562023
3.249484173177848,4.760666872150674,15.469711654825703
1.8973782933077574,4.238266251301589,8.041594386478476
2.9050436133721105,3.0409779281464897,8.834173508567513
4.311287619611578,3.810525952804242,16.428273364533542
2.7182592632041565,1.5018220337172683,4.082341654836069
2.812358755070004,3.680404450514588,10.350617678603308
2.974088744535472,4.687542489182434,13.941167356609267
1.454905685849221,2.5263044398672725,3.6755346937490265
2.715671286303587,2.66991850552575,7.2506210222268646
4.880722777561839,3.1312776458632805,15.282898129035129
2.769257943810418,3.991455062743777,11.053368639865514
3.3750830561347267,2.9471221896954973,9.946782166799947
3.801532808643535,4.2656206087353725,16.215896693333526
1.2390101775448388,2.994229294994627,3.7098805704012503
3.7165770137708405,2.01350521850933,7.483347212219409
1.7902669551697166,2.3872001093365043,4.273725471122678
1.4293887694667973,4.24555001227155,6.068541507750576
2.2073457225976396,3.9637908553553904,8.74945678984036
4.005621182683532,4.219360824967218,16.90116109787375
1.756666653972915,2.2384404375736717,3.9321936735902097
1.0819678145204525,2.4254233535456775,2.6242300051226835
3.283137890885406,2.0612042933940335,6.76721791649763
2.5356997182648024,3.909912806743236,9.914364802498767
3.058210254560339,2.9975745015548596,9.167213079463668
3.2822160238368907,4.06244478740191,13.3338213771632
3.400514752494781,1.6524377283668947,5.6191388728905896
1.4707024880964785,1.897792421127137,2.7910880356423204
1.883313570045508,3.611896750543717,6.802334163902257
4.90606033631414,4.469237002315765,21.92634639064888
3.129219032383871,2.0638853872924297,6.458349434574428
2.519332696456167,1.1418851008410482,2.876788470145
2.142518978272127,1.7054786128028803,3.654020294967391
2.8350909079379765,4.409564352254666,12.501515803044615
1.4041882727981823,3.658495329532052,5.137216237815829
2.3657090565118093,1.3412624107793643,3.1730366323396044
2.9059098854600403,3.0591430380494224,8.889593995304077
1.6648165068757237,3.262828762190862,5.432011182404232
1.9371567325337264,3.539752724229131,6.85705582124506
4.350417861847628,3.3511150701365113,14.578750858228647
2.352588134613492,4.82819881310512,11.358763239266048
4.108344830040983,2.0950108294353815,8.607026909990722
2.8726142244166835,3.914288898100837,11.24424196716077
2.254108882620798,3.7452665223710895,8.442238535858978
4.60370131094542,1.118397160038744,5.148766471828
4.033106105160164,4.030010306625925,16.253459171511405
1.1624961609843139,2.794436284773899,3.2485214531649262
3.737448384849695,3.895045369089366,14.557531023619333
1.4747203875153962,3.6108047835212553,5.3249274295969125
4.427202669945887,4.039364636128925,17.88308590195497
4.566603559840228,4.945496663503121,22.584122668731325
3.1584011266556096,2.8365525529916162,8.958970779186567
4.98330061725164,2.5681187898461206,12.797707950615708
3.1228143494851213,2.8909218796602296,9.027812329043464
3.460864446939479,3.305286614039635,11.439148929474744
3.685816011882121,4.465643610018064,16.459540721163656
4.723796217129491,2.90676974817136,13.730987940478315
2.1464854677870786,3.1250477549740143,6.707869592192357
1.7079465469011987,4.390541138297394,7.498809576182692
4.435809921808614,2.7014084456225302,11.982934385950006
3.6011781161067313,1.2677703772346862,4.565466938745927
4.498422686231206,3.2993890956748393,14.842046758687559
3.363760820625651,2.983410986730344,10.035480988987645
3.8614744316767013,3.227889390497689,12.464412349687318
4.5642959551102855,4.211412180404096,19.222131580320603
1.2950879395769799,2.403670252638832,3.1129643549125037
1.7343314118426036,2.7624538579848146,4.791010499668851
1.3348211442671745,1.0961440059521106,1.4631561963066007
2.875912700142955,2.6986954804678454,7.761212606095871
4.345525384017623,1.7752172649526274,7.714251686997981
4.11115495930142,1.467617175851538,6.033601630857994
1.2913646439834907,4.278122554539268,5.524616209560343
3.959722519443243,3.4733866885266242,13.753647489293266
2.246464463824229,3.321771837929899,7.462242390841613
3.8460967521010376,3.519152441731313,13.53500077629124
4.634573983165936,1.2348591879491053,5.723046265342338
4.2861922009972595,1.871226442400622,8.020436183717393
3.8236501523670645,3.9361980209565366,15.050644162577399
2.2309345784286143,3.250645482806642,7.2519774098061145
3.756473772379643,2.0344269372454966,7.642271431585354
2.6477879425757243,3.7709665785361373,9.984719838504017
4.427908345805516,1.916246185085221,8.484962475556832
4.560708550355223,1.911285958707174,8.716818214049688
3.893291360315981,2.3489391518899683,9.14510450596116
4.774970875283682,4.091855784120865,19.538492195038202
3.445305690899626,4.654119829096771,16.0348655333159
3.9386428630246715,2.390236444160853,9.41428771173561
3.613278191551396,1.4343291864901513,5.182630369050519
3.019630192920977,2.737852890041952,8.267303250546632
4.346936640344682,1.789961267674851,7.780848219253625
2.5055815801876036,3.875732879019955,9.710964911399868
4.092283699134115,1.4938993272545957,6.113459865071403
3.2218429413167495,1.925023217065867,6.202122463774525
1.858656249117423,2.990976483410595,5.559197131854357
4.79992111467683,1.5870357785227411,7.6176465430788864
3.988919145285686,4.517390235630647,18.019504397633703
4.333140632696254,2.213807298833277,9.59273835953401
3.5970739873783373,2.0157216306883945,7.250699843545068
2.791007515489557,4.95647544819942,13.833560226264051
2.8372303191028307,1.3732666736756118,3.896273842765939
3.6444321558071864,1.0168872317196018,3.7059765261086706
3.443422287615767,2.0351144001639074,7.007758283372192
1.1516107259756114,1.9706950018885934,2.269473501801432
4.0873722600194595,2.6193272946098967,10.70616572390031
3.6804726609438743,2.0061701688056397,7.383654459490314
2.4790156182336127,1.1976251085745124,2.9689313489449427
4.458273823030577,1.9920371545227655,8.881047100513163
1.50636596478369,1.7710270434101965,2.6678148609046066
3.9830527315696904,3.0565252841561885,12.17430138217013
1.8550689860665037,1.6824944369373669,3.121143249191934
3.5022031566731995,2.3380751504059707,8.188414172290956
3.593654850492521,3.1793126050545126,11.425352164386164
4.443277545229666,3.455601567465554,15.354196849980132
4.42376144534483,1.2917399592162528,5.714349428992163
3.6670258845436927,2.0259298599578774,7.429137236735515
3.8543206700727604,2.1270610925942393,8.198375535693526
3.555737042482124,1.299434199247854,4.620446316533692
2.4889597178646583,4.1480006100866,10.324206428183574
1.059389702400388,2.5954014704522415,2.7495415913919294
3.593932291672058,4.30802697748969,15.482757267794572
3.0451791890400868,2.2293262441981554,6.788697884413121
2.4590521976948136,1.9627407339289245,4.826481915273053
1.6809326175928758,4.973254114543715,8.359705056714507
2.120208911093831,4.289798245518752,9.09526846694354
1.6863205013641003,4.920613897628716,8.297732094868415
2.4665542212640736,3.0379761663973186,7.493332937326954
3.7276287574385525,3.9840906892619063,14.851211025535866
1.4626929635682533,1.1215587926094641,1.640496154177969
2.2807295460413917,3.7245242831970145,8.494632577636066
2.132980390827232,2.171119895436805,4.630956163101575
1.3991489268845512,4.224505593490192,5.910712467749586
3.112302048193402,3.464933998987605,10.783921181904077
3.1597752382903597,4.795225737252871,15.151835546584255
1.551508679042025,2.266301699093768,3.516186755471669
4.02391404222863,1.5331230652661891,6.1691554307892185
3.0547105125503293,1.1132412670928233,3.4006298015932965
1.8214324965437712,1.9456779528719652,3.5439210511697574
4.815569273581486,4.535338156573847,21.840235072098714
4.121230027588508,4.556695108895697,18.779188709346634
2.41198037345533,3.4403185131398804,8.297980732128414
3.866596100820192,1.3168078514788393,5.091564104057494
3.6928743289905777,1.412617587214331,5.216619224504411
2.091752181547782,2.1368525888416805,4.469766064355611
1.7738219248436344,1.596297663054803,2.831547793303266
2.314685538017092,3.3601262167693697,7.777635559868145
3.84911061614002,3.1649567348725696,12.182268567821861
1.4677636940096326,1.6092872615654716,2.3620534157579827
2.2463143775789565,1.6236405765758741,3.6472071711829726
4.740903485491021,3.2033885585985766,15.18695598284205
4.989752800136982,3.33081084318463,16.61992273150713
2.402664670539113,3.6953699860761646,8.878734910115814
3.498372137346652,1.916728471035825,6.70542947793078
2.8684486403320135,2.9300436660630873,8.404679770032091
2.001466162813536,1.3357092958840142,2.673376959067348
4.292297424268098,2.3142920890484997,9.93362997282691
2.5426943499084125,4.178576495296834,10.624842845251356
1.4344404429521087,1.779073809418291,2.5519754232264686
3.698137064642191,1.3139614115565195,4.859209397586737
1.6867506703977218,2.332685839135463,3.9346594029890145
3.8394886977101446,3.282292814819176,12.602326165073443
1.9343056028273815,1.3762859872873578,2.6621576963027507
1.1081206263981778,1.1523860152314436,1.2769827130507674
3.6015194158777994,3.8252235278545053,13.776616805640574
4.44356561238193,2.001766942589059,8.894982750091655
2.6770234155839914,1.9278115661435082,5.160796703399818
4.564741158012771,2.48127195178914,11.326364202554567
2.480441231020455,2.5396347834420503,6.299414828583366
2.4101484903794383,2.7178247657439285,6.55036125627358
4.984578337369241,2.0178098106067934,10.057931070881754
1.0093570748586473,1.9151256636072622,1.933045637805352
3.7464578629753245,1.44643349826181,5.419002152833863
3.990389036114072,1.9117262322244715,7.628531397120195
4.839504427971939,2.040512222676081,9.875067936971755
3.816784467219863,3.2894690385123124,12.555194331594452
1.7620715629052666,1.0908729322572528,1.9221961726735883
3.5725222062453392,1.1132328098595363,3.977048933944089
1.8445725915737783,2.3464537999893613,4.328204366854516
1.2774386530443769,2.033005489353761,2.5970397939518923
4.731259077729054,3.0197215745777837,14.287085111935411
3.0065149348761766,3.5592883702667333,10.701053642738021
1.2847603780208847,1.1332636425141596,1.4559722257538164
2.9958298443895353,1.4084921958275864,4.219602955850033
4.622332504569657,3.8053093176812185,17.58940494905968
4.547976157856188,3.601965542753567,16.381653409862746
4.799284127654646,2.187124079097292,10.496629878022919
4.6885704493851454,4.759209524893873,22.313889140849728
1.0265585926644554,2.0135369270805614,2.067013634141733
1.9180587492119252,1.349232179144292,2.587906585925981
1.4189787209647942,3.7441276507067145,5.312837464928733
4.651041428139896,3.1697135150815487,14.742468873979217
2.270790972920369,3.0118265759534424,6.8392286006767415
1.2278323311018826,1.2824007937662718,1.574573156016946
4.559079091895139,2.6700789407997805,12.173101072709798
2.281339328060144,1.6726642330550598,3.8159146975080662
3.1046843238257837,2.8990906517097534,9.000761299713147
4.878520106874869,4.579512326719114,22.341242965580513
4.966188646115466,3.328765553245985,16.53127769611048
1.7210765398572025,1.6137768616591424,2.7774334971659322
2.3849382637713625,4.083786840318178,9.739579496560774
2.4602692911310986,3.155760975808886,7.764021818932512
2.1291590876706388,2.7253459631885004,5.8026951245692855
3.3178300252614243,2.492931278324285,8.271122246137658
3.387859180466015,1.1982711448461991,4.059573898754718
2.9448318729195604,2.2742187670807774,6.697191911291299
3.0178298022122374,2.7964138166603343,8.439100955235624
2.1798990796398265,2.2664291962874725,4.940586919055893
1.820073503853263,3.3307903262917984,6.062283219774466
2.852161468559235,3.008586212373908,8.580973669771433
2.309812068782411,1.4794892645939761,3.4173421589931796
1.8179519325012135,1.6290196111332933,2.9614793501421457
1.102185563249443,4.456242902449757,4.911606593412919
3.260631978510031,4.993325413801823,16.281396523349056
2.5049072775365726,2.1824952288438855,5.466948181919896
2.477905280863522,2.2377631691585362,5.544965174179828
3.8894337125046072,3.901294363653675,15.173825820398813
4.578169683791986,4.409652636037713,20.18813801436127
2.6109692035546073,1.3969739243332948,3.647455894603057
1.6041648396126558,1.3317568846392107,2.1363575692503094
3.6660602334221646,4.95242490386792,18.155887999079766
1.8419736314765376,3.5872940725042697,6.607701089904947
4.363322340611482,4.106265683063879,17.916960791398893
3.9442266470537932,3.7111057165904433,14.63744205740969
1.2986726343420019,3.8964114461901733,5.060162917304122
1.6555242541378021,2.0594494802687886,3.4094685647564704
4.931367125103385,2.709463888136491,13.361361144611088
4.751282060704179,4.51455592366964,21.449928572177345
3.1051797299066544,1.8194089042686339,5.649591649946639
2.9762499580006723,3.4148468174999844,10.163437697163058
2.511492148767616,2.678574877676366,6.727219775170371
2.058122564127666,4.69676117345687,9.666510149410318
2.8651316381629033,3.2628532891941235,9.348504189553976
3.895661370750812,1.7979048065668528,7.004028303229699
4.903428982365929,1.0582005606063527,5.188811298033063
3.175915247162384,1.152094933505213,3.6589558654977394
2.5886565079296493,4.437523325277102,11.487223635068188
3.7741656741712886,4.16662602949476,15.725536937627732
1.7172786304171086,1.3612780264107207,2.337693664811507
2.5264498196277283,3.239940385742246,8.18554680316309
3.8284089447271086,1.281337623942533,4.905484420716973
4.309661540763894,4.6489206893235275,20.035274700839178
4.284285983212076,1.7965373227449861,7.6968796701536935
3.74464127619975,2.7417088115925923,10.266715983210185
4.048753450555147,2.905576935850728,11.763964644879085
2.3499595278147645,2.823005094923059,6.633947719884066
3.3282483465628467,2.993368706524796,9.962674448144119
1.205647739200809,3.250564025557368,3.9190351685407214
4.430413977854691,3.591743472256225,15.912910484352322
3.3922613167440976,2.518513910384234,8.543457313878347
2.3849826599788853,3.0278556842065396,7.2213833037511
1.8043257632869878,2.5425073449627003,4.587511505862597
4.866026209204206,4.700054375098712,22.870587773915226
2.954409722752762,4.436138535601746,13.106170821059997
3.2118372291394124,3.52168718057747,11.311085995961731
2.2043749844591733,1.8055435672359668,3.9800950729661446
2.2231856337610068,2.133417505649241,4.742983149373634
2.9295857659362676,3.1197704140865268,9.139634998096984
4.333564366646858,1.4561736674107082,6.310422316740517
4.93773654927046,4.200017721590957,20.738581011483312
3.5157676975630987,1.9171362599696753,6.740205734628316
4.747439241456122,1.376622931924818,6.53543372770826
1.998130229276942,3.320724178231716,6.635239363615623
2.182557959559926,4.69390892173862,10.244728278589974
4.68059503051102,2.1442126184722374,10.036190926380176
2.9262502954929372,2.4526619093549504,7.177102636994196
2.0333031874296985,3.2989412422623072,6.707747743035238
2.456222904811587,1.1125277547783359,2.7326161535251567
3.8564080765026985,3.192149295293194,12.310230323771071
2.7360724452435026,3.6507001563748136,9.988580103703274
2.9490480204075724,2.0328650625874727,5.995016688579302
1.9611245529087058,1.8505500661258925,3.6291591710663167
1.114176836449312,4.515012233092948,5.030522046397445
3.0450375283046003,4.895005769432075,14.905476269188203
4.552548003844403,2.4677574789104093,11.23458438458568
4.62901519179613,3.5713191622167235,16.53169065665384
4.1298467667051195,3.683606117586648,15.212728814530417
2.766412213124818,3.74053304337476,10.347856294788881
4.893410853241402,1.691420833906057,8.276817066034523
4.825414186822718,2.094705141724076,10.107819908085848
1.7556099464087231,3.6742368698091994,6.450526794098683
1.7179463102552206,1.943062758569568,3.3380774966789195
2.779653868154932,3.170833772531379,8.813820361093143
4.860451416716322,1.9703881978874622,9.576976107903237
4.9617641926875065,3.572259808715307,17.724710805860333
1.2356179697946956,1.0129738702271922,1.2516487169851986
4.823370194145344,3.3211988239731554,16.019371416382686
3.1955117545610867,1.7725882172541625,5.6643264842321575
3.595659697952065,3.5333085121046865,12.704575017405798
2.636069086849919,4.348263066186499,11.462321850265473
1.9675812960222547,2.8965090005446807,5.699116933231829
1.196215162291511,1.1492933938108525,1.3748021835980102
1.3357643361587197,4.803287647618944,6.416060336001098
2.065413411391811,3.8996105588672187,8.054307947489468
4.099489416976997,3.2371846424810062,13.270804182651348
3.3147929131996166,1.0995825373040953,3.644888402133668
3.746083550432542,4.048802276283478,15.167151606139369
2.2353437635299978,2.152191713098668,4.81088832379605
3.8918247412070306,1.0300002703120015,4.008580535450177
1.0339838406172674,4.567052697423609,4.722258688383515
4.738504982596161,2.1770241248219353,10.315839662700787
2.125709315785358,3.9697914279154327,8.438622620044693
2.8540071835741,3.212814824638894,9.169396589012766
4.339076768840712,1.7419519222940112,7.558463118463366
1.6999877116683297,1.9313249784435627,3.283228730592158
4.394716724835098,2.691669633685861,11.829125556890014
2.511332629544726,2.776235307867712,6.972050315942333
3.921698514355039,2.108019318484976,8.267016229534251
3.8622045946632553,4.04664171831932,15.628958237448886
2.172612208777676,1.5351495146811387,3.335284577895366
3.2139905198763374,2.813805435985326,9.043543996033343
2.46845944386772,2.5910419493889747,6.395881969426642
4.2926516014246765,3.2756125544905697,14.061063477680719
4.676978485341653,4.643727134681789,21.71861190070397
2.567048302624528,1.4807224296421246,3.801085999670883
1.066362155495983,1.8690509585939967,1.9930852089381277
2.4796074850880605,2.444030385939103,6.060236038757261
4.536856148792905,3.658931362737203,16.600045251045483
4.445571530678544,1.5948891247944128,7.090193687774861
4.2300841895533035,1.103555698587638,4.668133512887018
1.448900603487607,3.1085230554099312,4.503940930938589
3.8307507176951257,2.644245853348302,10.129446700476368
2.795949626711129,2.270965108893594,6.349504048485043
1.710073731025441,3.1786255798263805,5.4356841048266045
3.4842609036223733,4.718137128638796,16.439220735245282
4.747293751428824,1.8584447883834487,8.82258333126821
3.876332809879814,2.1074585585693195,8.169210756044272
3.0216222105357704,4.229797077538305,12.780848795549035
2.761875358003154,1.4984046907297501,4.138406991642834
4.159554743095615,4.941550515335596,20.55464988431076
2.814707933992657,3.8941841836822406,10.96099111823912
4.68164340171551,2.2241516465986653,10.412684880713329
4.539952187930535,1.6604741949079633,7.538473454174601
1.1426991917989593,3.268371789856776,3.734765802767856
4.833925612437941,2.8186104665810294,13.624953325891694
4.2401624891222305,3.5348688014423715,14.988418095844402
4.754030018151765,2.5289266499790464,12.022593207704368
1.0797770397198367,3.5926803403879433,3.879293742603749
1.3275055489236305,1.1748510349841776,1.5596212681001662
4.008262540238491,1.0437947553524443,4.183803417576602
4.122194774196933,2.245792513868705,9.25759416460017
1.5984167416190131,4.462851631680588,7.133496763439982
2.7986947455209252,2.7615152216324836,7.7286381404588855
2.1639642110377952,3.2127251860420145,6.952222322494662
4.3308259451898845,3.4909124065881096,15.118534022837045
1.7949086547840007,1.728444760466136,3.1024004598767263
2.303616027246207,1.8239675381486111,4.201720854055948
3.10097168609455,4.495033976839979,13.93897309021376
1.52524972746165,4.26042450278595,6.498211311745207
4.8613497781766934,1.9152176089235362,9.31054269830053
2.978823521299554,3.039518151825859,9.054188164075818
1.8395270969053574,1.6585736525449133,3.0509911760696595
4.959404306099666,2.655315229569297,13.168781783577995
3.9348266862653913,4.5817793224409655,18.028507548519674
1.3212199288856206,4.375285074618739,5.780713835142087
2.591423875054187,4.372418620977349,11.330790006132208
1.582442975856241,4.657231244989568,7.369802870571958
2.0237530593298496,3.1881050277806824,6.451937303436031
4.189394551188231,3.9476570341420474,16.538292868794585
3.7929290547750676,2.8890146588428425,10.957827639196097
4.8203486670608555,2.7284805338864517,13.152227504621049
2.6471103901127346,3.4105813274264154,9.028185268154946
4.950055611277092,3.902471305916386,19.317449985699245
3.13518690550381,2.968495157501995,9.306787146851725
2.9962347027737852,1.858668797132136,5.569007950930114
1.1446885523919619,1.8475494470154001,2.114868701976628
2.0424759014430056,3.0448753880174344,6.219084602922531
4.156927468449793,2.0085399984751846,8.3493550911416
1.06650559230523,4.369363428155863,4.6599505309421785
1.9230828452214568,3.937591125168221,7.572313944307259
4.043335263761739,2.6410932638105478,10.678825528448773
4.7244626140865265,4.387900774448343,20.73047316320251
1.3178713492873064,4.3202189230426535,5.693492741326776
4.131752165804908,4.03083027083575,16.654391701517596
1.862103027264045,3.7388543879797065,6.96213207435647
1.2785287995177708,1.2064270052628703,1.5424516707445568
4.352388026074568,4.36677463250674,19.005897623088504
3.8957251368483745,4.965753153130347,19.345209382033968
1.0651735867853849,2.3554784403909683,2.508993418946892
3.326050185128685,2.290417728927543,7.618044311321477
4.632650328024674,4.132936875522326,19.146451372093775
4.6926257405639324,1.5005730801270492,7.041627861401495
3.6783371669693583,4.074521126289871,14.987462496433883
2.390561161406067,1.046771556606163,2.5023714280872658
1.5961465488351925,4.522476812859161,7.218535757032329
1.1631785009089919,3.0215427229062612,3.5145935348625783
4.498839455286772,3.821693818755868,17.193186937844473
3.4042031986183603,4.344161197313541,14.788407443208524
3.13919679037348,4.932417775735733,15.483830050370711
4.989663568643525,1.7710292123921962,8.836839940076779
3.0929914888935985,3.8280370267211548,11.840085942818089
4.860937333486403,4.0417364011699455,19.646627364557965
3.9892319765419186,2.835983874558155,11.313397557344636
2.2898106424568967,2.9676721657644576,6.795407308490563
4.727828900503515,4.843093238948123,22.897316182932112
3.5657157541530213,3.2539206414413835,11.602556093951245
3.8141940038513527,3.1010658567707727,11.828066796443238
2.2390286453648893,3.127221359846537,7.001938205093339
2.870375217731414,4.769140408974309,13.689222439801316
4.389121278566771,2.395555813974818,10.514384997111215
2.968462412486265,4.480167035229444,13.299207445738633
3.634430955072877,3.02320724294115,10.987637987345844
3.155570820635788,4.187359477408387,13.21350938242263
2.175605673776616,3.2262427262757787,7.019031980266122
2.3344976231937427,1.11056982028231,2.592622605839755
2.658339588736556,4.931637336299439,13.109966768376097
2.6947889732462578,4.624578805023024,12.4622639696844
3.1765190657274265,4.442817621543002,14.112694880381124
2.7326067617540244,3.096774284733026,8.462266350087448
1.401935610293045,3.347482976926888,4.692955590203575
4.385335400626553,2.167799287950916,9.506526958904185
3.5533043153335604,3.929006923157579,13.96095725503126
4.779499610350186,4.058567032114971,19.397919548573615
4.380300966944407,3.046372248607344,13.344027306247357
1.6709844317291647,4.2867502373081035,7.163092909253143
1.4157814515135154,2.9133307871148424,4.124639690520464
3.4445651044658723,3.101318306919398,10.682692817855738
1.1983948906852429,3.295298263701129,3.9490686025033854
4.637690919215837,2.579946127840047,11.964992729149847
3.6000764852386617,2.9447373051671275,10.60127952753724
4.624351008431962,4.888179801934312,22.604659196471683
1.7828578452918382,1.4789832332776922,2.6368168605042226
2.5878096018234675,2.818643244908012,7.294112053287809
1.3142758381199129,4.356331145495934,5.725420767374549
3.2330791503411875,1.7517419375507375,5.663520335073564
1.1280100622521676,2.234520489393107,2.520561596344063
3.410216137284818,2.3187707619690237,7.907509471130978
1.3878442942883993,1.733693803458742,2.4060970531733683
3.5380737479366053,2.084966253759198,7.37676436775915
2.3716428407700203,2.8425093021893,6.74141683635944
3.887777348717761,1.5156444390691624,5.892488118923127
1.5888880302957697,3.472125604586099,5.516818812810316
4.934773978779768,4.6682940593837845,23.036976049539273
3.323585099073493,1.1264715793346989,3.743924155606589
4.448465714272061,3.630781047989906,16.151405008011878
2.4150116322393984,3.5376871123546962,8.543555527559999
3.8412593645954343,1.7583873718905219,6.754421958860822
4.217502462352224,3.122278143602983,13.16821575879411
4.141781806613759,1.838788151724843,7.615859313030895
1.8893948955666073,4.9424027677187485,9.338150561162076
3.4387779365899274,1.9264283197060998,6.624559202227343
2.464908086365835,4.086942247565035,10.073936994533213
1.6129043406461103,3.4023554709922705,5.487673907584474
1.1156944040452017,2.141985261000078,2.389800969245088
4.602410513274073,3.157670750371598,14.532897058968274
3.9601536641890553,4.825148402562549,19.108329126664046
4.931303354185062,3.985670917159674,19.654552362467353
3.5649677624587373,3.3838342420878282,12.063259986547102
1.1396435669794158,2.218277840968029,2.528046071232202
2.490535711368499,1.5317812292520698,3.814955853456218
2.8342972602491017,2.438124840022711,6.910370554221649
4.6601436268369385,1.4092457339586972,6.567287525754766
2.209084148201974,1.229218292765165,2.715446645227419
1.2351476846106042,2.287724599814684,2.825677742487828
4.278685868115529,3.23819989558895,13.855240131389621
4.435413917302506,3.4701636472313218,15.391612136247026
4.631050624668322,2.7374856076655205,12.677434433399949
2.7744014736939704,2.6178260053158113,7.262900327022587
3.050388139891124,4.504158606227835,13.739431992625924
4.973305461082175,3.7016250114196287,18.409311884171608
3.3130620528060333,2.808244052319788,9.30388680475893
4.9906130169099,1.732805534114565,8.64776185432566
2.10230221825796,3.025133730584959,6.359745352335738
1.6912044016692196,3.3112021753817817,5.599919693822365
3.8295476003732616,3.72095490760032,14.249573937497917
4.3998302297557235,2.5594175125370398,11.261002542226667
4.446489440447987,1.795049767667341,7.981669837011444
3.4107446545092683,2.957223924012105,10.08633569101121
2.8005642925348533,1.9720514747253222,5.522856943156436
3.7543021405803563,1.764900109697491,6.625968259747796
3.3499902997700577,3.8008510630834604,12.732814192200305
2.1166945168750213,3.544985274644234,7.503650893242142
3.6136026345493333,1.8901391426208374,6.830211785439476
2.6972602495310776,3.446971926603812,9.297380358878018
1.7774404595400455,1.0645592539008568,1.8921906894611469
4.174197867845971,4.636287069555558,19.352779600460654
1.285215962284199,2.381594267299423,3.0608629680177595
4.166092274071407,1.1329070089670923,4.719795137299149
2.4175414179319756,4.2869027207913355,10.36376488215833
1.4553620974036194,4.102325386217473,5.970368878317574
2.40755362198599,3.250046940032182,7.824662282098963
2.9830843426487643,4.177888815314369,12.46299471029169
3.5748905134776026,3.650632305763025,13.050610798067105
3.5691048561953704,3.110589725884768,11.102020896286751
1.9776060067036267,2.5743173312874834,5.090985417515378
1.8521933572116205,3.5795244308002645,6.629971372704957
3.795688455520021,1.3244585179413306,5.027231906365065
4.16079803804551,4.748447557033005,19.75733127906492
3.194766479819838,4.264817390987803,13.62509564328053
4.405822824390558,3.977838874811496,17.525653306392545
1.208945823580681,4.706417590768076,5.689803890385716
2.8121135496445446,2.3309177551344464,6.554805402320621
4.633316545065586,3.4620205700639537,16.040637186634708
1.7961768057166485,1.3510588083714814,2.426740494756029
2.6819171987022306,3.940033927768976,10.56684475435392
2.6014822827182047,2.0999738789669924,5.463044840303654
3.0062570076538835,4.242563415198022,12.754235997355046
1.384482496083729,3.321205646734148,4.598151083797869
1.7435313443640825,3.782257479310935,6.594484467634101
1.7698606634300087,3.1156994904950452,5.514353967296101
3.569516590315613,3.8778161529652175,13.84192909220321
3.497707567178227,3.6963764205650267,12.928843777349464
3.0367767276836912,3.8906584384239977,11.815061001172168
2.1675731748756726,4.29633160115451,9.312613129033162
2.0570440493608912,2.159571821485578,4.442334364554369
3.1970479751863397,4.740168813161063,15.15454710615801
4.2967046022904185,1.4903597041260785,6.403635399786708
1.489458408556024,3.257139406475297,4.851373676813808
3.4802794954205414,4.902339314871773,17.061510997142214
3.3220467000225553,1.05995417014703,3.5212172531120873
4.140812160965928,4.084480907343709,16.913068212361978
2.808383963054253,3.492143292355268,9.807279218938014
1.0351774210662277,1.4901931971822493,1.5426143507495573
1.649453444523985,4.29431879216923,7.083278923627616
3.9185710177552995,4.800773421465619,18.81217159216512
1.4829961127233755,4.579620693623136,6.79155968639064
2.2020696710107215,1.4069468415661235,3.0981949685370873
2.6916548649083425,4.395189327971385,11.830332736827408
4.759554970988126,2.309475028251602,10.992073351087855
2.4735187725379477,3.9464252847374586,9.761557026216519
4.365703594118379,3.6992057124047584,16.149635674028694
4.3179977510516,1.5321830086011068,6.615962785339053
3.4667529392208,1.707579603359461,5.919756608899899
4.0511767180649905,1.2607223663547074,5.107409098519992
4.6872298975440705,3.9701082068209246,18.608809883496114
4.694416257895383,1.9805239224876088,9.297403700876565
3.3316843444429693,2.2581151656809095,7.5233269454483285
3.5518084729583,4.176614462262728,14.834534635344932
3.823612024684408,2.324919217276351,8.889589075597717
2.325507358471244,3.630217433216008,8.442097353794418
2.9294286968042695,2.2319017629002276,6.538197072687965
4.964045167973305,4.082161540884355,20.264034271913445
1.6004080037396973,4.366509555848882,6.988196841586422
4.023402469327595,2.561722937211439,10.306842391309646
1.1582468207390528,4.813946938769327,5.575738737036069
1.9087942119574257,3.472581942612958,6.6284443126074875
1.4597780221905752,2.932884958117317,4.281361003472985
4.807459362212725,1.5128332394244097,7.272884320337484
3.0288792949180166,2.5889975204312825,7.841760984228396
2.4623301414287146,2.9201709243154044,7.19042488506557
2.35387791739406,3.0861357779471135,7.264386857789448
3.0431771890191444,3.2520604500433925,9.896596178883385
2.4429231868759183,3.1898841664146014,7.79264199358259
3.6554002790418396,3.359123278205508,12.278940168488353
3.4019141773456525,3.485523638074697,11.857452279839707
1.0067422237974712,4.817133235585665,4.8496114259222205
4.66282720478811,1.054028009603468,4.914750477787714
2.3949214580677016,4.229255183325356,10.128733990189946
4.749882046741539,2.6563647353698525,12.617419166130603
1.7983309871026654,1.5683561843897826,2.820423525202248
4.7214135985767935,4.97584692519487,23.493031337051583
2.677793550421587,4.494796461703842,12.036136975608319
3.4073622635753256,3.057291984908979,10.417301338110159
2.312091213181957,3.8785051495806293,8.967457676626346
1.7151557145439327,2.4148245207756487,4.141800076429168
2.0091909198106968,4.632652475670673,9.307883288756061
3.177331438287096,4.666193346714268,14.826042817641323
1.538974251046536,3.902566882015235,6.005949944408411
3.55103993098171,4.465623320657366,15.857606728377448
2.4378805161704924,4.230185249991727,10.312686200746636
3.4007934673889837,3.010232197515402,10.237177992634365
1.9773732399372133,3.9288788847147322,7.768859969589275
2.0135778432121607,2.322646484724164,4.676829499255189
4.85152261175347,1.386064052453308,6.724521091815872
1.5579790373581135,1.9391655565380548,3.021179287053169
3.0520973707275876,4.774939624643105,14.573580673756195
3.426241173924638,2.7045575528126493,9.266466444695558
3.4409389468423877,4.978781007952495,17.13168147806294
2.004176835130049,3.867384566062255,7.750922559841447
3.1405800356918827,4.415079490756767,13.865910504663388
3.4801858511492783,3.7745889686034,13.136271122437702
2.13624948497256,4.457198819917272,9.521688683468575
3.9978502242421623,3.7494428149373107,14.989710798480292
4.190766789218099,4.358748538992863,18.2664986197642
2.2698163077279228,1.818248114776758,4.127089222415837
2.7131174204238317,3.4334683353803865,9.315402753194142
3.6749814085800416,1.6668923022119664,6.12579822073416
4.23039831167803,2.551179749771007,10.792506506218448
2.2746463425357475,2.370405185906959,5.391833486451033
3.267088258075068,2.8909131986907957,9.444868566556934
2.1704598429152826,4.92836901149906,10.696827030526798
3.8847115897651827,2.5702070195720617,9.984512997027416
2.2286500509642373,3.020996254404326,6.7327434563409705
4.281488784184111,2.63699149310223,11.290249501706109
1.4433159391395036,4.408530573095406,6.362902444332409
1.5396527490210605,3.5092674055694757,5.403053208035049
3.3833755049796044,4.2708954215347825,14.450042953550325
2.23472884889082,2.8197987868642573,6.301485697072892
1.4920630351593775,3.6048864328450696,5.378717792395676
3.6140549051651143,3.1305341030924656,11.313922131067997
3.344701377779144,4.962825125055082,16.599168033448688
2.1482385414254224,4.180628804005677,8.980987924158264
4.767085126706682,1.3511845653483259,6.441211844907637
3.7842963040815336,3.6360970169565454,13.760068502550544
4.4222070392390584,3.56939811537855,15.784617471673652
3.032935166746376,2.295901886437716,6.9633215707762925
2.7214913110715617,4.454165031149127,12.121971430351142
2.3355867203370444,2.846526855228198,6.648310322153748
1.9545395373424141,3.3212777712376265,6.491568718380435
2.7703285826068798,4.069957906800067,11.275120719215092
2.827756425574316,2.1244791997079635,6.007509707973175
1.8540505317365112,2.478045820908974,4.594422171923723
1.323067562867399,1.1631368162854758,1.53890859280417
2.7372097529605277,3.682716994581607,10.080368874962257
2.8080606220718063,3.290855303395176,9.240921190400162
2.3848265927668417,1.0142982859625378,2.4189255253612867
4.666079820487379,1.2331015502365466,5.753750260170454
3.554232350780445,4.388982310694339,15.59946291567293
2.548328944271987,4.290301423207805,10.933099296411749
4.879126975785034,1.116669293440181,5.448371272654802
2.5420640720904477,2.108426845050768,5.359756131434571
3.252993457852617,2.870470200916084,9.337620784540908
2.8252099612969213,4.875937764107357,13.775547941819944
1.439978506317804,3.556588032556291,5.1214103227081855
2.875465984226144,4.122094478070087,11.852942455456956
4.2954186705765185,1.951328513598038,8.38177292973734
1.8445781926527167,2.781437618558207,5.130579175416374
2.456293081962627,4.945554294639958,12.147730800394688
1.980957713877884,1.5642287806095792,3.098671069218342
1.4331626690770989,4.983992574920879,7.142872101334049
2.5769138073609064,4.8077074648519185,12.389047747929007
4.513158785838632,4.648471956313036,20.979292050358673
2.3410848342641306,1.5848664206220495,3.7103067416527566
4.817391070503227,3.275492635436908,15.779328973452841
4.315170371257375,2.315528395265781,9.991899525056034
4.1287346216482925,1.0570495491970195,4.3642770705674545
3.207756579605298,3.0250915373828065,9.703757282948002
3.9226273611275246,4.188865899334787,16.431359988824692
4.2407736909381395,3.96174266248568,16.80085405333649
1.9117203592322216,4.022846481550895,7.690557520846555
3.8101808770548997,4.816250112176021,18.35078407652659
3.2984897645133837,1.7663658586078554,5.826339705003906
3.0371467313700458,1.4849491061089188,4.510008323869574
3.180714542239971,4.297206231137506,13.668186350383284
1.5242928550870585,4.896510894682889,7.463716571621068
1.4272612373891596,3.117181021578376,4.449031642023957
3.7746624646822724,4.392218499186425,16.579142305562105
1.4767138832674727,2.6221685635705443,3.8721927220921493
3.6726120364363233,4.395688924642865,16.143660053073226
3.539931092076062,4.7954744701872585,16.975649178272857
1.58764218680174,2.5246709504761755,4.0082741087688225
2.333929204528751,1.931904887119595,4.508929236420243
3.326813131197715,4.787287445958789,15.92641073803367
1.4842185792290254,1.409680205681251,2.0922735520435065
3.4975713442693115,4.987924841750695,17.445622993876274
3.3404993232963314,3.3157817346649785,11.076366640846697
3.6218010815888544,2.2934933390770866,8.306576656086225
4.602791210753459,1.6023196315063348,7.375142716715079
2.2683657545590803,2.715999653523862,6.160880603447857
4.864560247897755,3.014850341126848,14.665921122806651
3.186038449467719,2.82505861088859,9.00074535629091
3.1857609012924613,1.3016893322273577,4.1468709802394095
1.7580040840457998,3.23826837730584,5.692889032540032
2.4686810734315854,2.8078152312652134,6.931600319117362
2.3508912685756056,1.543664966320716,3.6289884909294274
3.8248822415424253,2.9794103239349585,11.395893638286987
3.868599737056773,1.7798035510781411,6.885347549713607
2.7696333492932714,4.701816416189305,13.022307548532472
3.2023864836157028,3.6887534791308636,11.812814282959076
2.4506378129405744,2.5848420556148572,6.334511681968812
1.2959662564107304,4.605664231590877,5.968785432499632
2.1406275837536777,4.686988772589334,10.033097451348523
2.422857070527463,3.5022405133308294,8.485428190411332
1.3033504289505293,1.7549846405397829,2.2873599840491163
2.379251619385959,1.2272461044536898,2.919927281406551
4.985630658070546,1.079115245137774,5.3800700497501985
4.61132273660391,4.6101007121779425,21.258662232100022
3.900440225842516,4.580935098419571,17.86766352984954
1.9421405472847555,2.423649249072549,4.707067479020047
2.987965381039578,1.577234021303342,4.712720653452227
1.2081824316949463,1.75053149035735,2.1149613927785214
4.427164278877503,2.341306466913374,10.365348356223782
4.081310478801052,3.3605004413039334,13.715245665109304
3.5182095666427418,1.4320250771716871,5.03816432617774
1.2818184657689464,4.771807686453575,6.116591207594387
4.776065047519628,2.8745937784114024,13.729246870888081
3.331558832905261,1.6169259210049671,5.3868838342775724
1.3584880581801584,2.8679301844493206,3.896048907268821
3.997579463962819,3.431826386627636,13.718998687068364
4.8810705380138,4.271073895465246,20.847412956835246
2.46406098300138,4.499584382108646,11.087250315676288
1.3858915412974757,2.2808312929268997,3.160984795993975
1.3111516121448012,2.637920208132316,3.4587133336020357
4.506243549841393,1.286075153394397,5.795367864594782
1.5412815708382692,2.4828536098199847,3.8267765119048134
2.823047054794709,3.488076075129483,9.847002890794176
3.7945938797216026,3.805723430107133,14.44117483579763
1.517617871621478,3.051126584762728,4.630444233615321
2.3496430540522084,3.5350684516757775,8.306149033079086
2.4926514132143796,2.7655105224129346,6.893453711951839
4.974304138324037,2.6479277512327513,13.171597970940136
1.3517386594457843,2.527959951466429,3.4171411959278606
1.2003062321743747,4.167761437437381,5.0025900275721185
2.3103988232059502,3.5932436944477932,8.301826003144383
3.455517339782669,2.3149959754030296,7.999508734532262
2.4279596127964473,3.378401000703036,8.202621185538074
3.5299889614593996,3.9089841974478685,13.798671067510206
4.922714062118057,4.696754167780961,23.12077778804693
3.601166040158187,1.5984375426397,5.756238995867991
4.591418085823189,2.650692202809934,12.17043611993204
1.8370889155787054,3.4119283902159205,6.268015826413963
1.4431233630269058,2.030999232340051,2.930982442479639
2.9216496284802207,1.8545824354877865,5.418440083628834
1.7178804844778548,4.947606658104991,8.499396922831263
3.9393080055215,2.4560108552552222,9.674983223754603
3.2168760899460604,1.0882267647913793,3.500690660096743
3.451367191755132,1.7365497582746467,5.993470862559421
2.6045349645062497,3.2131336475114933,8.368718930575184
2.960890102285603,4.932119789905098,14.603464669216953
1.935786383732864,1.1777425242789468,2.2798579420423573
4.876454102508953,4.283338867965329,20.887505395125583
1.2595139940738123,1.454600614910273,1.8320898302678612
2.418072972386909,2.9084081612567587,7.032743167404476
4.386426876672342,1.7390020033874505,7.6280051262457595
1.0600218477969965,3.293500981442978,3.491182996070407
2.784481300146889,1.541147712089277,4.2912969850767535
2.708650046329857,1.237916666894983,3.3530830371375977
2.869656880648854,1.1644733520647397,3.3416389670848154
2.285795689830944,3.3701265267937925,7.703420689130181
2.318896385660388,3.719487992290276,8.625107261829134
4.159496517060203,4.417447127286522,18.374355940245888
4.158261092462374,2.112451261077896,8.784123888663292
2.8639794413375474,2.6913622054614224,7.708006025634394
4.67052862599142,1.0082016050683444,4.708834457242198
2.0486980890049464,1.4471674420981206,2.9648091730965964
2.5443133315878286,4.581078549252229,11.655699225913477
1.809476838910606,3.6136063485632586,6.538736992665543
1.725335442236264,3.5040631976534042,6.045684426747153
1.9252308461104004,1.8276402171898196,3.5186293217257525
1.7774123862768292,1.5499970229446376,2.7549839072740094
3.06516390442723,1.9634158796828634,6.01819148378315
4.810953385396887,1.2110158614548872,5.826140858435717
1.5714312126731058,4.429828617778369,6.9611709567694895
3.4450976039869703,1.0682085195732505,3.680082611340274
3.7077315961980846,1.4467283256642438,5.364080324180069
1.9812841330464828,3.1691570658949004,6.279000609789713
3.917644441632522,4.681783343643861,18.341562493154097
3.9416318807424933,4.63208402966033,18.257970085587313
4.421879845433132,1.2123015146533684,5.360651634233789
3.6355186064689375,1.1968197030343206,4.351060298969901
2.5778312972042268,4.111167914796624,10.597897318824577
3.7100998414995363,1.179694115377758,4.376782950480956
2.9357604538115334,1.7382829242572693,5.10318226657036
2.09682508244047,2.8127573782849513,5.897860221607383
4.068439141379772,4.821864209384435,19.61746108387786
4.274582572647316,1.1757500039000774,5.025840476461285
3.780304024215605,1.7570885730402939,6.642329003567478
2.967150689572652,2.325476917727721,6.900040440021093
4.812301289990492,1.6282218014646581,7.835493875579017
4.979321903522347,1.7598669629905785,8.76294411610434
3.5001035504076854,2.3538334669786964,8.238660874840567
1.2746996975611289,1.329506204946755,1.6947211573512728
3.323088786540352,3.386835013684177,11.254753455836127
4.66272345203413,4.697444091129581,21.902882728329047
4.1802802691249195,4.6997732467042805,19.646369372559068
4.6607174389382,4.8960620430438695,22.81916174613795
4.734425344663766,1.7716137931312246,8.38757324315638
1.9795630492929677,2.8530037688108956,5.647700840231625
3.664903912158496,2.1735107809435883,7.9657081641988245
4.080903190669747,2.414031567848002,9.851429127608403
1.2633999508796916,1.3796285484390807,1.7430226403301547
4.546999993570889,4.595981283712067,20.897926867490696
1.9334809875693195,3.4693375079130964,6.707898111011096
1.684210235618905,2.3949911101749297,4.033668541972902
3.9717024820694484,1.1640950757142425,4.623439301579079
2.6634872183914355,2.858463180731553,7.613480146121019
2.732840026594125,3.492259967319234,9.543787821962294
2.9898161380885835,1.008651795589469,3.0156834161654213
2.0107952593223466,2.142746378755793,4.308624260332274
3.4818295097636645,3.548235785799416,12.35435206659587
2.891132807680917,4.734651813194619,13.688507190072903
4.697239578900889,2.9519674569510252,13.866098374417762
4.653404855611034,1.695901903347432,7.891718151676934
1.7296178836998743,4.981147433781652,8.615481682814481
4.340367470623512,3.337848602987292,14.487489498272176
4.5686353492942455,2.5748936836903287,11.76375030398211
1.257678958642483,4.977856920575844,6.260545908141105
2.657941973770248,4.258941631214428,11.320019725442357
1.9089752824807062,2.294622479807955,4.380377596577969
1.2339545681775417,1.7955795266806969,2.215663559473714
3.160038689914045,1.4175957105364336,4.479657291951321
2.579465274115599,1.845849859173375,4.761305612968889
3.516203488411378,1.797526135583384,6.320467668448918
2.127254148379841,4.265219375304479,9.073205609866527
2.024401956171778,3.829222886866351,7.751886302789984
3.2512824748222053,2.4849219053833824,8.079183042274794
2.342812197211252,1.2663944310635418,2.9669243195760697
1.64804904328142,4.942360788568586,8.145252969152065
3.0836591561691264,2.3523303272669462,7.253784952011037
4.378851495688321,1.1143267335817018,4.879471284029716
4.3173003674083095,3.4447718997320194,14.872114988350868
1.1189273277816856,1.0482061828926152,1.1728665431882748
2.933936212673091,4.493403279928989,13.183358601127702
2.338667772999811,3.237456192016312,7.571334462767236
3.3225448544722886,4.00599728851116,13.310105677972693
2.8350430018212722,1.2603039002057743,3.5730157524464357
1.7468572364360373,4.666231432822492,8.15124014531127
1.8701286505714205,1.5345207915073935,2.86975129709551
1.0484351408035,3.003009844266519,3.148461048907864
2.892688990867549,3.5589383100635485,10.294901668697587
4.976928870054069,1.4950766949036454,7.440890365810971
2.9865082190464327,3.6785759156078384,10.986097206349067
4.978555492780719,2.9724244648208837,14.798380146209801
2.8605611202442365,1.8913576931959173,5.410344281631068
4.277812555549698,3.2430400304964557,13.873117360608013
3.3515180685838186,2.58352519508981,8.658731371985033
3.9348929376065698,1.112400348469682,4.377176274984439
3.7976929919163154,2.7301855943172737,10.36840669816959
2.097516952453119,4.185046969311156,8.778206964942697
2.8672446228255284,1.0838489814032366,3.1076601638833563
2.812022326208376,2.2256511327046176,6.258580675516346
1.4658256726234185,4.398569294004863,6.447535793965393
2.1974289054912832,2.4805922809414813,5.450925180879365
2.4500699375759685,3.386683223909002,8.29761075499231
1.1891618312725725,2.1860485158129537,2.599565456314821
2.8575317850626907,1.2312468055950432,3.5183268822447396
3.491808742254751,3.4741574651616762,12.131093408821146
3.62774619449849,2.757185554551474,10.002369403050318
1.3767972860319007,2.607540334552048,3.590054455829974
1.1185194487220382,4.249116089895429,4.752718986425777
3.5725261241389203,2.5195041841065335,9.000994517597906
2.037232115457289,2.3870806857745737,4.8630374352477705
3.273591133811178,3.9642326340331278,12.977276803135778
3.0543627051379065,3.718010960919086,11.356154016325208
3.1446960531620705,1.3614395246350277,4.281313499738617
4.553149942586314,3.1764731075881327,14.462958347441878
4.212718069594322,3.5422661252071155,14.922568512971878
3.6509020351781523,3.784762502683905,13.817797123714625
1.302506486153272,3.3917856799955817,4.417822847836032
1.712745709078372,4.965188980216642,8.50410612062927
2.744637772717162,3.270412165556326,8.976096761939624
2.9644328188070164,2.461807819097855,7.297863892529408
2.4060107067438317,1.320616940117747,3.177418497430577
1.9961450671186345,2.631592856850692,5.2530410998671435
4.419576239086782,2.4131021168092612,10.664888777940227
2.9766697853619233,4.448124228535019,13.240596992616506
2.672541154303974,1.2398215141706075,3.313474020612416
2.0965381591805934,4.20575202968697,8.817519618289964
3.870777872760901,2.416473183653425,9.353630929405766
3.3575003780254495,1.4745037590182015,4.950646928303558
1.6598436285436136,4.30037044023644,7.13794247560375
2.1404709454169466,1.5440872864429025,3.305073973818727
4.7906956717489075,2.7570753708176836,13.20830904566179
4.001497611154685,3.186447996277037,12.750564045171195
3.062081531307623,3.737390465994351,11.444194321206492
4.263080959796143,2.3954990616020146,10.212206438725078
1.7448850118584565,4.0421147000807895,7.05302535638371
4.648013830625908,2.0963089464824964,9.74367297651547
3.2548424362490205,3.4520612794161036,11.23591554477562
4.690509410311242,4.048795739456134,18.99091451634706
1.0708781988006182,1.2824147487766768,1.373309996285315
1.4486991485728193,2.111974025685785,3.0596149728189066
1.5286054673173513,4.237559232741346,6.477556211249542
4.080728899621564,2.47639524455953,10.105497641359484
2.6274205319094697,2.418116098903091,6.353407886798811
2.733930883262534,1.505398823787103,4.115656335978654
3.341413127453205,3.458932785672973,11.557723417025954
4.514128731025389,3.1371307538604594,14.161412068984838
3.2713130440238385,2.7303470915306187,8.931820055236662
1.26666658545469,3.9160517654920874,4.960331918259673
3.4597878515011,2.3800568065702543,8.234491625254268
4.081990757878154,2.0095594303981312,8.20300302229206
4.596839863379681,3.926113686935264,18.047715904264596
1.2322276713966258,1.7872593940330308,2.202310481291066
3.8374332552328925,1.3399935983746847,5.142135996202203
1.5974647914202267,1.5011445132157908,2.398025506695881
1.8969182675258747,2.994276686617704,5.679898144871972
3.3790381826008526,1.9599826325721392,6.622856152695796
1.7882632098108648,3.0803807608606824,5.508531586856358
1.8210893370529386,1.4422510631860512,2.626468032521382
2.1219159294444543,3.898394499676352,8.272065388121895
1.2662647611909903,2.540838579011094,3.217374356476338
1.269683414468774,4.995392766764258,6.342567344717859
1.7199415626046886,4.009788902013046,6.896602589843257
3.016601069563853,4.690387540148754,14.1490280702817
4.377454254581858,3.5949384809901006,15.736678748570158
4.789485966227389,3.6758822925202663,17.605586653529578
3.5112594241603996,1.9024707481705652,6.680068343703383
2.3772057785097425,4.746964574045331,11.284511615801598
2.0476096675247213,3.9151112607283,8.016619666902166
2.266650919588312,3.404836355497621,7.7175754562364
2.881394364905343,2.3522539080264275,6.7777711554139195
3.218774011054792,4.1818295989907455,13.460364431891094
3.146234064128334,1.4062664632043718,4.424443449774869
1.375710147960619,4.296167664181518,5.910281452954783
2.470811004833459,1.7522476499381492,4.3294727766607455
2.73817164859386,4.339124895910849,11.88126876969087
2.9743905315538064,2.413248192571738,7.177942574274714
1.7178769178993507,1.3404640020613043,2.3027521684161023
4.220404984497683,1.5946498171444574,6.730068036804786
4.023778999393061,2.4416864053746488,9.824806481050043
3.8011523563572718,4.124471402664591,15.677744190966694
2.792496910603842,4.910084550347673,13.711395937649531
2.611807251859306,3.537392984305312,9.238988649084847
4.46974541162284,3.4064240146190934,15.225848109385549
1.599312925635847,1.7729321646896468,2.8354733272636943
4.279709906524477,3.0360527810537548,12.993425163806943
2.9005275556778725,3.243969264529057,9.409222241538611
4.225236755367568,4.975635759512949,21.023239092415338
1.285036166859181,2.2704025904897827,2.917549442110145
2.740774175983628,4.6004976363240395,12.608925118310648
3.6798148229227317,1.7869512211431884,6.5756495914025805
4.808486263827589,1.341530775008196,6.45073230412889
2.066772499468935,4.24790366709594,8.779450479547132
2.283388993770595,4.531071633089034,10.346199096981657
4.031077676693738,3.6563047711110235,14.738848542014455
2.1114188644212635,3.4273656998605606,7.236604593955974
4.050637589104099,4.04268274592347,16.375442691460183
4.275869037361112,1.585912313561928,6.781153357529174
3.0128088430941347,2.5708235636065533,7.7453999664686
3.479831683578875,2.215073887690769,7.708084295854573
3.863154311966777,3.1611946556404518,12.212182764903742
2.855289651209931,4.485824896972869,12.808329405466488
3.985977897588896,3.754439692372054,14.965113631625462
1.1423533802711887,3.799325986393801,4.340172883309127
3.2735573559714317,2.8737588164207457,9.407414312781887
4.78311175207253,3.8558440856225724,18.442933160100687
3.260522911902763,4.148363486739486,13.525834195414927
3.5351696507099195,4.13974094876364,14.634686563870307
3.2151069212216075,4.945312281267302,15.89970774310472
3.0974886618431685,4.180558784294595,12.949233434521368
1.435342621865681,3.1044704083519257,4.455978695428275
4.831969443188026,3.62068413133311,17.49503508603737
2.9844433922267624,3.6181648150886523,10.798208074378694
2.7843136636463757,2.8874185613209384,8.039478952952049
2.6807533192160897,2.6459777827302693,7.0932137236261985
3.113029472748506,1.7049827671779423,5.307661604753239
1.359553259988937,3.507394216427086,4.768489241009789
1.0782312878199232,4.229800456103046,4.560703193005286
3.5815332824220305,1.0516432562832483,3.766495323613135
1.8642805628309547,2.5738385865954005,4.798357248854102
3.8648255714832565,3.9579000243591698,15.296593223517522
1.1962669068241003,3.166556353552144,3.7880465743480256
4.294021466080945,3.8381810968223404,16.48123202046124
3.765448126729708,3.3601859174148387,12.65260576819325
1.0219452438036338,2.30572784594482,2.3563276056689064
2.8328769985395605,1.6304490164775967,4.618861516070832
4.585720757199832,3.2217833438586383,14.774198755133241
4.80981828122701,1.3045079860554036,6.27444635933591
2.7421885684767333,4.922170074180972,13.497518509517336
4.675878653217946,1.4660442977091424,6.855045236330074
2.2271348482751816,3.358726462586925,7.480336750651369
4.325986659216396,3.421321264336342,14.800590146412386
1.523696878397705,3.0904363101139847,4.7088881586076
4.585622160324296,1.4218552316180015,6.520090858880542
4.017377501792208,2.869038090397929,11.52600907614952
3.5273202442838363,2.0857544598367808,7.357123930787575
4.006560631406029,1.7406300910530326,6.9739399966537725
1.1441464716919518,2.960012562729186,3.38668792981045
2.825347952221064,1.839886460155471,5.198319442519522
3.3987720119785467,3.9094815851730638,13.287436593031732
4.97026277096576,2.531301147388555,12.581231854968246
2.1609691876412365,3.3073353772812477,7.1470498435005805
1.653317147991554,4.72526687077203,7.812364746283788
1.1733662777546772,2.3328598100502584,2.737299031842155
2.3663967927624125,3.962855729194387,9.377689087745749
3.9937901499506077,1.8161711596060193,7.253406487858893
3.003839152541907,4.198953485536974,12.612980879558268
3.391791726495971,2.2773618081719547,7.72433693919554
3.919384230066152,3.543145125080589,13.886947128076624
1.5860303856771525,4.047145654579043,6.418895983423611
2.1799900063743816,4.929547334418743,10.746363924982331
3.438012156110672,4.402237050947033,15.134944495236695
3.807172324270809,4.072084619462899,15.503127865307977
3.882016800240543,3.449038892923559,13.389226927012299
1.1788039730715876,3.2052464329746675,3.778357229864072
3.0656339505834094,1.6983723279274665,5.206587869225821
4.629748690883484,4.143535504348976,19.18352807688891
3.660411030099693,4.630386456423362,16.949117658716304
4.78469063420326,3.834676840981209,18.347742366238936
4.284595421243054,1.3733568135862853,5.884278315224749
4.501830508179562,3.3778725412955173,15.206609659146189
1.0472946728887127,4.110501856825957,4.304906697552987
2.2856226921192704,2.6067942417853573,5.95814807271046
1.913846417344355,1.6887706486177296,3.2320476555733446
2.2302518184995805,1.7986252336319009,4.01138719810678
4.867594254278683,2.4771139688056176,12.057585721751689
3.7281685687255823,1.2049578934586709,4.4922861450304055
3.8169204393968568,4.421899809973425,16.878039765652645
3.618792032607897,4.822706163468887,17.452370639970205
1.85148228167404,3.640631202428132,6.740564165405341
2.773244878034388,1.002756179407284,2.780888438458582
3.090357957529335,1.7867654401648014,5.521744796251699
2.485828010245725,2.803763633190543,6.969674173493372
4.323889884984187,1.1371592791425371,4.916951504700325
4.649773222827289,4.197523475542397,19.51753225876597
4.745218269485507,4.17862916690659,19.828507464210155
3.9939375694577537,4.266217097924614,17.039004746864144
4.495571678108918,3.273153492333346,14.714696138237086
3.2042494470046625,2.3771114223851764,7.616857960646168
1.8724672919468732,1.605346341226939,3.0059585161940277
1.9839984914015867,3.7390510679580715,7.418271678102306
4.581729713773344,2.3597486400517886,10.811730461161519
4.985178492405769,3.2453809351425758,16.178803237536492
3.3909387536229194,3.33985233711619,11.325234721305367
3.8200659213081036,4.412427368807056,16.855763421827017
1.547628393875828,1.2767748538872419,1.975973016462557
1.3762051104171404,4.850221660588577,6.674899835957909
2.864131133728127,4.18586535656007,11.988867289317685
2.630262346740639,3.2653379191211096,8.588695378048685
3.601014244068997,2.901920503031872,10.44985706657364
4.871772910028883,2.8743416976302454,14.003140016681462
2.1517742365999237,4.316461403605591,9.288050441556456
2.3806074629858913,4.423821906415014,10.531383445332057
3.8682095321986103,3.4997084854312366,13.537605723261471
3.979856615819453,3.980838858864472,15.84316786896293
2.6377510910870257,2.991228362997096,7.890115878186047
1.5502440386754688,2.5232925996875917,3.911719310499615
4.83983996307578,2.940693988315685,14.232488283826951
3.899725185223843,2.674684637083515,10.430535041765877
2.5853089679317898,3.4944094704740074,9.034128141642228
2.3675933935529585,4.516105118509399,10.692300643173555
4.314738814021196,2.5781466599802827,11.124029462056034
2.944307448702514,2.705412589844148,7.965566440091685
2.6883750272853,3.664582336873545,9.851771639881644
3.688660195052261,2.628920451568471,9.697194225659434
4.787662705135869,1.4839096546709136,7.10445891145898
3.2138255331095245,2.522601993329418,8.107202696035067
4.332403059843611,3.3315661991323706,14.433687595192632
3.9990387239977148,1.7643106251132972,7.05554651098869
3.582663234662761,2.1155598617908353,7.579338537566257
4.603049436925079,3.0951068386861236,14.246929791037122
4.1413193052017165,3.37323192001377,13.969630471275678
1.5569189154788678,3.9711174080508362,6.18270780818176
1.9843450077520175,4.214885972059692,8.363787936900659
2.976710465080073,2.0576226079117115,6.124946750156143
2.887316176963224,3.742056959248332,10.804501593555521
2.0174857615187487,3.516715777657583,7.094924008732507
2.218152638284687,1.5648226751029841,3.4710155452273854
3.47997304739613,2.2286609676026066,7.75568009904085
4.3867364473000094,4.703149305570587,20.631476475840223
4.969017663542492,3.1997903549427904,15.899814793343626
4.453601224612911,1.259424653515231,5.6089751792031235
1.4114358579007522,2.5896642016978317,3.655144914198246
4.2137724419974765,4.116230022710774,17.34485663462131
4.89200126276082,3.649833822758922,17.8549916698038
2.8799803624466622,4.193562971954471,12.077379007912338
1.537728011320997,3.4861736717224954,5.3607869073374514
1.386704939061179,2.1476178519160007,2.978112282467878
3.2534009453370545,1.5737715343556502,5.120109797617219
3.296230075862342,2.5161946101814574,8.293956350802842
3.5440665938355487,3.337905499620971,11.82975937458664
3.235065715367046,1.720525568340587,5.566013278551035
3.3828607300088387,2.164741328886373,7.32301843211686
2.644307703838878,3.011229429639989,7.962617178823373
2.689471629143058,2.430012065964149,6.535448509885887
4.670525356805456,3.2681030228520367,15.263758036882997
1.0846103124253559,3.4741391998912645,3.7680872030032404
3.799493860125473,2.812040706719992,10.684331399605506
1.3692979070919824,3.6774210870019575,5.035484997927703
4.640914646021624,2.6045505979523167,12.087497016341285
1.5996376416205442,4.379982245069242,7.00638446884242
2.358337687160371,3.7476144558879625,8.83814040826759
1.4423080904472583,4.710142120757437,6.793476087924859
2.7101156926971446,4.323568588883189,11.71737108118478
3.4757632327501744,4.193986038753408,14.577302472166645
1.586731732541589,2.599189285926959,4.124216118862419
1.3612075997986919,3.755514649519588,5.112035082081384
2.7580983760135354,2.4211490021076165,6.6777671307998085
4.8953528178077255,3.605231743261299,17.648881373224057
3.0912524966019412,2.125111404582597,6.569255934973212
3.882029521076406,3.9025482817708537,15.149807637260459
1.8281645022957185,3.9834606642720294,7.282421382713447
1.2616168052456858,2.3369941343628,2.948391073672702
1.574457788519009,1.5074282426566947,2.3733821372843558
4.472393602074916,3.744694178677432,16.74774628644413
1.2622293497993655,1.4269278971048522,1.8011102717732337
3.6240341664951456,2.3213471934762,8.412641541455367
3.4651843850746076,1.5997488850932569,5.543424856665666
1.3982178428604897,2.2439238955372973,3.1374944287612667
1.8209074383655612,4.023338934696817,7.326127793255207
2.1683336694079607,3.8187238450550525,8.280267487403899
4.585704667403169,1.647564090172558,7.555242338150154
2.737651429071421,1.2036270568232208,3.295111332181119
1.403096851856687,4.510320139190153,6.328415988163518
2.6580215358133943,1.6489152205212103,4.382852166875869
2.2460684151236157,4.312478533013152,9.686121823899466
1.8368809811269378,1.6311452189855213,2.9962196302106383
4.704384369378209,4.818952317156876,22.67020395761171
3.629884462794424,2.154662829122576,7.821177125992715
2.847640774051793,2.8356490406716937,8.074909829117566
4.959194556830706,1.2262805419260094,6.0813637886668745
1.0993085115519077,1.2643429827206338,1.3899030024257193
3.229118578650077,2.823288919667653,9.116734703395723
1.656695920557051,3.343829353230873,5.539708448536509
3.089106677824496,4.520264207238169,13.96357834811048
2.1361200162160294,4.195616095447538,8.96233952184363
3.31461448127549,4.662701770539374,15.455058810498675
4.642617458427811,1.4467794910524439,6.716843723655378
4.804282341488437,2.544983649484662,12.22682000659596
3.4784854316833105,1.6802793130603888,5.844827111639403
3.4449691533328854,3.6680775227169833,12.636413917793714
4.895626192628862,2.180945744628915,10.677095112107773
3.7530972225840045,2.5046179586529376,9.40007470425436
3.7576490833499885,3.1132470500226757,11.698489923759762
2.6280148282994094,4.683958673211141,12.309512848340505
2.697481877907201,1.3893167075359392,3.747656641251895
2.018664087674424,2.2852044155852287,4.613060086736921
4.551577084194749,4.657489681443179,21.198923303930275
2.023671535494904,3.0045780838702623,6.080279144500071
2.314729360234159,2.598446702162549,6.014700872499278
2.9194906197874646,1.9164450460492088,5.595043335278821
3.253485139410801,3.1028729899458654,10.095151162268033
4.696865460707472,1.3610498592538418,6.392668074230135
2.1155361976663487,1.9631151206201367,4.15304109785804
3.0843427144028874,3.9600159618116373,12.214046380732867
4.07736063253253,2.9017922992335468,11.83165368468092
2.55111904711651,2.718172204165258,6.934380883388657
2.9527488167306455,4.524463458313238,13.359604122875458
3.1908264843491216,4.31940845582815,13.782482897578003
1.6944857792319072,3.0399398068577828,5.1511347724415035
3.4453475364501323,3.567568232368486,12.291512420508516
3.189813878596268,3.403276619403574,10.85581899327571
3.6402453566194444,4.783773004944526,17.414107468370755
4.263364212161946,2.8679714128282026,12.227206682955293
3.0439772595360735,4.362100630438808,13.2781351228637
1.0969095047542958,1.7720385205168823,1.9437658959457085
1.6427504167448461,2.6421902171168785,4.340459080287908
2.2209651459090307,4.484478306187094,9.959870015626702
3.858750551168618,2.6403167370303384,10.188323664275545
4.716179138633677,4.853779406711074,22.891293181460515
3.4207778206595196,1.7581486160575195,6.014235791232792
3.9802246542119493,1.4557418202271015,5.794179483035289
4.734384076028331,3.158624042871435,14.954139370730749
2.8195898113190268,2.951372284901643,8.321659223918028
1.2466782549155448,4.57952248271093,5.709191097092566
4.403095414072206,1.9842561760452027,8.736869269089084
4.146598390760829,3.192444826653867,13.23778658079566
4.479131806925803,3.4758255111860206,15.568680602477444
3.5752362213655293,3.498968416562541,12.509638620308388
3.477778082750681,3.9665252624213214,13.794694622325764
1.2398501064146945,2.6540844702702695,3.290666912898182
2.583297840532184,3.1205392127975426,8.061282209715893
1.991698745278804,3.508679189617852,6.988231939547727
3.661394905332413,3.9142944444699452,14.331777736953226
3.3900799242058,4.081413673517087,13.836318556969323
2.376800772597422,1.0570868869614243,2.512484929632517
4.746986650034925,4.57838533729106,21.73353407483631
4.459194200124811,3.0214194153403535,13.473095933030201
2.9905680620885846,1.468027781949961,4.390236998958298
4.751101328748895,1.5022686606974154,7.137430629977313
1.6488632880877923,4.694879613376104,7.7412146364876655
2.7544458380931083,1.2385831449914084,3.411610188853858
4.108762566281868,2.516631715703808,10.34024218660152
1.6833684891163299,2.554086226094445,4.299468271493434
3.6521411865255784,2.8467151056287823,10.396605483571388
4.65640710325806,4.758441641452432,22.157241459698046
3.262617766271013,4.200870695228009,13.705835364058162
1.3064874459628766,4.134878135397764,5.402166374483565
2.776721532662134,4.047924103080597,11.239958019605949
2.993543066507479,3.2998960918773057,9.878381066034436
3.3544041691664694,1.6069750641731377,5.390443855008928
1.0335071611294877,4.184271498572892,4.324474557885097
1.4389556608793437,2.9464206660715275,4.239768696775511
1.3529891027306857,2.705157259037579,3.6600482926506555
1.005272689935215,1.6080045829055605,1.6164830924856262
2.8139486003826653,1.5088506721489203,4.245828237079898
4.1071018781617425,4.218618647123888,17.32629656885067
1.3167759802905943,2.2427032383547263,2.953137755185435
4.075212159154343,3.586273637678306,14.614825934321308
1.8067189224154157,3.6783637193430305,6.645769335263401
2.052489782115606,1.5739717483040598,3.2305609307327194
3.7645893631095237,3.7735694226896643,14.205939309612857
4.476212414017992,3.6810275998967903,16.477061439000867
1.1708864832352424,1.411586357688372,1.6528073861365828
1.8222272507963595,3.53230194331622,6.436656859151754
1.5078944301845971,2.205919816974063,3.326294205449015
3.8354299914713286,4.29708553610735,16.48117074110378
2.66421227369737,1.1324929744787564,3.0172016824823453
3.797320153156696,3.93717910155227,14.950729548911807
4.136312127340524,4.400064318877201,18.200039403250088
2.3480163225273745,4.2967197289130885,10.088768056813327
2.9921220561433617,1.9638916151330919,5.876203417514734
3.1575130578614767,1.995685391199164,6.30140268209475
4.662646870434276,2.189575288246945,10.209216365324847
1.7278085429357675,2.169776932186009,3.7489591196959475
2.9577397262163214,2.9831692538219574,8.823438212056304
4.5185221691505,1.1737871094523218,5.3037830759234
2.229494313257963,4.068276405477023,9.070199110772569
3.203897197411728,2.7728077117028938,8.883790856486527
3.7459381263565765,4.266230155723828,15.981034196138042
1.736387775176076,2.6177811532935915,4.545483192665322
1.3311486738321392,1.857864468526031,2.4730938234382784
2.4705359563225713,3.8817081212615276,9.58989948552594
3.4407040678146434,2.7674656521714005,9.522030326963442
4.842594922309475,4.770474285002836,23.101474549562656
3.9533024735060738,3.834358613484776,15.158379390998684
1.9364000006190136,4.896615623953666,9.48180649725495
1.1207653807161098,2.5249470853373808,2.829873281386181
4.521348926908484,3.888855204308057,17.582871304900706
3.092205491091193,3.041581117189241,9.405193832171856
3.6519428268072907,4.327514770130717,15.803836522681474
1.94470885156949,2.6289075681076293,5.112459817656928
1.8889720820806573,3.906975011247091,7.380166721632516
4.323932150341305,4.5912517800766945,19.852261182185366
1.4019122220137508,3.943646149114882,5.528645735741616
1.4808680326016974,4.3563925746453425,6.451242501255692
3.0501823313138146,1.251694412864269,3.8178961823228126
2.5019972469246974,2.195484315518845,5.493095713094504
1.0367758894437156,2.0040591813758035,2.077760240268743
2.8562978960630447,1.417758546668352,4.049540753974214
1.6892927433471105,4.064732726757633,6.866523498957183
2.2952018296711043,4.740182819434828,10.879676280142352
4.921741165809804,3.539759719607206,17.421781129066154
3.905093916792992,2.6938489439299302,10.519733123699996
2.626914303080299,1.8874120278893942,4.958069651868442
4.352928590505906,4.75347731562699,20.69154731151399
1.8549439656384705,4.447910814199929,8.250625324498255
4.7916640387755365,4.8352959089281775,23.16911352364962
1.053484904981218,2.7273935307373667,2.8732679145752433
4.4252066934504555,4.681262586301626,20.715554530701148
4.216857579995169,2.6950492716706043,11.364638949704648
2.1961332625301617,3.372885544893225,7.40730613584718
2.448925671498743,3.805084396437537,9.318368860655184
3.171190457641055,4.4195490365458525,14.015231731770927
3.6591238347451145,3.510891478602576,12.846786690558204
2.68413654533542,1.8251444565788346,4.898936936419606
3.5777872230383485,4.559252043126396,16.312033706509105
4.010581192932348,2.715557846426426,10.890965227197691
3.677000647027251,3.2858507677636326,12.082075399101866
4.394603063362986,4.875723499282056,21.426869426055823
1.303391972452487,3.7160216798788523,4.843432827013501
3.5008363289327744,4.887359165662094,17.10984451969243
3.4885896890439736,2.977323372011898,10.386659616550341
1.2211379783582914,3.084522008753026,3.7666269699703263
1.7562545322854377,4.178534475121398,7.338570110242908
4.195606743005604,1.0338652451183523,4.3376919937777005
4.617772495157455,1.5632207473106563,7.218597770790631
1.3824147603939974,1.9339248769686046,2.6734862954145444
4.529150431613794,4.470182271458238,20.24612796416741
1.8277514886818014,2.16754321559418,3.961730339084401
1.6752317989889995,4.677485944556024,7.835873193644349
4.4319685455162325,3.5623921142904003,15.788409797330122
3.1373939876934633,1.5469400731821001,4.853360484923607
2.2653748619067446,2.831016286101068,6.413313128181953
4.285289954160203,3.7926175385474514,16.252465837909188
4.6004450044035945,4.846504999432753,22.296079713457456
4.832728589712651,3.3856152858847155,16.361759785863235
1.1773807352760444,1.5269328926005223,1.7977813718071802
2.3081295787784817,2.100953810643285,4.849273633993131
1.6816515766094482,4.113929779850216,6.918196500345676
2.7501538344854923,2.428932675948065,6.67993851246568
4.379952508794192,3.6094656295595526,15.80928803959577
1.9207896467092755,4.726791663724389,9.079172489833518
2.9470101879695303,2.3539090467572934,6.936993942347389
4.568427865331355,3.6093895152531696,16.48923563831741
3.3297611323544274,1.1904304131853873,3.963848920597324
2.2719729368510713,3.6595670645880833,8.314437331335641
2.7117885311870062,2.908977958002534,7.888533063987068
4.440374504001501,3.8919098267195733,17.281537166438493
3.6049803698210185,2.13294781236736,7.689234993437019
3.289811864781064,1.8541759604808647,6.099890074181774
2.0437509537989653,2.707535845731126,5.533528967157877
4.834882733164134,3.3374182980951574,16.13602610280631
4.8911790329064955,4.539843216587507,22.205185953655597
3.3399943646557126,4.543481272731444,15.175201846841789
4.247959614148103,4.5442667594014265,19.303861669852935
1.9625519785641075,4.221846422712578,8.28559305008837
3.6045977516725967,3.120313180062814,11.24747387336879
1.521816389773761,4.901114219651226,7.458595947618473
4.5493685351404665,3.820331237374694,17.38009472512668
4.013912480280073,1.8609686904230038,7.469765451899359
1.546871624002255,3.3857201668109553,5.2372744528520485
1.4228346199043775,4.371872599013764,6.2204516876881115
1.4195178396268813,2.142752174470016,3.0416749375594794
3.4018456307426947,4.1941847427628876,14.267969041695602
3.78225054325795,1.052047448598091,3.9791070339932704
1.6126324887105068,1.6603143259769513,2.6774768235419186
1.904703199319015,2.5026049627123714,4.766719679109898
4.590373030155469,3.473968634122037,15.94681192567983
1.2005405422171997,2.2933865203400012,2.753303496642602
1.7582396910670641,4.9704323413790075,8.73921142437597
1.0083281179713177,2.7060164562078755,2.728552480487502
1.0774732622054337,4.9421665700084985,5.325052336549696
1.9152918539023385,1.6098708078556228,3.083372444121051
3.2926600137214312,1.4826416105703673,4.88183474580459
3.3675752227257942,3.4304383063688886,11.552259043617306
1.617085214683741,1.493997645238625,2.4159215028877052
1.998370420837456,1.7986733985988583,3.5944157165071378
3.9281877616556224,1.6820380396188903,6.60736124187014
2.8938412635283437,4.494204673647529,13.005514931343152
3.815313325000117,2.3732922198335027,9.054853430449871
4.411905165480702,1.1061089995055573,4.88004800850326
3.6944677146879408,3.1199334218303196,11.526493298927988
1.806525274755601,1.7701897400249864,3.1978925064681847
2.9584331349312514,1.6426658614732363,4.8597171142028115
3.4086147618873297,2.9101463385107613,9.919567768700142
1.0483709107138433,2.8625813260844892,3.001046991819637
2.9863733836341337,3.968953868047468,11.852778192408701
1.783083113061274,2.14078423698549,3.817196221676592
4.924838056146799,4.045208583406309,19.92199717661107
3.263493499013158,2.4224333340074446,7.905595437326065
2.977322227539327,3.4740646197405534,10.343409812261509
2.454109651577599,4.125586590322498,10.12464186972956
2.6680686667242908,3.2631483633301515,8.70630390307383
1.802193999608673,3.1075734532426877,5.6004502307771755
4.769409336786097,1.1152739838020813,5.319198151420273
4.617694866945237,1.2618889280598244,5.827018025756878
2.233729925081623,4.264892450607894,9.526617894177551
4.928522823393024,2.753607843786424,13.571219104775443
1.7583000080934217,4.714450451480824,8.289418266994767
1.6288616157338898,2.1850107747818464,3.5590801810071166
1.4812843677493297,4.141158027219253,6.134232650099533
3.63991905722199,3.2609997456717434,11.869775119866642
2.9760850872115543,4.986621158031787,14.840608863992014
2.3072345329124593,3.2694761936951435,7.54344837862862
2.1959676738220573,1.870784630460585,4.108182573174588
3.283802928021389,2.2195760584863082,7.288650359823513
3.3561730742116698,2.6986423853841077,9.057110910752494
1.3697746321905586,1.112841696264228,1.5243423251866504
3.5645495972086185,2.501854693262512,8.91798513914338
3.676119106238416,4.397443239392203,16.16552511092863
4.650910266029452,2.4750649334997687,11.511304908303579
4.189721040827174,2.820585392265455,11.817465965424345
4.482223565022723,1.4053056135971316,6.298893937323781
1.9188175767506586,4.419761221014812,8.480715515924173
3.657088363757522,1.313734759199113,4.804444100930867
4.291921757312558,1.1336086150817994,4.865359479346532
1.309255512414909,3.651350262847514,4.780550459390734
3.026606055896441,1.8814322556430239,5.694354258688077
3.123523956405267,1.9788514826356987,6.180990012180686
3.265817061045482,4.402029458024824,14.376222907242267
4.922478834563334,1.8862130550965568,9.284843841189844
4.551078315281606,1.2291150243996847,5.593798734532227
3.036676200342475,4.699066235549868,14.26954260132719
1.62017367661191,1.0736341276815469,1.7394737519818326
4.621023315573465,4.767408924539282,22.03030779516904
2.345290247678068,1.570905481552726,3.6842293059096276
4.238040150684571,4.374043052627719,18.537370077859183
4.835758578785401,3.043067377994735,14.715539178960036
1.925824896805393,1.1798912531415726,2.2722639508229547
4.711198267023549,4.310651558109425,20.308334150307484
1.3876835670414964,1.076833435144104,1.494304062390318
2.476496476688012,1.316981578400862,3.261500238772752
3.871479429676671,4.712263574735151,18.243431496801794
4.432757806319817,1.657283432794046,7.346336074002311
1.7740279166707125,4.729817497437295,8.390828281211366
4.390448966184799,1.0945435218597876,4.8055374739935734
4.232003631333767,3.812781783677315,16.135706354005634
2.4194006045447956,1.7157435956752853,4.151071092620646
1.350631160534697,3.8732451162958372,5.231325546457994
3.9988086821416404,4.206938707635038,16.82274302932872
3.0775996247948694,4.1664095183536425,12.822540370426943
4.625682278547093,4.620019253966985,21.370741189621448
4.713523466468446,3.2561231131434374,15.347812703511885
3.561121667127339,4.454172490331725,15.861850164442846
3.4975248582698386,2.385818199086572,8.344458458617865
1.2734606600035354,1.635966174999325,2.0833385649580998
1.287168431527446,1.5719518980876055,2.0233668590980147
2.0212818386792457,4.5392404805372255,9.175084344707546
4.839950794587132,2.9257788020304814,14.160625437673616
3.1834654524570953,3.6262483049934273,11.544036200977676
2.382237858627498,1.2493640062747011,2.976282234954116
2.2965410176646306,1.2589190069074117,2.8911591372804932
2.477543162986881,2.3782324061923847,5.892173437955782
2.163604117091868,4.128518633845454,8.932479913678518
2.8274256643244,3.488399494729147,9.863190258813459
4.461011699632445,2.1191809949971736,9.453691212321118
4.034400622689085,4.6099787707440605,18.5985012232733
4.456121185457786,2.6948127794379104,12.008412317295651
2.3750213059336223,2.6227031248821397,6.228975800733772
4.836553147123347,1.7192625103432757,8.315304505131955
1.383619953646071,3.8546212428489444,5.333330865353816
3.2405088851776296,1.8597624729624007,6.026576817954581
4.144417936522876,3.3977561240956278,14.081721424632367
1.7323967489399035,4.67750287435193,8.103290772684337
3.3671128224772473,4.863116631420867,16.37466236685956
3.1570959810417767,1.9107503161461743,6.0324221438793915
1.3707303973684009,4.8577262893288005,6.658633086878594
2.3725850618201147,4.671834888713615,11.084325668251962
4.983917748558548,1.974886816100216,9.842673454156149
2.404810874739587,1.2412767513627414,2.9850358302385467
4.116361002045131,4.770189824852062,19.635823367373522
1.787430371096113,3.956988450746129,7.072841334940186
4.853563668486901,2.5703443477974752,12.475329941970484
2.4730606739893166,1.0168616145667908,2.514760469874412
1.3068092154994226,3.4348156365511398,4.488648727386545
2.016516458420986,4.04899376506631,8.164862567300169
2.659143328659868,1.5221371315392949,4.047580798638184
2.4775146802052497,3.9431201519663297,9.769138062309738
4.872191987772769,4.158413307667725,20.260587999466352
3.9991060076616534,4.635291849256793,18.537023481627937
2.4420078009223745,2.6893045841320076,6.567302773506665
1.1857311675236168,1.3888676241259028,1.6468236294905585
2.210503035062938,4.329738836201816,9.570900838453987
3.83961273218233,3.425808337987095,13.153777312551638
2.1016473344089874,2.4580280775581276,5.1659081571024865
3.0756962723553865,2.799825564230751,8.611413051149837
4.087992120792714,1.9678278576470651,8.044464777137609
3.4631040929173147,4.059354038323336,14.057965584717977
4.675934186229131,2.228439222525933,10.420035142542876
4.732546541630009,3.510648068443846,16.614305375193997
1.4864413097005853,4.596626437321476,6.832615421696469
1.5563123863120127,3.2490588274725694,5.056550497051944
4.832616610540027,1.2018737986626462,5.808195283189945
2.560637385431226,2.8037519535334225,7.179392071693515
2.618493292020743,2.284469981479995,5.9818693223281185
4.2123962628701435,4.8820478928021735,20.565120298792934
4.428692786403738,1.8408119319004137,8.152390523933292
1.6214156080310396,1.4421971800515716,2.3384010175939696
1.0950705999149277,1.5086674202328574,1.6520973369465015
1.3269567231101864,2.2389281908530085,2.9709608154133265
4.384452467502424,1.5449104980085795,6.773586645064115
3.6146975419012293,2.4442603194558963,8.835261768503942
3.3816908416059057,1.8410836782848317,6.225975813485929
1.104528352007856,1.415662746594156,1.563639640494558
4.439575714730849,3.6271109515822415,16.10283369527882
2.243758235592176,2.6333401994711245,5.90857875967928
3.397040957678117,4.068950712806221,13.822392226176301
4.362981141231206,4.78545178580134,20.878835893722442
2.052151766675667,2.8698987379415675,5.889467765247054
1.8349385905464901,3.6567944453583796,6.70999324548414
1.972558036217754,3.2971480078417352,6.5038157994675725
3.996369056944422,3.0068006703216597,12.016285159273227
3.2314382241544215,4.717164255041929,15.243224883357406
1.0588501932605832,3.4557591674177077,3.659131262282272
1.3869655076495118,2.2554300361757544,3.128203665092462
4.96990012328931,3.5712803392175805,17.74890659817814
2.1762918025163556,2.304184778311035,5.0145784445212715
3.8948563361536963,3.169069326022405,12.343069744168687
1.997344321086982,4.411900465570651,8.81208434010855
4.693402383491846,3.108480324121531,14.5893489622695
1.9517218819689353,4.016345451895351,7.838789304010568
4.062649221231624,4.115487731300082,16.719783026554577
4.923218802449898,3.1495843278358184,15.506092782702824
1.2901309968212673,4.756252146037774,6.136188322301005
2.148399262861993,4.564233322310186,9.805795505181349
4.840684347257248,4.442478457845077,21.504635933918184
3.395944286237236,1.3835401923613455,4.698425411029078
2.5773198249344276,3.8165773847513784,9.836540557116118
4.294194938897228,2.8041863389144157,12.04172278429103
3.9244837706036786,3.1876838668617955,12.510013601314293
1.1721472449653256,3.2909548471211827,3.8574836573583786
3.0957292434189276,1.9128123004271522,5.921548975603766
1.935875360765983,3.701966324233222,7.1665453934685095
4.454277854419922,1.5478877562774862,6.894722153914548
3.285263686885248,3.6294351345298015,11.923651451376232
1.1835135155529324,1.654170188420446,1.9577327750203386
2.2930584931160056,3.765907988769088,8.635447297940372
1.5972913359120597,4.419992154126387,7.060015172585359
1.616324014226724,3.681853135181938,5.951067639250518
1.836039616356929,3.006980557897325,5.520935429914549
2.4417190438260548,3.7000350365477326,9.034446011562231
3.7639323497798642,2.0932782026178516,7.878957543922381
2.437550558765042,1.0549686654385582,2.5715394599193684
1.909318574472501,3.609572360067967,6.891823552980312
2.504711589188535,1.9418007876736336,4.863650936781577
4.349354117644626,2.077499900714749,9.035782747579995
1.763055179334578,3.348502544594907,5.903594754263064
3.762507141856307,4.110351366722039,15.465226372830504
2.8251740220704793,1.9839539642654356,5.605015200826452
2.366443348333502,3.011796027142143,7.127244674967792
4.141383614711413,3.194867646650266,13.231172523009024
4.185349599590925,2.611942500256686,10.931892497603839
1.5927976658678165,4.7028291043454455,7.490655220376659
4.239996165720532,2.6147629244634967,11.086584773993431
3.2527103193539797,3.866540230319718,12.57673530735826
2.7571987405662255,2.603653324402914,7.17878966691478
1.1681855116639426,1.1417400418767243,1.3337641750069724
4.378654856098485,1.6294774527479619,7.134919361377852
4.227064379942246,2.367497670711152,10.007565073459348
4.217999139882156,3.258036525267513,13.74239526128302
2.397874241311733,1.8473542733524142,4.429723226648909
3.0854048245032577,3.022230231911339,9.324803738298845
3.4835652669826858,1.3480394110876048,4.695983270988575
3.887419738689956,3.624008372871178,14.088041681877087
1.4243673965219976,1.5955148009469213,2.2725992631370797
1.7212209420818896,4.3319170095371815,7.456186276176149
4.952557559033684,1.0685588367595034,5.292099144265519
4.073341975278183,3.824704781666803,15.579330530210566
3.0197207249305023,4.016991129843341,12.130191366649932
3.4589344521369854,2.6400038730055195,9.131600350113866
1.7823009546003976,4.051009014966823,7.220117234470185
2.608869199104912,4.867943403002196,12.69982760707838
4.4413388494857955,1.053288115028725,4.67800942497874
2.7621041701396796,2.823525006752479,7.79887019564469
1.2348651660399845,4.615661757029109,5.699719921978158
1.305078528509489,3.6855819984086193,4.8099739311841825
2.8258878323392955,4.831115086816153,13.652189340464567
2.3975343135348357,2.714896844413152,6.509058342187978
4.179742320265177,2.970963398535844,12.417861448819124
4.099387049425131,2.2311701477789,9.146430008868778
2.006778856994144,2.120127699342536,4.254627441168238
3.269959904449431,4.199886795421261,13.733461424254132
2.499841950811216,1.2182110064105882,3.0453349787651396
1.1947927436270995,3.3438384975141724,3.9951939726908763
2.483800486118991,3.9701087720462294,9.860958097953695
4.5811414206237195,1.3245985251468841,6.068173169247481
1.2687219538739858,4.36348011242924,5.536043013931505
3.9484146200013828,1.112002635055993,4.390647461735145
1.0642641095331085,4.753847931150395,5.059349735301585
1.5387272768790443,2.889458296010446,4.446088295475716
4.469186308391888,4.713727244170967,21.066525261142708
3.0350307993623336,2.0887590843119916,6.33944815333476
1.8642742655213143,2.1056675670296916,3.925541856956331
4.66299942056534,1.8988245173315628,8.854217624072339
1.0951989171523038,3.402029916976959,3.7258994811929074
4.0008932829123545,4.150704293834482,16.606524928557846
4.92320803736637,3.9985260679357593,19.68557567528028
2.7610541785736054,4.316626590133939,11.918439884031248
2.338212056628567,4.884093811025599,11.420047034645021
2.772398211592611,1.6605125279451718,4.60360196280232
2.9965703898201745,3.5510056240900343,10.640838307233107
2.4335354791132446,4.398496735212008,10.703897859902197
2.055567208410197,1.9237029437837592,3.95430068996406
2.1295779290779087,4.3373270309136025,9.236675916226623
3.0576196835186775,1.73510916580903,5.305303938431363
3.0351801308282798,1.6552065425310505,5.023850010307219
1.3246013215006123,1.4168077693195578,1.8767054435530208
4.926466963912517,1.5397113063267605,7.585336884581372
4.5733480788709215,4.825103979780777,22.066880016282855
1.9589231703037675,4.913186182125857,9.624554252182648
3.708912493902984,1.21423741445635,4.503500317041612
3.672501360554997,2.163752562730437,7.9463842305318915
3.454711560244987,3.8512223715064424,13.30486244791742
1.3225047232075493,3.7779159709634347,4.996311715480377
2.074442517773573,4.356373041741891,9.037045461071967
1.6120991132286222,1.9257804298939831,3.104548923305125
1.5571090181094802,3.797515738310745,5.913146002536342
3.45376414172012,4.737423311394913,16.36194275704474
1.6531963991259553,2.33899843403821,3.866823788713217
4.540697921674276,4.409428358601211,20.021882183672133
3.0986701782768082,1.7832191661746548,5.525608051557039
4.320704801551274,3.9047362547393214,16.871212684643528
3.8333326250536874,1.294359365355953,4.961709983762761
2.0325090138335824,4.807960057941872,9.772222155918689
2.3544991318219073,4.089146667013413,9.627892277375526
1.338861643961346,4.347293983352236,5.820425169334243
2.7002429693416268,3.001399438367623,8.104507731638082
1.0253803890892783,1.436048121404761,1.472495581476941
3.626314144449143,1.0814713118921073,3.92175471513032
3.6233292635736,1.1020413000814595,3.9930584922518473
3.901549959753027,2.3127121349225774,9.023161936927519
3.717007001663244,1.14265977175023,4.247274372114529
3.3495607388099216,4.998136385557423,16.74156140428047
1.3120263455978036,4.566639707093639,5.9915516065598915
2.1898943781512688,2.6196081598254555,5.736665182160955
2.737838063376317,3.92894612756835,10.756818257011611
2.598956306044015,4.342727848456128,11.28655992717801
4.1078578140812,2.1904544249665348,8.998075325987521
4.540263754949754,3.576199114487251,16.23688721998987
4.799946956489675,2.979775616402191,14.302764900971843
4.199788439201148,1.9187044619965614,8.058152817736817
2.091203326491165,4.91417063033289,10.276529969097325
4.887723681035857,1.4658031271053864,7.16444065608941
2.5853560583774438,3.1950216722298714,8.26026863694673
3.1833744356806775,2.832225436605466,9.016034050974387
2.7055800125504565,1.3600635167120574,3.6797606666152265
2.336948278137742,1.703694937928427,3.981446951663825
1.2034445628174222,4.987111432793445,6.001712137959876
2.2081820001017087,2.2399787222342282,4.946280695048448
2.075376304517615,1.3978984513957675,2.901165322148645
3.044935136195396,1.0423052624146467,3.17375191616772
4.698444348848854,1.2381689866427448,5.817468078211516
1.947137144737642,2.2230176102278523,4.328520162280556
3.3619319418254903,4.426018369519669,14.879972531594552
2.3809639414571686,3.068050546946343,7.304917722847186
3.8445777171205195,2.377505547380859,9.140504849790874
4.0031717521314265,3.5839969036792976,14.347355164535461
1.6098319128391636,2.802265022229382,4.511175661017807
3.679768063209406,4.77236385615544,17.561192103895674
4.032518455403045,2.435216820145505,9.820056770144665
4.788807878590291,4.333858823430312,20.754017278341124
1.6258423891900597,3.051345067541502,4.96100615485498
4.766181794143755,1.045246225020064,4.981833528088115
3.8324631142010634,4.520231586684071,17.32362082361325
3.068304675817125,2.585774400803757,7.933943684594392
1.1596126298606118,3.3846609973892097,3.9248956403691424
2.1571448172026866,2.1202739597164393,4.573737983252135
1.4331181523007337,2.9868183794671497,4.2804636372398335
4.024854564600231,4.57378980312587,18.40883876663315
4.388695920343313,3.154647223963355,13.844787401930335
4.934239391196719,3.9379137609399573,19.43060919836556
3.4586633448208697,3.372220200758699,11.663374399028587
4.178491001981709,1.9726908021268232,8.242870766379012
1.5512937570707193,4.606531241214396,7.1460831562471245
1.7743744710686178,4.5661352761161975,8.102033865386435
2.241255025259558,4.304763114342174,9.648071962571384
4.220254746125406,1.0343795668167513,4.365345276153535
2.0350416846824926,3.694135602957633,7.517719940888477
1.3568826273354628,3.9810928896934277,5.401875779833748
2.0496069051185914,1.7121672194175184,3.5092697556358443
3.5054657242327845,1.1032816907756495,3.8675161511876333
4.254416017442875,2.3084438437589747,9.821080464255578
4.813601324208417,3.343579257233096,16.094657540213024
2.719677724167455,4.623411361595757,12.574188889794701
3.5479418131542872,4.3618873338376325,15.47572245599061
3.410008019198169,2.91667415743607,9.945882266245063
2.4918541618313492,3.668925166120882,9.142426444646095
1.5390435886936098,4.948824641065692,7.616456835401109
2.0416504561424857,1.8711955911480058,3.8203273321991342
4.261090570461294,4.794074282453025,20.427984719051576
4.862910854351933,2.931722299459053,14.256704191985035
3.5696826485751565,1.3254998528552053,4.73161382542615
4.560911639112021,3.0542026091216132,13.929948228149069
4.258792073267666,2.117985737956213,9.020060872101888
4.284645154080074,3.1185406578215984,13.361840117336998
3.7365921308943224,4.119202233315716,15.391778650569822
2.06769875794734,4.866779048847784,10.063032994506699
1.553019222955716,3.528140914739622,5.479270661887197
3.848703257733836,4.161658569393229,16.016988893599656
1.2274718141177554,4.020457510520414,4.934998274021847
3.4136882074695523,1.4795864815155735,5.05084692388108
4.57931846442295,2.75953296451214,12.636780257574243
2.941983031324863,4.456449170491741,13.110797839548464
4.168641767687571,2.5638360346606954,10.687713979589056
3.6145977132624036,4.460980223055332,16.12464891316461
1.552457404200828,2.809892128795398,4.362237840354042
2.390661538352146,3.551944358619741,8.491496764519097
2.0282276476029963,2.0178628446539815,4.092685210598035
1.4273061162235274,1.2962041127008348,1.850080057931992
2.250425015173285,3.788662966612864,8.526101914126219
1.0246457802443723,2.484401051025379,2.545631053367838
1.874315707897753,3.6221342947422963,6.789023204750635
3.815295651156369,2.682949970098907,10.23624735318847
1.9963285065818677,4.565357330576223,9.113952981761813
1.5145111084265004,4.187313178322608,6.341732323030265
4.273031113682531,4.109458106436864,17.55984234917962
2.728457146431757,3.6715522681068276,10.017673024413801
2.6038229419575574,2.4425806078207675,6.36004742422435
4.587832806735005,4.461294839064494,20.46767482317765
4.984817170106087,3.6524656886947695,18.20687367822904
3.7705576505967238,4.313788427000004,16.26538795648047
3.550981719099379,3.870008543710199,13.742329591473325
1.608585040811148,4.2305747020327225,6.805239179723917
2.426476597691756,3.0946392422876876,7.509069699709623
2.4174163917052827,4.13148032930828,9.987508270077775
3.8959295654048436,4.729994601048416,18.427725810429813
1.3024434120536843,4.975904097125498,6.48083351031204
1.682377134045359,1.9876621612869205,3.3439973703562935
4.308786957722031,2.4075120301210853,10.373456435944622
4.62630612226549,4.818432612999957,22.2915442972454
2.7148186538118835,3.8546345110116893,10.464633674121583
4.714807583354192,1.4986538327333836,7.065864455394181
4.031643756621204,3.9035440167601223,15.737698863867003
4.294235034175323,3.0266516685420473,12.997153631298456
2.2918406955035078,3.172563031125731,7.271009063783913
1.141887293399353,3.2636095853633647,3.726674316142757
2.1257435497435555,1.5711423429649587,3.339845701286738
4.24632677729298,3.2166865000777145,13.659102019436837
3.8668562378148943,2.821323777197219,10.909653446750546
3.362896981468944,1.6863342413619873,5.670968330023949
2.329813896383668,1.4408009013917438,3.3567979619845993
1.9803947865331213,4.093460902286036,8.106668629764433
3.99255621692917,4.28134819934958,17.093523370151672
4.03436229794892,1.8604627115721506,7.505780620306501
1.307042464871691,1.255559227994568,1.6410692281504176
2.898865006775442,3.0221037021640313,8.760670669049823
2.873324943634549,3.50524123343535,10.071697069486124
4.634099571188314,2.790208955836013,12.93010612576546
3.407286969663932,2.7828811894769427,9.48207481502765
2.6218512271639876,3.1801311953641194,8.337830877107894
3.5521406845018952,3.646099318756275,12.951457729888809
3.3781879830251174,1.13072894595203,3.8198149372738053
4.484574257350491,1.8767475924697883,8.416413940734524
1.930918321653837,3.1408244218851173,6.064675421315794
2.5851843604372884,1.9028720580242222,4.919275084317335
2.2825126977384613,4.168574262311626,9.514823685192026
3.6969513938684,3.64231183417967,13.4654498122739
3.927412035808939,4.02717885630868,15.816390710621988
1.1008620422236657,1.5537311897487407,1.7104436906134044
4.49297740783774,2.9832317272034032,13.40359275266965
2.9665300631211218,3.889831714158585,11.539302720533408
2.2125944926183667,3.982233470273734,8.811067844648191
2.711035510958066,2.8582115465539046,7.748713000538009
4.553168505055587,3.825713493158689,17.419118186416334
2.9169096799122567,4.476879594528702,13.05865342508243
1.5882636403222108,2.3136103756942603,3.6746232375874035
3.5537278046419516,1.5798762694532291,5.61445022664994
1.1402990503476778,4.914240045369171,5.6037032569149945
3.1060997724105888,1.3701395825989202,4.255790245681245
1.6421802913202423,2.7408496188460356,4.500969225541558
2.588026381338351,4.457432798267944,11.535953674960266
4.877364001697477,4.289654753267083,20.922207673295343
3.1083127679736244,4.404648439100843,13.691024981692244
1.766609244982094,4.3334294441754935,7.655476518558044
2.7930874693613084,1.7786499893701535,4.9679249976894
3.723183604348015,2.110112132932062,7.856334896668471
4.757217986748813,2.272016711513084,10.808478766203931
3.266524174987374,4.8873380329675875,15.964607836023864
4.67931226072449,4.589549279535953,21.475934214931836
1.7989563310963708,1.4077787412938547,2.53253247943346
4.525207662279376,1.5399836172463455,6.968745664547873
4.198376448247009,2.5736624098756433,10.80520364736054
4.799790922193047,3.1450892813656877,15.095770982185682
3.5182498580138515,3.7149650862104853,13.070175387086456
1.3326760629032117,2.609360698276501,3.477432542073503
3.3675571580098507,1.01360845090695,3.413384394270976
1.1809646835865082,2.729431232948554,3.2233618923902223
3.8983106212084415,2.640700858263817,10.294272203204086
1.080378155228884,4.42534174464956,4.781042550341863
1.1967587093221304,2.571296157749493,3.077221071033236
4.53670690571391,2.8437932123314105,12.901456304806253
4.638033188594255,4.678055399366906,21.696976200346263
4.1604891773052,3.551454458963305,14.775787840209125
1.6800294546268995,2.1110030692264217,3.546547335108176
2.7203776766293384,2.0143305453034994,5.479739848796242
1.2068466547691923,3.2677761549409428,3.9437047211250107
4.344861485260884,2.4162411653899927,10.498233178604853
2.1006542108787474,3.6263349609698277,7.617675805818086
3.4080079267299843,3.152562346106557,10.743957465041621
4.567920498592113,2.589675598715892,11.829432252078128
4.949552681946408,4.445968310395038,22.005554374564504
3.2952490729921298,1.428130869086222,4.706046922467817
4.8548027513585374,1.1565026314605444,5.6145921571680395
2.401144888540249,3.7483277229977108,9.000277952649663
3.818890766940314,2.611477071616862,9.972945676873964
3.3114604179445526,1.333637144515159,4.416286615962548
3.7613808288171673,2.023553584463222,7.611355658684223
1.8700741289298048,1.7674102913268004,3.3051882610145387
4.447200320816647,2.275566673503154,10.119900840442897
3.9573781084562136,4.883946831516931,19.32762427390919
2.914504630961235,2.8330697202925315,8.256994819628632
2.86572019524134,3.602859347760195,10.324786793490432
4.0815581835695305,4.509347935352183,18.40516596809907
4.6177155710922575,3.40969288307578,15.74499191882148
2.270966123169324,2.705928723715925,6.145072463269671
3.163580686362727,3.6229445940364653,11.461477545456013
3.6735323859117246,3.1853152156859794,11.701358604159836
4.979645879634003,3.7732417809929757,18.789407887584538
3.3528955186107874,1.9346995394209419,6.48684541558283
2.698459629350765,4.323695517883116,11.667317804612436
4.606530781931165,3.205271426601754,14.7651814910854
