m1,m2,r,target
1.0008026507064205,4.8656106516868185,3.0112620135239694,3.5840570294915106e-11
1.4079366247686247,4.8984066393174786,4.173614043580429,2.6424061635762443e-11
1.0161638072006478,1.5216706286162913,4.860638096110069,4.368013881908479e-12
3.8559372663078224,3.0405261559698773,2.6817450282072195,1.0880026105007898e-10
3.45560909465189,1.4553611955290453,3.3429354019640396,3.00348614425117e-11
2.1227977263929594,3.786761772451974,2.1455374819810737,1.165441794473901e-10
4.592528650296165,2.9176913577050905,2.9176029715842757,1.0505701098004501e-10
2.8187606612244207,1.3201357676361343,4.708221552585918,1.120338395313015e-11
1.2025826683616163,1.23015407397537,4.99454794036142,3.957931557432879e-12
4.534889735462273,4.8131946936567225,1.3771797162806632,7.68077650387968e-10
1.5447761908776352,1.6985455109933998,2.090817570964438,4.0058683738725534e-11
4.382224326908774,3.477433521320076,4.402849196670854,5.246528336996009e-11
4.0734426532756105,3.9462460300906286,1.2818883706701554,6.528772742538253e-10
4.13431699648454,3.5694522092319385,3.2095659316423073,9.560903699030825e-11
1.8683397173279688,4.1103376581350535,4.859067370336684,2.1707694821022675e-11
1.4231039809528676,3.3323497298866185,3.5740060794612574,2.4777805318550973e-11
3.221605671880879,1.2132193460054754,4.22764372928151,1.4594900803918196e-11
1.8620060042421414,1.0298687500942485,1.0310029366631936,1.2040079514321582e-10
4.072868882188367,3.4952980283648944,3.6826273478544467,7.00576064595172e-11
4.239870900445869,1.8880888568571663,3.516527730206944,4.320491663518336e-11
4.439337166074605,1.1628538525080638,3.0145645647845347,3.791231371816661e-11
2.4011746452271785,2.4966158205163786,3.656937976456697,2.991758132877654e-11
3.1542088433069484,4.119164418885447,1.5098383898870078,3.803862827015903e-10
1.1481083077338963,3.797415460306701,2.5579797454581548,4.44695744353557e-11
3.240645667415733,4.740909813258323,4.458602899989036,5.158006149529272e-11
3.9658859687182884,4.653170278759633,1.2458344158325771,7.935142360015166e-10
4.013372227499351,2.681347118678643,3.252705637003449,6.788270795181961e-11
3.844917167053817,1.2770872241510638,2.0676649341224844,7.665375345652005e-11
1.6661729366911788,4.363755973908544,1.2413181232610855,3.149202172956605e-10
2.8014500728188407,2.8169502269351585,3.709269445222901,3.8279962047044954e-11
3.7606970253182146,2.8755540678847358,4.6755437082880515,3.3015041251771955e-11
4.192084177901261,3.0304824004972724,2.0286064366743983,2.0603090253473825e-10
2.199118971562371,4.259408332078741,4.157990141180756,3.615907341787536e-11
4.280533520851645,1.183807448366625,3.003788009015913,3.748233296513301e-11
3.20512390996987,4.212521957063776,3.4933844669570076,7.383808661068234e-11
1.3269957184762302,2.853950073765591,3.7178283129565917,1.82861986964454e-11
1.3581205296742032,4.7380397972380965,2.475575883289744,7.007623080087122e-11
1.8605540958722555,1.5755907073923532,1.2019856319742641,1.3541705419894064e-10
4.299212504938909,2.4004850425860256,4.36876273577467,3.6087533543282597e-11
4.869614003456743,4.602597258774344,3.69882253849421,1.0933437427810955e-10
1.9986402829096113,4.44166152811983,2.653076940644573,8.417179899938617e-11
4.2094761952585955,3.7266431723585924,1.4431939094307689,5.026696869958515e-10
1.1292950936213995,3.650794512116875,2.5993494792432528,4.072411780632044e-11
1.3553497925735103,4.335590561061782,4.064835758409559,2.3735580257122e-11
3.0738670704480393,2.99103620601061,1.9114529263202682,1.6794448263908003e-10
3.1676902037180263,3.72342020450042,2.6125551439042334,1.1532939742063084e-10
1.8419747336167687,1.6219591199442207,3.509150181833853,1.6192200192221298e-11
4.675618512214829,3.893526248038245,3.8722254832506304,8.103023550379637e-11
4.866418609278645,3.237353973635712,1.0277572506517605,9.954163177159602e-10
4.682062445363636,2.510412120491763,2.8094920908775287,9.938315950842034e-11
2.3925489919961045,4.10392734637319,1.1009638732845874,5.406305320035918e-10
2.556604521489944,1.2733770145761794,3.1839591507049447,2.143244839846289e-11
2.662893841625292,2.021718519087,4.0038159002894815,2.241364788744025e-11
2.1885934476736235,4.826855948024282,3.9977105574661884,4.411567623623008e-11
1.882852822082537,3.496211729912712,4.617179840986482,2.0608516003910173e-11
4.4415193340983805,4.771901253756926,2.524443071318393,2.2196170114121715e-10
4.555166822606552,2.9027022418132304,4.508237510533146,4.34189584162673e-11
4.1218366796070764,4.341853635133155,3.963784419462999,7.602074278129543e-11
4.560257643084695,3.8801513141633612,2.9363525677987314,1.36964445659704e-10
3.8885114907192793,3.432676276892944,2.318222614204405,1.6576474180704078e-10
3.222074739895154,4.771527315457474,4.93560270041351,4.2121016220807816e-11
1.7706333774991334,4.188829255640595,2.649997440346646,7.048822884043102e-11
3.0711271317305786,2.4998246390351624,2.850041313903932,6.307993400552229e-11
4.654237536265978,4.357230950672697,1.0870113483835984,1.145452726593358e-09
1.9866892879892424,1.8031415686725105,3.4081273767240416,2.0583268635917754e-11
2.7281733202024814,2.587788238815382,3.2790863340127427,4.3820889825468575e-11
1.6639614469510278,4.709422526261781,4.416779129086158,2.6809317310010888e-11
3.687512096640452,1.2846123730062167,2.2968697064219263,5.992651703504885e-11
4.119053269813186,1.7051984909371614,1.977469705355559,1.1987782996797131e-10
4.486264382910827,1.2756215906741404,2.9312051265882753,4.4452941523023235e-11
4.71361975275588,1.9016732947594988,4.726440219338754,2.677986088695268e-11
3.351076652538512,2.0007928093571263,3.4203374706209484,3.825029296202668e-11
1.628639713768694,4.577697590686326,3.4623351526438624,4.150688215276404e-11
1.600452900274353,2.638373628425645,1.6047216931695312,1.0943744630102956e-10
2.1281051839569947,1.5062723073570488,1.740321863803068,7.063559878569689e-11
2.0445285660844266,1.1592592867585165,3.4333983798052237,1.3418734902617405e-11
3.3492601831121074,1.2806156092601193,2.576532998412759,4.3120368334144605e-11
1.6714946986118133,2.97389522772502,4.829746700674791,1.422224516627116e-11
3.3802672140278918,1.3979533380370341,3.159980833997051,3.1583555131954494e-11
1.709889482081227,4.345770840473793,4.746452994351447,2.2013175508761243e-11
1.7851788604616927,2.845433607119241,2.23675807184822,6.77607755158424e-11
3.2894752727984558,1.0055878228519082,4.858261386827696,9.353433859414765e-12
1.4963734900002503,2.6083559223881023,2.1558078892986527,5.604965537733532e-11
4.143898717833329,2.7652062772765937,1.2000709254206305,5.310177527516229e-10
3.1720504164002654,1.6084344728190452,4.747543784220957,1.510746854957595e-11
1.6460690882359374,3.6812988253921812,1.6161004836063162,1.548455088040427e-10
3.030622946367452,1.099773549594584,1.897189648087405,6.180162397305861e-11
1.7461339213688274,2.6006916843939223,1.7886804437884507,9.472990529985657e-11
3.1923250613643996,2.3619581302355224,3.7811699078569245,3.5197605434064344e-11
4.217774553393976,4.06303717839938,3.3238919376587703,1.0352054953474229e-10
3.0287692295249413,2.2138555085646194,2.1386847506514686,9.783812329330485e-11
4.142615278498169,4.160848237305823,3.6316586161989406,8.722332661691742e-11
1.8008536676493585,3.1069545043176556,1.8631015714545902,1.0757874079309737e-10
4.912791023464866,4.152685673762506,1.8179384919071362,4.1198858420274616e-10
3.81113698115193,3.924279929254259,2.812439078285255,1.2619277557123817e-10
3.8898365850666243,3.477846481219448,2.194814711133878,1.8742703786354335e-10
1.7403567399554634,1.5323969511524975,4.042949487501381,1.0889279130656528e-11
4.538427243399921,1.798455463029684,3.4508343463202995,4.5744938010167177e-11
3.562480872541136,4.171670942909914,3.8049680574158695,6.85088626268811e-11
3.1757340224503574,3.9345191990462807,3.4140113042479445,7.154710791751973e-11
2.008879228558141,3.961727202027229,4.6342751799923345,2.473209815204296e-11
3.8433598855764446,1.8979682751884743,4.520376279390842,2.3825226032219774e-11
1.7870375871574935,1.128422589906823,4.518720966140368,6.591141159757571e-12
3.7286447114852246,2.656229137451524,2.3026848793537185,1.2466189472413697e-10
2.1762365107619734,4.952955355256458,3.4735877308242444,5.962112460043823e-11
2.171297682970837,2.523789503508586,3.9033677912754916,2.400378635017276e-11
1.225570150932635,1.600061773300813,1.3916502988762018,6.757730883845176e-11
2.7304318675833827,4.031166570686427,1.2446171284269525,4.742165900968734e-10
2.1274055901265436,4.843700036101332,3.8314388754597575,4.684787923337353e-11
4.129069811269132,3.3912164582569813,2.883372180322184,1.1240678626325563e-10
2.0524457792886,2.77666025414943,1.4562106282922573,1.7936274673290044e-10
1.7818585079958966,2.6532225942827043,3.5031844421927683,2.5710297230516138e-11
4.052822532330987,2.905881596753851,3.223435660213401,7.564560342661768e-11
2.080456192025682,1.4784215039233533,2.194963302759732,4.2607742160801925e-11
1.0735687682209103,1.0142570168845721,4.371645996799153,3.8025428645617256e-12
3.29801670549514,4.216925290712972,2.254831521318598,1.8256047858298433e-10
1.6200613478199535,3.3349613309489965,4.381907173897314,1.87794175770484e-11
3.7839752359775223,3.741288289139665,1.3010457806327786,5.581751595401857e-10
3.251251115566753,3.1684646907779883,3.4368636440944975,5.8205092554070735e-11
4.808116996022591,4.3326055494263835,1.8960873198630255,3.8671739984703743e-10
3.1468744017437364,4.094197493836781,4.123428323046355,5.057285838657054e-11
2.293396022449102,1.0466298021228493,2.488118615179866,2.5877135097403638e-11
4.1247690579367,1.52312071523904,3.8162065701054257,2.879097783218467e-11
4.932905456552547,2.7431511509541555,3.46030365693477,7.542412996613688e-11
2.691310756145716,1.1239879037239833,1.7103768871495988,6.901254582784554e-11
4.541933531663341,4.714450862339888,4.457187378045592,7.19343470999614e-11
2.924657271127245,3.169617152632144,1.690470815153728,2.1649737560747125e-10
1.2247215529821909,3.4996924222521364,4.059787958719625,1.735588396630814e-11
1.81584276215567,3.8388115459786514,3.8949224071937145,3.0666457708779756e-11
3.452095048100457,1.4591558701046878,3.481046597552108,2.7742842742674867e-11
1.9737357275932323,4.957334692485082,4.8562002560685436,2.7690466411785832e-11
3.7895424713875574,3.2003160693081982,1.1864543887128405,5.749945906634796e-10
1.655132201307997,3.1002639896920448,2.023996491965602,8.359841731951405e-11
1.2443388460034868,3.4164215457970317,4.3004135678092315,1.534178410336698e-11
3.382186213987774,2.4642999865974504,3.580183610495924,4.3397697850352826e-11
3.150792675936605,3.6712450648224695,2.990669778482542,8.631424601118826e-11
3.5382474506128196,2.2410454489162257,1.3370998319887342,2.960038777416368e-10
1.2553947960888379,3.013757068911471,4.309097533879376,1.3598848016142138e-11
3.475644282441228,3.336212793025535,2.8999787993864032,9.202071886011315e-11
1.2763558736360934,2.197096405509391,3.916149118900554,1.2203619444112835e-11
2.308319465878199,3.677835224286617,1.9691707437267953,1.461193173766978e-10
1.9162354447025338,4.336512988332581,3.507068026740768,4.509073794126801e-11
3.757233714217759,4.491827671802916,3.989088243227842,7.078320321268032e-11
2.5482218501271077,4.59774550766253,2.4216685247044767,1.3333340563281234e-10
2.1595579929626063,4.325290802755315,1.0735975767571722,5.408581023410373e-10
2.365491991730304,1.7665316386629573,1.5957693781453597,1.0951884387463753e-10
1.589710446542136,1.619492503812801,4.330850859768216,9.160869910305209e-12
4.226754726846481,1.769709384412233,1.5044284701430026,2.2057288121912094e-10
2.5908797306699634,1.9989543194878543,2.0203243322004676,8.468259082269517e-11
1.274983876329347,1.6517872576477775,3.8333659873926904,9.56498814761039e-12
1.547938630159416,1.8260167573866313,2.785206204023962,2.431811970082323e-11
2.748348406233631,1.8237311114254608,4.5514618008678,1.6147934976668483e-11
1.0973743755438452,2.9800641522188647,1.6572313923244768,7.946947203490443e-11
1.3950266400509683,4.940475186895288,3.794816613035887,3.1941539160284795e-11
1.4451291063705822,2.7844678033070434,2.22072456125686,5.445599018245264e-11
4.762911786224428,4.295828487840348,3.255292641903792,1.288622176245812e-10
1.5048089593197118,3.729263271311931,3.3562326240839075,3.324960614376763e-11
2.5082864639117206,4.100873136383558,2.9982330140781652,7.636755865757209e-11
2.707600595769359,3.7112489587096857,2.5387825355645375,1.0404947370204318e-10
4.535610238587463,1.3859694353665146,1.093682999491759,3.5074594554448387e-10
3.4095374483860534,3.1454159733176046,2.90483349710287,8.482371067875039e-11
3.064490330593481,2.346011693795127,4.998751486636463,1.9202224267518624e-11
4.222802583319755,2.8369260517448693,4.695811712006703,3.6258818381045346e-11
3.9338223351079775,3.6494133628493612,3.4493508682006864,8.052843441992721e-11
2.585231885837039,2.149678924420729,1.8936061954748538,1.0343796625230594e-10
4.809335551707093,2.2378927424515727,3.1904705058029816,7.056690679124935e-11
4.537180201718947,3.515994086741236,4.659478519122092,4.9039466723995086e-11
2.696863750886352,1.27817004346314,1.7068984022346223,7.89620653300502e-11
4.5800187539079,4.457233691334825,3.769579062095037,9.588113143040133e-11
1.3082645663694854,2.5850217584248343,1.4130397772772865,1.1304131715142068e-10
2.645791546464559,4.566606009804622,1.1912410046878779,5.682456270488942e-10
3.7272217010077506,1.6076404409768665,4.456228463044181,2.0138422795330716e-11
4.76539896579823,3.2063758737049644,3.9098677063704548,6.670767047042364e-11
4.548938206967424,1.6144425868375945,3.783846667466319,3.423353808821431e-11
2.2193174925165886,3.2401578097145483,4.332871673030388,2.5563490192921074e-11
3.584441513735466,2.8844769679754783,3.1034944054261584,7.164284813296132e-11
1.511856823579191,2.88305455550061,4.671729420913243,1.332890169383803e-11
4.121347599072885,1.4206681253298066,4.388772234440614,2.0287661891313004e-11
2.9069955936553855,2.589871821672609,4.00949050605109,3.125578906533055e-11
4.510882803947412,3.4337748676901745,4.064816180733519,6.256590667366128e-11
2.2823201108064106,4.814479670385623,1.2025869405266785,5.070831155057025e-10
2.395913511073146,2.0584708710640722,3.0470633685081947,3.5451865452494796e-11
1.4500563985339405,4.422888182044371,3.8430658615124225,2.898153616121543e-11
3.4940318423644134,3.180219842368253,4.646925567192081,3.4343042831114954e-11
4.4209364803005995,1.7376496690889853,1.5240959825526832,2.207181578222954e-10
2.6973987262119508,1.2852506359664377,2.7979568791399814,2.955542057280911e-11
2.196108843025685,4.365999208281002,1.5000649132849997,2.8438298583318203e-10
2.0511749026452493,4.3889152009171175,2.1258712942987557,1.3294504360706581e-10
1.7375695566072267,1.236426423058143,2.3767831470464147,2.5381516099608805e-11
4.263925321111442,3.4233588735641294,1.9392766095512877,2.590411160617816e-10
3.974151831844035,1.0516077577298022,4.254391128680581,1.5410247363678715e-11
3.983913277391409,3.4618959925899633,1.4740206511160405,4.2364585177346567e-10
1.0045778827722578,2.651885753396121,3.3460577079466236,1.5880265946175286e-11
3.3202214148245486,4.966834309913994,3.429352038181623,9.358554672843714e-11
1.0233538337013686,2.6971019983954925,3.8620387382061514,1.2350261198257266e-11
3.2265739761373147,1.7754546656910022,1.5326487363835963,1.6276167612660048e-10
1.676529447312213,2.8563883804257855,4.81863274610942,1.3764707615925624e-11
2.673638530878575,3.0215434273376256,2.084344075845185,1.2410203690680755e-10
1.4094367432614425,1.199953171922076,3.9045078880648383,7.403950054451068e-12
2.8791691499724252,4.01539293280678,1.7665237511757264,2.4725351306524093e-10
4.655083307413587,1.6246342924977464,3.506955574279471,4.10401318347238e-11
2.3548373200725763,4.136265991113568,2.4145230464419347,1.1150461984302723e-10
4.0471383557774425,2.0163951412069387,4.7535590628013455,2.4103055862834833e-11
4.044988120479498,3.941355871317427,2.980896594445858,1.1974441891977218e-10
1.5588935968321032,1.3129144522773721,2.0813151577134414,3.153286345989253e-11
2.62717537758975,2.538432027741101,4.990657896783208,1.7870026850475234e-11
2.2410664818644985,4.608461238461034,3.952271214623583,4.412689841831786e-11
3.2184805202646127,4.626531320067094,4.597016627299364,4.702626042716618e-11
1.6168157966857284,3.8304699772783675,3.715371921922102,2.994292478400359e-11
3.4106859655597606,1.9571419905472247,4.191525821496517,2.5357473450558587e-11
3.3836409999015915,4.090764291044671,4.505138818021388,4.551542289149556e-11
3.890196617738692,1.532122534673317,2.679208923150962,5.541637233631319e-11
4.271651984820419,2.3916114927581793,2.2623310756110357,1.33217222624998e-10
1.1895539324732018,2.606609048211156,2.8792522216199785,2.4962427504569035e-11
2.377401725697978,3.2688331665835038,4.721808666340016,2.326294864014966e-11
4.878246923730306,3.077613232566949,2.4220897346990213,1.7079830804295934e-10
1.685631768036568,4.43877855587923,3.844217078345274,3.379065276845605e-11
4.671062083641361,1.0264756022265589,3.133124548394584,3.2598315182802824e-11
3.2362132412920803,2.3002917287758353,2.026318539390546,1.210015169081715e-10
2.835865163141441,2.4864894861988347,2.2606922649028762,9.20821626125379e-11
4.16822078386663,4.927240153521273,1.2901461954712272,8.234984675482207e-10
4.22165465132656,1.7574769342949441,4.0062740283185665,3.0851567631560465e-11
1.318381479508234,4.945186747486169,4.180405754260505,2.4898496260976634e-11
3.7931774757923007,3.06444510376513,3.9995917700113135,4.849644220407364e-11
2.8230697856072666,4.800656862853462,3.5354333702403684,7.236410040918974e-11
3.6382697804828137,4.9483465740769965,2.0499631664983298,2.859230021784851e-10
2.3687623533121136,1.0267043262776898,1.8116439438467955,4.945467970601933e-11
3.63756918186085,4.124103462114512,2.741455878269135,1.332184863531991e-10
1.8819475840712334,3.4676805996695754,2.8694164956472377,5.2898777203101467e-11
2.0515223812934016,2.9718422491517713,2.883640637239475,4.8933461677197555e-11
2.622076723623147,1.4881149625827619,3.9886758413084467,1.6368564555041137e-11
2.561403577198708,4.259149486372629,2.9010509165281,8.65120084626891e-11
4.211725085560213,3.191974774914663,3.51440257079236,7.26444855447295e-11
3.9159608185704595,4.072043470566427,2.6657431771432964,1.4976155234388798e-10
1.3622768935794074,2.393577563754468,1.6784867321935186,7.724373632129407e-11
2.864940526625075,1.6314200270419446,4.192095765560444,1.7750280156861048e-11
3.5287191693224265,4.320416982609722,2.122211059296982,2.2591851086413068e-10
3.441680888957101,2.0298053909008065,2.8363953834252906,5.795323244506642e-11
3.153788358685695,1.2993094929415596,1.7332502995826684,9.103508282862056e-11
1.8270461575728505,3.6918342602164205,4.548791134294241,2.175634442682207e-11
1.791718228869012,3.5063765048134354,2.69382461478553,5.777977258652726e-11
2.7188341389288686,3.9456666306667496,1.5401467037075052,3.0183189081592597e-10
1.4937501903581167,1.2819187856432386,4.4743502138629925,6.383586387105629e-12
2.715540102036399,1.810059974743027,3.804084859677859,2.2669137424462817e-11
4.452493629877694,4.6274931153757075,3.0739795963164265,1.4552356632091282e-10
3.7146139647992915,3.61731925860348,2.1002661546602295,2.033003200087988e-10
4.9029023625881845,1.4171076582997744,4.116016062750379,2.7370842790375557e-11
2.194964905720288,4.100063486140879,4.06740291486908,3.6305295305131515e-11
4.2169377164963695,3.653952132614256,1.4073946141311833,5.19175838757478e-10
3.609846059967636,1.090906806098611,1.1995053444618877,1.826661860098575e-10
4.9546525077828605,3.278906025269198,1.547784097717861,4.525927703856963e-10
4.784923376778349,1.591556989995798,2.0921086166317666,1.1612211248710115e-10
4.767942291871603,1.9963227625315398,4.52641950552498,3.100547208002476e-11
1.909464938494967,3.7893832901159406,4.834565020297713,2.0661013210639675e-11
3.2872247475539624,2.1349003997143123,4.390170205857046,2.4301355715317624e-11
2.870044431676873,1.318170589107447,1.0019008344317366,2.5153415415156535e-10
4.274979608469963,4.067584498544974,2.5041707357310132,1.8506698997428737e-10
3.7857115771220466,2.2120501712643748,2.4113580390343783,9.611812709913186e-11
1.458694257890342,1.0039274676230474,3.851227328023135,6.589530964977759e-12
1.0053242893684664,2.71137431370429,4.46916702822109,9.108118728416274e-12
4.357960568669741,1.694054767207235,2.8323535206059938,6.141889905942739e-11
3.858935188623744,4.536994606396523,2.228828864803011,2.352168896491294e-10
2.301978532846909,3.89537042211107,1.485696445900293,2.7112905791646053e-10
3.326447620697629,4.379386376157395,3.9442482154216947,6.249592194450539e-11
3.876879813421074,2.022053633428993,4.489331763004531,2.5959588778990147e-11
4.430994269512992,4.635613157552018,3.6449499068748654,1.0318378373195785e-10
3.1156747520439896,4.970694364918964,1.2215341191976488,6.926983828382326e-10
4.282152952752659,1.9757497161250268,1.1759323491178764,4.0833408253399047e-10
1.2936361478524527,1.6152773372038975,3.5456055296680633,1.1093398460939802e-11
3.5272213102802703,4.360543970900855,3.2074581533633815,9.97786409384581e-11
2.033834392937638,1.2761333482432944,4.275346682975609,9.476657251856896e-12
1.813228611374385,4.926410085580136,4.4969206520721166,2.94807737097327e-11
1.8778264347184357,1.1874637565557284,1.682503937601124,5.257143542619213e-11
2.4478847059134257,1.9891007915269912,2.0825662716737345,7.492664567785962e-11
3.816117461938143,3.627750749268234,1.7742657621155336,2.9349995072726366e-10
1.1740800581036082,3.6700704535396067,4.3912022952889895,1.491390683247645e-11
4.195728580399895,1.4173162345220573,4.674897020755536,1.8160017092838133e-11
3.7955278980203793,4.87547643646915,1.127040407369166,9.722914756926914e-10
3.256870768545055,2.862463103136275,3.235845556812912,5.942251867847382e-11
3.5440843925699603,3.736482950937929,4.78731863779721,3.856280293910211e-11
1.138110377606956,1.3115823593524176,1.2397424335047194,6.48191333083178e-11
1.7999519458920585,1.763418095921545,1.3786600468866408,1.114520410011479e-10
3.166016035144159,1.4032009513570993,3.693655945754455,2.1732330632360608e-11
4.625455193402962,2.5191163690018876,1.133363796554855,6.054109045940564e-10
4.139114204499782,3.16579121628403,1.3228549416619044,4.997484243211507e-10
2.269543941724723,1.7408161212256723,3.0884561785290296,2.7643613407040418e-11
1.2542989833966969,1.7086724304909837,3.3409143537446115,1.2814905263632365e-11
3.157676576777257,4.8300919592622975,4.3360388692914,5.414058122955909e-11
4.686651689183527,3.5408050525351893,1.6723478770447247,3.9600224705520023e-10
3.991053062899174,4.57685674925877,3.2578615027424846,1.1486184512370007e-10
2.482777401984891,4.671257564157925,4.875262768412823,3.256579940601649e-11
3.1511061583014857,2.649735083395009,2.5836204427999756,8.34822735925072e-11
4.213763159055592,4.680450508616243,2.9988042167256426,1.4636854502033428e-10
3.1234757554747357,3.565214290879592,4.911584381333403,3.0808230930641896e-11
3.6639328872420154,2.1261317949365317,1.3186893875963115,2.989777520585898e-10
4.40325556350199,1.7019336440395767,4.230112795959451,2.795109474922793e-11
1.6172305867732284,4.380592671748312,2.051879520813743,1.1230195257204261e-10
2.9362775530177463,1.452542142954465,4.573923975576489,1.3606115876783611e-11
4.167587942376735,1.8439794969116607,1.2748943160712662,3.1555763554606623e-10
1.6258642553200624,2.4641503587757914,2.343061030219255,4.870465686493597e-11
1.7374389616372632,4.161269650375029,4.200978514752191,2.7341396734728672e-11
4.727751145530329,4.259936392386787,4.663354674853171,6.180833301176583e-11
3.344843186417509,4.168876180403014,3.5777492560008257,7.270447795935555e-11
1.6016906629854026,2.0479785464209215,3.5319328279188453,1.7549525490435034e-11
2.581600789636029,2.1642007217444936,1.856993639746757,1.081314414842604e-10
1.446226098633963,3.7736121441341797,4.003083503954969,2.272952493203494e-11
2.750159838103047,4.872956092962827,2.806980643232211,1.1351618852001486e-10
4.554962083469695,4.724304998353856,4.026276019743226,8.859348935562898e-11
3.034175125304839,2.9753712151697282,1.264504260877981,3.768143287557053e-10
2.9654506083176706,3.9729568275585296,4.440913776950425,3.98699839401174e-11
2.455123090126015,2.2181442742263786,3.241368212015153,3.4593342456966685e-11
2.2504024423908455,2.271430436785751,4.269186481696597,1.871783362263991e-11
3.2713237945041804,3.6747012390279994,1.133035566934912,6.249491544459501e-10
4.120216385630952,3.957060346097881,1.8383466564152808,3.219764306355551e-10
1.2217104521142947,1.842563268989176,1.8509183013144277,4.3853312308111874e-11
2.4274913665412683,1.5417783046103963,1.6046862852221482,9.700308463329529e-11
4.230064532508665,1.210825473067497,3.2463869621847263,3.243502022887617e-11
1.2783657709156815,4.436102831047984,4.512054498045051,1.8590636855773683e-11
3.78110096539241,3.1140452533635,3.042203524602763,8.490883180154136e-11
2.7071004016107585,3.7348540270040056,4.033946686795336,4.146712154417104e-11
1.9073041804628255,4.0107854573836885,4.848336545463672,2.1719512710135302e-11
1.0301395335873766,3.9223641126330735,3.5239013278506266,2.1716142599532507e-11
2.903939489787724,2.349954037193952,1.4765621093171561,2.0889579297999264e-10
3.149057660335779,4.684302208125844,1.0056989761377424,9.733649530086788e-10
2.0146836437727766,2.6669561744958985,4.681078583723853,1.6365040264838446e-11
2.0641443871725533,3.5304015777291915,2.670306901390904,6.820685541621669e-11
3.1697323462164024,1.650325765284474,2.803317681596127,4.442565518846664e-11
1.1440296538771126,4.6880886024879445,2.210234824038669,7.327274479882693e-11
1.0309544956304801,1.3046519866007258,3.438893082085056,7.590721052548966e-12
1.7958881107396545,2.3606296728772596,2.1896313530239477,5.901349465377999e-11
3.1759245768992437,4.284310349190905,2.5203343249693617,1.4296212565559768e-10
2.8952279172539868,1.763791167656509,3.6767954283494593,2.521025215798393e-11
2.2966913816975287,2.4028721325349784,4.802151851023506,1.5971574286709872e-11
3.9945953638113734,3.757681703320949,1.9037606025331524,2.764103596227632e-10
3.649036965357259,4.1848979161591755,1.698403012574159,3.5331968187641377e-10
2.6710684556861417,3.404271720822265,4.821337270861436,2.610720694886162e-11
3.0546728760160673,3.976904405353726,3.4857316717670392,6.672800760987987e-11
2.265373977320547,4.062362270334391,2.4841447463325896,9.952930333991075e-11
3.9634546297284103,2.9061381620452793,3.969648613621644,4.878341734216414e-11
4.503074983913409,1.219244368213496,4.3107978412475925,1.9718361571404827e-11
3.544045296002345,3.7141705492782298,4.034193782557561,5.3980113927860246e-11
2.2234587097803744,2.7538986383667714,2.240857248101677,8.138321462315939e-11
1.4520378693594025,4.158361725610499,3.156878473164349,4.0436232297715486e-11
3.699367475674075,3.454871784657846,1.600207520142658,3.331140855100963e-10
2.6054601724863318,3.6798227928970366,1.8455820662483888,1.8785848836924654e-10
1.6357222496793802,4.3809869776963195,1.3163775030095732,2.7599856408618245e-10
1.4880750536351863,1.2800484583628422,4.490685147769142,6.303942393975796e-12
2.83640388649186,4.32810814536756,2.014754684610827,2.018403680579576e-10
1.6706691432563034,1.9458245005537833,2.9700168280042707,2.4595887679985042e-11
3.2897810283664404,1.5846265914308235,4.930257169455504,1.4313339977282434e-11
3.614650244543673,3.6591422585362556,2.6804211270263165,1.228643005996377e-10
2.803681460450676,2.1062112409193037,3.10431348122715,4.0896454303624635e-11
4.39516286484337,4.115813876662683,3.106846502521334,1.2507695742193115e-10
2.7518772584118616,1.7208917159391115,3.5804991210713863,2.4653674776621968e-11
4.476345001243969,3.632792504893249,1.5104214957338136,4.757228706679232e-10
4.748345594502105,3.0773349354411645,1.6699623497121387,3.4969540856224767e-10
4.247722763493844,3.849005326189806,1.3363399515268153,6.110221774128059e-10
2.327113728098001,4.5431770358841055,3.3288790160908976,6.367477922512063e-11
2.9947707044234266,4.324330461775768,3.4617343509452567,7.212422809255428e-11
3.2239694550528726,4.139318505482628,4.418369546405469,4.562279543504207e-11
1.334602390875998,4.782860152643639,2.683994128819278,5.913745907054835e-11
1.9912458085063705,1.0889102329954956,3.4178976612248224,1.2387539325361484e-11
3.9986077103622404,4.3642921477670775,4.652397356296031,5.3809036494710673e-11
2.926742968338954,4.020406596833109,2.7212709953556207,1.0604670459000254e-10
3.817075926935422,1.1733143318730672,3.208854003510585,2.9028958907794302e-11
4.059372349701892,3.3504625681773854,4.656755399325363,4.185843705512185e-11
3.7582009227071005,4.978411901122481,2.7101027264552457,1.7001432561232962e-10
4.719231953288777,4.424032897719701,2.11211817975854,3.1234851420402174e-10
4.110821851518445,4.40133631722171,1.8259470219868552,3.62178835945344e-10
4.209447336486779,3.0110015977908278,2.70201669020319,1.158633854657594e-10
2.6278053512693234,3.45885151740821,2.7922585932902684,7.780366255102642e-11
2.9097756403851625,3.748928439407829,2.5930847697667714,1.0827281492174841e-10
1.299096396166009,3.8421134845352833,1.7903253958838286,1.0392830023303105e-10
4.103666418382497,2.5045218859320157,1.8896077903563482,1.921054749376882e-10
1.7246504713371444,1.0047564633335861,4.426371228686369,5.9027234126704364e-12
2.516024006640307,2.7875071953191988,1.0769167494213199,4.036014489635304e-10
1.7249648640595794,2.5113623148275566,1.622952796553844,1.097650428962437e-10
4.484198547845574,3.2392333447222907,4.164152632907929,5.5906202197572524e-11
3.1866764353098818,2.2909231017398977,4.013844710718017,3.02422117738913e-11
3.0659402416275676,4.182775624748631,4.868444877059963,3.61105366291735e-11
2.975684358939434,2.743218115667496,4.45431519804411,2.745816520200756e-11
3.0754703464578372,2.121422039199601,4.857147478362961,1.845704802157124e-11
3.6149540018688877,3.5240749645973355,3.2122765183320645,8.239640620932819e-11
4.546351384638168,3.70126747817098,2.562917883787813,1.709740854992635e-10
3.7393176460925783,1.2616132049290734,4.636076896590588,1.4648849787737772e-11
3.4272517864329624,2.763438333536423,2.622836803535418,9.18839069649944e-11
3.4695118126405413,1.2871456152186918,1.7814837128051395,9.391144910694687e-11
1.1770313730227921,3.4038737386246907,2.2784213422247572,5.150858307857069e-11
2.9213437237971234,3.5497094454185736,2.2658385784129274,1.3480429628109426e-10
4.130910411971355,1.9991392453484336,2.9437662602599244,6.360164917836615e-11
1.9729126384691544,2.466878814201257,3.9780640705379735,2.0525716459772228e-11
2.5702000479902654,3.7976249617660227,4.947029441530345,2.6618048558057964e-11
1.4466515316815616,1.4794174992057032,1.5543068372965854,5.9124484888031e-11
3.7484462338205695,1.2243430949776846,1.0742210272169443,2.6543202852822036e-10
3.480403892891246,2.599092471764306,3.630865543903056,4.579491381703564e-11
3.3589923896988876,2.5043922720354863,4.892990228836323,2.3450325766584942e-11
2.88322454148831,3.573732993137136,4.158133176703567,3.9773149284381894e-11
2.367503968196501,4.45034551021834,3.0167727745604527,7.726546939491326e-11
2.8044168372288727,1.3449467426873745,2.3748099759878265,4.4635060359520403e-11
4.1131379358999265,3.1640521322808315,4.778955971361496,3.8030938967666437e-11
2.1717051136757637,1.5262136517306462,4.911738996242152,9.169208080870628e-12
1.9910005392646672,2.8019592285175365,1.8103194333864927,1.1360801310938521e-10
2.0797772293615924,1.8066162369074519,4.981264303428959,1.0106243521086825e-11
1.1030815380309793,4.019663360387311,2.133440112136809,6.501635064476477e-11
1.1381038700827704,2.4827310036463386,2.751840893388835,2.4902969105371208e-11
4.794648185928995,2.9819148291974145,4.675960450603816,4.364118397075712e-11
3.74301393665845,2.579559840155512,2.4889379591173437,1.0402197878918446e-10
3.935191197831869,1.4413582371072247,2.496833518077964,6.072182324286357e-11
2.1472601713711477,2.573065118922601,4.502359168809447,1.8190363342378382e-11
2.5991376559294626,4.656376727728093,3.6105875180509024,6.195949090704354e-11
4.176359865544335,1.2664795142489438,1.807909130892333,1.0800132630381632e-10
2.279106975787993,3.6103507102725985,3.3532041734224878,4.884052325220655e-11
3.4804550919101884,4.213919779564927,1.9543668580816824,2.562691461127176e-10
1.2877800834422741,1.578166593451197,4.668691393703808,6.2228655453691735e-12
4.189743654994162,2.7573010398341644,3.2127233951615515,7.469837722870222e-11
4.549013967330779,4.683595759811835,4.294773997281588,7.709074572064218e-11
1.2269537471089795,1.1284097760768597,1.1007762659120055,7.625759764668746e-11
4.145383292739964,4.978031301794962,4.940780063421506,5.6417972442843274e-11
2.535148514346662,2.352487525789168,4.1352535343617,2.327623079815045e-11
1.0833553579538622,3.382182150495474,3.529810556576349,1.962688310420291e-11
4.858345547813819,2.997757794144946,4.6880853289187945,4.422625118294094e-11
1.7630036009418268,1.6503067087061596,4.375409730739855,1.0143004313045164e-11
2.557486613113795,2.313619611984516,4.784218903171189,1.7253191513762514e-11
4.162127311989188,1.8653396122467556,2.6732360097313075,7.25078237463486e-11
2.235232393951458,2.6597613371450244,3.1558898620195186,3.9838949422553e-11
4.862969610162015,1.2532858413966332,3.005241430076491,4.5038006218665324e-11
2.2464855458961983,3.0865814616922074,2.77951611187696,5.99003255518396e-11
4.070118446479672,3.6533093606915243,2.1123820443050287,2.2239999108909157e-10
1.7185364108134253,2.9744587224710144,3.032611273097992,3.7095343478027456e-11
1.4519185907119212,3.516321675201727,4.8494100307921535,1.448902805198684e-11
3.581470795552585,2.979798056474392,1.5179735964120349,3.0910498848240755e-10
3.622271478950515,3.9652488211088537,3.060366684340621,1.0235067526670789e-10
3.2129916020628,4.830115727615793,3.7480718641175486,7.372885858695749e-11
4.602675248327041,3.727539928094511,3.229650677005812,1.0977608487893094e-10
1.3646468894093036,3.8735025273327692,1.8441523696349185,1.0373295117926421e-10
2.6571500488602173,1.792687787676356,4.584916726755216,1.5123211903432465e-11
4.825880672561626,2.177899106685841,2.1886668653743926,1.4643375933146697e-10
4.370644738386034,3.690515999200413,3.2133586254549513,1.042558435726792e-10
1.4684594679313494,3.8879941232346025,2.9518834400757163,4.372958506891454e-11
1.3513266909294916,4.327496222272142,3.379930963788702,3.416391204525118e-11
1.3065481946505169,4.775178741670473,4.2031432381619105,2.35696366767871e-11
1.003048322998914,3.7841917177828157,3.0951004083310822,2.644427739837519e-11
3.516251764694849,2.2242057766135233,2.2821397810796813,1.0022051888020889e-10
1.9941260298265684,2.7623957470824534,2.424742145286244,6.253074158156447e-11
1.5003380447328558,2.8970366569253176,3.4518094748699806,2.4346452067735138e-11
3.4818618275063824,3.9885954471079033,1.2687994458683876,5.757471060483663e-10
2.906466572529189,1.2239352134045105,4.267511454268416,1.3036486935809189e-11
3.6230445528885435,3.969992729019953,2.751428196488622,1.2680407814671266e-10
3.87499488821298,1.357081496753687,1.995006339807512,8.818093614743163e-11
2.139148508362229,3.370152585442389,1.6202603079374969,1.8327664090519198e-10
1.5206027230305472,3.971729262312953,4.046913427319572,2.461125583361482e-11
2.4388618248187304,3.4069729664105735,4.9522527424166025,2.2611870176094897e-11
2.374594497437511,3.9442404613530333,1.0425224631282317,5.75132885002133e-10
1.257918310706759,2.2206332384151883,4.106664339342844,1.1054448055768175e-11
4.89725036979571,3.0235083557994837,3.359349225150167,8.756677908371614e-11
2.2260655005798973,2.4551732079839765,2.019035113194072,8.947846678684668e-11
3.0897157996015188,3.2233835695133024,2.6978064411872382,9.13261499424955e-11
3.5421548910279106,1.4495316019424767,2.098449940059374,7.781874308442991e-11
3.739030225442281,2.3890793128724845,3.24746032352042,5.6531178410092533e-11
3.1617079126830605,1.3647731560475682,2.752508579747013,3.8011154230117013e-11
3.9476590712121844,4.284394515664884,3.819103123469978,7.73913683191379e-11
2.1242850380158087,2.6655688693527524,1.0740996560549516,3.275666997955517e-10
3.7552123301461235,3.2512931612191025,1.2833499703315208,4.947509323636882e-10
4.231517687686008,4.079023676768168,3.229905721580103,1.104228361271435e-10
1.2161468450999418,1.9607428989676134,3.912316015537178,1.039740631138769e-11
1.638882439542452,3.5477163544265027,3.781093791363445,2.7142384192965316e-11
1.4051432882762587,3.9145383475908235,3.4355688582693644,3.110212429525526e-11
2.772444142638947,1.8504162744695347,4.605314180251664,1.6143582574434066e-11
1.4950189378176342,4.41554980981038,2.5005529475504864,7.046047633017485e-11
3.1038638856187752,1.8745068777174083,2.1429338244722076,8.455871772487877e-11
2.3009357985215795,3.8818311983369056,1.3874837701121843,3.096503149058223e-10
1.1014277540174282,2.2235461028562606,1.41715889290038,8.138629228317105e-11
2.6690111194845607,3.3719473156440927,4.285695609832335,3.2702030672943814e-11
3.411949432868918,1.1992107746829097,3.592913762540163,2.1153913471205798e-11
3.061885395279936,4.634606478593122,4.593554701695009,4.488386144126331e-11
2.002732467403119,3.1933196346969055,1.7842015231042492,1.3407991333454173e-10
3.20106062657051,3.3045797828616825,3.5623824770795713,5.56307931195623e-11
3.180145422992097,1.1732169568248163,3.3032109615168266,2.2821221782615497e-11
4.556305445825743,2.6828672049456475,2.243934121722412,1.6202349814919256e-10
1.4112294767352624,1.3712878425399966,2.457540060550311,2.1385098504795703e-11
4.039964420112525,3.6465480451839514,4.921325200812289,4.059584207506395e-11
2.971910003376806,2.6787825159218084,1.22811488521002,3.5227459265655794e-10
4.0666738774291185,4.91013458806988,4.738746082406038,5.934608413615312e-11
3.7383645966435965,1.449740579712635,3.2083734903878907,3.5138912321146785e-11
1.3273014120769715,1.2076367000994188,2.6899398335844475,1.4784509789809757e-11
4.54570155375653,2.6734597690956674,4.326282572256879,4.33342226264783e-11
4.207903722601646,1.687658180108866,1.1929709293772306,3.3302494407560443e-10
1.1796872434279675,2.587941295162455,1.0721122236745417,1.7726663912386327e-10
3.3213409036306265,4.410627378528529,2.9757014022062163,1.1041328371154549e-10
2.920631085531873,1.794996648522487,2.5991133355811034,5.1793601686802e-11
3.038314229413897,2.454602701156419,3.112713970772761,5.1371431504966666e-11
3.656671769904889,4.1671545196547495,4.120948549926537,5.988490998029848e-11
3.2495123287124987,2.350867717677087,2.1993749916432406,1.0539840010068614e-10
1.7760658226577624,4.6508414189315035,1.517884531107197,2.392760996476042e-10
4.476599023628113,4.926092519885513,1.381725522336669,7.708917589257701e-10
4.938725969526995,1.5986755606595762,4.366574487858927,2.7636288749654293e-11
1.9961218843990927,3.755405869963356,2.6030972297191757,7.383280347660447e-11
4.08811869949979,2.2489376322732584,1.091902664504154,5.146586300471022e-10
1.052149763779049,4.425446213975588,3.829537485121068,2.1189864580538336e-11
2.0925009096504286,4.487799373065656,3.869289911148828,4.186226758523621e-11
3.757683182653254,3.4185006720752082,4.838840443635068,3.661503295041867e-11
2.1980681741521817,2.2949075990980927,1.4447921750442325,1.6128047832743189e-10
4.019275603931977,3.806096750756441,4.979933756037983,4.116865529246608e-11
1.801943673576809,3.196265328372216,3.1977464190020664,3.7590854233860546e-11
4.708643017285967,3.298054780172709,2.980479793635226,1.1667222213246866e-10
2.711865106636292,3.424863999655967,3.4923759972251474,5.082245341936566e-11
1.2277338164603258,3.6683545393611703,3.7473004521696254,2.1405466261555024e-11
4.755929787982124,2.6431752633146752,4.572979529327926,4.011890615583097e-11
2.160301074950931,3.454909955089536,4.645549202701533,2.3081450020154113e-11
4.176290874828625,3.1136019046041863,2.935036375358791,1.007425755623186e-10
2.488388754662925,4.046829894659237,4.09646833884201,4.004978386809633e-11
4.466502082341814,3.3695493144378523,4.264149986041223,5.5240883492014015e-11
2.6231687404284942,1.7932251992957644,2.90802362531338,3.712371268408186e-11
4.912146688075584,4.962351477569859,4.453005906424332,8.20424288199878e-11
4.610447068730201,4.549511853244268,1.1194598003283565,1.1170613821372918e-09
3.839481307724833,1.0584090125032564,4.851428081782842,1.1523199842031249e-11
2.571426324657665,4.3129991280763615,4.055327355531394,4.500780402820951e-11
4.669412112181771,3.568258700280558,3.0544428020700223,1.1919025459418923e-10
1.5165039066902675,4.994556118284807,2.6774717116230855,7.051424346702201e-11
4.510860184570066,3.0819859368164013,1.6257084725982396,3.5106770724848563e-10
2.5004721898112905,3.590441081368405,2.9341828917855235,6.959558253243544e-11
1.6305710353083889,2.3351297480816124,3.3605364420109796,2.250192763539028e-11
3.5357988877227715,3.45991213734369,4.007337249139339,5.08425168057415e-11
1.5098708375727754,4.872455889322886,4.738607436167564,2.1866156504519236e-11
1.0015462070312076,4.284436535884616,1.8163753993309437,8.680398925034705e-11
2.3779147992380785,3.942796482910266,4.47029113580408,3.131231923420154e-11
4.792777754135077,1.0949946805025013,3.725890227933261,2.523047293854289e-11
1.2216744038016851,2.968756176429739,2.1453237524885056,5.259331252812901e-11
2.569650191847161,3.0330891939530455,3.2701304402889586,4.864242724869289e-11
3.5132832529711737,4.385895968357538,2.800142195285855,1.311588264069125e-10
3.784359044032977,1.3319805702941165,4.137501036758662,1.9651703121029302e-11
2.0357631705334738,1.07130462940887,1.5334786155414282,6.18971979102804e-11
3.338759333116853,3.657725155038874,2.407202856718247,1.4065559304587773e-10
3.684879505154316,1.340059025998428,3.415496658324784,2.8250470952271197e-11
2.398396601388434,2.610531781211587,2.511047428878051,6.627143210014657e-11
3.0444746665721265,3.6044917430287793,3.822060045700599,5.0135758597130945e-11
1.824450434627293,2.118715626874131,4.0699718973179335,1.5574285095017193e-11
4.401727189283061,2.1197637128682922,4.049931513465918,3.796657491251317e-11
1.9778940148080535,4.603533735943683,1.7485879147494332,1.98749298193368e-10
1.9292551465365975,3.882730910207204,4.680607487668171,2.281963622111691e-11
4.855545611854382,1.1306658291384393,1.2910185254008648,2.198333404539353e-10
1.8479698252113774,4.701039499032323,1.2850280924237971,3.5111528347737154e-10
4.708971126282307,2.8410156942399367,4.165555796634946,5.145646536434487e-11
4.845864782317474,4.130006536548157,4.110122924042417,7.90676099710303e-11
1.451218392550456,4.963670533704663,2.8290734826698807,6.006665775375473e-11
4.631576900624426,3.210565842846808,2.5154044357242253,1.568487340079566e-10
4.462789810048127,1.4126078961207797,3.3548282380868595,3.7382959897452e-11
1.0182889641005728,3.4526624375484425,1.2220431606224054,1.5712245991547847e-10
3.8192652397380398,3.627356267756383,4.860753613867983,3.9133529555948186e-11
4.476354049152948,1.943877485479438,4.67764457118013,2.6541476737824694e-11
2.6873854463766707,3.633166652384158,1.40899166192832,3.282348095171136e-10
2.8556625041373405,2.7985908922283205,2.9277141567005773,6.222646821393134e-11
3.6245802914127916,4.497138436743337,2.3731107665888604,1.9317199470616767e-10
4.104312521900647,2.030210340865648,1.3840194193522133,2.90324236665522e-10
4.962303765256901,4.069160188615289,3.5758192651600984,1.0539577831696186e-10
1.6578116557718512,1.3016926118130367,1.8857917830417934,4.049881844528465e-11
1.5605836810139375,4.339360945923282,4.3509764187315385,2.3874021492334468e-11
2.7662450040246553,2.1179495584714845,1.575342508982184,1.5755873062274577e-10
2.7525176673640646,4.734375700871212,2.9806989707951943,9.789100813019669e-11
3.7736096208977417,2.163241859346166,2.720612175317598,7.360629811546785e-11
3.0119234188905017,2.683421141823347,3.0199563886314356,5.914494361287756e-11
4.767210482183612,4.270955521553561,2.3634402463986337,2.4326875069011497e-10
2.7939761268331886,1.53264004710732,2.8512161210711056,3.515513635211847e-11
3.6631603563655415,3.128891109130833,1.8462938386845211,2.2440417944281776e-10
1.0233868009000369,2.8395755768205686,2.934814634985456,2.2517392271374763e-11
3.605228559627916,3.6471005529683103,2.2655303779956983,1.70972775744962e-10
2.972285967684204,3.156075855369118,3.5853057545317673,4.8704807359704136e-11
2.271293483581213,3.602491251114092,3.9280167874281786,3.5392865167339794e-11
4.727268702633951,1.1801822556667854,2.4629321082784523,6.13819513520334e-11
4.039990398988383,3.4762030887459368,4.353277865862832,4.945826749403553e-11
3.8078569487221614,2.6574408995275642,2.4875150946975757,1.0914378036507701e-10
3.110870522761513,4.508503170205457,3.793074767047566,6.506054706265815e-11
2.384525821359206,1.0126382333562067,4.225951572613374,9.023884349859474e-12
1.9919406069593322,4.763585415029066,3.8345455864039164,4.306939129884543e-11
1.6839187401463427,4.76300152963684,3.1294765726965275,5.465685569650532e-11
3.830182026490031,4.920005618397729,1.8070187519436636,3.8516418442984014e-10
1.0356042673036718,2.444861120554989,1.1949216389115387,1.1834648843752005e-10
3.3669459151418866,1.386157080959959,4.362026844218558,1.6370355943430326e-11
4.649710025396732,1.0563996004370533,1.2035732600794002,2.263055678630694e-10
2.4934671406923083,1.7008641047574136,4.857097182680574,1.1997917777521418e-11
2.528159277400663,1.528298772115857,4.8196905670100065,1.11009612034214e-11
4.9929247214922885,1.9595419857154894,1.704760985878321,2.246822675012864e-10
4.579841996839962,2.380532984693959,1.143264011571528,5.566956600575976e-10
4.293068372401453,1.0082096410156476,1.893849163435994,8.054045536264465e-11
1.2575978760157533,4.5689351615746485,4.298986722917329,2.0749650443466316e-11
1.0535745815032267,3.015831287490065,3.2088721622838112,2.0594615957374458e-11
4.560532737760048,3.885150884790884,1.7102510778275266,4.042871373735232e-10
2.6976685301398775,2.1086383762220087,2.881947534972649,4.57093192638862e-11
4.519521771020863,4.681253653796622,1.4260852463993938,6.943043485265611e-10
3.2427879455314375,4.628053891726362,3.6338406327991892,7.585276321066804e-11
1.643714079961763,4.376091689226384,2.109665735081661,1.0786277572453887e-10
4.88341508015891,2.393386190382418,4.7993040557561795,3.3866170682685945e-11
2.1199036105054727,2.303208336931845,3.9332167025026847,2.1063948838709908e-11
2.387465464310229,4.729425986824348,2.082046173544887,1.7384052323090958e-10
2.7824206278245778,3.1813529544269192,1.7371618519542449,1.9576735528483023e-10
4.854300458740603,1.676835974491306,3.7771855531708125,3.8077357257964674e-11
1.0444951738695587,4.106409731744764,1.342468813303138,1.5883511051481646e-10
1.057455280653861,4.522193694277453,3.4793742114427895,2.636301594106493e-11
4.729641876946925,3.480771027536091,1.654884801692241,4.0119395487629827e-10
3.2371706139151537,4.700233242751889,4.917587313550834,4.199204662562364e-11
1.7031299272263971,1.1063555936179688,1.6740747423744278,4.4872372331280267e-11
4.08223561432072,3.8196716468813423,2.295920405440392,1.974224988607708e-10
1.1168127188029033,4.801747652166215,4.384758230389804,1.861549471909641e-11
2.226839545854273,4.755715736453432,1.7413081869031801,2.330986355514493e-10
1.7949588094057431,2.0883940086197055,4.757545982851775,1.1053177357510301e-11
2.856529920983622,2.687271485401065,4.923614928865169,2.1133350891367237e-11
1.6929148242199163,3.5359896659045007,2.4794168821867153,6.498800264201543e-11
2.7448659964718978,1.2099665948582539,2.0850561528468265,5.098532815156114e-11
3.977457455420424,1.998390628013865,2.1721729945032755,1.1243028446322713e-10
2.5659558088729084,4.16886999879942,1.7081418179104197,2.446841722747506e-10
3.34259267844544,3.5492376621050554,4.706886271880453,3.5738583171635926e-11
4.943683639661884,2.0141313751928367,3.647186587884748,4.995842106445102e-11
1.4054659339548201,4.322082262807928,2.381985956268627,7.145311410687036e-11
4.6706286671910515,4.100106668483005,4.92809719018539,5.2625734445741954e-11
2.0334754701356657,3.493059777460081,1.8564217271616452,1.3755547240740453e-10
3.6037818844388396,1.2976473821929986,2.2877234252194816,5.963405708937581e-11
3.313470937897163,4.429249355783574,2.458897456913727,1.620013610277992e-10
4.267675866080406,4.0146706951718425,3.0117424541995965,1.2606423576548098e-10
1.2496684602027588,1.6210046959429634,1.6933433874333268,4.714929593791776e-11
1.4934030791263813,1.3101895903074983,2.176627424670432,2.7563172030791968e-11
4.510227069170035,4.881522757308724,3.5726673289150925,1.1512105761294034e-10
2.0669282874222143,3.1312576329477673,4.216364360922394,2.429708346559936e-11
2.6308505047979427,4.303545927955549,4.0721401428378226,4.556835838629034e-11
3.251749840355238,1.655301327446701,3.29920662935193,3.300360348336348e-11
3.840481370050959,1.484915654500659,1.4558951828567812,1.7956158596861723e-10
1.0720326213602425,2.44669270818217,1.954498465564415,4.582505166243819e-11
3.756198487139633,2.1811228470591564,2.495508997615091,8.780041781720755e-11
1.9580438868257795,1.6986241540423994,2.820600354369374,2.7901195174309525e-11
2.77334453990019,2.1097593727521535,1.32914768499406,2.2104285196755685e-10
3.2202773897724817,4.4800802622325815,3.9000877574931545,6.330186726657263e-11
4.053064679081373,3.2950062693322884,3.9490662706665827,5.7152750807980996e-11
1.8205707311883979,1.044398227628335,3.8537387588397896,8.544670951389908e-12
3.7490927536268823,3.25944959087301,2.3892775527965417,1.4286421210979438e-10
3.6533927895565603,1.1042124059491019,1.4709423333274545,1.2443538555026402e-10
3.3445833540221828,2.5390748318815533,3.142665816609155,5.738618097257587e-11
4.300481502130204,3.8495898627913214,2.225684235867699,2.2304405328439764e-10
3.6316241590348155,4.26620270011789,3.1190762871631357,1.062861292592517e-10
2.7323142830212395,1.7522555166696754,2.5845461087562014,4.783499376926882e-11
3.8232748653762774,3.9492138341041154,2.7773549563214575,1.3063802263922321e-10
4.793741607735072,3.3762524048059546,1.5123898527248056,4.722459261759317e-10
1.870172520419994,4.177571807360973,2.4379194939536095,8.773099949481607e-11
1.1406724507253996,4.418918534604957,3.82520057298534,2.2990834006333062e-11
2.7105526220342933,3.306795463426375,1.1751575435493704,4.331708197309445e-10
2.792733781354942,3.9642435663810915,4.7811157852934425,3.2323438080347044e-11
2.99454752809813,2.411243595678185,1.405199378049129,2.440521298325541e-10
4.047935190762377,4.363466951940463,3.582971668395541,9.182579474937444e-11
4.135003934255954,1.9885689759519494,4.932435799672355,2.2556925575034212e-11
1.5841029316818713,2.4499360473497975,3.199689854174114,2.5299304335731726e-11
2.0727550617908266,4.211296423555247,2.4358031660726494,9.818962851255906e-11
4.905710907504556,4.462645812293996,4.308514369820829,7.870919706094507e-11
3.1438941116068553,2.161429286927638,3.511954337301676,3.67703211766473e-11
2.280270635522144,3.1734014744290944,1.3345082332436795,2.7117840443171825e-10
4.758516556181665,1.0572646289121481,3.9975011054633494,2.1011850637671132e-11
2.018402055649007,2.3948321094635814,3.957911711972407,2.0593812295645033e-11
4.571824878690116,4.3550122063075065,2.8949212680957728,1.585592751290565e-10
4.854303561133506,3.371834133918922,1.612431075154714,4.201622378774561e-10
3.920766358012935,3.5961040748791517,1.1569740098423003,7.029787729722741e-10
2.0990336552702944,1.6036318522382143,1.3899697977720806,1.162785348199585e-10
2.0792528853714973,2.7891000355180244,2.795202945424491,4.9537138470267494e-11
1.370503059367623,4.073569725198123,3.977297159987765,2.3554033357791378e-11
2.521670790194957,1.3586117844432866,3.1696634251707567,2.2758501875018566e-11
4.325326781839026,3.0919563952881353,1.2161655271992355,6.034664208443961e-10
3.0919318982656754,4.730329199045262,2.8887527776695023,1.1697329823616023e-10
4.464647393211424,4.133504223592368,3.0819944629888476,1.2966657656644296e-10
1.664764615885753,2.2631905237765166,3.356791491364319,2.2315746712668052e-11
2.9862618538995793,1.7110067717002688,1.4817262116970285,1.5532089705713536e-10
1.6371110549867827,1.1275831238107594,4.813420414182394,5.317473322736284e-12
1.9442539405441939,2.728360951818441,2.3701140205584994,6.302350271352196e-11
1.4735069763484554,1.1044299752257123,3.4736882094405845,9.001086076934816e-12
4.874511499885523,4.018790393264889,3.2195605867784525,1.2613030695464055e-10
1.933767605935345,3.1206211604685112,2.713996860307205,5.467802891251641e-11
1.4317669261433918,4.61325789902887,2.268930995977926,8.562955482309753e-11
1.5467847971257895,4.470389470066728,4.332718270359964,2.4583321318365612e-11
4.390798098533513,1.16737683484588,3.1350859444290777,3.4805016090137224e-11
3.692515049107224,3.7379798470574817,3.931761011662228,5.958970127851259e-11
4.594513242336457,1.4186113295654956,2.847099000400892,5.366411803363892e-11
2.9513393069473386,2.8015264388206234,4.425104157870118,2.818078421864078e-11
1.5143073013058297,1.5651860159276882,1.5642379732540999,6.464880902034574e-11
1.1234575765487822,1.7856159842893566,1.8158136046968019,4.060583199385809e-11
4.460576369350512,3.6419555944514648,1.2029298689044952,7.4925769281199e-10
1.9370257267718385,4.553214684099764,3.7439866739334353,4.1992441940781626e-11
2.0724590882829284,4.481398261546715,2.7992816808177805,7.910291824141577e-11
4.748288565980024,4.861258633035028,3.0857423954092162,1.6179038157732127e-10
1.8390215605715619,3.250494783926665,2.154249056652534,8.596678274061902e-11
2.19653524620473,4.949966170170887,1.2011861319818298,5.029282031119442e-10
1.5522698813220623,1.8476079093621505,4.998245075196817,7.661753096140302e-12
2.092912635326141,1.4887408275407497,1.605921128218803,8.063210117270663e-11
3.210072347909922,4.295468586125807,2.2065839388631536,1.8900385602323516e-10
1.7969856622907598,2.1033099982029637,1.900903383945499,6.980941730305347e-11
1.8805736694251127,1.1873354236827556,2.310857065843372,2.7906399739763564e-11
2.4648640087576106,4.902047812102232,2.5747687041021,1.2164107936659333e-10
4.586030269083301,4.935852461289954,1.9658488774040177,3.909174265730751e-10
4.057736801527298,1.8250144610028904,2.3169943458286744,9.206327883203786e-11
1.3560904850052613,2.014244648705226,2.848088851670395,2.247398164943765e-11
3.402009945006327,3.962537458615986,2.67780895545877,1.2546886882034107e-10
3.5414574843107642,4.127389947193549,2.741390509474139,1.2980813995883797e-10
1.3372903437670396,1.4666415503837262,3.145722932261826,1.322802353171287e-11
1.3089384083092748,3.7357057014429023,1.2374605912065775,2.1311563618854124e-10
2.678413712332004,1.9344236321920296,2.915716298584683,4.0674752798037524e-11
1.7165595219594092,4.309419454914197,1.970768886568207,1.2711372422291907e-10
4.473343528247446,3.305998075867937,3.0515567681413827,1.0599323382693908e-10
2.748645708516618,4.840300825282526,2.651273615344004,1.2631886674918117e-10
3.057944095419032,2.012459278212798,2.1655363256878273,8.758140313170597e-11
3.870680237421768,2.380137880297683,4.386828180741885,3.1950257620400604e-11
2.2963309186610044,4.429483006426725,3.823832592365677,4.6427572236025986e-11
2.916554825650053,4.166756815851411,3.164032602215975,8.101633670694576e-11
2.31122591139193,3.6922201886892263,1.624280642106716,2.1587087693127921e-10
2.4834165230546605,2.0997961863671812,1.738292659027945,1.1517735980635446e-10
1.998764670902648,3.5133275132537305,3.5233075208201683,3.775421127122626e-11
4.706472603580087,2.632119008856824,3.5508964191794643,6.557091605338523e-11
3.334877304128903,1.4956907804824695,4.823349079060347,1.4309039771217406e-11
1.2055360998726217,1.9223922908770903,2.179675218898264,3.255553712891782e-11
1.8656920554555652,1.7759590400351497,2.1913358872603617,4.6051227128085075e-11
3.5208803908532467,2.93590865117407,3.111895401738272,7.124100393651888e-11
2.675064339517994,3.854226028963375,3.623694179166439,5.2402805383875567e-11
1.0008670559656005,2.577501321315031,3.6953458708713978,1.2608148268267489e-11
3.7778901538848335,4.716308480153505,4.464381375435275,5.966438335942521e-11
2.409603756494971,4.263477955287447,2.1342839202096453,1.5051905077990713e-10
1.2501842495732132,4.3661127272405995,1.906771566543826,1.0019771913942687e-10
1.4950531242318998,1.8012224548260711,4.457413518458818,9.045744731078708e-12
3.3946084074241383,3.2099943777627202,2.363907069670624,1.3014256366434524e-10
4.305463093733602,1.8335418771760947,4.32825797255447,2.8123581798957964e-11
2.626202806695621,4.921619847892772,3.1223132520546817,8.848498548700245e-11
4.55042053401645,4.84214683904216,2.6462408573480034,2.0999886673739287e-10
4.74100317681428,2.70059750895897,1.5934034107752386,3.3656180367111056e-10
3.33212110949894,3.743994388349985,3.2478070927957177,7.893356491959899e-11
3.874687958811747,2.815752715712209,1.491812881920561,3.271815014555961e-10
4.424293914086515,3.3170308692314263,1.342024314925041,5.438246847776622e-10
4.255471960118141,2.827146337174767,2.8668401843143183,9.76956569648525e-11
2.0068847961295,4.417302525481506,3.6750242297332614,4.380718786205527e-11
3.3720395763019,1.692328560268177,1.585415848775166,1.5152251092510939e-10
4.594419023008189,4.021485859621417,3.342747884384786,1.103560391336721e-10
3.8993351301056056,1.0918965708009236,4.9307745161402305,1.1687671089218284e-11
1.4252584776729753,3.978009958178525,1.6814493903812946,1.3383758793156174e-10
4.58786707007684,1.8225589872483567,4.039030998960259,3.4207729467333366e-11
1.9460923384036803,1.5909070008510184,1.9371174203867412,5.5065875016320836e-11
2.190047700617162,4.435184626547677,2.4409605467108206,1.0880026665609362e-10
2.40695233480825,3.767346646999989,3.869827842875112,4.0411594391624217e-11
1.3231781287500324,4.982387454541106,4.5786181021493,2.098810225247071e-11
3.9890951843357034,3.175146197252508,1.6659557633657722,3.0457720559002685e-10
4.157557235978981,4.986846532752573,2.026025203326345,3.3710155445243084e-10
1.1029320957335558,1.3360173379212057,2.314839631491347,1.8352923451965313e-11
4.366168389124903,3.1249726897068513,2.98815383783285,1.0198281722544157e-10
4.127827103799379,3.738076783949012,1.340317518684004,5.732453367000367e-10
3.2794915610175357,1.4771461525554743,3.188185619223325,3.180746006826454e-11
3.4542403995305806,3.553429829378464,3.412246607601301,7.035673608426969e-11
1.4374634504319004,1.5746194376786007,1.314033951834877,8.748738754106217e-11
4.112443411208174,3.218283337109701,2.3637695671611136,1.5808844951583244e-10
1.2691363225757564,3.3963088968965494,1.916463635303447,7.83250161153773e-11
4.893183119666824,1.7290708684983018,2.4918797370012746,9.093609649342375e-11
3.273707610578026,1.48635047654097,4.335626226799339,1.7276017989084627e-11
4.383827091441281,3.151436278887595,4.577121334825602,4.4011208927665006e-11
2.34673122660262,3.6057397608522916,2.9171021934177137,6.636523642491096e-11
1.4491586337190792,1.0591183911124107,1.0381922452104297,9.503664123504369e-11
2.9330184867042877,4.44815453145077,4.18192586030821,4.97884046866158e-11
4.517631918566277,4.977499269158578,2.5493273985354454,2.309175937787001e-10
1.918779548082525,1.0261454270638386,3.492462713213257,1.0773495656518132e-11
2.990976285961327,3.8159645004166833,2.009921106777916,1.8855822277020326e-10
4.413493837915233,3.7275864312492804,3.863265083347833,7.356774280641335e-11
2.4731235736069515,1.1698365443002698,4.142723611395057,1.1250848698683232e-11
1.8286720028130246,1.3761172646330833,4.749642773989725,7.444843409982309e-12
4.2320444942411655,1.5800545207632504,1.5124736279431374,1.9508904306486558e-10
2.159115727335673,2.295597696917505,2.935001647900823,3.840088246569096e-11
2.293727815437221,2.2763478687011163,2.1674141591744793,7.417932930134584e-11
1.548324244238564,4.254320671723205,4.9933874992349,1.7631440630802748e-11
4.20778017408478,1.6692010588252848,3.9659669280313734,2.980229574839354e-11
3.883699909236055,4.267469526009489,2.888678108046797,1.3255740558590374e-10
3.8759797871126,1.75404283220049,1.7161844310651384,1.5405648496187495e-10
1.0881311527897441,1.879582758089413,3.484014927879258,1.1245244037080501e-11
3.0010473220309577,4.045433164994369,3.277500866089723,7.542901670321215e-11
2.367698537773803,4.148644861916578,4.853099765552795,2.7834308033731903e-11
4.8360646347928675,3.554702285080529,1.0549910787552679,1.0308226628198647e-09
3.0995669981610274,1.1007021197547937,4.5398648476731385,1.1047682518828964e-11
2.219171196028828,3.654113951989283,4.382746704949305,2.8175157459565792e-11
3.3927571734176705,2.003786173050183,1.1410917242859226,3.4845704055370033e-10
1.1984059257326258,3.2795631998482406,2.1380558729924726,5.738099227358025e-11
3.300893399728899,3.3016745602311626,1.6723559733904194,2.6007254858512374e-10
3.1593936506321327,1.3408118333239702,1.8724363063922658,8.063872836936567e-11
4.951256711903843,1.2731424888842464,1.2936560294215251,2.513859635573312e-10
2.6963087242081563,1.564376717206553,4.582922157052435,1.3403314300049024e-11
2.5385001790545814,1.0824626225292842,2.27118615618548,3.5552557306741925e-11
4.4168628155196625,2.758890385881865,1.9386041411770454,2.1639951667002563e-10
1.6488674700311186,2.3843300508751657,1.6730017281149498,9.374444573970849e-11
2.863689893800906,1.2132806093441033,2.364038203650867,4.149200912261595e-11
3.7740740736694995,2.834242232685578,3.5706603760939823,5.599335611357218e-11
4.659671767623138,1.2781042365929123,4.959999549404644,1.6156397446900966e-11
3.284936645624146,2.7513405439386234,1.0279605881830203,5.708271484810034e-10
4.101231245440051,2.4410091613108564,2.1146639420710365,1.4941257448857552e-10
3.19880571573128,2.7867441234305708,1.956172407832946,1.5547368851027874e-10
4.429242347161195,4.7699846905092915,2.113352663297396,3.1571024841944346e-10
4.368452578588451,2.3877310813010073,3.856605816833069,4.680462141427298e-11
2.466078998038091,4.277321828195248,2.4012901513377196,1.220888029707242e-10
2.5487846145027406,4.1831956995118205,3.1994398674072335,6.951517449981067e-11
3.5917037928826825,2.721027349778199,2.544817292920713,1.0071784109926553e-10
2.776283556745747,3.146854297976395,3.450105619337822,4.898486070210502e-11
3.766470673554677,1.8336644321411892,3.9915685384866944,2.893033561722257e-11
2.0248091712497454,1.190092272393156,4.2048784354135655,9.095865867449738e-12
2.9027905641614655,1.5568370484048923,4.319028948150187,1.616861549615583e-11
1.6234585621940063,1.1240333448969233,3.493261983416254,9.980315951370356e-12
4.885464001484593,3.2783510999459886,1.9441767681713635,2.827977725997391e-10
3.90586990460901,1.4668861319951496,3.558977174729856,3.018908662258796e-11
4.784025491051279,2.1178434178534933,4.240372101293557,3.760673223939317e-11
4.438078710522145,1.5038523407260058,1.3269721610155525,2.5296636210355734e-10
2.361889416806177,4.99425980631136,2.6578229705959107,1.1144607876529199e-10
3.897056648040431,2.1868669626517354,3.08463457932134,5.977751253402872e-11
2.041169592688817,3.3122720490791417,2.7952515965770073,5.774966692020464e-11
4.230245217461157,4.332146229981957,4.921125731615415,5.0504017972419116e-11
4.844132774734593,4.70943599106967,2.0801738276920414,3.518616083049655e-10
2.417907170967026,1.1603704164563031,2.703346674650756,2.5622351690564423e-11
2.304003216318672,3.729826338634568,1.5087555856495745,2.519533359357512e-10
4.793528055218221,3.1964732307932273,2.7548741988493566,1.347438661905279e-10
3.847981080267558,2.7563158846730818,1.3541801236009978,3.860070603169901e-10
1.0101068645077453,4.83283962092692,4.716947419412792,1.4643127295020534e-11
4.389737349217788,1.9922704555523452,2.4609331176841716,9.63770017198865e-11
3.687009005355744,3.754971506825277,1.978364153378679,2.360774893954976e-10
3.9454703299997624,3.310405649936739,2.5486615652951796,1.341967071036591e-10
4.883339525930756,4.020919397168029,3.2566313950574477,1.2356380681093186e-10
4.390397561739002,3.961603196674619,1.2326456760063969,7.639844358749314e-10
1.310203641806265,3.204578758326123,4.794234114654154,1.2191509414113161e-11
1.368639642163766,2.9070020648344035,1.1291338877671908,2.0827146607668704e-10
4.8309452494150005,4.1823761932333,1.7564562466901252,4.3708584255997083e-10
3.02844507386074,4.522372215396553,1.1890995444667714,6.464512543242583e-10
1.3534837897392564,1.6303931429754712,3.1710520960166253,1.464619618820534e-11
4.609528468114407,3.859083793891883,2.006940633097552,2.9475274661291474e-10
3.2598461454787016,3.390301264172939,1.8993598469272173,2.0445940463166474e-10
2.07831161863484,4.585556033551389,3.6612927441870955,4.744822414701669e-11
2.8100271110802044,3.465195562806549,1.6998410073397592,2.2490952990570976e-10
3.6173768419327463,4.3917119856042754,1.3456430954310168,5.855365807600986e-10
3.722684769076927,2.5476693981309237,4.303223147907362,3.4182026013842775e-11
4.75519310631076,4.8833065140638805,4.318201918687754,8.311175503171167e-11
2.2549570241531405,2.0672975675481777,2.807716479420234,3.946580477572423e-11
2.261228806979882,2.41892351852237,2.365368175340718,6.524621911237282e-11
4.396494369308699,4.310125292696224,2.098560975566127,2.8717024158261156e-10
2.5449564505717603,3.6767837875646108,4.245509543518711,3.4647747557156526e-11
4.568535481574616,3.6643812181146185,3.2282406110957016,1.0720920110943493e-10
1.113061455839492,1.1958133307067742,4.110831299446889,5.256654429822338e-12
1.6684261756825731,2.126223412166741,1.001053431191258,2.362585726993425e-10
1.0280729971746823,1.1689596823753168,4.496554566815874,3.96688811132683e-12
3.7894339034625713,3.6846798097070215,1.735276537412648,3.0947309895746744e-10
2.883402400303491,3.7884982349161254,1.855362831351791,2.1178775318697732e-10
1.1945356310322892,4.84464020546835,3.917991765546534,2.516053098270052e-11
3.9371563341720277,2.5362858386831655,3.7242076695832567,4.8050651301442e-11
2.966934344144904,4.084578932108391,2.5781258271866783,1.2168392562575357e-10
2.5411856100701398,2.038147298809042,3.1078393027199773,3.578829826532918e-11
3.5570483383933404,2.0241283273351054,2.38770733130765,8.428529794672953e-11
1.4115303330710027,1.9764096315508048,2.4118723862755105,3.200698223292101e-11
2.129631298257705,2.8241487949380435,4.010447104176188,2.4957013415452508e-11
2.6719485782370063,2.5063186294989617,1.100692870251148,3.689081702885853e-10
4.516857123707462,3.4431138083325776,4.777622589655059,4.547264899914169e-11
4.3520816245873055,4.332699342699053,1.504224878071018,5.561811342496573e-10
1.9159512001296006,3.5605800074108376,3.2553543672797702,4.296302496511261e-11
2.9306170525638793,2.451890177625097,4.365537845488598,2.5163484140375382e-11
2.401286604758783,4.744571870953187,3.859329861101738,5.105090327352783e-11
2.4611492780217303,1.572480041424551,1.665003904708151,9.317057755796256e-11
4.0855994090745655,4.4541392038602705,4.071883423438267,7.325125984693192e-11
3.9382114592563378,3.815076311149728,2.899654259710274,1.1926033569244197e-10
3.565890616767832,1.3699569432581153,2.897315331735188,3.8839140282885714e-11
1.9763596924813838,2.9995620480852625,3.7305039737689554,2.842987999122146e-11
3.09875508510105,2.9550166561245597,4.05137105644574,3.7233112769733944e-11
3.0680855367364277,2.6666322681804484,3.220873842046788,5.2634362489282846e-11
2.2377077620754737,4.456665943933989,1.9879984199511616,1.6840988643534093e-10
3.8263151612883166,4.219826049886055,4.977849108889901,4.348886105173636e-11
4.603780008572873,4.275908654279599,2.7196250550694256,1.7762787357872765e-10
1.0766485061494309,3.9637529295322658,4.917303102937945,1.1779117726472778e-11
3.475315561804839,3.503615982151081,1.7132781292449555,2.7684788128729745e-10
1.8024358385431176,3.7543535487617876,2.861701213120887,5.514836089947471e-11
3.127435881692781,3.4303751746869557,1.780515460972857,2.2585241527279492e-10
3.6146361357677925,2.8729755490331548,2.692369553127923,9.561221443364276e-11
1.9704349662846696,3.8518581256366446,1.1331537301029835,3.944944748595688e-10
2.59878125908992,4.513777357375947,2.344630810998166,1.4241217740140871e-10
3.5311909755299933,3.1853317817071165,3.428135874608283,6.387722327559554e-11
4.347338396910386,3.740567154211743,1.7983856159483782,3.3556871493214893e-10
3.490018054152177,3.662003251909616,1.0275713001798499,8.078089666333113e-10
1.718662438495719,4.055798470285406,1.5278700813300556,1.9928761129151578e-10
3.0623030633553503,4.38852885237077,4.142882527492233,5.225743526146782e-11
4.8946083992919345,1.9979221717949218,1.842319880838641,1.9228820376122055e-10
1.8747341013223422,1.5331473691646655,4.653885906889315,8.856830219101464e-12
2.497422801879011,4.0494841482432555,1.3806010451866584,3.541127650509375e-10
4.395170473095458,2.5722665451620466,4.58491080243321,3.5893525228871884e-11
4.287629478683751,3.6695004207024646,4.910909176965325,4.353981583207031e-11
4.04222203693595,3.9083907082092866,4.736756455828779,4.6993980076520806e-11
2.627207126528206,1.2073315149728234,4.653557688199662,9.775452030041669e-12
2.999790693920103,4.129570604482591,4.372885044270982,4.323604202857637e-11
2.1817653622489788,1.1150931657856615,3.789336887926414,1.1307822008978303e-11
4.357794406318412,1.7484120780450527,3.5743367559127113,3.9802083190547304e-11
2.4931407619167576,2.122749817683819,1.8444653176049242,1.0382234337599515e-10
1.5521807530623075,2.154362211238142,4.554854502109513,1.0757174200853609e-11
4.83749593260832,4.297852888707068,4.657690462940112,6.396127535918875e-11
1.2425425662422924,1.284366099236168,2.0973993502952015,2.4211631389181687e-11
3.9195808127642473,4.263402795037093,2.6028252786500423,1.6462362440751207e-10
2.929600652095363,2.8734149178009285,3.4108580850779364,4.8290940951871087e-11
1.002944241064979,4.954178090973725,3.5684942704499,2.6041416170018078e-11
1.1703063139484668,1.7033180350297776,2.876811510458905,1.6075284944970026e-11
3.3117383034301353,1.6449151238616473,1.3285063366045424,2.0599583839282505e-10
1.6659460868958105,3.8703791493155655,3.254268069213535,4.063441451410076e-11
3.609411271464715,2.8165995133088115,1.083335863407922,5.781245757399618e-10
3.7946431834395,1.252791614904905,4.653253511080641,1.465286530957399e-11
2.7992324752669706,1.547480226790078,1.3770750083128465,1.5245268778308254e-10
2.594789943676339,2.2062313264645432,4.142946445320515,2.225977738027041e-11
1.1824939192540223,2.791177078322471,3.9286787434480663,1.4271823767489615e-11
1.1437729323979178,4.505160078266929,4.246747837332791,1.9068797000652337e-11
1.126616083536852,1.5367795478136363,1.9323785043864157,3.0944917255678135e-11
2.7168664280671173,1.3011917111331974,2.789707705439042,3.03164520132723e-11
2.4573685387202686,2.0849523965757384,3.8095600757090406,2.3561502758768196e-11
1.9990037577621007,4.413074827752709,2.921906556397906,6.896177930708412e-11
4.524128682896216,3.8825340980654426,3.2737320895225293,1.093830828614777e-10
2.3728782818047724,1.2391928702547736,1.9980221220893903,4.915865420623578e-11
2.933373474105233,2.1260983950427743,2.901727865726876,4.943375054636932e-11
1.1907143480051041,3.7263970167666893,4.283418303329597,1.6139940764114362e-11
3.65475165611329,1.773712271055556,2.585056753526222,6.474214439225423e-11
2.368227971306446,4.059799903184944,4.3979450799215005,3.317529046643987e-11
1.1012342660787091,2.3615720373520044,3.657556292446532,1.2974334145236268e-11
3.496065881054992,1.7638231451055417,1.4025080658481852,2.0922333112344264e-10
1.6410756711076515,2.0962212206041504,1.5992202910500661,8.977085046023022e-11
4.425108413995762,3.589746650033277,2.2903711260820647,2.020980840903613e-10
2.9390268593015114,4.32076728218812,3.7206743885731712,6.122197045974127e-11
3.764585605191359,1.419922928622035,2.818350962465408,4.4913614199861747e-11
3.493231407966119,1.8520902045124585,3.448607483053238,3.6306815725009834e-11
4.072428393874446,1.2954507506475856,1.7502239563861708,1.1494056248070576e-10
3.080741202210379,3.861817111970523,2.865559328469593,9.669729221267367e-11
2.431994399646724,2.9472013163972135,2.7765378472740068,6.205137075826381e-11
3.2120147082184536,1.6743124631969377,2.6974059350106434,4.932960298576807e-11
2.025167182097011,3.327348904562403,2.588537334359962,6.711762189302917e-11
3.1612300060137106,2.8386030882384716,4.1562321940947555,3.466948294086514e-11
1.4871477972599099,2.0920172993217565,2.3933724599977073,3.6248081629070986e-11
2.6823801667790272,3.800771168149178,2.2962323737858044,1.2904660496300485e-10
4.814268053213177,2.999916511374728,1.9036322759354904,2.6598645361533776e-10
4.693034906035153,2.428303480341156,3.4770821480833733,6.290903836126188e-11
3.413025451505795,3.748597105090195,4.910765924897132,3.5407562247599396e-11
4.657728933634282,3.071880836307918,2.9982494226554826,1.0622561637210536e-10
4.762326967391292,4.414386022963944,1.7667007093942497,4.4952075964416007e-10
2.536692366369967,3.998134614352375,2.217170769973373,1.376934012471913e-10
3.8720285579319005,4.795537161177411,4.929422556619525,5.099996977629049e-11
1.6478153734088128,2.9810447457181013,3.924713102631763,2.1283714128130062e-11
2.446380558907974,2.0829827437570656,2.4070984099532047,5.869595852830018e-11
2.828084269672659,4.032049656054797,4.418268771910634,3.8985235121752865e-11
2.88652525550976,2.486504126870227,4.38879154909378,2.4869144191331536e-11
3.194566462232809,1.6622947135149055,4.2800759195206,1.934653569158125e-11
1.8221630957280266,3.4035189302710847,2.2153029490642218,8.434034401808312e-11
3.9580456326804776,1.694474677546466,2.4550596419378925,7.426394025994039e-11
2.4535996039498698,1.0656056653684982,2.870489232908317,2.117749420682853e-11
4.089020519809096,4.365649088718398,4.6023906794755,5.6245444515393705e-11
3.0559451832200346,3.140487926569204,4.3754161370986075,3.3457243855411264e-11
1.372199535129674,3.279864381149292,2.4752826212724073,4.9024116000918617e-11
3.626018557104992,4.049796875171371,4.238439728330944,5.455536203204381e-11
1.492499993548296,1.5277032318998267,4.007432420732663,9.475608806451533e-12
1.0327587944297085,4.400949547519755,2.9655556457354777,3.4492076363801354e-11
4.501047942566753,3.537018261512366,1.3221215273699016,6.078471571503982e-10
2.7563164618104623,4.787362694181731,2.1296427921212158,1.9417713229420567e-10
4.468289286155083,3.2312117308301693,4.609596168906071,4.534894015472591e-11
4.131645439666542,4.957584502358463,1.2836045736771977,8.29691920938613e-10
3.594791261888928,1.4898728992109862,1.835580925647494,1.0608696569789026e-10
1.780837543945648,3.737909826939591,2.0004040249446757,1.1102068079274873e-10
4.412332794925825,2.268970712646232,1.761052599513384,2.1544613034672678e-10
3.1280030181931067,1.2467471213462504,1.3277775284373212,1.476322066957751e-10
3.503589097102412,3.7245748315951865,1.0123661669853896,8.497688895327941e-10
4.18856580176012,1.0522043084329353,1.6973038902269892,1.0210156697698527e-10
2.044197592380817,3.864774453892805,3.7802258158907525,3.689756795318106e-11
2.2364317030411986,3.851606708116801,1.406269597784028,2.907010504841849e-10
4.604742196620199,2.3449772679306222,4.899583375465287,3.00200806857222e-11
4.684828711617419,1.7998028899049032,2.0861269186002205,1.2930740901055313e-10
2.303157520954454,3.883140648951117,3.820852291772277,4.088579696510182e-11
2.716662243365423,4.110769153995692,2.3086191103559375,1.3984288195807823e-10
1.6442281780458599,2.3857290790184216,4.706806822002108,1.181725656446806e-11
4.484688213968117,3.5261142912318553,2.0416398874550694,2.531958357249455e-10
4.475833654905278,1.0000541695029135,3.221698642989349,2.8781527314377807e-11
3.4080352965886425,4.100463050038564,1.3194097585401856,5.357520054664493e-10
4.150900668910394,1.043672979080319,1.693386318301369,1.0082793892401334e-10
4.712227301988982,3.4781188253246214,1.611782251311487,4.210601204496315e-10
4.318511534461884,2.00572180528412,4.75424382520443,2.5575732444255092e-11
2.021973682316527,4.815220755066403,4.299764822750762,3.5147019189701854e-11
2.2809756123600717,1.0296814394770033,4.810859318245482,6.772740164448429e-12
2.871706293330726,1.989058300005738,2.8597892369229823,4.6612852457688694e-11
1.951537914122989,4.869107516060268,1.9003589178402507,1.7560678558914564e-10
1.6658083610611643,2.8863468736265943,2.9783704938543516,3.617448197357488e-11
3.9787095552394893,4.7618919150326775,3.4712230111501956,1.0494045445063394e-10
1.2265150512658565,4.858362068288555,2.314211216767899,7.42579529992634e-11
2.281776038557286,4.7665910125291795,4.221832907665291,4.0725368795088544e-11
3.4963361296194844,2.4677773946222157,1.8671761402544629,1.6517137487400905e-10
1.4866436864541717,4.953243823734379,2.257930546334143,9.639658351360063e-11
3.504436790437034,2.8507431873912963,1.4067320902684441,3.369300443559698e-10
4.416686381356488,4.6205090113257254,1.201816124225184,9.429670839051607e-10
3.5470157413241283,3.5207516437448363,2.4154982657372117,1.428470410707009e-10
3.899394183875262,4.957100347393613,3.6672756634848156,9.59232620886574e-11
1.8089489212490237,1.2370607035500552,3.8380467292147933,1.013871701464861e-11
2.270525661966541,2.9386140686723428,4.688972106394672,2.0253490102294046e-11
3.788004009069594,4.108120178038989,4.194899191548106,5.901966156523095e-11
3.441661985415434,2.3654134590714664,2.636151900367953,7.818449181581234e-11
4.901454455711626,1.2001574721012478,3.1641204602917155,3.9214202676772884e-11
1.93940734207699,1.7248581588692877,4.709804921158488,1.0064745247045596e-11
3.233030369472906,1.9003740732956986,3.8362204421670767,2.786300627414254e-11
3.2706108796334843,3.9995940123566465,4.276485020480665,4.77372150115007e-11
2.825336081983104,2.96472153204287,3.223455450106961,5.380180931230081e-11
2.873291231714978,3.1723187353763844,2.7498809541317737,8.044793112169183e-11
1.5799786386221868,3.540669735646018,1.0520934253198906,3.372983550034394e-10
3.541599215971524,1.5782515080438433,3.3355979073406044,3.3528524577234756e-11
2.4028656045696803,1.3663533695739218,3.5095538999935956,1.7789956323355853e-11
2.5582229683636877,4.321716948993581,4.439728352422074,3.743416228654382e-11
1.4872051527007302,3.536413769549733,4.657520139301134,1.618119805898001e-11
2.6021308688608853,1.4038672935910128,2.622487931652696,3.544984957541519e-11
4.561775009182046,2.931030280739742,1.2918273487395622,5.347261461740403e-10
1.0170576220846823,3.644861095771581,1.879229339564104,7.005726437899965e-11
4.1637123467396995,2.500078630153676,3.788344856937167,4.840849443312952e-11
2.9629828225402384,1.9695260319109775,3.089167055526621,4.0812600884491596e-11
3.7933159274776815,2.1985834350820785,4.2142000885670114,3.134136192415426e-11
2.946952164169213,4.2459483534554625,3.055422777858077,8.945227123895967e-11
1.025181591688364,3.074277861078386,1.81428658792557,6.390257211167159e-11
1.4541758304438588,4.599861650464133,3.4975553393687875,3.6493767806908986e-11
4.46160786998636,2.1443781650282867,4.410905956636716,3.281885154588199e-11
1.3949599583008574,2.852303702524534,3.5740791090946638,2.0788128253033327e-11
1.9544185901860223,2.528958629903304,1.233599460089748,2.1676899842888989e-10
1.9928492576568635,2.4384305949494536,2.861912626916152,3.959663759323268e-11
1.4978802744257758,3.6591749858702576,1.1131233694136564,2.9522958843840347e-10
4.954539055703936,4.851309958077536,1.6760813075597092,5.710291996671823e-10
2.9951620139491166,1.087689245651335,1.247781790102204,1.3964779071325435e-10
1.609617696000491,4.91438297111284,2.655158615840677,7.488537293533482e-11
2.7633796135426256,1.4958133970143979,1.1321368243697973,2.1523175001728356e-10
4.635075266113839,1.9907780624031508,3.303051938326047,5.644624207684211e-11
3.0024033558032235,1.3841514055448698,3.789314816757649,1.931601176168144e-11
1.0497861905412194,4.629677441502069,1.8103098506906186,9.897647044404041e-11
2.6504590480760477,1.7291311335329222,1.3436252868570229,1.694255460186835e-10
1.352926473535161,2.079852201562621,1.3702698243846156,1.000185798161675e-10
4.378519061804048,1.7867548358131953,3.6147375351667304,3.995994443263748e-11
3.326087893444592,3.18533580831732,4.290299927131967,3.841491173103767e-11
4.8301158044981465,1.1798240299242715,2.1824242503358544,7.985141667463437e-11
2.944774747274986,4.094111183839438,2.851118417140912,9.898454797520245e-11
1.2842657184125241,2.312376653044379,2.579128946393294,2.979569751036627e-11
2.867345602602709,1.4047832997017737,1.868251306544071,7.70202617966292e-11
3.2864389028676317,2.5155987322099347,3.39437711307901,4.7888689375826986e-11
3.773820395872703,4.590623601245943,3.884190941165318,7.663690771027998e-11
4.726920839410699,4.04591009741946,3.315331102012893,1.1612532545030386e-10
1.7708892665297196,3.875461732559279,1.4649448246801544,2.1343150421762307e-10
1.0367311186463826,4.454702905430967,1.305822127394233,1.807602923452145e-10
2.7581126607506636,2.74741188067869,1.4577912590951314,2.3797497636597255e-10
2.7585964780815484,2.3677335509923485,1.6177968662129945,1.6655559576867926e-10
1.836062304922201,1.3816344131304104,3.039643151482796,1.832405371654386e-11
4.8547985688561734,2.548027559243028,2.37498844786709,1.4636543759103996e-10
2.7002205819339133,3.9422084068663494,2.611347675920257,1.0418270510370136e-10
1.848693783204598,4.089696167266472,2.039553319484313,1.2130315612479004e-10
3.9119494752996093,4.400177797883576,1.5733699033785058,4.6407480186732995e-10
1.7623411510362361,3.395763385164043,3.6084898481451657,3.06734502869757e-11
3.2192849382403037,4.333687037209565,3.3541908395308235,8.276136175840407e-11
3.7788980296874075,2.1863849471243424,2.472646850574549,9.018905084080746e-11
1.982031412465529,3.497903985584688,2.4340207091330535,7.810090779092332e-11
3.029283158643842,2.8245036740834792,3.936413226307711,3.685249126989726e-11
1.3863900237377287,1.151881853415503,2.249282045822588,2.1066468104628368e-11
4.8373843835714805,3.4681899463816173,4.389771134919961,5.810532285289881e-11
2.484146150214881,3.3619073333363145,4.054778040981951,3.390118759429072e-11
3.4114918767153783,1.3210784111404261,4.634456964379744,1.4004300848543524e-11
3.279197093375197,1.2357126725868177,2.900960424592872,3.2135688939217875e-11
4.1235895563801375,3.760560288084396,3.1844046877742516,1.0206049720616276e-10
2.0113385900694998,4.005240008115798,3.2212772611400267,5.181359430108987e-11
2.6885696645208745,1.6931993589467744,3.3077231673630543,2.7768810811983146e-11
1.6279478009881716,2.4073468606289192,3.2899071311244033,2.4165627130434694e-11
3.6763668043559052,3.4559294970409664,1.530950810556861,3.6178240233658723e-10
1.0128169590412743,1.5501480561759822,2.7686446770041546,1.3669602997356573e-11
3.8502214969841835,3.997455456269939,2.5876867884763968,1.5340239243705573e-10
2.9363829828420975,2.0987460976224996,3.2601574306805086,3.8697388520834865e-11
1.3938020952664645,3.3406887029706454,1.969127036530376,8.014489300813512e-11
4.055400310144741,4.561782702616633,3.5608330671941304,9.737585811036681e-11
3.500419178642594,2.709503803491551,2.7659691443474195,8.273730297077146e-11
4.043879300100506,2.5157889695525237,4.929902002490575,2.7937145051075646e-11
3.939718717230012,4.236825154131146,2.052497673348097,2.644396739104744e-10
4.726722053919737,3.5424670662547753,3.098779641809464,1.1637794942344849e-10
4.33665077989398,1.3491002616204066,1.9773999153328123,9.986098769996078e-11
4.131034089944066,3.5829532772773853,4.038941567970549,6.055513625118621e-11
1.504140078462692,2.6853463536879913,4.910438339140916,1.117980607675149e-11
1.7171131871406495,4.513049142662633,1.8358952514821323,1.5344734953844452e-10
4.386119455542473,3.976296206748979,2.021883647938881,2.8472989428282464e-10
2.4802069894844156,3.476156803517234,4.596362913021063,2.723609650500129e-11
1.108469180758879,1.2002316504363035,4.4029917062321555,4.580144346506197e-12
2.1706793733827237,1.1172545601182655,2.319911724097562,3.007399327712146e-11
4.1652709721337615,2.4840919686910152,2.5485579345503466,1.0631832152756478e-10
2.9895836576751798,2.1460238085440273,3.95807349428836,2.7331517228671128e-11
4.352557372400707,2.0282077252951676,1.198850612708203,4.09933112611533e-10
4.557962208135964,4.290251393285746,4.082167910209802,7.831734107633009e-11
2.8128687309623053,3.9702048500826526,1.834869750709509,2.2137985624360336e-10
1.1628488986622747,1.876478491127299,2.490707266057536,2.3475113651755285e-11
2.025179103467383,4.549899179644441,3.93354923599717,3.974497535373733e-11
4.507348222700234,2.4356138375329217,2.4042552483760193,1.2675193589054563e-10
3.9819933822569205,2.8425797195794558,3.8750519875125624,5.0308842213534487e-11
3.2774936780598094,4.256509410294042,1.5367648351985244,3.9424558112644253e-10
1.396564910853865,1.9330318110839073,3.5990330239058497,1.3909600801588939e-11
2.2219168380510914,4.692494992174661,1.6867137068877351,2.4458795835584633e-10
3.390138903548051,2.2346311169876136,4.302557680980819,2.7312165446659753e-11
3.0884899207552157,3.9488072787119552,3.208262942094067,7.907849939022604e-11
3.209937797557352,2.6630543356873413,3.3742340088132163,5.010862087816266e-11
2.423344322245451,1.5190312820961203,2.4536951100871223,4.080626546709241e-11
3.3469750496698616,2.3549956044437015,2.48501499274028,8.518649537851351e-11
4.795224117693282,3.7190762539972613,1.1111060264455435,9.640935757446137e-10
4.39281133135176,1.5647763839290039,1.2194655050996244,3.0849064341545113e-10
1.1530869028619186,2.137260080985779,2.5685763093479017,2.4929907701353025e-11
1.9534424662913117,4.211480760952424,1.6303178164088221,2.0657468483855828e-10
3.2920296661643405,4.217827195372257,2.3684876025971344,1.6519484605083864e-10
4.131180547164482,1.030695844658275,1.6603631588832313,1.0308244861306291e-10
4.372947852181397,3.948468301193301,1.3663120178265027,6.172901965886281e-10
2.689709017322523,1.6064097288482686,2.896508464741994,3.437147921762143e-11
1.3779153492668499,3.4540706955204916,3.263697295250592,2.9820863809629514e-11
1.5013007613422231,4.443587329594114,3.214036375042548,4.310087150095584e-11
2.096344325693816,4.216239713910248,1.3155055752654028,3.4086995889281287e-10
4.769867557106254,3.8022637111911495,1.1133196683482014,9.765511464442792e-10
4.725936827294087,4.180504524391284,3.056189423302115,1.411699546870498e-10
3.8893539542305167,3.528310590787438,2.511993591660383,1.4514210743212746e-10
1.5624859328640506,3.7496918846318903,1.8631626483158286,1.1264096514768691e-10
4.778506484561739,2.9907088228464787,3.58483333559588,7.421891053649782e-11
3.5421233799359237,4.2616751601366065,4.033038347196275,6.193919079664556e-11
3.34169224356506,1.115592331463462,3.2651015369232796,2.3338062067921467e-11
1.9086965337141377,3.009377815226408,3.9210905800772125,2.4933661106131016e-11
3.2490312328555957,4.061152991581887,2.9289801465868295,1.0264943971080444e-10
2.066855006040642,2.689436660122961,1.7156890720575926,1.260318652447046e-10
4.133606823587235,4.9507883538076864,2.9659756979102085,1.552582018109914e-10
2.8342489152605514,1.65458703851866,1.8828859903532211,8.828069858039228e-11
2.2915162433540046,4.968541314308691,3.0602209726252663,8.113952733226424e-11
1.129807347980888,1.2726172633279718,3.5688345057063384,7.53417301168185e-12
3.8736214147227868,1.3946755386076255,2.3555342998787783,6.498269131454609e-11
2.952043873964715,3.9556896875208105,3.9598413576258027,4.970220436810007e-11
1.4207004616744086,1.1963734741129999,2.4326418706716226,1.9168986173407545e-11
4.572709591375339,1.6816892698093207,2.949785870246191,5.898269254465091e-11
2.3459886164013777,4.122856806014758,1.4254406501945627,3.176962398077727e-10
3.9740716242729515,4.121316076541975,2.588892895792208,1.630908694868047e-10
1.0855592442185982,3.1591245648663238,4.73211534035641,1.0221057694527293e-11
1.6598403267249258,1.872642395871292,1.329657304640837,1.1733509194968856e-10
1.1142458084941222,4.222036401168088,4.927208129717166,1.2932645387932943e-11
3.4023164087191318,3.4466071482804925,1.3880288819297086,4.06214742088783e-10
1.0847980768732524,1.336598177709841,1.6226029413525778,3.675457927480177e-11
2.889353103482477,2.1426844612972644,2.405759796156799,7.139051521486158e-11
1.031858184608891,3.0163553350361085,2.4750206324024253,3.391025609029955e-11
1.3045078570909179,3.2734141258537623,3.338453119080079,2.557073961465751e-11
2.5871066522082047,4.308321122134515,2.5557317566124236,1.1388802517503008e-10
2.19608453243281,3.217208918230558,4.99857001324196,1.887221868401043e-11
2.405996684719083,2.3810807448513462,3.0234022265395697,4.182765264372371e-11
4.094777604742358,3.6090267237981113,2.1178870945047334,2.1988773799156602e-10
1.1632197267926476,1.0866924588552394,2.9089684412158032,9.96957385222839e-12
3.7052719293306002,2.932610415855747,3.0703462417711407,7.692826796281081e-11
3.9723251798337467,2.7658132413864003,3.23591429099326,7.002608183331335e-11
4.825375967290996,3.681748693410258,4.844944725825604,5.051191656068914e-11
1.277387933529743,2.471224691377847,1.4560096806709057,9.937856498603263e-11
1.3556908325720993,1.6637043306130952,4.395882430967872,7.789881863943584e-12
2.2603666000777842,3.8561683926829406,1.6664250482647915,2.094833471254538e-10
1.12278431669223,2.9938435630611386,2.310463933317602,4.202553553990927e-11
2.293782443405105,3.286581920944258,2.851428935250101,6.188106562441397e-11
2.7847924465467884,3.825110479514271,2.9332016851925493,8.263026892869596e-11
4.754945459884773,1.4896853659730014,2.215597358574247,9.630406436120865e-11
1.759228107091357,3.985537996258769,2.9703313683146537,5.303780081696056e-11
3.1310491003574485,4.2087228500620775,3.6417039899172434,6.63158169943396e-11
3.629355020295896,1.3886375271074805,4.405433204733267,1.7331147197278372e-11
4.394677731142373,1.1008284438222002,2.058384272304915,7.620438600669398e-11
1.852846709943793,2.6345509396435483,2.4507946512391445,5.4239845714007725e-11
2.2938323431475687,4.480142849664652,4.442009108228408,3.4760086348402635e-11
3.9940359654918405,1.546212861050408,1.3078914959603698,2.4094838682422056e-10
4.536039736963355,3.6864074076456523,1.430891881399782,5.450705824218147e-10
2.9033740280144262,1.729814015651765,3.8351606987644056,2.2788800633736434e-11
1.7139393726144019,4.788157281652005,3.3576951295829924,4.858112236739808e-11
4.460373914395518,4.6100528533170095,2.1553318551362053,2.9541672463822335e-10
1.3262139741724748,4.85330132748094,3.006161348655901,4.753488910234534e-11
1.0602346955325825,1.4995401577131218,3.9046357766527606,6.959615660069413e-12
4.408302624233556,2.164165254264165,2.8116522272363675,8.054244688337792e-11
2.3698940735027287,1.6713726025234195,3.9253928009568977,1.7156242361132054e-11
3.9241430736297045,3.334259252140018,3.2479366083204484,8.277807295979451e-11
3.572216508937784,4.623551027463486,4.485654986996794,5.478326308787412e-11
4.02391087670602,1.6879725108612833,1.0419976559296655,4.1750957637955513e-10
4.093303539816647,2.6545265649920005,2.7618262006420693,9.507241778505106e-11
1.5260301496404587,4.676554295660708,3.8165426090315324,3.269904482381457e-11
3.5134426700595816,1.8930269082343236,4.42436044595238,2.2676439147775576e-11
3.9242277640413783,3.9527954274622052,4.743909261915715,4.600150069467611e-11
3.586290660463685,4.425894062594582,4.7468515914374185,4.701337119174093e-11
2.7090185383375878,1.9393665905196245,2.4938184193967654,5.6380436311224233e-11
2.7098345304836555,1.5820312874517626,4.171223396520164,1.6444366347887027e-11
4.497521046166458,2.7564462941773096,4.282855644499321,4.5106805253381097e-11
1.9475543800027975,4.894088776247257,4.792841224712001,2.7692461082860213e-11
1.217315601298909,3.4900845858382485,4.028965100441054,1.746780487918701e-11
4.559664035808991,1.767263028973455,1.4602827719966882,2.5220071622674685e-10
2.6915585348124687,3.9615207129946604,2.4037663690489635,1.2315936839647513e-10
1.8622090183610225,1.5394395226410924,1.286854441444211,1.1553628751843977e-10
1.8306930885078359,1.4055912410713147,3.13593702352637,1.7463292225134973e-11
3.443625632863412,1.921378323672141,4.065456166816496,2.6717539194078835e-11
4.005867719008396,1.9009837942750467,2.4660998240930003,8.356798228843453e-11
2.949194346187465,3.5424957621057347,1.9903910754132386,1.760038236692896e-10
3.638070662973193,4.8923200442637,2.100085381266415,2.6933840797375613e-10
2.0591019349288904,1.8398968162356208,1.5184551445626706,1.0966134855978527e-10
4.041069804609059,2.699622439057355,4.623161762439503,3.406492248886523e-11
3.6489510362858977,4.004581500223232,4.113484671665983,5.763570479005238e-11
1.8283110037170118,1.2109201683575699,4.05772986754944,8.973988830525688e-12
1.2357669588047342,4.944407578254188,1.4221532722646724,2.016249325069492e-10
4.756463774517452,2.25118001696569,3.1301779576753415,7.293610433927863e-11
3.921554100385472,4.498893286154859,3.4798543669790325,9.723619747754957e-11
2.670999525411218,4.100679166563092,3.0291239944261146,7.966759422613252e-11
2.7542469275081043,1.851275667577149,1.9806398582015183,8.674593648845415e-11
2.60078257279846,1.592026759806525,2.334638364178847,5.0699231508632905e-11
4.842822024216515,3.561694686995094,1.6855526132767857,4.05188184948307e-10
4.2933521204413605,4.218165157013874,2.5154275974457443,1.9102167472630317e-10
1.059353684813864,3.2540509398054978,4.551676238358256,1.1104750492529824e-11
3.2620563861196894,2.0509456819507226,2.37861320593856,7.891947237957331e-11
2.9122689045493364,3.8236416733132748,4.343375354087862,3.9394912150337496e-11
1.2214877995285147,1.534241467065193,3.7146585840412745,9.064236844678536e-12
1.803284219038157,4.665429722010215,2.182679137912558,1.1785886142040333e-10
2.0969818215424203,3.876464585369789,1.9006318079185256,1.501829747789589e-10
4.164700242718835,1.6433250020665668,4.0534705579468095,2.7799652520243918e-11
1.0083434222216372,1.0072392163542192,2.011149073712498,1.6758640000788677e-11
4.401991808756261,1.757404313994675,1.7002516050565366,1.7859970349721932e-10
3.1208960039737064,2.3058603483266444,1.5570303902861493,1.9810905308968371e-10
2.3875223967398296,1.6516667217656966,2.2899067160567537,5.019038111981304e-11
3.3770950475210544,4.759487635565013,3.2684103811682412,1.0041914669902344e-10
2.0579513904127067,1.316343326471225,4.351947679694364,9.546038018007645e-12
3.09124023017988,1.7772155154271578,1.936130363668123,9.781148743876465e-11
1.1327065407952501,2.91700619069181,3.556239979359211,1.7436481023473975e-11
1.792182518542464,3.483017991575356,1.3869370601609803,2.1657616081914845e-10
1.8461941224112284,3.0529105027377406,2.0485234240165684,8.963874566063395e-11
2.8214537219484415,3.2868186376305744,4.9827057013763465,2.4928973792790007e-11
1.7333292093142956,2.597935957433171,2.144683040825987,6.533854568875726e-11
2.8125734263554363,1.069928425426169,1.2352743161426631,1.3161881427314696e-10
3.1025570478155537,1.6502914701513105,4.704754722511835,1.5438057683095275e-11
3.825821747821137,4.305889269399516,3.0076126962939314,1.2154300574690692e-10
3.608965374189574,2.7539665833608136,4.0293306162178775,4.0856558004346283e-11
1.6948663423255153,2.8289004793081736,3.7090990190808295,2.3259612318716746e-11
2.822610864888289,3.6747252561860355,3.061329999283725,7.386552531410643e-11
2.1752592803908737,3.3559433289430705,3.1953819125925005,4.771625005161514e-11
1.5100171521699788,1.2494641991454087,2.4325054260979004,2.128061938293843e-11
1.1307199709758091,4.833150209343296,3.3226757480131663,3.303662203866559e-11
2.943893775264733,1.5079803293141265,1.391354000464895,1.530483782172399e-10
3.098568292107731,4.480385643042173,4.680799363477055,4.228853299123525e-11
2.7914917807229553,4.351038804119597,1.0438908622415095,7.438841757824772e-10
2.6689646824064965,3.276799567193138,1.4076074024553868,2.945885228164109e-10
3.6717052182124785,2.0052920170331543,4.54913635630629,2.3745084790253197e-11
4.583435102964703,4.295041002023996,4.430394068258586,6.693602051820843e-11
4.947498596138221,4.522094346799256,3.700851016329982,1.0902053188680877e-10
1.6283650153340319,3.5404349907681567,1.2004944796199548,2.6697724991902413e-10
4.107980985832092,2.989749994187438,4.1662942428550735,4.722257050068923e-11
4.808883770206309,2.4406943857845818,3.9993332404500226,4.8974352101935145e-11
4.01949950414376,3.4283509928114775,2.381237205824068,1.621952535354559e-10
4.004045465508105,1.076014083304624,1.8193623691788732,8.686898410411355e-11
2.93775792555112,4.817817078580444,3.9155173979758606,6.161326162447351e-11
1.240684749674772,4.600274659171258,2.1316304222709284,8.383156787322021e-11
4.656980495581596,3.812349802220455,3.822986446917648,8.107329929268503e-11
4.414069334211707,3.8226394242547417,4.39728210046646,5.823982099785953e-11
3.7294295449511674,1.4523961924784978,2.7032591797394274,4.946959309817576e-11
3.8340936289055922,2.8386034353901146,4.871996783210319,3.060128437641877e-11
2.004864791400861,2.5505650773205146,1.8875684985986787,9.578604874506733e-11
1.8660476758938924,2.1242998361702083,4.016322504738738,1.6400896798431837e-11
4.5023205639216295,4.76933788359683,4.68039919634521,6.542065900683576e-11
3.919771002733537,1.7828815193002274,2.1150287269890575,1.0426459015511911e-10
2.417055420815057,4.705062839114248,3.4043235343545692,6.549024040276496e-11
1.1514204639225816,1.8929222723728545,4.593451475115128,6.894053694285377e-12
1.0605815600178956,2.6073765681737333,2.6124608256171546,2.7041729168481285e-11
2.134895258808232,1.5207441036617633,2.551192154964676,3.329143954792897e-11
3.6427006243159825,1.8146598043040219,2.295602267252231,8.371660578834357e-11
3.479765033262247,3.247965432596492,2.616442950030952,1.1018563561334714e-10
4.642193739042828,2.9571189205480564,1.2266203569200176,6.089167461423609e-10
1.0507571467772894,3.735281912571206,2.850457055480409,3.223910190167761e-11
2.1938620573652536,4.821880483857315,3.7427889772198113,5.0398925513919865e-11
4.936763671950175,3.879700061275879,1.1692202956998137,9.350482049905095e-10
4.550003586015327,2.3777111709838876,4.114458654869369,4.265123728736231e-11
1.0102321910858691,3.103614234710443,3.2833596191092926,1.941056760859431e-11
2.2849692143574467,1.428337135063889,4.0938101834085066,1.299696289251825e-11
2.68415984704912,3.6409670350471037,3.502115064808563,5.318026565042755e-11
1.636030543117864,1.0407383108705606,1.3843941642619226,5.92924821537037e-11
4.040914478596623,3.5747577081694737,4.888118800867806,4.034864622467296e-11
3.639402556986381,1.5118899374919326,2.2639669300877263,7.164672066952787e-11
3.8986112610504002,4.289606317451426,3.12526732857279,1.1427184191760371e-10
1.3737917006053317,1.113840156459069,3.8685675680190417,6.823851836752682e-12
4.063830420611889,2.807813727246437,3.555343655018176,6.024581742968506e-11
1.529093017189234,2.473510787646534,1.7014909913364278,8.719159214311884e-11
4.1706770215206195,2.5695660490382033,1.8213574382679805,2.1560666381691782e-10
3.9275900701681494,2.7077760870359655,2.6777586435838328,9.898793045857108e-11
4.163677224062027,2.3100228525536215,3.085443099361012,6.74286477212296e-11
2.937013473364516,3.5952551325649975,2.8981920650553117,8.390107589151297e-11
1.1201836489127084,3.3875623532228714,4.898243478062724,1.0555577322082121e-11
4.081294814118035,4.179069406785343,1.5405197607779617,4.796552547682293e-10
4.109077090867739,4.896606166649797,4.045904033935939,8.20341177769743e-11
2.488777458490747,4.644158841171647,3.1955190456092,7.554339724207249e-11
3.225405549682329,1.611992872713507,3.450068032232706,2.915266958349765e-11
3.3887702816693186,3.0396499634295315,1.222840220844755,4.597401964024166e-10
1.2750858290076983,3.5477581354944387,2.0763465696851373,7.002932441244391e-11
1.1013445126372523,4.070386391449226,4.108943073797088,1.7720859541029877e-11
2.9628904687416093,2.973757797341756,2.422896112634741,1.0017003066724216e-10
2.8648490541535554,3.0536748090121266,4.647459379884773,2.7032083977007565e-11
4.38368770433943,2.5589609066504164,1.5449242595894312,3.136715103406186e-10
2.1209688263279247,2.671174362907894,3.4152597988507143,3.241718006939513e-11
1.217964745280688,1.2468656036114703,4.102442407067732,6.0222056049126595e-12
3.8777012543124387,4.818251590317214,3.0757479441578615,1.3181005403956956e-10
2.68664434846388,4.073511839046559,4.641912375617769,3.389779807533066e-11
2.5247739498394113,4.946506763474558,2.1868855250426207,1.7428307348633805e-10
1.3236924354181583,2.8724748322514526,3.905902213963428,1.6633620505104575e-11
4.4243229177920345,4.171438626499859,2.1071680181780668,2.7740899926985395e-10
3.1785900369289104,1.1863647169364824,2.1768016978955806,5.311304581707339e-11
3.722301907157611,1.3778896226351698,2.793098829405458,4.387727227335971e-11
4.058704459263113,1.331162403577927,1.626495971129251,1.3630088962892812e-10
2.2273882026020444,3.306405916133629,4.469767148304949,2.4601890903384765e-11
4.207876244787682,4.6224743520654705,3.276378861169902,1.209303863963591e-10
2.0220587299243897,4.137324235562993,2.6616284860623947,7.88142329215363e-11
4.843764422835244,2.901397560853596,2.607161988886731,1.3798771579272762e-10
1.8484141143702884,4.482644567355543,4.426295087433134,2.8225331792874824e-11
1.716055050007384,3.3322987265328177,4.974661914189074,1.5421769354702456e-11
3.9185199701851965,1.5412239912168455,2.491468299635358,6.493267519779727e-11
1.258951833298263,3.2913750493059033,3.9027211113920823,1.8156730781194205e-11
4.156986303175138,1.8846850516169789,1.76191970931818,1.684346173969361e-10
1.403412842660205,2.346113827964668,3.8068284628993556,1.516331344346877e-11
1.4815323025139002,3.916224409377394,4.640009639657764,1.7985691162237623e-11
1.2546916327760074,1.2738336667878234,3.232203351755051,1.0210301685115543e-11
1.1452839758972568,1.0171868958982966,3.2706329417160434,7.268361680788435e-12
2.574113540721009,4.638734517083967,2.0116874003190155,1.9692117912841198e-10
1.730918647759852,2.040666731206782,2.796288104517499,3.014887512446766e-11
1.0032048498256487,1.595809745331608,3.9119178983468297,6.981961913103486e-12
2.003039271237497,1.9208103697003884,3.262770825613284,2.4120539496629835e-11
3.6665478561480453,3.404075516877826,2.7801909026376186,1.0776891497128423e-10
3.1286326963714437,3.1154412109381693,3.7178635009355334,4.706233389004928e-11
4.7796666558512015,2.7792076952177807,1.415818995821692,4.422718980486095e-10
4.5606047257963676,1.738319277580192,3.279209846244067,4.920392671883752e-11
2.048661101645005,4.36286576161516,1.6403054529542493,2.217066486508992e-10
1.4805003691201484,4.0704397911184715,4.483998129285835,2.0003464140537076e-11
1.8655913066590255,2.8444111902953053,1.3823951622732018,1.853235793421821e-10
3.3469200599992996,4.900707606055389,4.025819171968086,6.754322700498374e-11
1.3855369413029464,2.7438016897387283,3.1238690716796667,2.599988244283964e-11
2.0227001439390073,4.185169206426048,3.239345752465019,5.384137208507289e-11
2.055830191621937,2.1518303356179405,4.502236944255623,1.456547905599089e-11
2.7192108109308135,2.458507593448592,1.3194615762207378,2.5627552925236377e-10
4.312738130542087,1.622231879267158,2.3310252951459027,8.593265893827314e-11
1.4085457071713732,1.5150793889908232,4.945223845498316,5.823990090941794e-12
4.782064730516135,1.067811866980389,2.1509237552804885,7.366248467302865e-11
2.4688646000232977,1.1524392690176786,2.726138216161273,2.5550875235651545e-11
4.174162130175484,2.8850511119483997,2.0501061375778664,1.912301368826289e-10
4.962192334017811,3.8877369969480817,2.1037370286216164,2.909201286165849e-10
2.7062085741519346,4.594397179243931,1.5609365405027398,3.405693104897694e-10
3.6166915637198582,1.2400593428431157,2.0168511769829616,7.358553274014708e-11
1.8129242523534934,1.5527836542752191,2.9011759538398905,2.2321772287033875e-11
1.3253063033673276,4.829969640407352,3.460589523526257,3.567357955299924e-11
2.4023805505486577,1.7041743317002473,2.6224230481608917,3.973164247083747e-11
1.6693687010406637,4.692164729988896,4.94144592721357,2.1409357042590687e-11
2.4716768376243055,4.866225278367654,3.969110279843414,5.095464368614783e-11
1.444200721593948,1.3275875379393631,3.124598995893893,1.310654881239292e-11
3.2687189206166796,2.714647807887371,1.23798343700568,3.86409329808611e-10
3.047270054048546,2.2219092954272313,2.065453206080316,1.059236045997703e-10
4.7122252121509565,3.508391248033217,1.1738012454702873,8.00813024392863e-10
3.6999450577004533,4.289408052731523,4.517655344207705,5.189824236330218e-11
1.7289064458510972,2.4081630261726934,3.4739750056136627,2.302449963687898e-11
1.7790691468569015,1.077796602724077,1.5337420303501368,5.440154109509845e-11
1.7427557477939235,1.96172284043719,4.072243150499883,1.3759193290878588e-11
3.3656971374628415,3.335851521101553,2.8747509277172036,9.067081136631469e-11
1.6153469725101806,3.1636212562333563,2.082904768995943,7.861359926832956e-11
3.183908927025599,2.4188084158413856,3.0661894334402784,5.467015996092047e-11
4.642706154469787,3.6051180718846996,1.399993675030725,5.69934235242428e-10
1.9139443497681659,2.965426375081898,2.104500504917885,8.552726526613442e-11
2.1977975163185244,2.8957807313968598,3.1030276755464823,4.4113168876481924e-11
1.792375222627975,3.9959834485440098,4.635822936556539,2.2242578650138743e-11
4.714456364990113,1.8068673154964676,4.481213156840544,2.831084812457293e-11
4.125806111212942,1.4054250316670664,1.5144830948926287,1.687228262393133e-10
4.610939891281868,2.0780583563410215,2.5313192969340883,9.980206850570978e-11
3.1502878592743278,1.621263541209625,4.355311647394967,1.7970145142259685e-11
2.5145417020989895,4.777422956291955,2.3352881165026793,1.4701369671254533e-10
2.136990558720609,2.3061156447474627,1.350461384173744,1.803455984589875e-10
4.336774597943846,4.395866837568191,4.8984357494228625,5.3025252938895674e-11
1.4295328972704353,2.991088320994977,1.1076608884109391,2.3259263107818637e-10
1.0774433688005178,4.540056824470067,4.971022848589536,1.3211448157802906e-11
2.844512580181602,2.2885818170498418,2.634518829074292,6.259762997107273e-11
2.121347965819661,3.361167025294427,4.562730379395468,2.2858019350235014e-11
1.047027595891954,4.156884912078959,2.594725876234268,4.31448899466113e-11
2.2469129016711644,3.803359958533593,3.4681954746842387,4.741685395812235e-11
4.54590567090481,3.07282364556558,3.757501080079897,6.603071955781385e-11
2.7502927495805007,4.390536799539833,3.9711855349465623,5.1102528841418545e-11
3.509928456544129,3.3715818355174885,2.441573953205903,1.3248856783469165e-10
3.5116949510584616,4.090807548623689,3.001055861177074,1.0645446345874885e-10
1.0630698547527073,2.323383588232068,4.9676496400170445,6.679854554537772e-12
3.151802351297332,1.2979139714500203,3.1658820201687234,2.7239656841243584e-11
3.411880988517946,4.882196564876301,1.4364496676683687,5.387837772878995e-10
2.752227132047208,1.8961877349096032,4.202892040793573,1.971765840008255e-11
2.632298295552226,1.8328698628334075,2.4433143952930716,5.393792409186695e-11
1.8025616900890102,4.430462521051087,2.9356242191291955,6.184783221876696e-11
4.380273388421079,4.63764834928028,4.106884619021941,8.038226345148021e-11
2.386936099314147,2.7489430296580517,3.4900495139601264,3.595253829685372e-11
1.8472680909002506,1.5484414114497858,4.393502167130425,9.889838926458404e-12
3.383564268071669,2.002220606897326,1.0082850454883827,4.447397086600336e-10
3.389292358097792,1.9663096382809298,2.248856152959779,8.794755878377071e-11
1.5725555787612073,2.849558673540713,1.6099907404436036,1.1537801238456353e-10
4.531233665293291,4.9203202491787525,3.611300463764767,1.1409557042306623e-10
1.9691856046984522,3.090338669249693,4.602957998291988,1.9169240531056122e-11
2.708084932729775,4.49497939145265,3.4607408235425745,6.783253320607585e-11
1.4584026201622633,3.753702613723543,2.4421143488177166,6.126204786163421e-11
1.383113884775566,4.372291573278654,2.9995156326376358,4.4859145836122084e-11
1.3688509853636455,3.6531766236418903,4.572333855512531,1.596383308348653e-11
2.563637394077426,1.9767054623745022,3.3524698741709114,3.009227310387651e-11
3.166435209732543,1.115131116411261,3.0395332892783364,2.5507561034801946e-11
4.5391634770812495,2.2680593129339615,4.0342267389160344,4.221782224706709e-11
4.658629118878944,2.522003985917521,2.3316781572798146,1.4422910189364788e-10
4.808949678061167,3.8414815260949604,4.126335408999716,7.2411264326176e-11
4.623386291970085,1.2076074216654296,2.2709259451850876,7.225471835478258e-11
1.1390933080235985,3.602081815316878,1.1920235670590915,1.9272115604274704e-10
1.888965843652426,4.504235103523833,2.0021627092332257,1.416552326660648e-10
2.9167025600588716,4.567836849291899,3.3054084691548886,8.138392997695418e-11
3.081677840571862,3.905815398918589,2.895100487584363,9.584244099597335e-11
1.1727354323765655,2.6863722641501946,3.287012706231419,1.9460306597534746e-11
4.824232730459784,2.1694498232405723,1.0066006577914832,6.893656562193274e-10
2.095355807915461,4.335697726671277,2.1891859696147833,1.2651373198277287e-10
4.731812100122413,3.193973444474185,1.327297147593956,5.725437413634101e-10
3.5052604054689676,3.0334585471121964,3.6856574037873346,5.2241378393264106e-11
1.5927236312670865,1.7430902805845,4.139799435791504,1.0811548610501365e-11
3.2166859775084324,2.0321301484294905,3.5437345592162814,3.473953646869946e-11
4.219358627265701,4.026429546168464,3.988423855009565,7.12771188534045e-11
3.2901271699659786,4.138602116430205,4.736979204697978,4.0499494830107004e-11
3.418395079607709,1.4028175165801544,2.9335002077079833,3.719096014829276e-11
3.4573909340738123,2.0112939057695236,2.0738977990363154,1.0790349891075296e-10
3.5899923465357073,3.5848349749498905,2.5433894314014385,1.3277709679184564e-10
1.009568626053242,2.479627012506242,4.734034618585243,7.454963954038369e-12
2.506802471239439,1.1335692487743119,1.384213293520935,9.898020317475236e-11
1.0761537261107001,3.1682308332418105,3.206432021353625,2.2132641948960936e-11
2.799252570264506,2.6866477059616543,3.655770778615056,3.755615267113651e-11
3.893491070912702,3.9448389827891726,2.5016516801065314,1.6379513046470874e-10
3.094850785991398,1.2599705504904417,3.140468894441291,2.6387443674683943e-11
3.596888389127928,3.7502823213612895,4.164876435230959,5.1900660474079675e-11
1.427003291495414,1.0200801016110654,4.759150037921494,4.289302343957501e-12
3.805571804769255,2.162340135981212,2.66062521033858,7.758231399465995e-11
3.242054459177339,2.393592674051448,2.4050240225616286,8.954017063268043e-11
4.846112946184784,2.763936746885083,2.3969786702842093,1.555892169817789e-10
1.1380459423283802,2.2975887148972185,4.376885986061108,9.109359018593522e-12
2.995610250798099,1.503773506261782,3.1808971541585658,2.971355974546927e-11
2.4526420301716545,3.9983744283472658,1.4186180987017276,3.252166990409789e-10
1.2081100850378355,4.695214856635875,4.4374219740715155,1.9225901963703493e-11
4.314947871995255,3.396093363870297,1.6775974670402416,3.4750883739914416e-10
1.030415478640077,1.435475385281908,4.554493909935452,4.758982137637634e-12
3.3434540569969786,1.3684130141099602,2.7998628481303243,3.8951594669982124e-11
1.6036162460524497,1.619545264514504,1.210165987258085,1.183558844496506e-10
2.037266794952841,4.0332995111539605,1.374271575559587,2.903684691201319e-10
1.9862294899338004,4.052605645491454,2.9471696358256443,6.185000013391014e-11
4.68951362447763,1.739725551805448,2.0402581377627786,1.3080504931455013e-10
4.481990544264011,4.807278024435208,4.470612531889053,7.194859471102081e-11
3.7395002315446453,3.258909556735519,3.8944737725363034,5.362588935299926e-11
4.19474925908303,4.289562767971297,3.583684136752456,9.350735809996217e-11
2.2562295110846136,1.3153006013708297,1.2233293253475548,1.3234505632112734e-10
2.576763654247511,4.819747342103888,3.5710561720956764,6.499675841899358e-11
4.38892916309044,3.5437492655571123,2.7827001333885892,1.3405250758417002e-10
1.4345186702301902,2.7846779344043586,1.8892486006174765,7.469459251450536e-11
2.6441639527049614,1.8496641734012012,3.696319229826934,2.3890680698029995e-11
3.501346783485298,3.040949307191769,1.3897974270246998,3.6789806434019e-10
3.6537043919049785,4.900809220947744,2.444464174711014,1.9999542110955684e-10
3.0591250430999457,1.5287756935248864,3.000794759953979,3.466207959698496e-11
3.8315356263423515,1.0720552601666657,3.6701512598139563,2.0352057249409312e-11
2.9709626614223805,1.48584727383977,4.593758585322259,1.3961151234477206e-11
3.273145126570294,4.101052912439721,3.370842648399269,7.88442228209097e-11
2.8358228016863882,4.377966304176271,4.1553175491561785,4.798762659271754e-11
2.566453844703688,4.19660689182942,3.823531391526522,4.9168689127433024e-11
3.454841791500271,1.4655534254211067,2.0597169789066303,7.96527773585102e-11
1.7248037422472304,2.8162999807217077,3.479990202055108,2.6770023838600938e-11
4.932649539118528,4.360332252223495,1.6122671870254277,5.522198520757213e-10
4.464278494209343,2.10588576314602,2.8228370384342036,7.874095464188692e-11
4.343176364634861,4.654073170716565,4.295306194667701,7.31204099857063e-11
3.326777812061366,2.6290957636717036,3.54804129615417,4.637021098956349e-11
2.3996394313420377,2.242104518629938,3.268358976015672,3.361464620656244e-11
2.742126054589944,1.6108785150399068,4.957761063267936,1.1994032522249336e-11
4.743357780437451,4.371583489868533,2.8933600350365603,1.6531258091976698e-10
4.48024840561297,1.4880951026029763,1.8727094895856324,1.268756152573251e-10
2.056429878762926,1.811662249871929,1.4949283578151,1.1125936630302417e-10
4.240965728789461,3.2783349259995065,4.462301488937393,4.6600059043360563e-11
1.5514616228480889,4.569697554137215,4.831151963980783,2.0272779648908233e-11
4.570987935730845,1.8436313347888507,1.5651619088125064,2.2958939218724636e-10
2.612135140182723,2.0811583524218054,1.4336126213383578,1.7653195818942502e-10
4.592117638314429,3.5041676069145695,2.528411864568312,1.679919374387048e-10
2.756005349185488,1.4643557377046665,2.603854427908271,3.9726421870015e-11
3.632294121963328,1.9178699407706845,2.614943889452622,6.799259455538562e-11
4.387462080176471,1.9839613342507505,1.67977380895992,2.0588806464896956e-10
2.5385982071947573,2.5811294023587856,2.0201310636541456,1.0715954369113999e-10
4.541889429968995,4.4580213122815815,3.8178924999585053,9.270806323698703e-11
4.817709098410568,1.5557328576334557,1.4308040976904604,2.443438705472288e-10
4.306826183317753,3.196146176985228,1.8228639221980494,2.7647870183507973e-10
1.2357908831698654,3.209281813327824,3.867327717327752,1.769771075244476e-11
1.750090330430067,2.902732454103869,4.587159239483102,1.6112615481589187e-11
3.823842393602861,4.23409842359421,1.2800730240961093,6.594435796393097e-10
1.2177451296965565,2.9030755942983233,3.4009799605508118,2.0398244939801576e-11
3.8814697027306235,1.8707659771754068,1.1350786032946467,3.7614040828778775e-10
4.565697977386983,4.24814395791384,3.685642813629414,9.52941232479266e-11
3.4756318694527053,2.0381786430100206,3.6820938671480623,3.487165089095914e-11
1.3691797306060156,1.4113778424803582,4.991183906997772,5.177055417871174e-12
1.8953448513351043,2.5554039453312196,1.692349564937016,1.1286358860257372e-10
1.7507517460591941,1.6512109459120543,3.229244610320164,1.8501691814323926e-11
2.2549942932942373,2.3054427434113967,4.807913398398025,1.5009724378909235e-11
2.9497803699019887,1.232979199411012,2.0051099012509583,6.037473957253675e-11
1.4499707201729053,3.0779381796846725,1.646857346409686,1.0982301557494396e-10
1.2348564930015042,4.268023907932587,3.779268590734288,2.4627142268739033e-11
2.0811711229800163,2.398399728820398,3.7762365345868583,2.3361309365394605e-11
4.209987657915993,3.172161895216317,2.915752799080656,1.0483854054422209e-10
4.632438943198142,1.039349887536936,3.259808682328669,3.023941988293267e-11
3.4695838178727563,3.6319176787401903,3.422728865015215,7.178845178707562e-11
1.7720057205201027,3.390060021972957,2.490288118901259,6.464865833442999e-11
1.280644298911605,1.2435011704721477,1.8975153458634528,2.951823102582283e-11
3.8110615866334148,2.5727644616799408,2.7184968148056687,8.854714041616147e-11
3.693784792973005,1.4464544278498002,1.6668261144208172,1.2834588666508704e-10
2.407766313453327,1.1302937086405374,1.5837865093118508,7.241000341674691e-11
1.0867881173812064,4.025751194433111,4.16935570615167,1.679732470457952e-11
1.917758170769992,4.573992719430532,3.2043035056002096,5.701750682862387e-11
4.9357563236866735,4.76650153523164,3.902681797632315,1.0308924631184313e-10
1.8618586962723391,3.980340742490926,3.982256384016959,3.118851792499331e-11
2.324009810716946,2.4341453437769296,4.438665087510384,1.9163106421909967e-11
2.2959924399089195,4.157802245141129,1.8859111959728092,1.7913399350690153e-10
4.924072647534263,3.474456333680269,3.8002985291399916,7.906096023510299e-11
3.0951045926103586,1.2124915116824844,2.2701982074083524,4.859736098135746e-11
2.6806813182946976,1.3430321407315242,3.2438800099140916,2.2834327905670786e-11
2.870889582647828,1.6975044583399717,2.305228764005305,6.120481018836887e-11
3.934422688054268,3.0528829333487355,2.6861309153142257,1.1110229205747167e-10
2.9410711873995434,2.5058641114989904,1.680982626834472,1.74069549444708e-10
1.8200601375650827,1.5160102140383267,3.690069486396893,1.3523994300640736e-11
4.7062401316989675,4.143041717527621,2.962506490615161,1.4827262302103765e-10
1.898252399238042,1.4754046246548946,4.498410149875335,9.237047977746475e-12
3.4501440867102042,3.1855190639516087,3.416752377410278,6.283138498679106e-11
3.2899352472293155,1.9930883002809372,2.562298485316305,6.665621553929551e-11
4.10850091881022,2.4203683499343827,3.6498868148535966,4.981868525998636e-11
2.961888741760407,4.131783526218635,3.203992798208534,7.956268678683275e-11
2.3556315338880585,3.180910708953193,4.69381033399031,2.2698333171692885e-11
4.573378178178489,1.6484434059006068,4.499495332915933,2.485248084640114e-11
4.601444484321934,4.180314612417107,3.403992889354468,1.1079293537070208e-10
3.6260713430675824,4.939290665861309,2.8179685684016818,1.505271509302776e-10
1.7705909442511896,1.3399913689033411,1.666021979785889,5.704859966222015e-11
4.306866180678474,1.3926782461257714,2.153065047261789,8.635432041743644e-11
2.6178775818203466,2.1944841275431735,1.423731471315361,1.8915237996579755e-10
1.475341903471024,3.6089840466934997,4.736019304332496,1.5842981475392323e-11
3.4595479293804905,2.19815985740458,2.2675025596423697,9.871184168891219e-11
2.3454470003225096,3.762690597522349,3.638527071376832,4.448966270406741e-11
2.8752358280221424,3.7859003788057524,2.3707636701248336,1.2925648121005973e-10
4.583880704609895,4.999314896145503,3.876363169894498,1.0178436806046602e-10
1.3109007161423456,1.8231222995807248,3.669670720456842,1.1844524012051581e-11
1.3642986955913936,1.348961969053677,3.040723480286346,1.3284386929869811e-11
1.627294116024133,1.2877721395840984,1.4052465082017114,7.082494596891188e-11
4.951319575084121,2.853706462515332,1.1830599717867036,6.737564537064085e-10
4.033827094783733,3.98849204181626,1.9566387093021138,2.8047291523593727e-10
3.2343163852854686,2.243723173487008,2.375598743878912,8.582065063431687e-11
3.3021048069533037,1.9656987575762268,2.351365782799726,7.835263941176649e-11
4.456102779018719,2.9004437471868583,3.970178081028264,5.4725013045902706e-11
4.002886238952211,4.785724681065522,3.807777602702488,8.817876468133709e-11
3.5303308500313997,2.8763779058147954,3.436053879702542,5.740207923335652e-11
1.0213101003362168,3.4460607033231057,4.653363569353278,1.0847578001380215e-11
2.247344041992814,1.0857282846300906,1.9486733645052983,4.2884348738261147e-11
2.2933662311618863,1.041934761803799,3.280956543760622,1.4814915777575453e-11
4.003766718519022,3.4468654073315212,2.875489972880055,1.1139240431324083e-10
4.913343192945749,3.835327461027088,4.485947972241183,6.249672906015567e-11
4.348714618197219,4.953355271317194,3.2396322946939886,1.3697936528000055e-10
4.738985353141182,1.2694036085659275,1.9398010144753153,1.0669816072085221e-10
3.2758097874979364,4.660282538109506,3.508213596859905,8.278374533047654e-11
1.657450387502946,4.9671495493987345,2.3999888896982715,9.539278169288952e-11
3.2673519943854834,2.0357541396228425,1.283806302669794,2.6934470724053583e-10
2.2221297848363024,3.6120366225643323,4.313484296180156,2.8790640413484226e-11
1.5418673293283187,3.235332345448137,1.0120227919682754,3.250659806298563e-10
3.9151399482964218,1.4592042547303827,1.2467066106217373,2.453132779535296e-10
3.558711649071733,3.962607995859188,2.534630957363156,1.464976452097148e-10
4.1428139057369515,4.837746815014862,4.02552861793364,8.254274861002182e-11
4.8337795150438385,3.852239025782178,4.284795623482509,6.769023819709834e-11
3.5934633150064803,3.930041771995295,1.3185954585667696,5.42092542889457e-10
3.6282109988835303,3.7501178912667084,4.3709909448342685,4.752956559728185e-11
2.841198692388968,4.96808404780368,3.7268732810746874,6.782463887821039e-11
2.438765281439102,1.4591557516641704,4.4274574472459625,1.2115715472866554e-11
2.8061229320077854,2.919307156569347,2.890084421722658,6.545632659427964e-11
4.195412554886994,1.465307106906684,4.856572849576992,1.7395211623127955e-11
3.5462960910516363,4.6289407827914975,3.1930734653796415,1.0745459683796001e-10
3.329362479674013,3.6311915321667025,3.3022962019099573,7.398852851404825e-11
2.8976657411810813,4.869492312069655,4.899207667417263,3.923435123026727e-11
3.3445153511049743,2.3181156344144362,3.3862919987040017,4.5123801819567596e-11
1.3263437378004,2.1052975279168447,2.4695110163083984,3.0558627061985585e-11
1.6024152748663094,2.6675657550023284,1.0039199182868184,2.830598486465157e-10
4.053958739542228,4.89420571655233,1.552695586011148,5.492563792806325e-10
4.510592320388687,3.6327475153972366,4.5177312467236685,5.358141880303367e-11
2.497909151258732,3.7997752332219004,1.5475328358654843,2.645093349773862e-10
4.955807665051205,4.54184633669957,4.0845815325314785,9.004050937312998e-11
3.0307580423317875,3.147992822365621,4.20942531058709,3.593565671659078e-11
4.841061706605957,1.4726513799832968,4.37357277977606,2.487448246055294e-11
3.2964704475185846,3.1314332074961153,4.006604264239948,4.291663316399672e-11
4.037797370884091,1.37147702172713,2.7322875294636524,4.950698279030149e-11
3.967928341581778,1.3739847119617767,2.7976953005658247,4.648695464548646e-11
3.8315294498133436,3.5113578260866367,3.848449304851805,6.062641930892873e-11
2.5646890191950784,1.177953779557877,2.7275466918360975,2.7102214424356877e-11
2.381983377081537,4.8695354700262445,4.136490377192208,4.5242690696633565e-11
1.7791661342049214,3.4553920578528983,2.9929371485801495,4.580415153402031e-11
4.157957339303637,3.087126874417388,1.9443685828604944,2.266018857409137e-10
4.451091208851876,3.004399487307343,1.7446641023992178,2.9321536518376963e-10
3.154342369020038,1.0106773291899698,2.0614509841254347,5.006814830795191e-11
1.4530357954525854,3.5993831487662504,1.4562728645738807,1.6459061966757585e-10
3.2149807444739817,4.251909062968755,1.770512466495556,2.910385834440074e-10
4.209176405489882,1.4723496338413962,3.1527577091444097,4.16114730076221e-11
3.9733178872646926,3.741949168565505,2.4620683485080246,1.6369566866978923e-10
3.3371469728772887,4.330215027749576,4.50285031911357,4.756592841286147e-11
4.307762662878389,4.325497673470879,3.59552305704854,9.619442358589313e-11
2.592931273202692,2.124427691676142,3.6706581722996674,2.7285459748194256e-11
4.78727441530511,4.235521943156306,1.0041717608269929,1.3420399774332507e-09
3.616801345644318,1.8009025148360154,4.5650561534736225,2.0859736320729397e-11
4.994792648413272,3.7016784592472365,2.0163655269582414,3.0350358834937453e-10
3.2202454419323816,1.4312475055419474,2.4012695305240177,5.334676627688278e-11
1.8827372085851093,4.214582843954992,2.3341487788352695,9.720160449568904e-11
3.4044926743216344,3.042890810912003,3.079403979308622,7.291076277398253e-11
2.5045447632034143,1.5992976940423125,3.630517155558971,2.0281838720356396e-11
2.8260063684900696,2.56424034660676,4.797273109527367,2.101498965328158e-11
1.0779400228526343,4.0782006767191135,4.476951825319114,1.463809460208245e-11
2.5912383159583823,4.747748222247202,4.9660086013349956,3.329402521637129e-11
3.298238126851755,4.032728612957998,4.356818683024908,4.676578556767036e-11
1.6787184389552685,3.6707982506043164,4.120482009211594,2.4223033765657175e-11
1.5926235765941166,4.823837970883686,1.2915925867448101,3.073554846133526e-10
4.348594470449856,4.529699184473563,2.058658011881017,3.1019590457455287e-10
1.8202154462366118,2.706663659170589,2.8433761277518395,4.0670046033280004e-11
3.937208628065461,4.799402106908188,2.5266705013363557,1.975443206029173e-10
3.8271641451735388,2.9233365601060717,1.3299295107837263,4.2216756507841203e-10
4.688767388296835,4.39260277217304,2.8304808792121685,1.715719828874897e-10
2.322313925199671,4.828857176348454,3.0089945999877026,8.266252601075224e-11
4.340179429407372,3.4178380453952895,4.163129259953261,5.712228550593335e-11
1.3342028513374644,2.599248990632301,2.7515115245243127,3.0571255763442344e-11
2.6776160733749026,3.8586298038287166,3.6954849562673475,5.049225255005863e-11
2.60248207235646,1.9311329687345382,4.186730389649526,1.9135337984329436e-11
4.356527940348055,4.732201044383054,1.372882919400165,7.300000492784628e-10
1.582005267969146,2.2200769407452707,2.310870108137942,4.389459879726523e-11
1.2342416541195957,3.091848847530607,3.547600312863657,2.023649465921515e-11
2.387579449115917,2.702982666185261,1.053815180319377,3.8784517625582454e-10
2.193579276733148,3.2336253070523755,3.5047674273364806,3.853992135512317e-11
4.357433830887475,1.2976471425754976,1.5360274450641662,1.599468409441024e-10
2.4041810524888847,3.004281349872352,1.9262730490968516,1.2991469481947664e-10
3.5847275136800727,2.8273818022934374,2.635004867280751,9.742355352594476e-11
3.756575686652347,4.755744362643057,3.2578773276014834,1.1233818238866849e-10
1.6288142937878067,1.9528116347277082,2.1033318546566,4.798467190646073e-11
2.0842131486699986,3.337211793538312,4.6688723815199875,2.129551254091027e-11
1.3316770720178925,1.802377125386609,2.3217150293240634,2.9717547545049185e-11
1.1913109725831244,3.1876555885697373,3.8460777163749693,1.7133521137014067e-11
4.172674860653153,4.585499949171439,4.179710991584468,7.309622253135021e-11
3.976990046657159,4.611626074743275,1.5898944784376794,4.842372452758615e-10
4.647715597316174,4.581820752004607,1.7789061524823926,4.491152145494728e-10
2.9720216210800126,3.232906863567512,2.4406019168489324,1.0765580780011314e-10
4.453897852655102,3.638945391102364,2.423307179118034,1.841980614642896e-10
2.4997946281733903,4.078922904966247,3.7526239052286576,4.832434186423842e-11
4.393702033126031,2.823651278386119,1.4641152093518177,3.862578860941606e-10
1.5145414044385097,3.4529418784056882,2.9575091543867944,3.9902896882327746e-11
4.3676926925143436,1.6654320257075828,4.117052176268693,2.864128153800306e-11
3.996330395652851,2.8132380734075517,1.319355056574397,4.3105303091592813e-10
4.720194935387344,1.0065559277808327,4.82028777285881,1.3647029006021767e-11
3.057830249037696,4.0933086750655345,1.060719920610123,7.424592469479459e-10
1.5752571460982985,4.38424040268976,3.797948288464094,3.1954639785881235e-11
2.9373458038304605,2.183257678953537,4.240720236357399,2.3799456037604313e-11
3.862686492107721,4.730318329065289,2.8635501864974127,1.487155676174219e-10
3.43930264862014,4.786039153049394,1.6697729823174328,3.940197437253069e-10
4.203073762570979,4.645489455282275,1.3547747070481662,7.099872222902887e-10
1.8124939048352493,4.953111481319617,3.405350956317716,5.16674592823368e-11
4.134546410699372,2.956162019031692,1.0138872846918066,7.935292748919038e-10
3.8512985710136025,1.0936350794065564,2.417123288763311,4.8113640346096747e-11
3.5497321848872163,1.040931106462108,3.3881373269211896,2.1482349012446673e-11
3.7956904967300695,3.0985251241525775,1.059271996798473,6.995472185889041e-10
3.2777790614918914,1.353092584479167,1.1298221488523748,2.3188530327207268e-10
3.805769503822485,4.050922698290165,1.8943998320574473,2.8670769341259874e-10
1.7208596463224382,1.0274778937874687,3.201732332384527,1.1511557743734416e-11
3.7538962195036336,3.6336183103525004,1.5067772537498478,4.0096794856632894e-10
3.7274240562503866,1.5841752873710981,2.5646161152193256,5.991747542363429e-11
4.042764470847959,2.2527447560828238,1.6925153501465964,2.121833968202589e-10
4.378829875911739,2.0545807491331334,3.7499881845993244,4.269801551551755e-11
3.268304457419782,4.949327662657392,3.61474190467763,8.262287969346689e-11
4.19231069960714,1.4612424257661338,2.3821033064742956,7.205112280433593e-11
1.6225185194403915,2.6101882179030897,4.43785914559435,1.435161125350677e-11
4.182150603788768,3.220682859876483,1.5964847970183853,3.526990241914423e-10
2.9764900700775083,4.274147971325306,3.0496663534245276,9.129259186809463e-11
3.9106446724482145,3.770112071150108,4.472962836253516,4.918110021852844e-11
1.2040375060883135,3.3587413455896606,3.8004260968717767,1.8686940162176753e-11
3.180159820188632,3.6636346708802985,1.022452775421797,7.438079099612918e-10
4.258804653950745,3.9510667085191478,3.426336300516844,9.565954474041808e-11
4.220458549814108,1.008267089272703,4.419345715293359,1.4541375180978752e-11
4.3710513767277295,3.9927117387026883,1.3189272397876985,6.695737118012391e-10
1.0306360314117264,3.0788616421753843,4.366706969394027,1.1106407354516315e-11
3.4986639017614216,1.9412035120049396,3.1157892248941588,4.668994395284487e-11
1.9967135008043657,4.346127788231552,4.77703957518157,2.5379716700604225e-11
1.7639480654881523,2.2938850000517257,2.986785696927108,3.0271609498442733e-11
3.7608429847619615,4.917887970132191,4.016760225243498,7.650647979664986e-11
2.3961465039325827,2.678264641610487,3.5843612044887503,3.333723081217493e-11
3.816180759252629,4.973739444592271,4.950929864233224,5.168025194193221e-11
2.6780895918407053,2.8675316108802593,1.0874593794902432,4.334045148877277e-10
2.386074714952093,1.271266242941715,4.7534712681234454,8.959525490827321e-12
3.9545853365477486,3.497929411557697,1.2308557218882479,6.093739677007752e-10
4.804883911290794,3.6296184586667097,3.68881995737174,8.55372254102823e-11
3.6220878379239165,3.4951963648411306,1.5261889821249293,3.6274391208136703e-10
1.6031859101688726,1.7335450308888736,3.996917877625079,1.1610602766825492e-11
4.493094205804311,1.075446548149508,2.050463035682159,7.670376250283616e-11
1.5858512795283288,4.51201100421172,1.3791712450744562,2.510628311159805e-10
1.674840083159899,4.243723597933132,4.991705990778173,1.903744417217503e-11
3.011521710787047,1.7084140338665037,2.772005611227017,4.468658029868993e-11
4.969576695519433,4.429144257460669,3.4484114647349418,1.2353421637924175e-10
3.0300149502309788,2.898986323843821,3.165229879816558,5.85149214750683e-11
2.7060963507996765,4.250088418888945,3.540776785242573,6.122521583397863e-11
1.2658296012561068,3.737597067127661,3.5225175843235563,2.5447644578770258e-11
2.2047218626127343,4.948544583485571,3.036528457984118,7.897011802859228e-11
4.879410633029305,1.3831416471377493,4.228923342664126,2.5186081440356344e-11
2.692617706102882,4.372941400376497,3.5793133620916198,6.133877717447443e-11
3.1906449931374294,1.4930061298131885,3.9123092815655576,2.0771120171796398e-11
4.287882299874827,4.202743807292476,4.589861389895901,5.709036690620571e-11
2.8628356612682895,2.141924704591976,4.97478426540167,1.6536299009200237e-11
1.1701428690558662,4.110451645664118,1.9318115958633757,8.601715990915855e-11
3.104466645024273,1.5923340698224213,3.3764871014536784,2.8938578739686668e-11
3.177393603613228,3.6162982935805505,1.6625904762718173,2.7742838188740345e-10
3.761687145367137,3.5643700097915856,1.590093511963567,3.539209941106539e-10
4.955355098966899,3.6744638681710917,1.4199084540882394,6.027459139094359e-10
4.571198104688586,3.395177101191652,4.055536626030802,6.29770078345683e-11
3.682244865510519,3.0427605056850475,3.083225594952618,7.866037872059136e-11
2.1408732982662286,2.8607045870411456,1.2155136622611549,2.766498830262285e-10
1.8347037886874227,2.3484716767486744,1.7339648674889787,9.564381688100497e-11
4.717355814621897,4.448775109279369,4.784523798733497,6.11854066964699e-11
3.5112917052458386,2.173518865412573,4.021900918091054,3.148863192167094e-11
4.765082242638759,1.3060080136900178,1.2394930750928768,2.703424437785984e-10
3.0193543384516337,3.2909882862647257,3.604141443682155,5.105320002132739e-11
2.2948334244084574,1.8217341198780241,2.2255312967452707,5.633197133510609e-11
2.290790534248029,4.197938103477618,1.2429627770123992,4.15423793279267e-10
3.272120356784409,4.567819794895721,3.469853539330499,8.285183785959327e-11
1.3534810058451452,1.456837737385702,4.514254279928837,6.457694767152417e-12
3.1704252228937477,3.303090543210861,1.9208075130730196,1.894333780494761e-10
1.3453311203388982,4.24089686196791,4.154935618355887,2.2056901513167427e-11
1.7642701571063024,2.135126959721673,4.740105770183146,1.1189197238991238e-11
1.9634063892884486,4.793171704723829,2.39075296752379,1.0988792737657943e-10
2.62286062353879,3.056993107884133,2.2853582359495617,1.0245833686418561e-10
2.7337423493203032,4.002768811578193,3.854495809392285,4.9155162311239404e-11
3.663632326036383,1.2921477533207097,4.7727595321784175,1.3869830513157436e-11
2.1232476310838613,4.883750038727474,4.11680743830753,4.083374112051605e-11
3.523828543585165,3.7011955272831742,2.8084100311819036,1.1036261157645208e-10
2.7447473136399596,2.7712559966128314,1.440709860929886,2.445750547827913e-10
4.945186668423805,1.3439692793024918,1.567579080082504,1.8050918928705488e-10
2.598953003820493,2.901250192440785,4.437107411491859,2.556053424439669e-11
4.175020454652866,2.232971116085296,1.9289150383184182,1.6722519742649785e-10
3.457729305523925,1.3253964265298723,3.467369906526271,2.544032395016315e-11
4.6231422568939795,4.597812786116789,3.315681925505621,1.29041386111733e-10
4.984830499577668,3.284721493241439,4.167570463719063,6.291717973974413e-11
2.878127497576535,2.0781522008798143,1.2159609892317236,2.699816818978719e-10
4.255414369985149,3.5938189931631364,3.663482015228595,7.604945919303365e-11
2.265121340359538,4.243500608937051,2.717400061645394,8.687499268341683e-11
4.256929575929076,1.618727206600274,3.134720794632664,4.680137410081659e-11
1.0621385970829005,3.46206730293326,1.3300386452128397,1.3873127570875008e-10
3.4947117731542607,1.8876799955604868,4.202055423091937,2.4934598891163785e-11
3.9446369357041196,2.2054594079198493,4.366779846569004,3.044876718526162e-11
1.4971581499641529,2.227074727082829,4.92708886545598,9.166591545103969e-12
3.9973015784855677,2.7056461197444905,1.0728087730165399,6.271616266708964e-10
4.207228466851722,4.4972992493657395,1.3851479494062109,6.581755699669159e-10
3.744497121460183,1.2939963378301993,3.9312112594172057,2.0924735867064654e-11
1.2242063230189517,2.5412332064495846,2.5936021535206706,3.0865877345057705e-11
1.8705136218145375,4.884287070742557,3.414620541466329,5.2295384653741396e-11
4.4873037682735895,2.923426105972113,4.415109500040259,4.4913906974417394e-11
1.6461256039650696,2.133458576788469,2.871765320607443,2.842074735674459e-11
2.4265868108394306,1.3609228123822636,4.266846013600617,1.210602563774378e-11
2.105428997890864,4.343523263234926,2.134720523639321,1.3393278613097724e-10
3.058804630190068,4.934221876310485,1.7108526363101708,3.441370321208914e-10
2.0707535464126567,3.9137827512299386,4.485589267397566,2.688266518644852e-11
3.367149618497111,2.4003406972186334,1.3254482539927546,3.070407022610269e-10
4.887595149908192,3.933068183970083,4.0917923471038495,7.662768961555005e-11
2.7650726864943294,4.723091328183727,2.8422299721277997,1.0789483822466202e-10
2.0172597112261696,1.0387746176436394,1.1123899987778385,1.1301997195042957e-10
1.403454038189822,1.4141394662149844,1.0861950287324338,1.1226930083402499e-10
4.861204491913071,1.86189228761318,1.4388366122140726,2.9178414228018657e-10
4.105527100942108,2.79891650748318,3.0972728166458583,7.994405022551664e-11
1.111081150345056,3.187732169340781,2.918580054612509,2.77504855828759e-11
4.834209153710869,3.874900675020826,2.211151369236736,2.557026713034694e-10
1.727245552286592,2.5434206824878887,3.3221996836864753,2.656482864170444e-11
1.2762861540277202,3.8557854388689075,3.5252237086985327,2.642857544714507e-11
4.155888147416562,4.861827049956366,3.461702927532056,1.1253042719080821e-10
1.8320313979561313,4.7144219903014095,1.9440470152350504,1.5252254420936769e-10
1.7443793474537075,4.3365853529719125,3.8092592563325836,3.4793167999421054e-11
1.79252615058632,4.856111107149627,3.4503285473808036,4.87999541940223e-11
1.866047183590748,4.969545373899411,1.4481128078944479,2.95134985419446e-10
4.955490560360165,3.6264574820024453,4.879182550079854,5.038036518947841e-11
1.1068068320031816,3.948123071839701,3.2110659661140093,2.8284614283322836e-11
3.305303696579006,3.0702573460864575,1.3210670167093959,3.8808124207952106e-10
4.967154564363553,4.98946644631477,2.6515537058204934,2.3525947692374113e-10
4.046494802942657,3.6042496587864745,2.8209244688566364,1.2231990620949293e-10
2.4242296258298284,4.808484631856779,3.4055591135092587,6.707973568883834e-11
4.177286968397792,3.4290751377039084,2.5258040766177707,1.4985049959724582e-10
2.878452596916755,1.7539584629519225,2.838569994214667,4.181820363055458e-11
4.352197745719614,4.646943333910476,4.2627327111278035,7.428241168419393e-11
4.821965237251964,4.720190621721764,2.9018948727890286,1.8038751042342864e-10
2.859512534943153,1.7316019613663105,3.298217901774529,3.037858820527195e-11
2.2940240144042923,2.850652535045435,4.930256566879466,1.79551652417446e-11
3.183557123479361,2.584163660156424,2.346374472850868,9.972963140286313e-11
2.804919387389765,1.6055570641292989,4.822187646073099,1.2925403812509514e-11
1.2407846396306752,2.874147807398173,2.5898786081350003,3.548402630139267e-11
4.04926675073631,3.4547467580396085,1.145900509298623,7.110251830238495e-10
2.6722059749348603,1.9804515128629516,2.643035920630712,5.056083249519742e-11
1.0089642948974014,3.6144948864687647,1.1045435778708161,1.9950046163680183e-10
2.6272010879844063,2.6860935306594853,4.0824118274818515,2.825966578786173e-11
4.571370909673236,2.392604310201544,3.996151235431924,4.571089363058228e-11
3.3480214928302647,1.7063594838554281,2.6781637407554646,5.315825527973928e-11
3.4985254395603476,1.862550402245827,3.0646398462436104,4.630419993034406e-11
3.21878449837551,4.525383300666724,2.4657012213235414,1.5990151287871997e-10
1.6858514283474904,1.9310969559879183,1.9673842053454904,5.613467582115029e-11
2.8078453238795666,4.241573529236586,2.202747165775223,1.6381628778269842e-10
2.8485294564933428,1.2229557376617097,3.1401174211521767,2.357902698216047e-11
2.6444968813766514,2.511755610111155,4.395667972786386,2.2943352700529732e-11
3.904226334026578,1.5532219988993443,4.716743341880493,1.8191572082366225e-11
1.6505485812189398,3.619977902346789,4.593626719900797,1.8897703498559836e-11
4.862015663663552,2.818249682165567,4.808190815745684,3.955657065711707e-11
3.44826891134123,4.06574882742628,3.8291756547630493,6.381419517249352e-11
2.327098935563664,3.735285528623542,4.677586563143796,2.651436243768399e-11
3.0067933984003985,3.8373220890041893,1.6185216954350206,2.939550959626723e-10
1.7841024415114575,2.094221212925805,3.9165343323707367,1.6256410912249165e-11
1.6899664724743921,1.3795183822399144,4.65746458177575,7.172865064280387e-12
3.0653924161057007,1.581945335898812,3.683499542669171,2.3852972790213494e-11
2.5505466818164866,2.4342236772857233,4.947582810577823,1.6927538782090187e-11
2.05757548007591,3.9518761478967708,3.0254471189627,5.928791404674243e-11
2.7314941578931413,3.7422956635181315,1.8384265752317215,2.0185150695761718e-10
4.985527822820902,1.506300623898714,3.86881977432573,3.34851311807591e-11
1.2514969692529414,1.0726400066989203,2.3870292639317827,1.572369130394379e-11
1.5813822670735536,1.3220955025864605,2.1894078107769723,2.9109354058665425e-11
4.974054392535258,2.834013413610055,1.936759652999117,2.508113440248205e-10
2.905675560527424,3.717774567157638,4.119912529973622,4.247568425785818e-11
2.296760322551502,4.489034020539602,3.723140443690812,4.964047610471383e-11
2.4440790662864136,3.9969218647775535,1.0854033935159988,5.534071448276721e-10
3.4187652686657715,4.566743143942608,3.899946246050319,6.85085583977693e-11
4.711835157437507,4.522487784150809,1.7425604636914578,4.683580407531511e-10
1.6828613339710472,4.914921936712071,2.385939036891175,9.69689008936022e-11
2.236591297153267,2.715477506896368,2.950808680392012,4.655184927582911e-11
1.9301047343279571,3.740187413101702,4.949745679007095,1.9665032672172345e-11
3.110427570928837,1.1916244224592667,2.5096175408071724,3.927630359797217e-11
4.274335897216268,3.5948542322431645,4.594928356863486,4.857117911470583e-11
3.919301917612212,4.908408480991087,4.115698040309279,7.579640577143129e-11
2.111117878886316,3.2049311818175164,4.26994769518149,2.4766936137001457e-11
4.709762784766026,1.7441221183322693,1.0844330784994387,4.661831938134422e-10
4.343699953815674,2.8720370295847584,2.2340253344902954,1.6682451383737012e-10
3.067011178136285,1.2362378697578071,3.8505589885061835,1.7066954965016973e-11
4.79810252513222,3.359560550493014,2.665074050367976,1.5146756289532067e-10
4.565620798542277,2.452824932695211,2.0524922551567477,1.7741467430299567e-10
2.1758679413871014,1.8211004701073001,2.0511037551395015,6.286043511058818e-11
4.448963619377523,4.97342630348477,3.784935231870712,1.0308223807976436e-10
4.217482673996954,1.2354688258549404,3.7411701277249043,2.4845994514564022e-11
1.79930342611376,1.1847018338178312,3.0827881661673877,1.4969672651549194e-11
4.9992758080046835,1.2305560108365232,2.077088311524064,9.516664567838916e-11
1.4379333624930637,2.088739399650004,3.8390591100674087,1.3600648708632575e-11
4.144823661108537,3.461847303552747,4.38770804506324,4.9742169643353104e-11
2.4682456312292285,2.2070379488525043,4.029290893361349,2.239376598196082e-11
4.929709693724648,4.704908447936605,2.659750227416195,2.1881496205416231e-10
4.710220105157655,4.631058146273773,3.2785190707830822,1.354416418045961e-10
4.037603965500722,1.0837683899775201,4.529083143226538,1.4237240250571107e-11
1.6750762632503515,2.8971091218870844,1.6498873517768202,1.1898084636969589e-10
1.8642699880789295,3.961505656086054,2.5507105997354915,7.575877034714358e-11
2.4736820073307535,1.2059920272658253,1.3229449023136022,1.1376036972767379e-10
2.1562225101456827,3.660231546505441,3.278191482777529,4.9013949895901885e-11
4.115392748220014,3.434708596907668,2.203329457796641,1.9432492361387983e-10
1.136156904750485,1.828246042366453,2.0131530753087845,3.420625734512841e-11
4.593764855374944,3.96437669268631,2.666372085809974,1.7095758303804553e-10
3.267926559796711,1.3847353005765877,4.176847606338553,1.7311232677085417e-11
4.939522519295945,3.483156896874335,3.218557268514954,1.1084643432684855e-10
2.7234363537109987,2.3896268438199955,3.102827163958646,4.511472881876749e-11
3.5448121421334617,3.7023562790505093,2.159739316095533,1.8778243533859404e-10
1.4059493825835547,3.7421715433267475,1.9905193223933773,8.862306872763496e-11
4.157961839141618,2.4178333474954243,1.248308292547978,4.3057553866431586e-10
3.1609971425949905,3.0265003742040206,1.7639622473320382,2.0519768906354205e-10
1.7921827051858719,1.490125274038828,1.7289390644899183,5.962548038316502e-11
2.497515412286534,1.6893842844188938,2.7954315236632845,3.603504862542886e-11
3.1125612095020982,3.891233831353677,2.34607530414552,1.4686135683065705e-10
4.422684301743953,4.629383548502593,1.4516166361553875,6.484723044903474e-10
3.8571302889230292,4.580144291651779,3.5061313321295624,9.59120805370642e-11
3.8905593423856444,2.2067272602680603,1.398944387621257,2.9278310061121296e-10
3.8820871513566733,3.2555183484189865,1.4115008539510838,4.2335952981831717e-10
1.9209976519094987,3.8448094317413615,4.838972722712011,2.105142538821488e-11
1.6355448361553817,1.7731657451580083,1.754621474058649,6.286821198908003e-11
2.275282664538622,4.249618348546669,1.5185805122819063,2.798310126329599e-10
2.1777027976912335,1.3545636999867416,4.641366623877112,9.138869896289559e-12
3.446889516488519,1.091053636668191,1.1562006083720147,1.8775576446728e-10
4.466920256714506,1.1775180503997023,1.2989096062173733,2.0806743710179778e-10
1.9613085964146753,2.9732819940991093,3.418131791054913,3.331122683784591e-11
2.4493641269102575,1.83883633458161,3.4089832296483182,2.586621614863314e-11
1.7170162255410548,4.722849009518727,2.2100433802314634,1.1080594604529637e-10
1.3309813308325245,2.2634902170816598,4.9224317230294705,8.298075579014286e-12
4.228202889569274,3.6903904960045666,2.8970558724902555,1.2407966206974795e-10
2.984018129597653,4.579841501394989,1.4166025095161991,4.5450858867282825e-10
1.9927398897361757,2.513765480496009,2.0871354747440436,7.674680333881774e-11
3.5046704050295707,3.4990306292024007,4.233650651207454,4.5661596381397313e-11
2.999644653824406,2.6046249077705363,1.2870665557381047,3.147742450404297e-10
4.526297413627793,2.7349241936290083,1.4251636570853234,4.067664307817611e-10
1.8690029210596983,3.8960943086195003,2.409654695837634,8.369818073401269e-11
3.337113447859283,2.7982171697888623,1.0255581422753046,5.925404684814355e-10
3.839147094251148,4.024104123944079,3.9043385618930624,6.763869560021758e-11
3.206988921233653,4.749884873964218,4.237160903761765,5.6626123608175595e-11
1.1614414750587922,2.4858927814224248,3.5635450262387667,1.5174047003620096e-11
3.0894167594169564,3.6848828919759775,2.8209686711366135,9.547504344588768e-11
3.0330898374672715,3.8242805248524774,2.16386148232842,1.653340504190871e-10
2.7440642980487118,3.4324033219520285,2.5805637213481116,9.439513770775493e-11
1.7829936937326338,3.5185681712175993,1.1663888651912266,3.077621796683016e-10
4.414776974838606,3.045351966660111,4.666652878287568,4.1202300866639254e-11
2.5795968532124642,2.604730217559275,4.590849483775026,2.1277210041263774e-11
1.955984293393978,1.1506072540633423,4.8316779841701845,6.434024475096694e-12
3.772651798780193,2.3443315426257127,1.3481403473444091,3.2477436595116523e-10
1.0432035910445259,1.1917316195358745,1.1398431628077166,6.386215081153987e-11
3.6078428822573345,4.5437480885778285,2.731692159362333,1.466170752272671e-10
2.751434199109317,4.554046979733425,1.325039898800286,4.76304767480747e-10
2.571608330638233,2.7885058312499242,3.4533303029662283,4.0131587916834305e-11
4.501531255445023,1.560261879734432,4.655324415206325,2.1629379874391546e-11
2.7833694009158925,1.1385640357355373,2.4006431157697103,3.6699429125225154e-11
3.503031451550589,3.36825035559654,4.3391453288528865,4.182406214957992e-11
2.8952270768712864,3.55542375254705,4.61383066144133,3.2272818968989284e-11
3.907336415102204,1.7384387982072145,4.791130678387239,1.974923966846281e-11
1.3531279050645444,4.347998148761642,3.0315080717636818,4.272646329804055e-11
3.993027001417219,4.387795468057864,2.511290464186684,1.8541331956700875e-10
4.816907767081766,1.9127258204068314,1.807794773019722,1.881520700546676e-10
2.9449167968975485,4.787286187636793,3.681356812691342,6.942770282435525e-11
1.4362012878599435,4.596462351116724,1.444978548405476,2.1100970087422802e-10
4.395709969293849,1.1685813071537412,2.587909268549655,5.118893276316339e-11
1.5003508352226542,4.448912515870031,1.4428519788802472,2.1398795759229545e-10
2.8345895088740827,3.349805301402857,1.9534969443753107,1.6606207902389012e-10
2.4326384864897137,2.9577212038288665,3.4181419446796504,4.109990548987693e-11
4.228592861405431,3.179156895007472,4.220715752428738,5.036418674061442e-11
4.406744428697795,4.999417526766106,2.8955552310845922,1.7537180353022536e-10
2.936636794564904,3.2315512747329778,2.3184333156996653,1.178306495110707e-10
4.6614862929058045,3.255744787431193,3.672033463618395,7.51186383652895e-11
1.8369588901916112,4.733257280008013,1.2861200191064133,3.5081871582282313e-10
2.772741450890692,3.9554890414025103,1.0487635872555705,6.654885108847134e-10
4.114431685687395,2.4802645155080656,4.939990056522266,2.7908847889614787e-11
2.946098358436539,3.8635507596016394,1.7959213111015204,2.3552958065926083e-10
1.5685303790579548,3.7712834249661693,3.993585057371053,2.4753831580233066e-11
4.3179026199076045,4.562626965422683,2.854460842136717,1.6137112602200523e-10
3.396392579592121,4.140750471195608,3.944573663982611,6.032301002137926e-11
1.3753121534665267,3.9420483947588214,3.0972364238565984,3.771904764018621e-11
3.942982832939676,4.934549492315119,4.030233651103295,7.9946259316379e-11
1.0083261798796301,2.4669507516340228,1.6628530462174145,6.0039903350396e-11
4.578891779795862,3.0918004972564064,1.8553990058584922,2.744627466470075e-10
4.170964664128807,4.549378166468861,2.94228064576253,1.4628727898287127e-10
4.519317882423865,1.737257564686113,4.502424631600334,2.584820566058401e-11
3.897062948053884,2.4679177201732996,2.5482382615346557,9.884944491502324e-11
4.73581974560037,3.7771235474283413,2.566111499818687,1.8129737290235747e-10
1.5539631595248156,1.9895766556836705,4.3729352547631795,1.0790498356641339e-11
3.06632730776278,2.2292840669360423,4.934497659777525,1.873631720659068e-11
2.318048785416621,1.028159595431247,4.809638678654757,6.876135150960921e-12
1.5882999097577826,4.46131952356816,3.52004588725207,3.816676865820769e-11
2.228585000026492,2.9519863262165162,3.5358649640167705,3.5118697911739934e-11
1.400977394656842,1.7107167043046472,3.993981465639857,1.0027284470265937e-11
1.849877368249945,4.432141084625212,1.8144136634874886,1.6621495738747066e-10
3.177073517622784,1.5068023733558742,2.35039241633535,5.7834769373368955e-11
3.881879284393605,3.7272546688511796,1.746123981140987,3.167139128151777e-10
1.3547501369385428,3.8440225164043484,1.8427965970171831,1.0234733192532536e-10
3.745844442269258,1.3218728199380312,4.038674457954393,2.0260395438562745e-11
3.682522412280737,4.0196955217343655,4.066230282570505,5.975040017158382e-11
2.325925470916142,3.5102654038583023,3.3099778461045677,4.973610562749981e-11
2.7040776225699052,2.6050168720952134,2.32178662512548,8.721100411870572e-11
2.4263792961427373,2.970157747797979,3.639862539546233,3.6303997127849436e-11
2.7274299763610452,4.996206697176616,1.589079955871929,3.601543873145061e-10
3.3327129185660254,2.404444930366105,4.552966682904934,2.5799423254641122e-11
2.5920400994284853,3.6935809541937057,4.767609309059799,2.8110865818564375e-11
1.7625957161592232,1.769632882758708,1.2356276668522876,1.363473947880208e-10
3.984892649927898,2.4956228165805454,2.0430087934205905,1.5901617563631123e-10
2.682750544469414,1.2761887106827619,1.6140300908466418,8.771182314732407e-11
1.9214813253882381,4.373771558282293,3.84210706600796,3.799614536434999e-11
4.565531963792211,2.765975028969795,4.833825612008996,3.606981277210419e-11
3.4414995057792583,1.2350197515280255,1.8175855366068348,8.586538090045623e-11
3.0756604179523657,4.865494846615942,3.811539105954595,6.874653965094639e-11
1.1423389217577395,3.5523267713688504,2.51785526340877,4.2720129695954495e-11
4.973686038622073,1.0147921779167528,2.9516341174824503,3.8664877379134954e-11
2.3086875901861763,3.6854135415907345,3.6320462211152833,4.304620451686143e-11
3.8485443942557547,2.5674937058798615,2.2216159445135775,1.3361466379538046e-10
1.1628725991334217,4.6498379467470965,4.702180466128048,1.632140610904303e-11
1.269567838729432,1.0967891292009835,4.094248650705514,5.543918314150633e-12
3.333941334058695,1.7948282618575946,1.7480253684676912,1.3069879784765206e-10
3.5619629757989073,1.6735048199923188,3.5487782774887826,3.1589651779653616e-11
4.032290721539061,3.223654550562062,2.3734422714788264,1.5400300287481766e-10
3.734357709018552,3.166260505633796,2.0389795933447283,1.8981171084535812e-10
2.3363684837409973,2.9820004583618913,3.5514533472772265,3.686574538729707e-11
1.1072268264483949,1.1402466723274092,4.433036529860733,4.287646726804762e-12
3.3890241753051855,4.283441270547131,3.4665322218464882,8.062378876679347e-11
2.5197887083035084,1.2327003700506007,1.7326308762611276,6.905509947352864e-11
3.21055217496032,1.3555951366072638,3.3384513438512005,2.6061885621272004e-11
3.2608087989124126,1.0836273602179078,1.3743416878513823,1.248538843079753e-10
3.534727195987009,2.092504887155309,4.596837164936629,2.336094166180813e-11
3.3802919857198344,4.227655172243319,3.5551608740324965,7.546080947636768e-11
2.867002169729897,3.145238317950341,3.037494811334592,6.522839499252721e-11
4.4268900771708015,1.9352640237443128,3.204011498309569,5.5697670530968493e-11
1.157412504769026,2.6426419628281272,4.639789120796769,9.482355099711797e-12
1.7517748281188563,3.814863283130575,4.106548012657356,2.644780611494084e-11
4.074118819420844,1.8491398988102499,3.7258546326874074,3.621911626972807e-11
2.1326779375393317,2.083510269461966,1.6156385914301152,1.1361055656944493e-10
4.630615904594575,4.932645096094198,2.5951596857065953,2.2634799839116686e-10
2.2374203072017784,4.463239043943311,4.866942709649162,2.8136589682606254e-11
3.1568223584554866,3.9849576689687765,2.4569982982450225,1.3907540943760427e-10
2.425809573238985,1.3093212918459725,2.7577952125683676,2.787180607183718e-11
3.4370816917732347,3.063545679437596,4.272628081056801,3.849552404803641e-11
2.843432437408473,1.921309262712143,2.4952957508847264,5.855747453056122e-11
2.4602233160638964,4.829593994141034,2.0879519056166957,1.8189902599450567e-10
1.1568152287998372,4.862369236260019,3.603014988898026,2.8917849748109892e-11
4.233312236104732,2.7088996802418768,3.590032460474062,5.938307399318876e-11
4.497998435664051,4.800139480992984,4.754060433717662,6.375730674172195e-11
4.869666132080024,3.7614165882058717,1.8912699376624893,3.417667320838336e-10
3.9604514027889097,3.096488869340806,1.5278075574244618,3.5064133101241336e-10
4.196021870406958,2.4155465039829878,3.013284320704373,7.45004892512391e-11
1.352717255084411,2.384087097670978,1.21202840135583,1.465175864839735e-10
1.0663915421297596,4.0551316949023,3.3974922716700764,2.500292983703508e-11
4.771642738414746,4.317861690061772,3.307709936574229,1.256805328081454e-10
1.768712903834884,2.7909630426866117,1.14342103357746,2.519911441514507e-10
2.478768149690607,1.4862793468707132,3.2204012453009923,2.3708418271520934e-11
2.5618618295333673,4.105560269876703,3.7690637323062726,4.941370008877512e-11
1.6618387363428062,4.886410483861507,4.288873584707487,2.946310654706041e-11
2.653245614923061,4.724635366929352,2.2400482812803566,1.6673132285481734e-10
2.537761608557503,1.2983034378044853,3.884120522580201,1.457564685957299e-11
4.535296011337479,4.509510149619554,1.2170249880873216,9.215570342898451e-10
3.5193890115576454,2.816423013576591,1.649117530764261,2.4324736450811913e-10
4.654438157283627,4.874835174373851,1.3558796059600349,8.237039446116024e-10
1.6754944867483874,2.092900527181072,3.1431018983956625,2.3689771455832118e-11
1.5793248743542807,3.380084755727377,3.135330882001169,3.624253007414632e-11
1.381115078221447,4.34192200416271,4.411253059759296,2.056715123500862e-11
1.5605121658519123,2.435705638864734,3.978583451468271,1.6025855365661846e-11
4.436235319805787,3.3445651342297515,3.2036587818808044,9.648236230290964e-11
1.8678305025542317,4.54357698458255,1.1185319681357129,4.527148648709921e-10
4.294399772453904,4.419862929083633,2.658513061934195,1.7923378557340033e-10
4.897288821862887,2.403103660122659,3.5576030989460565,6.205823725214046e-11
4.8985042822653595,2.282797256061175,1.1471146903055,5.671570738796845e-10
4.89968452065369,1.9264640449350012,4.172588131048529,3.6182968254178726e-11
2.469972399191326,4.840867258553019,2.126858524395326,1.7641043552143164e-10
1.3573673972912235,3.046822206598648,3.9339039381612486,1.7835415317610565e-11
3.491642642881603,1.273543983846026,3.80215101278715,2.0529161706117414e-11
3.6782071737626083,4.398914423593432,2.405591279150264,1.86605406066053e-10
4.0858792025789334,3.0607182804777686,1.3046627253162573,4.903414119059616e-10
1.6816707093084435,2.699933981188429,4.358076496394056,1.5954772244754328e-11
2.378409610669881,4.410147966785411,4.496731107051273,3.462040762649979e-11
3.3678017836729244,1.2549923558282314,4.779451661076749,1.2348598160994022e-11
1.518075765738689,2.2718156399288483,2.5695457867943787,3.486101382787231e-11
2.655162841276943,4.8710677961783935,4.8368279192256605,3.6896083177122734e-11
4.267690694604612,4.652613993337029,2.7325291721379865,1.7747882572142392e-10
1.8698528897568196,2.6278949235348614,3.9207372063610304,2.13336993370537e-11
4.279137456986964,3.0501588801496418,1.6321602176978964,3.2699365476357293e-10
3.007741412089606,2.059099750832173,4.422416044643838,2.1134155076068036e-11
4.573421283767713,4.271117431909079,3.8592547164834383,8.75310293957493e-11
4.797927890490345,4.6675480352561385,1.5576479961967067,6.160132781642905e-10
1.488591945533968,4.301331892629342,4.080621447810428,2.56632825497959e-11
3.6680996426153802,1.8795942424792846,4.758972480785065,2.0317255684409933e-11
4.484308972601136,2.6490510057789036,4.337355150146131,4.2142673375615777e-11
2.6118373204287653,4.623634528983583,3.760445482635163,5.69950619694344e-11
3.857359146266288,3.39048764107992,2.000069286462211,2.181967928873908e-10
1.1254229954020607,2.330974311958797,3.7989315923226803,1.2131556579146767e-11
4.934994991787789,4.574992508719594,3.235757138258455,1.4391679209098078e-10
1.2979324734997943,4.2484305056270495,4.311506879645634,1.979742254185171e-11
4.419184168746751,1.7319154714848892,2.6493619618956945,7.277335578894878e-11
4.20069833355363,3.960835090167762,3.3414731493520464,9.945314156730545e-11
4.0749175973940375,4.693697846962596,3.0756547765792037,1.3494133055387244e-10
2.2589334249000426,1.841634315702057,3.405651299065176,2.3938265238906647e-11
2.5415056926804063,2.693002753727016,2.1569628220869395,9.818129757692908e-11
2.969568562493285,1.5151302702854381,4.7506098395909095,1.3305487957560022e-11
4.081968081893361,3.8548246805026456,4.984374224858733,4.227067224881188e-11
2.1185463826757207,4.002710614043716,1.9361148708186988,1.5097885607509455e-10
4.2287037205374745,4.062408333010627,4.227158227084484,6.41623151467895e-11
4.421992899226501,4.5449907857909455,1.4084385909902064,6.761785938572729e-10
3.733295840078275,3.0209985455926165,4.093105274095279,4.4928642350802876e-11
4.373912349239763,3.104202074502762,1.1980882926454517,6.312895700356717e-10
2.0897960787762617,2.182068698661877,3.385081656225436,2.655952067802884e-11
1.7230328802267731,3.4073404312094455,3.7283855918192947,2.8187311308727916e-11
4.732780475314874,4.787588595268775,3.91823122481189,9.850068807634314e-11
2.86479932668421,1.9835195364626834,4.104420892858576,2.2511949783378936e-11
1.727562080922025,3.3642879461150863,3.204557287614885,3.777260569797703e-11
1.6894558328008227,4.725934815082573,4.821519774091956,2.29220189647972e-11
1.0016853953726628,1.8361050443139266,3.2713415894814846,1.146999630142233e-11
2.7770440091470125,4.615613016846265,4.287236720186253,4.654182689029362e-11
4.098151371911244,1.1567552270582557,1.7823391877120196,9.959440856072025e-11
3.8221540756415022,1.5254741258114906,4.623248403583057,1.8205590981789824e-11
4.796588853806364,3.7362464012470213,2.6206480420550657,1.741553455780771e-10
3.3335230070339255,2.5467761989378324,4.780466560972693,2.479361609485088e-11
1.1949600701567702,4.3432963411317385,4.061294762784081,2.100051937902835e-11
4.6810283619041435,3.324076296457668,3.9806068203182945,6.553901238828927e-11
1.4241693713720647,2.478137307263128,4.58273464759375,1.121563293513977e-11
1.2595940621954407,3.695982606749405,3.5448476935965383,2.472586907769482e-11
2.645177917815008,2.136503046289766,2.0988477712142295,8.562147916263855e-11
2.0265880050477696,1.4293502580084674,2.917254935238408,2.2716507791451903e-11
1.3834441000729423,1.6858290963635065,3.043751807443825,1.6801300141727815e-11
4.074198085479601,3.3166890531227087,4.294743011402977,4.8894356724468716e-11
3.593887034152961,4.153921817481811,2.8308699046882646,1.2432804930492434e-10
3.130217896056495,4.757033431647281,3.3767068784493097,8.715860105430725e-11
1.9974924337823827,1.0774004671174189,1.1686063007568208,1.0517488786280919e-10
3.720320435857783,1.3790876540199384,1.2955788016792882,2.0400027543660162e-10
3.5409190418498846,4.670514562583483,3.173135285293937,1.0961998877866996e-10
4.202266290768728,1.9825779522722469,2.1156644065305237,1.2422427898004135e-10
1.5222179723822604,4.192161200383575,4.316726557650728,2.2855564028507808e-11
1.133205797212757,2.1978733620413053,4.229306333478983,9.293073454275213e-12
3.470652672395691,4.296859463562889,4.096410386059123,5.931186610376273e-11
2.30753032267488,1.4726439719036364,2.852754113160801,2.7867801124293552e-11
2.4616488886730963,3.9890533596124116,4.506491856350495,3.2270446564755794e-11
2.3754208187116004,1.4236844587483573,1.161259384056955,1.673717017721316e-10
1.0252817105751273,2.848426540630987,2.1773291137361506,4.1113672960171656e-11
2.941848519305309,4.507158142250196,3.8961501324794714,5.829589016380954e-11
1.3840845721491077,3.1212242614118533,2.881733473163386,3.4718917977541516e-11
1.688306035736645,1.3518083582190035,3.6131602242724754,1.1667506768787382e-11
4.408568550242925,2.2514590523219464,2.079077468832632,1.5325212647934645e-10
4.2624398234681316,1.1178219631070752,1.6054123176978559,1.2337975963864693e-10
1.4119257101594203,3.133890227071383,4.608652531654171,1.3903812332653577e-11
4.37162822353964,3.1230490086259857,2.7180636728757843,1.2333574755707912e-10
3.8346081779583594,1.8675415202997887,1.6176045128346095,1.826555037475524e-10
3.7083423968427685,2.1424102108605876,2.3301873448408172,9.765331251897178e-11
3.294210240597788,3.059601582903331,1.2756822763154645,4.1334943542818435e-10
3.861903600362165,2.709375069477974,3.5554803527438303,5.524082999513128e-11
2.2828600016800027,3.9675656842996383,2.4895874338049504,9.752924002626285e-11
4.04588404747494,2.0426909633080355,3.2690195526815784,5.1613970059725633e-11
4.394910774752518,1.6682819987503605,2.252679312717048,9.642884988617931e-11
2.129865306498991,4.248909992091469,4.445707296835311,3.055864840826831e-11
2.7998006222158214,4.253290141956811,1.9116232945069407,2.1748719365959076e-10
3.3957358234548063,3.8027616255666716,4.143043402115876,5.020884550693401e-11
4.398875445986503,1.8338706327648615,3.5624139098366605,4.242362815752449e-11
4.773146915059421,1.1365612980148558,2.8806960316906243,4.363038034970948e-11
4.746278437655823,4.814377671113313,3.23237784966076,1.4596049470903507e-10
2.787288562008152,4.845457856750169,4.656026332806503,4.157881424653557e-11
1.136330952805444,1.4082440008182413,3.102655247913439,1.109435109835303e-11
4.695834286566024,4.596254844186361,3.3926891857957746,1.251454074024474e-10
1.817638294892293,2.6706993148056184,3.818194990098936,2.2222988137843828e-11
1.0593863137848922,3.036444681553023,4.87321145267272,9.04014552010032e-12
4.0544786063241665,4.284981629360962,3.847119838488066,7.834273880754912e-11
2.996102884618686,1.3518159068655247,1.6235213933645172,1.0255207355625162e-10
4.6486997154673935,3.139636766512389,4.161325287830616,5.625145637294636e-11
3.5658418940811507,4.359736954249068,1.033099664288657,9.721295202240218e-10
2.8160578378404466,3.5916742438433413,2.3203673216676406,1.2537508252245542e-10
3.3544829002857006,4.351360917120257,2.165218581751765,2.0779418999126825e-10
2.831540256230089,3.307678825659229,4.2629528859717265,3.4396258969773015e-11
4.47130213220471,3.158755717585851,3.140393485499891,9.558024172917263e-11
1.1073400728001714,4.485771176074593,3.0395527254458163,3.5882688287045215e-11
4.887917067241114,4.0627237277551735,2.580157077481718,1.9908339083732555e-10
2.495688426335098,2.5648570155131187,2.360546254633533,7.666809935443293e-11
4.881337523323072,2.061373572142546,1.0663801297032878,5.905513358990525e-10
4.215492302726204,1.8042018482872537,4.059214218693995,3.080602645784812e-11
1.1792048369421884,1.39160522302133,2.8124557014793825,1.3845865961555444e-11
4.457878275109646,3.1688308114004284,2.1014120527965034,2.1349662914984423e-10
2.8101960732392617,4.707997456398349,1.181339714021191,6.327169018709028e-10
2.8046700677392775,3.8747102458449687,1.5013004033954935,3.217896048657968e-10
3.0386628270108127,4.185116143350868,3.268886087457019,7.942855406684031e-11
1.9946268332932537,3.47595013792364,3.0932295665537732,4.836120260852171e-11
1.5163004745280215,2.1656550394963534,2.9939913144179657,2.4448920104892218e-11
4.117538704155942,1.684171313430804,4.878972581336963,1.9442558001230518e-11
1.053219318986402,3.2689082853392537,4.9655517305888,9.319073424477557e-12
2.886643459736749,3.223637493273665,1.8981287777540206,1.7237496825875677e-10
1.066735058017363,3.1916842665777794,2.7658256736260696,2.9703873463123366e-11
3.3147907149630726,4.884101272263799,2.185333802126948,2.2625147011708943e-10
2.853781191949266,4.068353279802849,3.44465056312413,6.530330893269821e-11
4.703278451001509,1.6928896298645268,3.0817917548076665,5.59511426799979e-11
3.2352099868132744,2.9497822424257336,2.1877063304734405,1.330762599493638e-10
4.812789808694796,2.809333135762424,3.321608337119328,8.178798245195031e-11
2.130119779576852,2.306418641500633,3.5820554887807354,2.5554285864208467e-11
3.065400942959762,4.421816892567314,1.1093976672723356,7.350209990391593e-10
1.1209657491019742,4.1005644944598085,2.915662491999892,3.6086743468157823e-11
1.5308127238713083,2.2656777772416974,3.997939801053831,1.4482178954801803e-11
3.32176980096806,2.645541649066608,1.8064780018504991,1.797235478116325e-10
2.3036391709979886,1.0247384650403664,4.837801628453569,6.731588853190204e-12
2.5671374092567594,4.241312104023001,3.3483189369265287,6.481595309123706e-11
4.403911598177261,3.72156198076244,4.208282774520823,6.17646837939845e-11
4.288044044487858,2.6710893866137626,4.3544368170478345,4.031529805632811e-11
2.2850578799875225,1.430253121049188,1.0878984320018432,1.8429757041572392e-10
2.220732444626379,2.7618565975321054,4.6907994645365125,1.8603293217383873e-11
4.128781204716553,3.469828128473611,1.8415364445593605,2.8193915807715564e-10
2.112378435910889,4.784568699670219,3.468134817043504,5.608010001912074e-11
4.6785416786355984,2.5816067802438023,1.6775961920282731,2.8642566808374864e-10
2.7119367349871535,1.3026449082318678,2.3763980121753057,4.174970793374173e-11
2.9845400498280514,1.2868455191717518,3.9532830735373072,1.6401146283469127e-11
2.1588996977496846,4.349784343274321,3.6938910570888406,4.593230373854738e-11
4.519542935849116,2.2761632894077897,4.426593729888474,3.5038443424349576e-11
1.7953240057308721,4.920967813470892,4.555113874782622,2.8417187167450732e-11
3.7088660920202208,4.408559033096619,2.835437909972159,1.3573246404343275e-10
2.7854999250020516,3.229954358165098,3.125774709723652,6.145686362619358e-11
2.3472049848265994,3.830847818305058,3.8897076077997763,3.966415516248394e-11
2.627530841287371,2.820936609511338,2.0714334130826453,1.1528834295600423e-10
1.9426004190369515,3.4491715183417857,3.2885015740456462,4.135122345384606e-11
2.8347549072135787,1.0243232298362464,4.316664543970007,1.0400210743747424e-11
1.2263042457201045,2.989198126261146,2.334981310542882,4.487167877493333e-11
2.8674539915093082,4.454995373628515,3.7377777651649713,6.102432236961215e-11
4.405565446754544,4.069077757225633,2.481574639702012,1.9428047834622922e-10
4.885226798160042,1.401098822272651,2.17596655684283,9.647954987275359e-11
3.250812164076953,4.057824397765221,4.442125687364934,4.461589839982181e-11
4.105923039559794,3.7793816040750334,2.147639406173533,2.2454067498620923e-10
1.6628879464191773,3.3581485314256807,1.796483790566112,1.1547885864523235e-10
2.7988204194269284,3.034528932560027,2.3025755973561983,1.0691157394650421e-10
1.9337861078547918,4.262116710392845,4.039420905409297,3.371178578749626e-11
1.3548802466181877,1.5581281052408467,4.383493514086959,7.332457225083333e-12
4.5842365152989615,3.0471337206854723,3.5094796315145134,7.569362066148513e-11
2.727744989886549,2.469294674246291,4.615125001843021,2.1105514897363053e-11
4.741307046128398,2.8914882270824283,4.604571407838888,4.3154619023315725e-11
3.2738382711009804,4.4443860004722255,1.4290967581287881,4.754796413545157e-10
2.8271892840759243,1.22790928464262,3.303726844126791,2.1227512595916138e-11
2.605069292440983,2.1489872868009083,1.53745844436903,1.5806384997715255e-10
2.634659757506168,2.7347012414023566,4.291366628009666,2.6111353774236627e-11
3.2320463562745942,4.328835381610087,3.177447655742625,9.248643605873924e-11
4.949720715259731,1.7815006642339104,3.551503814143536,4.66582359427587e-11
3.8978108579550144,1.4070159554680455,2.9029064339703115,4.3435008399112876e-11
2.2820287571159374,4.988735844545909,4.002676102122665,4.742386297909021e-11
4.342167542782825,1.3958091865697266,1.083274051476422,3.447006884676707e-10
3.811925516776477,4.677104084463011,3.224337386052043,1.1445286947087451e-10
3.4025523977766876,2.7610773934999417,3.528798308569742,5.035190789429422e-11
4.185065086064576,2.1880712576557686,4.788987881915734,2.6647864044295797e-11
2.4172943201671337,4.489337784035582,1.824434239633236,2.1759133119521733e-10
3.1753789528419354,3.838749917863334,1.000808038373541,8.122131461504598e-10
2.12129883369915,4.233117116305884,3.1686752514913925,5.968880386170509e-11
3.452340052103599,4.872875003982985,2.0198815529053684,2.751903715032915e-10
3.1903644870733916,4.847981799633128,1.9470479756997818,2.72291559894374e-10
3.134356100663045,1.9411300625832544,2.194472852902451,8.431964095311218e-11
4.888615916818459,3.695745893420649,2.36432927061385,2.1570405281728562e-10
4.951625566070021,4.90022677457521,2.8314720449463575,2.0198802439289811e-10
3.811794383042231,3.56494549531618,4.02716824899569,5.592023837652182e-11
2.09189122901925,3.914809113150289,2.0531863784078923,1.2965197693551818e-10
2.2356260810187547,3.7723195480565015,4.358177439673931,2.963357360007836e-11
1.7462427493202317,1.6283918634421894,4.145422405351695,1.1043637966772995e-11
4.712592397274842,2.2025806046621814,3.265676445551433,6.495784126364855e-11
3.275633997328979,1.2525289143619731,4.086446834924088,1.63974995010056e-11
3.0572908918088992,2.932339068592115,1.1519775105224048,4.5086772743985226e-10
2.0402483380476912,4.366094757619541,2.984789794890595,6.673211502954707e-11
2.259520899152628,1.9303378670064655,4.095984708598559,1.7350789538050784e-11
2.4486709565414264,1.03516671018762,2.935467963035817,1.9632347818002044e-11
3.3281420381512516,2.2809762266137628,1.9471345192815614,1.3363397957665708e-10
3.6663902178626304,4.733876160299928,2.991162753799448,1.2946777717125068e-10
3.783770536811472,2.4929058470628056,1.2647139570695298,3.9357929820433894e-10
2.9500322840014723,1.1026718504772375,1.8770145669506606,6.162032332983323e-11
2.1342675815494103,1.6694457224542654,1.3106525360137118,1.3843064084234504e-10
3.9322415140439273,1.4156077332952375,2.6001226158415442,5.495176613480025e-11
3.380723830247194,2.2063969546638145,2.812102374110927,6.295312487182361e-11
1.0198587682010145,1.0751639063135672,1.9860741903096586,1.8552821989142473e-11
4.815218155904031,1.7072990252583131,4.275458544731228,3.001555395140845e-11
1.6899281463394038,4.110228276101005,1.1897347167033936,3.2750664427385705e-10
4.320884006305775,3.2848766550866975,2.42459377017766,1.6113871908543984e-10
4.326410343923846,1.8037111658853755,2.8005921633323836,6.640200085589707e-11
3.538002233915858,2.845227614203768,2.258177241266559,1.317483752051335e-10
3.160265608874108,4.047301696106977,1.4956522903983336,3.8160502562612786e-10
2.302319344202469,3.1561549156854256,1.9639886245365155,1.2572803863736562e-10
3.512625443785654,3.96939404538199,1.8010777612074764,2.8686484647350786e-10
3.2379687294373114,3.675935797945986,4.2296093426783195,4.440442562351238e-11
4.994638560690129,1.0407012343083264,2.35817379777902,6.238277916109236e-11
4.098062579503274,2.4725394126465643,3.2464019613561117,6.416577250986316e-11
1.6867662198817204,2.866023481785625,3.575654799496765,2.5235369759029054e-11
4.928621633762026,4.197577211593202,1.5008381235695727,6.129748681986584e-10
2.5536030732363737,2.0646277586339874,3.905569042357071,2.3068147382760242e-11
3.161376595273083,4.837551382763518,2.4817091073537836,1.6572433236028386e-10
4.21704049866764,2.438438153619895,2.2829777014963724,1.3167471283101837e-10
3.180550634446478,1.7622617018431481,3.7344766722779483,2.6822510099140248e-11
4.394319089774005,2.161303725391788,1.9167008651165243,1.7253806226841785e-10
3.968914217220801,3.3979234194990036,3.6693201263347004,6.684982817946671e-11
4.5737405085819525,1.8732420378935077,4.07735140967649,3.439500150252648e-11
2.754717854531154,1.879312105121373,1.7032688446517974,1.190956316624467e-10
4.5617121206936115,4.440132529218321,3.653231559422492,1.0128744320776843e-10
3.938693371707359,3.682283027626591,1.11667957968761,7.762442422616661e-10
4.368366796919561,2.4943208396667216,4.464927878154576,3.6477806790102745e-11
1.4496206458549583,2.4924927633368146,4.703453575658617,1.0900357719818419e-11
1.5413725999917371,4.586068641325699,1.04037895320287,4.358642726623582e-10
2.468533970641394,2.195176206944383,3.706653400610307,2.632271859125397e-11
3.9556091010335495,1.4991373425937127,4.076036626724189,2.3821265871369313e-11
3.523211332847206,3.8103239464799237,4.41443677199039,4.597653048475475e-11
2.0191166619414656,2.289382356759899,2.304198271701234,5.810670559381557e-11
2.436825287951874,3.5085886273623426,2.261001204990692,1.1161985626214837e-10
2.4668392210776067,2.283428874200168,3.7552299127316964,2.665885375324807e-11
4.0650073309068055,1.8797974405970117,3.113652557136645,5.260394205564215e-11
3.281391660334926,4.427651488760542,1.3055132658151778,5.689251374003862e-10
2.950246894064547,4.4223963240661845,4.122828659448707,5.122850143427867e-11
1.1279030376759485,2.3389400622298897,1.7011362650330772,6.084135186331782e-11
1.3858194646856332,2.8153085689298805,4.179162921819954,1.4908716526801158e-11
2.617136083288648,2.1239054265005226,1.3048714031964121,2.1787743564948878e-10
2.6597186716580494,1.4083388373657644,3.7499230926808633,1.7778058813000888e-11
2.602456596943343,4.397165749305877,1.3093396737183434,4.4548991724142667e-10
2.394690187394507,2.0214023891616666,3.244475362728654,3.0690173972764383e-11
1.3857823237618714,4.6934860937093,2.812778716521782,5.4866293293143936e-11
1.8206174470650516,4.0631709808418925,2.507611438199747,7.851443619062395e-11
3.932943302956272,3.87699648868451,1.4477493915227706,4.855260247399514e-10
4.066077759977249,2.691300119875539,2.00306418947247,1.8202635784366692e-10
4.619061961155718,4.66947235477266,4.090889854377226,8.601461028533222e-11
1.6826980854468871,3.0576854611988318,4.749784886620116,1.5220794715499035e-11
1.6809146216638955,3.546434247935332,3.707000598245487,2.895199248380003e-11
4.086513190708212,3.833807772901893,3.114437185505675,1.0779789709785836e-10
4.106097564857002,3.0095811146864992,1.5268804932200397,3.537622000967557e-10
3.8236568302051603,3.809498791357845,3.9099638689579286,6.358980040742803e-11
4.0460539161929425,2.347714792310128,3.0377305051843595,6.870126273503277e-11
3.6380499332022582,2.5451784113379623,3.0107062974011645,6.817675192990454e-11
2.0553968901524917,2.8317881413384005,1.3182426724323948,2.2353828993261714e-10
2.984453081957148,2.309709331361484,4.300789138910771,2.4872073160075167e-11
2.9341960508517353,3.4803745786638935,4.23204125603665,3.805410681266131e-11
3.226949930035239,2.110867512931742,3.2515768881504017,4.299830631238735e-11
3.7685365207600974,4.3237313583938555,2.443767605766582,1.820949182895062e-10
1.4480956969165906,4.835227495320611,4.95674882817913,1.9019826563738847e-11
3.2526960918708356,4.2777697042168255,3.776184962898555,6.512392591826694e-11
4.789536257464336,2.6608764562151217,3.910164273547526,5.563068041284041e-11
3.5472862546259427,1.1878952200456152,2.3483788898776314,5.099460565029778e-11
1.8990521481072848,4.859575636536974,2.9023269398162883,7.311875246616635e-11
4.491663396270813,4.264955735160402,3.918694640809321,8.325783000123355e-11
1.315262007514622,2.9896646772556905,3.265468297250862,2.4611042726973152e-11
2.9400934592832244,3.6226588507145534,2.126345231538925,1.572197933523265e-10
1.7760274721955431,1.9210744620783822,4.341769386893718,1.2079433742771047e-11
3.9784887143694174,3.1518827273684744,1.8958574737332747,2.328429072035559e-10
1.9260733505016452,4.902629143178119,2.745972945569757,8.357868984319731e-11
2.6407378639379564,3.5337500697125295,2.0386472056849367,1.4985221697263447e-10
4.380392980451385,1.163955568154397,2.5665421565407183,5.1658153049726337e-11
1.3108946026160315,3.7121580767565097,3.7419299015290988,2.319472054360402e-11
2.011694829797764,2.2871101210977027,1.1753267122510578,2.222890984442032e-10
2.185456909356007,2.463655818541125,1.950064313147299,9.449538879209914e-11
4.96349592391929,3.67920179033408,3.663759433575775,9.07974350854068e-11
3.3683697408633027,1.1844714633610849,3.7919652946416273,1.8518331486553217e-11
3.6058022269122385,4.016463921636325,3.8690573356975912,6.456864073371574e-11
4.285512077382126,4.329393398941034,4.687761022555785,5.634884894174277e-11
3.1379237043425836,2.2091881480561733,2.3437575851707524,8.422400822747124e-11
3.341666233612946,3.8377394966526133,3.820614362682644,5.86351926532763e-11
1.7440771275337248,3.471888456912099,2.5539667430068342,6.195654301448697e-11
2.1236012558741746,4.321958341535726,4.50795917472937,3.014253707107281e-11
2.337227351360627,4.385320043703604,1.4947198013061227,3.061744035852388e-10
4.592912773866981,2.7569541461452163,1.2962377720726899,5.02961332344722e-10
2.6576397017248503,4.063614570655128,2.8736376825000174,8.728322694263147e-11
1.8384381936777978,4.797862898734071,3.8846171637548665,3.901095844487065e-11
2.483625767332817,1.5806778303964224,4.6610266939795695,1.206014532580408e-11
1.7047205094309184,4.6585254184469616,2.96601032433292,6.024798703337225e-11
1.5370813020933354,2.0064164421481205,2.314791013382405,3.841320506703456e-11
3.6425897220836685,4.694159587475616,4.711881625448944,5.140028981905288e-11
4.971442754170068,4.105288855169759,1.0403006095177592,1.2586200898043266e-09
2.3165477081541583,1.6397118036941372,1.5558898581201452,1.0472184238560861e-10
1.2263816784362307,4.404254024564038,2.4148681519617066,6.181549738604459e-11
1.1982129546613867,2.1545383365247215,3.72591517558643,1.2411049624416867e-11
1.7376137961525764,3.3362019556788436,4.612151967028581,1.8187984437702085e-11
4.1742609412321015,1.564785712872756,1.5461247665427935,1.8236084451948566e-10
1.8859581809007935,1.5984108876682552,4.8983856456454475,8.384955119832067e-12
4.576941457478901,4.94064051919513,2.8409168320955143,1.8699404479284137e-10
1.2531040041379797,3.3129694444140307,1.2047318293316236,1.909017814290302e-10
3.2702758461045343,3.2156028726681005,2.229879445541172,1.4114653734733625e-10
1.3831283266555587,1.5539084381103252,3.4698029870997895,1.1914188583374924e-11
2.641133632089997,1.8354552723888813,4.887386486554817,1.3544625958357134e-11
2.6682906743311556,1.9628514622196125,3.2606168419958834,3.287814008662441e-11
3.347671450362026,1.0830721303312338,4.372606261844311,1.2656268123927253e-11
1.6492548061445547,2.28525459092602,4.708101438317269,1.134793731263365e-11
1.9523250506668006,3.1748004545399224,1.6286980780059075,1.5594576860754157e-10
2.3845690386187437,3.496386619400338,3.8791935134503563,3.697708424897167e-11
1.3537313106692688,2.634727369263342,3.2966361133836024,2.190344040151232e-11
3.8370520613994596,3.81513431658985,2.7970103890883316,1.2488364542444391e-10
1.3494406989181922,3.9535558988248782,3.93052193098645,2.304769205060705e-11
1.9018393233861515,2.012816845797869,4.278464648988505,1.3956881390187288e-11
3.9533221882325544,4.88128339005182,3.702294515609563,9.395945886000884e-11
2.229712731569802,2.1901851816740456,1.6879041305543425,1.143985185286943e-10
1.5186442038412293,1.136710538870764,2.247138330932574,2.2815632352023344e-11
4.1486727394281875,3.6451072586196447,3.8379904500849173,6.851693268407358e-11
3.927828895292363,4.707909304794435,4.198600828095436,7.000961295269544e-11
2.9462678930519384,1.8310352866176536,1.6546818256064793,1.3150012196388337e-10
2.9501173330717156,3.8633951843894074,4.8412378456657095,3.2455012920627775e-11
4.253534691797491,3.264578289161677,2.0152559245134114,2.2819328295264541e-10
3.9782945244803805,2.24144618011131,1.7269048778663212,1.9956051557115692e-10
3.130761857407241,2.3511552804713607,1.2403288804220516,3.193330263740173e-10
4.970340108040453,4.623916082114391,1.7373171902335574,5.081875482080369e-10
4.137921631843184,3.37461105259607,4.378641592429069,4.8608631240484254e-11
2.1533634373169184,4.035929204222738,4.1660646566574435,3.341912424127627e-11
1.4248289052156413,1.8545710883457147,3.8738870035435737,1.17516407614129e-11
4.909288251143861,1.7800693056156383,2.6824941448031736,8.10520644612672e-11
2.1759225882771758,2.9694507041536053,2.542250778163739,6.672198911586915e-11
3.241802087630936,4.256819023710054,3.064856259277024,9.804775736765077e-11
3.0619735281781457,3.2115046526852487,4.206041214299487,3.709788423930566e-11
3.341249004797017,3.5762790402310274,2.886329396025521,9.572704594056236e-11
1.0189332695877704,3.515868005643054,2.4323904514550345,4.041084461151336e-11
4.506114718663545,4.1416679285339395,2.1065604160476674,2.806828534382785e-10
1.8556166641619547,4.511906432902172,2.6253462213026544,8.107022560919546e-11
1.859710829703479,4.8579921370589325,2.277582434838777,1.1623588333918887e-10
4.655372706071893,1.8305735197428805,3.460733102524558,4.7488846416407155e-11
2.3565806502159377,1.1599418041734593,2.2999784363098574,3.448714014031082e-11
3.223882356689842,2.66885300363945,1.236009456636448,3.758776084240499e-10
2.8679769547364424,2.937979793045276,2.203306023249581,1.1584065931328638e-10
3.3875004206840718,4.395956825746463,1.681881318948605,3.5134055659674726e-10
1.5670238720185723,2.3890246459395064,4.216357972879898,1.4054244135814528e-11
1.3282482757949672,1.8663091855716893,4.776886515161799,7.250353957047869e-12
4.230959969926939,4.520268550981996,4.607340307775136,6.012966347144542e-11
4.009019897038126,4.732258678189787,1.5975868915428273,4.960939303104789e-10
1.6020869803482904,2.835420495553002,3.838676419332121,2.0574380053193295e-11
2.4309766029984474,3.109700735548782,4.950919623327991,2.05832441820458e-11
1.8745160089487203,1.403417801379585,4.564872839164017,8.425680150228056e-12
4.011327484143457,3.3943928471354807,3.1443911307779855,9.191011295557949e-11
3.290188268642975,1.9694251184600566,3.2723826488252006,4.038483028126928e-11
4.416484118602727,3.3490408948042174,4.386309201593911,5.130797096607778e-11
4.090839037676428,2.12563139224108,4.285673718640291,3.1597181267095444e-11
2.64055703223428,1.358826872626771,4.062385788325567,1.4510539274095346e-11
3.4274928117080785,4.339377328518876,3.358377090928391,8.800984439876913e-11
2.2070310946441305,3.996883194573275,4.52560213997801,2.8745069871617974e-11
3.1060922288527073,4.273723602719027,3.0978255935690613,9.23194170991262e-11
2.427892968704698,3.731475696128655,2.339768782434587,1.1044612226582952e-10
2.2544962952840772,3.455591726707424,1.9459218379589966,1.373116449845443e-10
4.306914870377197,3.434235897714729,2.5853699085974693,1.4768528795895874e-10
1.5617098146149924,2.3614936954346417,3.442076260881307,2.0774584965756313e-11
3.6036765956872228,3.689375992639274,1.209403118084491,6.066563684403705e-10
3.1201509587639964,3.2266608371421976,2.48220679063126,1.0905339942640678e-10
1.3689149449664968,4.151741440550607,3.9608657576657635,2.4177573889929696e-11
3.4292185532567263,4.413517384421683,2.1126975793749794,2.2630363986301738e-10
1.7819378905256547,2.115561792752927,2.2904636657900053,4.795762487103737e-11
3.6939002728885204,3.003455735116025,2.3302642356363683,1.3635851557207184e-10
1.9342963369430795,2.598408997906309,4.168287569100422,1.9306403418003926e-11
3.065259835966927,2.809255690407674,3.1791655354912454,5.686152234577022e-11
3.540275477165347,2.9107345229672412,4.06821189139022,4.1554563640857454e-11
3.7282422727042146,4.524419096940747,3.3117255958749996,1.0264657577839001e-10
4.44783287545064,1.2968291894969255,2.880137424610378,4.6407804098887546e-11
4.243244241595874,4.26264843806751,4.483733972380598,6.004599890885735e-11
1.3955513329003786,4.645268409174951,3.218959264037234,4.175532514703334e-11
2.2270700602972364,2.969312968582458,1.2843856898591306,2.67537793267629e-10
3.5112461633667036,4.860870879652662,4.84052173599884,4.8615775260162804e-11
3.447593957804074,2.7239299864176436,2.14256645031699,1.3653049146122906e-10
1.5833249227828272,1.558567591996968,4.9189451667051145,6.806720676888359e-12
2.9109392140506563,3.8299961526215154,1.1925471810970731,5.231985555492001e-10
4.17540083293591,1.1338545191024467,1.6326978826967684,1.1853048243955955e-10
1.0747391707944738,3.827925398877538,3.539223845788202,2.1919804818178035e-11
1.0772335767285344,4.715521935195969,1.1914279635861043,2.388307680406599e-10
2.0742395782569467,2.86494368148612,2.1553017631965194,8.537781571688087e-11
4.175840246906228,1.1634964134929984,3.9418072322463615,2.086913089127816e-11
4.246382947661574,2.805894108975965,2.8290761899831804,9.935445593848418e-11
3.6340037176542634,1.9831388404991759,3.604463673382281,3.7020594111862444e-11
1.4226189780343983,4.369716698547585,3.048388035667066,4.464651707383129e-11
3.741000371906768,4.958455388463532,4.277822896275374,6.765108443421258e-11
3.773531561627469,2.411519443484763,3.683562814530414,4.475986795972007e-11
2.619561570351131,2.2516840120781074,2.819090229129908,4.953410317482114e-11
2.070782815209158,3.107791034039903,3.3392254530266134,3.8519538901110544e-11
4.563194460551625,3.3293864246760774,2.0164960226556348,2.493587681705772e-10
1.689994664120662,3.9747563847032867,3.3488711161954217,3.997469730872031e-11
3.2850236411048375,1.9049170251415135,1.9691976627379217,1.0770159666921428e-10
1.8938717528748907,1.0418529276361688,1.2608068251116111,8.284114313097039e-11
2.9228129337730433,2.553451246229751,3.7493441627511115,3.543269437669627e-11
1.6542906130527477,2.3254883039043754,3.931921000300295,1.6607436494294982e-11
4.581143798300856,1.5115616013004907,3.9464720912546567,2.967344062386284e-11
3.515337906330357,4.194500138305336,2.0005651485495335,2.4588276887918425e-10
4.0437111488507576,2.8764835607388415,1.9732691520103751,1.993680544592381e-10
2.6637222756513284,2.537633852780564,2.1186284542382268,1.0050658170798203e-10
3.9365704972080278,2.879055968785718,2.475451888435642,1.2343700144021612e-10
3.1314429607394323,4.562768363901435,1.0949138162669643,7.954250381729956e-10
4.678702647559086,3.08433594233201,1.0896733207188962,8.11111737558662e-10
2.339350530328598,4.263782857884953,3.5677862057215104,5.229726044132026e-11
2.799208631835086,4.950148394088428,3.137380163574712,9.395186306960148e-11
2.4370826643316357,4.267790048038551,4.744385179756499,3.083895319926244e-11
4.026127970962335,3.6231139166021924,2.0198778668256137,2.3861928808287295e-10
1.704160140885664,2.5673968964109704,4.41642223309557,1.4970918370808503e-11
3.294335807374193,4.9881241088986945,1.1698509158876145,8.013648346218291e-10
4.843567847826962,4.321347147082184,4.7596701539904585,6.166191833348119e-11
3.1120438852956873,3.0233724955387293,3.5732465855165128,4.918102752497896e-11
3.3485430910538456,3.347058664426701,2.997480110156999,8.325164022526841e-11
3.6167785888541437,4.634468062384955,2.201281566412142,2.3086432389689437e-10
4.2071873645391475,1.1842539445271414,4.282951853806537,1.812744144854395e-11
4.274539208956153,1.8938752186783128,1.025887391631151,5.13366451582599e-10
1.2418965420845423,4.566198541196698,2.4552646525400688,6.278122537900651e-11
3.9795670538211665,1.0172347049076853,2.8058229128005054,3.43180563316643e-11
1.6433843521865397,3.4590733036370085,1.5623856034546808,1.5542062758121688e-10
4.639985094118616,1.8581500555346033,4.0140240978648425,3.5712776804885664e-11
4.941962466901746,4.855615491508248,1.9261300415596518,4.316768148364656e-10
1.7246148256435543,4.082508542269522,3.589234335808884,3.647554521831908e-11
2.7935717817730246,4.470478354034057,4.679018880595814,3.8070662866632674e-11
2.314620770781431,3.573850998798233,1.4862282888373692,2.4993751266307406e-10
2.1453586822523514,1.7061313894912753,2.376444736526513,4.3255680528841047e-11
2.9462358663468295,3.385104223462883,4.6271137800732145,3.108890325300388e-11
3.738762657688486,1.156079953415468,3.243899039010357,2.7413678242089573e-11
1.3886604776908205,4.042230090296089,4.391478981364439,1.942592427065733e-11
3.0131978010651093,3.475475506612619,2.607398364678964,1.0280477778946462e-10
2.706423036103504,3.6306213356887134,4.942082953750075,2.6849906488129885e-11
1.0510929861592841,4.399576152318769,4.142227677098479,1.7987476824739797e-11
1.3625982307217752,3.46179527948723,2.4078963679488865,5.4297498390498596e-11
3.3371056184600985,2.8053626254751842,4.0507903243249865,3.8077255082146704e-11
3.0701388004634835,3.609694005883681,2.7252925805667862,9.958371715864774e-11
2.2775924115229875,4.4131963885322065,2.304119414441492,1.2635880120297124e-10
4.297127809379585,2.6758139892771764,3.893358613695571,5.06257624849345e-11
3.0639038149401863,4.135866373227078,2.182358369403571,1.7757249275471282e-10
2.252289997566704,3.9603335649820077,1.8351967673668694,1.7675715627778742e-10
3.013460840854897,2.6425250721778215,1.3556322806268106,2.891925279101737e-10
2.4225122688410843,4.435883064823979,2.79538761015695,9.178003199799495e-11
3.4632419091869866,2.728556723749128,3.337010310201955,5.66352628414261e-11
2.8171640522300283,4.744661909651181,3.5267531344527248,7.172218135533417e-11
3.5505043571424952,3.2352538305564877,4.984813979447695,3.085223992118508e-11
4.449312132251576,1.9387253033729093,2.07609790434775,1.3356716086323667e-10
4.115136766382344,4.124294922855725,2.344269303977524,2.0611290652321465e-10
2.032401021835037,4.132009849190873,4.668483599979059,2.5716110306314354e-11
1.798061511587369,3.6901791764228737,2.5281550679343088,6.928365397100823e-11
2.9041887769766204,4.513887889237364,1.6423322946808705,3.2436930305641346e-10
2.7165153586047692,3.186876852528649,3.574415678213521,4.522239261493696e-11
3.7394223644292697,1.8676394312771896,3.08165134652299,4.9081378806451105e-11
4.5085680612568915,1.4026662124240867,4.173704960947532,2.4229010445034314e-11
1.8077261949769028,4.870224859013959,3.843663578888829,3.9771972423249995e-11
4.603814717792018,1.4200068494596332,3.313760534950153,3.9733080362770464e-11
3.978273286438648,3.199208197347403,2.4451321910845425,1.4207531680351782e-10
3.359398655426905,4.316879132104039,1.1843324093756031,6.900338685899734e-10
4.804930987090621,3.915524954634475,1.395982159872314,6.443229733497633e-10
4.8588294425379415,3.91656120639929,1.7607422916195143,4.0966719019677255e-10
1.3638030907122816,2.473318386491847,3.0770869440720876,2.3775976540712687e-11
1.768601398181278,3.9872998939595603,2.3432785559684843,8.571310563373257e-11
4.234816680285335,2.9964842569640826,4.062343863154416,5.131914986790049e-11
2.2626075276949407,4.167091418277908,3.748598776125693,4.47806651487394e-11
4.358411656008109,3.3779264379663467,4.448179836595859,4.96592279150303e-11
4.986501461985782,1.4256651386493746,2.410758919357958,8.163795525038756e-11
4.154233888550191,1.302958983482183,4.183189884654125,2.0643946921121882e-11
1.6087369769200852,3.2570218458265794,2.8776042928667014,4.2230845127712844e-11
4.68733975188897,2.4849469476410144,1.1362331631830518,6.021363357517376e-10
2.029058961141329,3.857204150451259,3.446682876144331,4.396943062542203e-11
3.2213927809323772,4.512712535136565,1.3118679345486166,5.637509918232387e-10
4.812570592967553,2.4667990588560373,3.8600096947666684,5.3176567243510404e-11
3.6120131150283528,4.875912727800988,3.3259879345084,1.062551786339046e-10
3.522046361189401,1.757581968439582,3.8925217369380327,2.726683726049127e-11
3.991705755049322,1.6710511725635726,2.5909590942084453,6.631524204334464e-11
4.1963240663137125,2.402541074676062,4.375931590345706,3.513864378084931e-11
4.409812252900818,4.944872493284977,4.536871883762314,7.070471381969804e-11
3.382309644708996,4.4402919409884385,3.7873563473022727,6.987772430840217e-11
2.6811514880721647,4.384658243706163,3.868924329050336,5.241587408430996e-11
2.846882350436285,4.230974213717463,2.7954264303730745,1.0287265929946288e-10
1.61655701053449,2.2160568325141727,4.666189103271672,1.0980786594640242e-11
2.676677316205622,2.1041270541388633,2.764049044163926,4.919972686457308e-11
1.318964718468393,4.158921276341348,3.157944143829392,3.67105754562019e-11
1.402565215519128,4.592563850201019,3.2111380189981342,4.169140433748161e-11
2.370989981995007,3.0106028935299975,2.291768242593853,9.070432628678102e-11
4.22209774195853,2.7542208372577908,4.7439213967792,3.448563887416831e-11
4.356653360918745,3.867378509125891,2.740612465746128,1.4971338532107256e-10
3.61505967869102,1.6913341254638636,4.770036943814075,1.793443088642726e-11
1.3458530722618147,4.680519145586446,2.9934474256986405,4.6917472558543775e-11
1.2629705886804046,3.697513727840007,2.1498864971197955,6.743077799266893e-11
2.380380035732288,4.702231919279676,2.997509690888529,8.314102129345983e-11
2.2477927312109998,2.6005828977513574,4.724593710117048,1.747769805057395e-11
3.0268795714304892,3.307663833468872,2.4287298960872046,1.1327766069440653e-10
2.362473047694838,3.160597221214884,1.203736391815562,3.439215883601582e-10
3.6182963014041003,1.7186548857748094,3.8264151466856138,2.8346199122486134e-11
4.743960147335198,3.657009746333413,4.448939082464262,5.849792128282096e-11
3.6336880975872887,2.468354422206174,3.2097951460409373,5.8101418484853664e-11
3.789105014073605,1.3078165968064863,4.45146462168663,1.669028821402303e-11
4.96665950056761,1.2131455843294803,4.617066319872389,1.8863891313289885e-11
1.4310420310943264,4.143271098783136,3.4004642929264444,3.422200928926821e-11
3.352454896310776,1.6815490711098038,4.688465081062754,1.7115804599441566e-11
1.7946524622924276,2.1614692255413117,3.3889989148826696,2.254097817129265e-11
2.6643435022254156,3.6943303027234786,1.3237520371013285,3.7488568523072455e-10
4.0306369557438195,2.1142075665263635,1.3372259271976876,3.1805185339879546e-10
1.5560637121200553,2.77924160449972,4.921204412210413,1.1917826818486072e-11
1.807793842859545,4.525889061409714,2.0150809406179957,1.3447886001391426e-10
3.265268479684707,3.0804021693290338,1.7801372185697084,2.1183882463441153e-10
2.4210622489077065,3.0747662303231986,1.9929185202650372,1.2509074374001304e-10
4.621874863886562,1.4415773440286133,1.1932120007622995,3.1232525857299177e-10
3.826769039112112,4.797769032453454,1.9010162409040325,3.390674783991164e-10
4.129039626084835,2.925600476493984,4.086002661211997,4.828953026836394e-11
4.885663193942154,1.8457119765066623,4.027720165639849,3.7098391347338265e-11
3.411855331584836,4.7600248617261185,2.7859363233772454,1.396508745923135e-10
3.451603130442977,1.6412228672218485,2.684742393220109,5.2452884355261085e-11
2.650404805312667,1.1859591491585206,4.345885995593563,1.1107376256428308e-11
1.5547654231244143,4.275331638302076,4.273323880953578,2.4293453921675855e-11
2.9276544728928893,4.520021126123667,4.9333482511556515,3.628799209849049e-11
4.20749547180266,2.391727176609256,2.329520361643858,1.2376232978807442e-10
1.7122250157453083,4.042255850320604,3.2602856754027423,4.3456978456250005e-11
1.1148589221901126,1.5492635192177562,3.852491464810938,7.766905843536587e-12
3.775284443979525,2.535794597044055,2.2130576753602162,1.30456129186135e-10
2.3676416644282012,3.2270777586781096,3.622268519836156,3.8864252870833526e-11
3.0526172244766623,2.3639501791110247,2.6591021198728617,6.81125029403911e-11
1.073374657308717,1.0780025031498042,2.074881329683037,1.7937866323330937e-11
2.272897260753499,2.8151834058650866,4.861142849244748,1.8071572093077563e-11
1.9941542183015573,4.2527794860669905,2.084911349495086,1.302094850156569e-10
1.264759204385597,2.7144257941254124,1.8737605119979763,6.525951772904132e-11
4.344299005089227,3.238059226967768,2.4722052567954096,1.5361076362939403e-10
2.7153752116654455,2.6820925731897463,2.2578168525149214,9.534817706519367e-11
4.8219019266365155,1.6502200515483696,2.322800658996392,9.842888239774776e-11
1.0116134049467935,4.8958391052992045,4.665442601918224,1.5185958660386548e-11
3.772219522819411,3.445434960908795,2.045175006313768,2.0737971036926535e-10
2.5030293247647,4.006367925014066,2.4197359940307446,1.1430546659467229e-10
4.063993397904122,4.083984054190516,1.0225743252798627,1.0593353506952498e-09
1.4410844744268076,4.308801503414022,3.0884984765144954,4.344475439118021e-11
3.084503266614103,3.0226153383852887,4.5467727011592,3.0098706428994536e-11
1.7162717782618016,4.00030093307862,3.177708457424675,4.5377109417274615e-11
3.1921445002425135,1.0104749593313964,2.4552050037518223,3.5712378799940005e-11
2.249938244855427,4.456227113135256,1.456915054561664,3.152504063684701e-10
3.219610997565945,1.799747323616737,4.593474125782636,1.8328148377721312e-11
4.7226383526229085,2.7919768432437975,1.710169614131925,3.008876292733214e-10
4.28389836733609,4.702952958644566,1.843372795835994,3.957032780810207e-10
3.2812354244245916,4.539184590585865,2.3497655816585,1.8003310083758797e-10
1.0479959494905526,1.12868794617612,2.926911075155199,9.215112413624798e-12
4.805474599584037,4.324016819086358,3.8810118436731535,9.207037812226863e-11
3.3871678834905836,1.1928195955942376,4.43708407862016,1.3696272043882108e-11
3.350344240353974,1.4948486044046914,3.427696331341643,2.8449075997037713e-11
4.535016064626025,3.8099411982684033,3.0699474673988862,1.2235491430383973e-10
4.759123176277327,3.872157965750902,1.8374386670731804,3.642843475576325e-10
1.3479017505606192,1.0316409939778257,3.007960972170688,1.0257195585658173e-11
2.273325828453377,4.990968770121804,4.505919718454148,3.729630790389995e-11
4.449774049461315,3.9472985864790533,3.5020453866301846,9.558298735020947e-11
4.1164942988693305,3.1635126906961193,2.162095937486787,1.8592311202363082e-10
1.1444869506104203,3.1237931888740587,2.408886319263316,4.1119394500995045e-11
4.306044119713739,3.1820180037302,2.125101094324422,2.0249211674146265e-10
3.431165331039624,2.797444554455167,1.7535875850307132,2.083216519185968e-10
1.6032151896764995,1.235515964095351,4.649025752202903,6.1164929404641395e-12
4.87466551636228,2.839688730098311,1.7049821227755606,3.17806007228943e-10
1.096011934459987,2.8565307683299244,1.4383009826079993,1.0100452660999019e-10
2.3071674601201697,2.2438665670338334,2.392669611543289,6.03527245171826e-11
2.7953436630783726,4.9498086090895566,1.0851637355469839,7.841863409269911e-10
1.7663354415540726,2.988026639244902,4.940649963751053,1.4430310584107882e-11
1.6222015698193215,3.9387847198147625,1.82142289126786,1.2853804295192588e-10
3.491371778996006,1.8642673261984135,4.0298968306024605,2.674869702871261e-11
1.1699553501223257,1.6224691398487492,2.772879164843138,1.6476692858015677e-11
1.1725240617495039,3.241337461539296,2.410451897985264,4.3655129018615894e-11
4.116495373438486,1.3520760593746446,1.936094177593112,9.909734044580766e-11
4.709564632282641,4.198339744911894,4.125771567309421,7.752364548019962e-11
4.4993279488482205,4.608793132023468,1.236241938197622,9.055535172223276e-10
3.7527282294251214,1.5135384262599851,2.953586134266166,4.3453772557622745e-11
1.4212989652956112,2.324803321506429,4.818743895690465,9.497081591881332e-12
4.185779654815836,1.2154687622818043,4.401656594709703,1.75256467137946e-11
4.190400731819423,4.8237742500514535,3.548182767058828,1.0715606810341762e-10
4.376025144801044,4.846470300162906,2.7836998235376975,1.8266139201270115e-10
1.8679569176426645,2.9401448682601132,3.7667913438323963,2.5833226993155007e-11
2.9576893199432956,3.1720264069712556,2.5589895215806635,9.56177531800197e-11
2.8249000568810083,2.2236163535329885,3.704941876092217,3.054121785836151e-11
1.7471828303202965,2.300106379602307,3.0518641006790896,2.87966585485529e-11
4.174981479651998,3.219626660296503,3.831724938850862,6.11023086025259e-11
4.229483369218066,1.3879463307934006,1.5534864333476626,1.623421402571641e-10
3.0023722567252364,2.780673921418073,2.3693340225398716,9.925404682908065e-11
3.860376387376279,4.258358063306962,3.4402180491004097,9.270135644328817e-11
3.6861203011581347,3.7344889237792884,3.6043771374446476,7.071742365495066e-11
2.562792886648435,4.142885233239602,4.387636225712308,3.680792944525515e-11
4.792196369207794,2.4636712165575667,1.7631123308617092,2.534799379112006e-10
2.9426612856041365,4.093352041509578,4.532057261413667,3.91394571669749e-11
4.913326661929351,3.0613211214251366,3.6537686785288117,7.519494261636973e-11
3.150146548448162,1.4191709693295684,4.750569308486736,1.322087995396233e-11
2.7167668580652515,1.612777564700195,2.871604344547136,3.546205041190233e-11
1.9811960516077294,1.102789318706347,4.153052703707642,8.454176726978712e-12
3.928263808942286,3.3514118258035155,4.984608288303013,3.5363282904615034e-11
3.79567844261432,3.6823356276985653,2.694626541807363,1.2847002808638362e-10
4.293626905822976,4.053416074259461,3.754348392039433,8.240670488587398e-11
2.854889826998452,4.564372638095354,3.7979632793990166,6.02913662919255e-11
2.175099211526852,1.9897574899396058,3.4878385856910974,2.3743933408061582e-11
2.746864155519525,2.3647202153174236,2.121270338866095,9.634099110110414e-11
4.55247454917034,1.848741699548031,3.0185716488519487,6.16462961775715e-11
2.1150515032746418,2.0948321339351232,4.78278858160108,1.2926888692184169e-11
2.5045533734940397,4.273683464412734,1.5973600098904392,2.7997111747980473e-10
2.095306296668358,1.7410870647714134,2.996781128701723,2.7110913977660868e-11
3.3124665624503233,2.6237844190934916,3.2075331635997046,5.6379801610449636e-11
4.7423719084813465,4.14018259418212,3.9388649356788914,8.446156589534783e-11
1.3739097366189652,3.5310305287874364,3.7984793542300417,2.2440179966661974e-11
3.930737794396925,4.733895910122881,2.208299325684122,2.546613878293658e-10
4.21182167478292,4.630070696931296,3.999856696788674,8.134950893702957e-11
2.0079220200175185,3.4823930336812357,2.9225633574067778,5.46365112753045e-11
4.037653076650603,1.9097399797910461,2.6054668125174194,7.580857825243647e-11
3.3610209630763723,1.3136654908413385,4.829474983393233,1.263404366148733e-11
1.7408543516298405,2.583692779274541,2.090215005700479,6.870804458351774e-11
4.789868906542841,3.6593293407090495,2.437340799811986,1.9691500498836085e-10
1.9102757198813305,3.3852912802542217,3.1197402445305804,4.434467026324343e-11
4.04386579684554,4.508674310776383,2.340891195388166,2.2205949354412462e-10
2.824392519821789,4.073412180743782,2.7835383542490306,9.910035108329863e-11
1.5298559976057997,3.8980912546218414,1.4039709155164495,2.0191683740859979e-10
3.9293077879348037,4.9703121092518785,1.7642150743345901,4.1877703252003534e-10
4.693372542061622,3.9172889847106416,2.5575714146891104,1.8758638031277312e-10
3.8367146689341327,2.3634351018213056,1.5067132455200043,2.665803746042191e-10
4.855887854021587,1.39125114488458,2.964007197082087,5.132179972579064e-11
3.5640698390467827,3.030693245125879,4.16861780227177,4.1484917539459003e-11
4.811727428736223,2.9641618975542303,1.7280173420213725,3.187813805986462e-10
1.2348560896200462,4.871232376088066,1.32976521266403,2.2703429379841285e-10
3.443960439910553,2.2922401427241144,3.0768668025443713,5.565280752895864e-11
4.114697408689675,3.169977425640576,1.1895694194751019,6.151778537487596e-10
4.35185785142912,1.6291048958968504,3.1095570677582733,4.893424468442373e-11
4.539663625038774,3.195044975071661,1.4123191836734672,4.853121184238013e-10
1.463953641498203,2.1687329836971037,3.3360169409827405,1.9039832191149684e-11
4.678885815637304,1.4531447888028395,2.7456793359548977,6.019187990983319e-11
1.3480260964260244,4.99622194661803,4.671922484773706,2.059372779049958e-11
4.721698978363843,1.7507668331192785,2.2933527095554544,1.0489894090924407e-10
2.8137581255412436,3.748300732139014,2.9985013553915945,7.828866605348294e-11
3.354222718056714,4.857101968669078,2.891189745262371,1.3007748451178567e-10
1.0840261671490938,4.461856003035521,2.222063927463378,6.537751663741044e-11
1.2686551938817554,1.2872303082770045,2.5474896387238366,1.6794272990560718e-11
1.4857964002746997,4.865625290883672,2.447551794058794,8.054162404543726e-11
1.7384472846400647,1.3858337969901662,4.8023195165504635,6.971990279051456e-12
2.422560131618536,3.8840387859550627,4.660469555164079,2.8912455384990306e-11
1.295719782030818,3.3521490854597653,2.3448586951132597,5.272144001592558e-11
2.785337581094952,3.303585665923637,2.592914899505834,9.134254077238282e-11
3.7369104646264537,4.188007198947751,2.1097471389804974,2.34663476846276e-10
1.756196735879545,1.1551039033472104,3.2590361415531603,1.274682625001186e-11
1.2750400980577816,4.055260109666007,3.587942541496236,2.68063572937081e-11
3.042790164649918,1.0098029839439993,1.8805838817275862,5.798416891378088e-11
4.344669299349069,3.6760137642135824,4.930059570034366,4.3854657390515175e-11
3.4926249862294667,4.810644359829123,2.139037010379281,2.4507827378234125e-10
1.7950147897730733,4.19386717713434,1.8095468268880404,1.5343670133284175e-10
3.10041907584732,4.3065125476349015,3.296029623387239,8.202573052698364e-11
1.2158654252336958,4.133073407147575,4.490468148977474,1.663265538851903e-11
2.7673535151998503,4.4819931166075655,2.6518296595401276,1.177147221118417e-10
3.404904693907333,2.0551830210838755,4.748054343765598,2.0716209951070296e-11
3.242874830998592,3.1368219021723895,4.982789197816375,2.7343948125617616e-11
1.1599003891408928,2.9568606764095877,1.5562831290277734,9.450625181506671e-11
3.0445428512643353,1.4431954867390444,2.6343262277199644,4.2256579895374966e-11
4.410475172246564,2.1700787939744117,1.8445600302420773,1.8774202576961734e-10
1.7509764331112612,1.0615592218884773,1.0531847574665956,1.1184114395263012e-10
3.5661013371404664,4.368400218607507,1.9046734480705032,2.8659014194533187e-10
2.440271458592755,4.642215277821849,4.356800405903483,3.9830365379471546e-11
3.04855215740184,4.597044435626766,2.911272812260381,1.1035518026761998e-10
2.8223163548981347,2.9919626598566147,1.847463107674571,1.6511879654093706e-10
3.829083222290635,1.0730791279325391,3.342869893957284,2.453995757220034e-11
1.4149800561467663,4.446238267827519,2.704559387388229,5.740321393716386e-11
1.417335733981047,4.361139386092037,4.687523703087785,1.8774654462115363e-11
1.8410532669814716,3.0461450019368885,1.9201805039768587,1.0151238168129306e-10
3.3850547483880806,3.141838746105604,1.0703702953448029,6.195376362203768e-10
4.394977871726932,1.4123268248815664,1.1250933896022328,3.2726605170188883e-10
1.5540816311350945,2.2202256350878407,2.819484487152501,2.8967947415327064e-11
1.4061660060487715,3.150740097154331,3.812320596771437,2.0344946213162056e-11
4.194079916182176,3.8656789653679016,3.5677624768836846,8.500741713409359e-11
2.146598762739557,2.4642248601336054,1.206982776743308,2.423345105293731e-10
3.8302395705486525,4.959817353280551,4.425981913820351,6.472298744359607e-11
1.7298776463048848,3.0829713626581814,4.710093397074439,1.604397741161175e-11
1.775738598653974,3.6006639058308707,2.831267725064411,5.3233613359202236e-11
3.9284669011658395,3.0339765097985385,2.632693119121261,1.1476805932943316e-10
4.984911739859655,1.9822634912302957,3.722751715622735,4.7585749393784335e-11
2.0845751496217337,4.7806633592956835,3.2653610163993334,6.237772254300266e-11
4.31594761864679,3.0618892634102566,1.9358506630139454,2.3534671689645064e-10
1.6364048755348097,2.251751705795802,2.3818401073935362,4.3348318883844335e-11
3.508747879893738,4.601965167473545,2.170513642353768,2.287476562480535e-10
4.770340756076932,4.782305039191142,2.8319034257668005,1.8985236061165905e-10
2.1455935324884425,3.747801828496857,1.8561586773549466,1.5576865591447777e-10
4.377139061441737,4.80091757761366,3.9193311854725286,9.130128089618319e-11
2.183392823103384,4.023076019142567,3.479315068995062,4.8427138033303374e-11
3.9962717870043005,1.5900326985736122,3.3695368749979906,3.735139683907567e-11
3.5233049726343273,3.1662962790830473,3.5874032439296792,5.785322807902726e-11
1.7988304782225115,4.770069364400708,1.5503728094266114,2.3824777198145105e-10
4.322768910407342,3.9496203399400374,4.273423648624178,6.239527086692671e-11
1.528026088779911,2.6360146611148476,1.4563962594301127,1.2673765969682754e-10
3.2199607391593674,2.183955629304063,1.5281518406034271,2.0097756111053885e-10
3.226495393520102,2.132254738290059,3.4135190654862275,3.9405031061633386e-11
1.9719648464348682,3.5108482795385996,1.9518772179011639,1.2128090884736317e-10
4.601887389111464,4.216869159988789,2.135037752223663,2.84119602196332e-10
3.666771130295125,2.2092423023567997,3.139233898573334,5.486128873897172e-11
1.0312482071244053,4.175447457735424,2.4811580715866133,4.66813669516067e-11
2.6944672133800487,4.747507532824866,1.9030936127165665,2.3572435980465894e-10
4.894328044893367,4.519893843753029,2.4237500279288526,2.513227816390019e-10
1.0054509976100796,3.238782006709308,1.9888686376312497,5.4943539134300405e-11
2.227603343297655,4.983374983838036,2.865214187578572,9.024713947407463e-11
4.567934548792989,4.940573736777523,3.0035069107649366,1.6696528732174332e-10
4.6145316325507055,2.6427672625549494,4.07521714499684,4.900848061772866e-11
1.2815466797427235,4.130084211015983,2.594534658371119,5.2475983401444565e-11
4.318294035766922,4.072839776321599,4.5827810780929,5.589043833599702e-11
1.1657345472149583,2.971291709368593,4.230506568191279,1.2916546548319842e-11
2.633650234970654,3.2010647823654623,1.8613347432633751,1.6240140995487022e-10
4.6736417572874345,3.5560746134990056,2.9774244554787375,1.251212241111163e-10
3.545515809130747,1.4878633345725683,4.2719138483939645,1.9292286318251692e-11
2.725955268069783,1.5506870907825685,4.173850319835555,1.6194045588543775e-11
4.204568735054174,4.6828898196335125,1.8761856965799688,3.7331028664282733e-10
2.8957369244739204,1.3034551707278732,2.2828505863558206,4.8337749890477156e-11
4.960603402675469,4.5750282281298595,2.475268928037547,2.472120903068931e-10
1.1997016357121146,2.3126795304324324,2.0295151200038672,4.4956275853031675e-11
4.404605937429302,3.580511433023208,4.016842148522807,6.523321696153463e-11
1.1781999134880432,2.572101796208085,4.07358549467966,1.2188202760794481e-11
4.017197097062395,2.8782361006177433,1.3859043800192206,4.0176233916180646e-10
2.7859731584924794,2.134839979788413,2.801617161090144,5.0572087374859076e-11
3.3434036763933728,3.975870903595892,4.012835304425414,5.5094040129936755e-11
1.756312672947729,4.86807480397882,3.6959544013522008,4.177265425896582e-11
2.2739307496250354,3.543817276909018,2.578447418913008,8.08943517295746e-11
2.414724042572003,1.1282646398007823,3.3137156911818417,1.655900348191353e-11
3.577840400999393,1.4152330341646735,1.9418333914850847,8.962129058112605e-11
3.8875418468959886,2.4224582068899796,4.529306659618609,3.0637556187679734e-11
2.6639510420170645,1.1850289012096917,4.111109386074676,1.2465890822151502e-11
2.9520071875522125,3.426122724361278,4.959062420049689,2.7447789769324282e-11
2.9295193808903046,3.3447338701892124,2.0104467283397813,1.617927311068471e-10
1.5189921513395075,3.0527358569128005,4.054059260694202,1.8830019706939085e-11
3.7848180412418144,2.019842321685899,2.9293979663687457,5.94554846755266e-11
1.7183223802521836,4.266733369128623,2.779507442018124,6.333600568527699e-11
1.8756305338226884,3.3041582956471376,4.5632109574718225,1.9863384452021694e-11
1.2093773992034764,1.6254615397071408,1.4422328960010584,6.307452000625269e-11
2.7268269144152115,2.7061822779639417,4.105075599297257,2.922526789633126e-11
1.3418908384934047,2.906993010036316,1.971069483403197,6.701060043813041e-11
3.6107537224258217,3.6898057875305157,3.9142828334985373,5.803408898822305e-11
1.2859122642245366,3.326388355005041,1.9320727747978852,7.647571228707632e-11
1.3837724565989418,4.467633327333575,1.1655719164155252,3.037038213435942e-10
3.1313706316942853,1.0822873857882231,4.115046397350414,1.3357149923707928e-11
1.907984141388725,2.7264421783262205,2.1446564251999236,7.54817219000414e-11
2.5204923829805983,1.6148982031018573,3.9595661676577416,1.732692650889755e-11
4.276985811147618,3.947922578842846,4.677660181479607,5.150332912949574e-11
4.068414490314957,4.7983190405296785,3.105112023230868,1.3512819322404827e-10
1.7372905172395514,1.1612601251042984,1.1572089665930316,1.0054595070139256e-10
4.174090558295319,3.385757868496939,4.527440033573843,4.601490738570807e-11
2.444302056891509,1.8396228660570668,3.647560734562943,2.2556141521057414e-11
3.029919516375731,1.2436682149488085,4.574043640583367,1.2020463722565345e-11
2.7021011153386456,3.739013957108907,3.365748267074554,5.952256303766574e-11
1.5812918151028126,1.8512156271065998,1.8136295448745825,5.939611904001401e-11
4.099081975532548,2.7362940846709103,2.5421890112527246,1.1582969247332056e-10
3.3241368896039916,4.392592728781086,2.9647393072238786,1.1086973712752055e-10
3.3884933272089253,1.416399084737789,2.032791835315986,7.751623293465707e-11
4.56673260232124,3.7434899690421544,4.362784623076381,5.994333635651968e-11
3.56024575863603,4.649651540920906,4.346166681025149,5.848895077740774e-11
3.732238767971097,4.497678381122811,2.2174808259160175,2.2783700985430178e-10
4.27153169913942,3.1457342723107526,1.7607657068388503,2.8926023021299273e-10
1.043159481985628,2.147750352454286,3.56062115771898,1.1794218655731364e-11
1.0152142905525303,3.807895384386551,1.9103290384373066,7.069888726024786e-11
4.0646176767813165,3.7946852092559307,1.635877987670796,3.846624923520305e-10
3.9909860750202544,1.6597745391079801,2.509657479895215,7.019183686813014e-11
1.888481636744519,3.779543310747875,3.360252704251925,4.218853224231211e-11
1.9632621045622307,4.024636845696069,3.5622834897939213,4.15560470066831e-11
4.665770123576541,4.397780384704618,1.1563625956294508,1.024129809693065e-09
3.1394717639578866,3.566108030262827,3.934040113671056,4.8279160667772394e-11
3.053108954483399,1.3751454012393376,2.075901551547702,6.502249337845395e-11
1.4019027678585605,1.679221233415093,1.1230784333226675,1.245637968921892e-10
4.110855333195971,3.6365813934690316,2.6492900388493252,1.421519086046175e-10
2.871685009913513,1.3039703643052096,3.4268162613670303,2.128183572175354e-11
2.756236643122172,2.508796917760404,4.329703289164314,2.4617953150942302e-11
4.84262816768889,4.013328858766848,2.27852777465506,2.4984083366086194e-10
3.8330927941504065,2.7256414128105484,2.218485584289945,1.4167428598656188e-10
2.2492664806198723,3.2172590150528326,4.968586104102933,1.9563542550234544e-11
3.2498505962540434,2.0032689451055417,3.956060564676529,2.7762782662140082e-11
1.6186729757964544,3.8017204436601246,3.7505460630575667,2.9196882980946855e-11
3.406695301861169,3.778052796151402,3.27243083288377,8.021333342313537e-11
2.2037903105446914,3.8386772422944513,2.2590586635309755,1.1063258289009743e-10
4.950618427571271,2.3344764581023814,3.2451429846642994,7.32432287599081e-11
3.348892545911169,3.1697190099303114,1.35000072285654,3.8872294606509644e-10
3.336307932426814,1.2527472505326442,3.591039776776114,2.1630938235222532e-11
3.253872315008844,1.885692688859343,4.054770955710595,2.4907203689474872e-11
1.2846214681880586,2.5787670377944387,2.4078565883406515,3.813399054478543e-11
1.5919401495069478,2.2069128185672713,3.294279908755517,2.1606136742877743e-11
4.473347295903313,3.0879853245726574,2.538005062852859,1.4312288386972076e-10
1.1080502507769903,3.166394934018662,3.553129692103594,1.8547638423221752e-11
3.2731405076321165,4.732291069022899,4.004578892522311,6.446271490233379e-11
4.774257535999407,2.192992912766607,1.2404911206770644,4.54090015524739e-10
1.6019375461100043,1.2438295830063972,2.3292228195422697,2.4511539676276397e-11
4.194613254421558,3.632910467423457,4.677954853718592,4.647514673729122e-11
3.584668667107234,3.8637075880790417,3.2828107951342593,8.577244047409241e-11
2.37590271195091,3.1861883333026735,3.860938603659826,3.389225829331968e-11
3.7545709957321494,1.6201645625150665,2.654864999516529,5.7599772472736064e-11
4.3988542085016284,1.9707656500700619,4.280816583106088,3.1572394013127304e-11
2.994916418933664,2.9482683468938222,4.660308784679549,2.713366959181912e-11
4.0670664508405885,4.537672090535579,1.895299837031546,3.428820332338446e-10
1.7945824697403818,3.119839812916888,2.4515210825895526,6.217426420850383e-11
1.733607533455396,4.834683767921382,2.76378960548435,7.323102318920828e-11
4.847078812389849,3.086365913507989,4.715596546530407,4.4899387396849356e-11
4.88162645593609,3.877905396114971,2.770879700890216,1.6455558019328177e-10
3.3763854400428595,3.2473939788594013,4.342787165207591,3.8800391791255885e-11
1.400087305381894,3.8633900114490687,1.9452566633797264,9.540168591869832e-11
1.8975760189306015,4.722830430452095,3.839454077843075,4.057408954347255e-11
3.902135111465827,4.2254338395988285,1.9795748930323263,2.80812177469209e-10
2.6354546750019705,1.819248355012475,4.293721629487752,1.7356652764005525e-11
1.803719502621334,1.6074650817894516,4.146872625047856,1.1252664214704775e-11
1.8947803693010146,3.3325267538615972,2.9566016268591606,4.8209552534189156e-11
3.8951902252248436,3.652680996412045,1.7441592510372943,3.1214353725622973e-10
3.356853299343866,1.984879780164834,3.384393138918988,3.882318489453062e-11
4.615869783061099,2.743227689967387,3.0906361269592675,8.847200163672072e-11
4.357299535637962,1.356589031784961,4.455240850551572,1.9875110211986252e-11
1.1043245445621408,4.088871552001395,1.9990110904330836,7.541469653997412e-11
1.1789580438921443,3.574893571447592,1.6332280710344014,1.0545180009800391e-10
1.9824093930608688,1.0362178159076554,2.3889550431749464,2.4022303525683108e-11
2.077388499174464,3.6901690552535515,3.5647465099907105,4.026177179651635e-11
2.813004921997802,3.8652601086247844,4.161122621828991,4.190968446550135e-11
1.3855341237241667,1.1687519086458935,1.2227749514846047,7.228242170548751e-11
2.5238669038718404,3.1155292680429776,1.39184499986427,2.708960916209453e-10
3.468856176008914,3.307254856985081,2.6796167389994605,1.0663377761202752e-10
1.1377222319402245,2.7602423394897517,2.232910504252207,4.2036546225926284e-11
2.191276869094398,4.720027619024566,3.7277047952232145,4.967581166689733e-11
4.037973298774972,3.9846501275010073,3.3557011856005254,9.536154454316708e-11
1.327191656100943,3.66094224560705,3.5508551767533296,2.571856915250108e-11
1.9356426169198775,4.292212299791558,3.9841807158518323,3.4931281152485594e-11
1.2014536074244138,2.798102663516551,2.120249743841811,4.990945346390002e-11
4.554159718819738,3.4269885955601196,3.890926601080354,6.880199678165054e-11
1.4835733486877554,2.3990487001599705,2.9573362320121173,2.7160194844062983e-11
1.4425414942351402,1.455289767922539,1.532113675804414,5.968731106616466e-11
3.904783670267008,3.5440503505493703,4.002482418407109,5.765330365187717e-11
3.3422496666763704,4.617672106731312,3.6087867490336025,7.909075899350902e-11
2.134466154637428,4.954747367127708,2.6628840160937775,9.953882022064632e-11
3.5921163206818814,2.176692879616492,1.6976162542302649,1.810734185610876e-10
4.330441636247565,4.498449862427902,2.022003577285723,3.1799291018278245e-10
2.98619917260287,3.575473347604578,4.852599765275891,3.026143876047313e-11
4.9842457006430205,1.402783453844747,3.9327806115257893,3.017010624548962e-11
2.0935617481805613,2.279309585085843,1.1018223518375314,2.623325236015795e-10
1.0306330064253362,2.9970795395764784,1.8143643252295254,6.262381513206264e-11
1.5562594650855401,4.944427329726397,4.0036202137629635,3.203896365896389e-11
2.3236178232225497,3.9231168814001833,4.5683610034629885,2.9151527581643544e-11
4.190093728848137,3.1886777095023158,4.513796933976126,4.376596730905626e-11
2.637965634250971,1.0987983733224285,3.2396740518480023,1.8431925603485627e-11
3.127902423566234,1.914225467660382,3.2408552384426876,3.804636971156154e-11
3.209246213559196,2.9358917851433843,3.857340406648874,4.226232157734922e-11
3.1883134133371067,1.6353391963458277,3.650408143016079,2.611392819811918e-11
4.410497695185031,2.8968312480906175,1.9811887714679446,2.1724274538055764e-10
3.556511869857835,1.6138153707074157,2.9818731078202054,4.308102183553415e-11
2.313770313299973,1.411962127184839,1.941435767371206,5.784734644077587e-11
3.4724470326213988,1.32354701564948,1.1043184772727024,2.5152000199148093e-10
4.857204024725922,2.036872344912123,1.527252856043833,2.83083442504855e-10
3.5779091340525433,4.000460103885983,1.8910107976147028,2.671390858358172e-10
4.151942595547636,1.2393960585223915,3.481268595574048,2.8338221376543817e-11
4.473745775962096,4.600703824673539,2.727581083457878,1.8464027571552326e-10
2.41362284988158,2.8514905655289,1.228110202817744,3.045459800249449e-10
1.4219391083209239,2.7412234365233825,1.3543385427751948,1.418264267933632e-10
2.127045207492037,2.669351765667294,3.5968906217190026,2.9289655815716456e-11
1.9835734472803397,2.204258916427068,2.3712466081338355,5.18971668016153e-11
3.960525941989231,3.8498007836812533,4.7340780524015695,4.540529411500534e-11
3.136681379067296,3.611671163460909,2.6098138824592856,1.1100581655255138e-10
3.625799998916232,4.197275829080247,2.9006473140450297,1.2071679700960864e-10
4.003200108364107,2.763602660188468,1.5815458591064342,2.951926401770162e-10
3.123065733962471,4.8753993731946785,3.4408149530779633,8.583311836593066e-11
2.363830690777011,3.4551013743773673,1.589825450390237,2.1565745393961822e-10
4.118764127241002,1.3860878945355877,3.440352833962177,3.219125619773995e-11
4.760635719307734,2.6475320270151395,4.168002776030794,4.84212923540156e-11
2.2296256420134872,4.463673954622781,3.390927975930437,5.7766158345066125e-11
2.59330230857219,1.9894797572510945,4.727440479468978,1.5407306934374642e-11
2.6174102953041656,2.2966581721293937,4.3714908780057815,2.0994001145916973e-11
4.083231132981167,3.3370942397126675,3.004209591026638,1.0076232528326521e-10
1.6440391457746175,1.648297552806207,1.8442885452534679,5.317117192970429e-11
2.03493969483283,4.1919874534475845,2.1450975131583507,1.2372676024040248e-10
3.804597613288631,1.4424502615764054,3.5014412016551804,2.987460038011257e-11
3.300201940817727,4.177517500322952,1.6391890302644945,3.4244191538026605e-10
2.0647777505788096,2.4410115084480073,2.647831148883602,4.797873213133996e-11
1.5850631878813686,1.5961298853618264,2.340323760440755,3.082826813423453e-11
3.0231751461140948,1.126961096912436,4.546235166337233,1.1001569359187678e-11
1.6155668004420032,3.5514058859892157,2.29480478175623,7.27143188219442e-11
3.4057728200094566,1.5490762277546373,2.427132880159835,5.977059230383626e-11
3.732400811620381,3.4279710527529232,2.861113501363258,1.043137239761292e-10
2.0929192387394098,2.003371966547885,4.018324667585812,1.7330465096481394e-11
3.9278267779864993,4.875346434721525,4.889274455090034,5.346322799765022e-11
2.343345925956171,2.6789387014450057,3.815648590820843,2.877720703673043e-11
4.931347038362668,3.867828941591477,1.8494358721794817,3.721692382483882e-10
1.3734246269748698,3.1703366583216894,1.760472537721835,9.376438421068706e-11
2.4647089841976455,3.102308250879069,3.749802868437355,3.6292753955922135e-11
4.346348432227744,2.8681163057326104,3.1425078112998754,8.424706278164613e-11
2.126274089547684,2.501841111436201,3.5132543759820853,2.876378158484777e-11
3.401338307308848,1.0822563139415586,2.406936998894756,4.240691845463268e-11
4.830126748282992,2.3923488981080006,4.63494007558167,3.5898888279664244e-11
1.4627734674942348,4.72319329749205,3.70686465835649,3.3557186115573956e-11
4.245844843228747,1.6115688482220132,4.101167779704158,2.7150892629811893e-11
2.268894718256426,3.5367592401520644,3.5758406952476194,4.188415113869453e-11
3.175489876134964,4.22875674102473,4.935239298303559,3.679537276493779e-11
3.7235592782195917,3.4522669451534713,3.738714042498042,6.137681471949067e-11
1.3557903939237383,2.7258940130111515,1.526722312568745,1.0581996539625838e-10
4.493262336175761,1.808554808321993,3.1947340249235427,5.313861587394145e-11
2.25004940199671,3.770260548979018,4.7335006203060885,2.5268807266023854e-11
1.3294739736840193,2.7077076568342777,1.433373627029106,1.1693620522719628e-10
3.1233849818443478,4.263660074781953,4.303788731866529,4.798355320424381e-11
2.574758808096461,4.323516389604658,3.7293285012900284,5.34193481128202e-11
4.04734651877008,2.1489553764914544,4.389935762493421,3.012088012890065e-11
2.5842468440496,4.837731429220389,1.2737916295367366,5.142391888040055e-10
1.7746107074493707,2.5565230771761693,4.12513105366317,1.7793587419819103e-11
4.072811476479416,2.827833568771389,2.8916755571854282,9.192533638003683e-11
2.0543413638095465,3.679033223742769,1.6025896199010057,1.9640288903935172e-10
1.728911330430495,3.338162932737625,4.177918116166229,2.2067168203035082e-11
3.024534990487291,1.425345166907452,3.7432467390225916,2.053373501031765e-11
3.090066867213345,3.307852273989706,2.025773531101054,1.6623344344374958e-10
4.073366568940361,3.8225171873547596,4.774094571174603,4.5593938413421134e-11
2.572542726035988,2.5980985272871338,4.018362612306142,2.7625246804902727e-11
4.412751423144462,4.4533520669338955,3.016686237085106,1.4411938907645296e-10
1.7800832104049342,4.967722585727778,2.8984664080785394,7.02501569351501e-11
1.5503406477678001,1.4439782939239323,3.1792948296623846,1.4781291898577054e-11
4.202882410353528,3.6702142772036175,4.562601149805786,4.945382079749553e-11
1.1428611989951358,2.606290354120446,1.133690522430363,1.546726247340061e-10
1.953813942340096,2.9892826572440017,3.60141692330487,3.005312150228106e-11
2.4097013912178094,4.614902714736436,3.1649790849765806,7.409182496731291e-11
1.0151660789335124,2.9305110359669135,1.6738982794120685,7.08612053330032e-11
2.208622834290915,4.725160832319972,3.844287688777967,4.712947413222998e-11
1.809330722863423,1.0586871864297032,2.435539217780012,2.155170146311111e-11
2.3784405270930953,2.763557951965204,3.829302971003453,2.991628193908463e-11
4.866630313213394,1.629216796410264,2.323190594917416,9.804461745162469e-11
2.5988832746887276,2.509483820105666,4.370543311400211,2.278696680420799e-11
2.0013675306815517,1.4595803268223668,3.6110825722753055,1.4950861368040818e-11
1.2206157076692472,4.031342901983942,1.2717927331349776,2.0304028709423665e-10
1.9911761687616298,1.9510962000658445,2.818809626337124,3.2631953940244607e-11
1.8420861753245887,4.961279119885356,2.3612329376892536,1.0939869492235829e-10
3.6004229057786654,3.135292049557242,3.3997444740561167,6.518162245378664e-11
1.7656074471853946,3.976196078756091,3.8548513321261892,3.1530646818275514e-11
3.4974169033768012,1.191501786260163,4.191934964805274,1.582702295793687e-11
1.1882830784965828,3.897227006591307,1.0088049975044693,3.0370180171917874e-10
4.309348835112608,4.849039716008963,4.9508853277887255,5.6896802413671965e-11
2.163111153510513,4.789326864275921,1.3154209375896149,3.995857724464363e-10
2.374699724196276,3.605497542143303,4.9720293145521355,2.3114938745785157e-11
3.103378397946629,1.930324832025771,1.9832635505121226,1.0164604195988118e-10
1.2897325650652385,2.215607000534347,2.2748129125372745,3.685422026481111e-11
1.8697843303330344,4.358606524820386,4.454046997021402,2.7416738668944976e-11
4.343433625490508,4.974345132147153,4.247599798451985,7.992232748519945e-11
3.670999056632368,3.2840993224446353,4.831095205709344,3.447430869399284e-11
4.647300958206274,4.452031109874961,2.7247502488619673,1.8599093989710423e-10
3.0054457935966896,4.714005686471767,1.7331893366133904,3.147698934361105e-10
2.017797503513705,3.7976202707400057,4.03941080525332,3.134290698453458e-11
3.8754418702277174,2.8008852501929162,3.3303475153727597,6.531661033996604e-11
4.517280756304302,1.4254946686268943,3.721806876635989,3.1025673313112475e-11
3.6961796536996223,4.878169618305611,1.9922761105966993,3.0317760418810017e-10
2.8005576222602993,1.2733604761824173,2.3003902941009575,4.497581353726267e-11
1.84976968598228,2.8074646799329037,2.718255430097578,4.690699729892653e-11
3.418539384277242,2.6316239144809352,2.1029128020818786,1.357713338117789e-10
4.473443463843186,1.1803203384276606,3.3090680075880816,3.2182268978399435e-11
4.014041594865031,1.4477046963932279,1.1523407536216341,2.920695027558653e-10
4.281584022981373,3.580626614583209,2.202245435706025,2.1096881903803792e-10
4.820109553174263,1.5221192082575064,4.000954524628806,3.058894845687571e-11
1.9345175149131393,3.8690549519632533,1.4723505661183576,2.3043121573638695e-10
4.592292820673359,2.774656496499337,3.9578673447927346,5.428783618735663e-11
4.055270349161094,2.0646163536200515,1.5072037660216555,2.4598092841791727e-10
2.587195962085181,3.583227977835082,1.6774226570772033,2.1988973604204327e-10
4.37960750109222,1.839386053087264,2.066352483021905,1.259173193909435e-10
2.8495003512725283,1.3175571461009015,2.864425893470286,3.05386051025854e-11
3.4727849236783106,2.962824403178024,1.0794669232358247,5.893201953595268e-10
3.9686542287963955,4.509653125984347,4.684137428063407,5.4439402009324257e-11
2.92926184753455,1.160470902108333,2.708575052063732,3.092408830997202e-11
3.2154108701383026,2.3058841596618707,1.462170156650985,2.3145380922519e-10
4.535132858209631,3.0452553443849943,3.552906972029826,7.301839091154878e-11
3.991791909605698,1.3376452957785316,1.7166630099595594,1.2092746923256467e-10
4.758067470122006,4.733909503180984,1.760334950840639,4.8511658920958e-10
3.193369459219337,4.721504387216999,3.631630223399765,7.629788930229393e-11
4.886232277896987,1.997938960666095,4.388933330573799,3.38239683210251e-11
1.1311726196907363,3.9449365665657226,2.5010426081913537,4.7611616844905445e-11
2.784731816440388,4.701409858026845,1.4402962735595994,4.2120548562445083e-10
1.0420214766227534,3.0118028505156085,2.375334073871312,3.7122739262009034e-11
1.2980301127311997,4.1339269281925795,2.210820242024136,7.327011972113793e-11
1.5455113173553654,3.4463222365181996,4.45860090440774,1.788204051857645e-11
4.719194101132951,1.1306930129411468,3.4048800332741265,3.0718154593932016e-11
3.97860094666374,3.2340208811745454,3.6414296281468332,6.476130038863788e-11
1.7846773458768554,2.4907193890152732,1.9410125015206772,7.874337945402766e-11
1.8575649995846994,2.6620250668942105,2.15782036979557,7.087805403269237e-11
4.960547011852023,3.9019913094947163,2.935027043322309,1.4996083694880197e-10
3.595962609423913,2.306153992001662,4.735429876564865,2.468146041774241e-11
2.0266401127223412,4.895606635127135,4.762226985115666,2.9197735369354824e-11
2.160759079111723,2.0283596166580504,4.733837158326887,1.3053016157267584e-11
3.1146260821804175,4.446304317153304,4.264649146124791,5.081883293959383e-11
3.2553818995385457,4.171422314368176,3.5334940990033217,7.258778863914546e-11
3.521885274466826,3.688865547667471,2.227835402613818,1.7469803947462074e-10
3.7458348952166634,4.848210133921523,1.3408688454950397,6.741300209208994e-10
2.258188718755889,4.432848411483473,1.9415164867393235,1.7723404536042544e-10
2.2839014321531814,3.457656465624555,2.228825643778113,1.0609458278203279e-10
3.1419525730167286,3.803688753369227,1.6116658516759892,3.0707240597698454e-10
4.201431220492875,4.970846241672193,3.8336457500377645,9.483962585124436e-11
3.0442983607176655,3.8914499520738715,2.452937180293522,1.3140503715206445e-10
4.699585117077186,4.915757703236212,4.271114153533812,8.451889933349047e-11
4.04114958748067,4.511024800378239,3.156840834614005,1.220846246624754e-10
1.2884726083781408,3.742847798511687,3.9494382300407818,2.0634450507259668e-11
2.4581717716854903,4.934322366759507,2.7649960308919677,1.0588560545091921e-10
4.307642994370641,1.3038621804363313,1.4472515437018543,1.7896559588766362e-10
1.2544713548732331,1.8370561822768612,2.9002312865072413,1.828538560366435e-11
4.916222827288509,2.15613643661012,4.710484374689916,3.1883270596817395e-11
3.458509995152291,2.0733020128145747,1.9574193253946475,1.2490219288540397e-10
4.317151522792695,2.137663131170076,1.69064859020355,2.1548451546630616e-10
2.720167338954719,1.107294534117183,2.574251574022383,3.03349306389823e-11
1.4170203264174437,3.1998431062581565,4.463307408532764,1.519068532852389e-11
3.570964903478283,4.578570424204411,1.9367427214366115,2.9090944228698794e-10
2.0292680404304773,2.0248116212674723,4.681571228774807,1.2512006801229821e-11
1.3058485476194157,3.4057263339086963,1.7298825422250816,9.918717667582741e-11
2.1646160100843588,2.164274162955205,1.6039942507286815,1.215272663404938e-10
2.0685274595872314,1.0130918310445316,1.9821630624246644,3.559734016613911e-11
2.7182080162061175,4.174695611740949,3.0778084559239494,7.99485386128633e-11
2.9822738463229137,2.4332798145935057,3.5968136632851193,3.7436039513537076e-11
2.2555634092521855,4.7140429809367825,3.353689497484657,6.309414786851892e-11
3.568812168292291,4.57351522149718,1.5408598905155633,4.58810894202195e-10
3.0986781447777743,4.338779023551346,1.69839472242165,3.110662831221553e-10
2.2503928726101226,1.2940481159104036,1.3487573153244106,1.0683839235166973e-10
1.2936471487538506,3.3260365170627137,3.0499312225897937,3.087087642184907e-11
4.651857755766601,4.939934647474228,1.8549661752212026,4.4571971347388564e-10
3.662162394098058,4.5125310774258285,4.029516531146277,6.792632570584174e-11
4.877586186757863,3.1965073550290577,2.7209777812058573,1.4054547627388056e-10
2.010588432516967,3.127862334843482,2.6192522125761712,6.11789999271158e-11
4.051227585945559,2.7389660265442877,1.5032029987005182,3.277360552324322e-10
2.5105847119392597,2.2263147608474734,1.6719794088621938,1.3343992793177972e-10
1.2121565734731972,2.5101893740064978,4.854136050645877,8.618417350770169e-12
1.3065479010263177,3.6694914263403997,2.365571503374905,5.7180145548561925e-11
2.940255480584557,1.3694576843547952,3.551178519169613,2.1309579394370507e-11
2.79435529457917,1.1028812782775907,2.1703170411729578,4.3666685728828097e-11
2.6035515685133936,3.861271048479968,2.22356899412131,1.3570050259733964e-10
3.416710774391047,3.1845819122618146,3.373284461113877,6.381766531613716e-11
3.6715036191907875,2.186718711497769,2.049486852772217,1.2756537519150604e-10
3.4544367724293914,4.663752729998716,2.2415933883373587,2.139859665337579e-10
3.805592964434349,2.816701863310591,1.3083448268285576,4.1793137502299727e-10
2.8903396603852882,2.6678401339676254,4.259033825789885,2.8370873512168966e-11
3.991461805834889,3.8526373889622354,3.409234299118922,8.830038905269636e-11
1.6543802938385004,2.6213703300205218,4.084024163629961,1.735295035302961e-11
3.2135188703493696,3.2355922878367123,3.3442236150945197,6.204834894972958e-11
3.5917301769393197,2.347382566443228,4.434250667654211,2.8617606025603733e-11
1.9901766215756203,1.4475609930466495,4.3727095912282214,1.0055725840500078e-11
2.4546281292325878,4.860069428652592,3.056354306507818,8.523284520338429e-11
3.911126421126029,1.479333451005235,1.7725779743427306,1.228976099431599e-10
3.2835431285492795,3.558924496290945,3.3913943293317903,6.780959061367158e-11
2.6652173777319814,1.277499456842461,2.3730549732402193,4.035189777812515e-11
4.0788314568575075,2.470842663382088,1.3184850941478308,3.8691592510198655e-10
2.349787374378535,3.6406613870981155,4.257152699316423,3.150333995558403e-11
3.81678986951577,1.7850247293503299,4.474446399145489,2.2711722359480235e-11
1.9498972912617996,1.9044584116533834,1.3870209956348205,1.2882595223140525e-10
3.0356718429642986,1.5810947827302302,2.308788009351019,6.009395864759478e-11
4.6413458687775595,4.775703815862672,1.2453376049535594,9.538790590265163e-10
2.5889069444044543,4.980697070619222,2.5014708435295034,1.3753140533486633e-10
1.8473998551324735,2.6212220800956594,2.772784326690093,4.203574454807007e-11
3.8339168973704116,4.049498501392023,4.1667194291608265,5.968176035657356e-11
1.635298154840937,3.9491394771042687,3.573267754166653,3.375627382571233e-11
4.324854919244004,2.140476741686741,4.720220744689511,2.7729602261813337e-11
2.565713274595835,2.0034237469002094,1.419670688640128,1.7021267981396873e-10
2.2776291682179037,4.786342862709491,2.883916910598946,8.747975063852999e-11
1.506880466169183,2.451019815156759,3.814816597101599,1.6938092523006367e-11
3.6533003555102996,1.9972296864029802,1.4428951830796484,2.338998950731078e-10
2.7006692617281813,2.1904161158738775,3.8347432753643163,2.6847981555296207e-11
4.762011427784846,3.71438704688911,3.1217607095367694,1.2113358517863536e-10
4.182130194268565,1.9275008017315751,4.71935487730834,2.4155333990033345e-11
2.8526174585832296,4.3288154966080095,2.656316282420847,1.1679903242764665e-10
3.179361820046589,3.112520401870639,4.209848504824198,3.726536921673766e-11
2.953181825254588,1.5927636855665654,4.594076436247498,1.4874120696305795e-11
3.704652109174441,4.581812173310549,2.463286897790022,1.866985399208563e-10
3.9567161662198505,4.758689740859365,1.7556186186607126,4.0770696825183275e-10
4.610578014020614,4.6162976053282705,3.282307054526158,1.3184903765018433e-10
1.9847754794503443,1.8197326470759791,1.191779160407345,1.6971241003682136e-10
4.64778296038246,2.40707640892777,3.98390401217537,4.7043994029189244e-11
4.556098221217718,1.6634196314023875,3.4397653763784164,4.27487540807227e-11
3.0686858510013875,4.061601010575579,2.283676989800074,1.5950214934514854e-10
4.008966474589711,1.6717672183166075,1.764782283295847,1.4361908688588564e-10
2.1686421453376954,4.517732363117449,1.0430795578267604,6.009795948414908e-10
2.428351090671949,2.657011625502636,3.1718308769317,4.2802692492041725e-11
2.603740185977658,3.8094100588318556,3.3895031762789523,5.7619499575293536e-11
2.6293306357824484,2.242358093764709,4.534595650685765,1.9136355846359568e-11
4.228975420875047,4.568938832600834,1.6632618859463153,4.661389954281734e-10
1.4829038518014377,1.918364484929275,1.796590958169141,5.882093205864571e-11
1.145036525822098,4.997914646636915,1.3655321375979796,2.0482856699994578e-10
4.518835262697509,4.668792445007407,3.2045958531455425,1.3711050996626522e-10
3.1127566140330236,3.805177552400421,1.6812817802878754,2.7965673291775094e-10
2.461914959299435,2.1910598759196964,2.7936764904896565,4.612764356291844e-11
4.128550364886785,3.526142279969539,2.861759443632396,1.1863623951766485e-10
2.3329494139022797,3.992051676921222,3.825118884061301,4.248130052957424e-11
4.592719096183677,4.1170762180221185,2.7866729420748095,1.6250734367009587e-10
1.7684304535019946,1.1006817286862352,1.293415114692153,7.76533294485664e-11
4.368151719185965,2.7807864971280365,3.728693582597066,5.830934622000348e-11
3.8230576836071735,3.2785938910615435,4.013356964021183,5.193607195289824e-11
3.989265563645254,3.563835751608376,2.7973631326223316,1.2125485508134777e-10
3.09116443147631,4.68866030923983,1.780522127328204,3.0511413591294193e-10
3.721172276574775,2.841492905544477,1.0217823115408908,6.759207745246305e-10
2.7368534824497743,4.2500637456936525,3.5121853555240783,6.29329860837559e-11
2.987708316751775,1.704307698788912,2.8616799943504097,4.149829649775473e-11
2.4820828179601975,4.903026594021467,3.29077762273295,7.500144807220031e-11
3.069994040582343,2.684358279469129,2.704114134504269,7.521668320535822e-11
1.419891952668289,1.7530788269108344,1.6489647452783789,6.109704467653211e-11
2.5379523956260366,2.924273378245796,1.3815871030869942,2.594962604329715e-10
1.3099779589967762,2.174304436450586,1.254204722210356,1.208463894956415e-10
4.060819266320866,1.4129085411414186,2.4692470127945327,6.280364348782693e-11
3.9467301050562837,2.4182603655624115,4.945980308616756,2.6038857373860043e-11
1.911447208848709,1.2302221301577885,4.977681409566624,6.333996982496821e-12
3.5169275773173716,3.696280098003923,4.457514747951871,4.3664543481385325e-11
1.720622903457373,3.5829141753698632,2.1718711865361575,8.722483964353851e-11
2.487677472454472,1.3024069092266002,2.6259256097947543,3.13589945522479e-11
1.1409503279484094,4.3480869239293245,2.2170201429249525,6.736152018256097e-11
1.752840832550267,3.5475596976830426,2.7084852189946034,5.6572511138594325e-11
3.746880604954577,3.0235978973787057,2.146195285181474,1.6415027645641407e-10
4.172475279077062,2.014981904015489,2.2937021343072654,1.066539851033207e-10
3.12510077733795,1.187356811307391,1.2054952624444786,1.7041211292050069e-10
4.179967612208525,4.348338285591142,4.060601059147292,7.357017604250213e-11
3.556271390946275,2.1432020064649504,1.5781743406651474,2.0423691865680754e-10
4.924541297840507,1.3444120336097787,3.820759555051216,3.0268086158548974e-11
3.3578680120777173,2.422961239161992,2.3470328303786614,9.857299703394441e-11
2.1546783960385345,3.6720069124499077,4.520830833757078,2.5836616381075174e-11
2.53419345031748,1.4228115661480834,3.6442468334934937,1.8119982888239738e-11
1.171201696389447,2.9117293952583494,1.1078142137521212,1.8545350249777866e-10
3.616921854710171,2.1389268695660153,4.471647930478982,2.5821773007577644e-11
2.9987379728419157,2.7284251207751304,2.101421981528772,1.23654583594995e-10
1.5856242686209034,1.4914747340911005,1.9045266581456244,4.351392665112872e-11
1.0524070302934327,4.22273723631228,3.543499057575466,2.362105863239582e-11
4.379346309662518,4.259884190147851,1.0171490281691709,1.2034390716357961e-09
4.349771631280232,1.244831057479113,4.577962001808057,1.7243233398183762e-11
4.818539875389636,2.858569724657391,3.307180258362852,8.404941899926173e-11
1.9386844308872755,1.062391113329885,4.810551133960518,5.940022410104059e-12
2.7725686788885615,4.144093990565885,1.8739710758736519,2.1835962771891927e-10
4.019451896774861,1.305033563381952,1.4264699179431397,1.7204794280638866e-10
2.9765758856031153,2.3335977262289833,2.3917587924736825,8.10390602101323e-11
2.1677341300518016,2.8452785895759556,1.8745847752506752,1.171404377399613e-10
2.0039505134986317,1.5358125331521348,4.966921642911348,8.326007253814497e-12
3.249152654842994,3.959138978362801,3.1524106847831037,8.639159337670184e-11
2.36125845937658,3.5011312426218,3.7995455384425525,3.821860333319379e-11
3.950222031880975,4.757022352134636,4.490420104130863,6.219693076683674e-11
4.662254699071468,3.907679675681335,4.911297611184953,5.040906588931158e-11
3.3965715599204396,4.098055834317867,1.9936255954139468,2.337317123871643e-10
4.309722159852502,1.6567525350699341,4.388256457360161,2.4746234145280868e-11
1.6632270325502025,3.544183247093329,3.579623337729473,3.070288910687819e-11
3.0558960672048205,2.465174687066389,3.183900456516943,4.959678429668698e-11
3.7266371885039278,2.1598458693837146,2.1013956555861877,1.2164952455411728e-10
3.028637413132228,1.8810429622717306,4.850142834267989,1.6163043544094877e-11
1.7715444835495964,2.2796460164043717,3.1990392893295,2.6337013801824455e-11
2.5895792296918305,4.254463861667722,4.964349897826176,2.983564812920038e-11
2.2905132471322927,4.989431035688801,3.3541479872563733,6.77962377797241e-11
3.388693023310303,2.4905090242380425,2.965361126370724,6.405475443372023e-11
4.259988219347777,3.4626741614190872,2.686248991318825,1.3643119898438938e-10
3.6075361168037188,2.042698688989002,1.8368435413527533,1.4576621237303482e-10
3.37770466540287,4.476588151549208,1.3931164827826303,5.199722367278602e-10
2.916305837368336,1.3856864919271552,4.25452307032023,1.4899870261420006e-11
1.1751911945877684,4.409011668753532,1.6341067656237476,1.2950159669360835e-10
2.849397643358587,3.654485178485009,2.3868799833692274,1.2198440243483334e-10
3.3727747542940083,1.1117076930295453,2.32799558371638,4.617424973909585e-11
3.6602005914131714,1.399471806830971,2.0022441467043564,8.527489188912397e-11
4.249053418705332,1.1517492175590394,4.801814955326577,1.4165290305660064e-11
2.1509008522936037,1.2340075557291335,1.293944855776433,1.0580175609021836e-10
4.571776347153504,3.484563342036731,4.90909407060046,4.4118103327895134e-11
2.691224309586434,1.3379546831306839,3.9305657840772854,1.5554905066206055e-11
2.627331037495718,1.5526055215150407,4.296388122445201,1.474874647578927e-11
1.3577046231042385,4.8429082962340555,3.310309998079276,4.004611711732671e-11
2.389888982822282,3.061637279070999,1.2536355429869617,3.107241962992697e-10
2.628127006848946,2.3197946496951674,2.9155928811666163,4.7866131715855946e-11
2.0165851332446634,1.1009031843908352,2.6952751790629663,2.039603119980721e-11
1.2990653704473907,4.997037536397133,1.8039976692179835,1.3312446507933816e-10
2.824028554459209,1.4216555146939958,1.3217883363486993,1.5336484833383387e-10
2.5846630780863564,2.4117698681513704,2.6951838121248866,5.727290700587113e-11
1.569169196279411,1.4536696448921478,3.7907372446750025,1.0594350417567154e-11
4.340098309177504,1.9411013273724236,3.6645288173657486,4.186949216139432e-11
4.981884959031362,4.533618238541862,1.282192094342399,9.168929936692449e-10
2.0183793057271764,1.0326392747891808,1.5221871607785071,6.003458555463848e-11
3.2617822133121095,1.3422223428118314,2.9318349701480013,3.3992772285386386e-11
1.0236637364803451,1.5144703700196835,2.860299437800247,1.2646818922796652e-11
3.6085046771201643,3.1897538053071774,1.9286735951022003,2.065157455937399e-10
4.543085445827099,4.696470946619372,1.5044784637957216,6.291247876090694e-10
3.1698875542844793,2.9998290715414755,3.809743475924636,4.372553184350968e-11
4.146506388816727,3.8118329931626387,1.6014966628093972,4.112920641392785e-10
2.1935959416004867,3.1813174768611363,1.6322517483771422,1.7481373933936262e-10
1.1189338032995382,2.206722347877784,2.597942767544713,2.4416259440196758e-11
4.451934321636795,3.0572011175439746,1.3537485696428933,4.956589346874997e-10
3.7032955604437103,1.0201258580821113,1.6456849861931606,9.309683550855964e-11
4.9401170269430175,1.713644480196015,3.4758831068146994,4.676423564084599e-11
3.7224740258234412,4.87610947784799,4.84800180087213,5.1542535795450714e-11
4.226063428642779,3.611325044865355,3.9460552556789747,6.541275918865959e-11
4.440027628174992,3.3458699198757347,2.4675567793894997,1.6283457234997003e-10
2.154378239522542,4.268783524356492,2.3642776236747682,1.0980328773248382e-10
3.017239427289898,2.7630686169373266,3.5227512444809332,4.483567295435303e-11
4.342690795245108,3.3922659268646607,1.5353316044681122,4.170908100404108e-10
2.4892026246869157,2.3171579475188597,1.5276225938463277,1.6495669422477168e-10
3.387829706846182,4.277561161285211,1.2010162015318517,6.705115605090872e-10
1.972916733727137,1.462578809163038,2.4470507252083005,3.216090724560754e-11
2.2704311536122246,1.2639907713143699,4.898735056315429,7.981243104062476e-12
2.875845069835327,2.172956431640525,4.481060590706467,2.077021892158928e-11
3.3066189714546037,4.267778272497919,3.2539524532670225,8.895078764706841e-11
2.788087271156889,4.948125548417815,4.7405117298684365,4.0971590684500224e-11
2.906702609519481,2.041500017509572,3.1033685884844675,4.112154948946547e-11
4.189249003082381,3.366849168008637,4.364274330891521,4.9422186419568635e-11
2.545387054033416,4.348013470500685,4.445380005540365,3.7377747901749035e-11
4.369842593413049,3.5624278587908558,1.142594373972741,7.958182816238039e-10
4.6038048926535104,1.019290301890274,4.261109297658438,1.724867171306924e-11
3.2818787437950387,4.749944748295058,2.951115011388001,1.1946069053049356e-10
1.1807350283135554,3.2663994999431205,1.5204781117265034,1.113390740145481e-10
1.576751020431284,4.6946941804908295,3.5035480443249134,4.024764514260133e-11
2.0440558075604645,4.279076914062146,4.446327825245586,2.952745962277883e-11
3.2198069895859813,3.2827520140055526,3.4289943943991985,5.999576112413586e-11
1.5206706837063826,4.721843252286002,3.020619826322371,5.252194547991447e-11
3.0270012238685418,1.851361928102206,1.5221465455657088,1.6142737868339522e-10
3.1491933574313813,1.8132731379718936,1.6755216613799053,1.3575275852038863e-10
4.987635954800798,2.159266228919858,4.772571172590352,3.155602666651562e-11
4.58811468767631,2.5433124276353283,3.589657587918716,6.043856347288163e-11
3.3159986710802745,2.9337027484771325,3.1394204840482076,6.587455320491412e-11
1.9936067624259297,4.539117259898958,2.5330897448441085,9.412304076881593e-11
1.1698870294401797,2.982038964882491,3.379798386788181,2.038270662171814e-11
3.8128963182301887,3.9584274861451307,3.644447669647857,7.584037200654337e-11
2.946411474471043,2.4347633935930197,4.055909694991214,2.9104477657748537e-11
4.965799514951968,3.767113773577982,1.327645371798221,7.083044156166338e-10
3.659408305574165,1.0200445250414725,1.4988593995674204,1.1089051727707662e-10
4.756157058517144,4.557168313156588,4.030204125456828,8.90601397638768e-11
4.1140675404167935,4.7676052823006145,2.3964894109277326,2.2793283018891146e-10
4.492276734485964,4.793283613976958,2.497707039423657,2.3035775380686853e-10
4.921552685465697,1.9307523129410025,3.741289726632927,4.5307721458475303e-11
2.256735913481803,1.2754631681024007,4.2336373125333715,1.0717847275642545e-11
1.4990554169631864,1.6947921342811108,4.040154037669956,1.038782160999979e-11
4.505266119832163,4.940906463378093,4.925742146148811,6.123080043696184e-11
3.8769467901913934,1.4254799130099278,2.973907697983822,4.1704428535073734e-11
2.5008267696973077,4.314445131792383,4.807024582915252,3.116320208383604e-11
4.224247231210241,2.9504286687299155,2.531461639653767,1.2980097309860215e-10
2.705685924415918,2.8704260783687,3.3936396149615278,4.500683880639756e-11
3.9523834956469073,3.0700816551211143,4.0634677470987715,4.904577167745874e-11
3.191273065372411,3.5916824100737506,1.8173761297020725,2.3161061394518007e-10
3.144230450918897,1.4955814830442677,3.437831681241175,2.6554702006905128e-11
3.562093649814296,3.6107285792758463,4.407698241108523,4.4183759917246546e-11
3.1537026595321933,2.7283844824223538,4.977536475746978,2.3178408623990067e-11
3.218825243065723,2.5492846366173008,1.0021139912169668,5.453404073677873e-10
4.710466323757379,2.28471110250541,2.652649160254465,1.0207555968651342e-10
4.835142290488077,4.889706070435571,1.075966602668795,1.3629522236734075e-09
4.615669938316895,3.6910632555955716,2.065617649544157,2.6648487470435014e-10
1.9810135621294838,4.380595768908696,4.78982552608873,2.5244538877998018e-11
3.7435622069197905,2.3958059338156286,2.9503772662229224,6.87650537489218e-11
4.614298532977006,2.6637262340050056,1.1347769874812998,6.37030812241535e-10
1.7641225323141492,4.189900921063453,3.9066271342396073,3.232323191338332e-11
2.3542032792770025,2.2340571079503753,3.7490076272593797,2.4974211493875448e-11
4.468699393202464,4.9389145668028185,4.777061405182023,6.454717052800472e-11
3.4631187026906054,3.115663543179474,3.1300775799628235,7.350111529920545e-11
1.4360450862175789,1.3135839585643647,3.5037890391688524,1.0255012980369841e-11
4.920667643834696,1.3407504387606743,1.3703944682912295,2.344590434439926e-10
4.246927958642541,3.920139769509938,2.4009761903606903,1.9274669563064567e-10
4.25991631020692,1.3455973079393728,4.3211166825484035,2.0488510736369337e-11
1.7141976754454578,3.680832154204781,2.534028076570479,6.557982800034205e-11
4.990013945404037,3.74486950888668,2.610339627864136,1.8303351406683367e-10
4.82692596938041,2.32163907278619,3.655538957943978,5.59691500030625e-11
3.032093023139377,1.6688005864874929,2.7615625085485673,4.4281610860543443e-11
1.8378806281129902,4.043966417465015,3.6933017687986447,3.636482105692453e-11
3.1502798951626696,4.764023071942793,3.8295511271272598,6.829886017955018e-11
1.8084627686334063,3.9448799053900436,1.0827585230459564,4.061311856403646e-10
2.3668486291733934,4.603491730382176,3.3086611219409257,6.64262103862036e-11
2.0085455991718706,2.6163129241600696,4.699281020863676,1.5881618182505125e-11
1.7416349719005577,1.4774961648380511,1.8750853342841896,4.8845845018881015e-11
3.2085345911352174,1.8795868402240692,1.1869560033266473,2.856841072861893e-10
3.2098144526382955,3.2733806998881287,3.0451244094687837,7.562276750457681e-11
4.730090310842165,1.6441901158625223,4.030078382995816,3.195808018401079e-11
3.450163845327927,3.9494136912135804,4.642782595277824,4.2189254774829167e-11
4.2496385041520295,1.5542049748310967,1.2793364659074173,2.6932516042930124e-10
2.640082499347894,3.5338888792913097,3.6278136778829375,4.73114917891375e-11
3.889857541770188,1.503922622792674,3.2515805092070544,3.6928049373687224e-11
4.578749876906679,2.4172649738085266,2.7586456563204766,9.70656444335355e-11
2.6463140436019668,2.1990950336163952,2.9525362591043742,4.4553425668054654e-11
4.513491439485154,3.646445458765858,1.391643476562043,5.671691119807521e-10
3.9511292857253455,4.3216656374610345,1.7089774663341042,3.901988032478302e-10
4.417583455521809,4.413983600168125,2.5243042686094057,2.0422940730833817e-10
3.1606758002622564,3.7423287990329137,3.052109099637116,8.474381045824405e-11
3.3053902419330954,3.9426473878998474,2.3229611653273112,1.6118067923873794e-10
4.351926080795802,4.7019728461867984,4.262577443933171,7.516285433104467e-11
4.804894965496152,4.398187300697307,4.53166280843076,6.867974059202944e-11
2.8403325625734124,2.015221947592522,3.3953050171662578,3.313757235540902e-11
2.358162606106349,1.5398389461308164,3.1352138928500546,2.465476688698421e-11
4.0055671759393086,2.1943326056549406,1.879497342147658,1.6606161084952016e-10
3.4949435917447182,2.6835125016679378,2.460110336189472,1.0342387950742225e-10
1.4156229659704223,4.9592539121958765,2.89008591176068,5.609557973337823e-11
1.7062300380797875,4.289614612513327,4.787057002553279,2.1315958396022347e-11
2.7201132074518957,3.7097126744664735,2.9947683787835655,7.509084260477941e-11
4.778124021012156,3.728206828502532,4.947642264646602,4.8567643993047415e-11
1.9965415011742649,2.787954585156771,2.747532524870055,4.921126794427024e-11
4.016662833291975,2.341992675868607,2.508424411575405,9.977806453858192e-11
2.576724508059374,4.439535656216847,2.0835192825182585,1.758719952620141e-10
1.5421248470402062,3.6734021566299786,4.670986286451463,1.7328342731191646e-11
1.928406122200057,1.5820020771516994,4.475449014043196,1.0165260804973792e-11
1.6648975721474382,3.1873230109385875,1.9585421409339556,9.232811299169144e-11
4.524569039880926,1.0512702144619195,1.4410141603735633,1.528766947431871e-10
2.656404967909342,3.2558137281964497,3.3236770130830635,5.2251938761438935e-11
3.180830586056722,3.9914128668991857,2.138738296834238,1.8524142018430576e-10
4.192023458192022,4.033598228460896,4.440472014932856,5.7232704592173323e-11
1.609111526488371,1.3315394068329498,4.76853774372613,6.288628260242139e-12
1.848034549388501,4.203491241486608,2.5825306164786923,7.773479857940827e-11
2.6509030311701043,2.8615251228346836,1.2271373084069679,3.3619502854322464e-10
2.4302713950580075,1.0952127603684203,1.8592939304895588,5.138582925203102e-11
4.705156291733806,3.1929753235166194,2.308997330778422,1.880654237003392e-10
2.43620576467137,1.5705931040688652,1.0914796289350361,2.1435449050721183e-10
4.036279872685481,3.5183349248212545,1.588653812027419,3.75531278286423e-10
2.372548560978295,1.027542715051836,1.9708425582654345,4.188874350942378e-11
1.913714449740251,2.1658921225041667,4.781182809454121,1.2101228497553334e-11
2.6499896178894895,4.451239634914312,1.7753260194218958,2.497785348395408e-10
2.019148389135644,3.277825196641655,3.66902782346192,3.281241669441198e-11
3.355598020055138,2.213892646760443,3.271172358945291,4.633464435964319e-11
2.1565203835011313,4.63914480356306,4.4957236023872635,3.3035318061521605e-11
2.1288601494408677,4.088311892227408,1.85492431605772,1.6882041600561826e-10
1.2795799874106804,2.3590151423141847,4.657242202368274,9.288096556339374e-12
1.930498202193058,3.433234608493839,3.7903507697723646,3.078933296602574e-11
2.496965179579319,4.164048511858824,1.4368045478192633,3.361391371819182e-10
3.0911871182960065,4.432856707630204,2.7299009135824353,1.2271606546872995e-10
2.3858694128443303,4.919255216465037,2.882382671477236,9.428203552189356e-11
2.7477914134492925,1.5868675338661222,1.6528654216909922,1.0652110202500031e-10
4.715353481829839,1.5361671925322598,4.508910928768524,2.3779111899875964e-11
1.4650178261726277,1.0908113406363,1.7171056911950102,3.617301434672212e-11
4.639485595443624,2.8393384584366386,2.474971971628698,1.4352667630366815e-10
1.4140015814399574,1.7774428143687664,4.248800881450796,9.291781263025213e-12
2.6931704472416467,4.585471528450444,1.4593918114593114,3.8698152657099027e-10
2.9461224063679867,4.386837536590317,2.961443189470889,9.835166775651232e-11
1.3757054648314995,1.62382129874165,2.717718801078481,2.0185562708388866e-11
3.5307284397097587,1.8977561054222574,3.774928005775439,3.138149062400009e-11
3.4223739738432704,1.6681998943682306,2.528277857268004,5.960904362392816e-11
3.0130128335770525,2.318469657315502,3.552323205266256,3.694567917557106e-11
3.5421760675599687,1.3602089178651156,4.025817489839626,1.9840554248198586e-11
4.368562750835963,4.469304500647876,1.1135585117542508,1.0508449505132374e-09
1.1389683413223217,3.097159111711764,1.917812171412173,6.401020690063258e-11
1.8762147697474152,4.483723339931704,1.120666391564113,4.4704872913810686e-10
1.0416482129679436,3.8767668733504306,1.5133845894195543,1.1767341211655577e-10
3.1741731249197778,1.5025505966677977,2.819401416852089,4.0043505586208934e-11
2.4361477611368145,1.9696636478914922,3.813590597901813,2.2019819863799602e-11
4.279452584626235,2.980981242060047,3.634918916842221,6.443831999441299e-11
1.9638329244952755,4.390555204859659,1.7567112242153908,1.8647019673870327e-10
2.1047290553589537,1.5241776726065135,1.3679124775418359,1.1441984949043765e-10
4.565232232651535,3.587251421307185,4.857101005071664,4.632939445672477e-11
4.9237486417437,4.6619432866316135,1.3091730648760858,8.938300253618607e-10
1.3448044237862482,1.7897906914326671,4.7496949711856065,7.1205925697590934e-12
4.0458727825562635,4.089763595689758,2.4203227198559287,1.885168067601561e-10
2.771949439574471,2.2322856904007646,4.422043111483511,2.1119096640107644e-11
2.813949911574366,2.3026883290045643,3.394734442677991,3.752546749053529e-11
2.8518149955823953,2.15595768904529,3.9738614918729698,2.5984976749266965e-11
3.610299299961292,1.0761412834599824,2.8311230204112614,3.2350516550501516e-11
3.709531045958709,4.595870781041251,3.107107717818576,1.1785836240401783e-10
2.0247649706377593,3.894626811689992,3.339501422588611,4.7191459031982864e-11
1.1433273766006997,4.209005399666626,1.5261119799450409,1.3789975187357312e-10
1.2569042715021035,4.082258831643031,1.4815533768752562,1.5601068234659667e-10
2.849879194629134,3.277665057005309,1.9549225037968077,1.631241014298816e-10
2.5101662728337075,4.872646527524921,3.0063057082276776,9.032070466840513e-11
3.8467482260501455,3.7170063603488663,3.1344043946869453,9.713219735746176e-11
3.4532680791579082,1.256769365431325,3.402154135746371,2.5024425233389636e-11
3.206883679070769,2.6633106042282733,1.1310850889397437,4.455543352299618e-10
3.903950776513874,1.912125989327322,4.273071328258428,2.7285175730422337e-11
4.3606555060100405,1.2344882197129103,4.670899079722995,1.6467359356875595e-11
1.154618956299263,4.39869666846474,1.6882832991844703,1.1892091751624254e-10
2.8737582682594764,2.555652805855533,1.0676749536377823,4.299918059348555e-10
3.1615026217013473,3.99908277184542,3.1265977618254004,8.631695600577424e-11
3.995090244882517,3.9667988579863778,3.410454323664226,9.093446187263236e-11
2.7766306342984826,1.761461568035457,2.3659648538471147,5.831239880238986e-11
2.2680395531313184,2.7753640302565996,3.0021277846255128,4.6612074721027474e-11
2.2112110736889607,1.6715721219794233,4.236674587109104,1.374330886742001e-11
2.561466988298899,1.4928179617231812,1.4457289274493323,1.2209786659971364e-10
1.551980829423143,2.099888405924432,1.5592716244150333,8.945924303821063e-11
4.542786680428176,2.7130946965324347,4.890356851864098,3.439476896353564e-11
1.9408116790057859,1.8377127777125848,4.167099962248626,1.370816732874012e-11
3.8756128183993352,4.941418680405523,2.867288681141996,1.554659904633152e-10
1.0215067818621915,1.291679119308649,1.3600626854695652,4.760627977862847e-11
2.5824009092775744,2.468546666943606,3.8426393167992647,2.8813231331424614e-11
2.000218797555879,1.5639781458012676,2.9453921934930922,2.4066233383912146e-11
2.591136422232972,1.961091767194878,1.734138967402056,1.127733815959872e-10
3.4112421309008605,4.587269471283189,4.749769776535697,4.629220658523768e-11
3.838921415592819,3.6896941640095684,3.0420133023360743,1.021559286153995e-10
2.5472266312184266,1.0842624751355547,1.849759465333109,5.387133028134613e-11
3.853542969966445,1.6011302596704238,3.351292088543465,3.6664731682763275e-11
3.317103696049805,3.6704264403181712,1.490569242873561,3.6572737105134806e-10
3.9277488797363436,2.9231791695684457,1.3046221203406305,4.502107650512375e-10
4.590997525407195,4.777232761677045,1.115220790214642,1.1769227256082641e-09
4.0828091911577555,1.012651085118204,2.567835882755304,4.184760346376558e-11
1.4809365225147793,4.526133014811068,1.9095533000616678,1.2268356540864598e-10
1.7898178049509639,2.889726139281237,3.0045357060523976,3.8238158910064244e-11
2.6649677540323706,4.130450761053453,4.316314287328394,3.9432062226173786e-11
2.8877832861317088,1.1851178185013627,3.0689106974396414,2.4251791543627235e-11
1.8945157608306507,2.2306515392227877,3.062422898559455,3.0073628486989687e-11
2.4844482842227715,1.16943177863818,3.890283862875808,1.2812340480219242e-11
3.0381612870717585,3.7190771575430186,2.613151761733691,1.1043403770268751e-10
1.8265575480890042,2.1359566027152366,4.746086160584792,1.1559545279411346e-11
2.1018864307583964,3.593039412991983,1.3674120472148443,2.6956197292394795e-10
3.0494995137299927,4.256578915547246,1.2185075585201832,5.834706370774258e-10
2.3636821983296983,2.9243779761299216,4.497756509213231,2.280430861381161e-11
4.286554128179032,3.015337593867729,1.299589351979007,5.107615168645948e-10
1.0927371501226935,4.7189261820127175,4.9142680592516115,1.4250411639240029e-11
2.166182111608939,2.7660772773071303,1.3794037046690342,2.101661170206035e-10
3.963397787116775,4.854311398551145,1.594676174567029,5.049361751363052e-10
1.5869628818179544,2.046007206327998,1.580304452946553,8.677179920663078e-11
3.977794195085648,3.475254502626602,4.432777343667036,4.6952994120624433e-11
4.596743752701575,1.669601594260917,1.2685496007527255,3.1829838981989387e-10
2.8171152608928773,4.674370648058903,3.4225744495632,7.502537192534691e-11
4.320593665946806,1.3698720907844035,3.309430815712325,3.606641964512793e-11
2.4048614919347364,3.996420557595913,3.4348699297514025,5.436593515957685e-11
4.988301671312556,4.823781159054393,2.9135433862666216,1.8918361931266082e-10
4.682529387458244,4.752930587431637,2.8817645200133097,1.788591677887307e-10
3.9130699684725503,1.7265402021569844,4.922542085803396,1.8608083033215266e-11
2.848397262600893,3.158975669932056,2.8567917078348435,7.35827288627922e-11
4.717155732896374,3.788597742645753,4.825451214195446,5.122347697292572e-11
2.0453609105161004,4.083780095506589,3.252210547180561,5.270613793383837e-11
3.6913699946523333,4.248055346302415,1.6848618194049911,3.686679369682092e-10
3.053311626277348,4.180393686866061,1.9677024600624975,2.2001670673334132e-10
2.466656241550376,1.8124697121194817,4.045062013675398,1.82353969542342e-11
2.813286788531285,3.2833599810353036,2.3088357963530695,1.1564653242154451e-10
3.2298110036048073,4.634934507553192,2.797799863216669,1.2763612914837309e-10
1.9029441560094615,4.077130734286657,3.2310547186927554,4.959960952057007e-11
2.552574218328777,4.108573737897414,2.333173086215999,1.285765446454941e-10
2.020948254728601,4.481118033997596,3.3177533644458093,5.4908500426382054e-11
2.460383917565703,2.530043488250705,4.55374797479418,2.0034526647934464e-11
3.882818828921638,3.5069757075027823,1.7055350145543695,3.1242430120096344e-10
1.9860501477778407,1.9363452665251826,3.5095160675171875,2.08384177736077e-11
1.8832741734980685,1.4148830991121963,2.0096576305188028,4.403278544746004e-11
1.2919511844461016,3.3146901797780766,4.680133316647288,1.3048446208961837e-11
1.5011482455119785,1.7443607462801975,1.8524381248532484,5.092824015670132e-11
1.4117595993461447,4.077891779744645,1.1180552412870117,3.073662115103642e-10
1.1479684463905935,2.640313990572991,3.0888396313557247,2.1202203987095137e-11
3.3054403541304094,2.750431139862677,4.603760830557034,2.8627986015647407e-11
3.089414004888512,4.944647793389413,1.7027490126560543,3.516384858430672e-10
2.4612614676823186,4.21096127991629,2.4062280760874684,1.1946800825413743e-10
4.813225887158901,1.1552469253876194,3.3136504770798174,3.379744523606145e-11
2.2699220293022737,1.7373705173251683,2.88907085436798,3.1533574510172795e-11
1.513864568369209,4.274021534102445,1.3127000046649302,2.505987839746764e-10
4.851028189347161,4.0095300965685015,3.5428562464346505,1.0342044843059886e-10
2.67323799012727,2.9084474245840495,4.316761786267692,2.7846388462119392e-11
3.79596575816532,2.566584417583341,2.9721518401799227,7.360749807277319e-11
2.0549371995321235,4.55229723653996,3.0588230655989492,6.672777665778491e-11
1.7450173732135519,1.1668165597525784,2.3850007396413235,2.3889744522284093e-11
2.6523338541504002,1.7366259069371126,4.220511518883826,1.7258000873918297e-11
1.9586687803228964,4.72463500595124,4.919073843475266,2.5524002742761483e-11
4.698219244319123,3.057147162907418,2.806221887578444,1.2172837134834902e-10
3.69701578600117,1.0550759193306165,1.5358427364698701,1.1036407356344759e-10
1.363886874124999,1.29143478521945,1.1680341678024755,8.61640170479106e-11
1.8394435836144662,1.7853640471073922,4.808677032298476,9.478688277563007e-12
2.85442102172883,3.375635512771634,2.1213651176370534,1.4289891587639485e-10
3.054643125394117,4.1723477678425755,4.389912647418694,4.413828190005135e-11
3.7342984666390757,2.707680463441721,2.4801897298000317,1.097040928238589e-10
4.732738274672895,4.662186576749283,4.482882245856804,7.32780118613593e-11
1.452019357388409,2.288124053096659,4.377081843299754,1.1573609916785105e-11
1.926031351945591,1.9269869052757094,4.251298273555402,1.3705193300224894e-11
2.808393898973738,2.7451024747058623,2.5279075198854026,8.051567179397708e-11
3.0170810194932645,4.8009122431003775,3.154809978295246,9.712936085672525e-11
3.7869086479533105,2.8972133564737526,4.300190096203636,3.959826889735828e-11
3.437290544682066,2.647907770939086,1.002076807234249,6.049274312341351e-10
4.966625359232439,3.454249772340562,4.462132117628637,5.7506441149723456e-11
4.491175688820013,3.812221771171873,1.0128808393583193,1.1138012286300726e-09
1.021437228510953,1.1772104914072217,3.797618278603671,5.564541564719801e-12
3.1396854209185188,2.8607386116922684,3.258945912763598,5.644119638518889e-11
2.2671387523990423,4.347458138696549,4.719254670034315,2.953608186950757e-11
2.3571966375091575,4.637858258945146,3.931251798628809,4.721040911639544e-11
2.4242438577664043,4.197146623459064,3.9740634251507445,4.2997881577534755e-11
1.4310861210299817,1.309642103879499,4.670739565788516,5.73367795871655e-12
2.01958512405612,2.7634879965766874,4.997641085525052,1.491337098077847e-11
1.8448513334464027,1.239679076895063,1.6164174181171704,5.841841973857564e-11
1.2503793750325305,3.062977535439499,3.894027591933345,1.685674691277974e-11
3.6019871040516818,1.297027785981503,3.9637918490827624,1.9845221718670315e-11
4.589623246623553,1.269909673677199,3.7716586482388808,2.7344583315488058e-11
4.406996503702353,2.907735079153083,4.105727266575578,5.073451936032789e-11
2.2999986937243984,1.5588955488633203,1.2504963179440662,1.530262635132013e-10
2.4556838290647236,2.6217466097942,3.955299748558134,2.7465693192707658e-11
3.5313259264982615,3.0327479114507625,2.066467795026678,1.673797962372516e-10
4.683277646189306,2.97933698937851,2.5312363253381114,1.4534173749411631e-10
3.9854270727763366,4.910740336644785,2.4429325332368848,2.1886942314939686e-10
4.1053510439687075,4.792440717563485,3.643127082478168,9.893378143227393e-11
2.862803850291381,3.1137205070064375,1.7670158259969413,1.9053578056122694e-10
3.5739915241951272,2.1950598484508563,1.5955250673073182,2.0567372928491613e-10
1.1645976970590937,2.4151155232319264,3.3226350456534015,1.7003360224844057e-11
1.4551823344870218,1.17346810453249,4.413162713243597,5.851605313436055e-12
2.142272669041308,1.0652777469597994,1.0291559123330716,1.4380085151511312e-10
2.3744485477527792,1.1901821613902435,4.012806919724535,1.1712938819563457e-11
3.3070653151869003,1.5106574241160668,3.8548166791157175,2.2438173675694824e-11
1.26664748431614,2.5327942066137483,2.9952099028578965,2.3866423651160805e-11
1.9794200834036118,4.136734271075301,1.2497284767900587,3.4990525673593007e-10
2.296207725803398,3.327425816878062,1.7083850427723006,1.7471662714224166e-10
1.3917542424822038,3.6806328346124184,4.313318557614354,1.837588162275008e-11
1.565326662394611,2.6178516471370274,2.400922866052402,4.7443836546165675e-11
2.088708676722057,4.135762373097489,1.0366023230459929,5.365315873138351e-10
4.486113947269789,2.5059279034889115,2.7872016902129437,9.658024025313301e-11
2.722362539829172,2.2479747042269937,1.1760665077609964,2.952975324572758e-10
4.074295057955073,2.499694936654616,3.5632058823949304,5.35357457386878e-11
3.922170612313197,2.5594463956012907,2.032220706172655,1.622246992781524e-10
3.8716778617388665,3.6270473368102274,4.235024333770193,5.225487594104551e-11
4.248714225650171,1.4751953934646904,3.553152853568831,3.313336074497501e-11
3.436908865496482,4.6318163941142245,4.309786216347831,5.719974577115575e-11
4.564957061492538,2.4444897129791165,4.316184775442479,3.9977078792045095e-11
2.3259646236636375,1.8423778275531397,4.628664903478023,1.3349239482939897e-11
2.344540688136606,4.079519985076388,2.830581060320172,7.967128989396921e-11
4.918905345441523,2.641644390683592,1.867195750405581,2.4874211413364584e-10
1.298144179915325,3.8257487452481627,1.9271773870323021,8.924465091521305e-11
1.0288613468323886,3.862517302892291,4.462463918256466,1.3318768080948501e-11
4.531341245474426,4.717759076033701,2.8955583586020888,1.7017042581663184e-10
4.51706838245696,4.5763902172206254,1.3491624071697066,7.579445822228591e-10
4.562581807757222,1.5465285747597584,3.9594209324583587,3.00394146724777e-11
4.313478061305245,1.8702295260780888,3.8340008573959867,3.662724838619444e-11
3.7740503294749654,2.992343954459161,3.5579196947561162,5.95405879408023e-11
2.4588602260321397,1.4997511576802234,4.979517904000445,9.925780197122934e-12
2.3641913026788806,2.9756574562005396,1.9669651660774852,1.2135520709543941e-10
2.216657084560658,1.1196295836968009,2.745520955558312,2.1974022001284797e-11
1.7332252331207179,1.3714157620538407,1.3356311415893898,8.892774279367119e-11
1.8528824720066037,2.852071481048628,3.9745415505753834,2.232648723491469e-11
2.0509593172296006,2.7450568614869506,1.420117621297114,1.8631420185141123e-10
4.709358749961639,1.0349749456177224,2.082450076837908,7.50116324422951e-11
3.395017265589992,3.8436539825741862,3.2905773856159803,8.043188675401877e-11
4.793005140366673,3.9310006213360205,4.242720176185472,6.985675871407101e-11
4.417588236334972,1.1936354591441058,1.928124884291924,9.466137917585304e-11
2.819030979292252,1.1213896563115182,4.182888620884857,1.2058408586938896e-11
2.9947176445298944,3.18518581982039,1.6146979589876915,2.4417110280804903e-10
1.8447033675348123,2.05937499992287,2.6135848910842747,3.7117178669072266e-11
4.0534620751651165,1.9382388918697053,3.525703440564365,4.218208681302745e-11
4.222690277145773,4.062378850910864,1.5261748320273707,4.915268861503008e-10
1.9769570637171756,3.3769812792549945,2.5802455577805974,6.692525191155585e-11
3.980881114614025,3.7141169972347647,3.7199789712121114,7.130828979516365e-11
2.0435932187649075,4.5708693341040245,4.605980547517641,2.9385647368950925e-11
3.920492221027536,2.8061730946627907,2.6981790451300243,1.0085553208083091e-10
4.850541072286527,3.6252953306075613,1.9379493057911872,3.124891593825515e-10
4.170636999506164,1.746404455896275,3.7082492780763108,3.5350501812495944e-11
1.9658467897506107,4.823018099026592,4.5219647003384615,3.094570819606417e-11
1.37984343188737,4.329313940994661,1.3762508470806432,2.1049408396897739e-10
2.4202793297698544,3.665254761373786,1.1763533437424338,4.2783890897105954e-10
4.391915197580679,2.1048803606594264,1.2239614496584688,4.118433762150431e-10
3.6515452004207947,2.658183306493563,1.6338565688697186,2.4267215815325094e-10
3.8534199244532634,2.256125484494715,1.4249200611838941,2.8576878636543004e-10
4.496271789074356,1.327785288941521,1.4295309246660315,1.9497525671292646e-10
2.4477348365879648,4.087170834319934,4.592732456251076,3.1654180026856627e-11
3.6465135528416117,3.430908987299142,3.523411492868386,6.725839488023408e-11
1.4177212835912214,2.1322168213443473,4.325103633595758,1.0784881826465115e-11
3.2476445870203934,4.451513068016462,1.6040645274193355,3.749891314417231e-10
3.068633927378576,4.884005938790204,1.9122673872960179,2.7353331649607217e-10
3.3280876867721507,2.858931374712817,2.657216096345774,8.993545668190246e-11
3.475894145206619,4.490255168642557,2.926440684511386,1.2163101024840955e-10
3.4930974049366337,2.487194036818233,3.354167700800139,5.1539122627640726e-11
1.8951308313836503,4.797844744597447,2.5647650805698543,9.225213068463353e-11
2.065221407091736,4.6645341558310855,3.88445295433373,4.260900237891586e-11
1.3447147764220428,1.9304479500467426,1.0483931880275046,1.5762536127933412e-10
4.129985087595366,2.0831392256102856,2.342335835143483,1.046537168600217e-10
3.182138357216599,3.2430112675247913,3.8603546879761543,4.621673909660752e-11
4.169630285196954,3.7332013538895765,3.232909667042824,9.939808690627505e-11
4.270933375097558,1.0630877929195481,1.3623389075522239,1.6327053293313342e-10
3.4908873145191364,3.811834504248003,3.292980522015318,8.189883906141301e-11
1.1031744506812577,4.759954034618174,3.713402538524305,2.5414940446887914e-11
3.604771268317027,1.2994010572324868,1.4099650897754183,1.5724991209539776e-10
4.6274600952279545,1.1257480555819868,4.8332142900658575,1.488325725067923e-11
3.61940813952994,4.143059544306916,3.2191627395623534,9.657374464729898e-11
3.6102464449626415,3.9000479234532635,2.556674604886858,1.4376132921938891e-10
3.800875923459097,1.0824993679648558,1.6450039913773358,1.014760688217681e-10
3.224832470091207,4.697606284031669,2.785471508843095,1.3030843647505075e-10
3.449363632884635,2.6911519462993505,4.568718866195187,2.968072686112988e-11
2.468460389559116,1.9572926065342178,2.560716683903489,4.917507811417274e-11
3.6838371786644006,1.9869305288954044,2.512012752674658,7.741509159292234e-11
3.4633554689232415,2.549754240688368,3.4966837061643363,4.8202425717943635e-11
3.6010531711573943,4.478107354359357,4.720894080982346,4.829050241594415e-11
4.82924282748902,2.04545891765036,4.666590752362854,3.027307765194852e-11
2.9913680669703338,1.9067697816183387,4.198968857410026,2.159081364646158e-11
1.9638770885325751,4.823743669457059,4.098815252226245,3.76329306563261e-11
2.09660775131702,1.1651913593488472,3.255030249088385,1.538829796947584e-11
1.4875630649229987,4.783186219147465,4.760495991341358,2.0954363359148414e-11
3.5896877805285365,4.71073757876045,2.650084023339313,1.6069875160446658e-10
3.561345361323314,3.095195634945515,4.298633010204125,3.9813252581973757e-11
3.0151777349430504,2.5593732303174486,2.8316515718275124,6.423224718378957e-11
4.379390796594723,3.2563589608819923,1.4348120593878049,4.623194236697095e-10
3.2376408275946247,1.8374078705850998,4.886976165732401,1.6624171126778803e-11
2.320441704732871,2.8894463007740674,4.386813309709001,2.3252689233946596e-11
2.8088323904325248,2.416766516565743,1.910943593381635,1.2406548752671992e-10
4.983227889266924,4.425731282925151,1.1892062828275907,1.0408007634016817e-09
1.0136997819604159,3.929811026394128,2.2579798097090866,5.2146734051703464e-11
4.39361385127734,4.521670199345792,1.9705737939730295,3.414456339729109e-10
4.692156241676088,3.43378833318778,1.035706879260463,1.0024401811380552e-09
3.3124775037881915,3.5557651569448385,2.8337360404349496,9.78934022117296e-11
2.4349760877177635,2.6371885232292107,2.3556994057919898,7.722934211225416e-11
2.7288901462226636,4.436114860963167,4.133987487027401,4.727556440610143e-11
4.498848149713757,3.931548800503122,4.0850772515846145,7.073765525918544e-11
4.020842023026409,1.7655048817981136,2.1162367844248426,1.057897564401366e-10
2.199584801131057,3.9662433864493387,1.9320847122162732,1.559746231826556e-10
4.463663836859443,4.625355163342263,4.354019461295327,7.268453840148099e-11
3.348895276346441,1.0539104349703337,1.9942915777526387,5.922624017605557e-11
1.6824624531656753,3.7369501858154117,1.6690514012065254,1.506293037286573e-10
3.702583926205884,2.8878625870909427,1.7286824698087662,2.3880157249567733e-10
2.492172695787384,3.2744348781158705,2.124980598897739,1.2061206551411636e-10
4.576125390283735,1.7870868688192831,4.904131093622308,2.2693717289065986e-11
2.7104592534199754,3.3414641746442664,4.769743928538131,2.6569034129899978e-11
2.245060222086688,2.4421046430149382,4.237231258637566,2.038046702658542e-11
2.7441915227926215,2.7430903392622206,4.444497785776651,2.5432868338455967e-11
3.4232320048033524,2.1793510450717504,1.4151182404378613,2.486361483071468e-10
4.694969709414888,2.1088126029145697,1.283120486940541,4.013489277066978e-10
4.171981717079083,3.9991835473485975,2.372126519093558,1.978901776958124e-10
4.645661819380363,1.2468241777833846,1.654412557593235,1.4123793981436976e-10
1.3710682889512018,2.3350630881241687,4.687549924891027,9.724159973363153e-12
2.2118194381522636,4.621526236537921,2.0010110501461362,1.7038145465719423e-10
4.805803637763722,3.887943555404738,3.2500504210678534,1.1805706392222353e-10
4.459102318215258,2.348066040973001,1.4102622924684267,3.5135339944397956e-10
4.667967632247998,3.768733562328918,4.7127179137524795,5.286479873200544e-11
3.9942452303747222,4.72641021457906,2.0552177315678124,2.9828860523484216e-10
1.169387471002481,3.9650257052924185,1.4792561407398286,1.4141773733896775e-10
2.608137287738595,2.7789976254445996,4.25466642959181,2.672229739298474e-11
4.27750388347339,1.2549630408127745,3.876677688432524,2.3839007000473426e-11
1.6088029462097735,3.045536326022897,1.6609959389753897,1.185265648852789e-10
1.7694397713938748,3.6176801592093066,4.710332735385439,1.9255242029971077e-11
4.745342470503445,3.9216046135414877,2.4471925877596803,2.0738687661578734e-10
2.7502021524697824,2.1131513451484145,3.3139842847022125,3.5316733917906546e-11
1.7908383323401482,2.9895259271554897,2.359406513225897,6.418585939163818e-11
1.3332124818511453,2.9492725618959668,2.961626691048611,2.99185025523288e-11
2.2090381958206655,4.758432010062993,1.5341088092883624,2.980855806304662e-10
3.5627289981717984,1.5434482597432075,3.363348366111056,3.244272767696712e-11
3.3996179783625933,2.630498593198673,4.771245764351275,2.621747234894382e-11
1.304515051689132,1.4409627660490756,2.865266244839195,1.5281222130168164e-11
4.050510445150435,4.893118535096039,3.4153551149217223,1.1339919255747617e-10
3.1515074353554042,3.12363786569716,4.662325411647521,3.022456455738593e-11
2.2623182220305176,3.036008621075614,2.6008949982262126,6.776372282811549e-11
2.48861281691873,2.640751878426678,1.0810886576795986,3.7527403022395047e-10
1.8449142428030103,3.6150435689717035,3.361164864085159,3.940000634781952e-11
2.846399538457992,3.8390432317744465,4.7422585446328345,3.242907864697274e-11
3.840380759615305,1.703734048520125,4.0351399549253815,2.6819154700713968e-11
2.8116801506519846,4.845169607378813,4.271643677128278,4.9827725658897906e-11
2.5177727164126478,4.682178911676802,1.8246011195798184,2.3632782385432583e-10
3.836120038850275,1.325312989367165,4.050258231911867,2.068385185892205e-11
2.7106386755338434,1.2255038899262862,3.4960565805339705,1.8139095262384362e-11
4.6168211927905025,2.8928352933339214,4.437833518549641,4.5259625124675483e-11
4.768124259984985,1.5832045852331413,3.0705892345629304,5.3435190280318295e-11
3.6414913393278585,4.974751951545084,1.044434433367016,1.1083439423410658e-09
4.643779232669637,4.365340180308024,1.8267252704962789,4.0544260790707045e-10
4.084391271111523,3.8506144788588283,2.490171433717563,1.6927198523976826e-10
1.6118512866921884,1.7738843615685371,3.9113009821988722,1.247366291232832e-11
2.3196834814209604,4.563444691545248,3.0690600529900123,7.500616321197176e-11
2.7635645912195024,1.1537988849713647,2.059308621923263,5.0181433248429914e-11
2.9106733247229863,2.837195594783949,4.233862999772768,3.074647576563148e-11
3.449159771178243,2.6330010018121297,3.1798388324586813,5.99432549170151e-11
2.520558046273517,2.5996760149761413,2.9936989261600337,4.8796187321577156e-11
4.828068438073537,1.3144448097518482,1.7514454013249914,1.3807300251016474e-10
4.758404862043077,4.912506405058627,3.079512403302899,1.6450791848544918e-10
2.809025747698721,2.76278644514067,3.775943813509164,3.6327724243102576e-11
3.231146683577958,1.5584053245819405,3.481108423853801,2.7732447490565532e-11
1.7021594431106926,1.2393639998567734,1.2361487264964697,9.213907886018238e-11
1.8101143526141033,3.4937461307042303,1.8947523677980924,1.1756516064233326e-10
1.7018205390942143,3.1236733702944317,4.145934668238541,2.0640521691739387e-11
1.9885395803819503,1.4403968274827306,4.980381067244613,7.706859669372229e-12
4.301897950695856,3.372873013141661,2.0535804685268153,2.2962694423088134e-10
4.283993764090122,3.277989814734749,1.0790116317222376,8.049898034470168e-10
3.9287601356604513,4.29452855455178,3.717298351010127,8.14896351592944e-11
1.383166479944876,1.1466367685789214,4.320763877907115,5.66977017127111e-12
3.246790590555198,2.4582429176790948,2.133063543544844,1.1707325445349504e-10
2.70360137899917,2.9144160506655523,4.312949829828424,2.8270376938208882e-11
2.554101476322686,1.6642563700463708,2.9399262190261624,3.2822504423348705e-11
1.6458037623872177,2.372932641762388,4.230152930855276,1.4565906792609387e-11
3.643609555844381,3.284010108034582,4.3769436015647445,4.168507801951907e-11
1.622449032363824,3.7900574483019396,1.7554172692265868,1.3318101640147321e-10
4.413459140695384,3.29071402957612,2.9877564542667687,1.0858380818069823e-10
4.2120206624295005,2.9147163022479754,4.032959497365503,5.037618375122979e-11
2.017933165620574,4.117052657820636,2.271521153105072,1.0745975135867821e-10
1.4899979131987928,3.028758176546822,4.864176931486419,1.2729687272594438e-11
1.6009354073339863,3.8738246945425607,4.019474691689977,2.5618953092191445e-11
2.3591107044766257,2.648311342706698,1.3094237998941058,2.4318853892183146e-10
3.9914518966383263,4.432938818159485,1.0141814238516869,1.1480942350806806e-09
4.856312679032493,4.2198704767531545,1.599538813312296,5.345673125508921e-10
3.436357272164588,2.3020657259343227,4.6698050588716296,2.4210554093018883e-11
3.4471814380493124,1.254596055953447,1.7464139699077483,9.463676131903822e-11
1.1831377633802207,2.7886909892671463,2.287462279282568,4.208371101916668e-11
2.3213186432500286,4.909133488959782,4.009929588448672,4.729903820235526e-11
1.5834183705755671,2.61121221243771,1.8748255542059553,7.850590438364727e-11
3.174427034084737,4.164557929415172,1.2415372657296873,5.724017321757788e-10
4.615149194253035,1.831313615267557,3.530668076568958,4.5250240319044217e-11
3.634634778264826,3.005034825433587,4.922956085690751,3.0077696038490106e-11
4.624537393371289,4.232150562831195,1.8484848613599265,3.8228196631566226e-10
3.1700022584961416,4.081229835751849,1.2395986596089692,5.619201824824938e-10
3.036654292278883,3.8076273989869702,4.547451063115458,3.731641633343327e-11
2.6729924235741462,4.240397114308756,1.4557306378625094,3.5696728451205134e-10
3.4943318371095047,4.9138416539821765,4.717758884292461,5.148728869232285e-11
4.729984580170684,4.840267388151525,3.181453904838825,1.5096073808618303e-10
2.2536056346871804,3.6177448611100034,1.5041552949825983,2.405008987859074e-10
4.297021717086832,2.8153022487125976,2.0284166740575493,1.9622956194813952e-10
3.8454905331145217,2.540800351630148,2.5056884986711494,1.0386143784690665e-10
1.9640373294862945,3.51878951331358,1.1963237554993293,3.2227882828482374e-10
3.1029289113797804,2.2650903482118143,1.0568360058763946,4.1997975479337925e-10
4.609951027030471,1.700860935384469,3.8610748543709215,3.510224377800168e-11
1.1973853923786622,1.4285470575185601,1.0787572317285945,9.809960724750637e-11
1.5053560710760596,1.5553965344675453,1.6528626743077375,5.7199604117600227e-11
1.353526104363182,4.068810995910425,3.491473890038872,3.0151071987967565e-11
4.90545941952887,4.766887186389642,1.1508850021989363,1.1782485189291805e-09
3.6850181901784658,3.5588787767349426,4.900003782912846,3.645408508550933e-11
4.648481959542424,1.2969247740085716,4.330605041848184,2.1454331364535132e-11
2.0315940911684867,3.694027686906729,1.199745526465399,3.479725702679923e-10
4.104222967366158,2.3821818509208863,3.9008428697820134,4.288201127201162e-11
2.049576323293908,1.75374607230123,4.8196541139815,1.0327263671163085e-11
3.4434237965934797,3.513724339325489,3.392082574319699,7.017970430519388e-11
1.9466236506078949,4.707514719051902,3.9547182513151093,3.9104684659414925e-11
4.121569492125365,1.0958043343413841,1.54649691078219,1.2603284192520992e-10
3.4724352556236044,1.5154932734352444,4.31666407508191,1.8848546547366694e-11
3.616737081779767,1.2233358647812942,1.42157869346569,1.4611911667474166e-10
4.599133641368006,3.5601564849538883,3.2056512855619252,1.0634051624073685e-10
4.051024153501292,1.883046195851279,1.1778717152389673,3.6695771547308274e-10
4.5230153675118565,2.4741852896706416,4.355372755291622,3.937275694817591e-11
4.815329519778263,3.3501899611066586,1.0814574369888024,9.205826466454576e-10
4.43144129656214,2.978976735429252,3.844095931956957,5.962245850177954e-11
3.1807058039643326,2.0307326507631345,4.774505498337549,1.8910615291708373e-11
1.74709910555121,2.179842953495435,3.2539741602503707,2.4004946918003002e-11
1.5143279429596248,2.931331513933535,3.0836488379983824,3.115596770057655e-11
2.034450488928406,1.166811475656794,4.225131158025949,8.874698940284976e-12
2.91074454654581,2.481428165567067,4.740365438047492,2.145202804803895e-11
4.527549741739152,3.063942172865729,4.725653935504125,4.145779195678952e-11
4.8037200833292015,1.0514204949720694,3.305210834671838,3.085616853433153e-11
3.9342187232662518,1.0216000050050331,3.3106503541702272,2.4473661957175368e-11
3.1849562383525187,2.665068934314074,2.1709602139264,1.2019721077863456e-10
1.5896740738485828,1.0364181439005553,1.4122753701412312,5.5130322199663815e-11
2.9622123545832704,4.402758010152785,4.612129358440028,4.091892803455596e-11
4.237319748762344,4.748703726455565,2.745357658720503,1.7817823452949196e-10
1.579028020591927,4.558216414564999,2.97589960287696,5.4241841958060827e-11
3.7846821046988492,4.709713227424752,2.835919107831336,1.4791846634837267e-10
3.378467787125971,4.065718215163096,3.467398111440539,7.624929693303653e-11
1.3666372078813356,4.196752499142429,3.9163593414818187,2.4956733086106372e-11
3.7918750901136242,2.111442877686679,4.99587595808867,2.1408994371338697e-11
3.8122664280776846,3.3112184481318216,1.9657019197623407,2.180328623735831e-10
1.2573374711162888,3.0656827355095047,3.1905167260193,2.5272209761367046e-11
3.7577027962313614,2.6061354580052907,4.983235557611862,2.6319811941115213e-11
4.902410353377167,3.256951398501627,3.5815272267053913,8.307505299798686e-11
1.177799040946549,2.6839388741543497,4.502134219104088,1.0408619747625131e-11
2.1614180554723514,2.1742444039669673,2.9401262360672593,3.6282849162268234e-11
1.1185897766741402,3.7722946495322414,1.4481075195515953,1.3429536946108086e-10
3.0297877923809184,1.279744981689197,2.8957089790684427,3.086114416571306e-11
3.3591184753955283,1.7136373974283465,2.3623601471965605,6.883958448505334e-11
2.3838011052202597,4.318199114265859,4.918959145378001,2.8393076466609265e-11
4.852525164642095,4.97365826657645,4.579617236551371,7.680183174401984e-11
2.9325158556206885,3.409276189578456,3.1747777012424803,6.620062872709499e-11
2.231690373840889,4.653652908073535,2.9623682303052115,7.898344054573373e-11
3.2033213735536084,1.2686144444663099,2.9195032125745604,3.18198736502409e-11
4.204690161548784,2.1401104047732424,2.121088783789013,1.3348691141462992e-10
4.688634798149717,4.119423863146746,4.846220662922714,5.488614382354808e-11
3.080769470089729,2.249261968858487,4.149456345384355,2.685981669273862e-11
4.649555932647136,3.2933238440269625,3.9831531330480447,6.441367990803668e-11
3.391526160102777,2.6808419199647173,4.601468014483652,2.8658916323563396e-11
2.1854202951561597,1.0358457038778899,4.280264128506104,8.24660331757701e-12
4.358515540626891,3.8373890962697073,3.129898929111833,1.1394624326283166e-10
1.0514525842759226,4.006568455474847,1.990371599941052,7.097087015612781e-11
3.632823249996704,4.159311017958615,1.8246519006203359,3.0289480138865226e-10
1.827603657534365,3.7618931001700173,1.88637078688806,1.2894976256985918e-10
3.7826654970457754,2.8524869058428233,2.109262540779142,1.6186260294740308e-10
1.8519561404279976,2.6894001613315726,3.960777581015511,2.1189046586770024e-11
3.3329510080459928,1.1645370767803782,1.4940318800952506,1.1605095618137809e-10
4.956342595058829,1.0346027020793418,1.4770935486377073,1.5685744125940956e-10
3.64033125142223,1.6208274369159374,2.453412088937405,6.542185953651018e-11
4.736943891548359,3.9779174277404272,3.4976855453239053,1.027965838534813e-10
4.192906611062536,1.6376115817488412,4.6247196355102655,2.1426018405311937e-11
1.8168611094211626,3.9047363281301948,4.177631187747486,2.7129353886054174e-11
1.7244301836614513,4.016166736453953,1.5830443173248208,1.8444097395162352e-10
2.0415785265461603,1.396975901468497,4.159936598819989,1.0999369274028634e-11
3.6801765172789334,2.228609604225196,1.9802249989729246,1.3959175653411782e-10
3.930671461922089,2.5792144457388493,1.3852749625902838,3.5258873337943104e-10
4.052231680912552,4.6575506192112845,4.623428987840727,5.892636754880177e-11
1.076849565589015,3.0447302638023555,2.1019046883306522,4.952950934543179e-11
3.2699741924069796,4.9413453413652055,1.0292376589987762,1.0179920766019537e-09
2.3088316508878766,1.571425065597762,3.3958862319698744,2.099741740084044e-11
1.4934909686118503,2.1317981858540818,3.2596915782701217,1.99977838738793e-11
3.0998345447157876,4.081517471239177,3.3573207422396703,7.491360706089908e-11
1.583949542486681,1.5372326045418023,2.1171494086266813,3.625468342708474e-11
2.8706335579662308,1.138324014879673,4.476503803851687,1.0883083021665048e-11
1.42871691136975,4.264167556117428,1.3746608024268157,2.151669435755924e-10
1.2200553636210412,1.1526491371803824,4.898342821554364,3.9116907808694e-12
1.3565280882835715,3.726557279580947,3.3949519045360694,2.927221199862544e-11
1.3838666523152527,4.2046285707506055,3.9802007692598744,2.451309367275196e-11
3.0000260018272153,2.7566476554066806,4.520369991440679,2.7011239552102695e-11
3.4802360282252343,2.1314416951187187,4.967575677664353,2.0062237810520858e-11
2.1401564674439473,2.118331562322406,4.322149416503061,1.6196684130323128e-11
1.1200291377004525,3.0141344230677873,3.653059123751066,1.6883587691144347e-11
3.109083750651339,3.859539081682991,1.469111963214599,3.710601157152799e-10
2.8320147341265565,1.6726089159077007,3.926670665399784,2.0503460331791315e-11
4.945614562849429,3.54630886077694,4.638897422948968,5.439431191916005e-11
4.259653918602025,2.111261701790853,3.5925648999303044,4.650432475944309e-11
4.249106338075488,3.768960545192004,1.6140952706061902,4.1024855809131786e-10
2.5079668848223338,1.0161239918960319,2.807338438506576,2.1580681812938333e-11
1.3181810143886006,3.463651036201618,2.309023852021552,5.715293614253009e-11
2.583199719642363,4.635630654778549,2.5942000706421324,1.1875340738885162e-10
2.171441751628056,4.7150812370805015,1.0979201633940008,5.668681337549905e-10
2.331163568276745,3.36589285809528,4.908698232406175,2.173334473027732e-11
1.6848840556115374,4.450441271176868,1.5656144813121493,2.041689229487804e-10
2.348292055454705,4.4887101582756355,1.4249863315041753,3.4644833405548026e-10
2.9749390065335377,2.4678681181767725,4.778485258433166,2.1458813966810767e-11
2.0893684910875665,4.214778562861983,1.6058434410002365,2.2791326431717433e-10
3.659073569893545,3.403041648758453,4.506104155444856,4.092815394866112e-11
1.9351849098916052,2.464741304312467,4.360674944614329,1.6740660354311388e-11
2.753742015268535,2.675655828407289,4.889833557377512,2.0566081333257856e-11
3.302201138852944,3.9933043836648814,2.246132221124611,1.744421795306196e-10
1.6953391289241,4.967100471940853,3.5429584603557447,4.477273369439412e-11
3.947879361630659,4.94036430504862,4.210523209248151,7.34238104913408e-11
3.1884103271311854,1.643239790936347,1.7209361223363389,1.1806790338689843e-10
4.781503864710539,1.61013884726081,2.4412763858829813,8.62144657061366e-11
3.727143561734252,3.426886248122835,2.8092194202955625,1.080166460336702e-10
1.6142818095774345,2.073362684474245,3.568778481547903,1.7538871657509845e-11
3.265015361033975,2.531485972622165,4.408029079593424,2.838952032455131e-11
1.175943876067313,1.1109070546527078,2.8534141525056524,1.0708309127590726e-11
1.007026190617271,2.740803821061631,2.420352467393606,3.144471685535274e-11
2.050603244969003,3.365119440572593,2.3714153172950025,8.18941886807506e-11
2.822124062841336,3.624970748640497,2.199063569163419,1.4118587275152024e-10
1.9945742374045476,3.350885237102681,3.21114949623224,4.325884424798283e-11
1.109113873697686,1.2281524618310455,4.1283322894865755,5.334151305532985e-12
2.3054513487505943,3.739939024277474,4.852626894237785,2.4437281074921567e-11
2.248101315636622,2.770897508644072,4.278665285948438,2.2709413448077242e-11
2.5755612617197934,2.6037511920961025,2.935526964627433,5.193802373293308e-11
3.957335348894948,2.4263181806608642,2.146926907478661,1.3902800507210222e-10
3.033948013116318,1.5080140342107922,4.288515487674671,1.660296891403189e-11
4.6563040752804365,4.364756816812829,1.2500751634569736,8.679912248676595e-10
2.573579223417814,4.1770406992459455,4.171242704448694,4.123457577479169e-11
2.7059801456891868,1.8960237347811395,2.2617887229376232,6.693457480587346e-11
3.7449540949378597,2.6068278004895897,3.8105417999205597,4.4871603013646274e-11
4.327212791931046,3.1997172957206907,3.7096249758874533,6.715000505113428e-11
1.2602386963702128,1.2189897916001127,1.8374214057827176,3.036837395039224e-11
3.5053560768906102,3.831790721630291,3.727151542640868,6.453064738340644e-11
3.2981252198038353,4.450369606341461,3.7523641464274506,6.95727977979152e-11
3.1225454626976266,3.9250565013368437,1.6113216344001797,3.1504776931862843e-10
3.7911726292915584,3.0659920125805087,4.908095874884989,3.2203620965797057e-11
2.6720038693293318,1.5365477077427605,3.8931434588385563,1.8078755000635927e-11
1.1128900160881487,3.3129099105402213,4.36464601889797,1.2916653813993285e-11
3.6236771879092693,4.346323147606942,4.311678092302177,5.6541204853861165e-11
1.3879593029354482,4.105431438202624,4.33485351347752,2.0238246721067158e-11
3.7589233550690464,4.425579236939797,1.1721429094648403,8.080880122423861e-10
3.420824954081411,2.9970134244318527,4.274741062844317,3.744433449398777e-11
2.021249421358164,3.272555335415048,4.696772216062531,2.001216675489702e-11
2.031744889261334,2.6364025914427103,2.940256490424591,4.135201469698267e-11
4.193810659648164,2.535365593900867,2.6873635629356927,9.826135873775859e-11
2.029556837331743,3.589559682856102,4.749076844351656,2.1558086258325537e-11
2.37590289077717,4.1648161583041965,1.5941288336693242,2.598746334297909e-10
4.872198687500575,4.181459428474529,3.6830919678882963,1.0023374410143492e-10
3.9615011631226995,2.1957544499238706,3.902456939848104,3.8120055322742565e-11
4.729914954279225,4.328711497334078,4.702233852938075,6.180017834684745e-11
3.077189203018533,2.3870881454954174,1.8944622755532525,1.3659567076907063e-10
3.0914319189830786,4.501439858666712,2.168981874109874,1.9741743084575648e-10
4.16297792930815,1.8036066616907336,1.2981433152499453,2.9736295158254014e-10
3.9204846830264897,1.9578413751056858,4.670738761502324,2.3481850081361118e-11
3.308768049598097,3.8933231318922097,1.0482495536327483,7.824265944303117e-10
3.013574340004964,1.8825744781423737,3.7504143861090395,2.6919176282856587e-11
4.360175083038781,1.3032405987008229,1.4091007605398072,1.9099879756154842e-10
2.2371182191189845,2.800073683324329,1.0973019747921802,3.4721004038254684e-10
4.8675151513923165,3.0463011132395152,2.8526035941512102,1.2161397769914566e-10
1.7021139900552154,4.047007719503469,1.3461952916958695,2.5368380429381507e-10
1.1239352230715292,1.8272872669896487,4.062107248851648,8.30675766590494e-12
1.1705729542376115,4.2970668917043,3.1018616280862057,3.4890883091493175e-11
3.5273168373338772,1.1565020269043225,1.6099073733982001,1.050449776733341e-10
1.8879879322668436,2.3666198709965363,4.416037854971247,1.5291438693153856e-11
3.531424742041974,4.283332210802991,2.2146697984616774,2.0582586560039495e-10
3.4998779211999707,2.50147609341558,3.1129798769016435,6.029521227189746e-11
1.0403460107512346,4.568615765791771,1.9983735162993335,7.943196596300781e-11
1.357257647076818,4.6914565125708805,1.9031711877961026,1.173276807693809e-10
2.024102995862503,3.1308402771412887,1.4588808326397187,1.9871931682224793e-10
1.2106390203348782,2.342369282972327,4.429564424787094,9.64570974252664e-12
2.7322854655041025,1.7374825139712535,3.9064766233366246,2.0761668726009462e-11
3.1745791705056807,2.925225911146912,4.459105154096224,3.1169967428920284e-11
4.5289384584706465,4.795993355297597,4.030433360560641,8.923961840887333e-11
1.9936940419349756,1.486214849336036,2.410084313443796,3.40456662511857e-11
1.3807558231193418,2.074376083031977,4.238003346081625,1.0643096300744962e-11
4.93362976197493,2.0159946753882085,2.0039024861275228,1.6530613437461128e-10
3.175968265615245,3.5038325317688255,1.4964247878485586,3.3166214874538113e-10
2.63968593350152,4.099552249554989,3.1939763384254842,7.079645266740627e-11
3.586510451447675,3.1643465469625314,2.429264568530489,1.283490654893476e-10
2.905523355453112,1.1698346532034698,2.460211811395065,3.74791779499024e-11
1.2805509362415464,4.830117704515933,3.69822313441985,3.018245434831657e-11
4.4663750774449245,2.4982111093076966,3.145245304655196,7.52768580046223e-11
2.6197387742554454,3.489205424503156,3.6321267854959833,4.62432905299644e-11
3.2215274044397457,3.1378194442550886,3.949062439715259,4.3260146039867057e-11
3.285671666366106,3.6082361190266217,3.05586416818926,8.473000309908919e-11
2.185949600568075,3.1329644832457775,1.9867525104976407,1.1579619195335458e-10
4.729592395365713,4.175331442079308,3.6856563900098736,9.702221481798438e-11
4.374466771682231,1.8992741512735032,1.6401748600851902,2.0611931005810164e-10
4.031669740741343,1.1282572478188486,4.782031064663594,1.32756103635111e-11
1.0821689154284302,1.8362959825642293,1.4420728484344152,6.377486404062985e-11
3.2854749283375124,2.6116331840847304,2.2678650989355984,1.1134279085459234e-10
4.619599751250358,2.774460812585054,4.622200367849654,4.0037929553737125e-11
3.817256613205634,2.8783722314009643,1.040718696556573,6.770454147808205e-10
2.498011278385888,1.835982945856803,2.909851224980197,3.614994743446528e-11
4.379582620512948,2.883190336648254,3.326656718421347,7.615111454996826e-11
3.013420524859712,1.5688152570704035,1.5413857828544035,1.327990752400053e-10
2.4973757151623324,1.7807241622961851,3.5416095593836245,2.3662758739160684e-11
1.1368929702795727,1.6238610580213089,2.7365811237105935,1.6452730979906108e-11
4.346169447648635,2.147061639916745,1.2859728572845341,3.765943198672674e-10
1.0264927402919786,4.03851874945013,3.4384133661878646,2.3401732745995165e-11
4.520264747206447,4.75872233847424,1.3765040445647965,7.576793582956291e-10
4.61821437691677,2.339192542278879,1.6272110279197602,2.7229427111073026e-10
1.7046958962917085,4.619458540730654,2.4837157019623444,8.519623952438095e-11
2.4963768483472246,2.1975348804416512,1.5655094178049351,1.4938973487792313e-10
1.2951648049693683,3.0043967931115247,3.341686884415781,2.32561070631146e-11
1.6499529989311172,2.3194051736333834,2.864428052680855,3.112852626842471e-11
3.034608877359008,3.8452857280793324,4.779534099428284,3.4091523803224547e-11
2.196875937772453,2.5565378371960086,2.9477157505484253,4.3139266364814027e-11
2.8513984370022714,2.017771650866865,2.7279523832882924,5.15991508642229e-11
3.548489392224132,4.9547546407465255,4.526283118392387,5.727544019316592e-11
1.2545847298129864,4.550826777202527,4.82005399697961,1.6401089456799528e-11
1.8869407735078987,4.7795790169489285,4.787422049297231,2.6262174683918407e-11
3.0891596881415913,4.469787397714338,2.617057227061861,1.3455101834238406e-10
2.6899341132031083,3.713910720814266,4.982537620041522,2.6857039100027082e-11
3.4428014608241906,4.742115882075032,1.2196203463941409,7.325225888880184e-10
4.390202275239431,3.8804677895493604,1.942119246761381,3.0144149238574255e-10
4.1275790465774485,3.6453529922600403,4.8331029627562465,4.2990163396532164e-11
1.1636714941695039,1.9899010237522412,4.731443210414755,6.903364580359634e-12
3.9601466476084894,3.7026833747481827,4.057223744934651,5.94505846409224e-11
3.8594433677043463,2.761612995861036,4.872563808147531,2.9961159910280575e-11
4.312899095490999,3.9321934189634846,3.995820960300715,7.088891520490092e-11
1.3850368077241049,3.748382188972767,3.2211075752057745,3.339495976876479e-11
4.5028206895169856,4.949625996848311,4.778252609117596,6.514859109045143e-11
3.7510586938463453,3.356594230722534,4.750345686874778,3.7238182521961535e-11
1.6978305876770445,3.3247614828592793,1.2643274352752174,2.356795641680557e-10
2.597897908524182,3.4592191239766024,3.7232655958568697,4.326516070152214e-11
4.5827125743106425,3.8446746966404373,3.975798428437763,7.43908816242456e-11
3.1052834656912713,4.733041880841768,3.0009844623940176,1.0891816271703617e-10
2.687171149795151,3.8507005387475,4.794603688895915,3.004110102725979e-11
1.2589620629234513,1.2283682685164141,1.6896380028257356,3.6152646687418485e-11
2.946571778005213,4.811242836788775,1.136328108947568,7.327452387079973e-10
2.343581616935834,1.3352945621310357,3.5674927605785496,1.6410324331226186e-11
2.4166618318729234,2.6932671739443323,2.66004101164919,6.139102127618265e-11
1.0891361964972393,2.03078796892278,3.0479645980369474,1.588960638493438e-11
1.8471075406917024,4.407969147993517,2.1763664206874154,1.1472363437490299e-10
2.776513684917885,1.7308850482935916,4.368441489612486,1.680742572547924e-11
2.825817659555164,4.809739200729149,4.814722816184593,3.9129949347596565e-11
4.68171681200803,3.4620659666928324,4.01739959001406,6.702496868451919e-11
2.3067986416113437,1.6476086218124086,4.63766846605266,1.1793712793518862e-11
2.9496942210440933,3.475401201711248,4.344171717943502,3.625385378549919e-11
1.6206519397412222,2.5028652901741646,4.944256831665694,1.1074175113315188e-11
4.846345413864249,2.235433926924821,2.29887444015979,1.3681442871218802e-10
1.9359275685279669,3.942066409300319,2.145560460828892,1.1064141682728085e-10
4.229629809984116,4.772548718877271,1.1319731666909285,1.0513968387455602e-09
4.87068038586016,2.089405985816734,4.775496902067559,2.978252627709388e-11
1.4974322147653734,2.5049048083548358,4.335063480635803,1.3320903366548348e-11
2.0650087598834714,1.808594604373996,1.4386224582906428,1.2043581612045015e-10
3.7132099298895587,3.1164581834861877,4.157245442332129,4.46874607502662e-11
3.9815679349256037,4.229894117090675,4.021335165942318,6.950711860002285e-11
2.186568092492172,1.3764562693042524,3.3911985147133015,1.746647232919777e-11
3.99407591088326,4.338552892783983,1.5723069344021847,4.678135038053391e-10
2.24575760441729,2.2236256256567004,1.0513074673444258,3.015443900286922e-10
1.3563319073161595,1.9123221968014228,4.178850059654589,9.912875909503286e-12
2.6100492923375724,2.400826800126936,2.629572892277978,6.048188442800793e-11
1.6276881980540194,1.9353433792067332,3.8940070335106274,1.3865067387743265e-11
2.5150943950365985,3.6843219398511016,1.272274681796822,3.8206415495075315e-10
4.800971836354702,1.3916171122490772,2.292621135289182,8.483411577324817e-11
4.947671406694462,3.048620728216954,2.301694770741141,1.900181069855533e-10
1.7772629832111835,3.6131184729438006,4.420802507031434,2.1928951764811757e-11
3.8634420227702124,4.031028798240422,3.9099809474985245,6.798721012289516e-11
1.2561806740021706,4.1938768305393905,4.9345210474639085,1.4439892831618494e-11
4.27660852263673,3.1196244737142123,3.5300078293025985,7.145566756800163e-11
2.466906198366009,4.0730088983684,4.984328126034758,2.6992365603119473e-11
2.594141784910451,3.6919397496728776,4.838857742376673,2.729913005045963e-11
2.704882793011181,2.0238345835630827,2.649265741092186,5.205454077563973e-11
1.4424607458368017,2.2551175301854607,1.5503947723882856,9.031810064461925e-11
3.761339130008506,2.055490259627362,4.133860086662445,3.0194828720068636e-11
1.55744874309584,1.8868486554751733,2.6034885316892105,2.8935147042127374e-11
3.8210066382024217,3.751209486338305,2.84009052760282,1.185962469653783e-10
1.2671460091813933,3.716106195009139,4.428444139558797,1.602502209753581e-11
3.0442877025492168,4.499862713281684,3.0156951502447367,1.0053013935091423e-10
4.570058848321494,2.73828148674449,1.975790613162825,2.1394603853110343e-10
4.5997497560081575,1.0081167691172435,1.9655962889911525,8.010185972121135e-11
2.7582698844573676,1.5502994564041739,2.0559766330906286,6.751530064347565e-11
4.132749147550607,3.0517640975075895,2.7812578980874414,1.0881623202141588e-10
1.8504980309236214,1.5391972670882859,1.0240045407897687,1.81286451553014e-10
2.8555879720194195,4.964498953725186,3.716957827407559,6.84828621152983e-11
1.388463136617979,2.965172088827277,1.4965594652235352,1.2268246783363414e-10
2.4028757986039735,1.7399160714350912,4.156684086441299,1.6149228802890245e-11
2.4723609343842132,2.1761886061819564,4.861582890833814,1.5192848853993993e-11
2.415573377122126,2.0310225990819135,3.1627965200325887,3.273246317947108e-11
3.2589179086554516,2.116123226118089,3.683874692061583,3.391492639151258e-11
3.799202546097627,3.5969751691831564,4.7613752489539065,4.023011459711251e-11
3.8960244923526854,3.1132770511288577,4.309010422134502,4.3598401053343506e-11
2.038396737203631,4.321606972723917,2.876872724544196,7.103606368307006e-11
3.59135436060726,4.316736831623361,4.967762030884108,4.1925520869825046e-11
4.206949691187807,4.02625782092387,3.3952901691496358,9.806212729660621e-11
1.417935699421363,2.466011662836953,3.328705535437083,2.106139382384246e-11
2.974507299813938,4.163349023758358,4.371469953810836,4.3250294233619995e-11
3.306852056009672,1.9602454794945028,3.9913587010801312,2.7156257012712975e-11
3.268925667073875,3.479742082439334,2.9262570928270186,8.865706382340673e-11
4.990646104069549,3.24904598332399,3.291177489779118,9.990707094542701e-11
1.3580313487827134,2.121095655964709,2.967690036292352,2.1828262857483087e-11
3.5570216497443177,4.207992657743152,4.2994207270532705,5.4041549474717536e-11
1.7869379931690075,1.6813787144299055,1.0864918339776195,1.6986671849215394e-10
1.1129586939009108,3.6994023028903635,1.834368964170979,8.166264143538184e-11
3.2078486563622595,2.318853046270022,3.3976792746977837,4.300396873045179e-11
3.305877229589131,4.3392265195914295,1.3967656035982308,4.907249983309239e-10
2.6848738480624372,1.3042374263537786,1.103682945198262,1.9185719130669816e-10
2.5070059647422216,2.539714113971081,3.694920042943323,3.1125498261419556e-11
3.178103617713475,3.63812047340017,1.9378244432602276,2.054955737562065e-10
1.8197204403682252,1.357454761785056,4.60466532122939,7.775352746972907e-12
1.8459031288300176,1.2365388360450345,2.61306201609832,2.2310198537279886e-11
3.914242253511846,4.924447097285355,4.085604192806299,7.706883573717467e-11
3.8803167266566105,3.177043954496699,4.193206372526226,4.67933488378023e-11
3.5185925662462183,4.760303784435593,3.611082001498955,8.572651136838342e-11
4.91825322940149,2.0253930021419118,4.585824916955344,3.1613418009111566e-11
1.2227228930355922,2.1147730681784296,1.0093537499937746,1.6939134450407549e-10
1.7485939174859908,4.709852093629544,3.760585319331326,3.886615174871593e-11
4.379118987478627,2.01460087771198,2.701605524932088,8.067112164576156e-11
3.0283301359497967,3.945424452412087,1.2554815625941562,5.058974310439505e-10
4.1650520244231615,1.347290395347248,2.4680168828279307,6.148534214118206e-11
4.526559907252236,3.1243718259859246,1.6060865569096614,3.6591422543084006e-10
4.321648696597802,3.653094216068601,1.92618768958874,2.839875690430447e-10
2.7355212663405593,4.627505314055196,3.469255364008131,7.019411243017047e-11
2.135684232642899,4.501584265890315,2.6830451408302305,8.913179830254663e-11
2.5182731386920936,2.5444776861297975,3.8505198399460774,2.8843565927895982e-11
4.155923030381251,2.449749028856796,3.299354539305454,6.241907376593408e-11
4.1883499444186105,4.295644662144017,4.104237726616193,7.128407127988894e-11
2.853722054306046,2.024364005083289,3.0795061852493357,4.065596923431265e-11
1.402094968844306,2.664617804946961,3.0676028466614804,2.649721895914409e-11
3.3929480880168197,2.241890520377021,2.109874142893215,1.1404197198272657e-10
1.152194927349036,1.087889615798677,2.8536615449666014,1.0272876492700734e-11
4.35250280493271,4.8560125678384924,1.4389175213108034,6.812919575194451e-10
1.3576542432681968,1.3878023586908643,4.340109625786692,6.6757736982381154e-12
3.063316808181714,1.3156168503157808,3.986643878229671,1.6923596361246924e-11
4.520797900555456,4.377260262298183,2.256118525015586,2.5946563242428766e-10
4.8949336599264,3.4062681965469195,1.308380498377884,6.500454573640792e-10
3.7038568110583885,1.9434031159559515,2.386086244120353,8.43783467309672e-11
4.649724573341092,2.445215263902282,4.864635346129228,3.2064904190287824e-11
1.302908459571133,3.1019820646600302,1.14786087202331,2.0472028836029638e-10
4.664065739437859,2.3890674523575206,4.524507986178814,3.6327587615884856e-11
3.5376984939044553,4.761028671513766,3.1288292960589725,1.1482701550385349e-10
4.706262285754367,4.167398228919746,2.557667934739531,2.0009628004434446e-10
3.0363788710127126,4.481049985098984,2.6785339218137274,1.2656908771831938e-10
1.920026636474769,4.866459330532537,4.475315111497398,3.11357487895641e-11
2.3330718855394412,3.7263733539984374,2.6235545241185316,8.429862668798962e-11
3.0701164196569626,2.9729622950868997,1.1566390266097368,4.553389105349369e-10
4.033441226884383,2.0486073815224843,1.4161279102604798,2.7498924202466494e-10
3.2305706919097883,2.3137044660979207,3.9424725919792425,3.2094895826838655e-11
3.545732640179231,4.6556010551383,3.4618690393494744,9.192775963709968e-11
1.5471972499415632,4.1651815952151825,3.538823412457738,3.4343776097124494e-11
3.773533507306412,2.9414624223579753,4.306447581403131,3.994472052874227e-11
4.8227223895939595,3.8204513396226014,2.534798456854779,1.9138428326902864e-10
2.7547106158323706,4.289533010497152,2.57669211920009,1.1878104478339674e-10
4.589592412967724,1.9399433908209618,2.4368599050552264,1.0006639488250718e-10
4.267497158549286,2.8264830778474206,1.4711437499157798,3.719594617243772e-10
1.7199954926858165,1.187512638553084,1.4535347879142062,6.452097045074517e-11
4.5323383161961,3.150981522462584,3.272385085272609,8.900728827763897e-11
4.4131745371361095,1.0592351302908782,2.26989737131148,6.055043092265684e-11
3.295172328120912,1.8763391429396052,4.053724388362613,2.5111186713401742e-11
3.3380912051894622,2.606034909561637,4.741649939083468,2.5822938055161577e-11
3.8595091036853777,4.776020336254149,3.668171478418545,9.142925476900404e-11
1.72775889789636,2.5595880567482077,1.23633403074406,1.9309355060546924e-10
1.8374248320828288,3.350573147949939,1.108638977243794,3.342986330066528e-10
2.5265025517735573,2.5780048576172923,4.718707604179098,1.952286453600599e-11
1.861942648451084,1.5539690211042907,2.3705239970531258,3.436419277105973e-11
3.1524822186753547,1.3009284822826044,1.8595948638478963,7.915085200654677e-11
3.2155835602597063,3.971602249107388,3.422807875075828,7.275229617545404e-11
4.40813285453357,1.0481019357268218,4.492295907197804,1.5279448868518245e-11
1.034506305757528,3.7505442070586303,4.2225309020421,1.452338867683423e-11
4.4753651092100455,1.3935137043365264,3.0958679299467957,4.342712386207816e-11
1.424513692365526,1.5314556306464793,3.479260528869452,1.2027721096143454e-11
3.4998409871578997,1.33090916747993,3.4451422092364,2.6191997751901352e-11
4.79312213200876,4.718361554196919,3.416933848147027,1.2927744856612597e-10
3.0628053570319493,3.852362546814327,1.6521423370689408,2.884946950041767e-10
1.5953931247966775,2.0163573355290567,1.941775020150983,5.694080443370291e-11
1.5619682441164593,1.8822075585404976,3.4324665125884968,1.6653798195142082e-11
2.573636220508048,1.8660366015379282,4.501153078632441,1.5819980883180376e-11
3.479096101294053,1.797101042598503,4.885664651660094,1.7481464622431765e-11
2.1299113977563016,2.7929100400072526,1.9839479880388287,1.0086584298504752e-10
1.63733596278374,1.2879296009353411,3.844345743762191,9.522944415657794e-12
3.1858866040889584,4.904723972663595,1.9643196344968317,2.7027555759165087e-10
4.170053474729879,3.000936994688375,3.5771888261766662,6.526810039793669e-11
1.0340399523696568,3.885828924262789,3.1989312321552372,2.6205798041115827e-11
1.989783863530843,4.736759988109151,3.7542779891177926,4.46293572285077e-11
2.285038396516451,2.327496441328154,1.934859867019175,9.481339483688899e-11
2.9940803920739794,2.6079525715065413,2.638878370973659,7.483600604104309e-11
4.875448695335283,3.5517576680066414,1.3055376188589412,6.780556495031154e-10
3.441062985285039,2.5395545684011704,3.4204465010884326,4.9850643564935236e-11
4.104191953979969,2.1306416500555723,4.65089939439345,2.6980524554400708e-11
2.1508209872711204,1.657431839634806,3.4840356339244267,1.9600221032264122e-11
3.2166502385327487,2.15009234194066,2.3334012431888964,8.477509896397527e-11
2.6779494319258172,2.419469251209063,1.9620665053147808,1.1232624306136125e-10
3.745083226048019,3.090970760705223,2.268760901895962,1.500946159698957e-10
4.511145924118383,3.2875838471181105,4.725795959692386,4.432002356176422e-11
1.7221266095235763,4.0587434629922665,1.5438915100848023,1.9570833571883457e-10
1.4686472198186324,4.292786651024451,3.723377319998592,3.035071290221718e-11
4.508467608815787,2.372674258898067,1.5947003675959452,2.807340468031782e-10
1.7605731803830702,2.347930203382626,3.793273757098451,1.9173309980713694e-11
4.225741529107333,3.849502298947632,1.7656071353874387,3.4826157890642913e-10
2.437514859199893,2.4004525197884012,4.220275889193539,2.1925267914535784e-11
4.259742669139556,2.3960942131077876,4.67356969574427,3.118717301481358e-11
4.561620653583526,4.790993893933422,1.978547882863778,3.725957148049125e-10
3.8599299233330564,4.640435374394134,2.668151922181274,1.6792031594388306e-10
4.815260899886994,1.900547646658786,3.2603734952536105,5.745794367379918e-11
1.2232082726280278,3.0531808210472224,1.6377552087495535,9.292683780285576e-11
2.1338271068769123,4.009462217335422,4.42669536657931,2.9138841655825766e-11
4.418808850473548,4.865327688261683,4.999313333246923,5.740937242070666e-11
4.89915678800452,4.995623282980405,4.565791518538475,7.835470281725978e-11
2.8640151458782213,3.7205125992553683,3.2531065815516818,6.719975777575839e-11
4.43484165310579,1.910354012727364,1.4149567869373567,2.824176415266002e-10
4.154368612763326,3.9603666365212375,2.9000663661982955,1.305601831960863e-10
4.536433168360508,4.60087819855615,3.7107751555880686,1.0116078134650743e-10
2.904199451726545,4.38598224826222,1.3615688203063763,4.5856437885415006e-10
3.8849433568591136,2.4401850519237187,3.9164211547751413,4.124913827745183e-11
2.8033816483207548,3.5332255559306254,1.0365829823336927,6.152216950572934e-10
4.626120387143473,4.027623162793256,3.716371353328626,9.003549466282818e-11
2.6310101406690256,3.4499272591310763,3.752066339246928,4.3030624167134793e-11
4.1500790465015776,2.966711534302413,1.4487418174822477,3.915037254685667e-10
4.1391979554072575,4.60897111700314,1.485383649646185,5.770708107479801e-10
1.1416878406294977,3.3257598739206946,4.81320996808255,1.0938426482911639e-11
4.7300527418603036,4.422424600750023,4.864279065601461,5.900321245153135e-11
1.9885807071454193,1.8471264574914308,4.161188658172971,1.4157652253618244e-11
2.2420433866818286,1.667831648167648,1.4017371663444047,1.2701331417600263e-10
1.113329948215645,3.4243914212381426,2.646515856540855,3.632825133219911e-11
2.9320090088469097,2.580449226882831,4.92928347693696,2.0781611982362033e-11
2.6766074587767035,4.572538831143956,1.3456965358877242,4.5105969259116974e-10
4.5783664083844435,3.1738516658366676,4.792399899209407,4.2225740426294575e-11
1.1035722672529338,1.3498425180416191,1.3060381893647168,5.82852054661961e-11
1.8013791285745229,3.395658129252239,1.0360715491045531,3.803082900990658e-10
2.679708820132014,1.959306821236734,3.7700231842137835,2.465404682944204e-11
1.8817220647827662,1.2176088491770987,4.339077803839164,8.121843193991434e-12
2.5099730256483896,2.7419111987315965,4.31436687041613,2.4675984972235022e-11
1.9524668149453257,4.458277818636811,3.2733570229681797,5.42188422056547e-11
4.49192387875147,1.5500259322033694,3.9398702793020903,2.993599575939452e-11
1.1740248080981037,4.092703034761113,3.1432276989130554,3.2458020033891856e-11
3.0679350575106232,4.308382878123766,3.830563253474303,6.012033327867437e-11
1.4577730701265748,1.8896211743348506,3.178527359309024,1.819696518929439e-11
4.876471093390496,1.883517450873316,3.0425957377744046,6.621753346515427e-11
1.015863530183379,2.4437880603054034,1.695643016531542,5.762570598417654e-11
2.755993060920721,4.766176239465169,1.722320229037181,2.955334300301133e-10
1.8887465071518088,3.1537453865014498,1.2593823544977778,2.5065207066970975e-10
1.104035385686033,4.964601792058069,2.210189710068651,7.488494411575676e-11
3.4215002092863234,2.9395409942633033,4.678881021069724,3.0661845501224553e-11
1.1587576140281883,3.552670964934068,4.091843385840195,1.6409516467905114e-11
1.3535215321984215,1.2876416041526513,2.791069274817839,1.493155849711302e-11
2.869689755089773,2.4200562916496833,2.2299608445106665,9.32077754032431e-11
3.5128115898162315,4.25401132753526,4.682132747623888,4.5493804398058195e-11
2.3172551539820962,1.2233716324543238,3.2685233936167886,1.770986577452425e-11
4.544414804476165,4.980679651037809,4.923130609321687,6.232611584467461e-11
2.0977235366996947,2.973127136329055,1.0172275162964,4.02264525656431e-10
3.914310150981714,3.447886502873303,1.5981938344347513,3.526431855046628e-10
4.97971595316837,1.7342341585986372,2.5484169946939312,8.874778532881652e-11
1.6915503644316408,4.286509163616344,1.1301475324464856,3.7888255518119515e-10
4.972034246921448,1.7309759494175765,2.036372993182797,1.3851496289370416e-10
1.8336015418548373,3.785464502493741,2.8824927824715716,5.575372501645952e-11
3.388349563448995,1.2350224212458638,1.8670146905606702,8.012236914838571e-11
2.114415194866686,4.08619657060912,3.4289005231954635,4.9044008236108734e-11
2.765724881752644,4.562356832814348,3.2945904244816413,7.758567894125474e-11
3.948294754584582,2.4694236804832337,2.2558712826255527,1.2786825731090497e-10
2.089852766162251,2.707124938101972,3.924495729265026,2.4515596836291542e-11
3.8206891967908607,3.4463526803401745,3.806030220118177,6.06656935233048e-11
1.9654596528814032,4.008558778501635,4.273606943460422,2.8790515355818715e-11
2.040521558879446,4.383878675845481,1.2073460675635523,4.0956456276596383e-10
4.47882128274952,4.157994707700567,2.951313561042593,1.4269316175201914e-10
1.1491652184444052,2.8787658589315503,2.5879669884834193,3.296533959871773e-11
3.1777858535663026,1.1990285552910147,1.9932601722826875,6.400477534364452e-11
1.8760318916945242,4.104955694180936,3.974138114068396,3.254235518813505e-11
3.8505276701255418,1.2490398796050695,4.317536716029312,1.7219109064710054e-11
3.4071919733327896,3.16937255945105,1.0712086184533272,6.280699042290734e-10
3.201940686696159,3.9938453391723288,4.848285534321585,3.6309005143938625e-11
3.429123080982892,2.7979598595057,1.181277896905054,4.588878929760402e-10
1.7121169688272126,3.9662226314722786,3.141568923020692,4.592017536221194e-11
1.4089382261795542,2.9633844922181773,4.332245804513006,1.4847043424397603e-11
3.71336126234153,1.9188019402805798,1.7939207738387997,1.4776685688929166e-10
2.210913105560677,2.6946398125560953,1.9267318381578287,1.0710655495848942e-10
2.4300026572960545,3.9961454543089068,4.235550561019696,3.612555247714647e-11
2.449546861964544,2.1879633714992535,2.9909613635104346,3.998438273691367e-11
2.097624379253018,1.1273883864779592,2.2957331107146817,2.994640439441173e-11
2.717987157388966,4.952337682315684,2.7140903243203947,1.21953778072575e-10
4.145018648065051,4.48467969251254,1.9744023729051685,3.182532097980802e-10
1.5733197871348068,4.142364805228499,3.119915587097596,4.468542188139569e-11
1.1860870555150562,3.7401866083875714,3.38384902629657,2.5856758714725484e-11
1.5974538053472886,2.386848798052635,1.0672578073653782,2.2340903761934108e-10
1.450872618453325,3.3361271700281834,2.24562871691287,6.405929832558816e-11
4.193805126088771,3.754272057166486,3.4450599949571923,8.853736867566167e-11
3.2145570602649434,1.7794463335664243,4.639653943414411,1.77345861267979e-11
3.3905538364576797,2.2614184702383415,2.3526744030880957,9.245153517624944e-11
2.647941752702443,4.000929517192359,1.3871647696191816,3.6745099687839725e-10
3.941174160636616,1.0591185931298495,2.2618475132772695,5.4453998591339365e-11
1.8201765535784227,2.343779892138024,4.280382654708365,1.5540012044380524e-11
3.4886388061666005,2.1126147851682706,3.1081218966882926,5.0917425741287635e-11
1.2150762213979651,2.3096275692915347,3.9346731058361315,1.2098021877774902e-11
2.2040351069786155,1.3164283723639558,2.7842441701801652,2.4979705051183954e-11
4.751020045571821,3.3714318523536804,4.057652145021935,6.492886701317695e-11
3.2975514209573875,2.5872066242693177,4.027496990235116,3.5102532028734524e-11
4.639734410819619,3.792370041158874,1.4406341095061577,5.658256671741042e-10
1.879033817253776,2.368802460544978,1.1614764477786546,2.2020583804279512e-10
3.971222493097489,3.3303854966919078,3.3537341624723047,7.847795164954112e-11
4.190668043676805,4.915765096009147,2.816613837157652,1.7330295470110159e-10
2.3476563892894444,4.297865436573936,3.634459976127461,5.097928821017278e-11
3.394705783422825,4.199288970505286,3.5050627170842166,7.74412790280148e-11
3.161761462166982,3.037555906778576,4.180343380670184,3.667884656752546e-11
1.061791558542161,4.684197019710903,2.885721945102567,3.986131849018438e-11
4.840840699441317,4.520312397781017,2.205589472712579,3.002106418402698e-10
4.100416350744744,1.273479786248069,1.4177978481209599,1.7337145305472722e-10
4.393275205153665,1.6087246038124743,3.042907044147318,5.094234638049866e-11
3.703521753390324,2.613840726649622,3.7826876544389445,4.5152235647106325e-11
1.1854082981602927,4.812229415279827,2.5765354652632753,5.7349315580816286e-11
2.662539754217801,2.309020221749395,3.4643305107303033,3.418781948374798e-11
1.0530038406290112,3.3521294537915,2.090276316284532,5.39174742820453e-11
3.0908661482399435,4.05887273817137,1.1663414762060351,6.154891414339399e-10
3.680058892564804,4.418972093728955,2.272361271167883,2.101877844938705e-10
3.7713081891080225,4.176890893741545,4.953169741677113,4.2851392080703135e-11
3.704931706743514,4.001169285026455,4.808283866754117,4.2793039755998313e-11
1.1136357440923428,4.085694657426476,4.96671425748283,1.2309967908666584e-11
3.5745331996290006,3.7951871596580813,2.553608285132072,1.3884497860929116e-10
3.4390483321433094,2.395002515056358,3.6534841861602536,4.1182811476371584e-11
3.9319436083277517,2.1225950123770176,1.6087065679425314,2.152320550762946e-10
1.3677309579458616,2.7645994565183303,3.674449063671068,1.8691090265288466e-11
3.205493485241256,1.14743131795929,1.4743211727282515,1.1293370995110095e-10
2.3240151917299894,2.753468393740489,2.1176388798356585,9.523606804585839e-11
4.526167433653232,3.8118199174294127,3.2726932093919583,1.0750746022166747e-10
4.75141894126181,4.882313398974019,4.731041909459991,6.917060753319872e-11
3.2000862140170647,4.656131326205496,1.4095457970110652,5.005122605438406e-10
4.998041492855247,1.3298483126072105,4.68916961828408,2.017419810553075e-11
1.7512102462586827,3.0893717669339407,4.602374755286232,1.7046322771241637e-11
1.909898595388333,4.60177991483164,4.728370735335001,2.6236102223124555e-11
3.85777132196561,2.994988790485308,2.1868937881600248,1.6123618059716805e-10
2.7342611662098726,3.516106897174316,2.5944034246958205,9.532641243821037e-11
1.6500076635763716,2.805414244629453,2.496082913280567,4.958509466826174e-11
3.546575086609468,2.2637738957204188,4.356293051530903,2.82354188205833e-11
2.333195786311682,2.897450326063728,1.027999136656204,4.2694102169875003e-10
2.633620219821067,3.626408808117463,2.114076370853733,1.42618139577656e-10
2.0536964625078156,1.9737621271650094,1.1847769276551756,1.927276795347508e-10
1.5930365447182706,4.137927621960332,2.990608318782255,4.918987931170135e-11
4.725791338711984,3.1806011680654005,2.380044328034825,1.770923768178442e-10
2.5595432003260967,4.5897549587478474,4.1343809722541245,4.5868779000530635e-11
3.5708011920664164,3.3573322044978577,3.783151546271284,5.590346310356341e-11
2.5532556059503917,1.551236614958032,4.712815599341031,1.1901388963512916e-11
2.5484420925315066,3.901522660712533,1.1187024298504755,5.302320106228467e-10
2.2246638687958358,2.241653354629273,4.056617478579876,2.022511238469944e-11
2.626687500990578,3.3177350434774526,2.8395989601406257,7.213105643473456e-11
1.0173868497777905,4.431828563338055,4.048504947106055,1.835971459720685e-11
4.677280915710394,3.9109701263811667,3.4815551919498016,1.0072043357485127e-10
4.843161549878579,4.070186225185818,3.856662949644322,8.84516760965661e-11
1.8982491038529603,3.1372191905873468,4.123230563672318,2.3378090089766135e-11
2.415779356037389,2.2111132297655933,4.7051841799850855,1.6102792432211975e-11
1.3792484883327316,4.880610540000525,4.714513368792479,2.0212923357025015e-11
3.9628115241702213,4.150321107193786,4.9299005444821375,4.516427080622438e-11
3.8788522495450275,1.3313759562940048,4.068292483357892,2.0824079469895384e-11
3.1302977828898895,4.067327768278082,4.263360421985024,4.6749495579997125e-11
3.064401970281976,2.2677342394613182,1.7976681559305856,1.4351755989432478e-10
3.777827588863938,3.9855740470443486,4.929352519915723,4.1356089182218703e-11
3.2939216263653943,1.5329833295885642,1.5868196128442693,1.3383872070605468e-10
2.857561831216381,3.0547529203772377,1.0827818552242108,4.969079996209237e-10
4.182415308672582,1.6747509868974242,2.102010854076413,1.058019547813971e-10
4.880675149202559,2.2589661790803777,4.360870487366698,3.8692737410307344e-11
2.496410362814717,4.774166536557912,4.252927205350026,4.3976822324115576e-11
3.154749746511114,4.954376332377074,1.8537876410535783,3.035429453508637e-10
3.986493982974869,3.050624027623789,3.869243797202263,5.4214294640513966e-11
4.93126889541479,3.2434867418354894,4.151534668364138,6.193550401452136e-11
4.046214138587713,2.171350163521999,1.374927269052899,3.101740640816453e-10
4.241771625405766,3.45246441087511,1.522906707752011,4.2142092523082895e-10
3.864344171854484,1.5918543568025907,3.9813118778190053,2.5900785355728715e-11
3.9686651668905575,2.425007482331896,2.3712089743117417,1.1423628853085676e-10
1.4645176539098785,1.083848291478048,1.289100467508756,6.374935265486378e-11
4.077379679062906,3.985211694829345,1.2661791978392114,6.764386345386003e-10
1.5901013002804598,2.817946557941734,2.111058337756709,6.710320718505972e-11
3.1172927715127066,4.234431113108891,4.910416609536331,3.65360999476556e-11
3.0665333017816927,3.2143374275890326,2.4066078900424404,1.1358335183363656e-10
3.8537774667451226,4.304726965868795,1.6579682907010036,4.0277824546165536e-10
4.478318089639137,2.7034272981347396,1.3207830911935692,4.631832376071991e-10
1.7495885204575177,2.031388307434352,4.533069536746384,1.1543308669585286e-11
3.9793346898901865,3.6966479410937487,1.4390915663494601,4.740540984006703e-10
3.766501650501884,3.858605286618513,2.444580651963736,1.6231026211678445e-10
2.280967829402365,4.8719125632810485,2.3278276141630183,1.3686840815446872e-10
1.528880446584238,2.9376037970423456,2.862633803555432,3.657811818632689e-11
2.220798588207747,4.999696333256045,2.1781770755550864,1.5618978837580326e-10
2.03274953924301,3.4928164512985145,1.355265323959078,2.5798662105955554e-10
1.9788110632267646,1.5064992962989558,2.2785390657489484,3.832185358403604e-11
2.7535692905384836,4.028025662776814,1.3363333303623035,4.1451937960389134e-10
2.8386921270731436,1.7887139472226568,2.307391030743021,6.365067135276376e-11
4.284173861213848,4.990069692830472,2.2020522712467954,2.9424199261523763e-10
1.0199277402047389,3.31561438852441,3.0806685473102022,2.3780975898632924e-11
2.6388565418389645,1.9689007516165855,2.1134107912895717,7.763507319133947e-11
3.0137239879629028,1.017344450468387,2.261051514675439,4.0025501600215866e-11
2.4944327694627675,4.349011126908719,4.975561850419927,2.9245851188195556e-11
1.6371933446417146,2.438818252295808,2.765844080008118,3.483455138531364e-11
4.005727475861109,1.533593067848611,2.597301581387207,6.077612107036329e-11
1.0145921386312784,3.6745481215989653,4.407703457969236,1.2807279807529441e-11
3.783162351542523,1.4114814343398994,2.9549834224978513,4.0813726877513207e-11
4.63136184917488,4.792814340627171,2.1352315272742217,3.2493431330238165e-10
2.9802920040494656,3.430992612556332,4.327689263781665,3.643784321031541e-11
3.1404859785311094,4.464992328670753,4.356699861769783,4.9304719716685417e-11
2.561735045458253,2.821661607786768,1.08226338158208,4.1186929122566457e-10
3.2134394760973963,1.9228707354513568,3.619446018050314,3.1479092897300077e-11
1.2904041246836382,2.290062917217963,1.7660931139865275,6.323130786498961e-11
1.9641796728657375,2.8130732701451664,4.793456556177588,1.6049106808974057e-11
1.1869904784935614,3.7780300454060765,4.966026574307447,1.2136145275058022e-11
2.032177599483399,2.3242279146269587,1.7749863106916375,1.0005448458631047e-10
4.0286831220319375,2.2129542139168277,2.4269857114651225,1.0101533324278924e-10
3.897676786997228,1.4009676033284353,3.0515333595718745,3.913667027543672e-11
3.3765728470464076,4.0589592397296395,3.1045340493424787,9.490392221120834e-11
2.9608313754916256,2.8582249552976737,2.5246518309450505,8.861215435173358e-11
4.826466667634815,4.278645730462797,1.2814145644765094,8.393489094176058e-10
1.7991611221283579,4.885450693587277,2.30847282501396,1.1008074543372275e-10
2.060024601085635,3.5734057692309387,4.140504920040247,2.865723818066523e-11
2.5661039386727467,2.7350310847829853,2.258577973160437,9.182322364423263e-11
2.026901321310171,3.6478187651634055,3.832826942241513,3.3590281227467306e-11
2.17415025647877,2.4768963345555663,1.648049684401109,1.3232533039728875e-10
2.785535788650373,1.9449971231821968,4.518152055514376,1.7713004086161002e-11
3.8538736938001947,3.8490303817288947,3.1475849368577435,9.992636787888995e-11
1.246759358379692,2.155652347524488,3.6080015051603787,1.3778887059736003e-11
4.468967626194074,1.43541021218347,1.0289875841242364,4.043422965996338e-10
3.005907851394118,4.5125220962662596,3.9136837008394405,5.910303180710422e-11
4.009895618604972,3.9063678117264793,2.3471990864550047,1.8975470267112193e-10
2.4160203097830792,3.4023999593491956,3.349629481539643,4.8896593835942754e-11
2.228913515371826,4.788584662325846,1.0263049861325162,6.762911627008762e-10
1.6824434157973118,3.204660798422314,2.9699967156066864,4.079404765663669e-11
1.5590622806581775,2.4311121812570824,3.202672727404891,2.4662070968517686e-11
2.446765456961651,3.993502948890165,4.251939788282424,3.607101313729506e-11
2.3470665525786893,2.966369079257877,1.0272303514475696,4.403531490108958e-10
1.5880772144024746,4.792142943759499,3.1297423267774507,5.18525852589877e-11
3.4427194152403184,1.3516985014958878,4.845423900128295,1.3228302240350043e-11
2.714852248243192,1.8714176982364785,4.440905149590282,1.719333552658768e-11
4.917239996241239,1.346527133280477,4.002089015189694,2.7589842976759716e-11
2.554807334689556,1.2700329359289948,1.828553405926126,6.476554762590793e-11
1.1427246531160877,2.9831919191693266,3.5368087902151073,1.818803706846594e-11
3.8199371092184524,4.40941259558436,2.492962278296885,1.8088049558121056e-10
4.738671634051961,1.5656651317583643,4.3485681722855665,2.618479219202206e-11
2.770579524893865,2.6847367557854103,3.9582737471191636,3.16845015571808e-11
1.1648152804785155,2.667003192765693,4.517854592263618,1.0157861784384683e-11
2.787053356888127,1.2007342976481334,3.0124683772488616,2.461123504315684e-11
3.788113503231118,1.05113090681537,1.8734954196377602,7.571130296395639e-11
2.4586561584783158,3.8794346660697356,4.239412281716475,3.5419394653954276e-11
4.451166866731896,3.109725785398675,4.3651874540462074,4.848153658246e-11
3.936080787001892,4.642118020991847,2.225004599088204,2.46322768830703e-10
3.6062256636871606,2.0270982730486833,4.769006995831623,2.1451515852851455e-11
3.454746190057159,2.8570712105929115,3.039729225150018,7.129410409949446e-11
1.4931811034815672,1.6687163455223737,3.899578475567604,1.093568213998428e-11
3.9616396362570385,3.385313750873588,1.626238127748834,3.384478952848458e-10
4.15763730273167,3.6995715153815785,2.6457195862843723,1.4665490901628924e-10
1.8093811306471426,3.5150576864876317,1.5084437589445607,1.8654794572939844e-10
2.2199333518484803,4.708251826904119,4.591584189968467,3.308725345681596e-11
4.1076099844533225,1.5396087009841573,2.3724112911093473,7.499042161592824e-11
2.4907986356118554,4.239779247038949,3.8786701807507002,4.684921988182451e-11
1.6722770353425287,2.6805899944430323,2.169161575372839,6.358299996936689e-11
2.3624609898308937,1.9488257683439691,1.9805564426486386,7.833383962239949e-11
1.8101197433329124,2.103999668430153,4.80691419094339,1.1000348283561176e-11
4.292547436245092,4.000742568445233,3.287407598547655,1.0605589257702868e-10
1.292375676190347,3.158466247573009,4.907142446040442,1.1313419425082703e-11
1.928236571309502,4.376988192439734,2.8570695012125777,6.900495587725026e-11
3.211442894347066,1.0299042070276099,4.58224954757741,1.051297821111293e-11
1.416861079913736,4.666569455457131,3.705351204662913,3.2140486854906784e-11
1.5915849554470687,4.125005366097875,1.7672031388885898,1.4030320663481064e-10
4.33047027095424,3.9391580466643896,1.6137745430008765,4.3715852218243e-10
4.673447212464881,2.072214493808553,1.4012254382621578,3.291866580030009e-10
3.4933789229392667,4.120887155906633,4.850540075678192,4.083592767057905e-11
2.93212286580356,2.4256254571204816,1.31227244191354,2.7564117449596737e-10
2.139174445549209,1.2061847081580215,4.843159427923655,7.341565731651345e-12
2.59784680022974,3.29366720997798,4.806538673921749,2.4718070854064707e-11
4.580983379247567,2.4276461029932097,4.97716073230238,2.9961735291967045e-11
1.3979387599509017,2.7655407336965636,1.1143852993224646,2.077703922613869e-10
4.908237720403212,1.8976283719581617,1.0377346072949685,5.772319422362406e-10
3.2152230348446578,3.0905359944699926,2.632803285280514,9.567407907609281e-11
4.865114431884779,2.411298540298489,3.8720186415711146,5.222222435567689e-11
2.696400361462826,1.5946671789413043,3.8048197673700077,1.9823140369802963e-11
3.4654777830645194,3.741964526641717,3.815149047871154,5.946014564656754e-11
4.932475975868605,1.6677885992769115,2.8196650853496896,6.905531781294717e-11
4.009386932478156,1.0738314452309035,3.3993279802404848,2.4866470816478677e-11
4.102706717279724,2.5780406549110366,1.5120797048432104,3.087429630903656e-10
2.2885290790995,4.0151462198433565,3.0870225560446536,6.435234801365326e-11
3.978746566533172,2.0758219918000247,3.8812217241980327,3.6591960688759466e-11
2.7056942259111976,1.2928407925905114,2.516285906417075,3.6871431043968265e-11
1.7400089595264294,1.4712677064635145,3.234771496852764,1.6328345228166997e-11
3.4736098494144327,4.369836397086041,1.46046519890091,4.749522966710842e-10
2.265656349373058,4.808579339076672,1.6495130624405778,2.672301822143509e-10
2.7032072046417785,1.7043459612663563,3.272101759480703,2.8719024995842078e-11
1.289648199832122,2.4549842283181085,3.748041219043357,1.504171820362532e-11
2.730361335023611,3.6397073301336813,1.248826090160326,4.252740315023456e-10
3.8431291948312802,1.932473565664791,2.7649557535532683,6.48348300736197e-11
3.114569766782762,4.439548823019063,2.866750405542477,1.122905831099352e-10
3.7840396444477853,3.746832292991055,4.585959570865412,4.499307662730983e-11
1.4305205168545818,4.019822968863937,3.493403235561719,3.144776491767699e-11
3.775267353014952,1.687752879227661,2.5198024244661754,6.697454832554212e-11
4.824497443887683,3.0015292839388206,3.313124169368287,8.804515095904875e-11
3.604967340283785,1.536462971103071,3.1846024238111883,3.645013930139432e-11
1.0238762997264694,2.724946794624124,4.487883066825481,9.24503701028618e-12
4.387667446109324,4.039107569417579,3.99793682892435,7.400029828589033e-11
4.726634128466888,3.467196350518606,3.386859814521691,9.535032624498441e-11
4.347207578014015,4.9470518560148165,3.4326874366114506,1.2180763810000147e-10
2.0377287237318766,4.716386922122853,4.709716266407647,2.8916951579249835e-11
4.048877160939014,1.9458337874590255,3.672668094848067,3.898191579405261e-11
4.240312682960288,4.4549019989389915,2.7006987535085236,1.7285022607091465e-10
2.9376339749246463,3.579175864184918,2.33228672936279,1.2900395956724884e-10
4.41672919268265,2.3578821600470454,1.8189651174875867,2.1006820736382876e-10
1.126205774367989,1.0689487325301767,1.0591322333793456,7.162431109813537e-11
4.874359639344229,2.175410274611773,2.3925114045721347,1.236337133547352e-10
4.533123581689174,3.778553012416736,2.7903636283947018,1.468208304306961e-10
3.6758152451019854,3.3671892839238042,3.748736185006208,5.878109214740327e-11
3.0802446633228113,2.4681077571653827,1.3620484214558042,2.7349565975678216e-10
3.3398082948381753,1.804891566321134,2.8030955025831066,5.1201545211634446e-11
4.579381965954802,2.1392454517759814,3.076418590239069,6.908167115448819e-11
1.5801381244108996,4.111178393298168,3.5413218036956158,3.457138585535154e-11
3.035285904984493,4.452204275820012,3.4780412635629103,7.455751585256443e-11
1.6906878306044644,1.5327297864077583,4.439778654241577,8.773898149739188e-12
2.50578523329926,2.957729975371942,3.458207345030456,4.136056977792187e-11
4.2634412830178565,2.856686620592893,3.931513037307772,5.2588362617424754e-11
3.0427010807260673,4.583201406612101,3.922910816766388,6.047801989946186e-11
1.426494205051696,1.9948729561193548,1.3486052358461649,1.044243483834174e-10
3.6003183286378024,3.19898238451678,3.673557845256319,5.6959371256914655e-11
2.054898809430148,3.339244828867932,1.917170336975369,1.2459582878316577e-10
4.402562616552332,3.0712619018144918,4.676913304353571,4.1256269688795125e-11
1.2065384279124869,2.874161193526829,3.476872932378748,1.9145241291183365e-11
4.476141435025275,1.7108494823201608,3.4953431957992644,4.183330313702653e-11
3.2337598180860017,2.6797142396034124,4.727722942711205,2.5874883975377323e-11
1.1760894184905775,4.399488048498448,1.5258789341224888,1.4831618039514206e-10
2.2785320219285072,3.5471214760188277,1.9791392081846984,1.3770975807514503e-10
2.44924966199073,2.6108912239617905,1.1663326584661213,3.1373513992642844e-10
4.309910377122796,2.1987263103167,3.197904994648596,6.184356265325098e-11
4.910354686255186,2.9311743257068787,1.0848251683854855,8.162462682648596e-10
3.7656863963791976,2.0117793006654683,2.756735129864015,6.653047220387527e-11
3.9788872843125636,2.8405363431765864,4.396778210717507,3.9019263830032446e-11
3.575184840766943,1.848213183999691,4.034239961795116,2.7096507161127215e-11
4.868963593968586,4.974499944545357,4.851011630100141,6.869221622337796e-11
2.9367838021728865,4.491104218129339,4.195761985516479,5.000225884455391e-11
4.290574876401056,4.518764513009416,2.9727943839340742,1.464170503358732e-10
4.436205388175539,3.434142600474468,4.966941889371263,4.121335920260534e-11
1.9689771426301155,1.7031699871423238,2.7108041343551097,3.045710311687116e-11
3.001613384790892,2.216196019135921,2.0696055980290686,1.0365110711235595e-10
2.1646149497283997,1.603701399170113,4.191276345575279,1.3188571899033854e-11
2.9501514496638954,1.2396822742584521,2.718855616912925,3.301935722840129e-11
4.174071809847408,2.2825180931855287,1.4399206569692367,3.066784243157201e-10
3.7360758460549994,2.0899095247894,3.6081026965626966,4.002870971856677e-11
2.834134678828609,1.587241285461268,3.2385905288576073,2.862447663764183e-11
2.4077204508436636,2.1100099604641924,2.479202105785867,5.51636386718916e-11
4.556338333598544,2.115811352958192,4.31542250214544,3.4548760209829653e-11
2.832778355171526,2.485141729270461,4.263990847963443,2.584148290240031e-11
1.9617101739305687,2.2013558245622744,2.8806873045121684,3.4731141433007265e-11
1.5313551524893199,4.096773285760663,2.128122179325592,9.245085701440607e-11
3.454043369486987,1.452355713364926,1.9242773137440747,9.04173275702681e-11
2.0202615117951472,1.7239710690898082,2.1805659571605487,4.8886090858799866e-11
1.963477968320913,3.3430877989943286,2.9509243792159374,5.0308788222495575e-11
3.482478827434194,1.7286619800911533,2.9892274035665047,4.496419860244926e-11
3.36396429780498,3.2746022908283874,1.0043922527066687,7.28768232575288e-10
4.9153656966019685,3.1914913993614644,2.201606291883352,2.1600131723074923e-10
2.0035705873008713,4.255120983713944,3.697746930666232,4.161293921340098e-11
4.896763151907316,2.9703583487343392,2.415447990293555,1.6638292922560074e-10
3.3264278152323596,1.8928654721846443,4.2148626975069865,2.3654686234411658e-11
4.47612624918318,2.205078483936323,2.8295474398694513,8.227703295679806e-11
2.940542546982041,1.0727731141640584,4.151572431782862,1.2215079893996843e-11
2.477761239743214,4.182222332885516,1.4215091455552882,3.422578813938625e-10
3.817478654266532,3.149888260036201,1.8313086657928364,2.392956844463122e-10
3.9682377033065377,4.885318337747675,2.456371982252894,2.1443144873876577e-10
3.386873682410804,1.4098864824620154,3.302235140002171,2.922492190598567e-11
4.034602122790483,2.096019906434686,3.946307764983252,3.624102012756388e-11
3.491385602433112,4.496416976904369,1.1806803429778223,7.515985478159802e-10
4.718212362299831,2.4116470870111644,2.5568981628155,1.161583887065238e-10
2.556817093322252,1.32169914089314,1.2066106194400352,1.5491168740700066e-10
2.890489429836602,4.246192173417024,3.9863236668770643,5.1548035303356065e-11
2.4028930911428685,1.0771552008371215,3.3688892067367515,1.5220379346477924e-11
2.046331476344212,2.8090046520402643,4.471973611642049,1.918298472334154e-11
4.320872956542011,1.1107900684555339,3.2461759700596113,3.039803918988017e-11
4.5779910336227,2.6578655629489294,4.35664668529785,4.278479625847823e-11
4.192917345897536,1.2534661493184087,2.2108259094410077,7.17638983742459e-11
4.454810363599232,1.9476161541912957,4.602859019973371,2.733149862670671e-11
2.2478069146338946,4.441239826142194,3.863616517149618,4.463354714508905e-11
3.2398442673332735,1.765522828150789,2.9567534734101297,4.366700877286585e-11
1.2992171356701703,3.028802306857138,3.6394111778736016,1.982789545777725e-11
3.181010729950767,2.4277898798761965,2.9044165261939083,6.110048177291454e-11
4.541145271157626,4.116306995252654,4.061096270363793,7.564370374008595e-11
4.978379546927416,2.482833195512126,2.0127672695452925,2.036266545598122e-10
1.380436986485575,2.113922740202639,2.938611131444273,2.2553173513715642e-11
2.8635674939080173,3.2449578324400976,1.0006532086371007,6.193490833554376e-10
1.5622561294439055,4.046836043876141,3.0915278222680485,4.414766419475515e-11
2.9158821251307403,1.7227153075591946,1.4739631337611332,1.543108402880941e-10
4.2599973329308956,4.7897128595043075,4.8027841822117106,5.903626380763363e-11
3.8916401207676836,3.567172664251722,2.789782714148235,1.190425572413537e-10
4.929101833665927,3.0354753068100457,3.44210066433228,8.428175357037454e-11
1.5720981053734318,2.338657127967692,4.317653605378913,1.316245219432107e-11
4.449292229044912,4.266799192162159,4.164402674845107,7.305903038397918e-11
3.9796785177854153,2.0391813846357896,1.238597527801443,3.5304464890867646e-10
4.724822415744944,2.6755183720915423,4.609500933621067,3.9707433323272984e-11
3.6139940238475856,4.7521530719516845,1.2674772891865356,7.134830842383724e-10
1.8735801853442662,1.4280307211989167,3.5734507963832147,1.3983646104681184e-11
3.048392186508038,2.564267822648765,3.4427030223353983,4.401708752255012e-11
2.3727134297327748,1.5119072904304134,1.2784989265282127,1.4647244007703657e-10
2.813327086796335,1.4293364460360487,4.491536933112137,1.3303041544891783e-11
1.0109498842164175,4.88360976172483,1.8548295364722467,9.577425364978248e-11
2.994888426978881,2.3713651954556827,3.9894060856097813,2.978165303812731e-11
3.1323330613756624,1.3129810143108158,1.379483034335225,1.4423805441869506e-10
1.3090732060781005,2.112583426671204,1.2120735463173111,1.2563367361021308e-10
3.3719563183834964,3.7489013186839926,3.965992066209399,5.363749275505162e-11
3.5042525016228336,4.969322983998065,3.957537154560279,7.42042564312996e-11
4.335597429228578,1.3644897856087739,3.615105591651721,3.0210886382823193e-11
4.505724726260693,4.395074903471514,2.7446396754147924,1.7544720926328118e-10
3.87354363838087,4.553984389298367,3.463647691437636,9.813383500417859e-11
2.114098020035647,3.612648243285355,4.50770663461601,2.5085670349528123e-11
3.714330186768426,2.2003510612277997,3.031158252428812,5.936650274714861e-11
4.264119728130657,2.9662780610654207,3.4533592820224053,7.07854381000239e-11
2.4479986134318787,3.621166944888758,4.973849536529711,2.3914462849549785e-11
2.920308472977181,2.16198728409439,2.4535034538793257,6.999946467650875e-11
3.432390395006731,1.0859006157593507,4.607232262667804,1.1719059148934544e-11
3.160111108867189,3.9600146173078294,1.9319496979034434,2.2376580230718568e-10
3.1913222987053578,4.663487016424913,1.387491858141157,5.15948975447756e-10
4.801892480817116,4.769264777508026,2.530727883887437,2.3864875192102074e-10
1.6810738267908598,2.382607863498036,3.637579992473729,2.0202283191399304e-11
2.3725733506938074,1.302314999779464,3.355903363610003,1.831061790676719e-11
1.3193729457468324,4.770884137790227,1.2341934342528775,2.757948696304691e-10
1.827704394831871,2.507967445989451,2.467755093421502,5.023540865116224e-11
4.516807409384514,3.7353351117641034,3.2937159732829357,1.0379467031552547e-10
3.5752629910170275,4.950721873408389,3.5542352137712903,9.351265632538401e-11
2.277612376659947,1.6835962858106774,2.379692590222018,4.519207253419434e-11
4.35838473542727,4.070002659347015,1.718023963834773,4.0109571800120335e-10
1.1993049599028827,4.6339050148162,1.4578251529604453,1.7452276347395157e-10
4.056246950105761,2.07532744648292,2.1878438499492696,1.1737201885856123e-10
2.617702966364595,2.3631723567429925,2.6191130126475386,6.01857239296275e-11
3.8659485219672507,3.0494975195937517,2.9555129751636735,9.007511243915221e-11
1.3389618460723387,3.692642219182158,1.2778956563418555,2.0206953735974172e-10
3.9979105379983753,2.403766910701057,1.8309998625074382,1.9130882445999687e-10
2.5785244545926598,4.105547236898358,3.987184119485026,4.4442238780784566e-11
2.343548196917898,2.096382177718414,4.055609064477117,1.993509826214152e-11
1.8288814594052734,1.5833263414278562,3.1411474434771494,1.9586893044236976e-11
2.0257765259718856,3.7477167129058038,3.9568053198581206,3.2363473425540313e-11
3.4840482861371247,1.9344973707510036,1.8136457432641193,1.367519694652083e-10
1.6192419161769775,1.631150253571592,2.0529759004207335,4.182386896977508e-11
3.246026726292616,1.0831411892433458,3.626181530855546,1.7845317603189615e-11
1.4592288532276698,2.491719386986271,3.2406414007275255,2.310717161865913e-11
2.9230994648257655,1.8957161672039593,1.8295411217669386,1.1048892773461856e-10
3.9484048725086183,2.3437555234156577,1.3684407289657057,3.2981333176615574e-10
3.099846917570968,1.2579271787127664,3.2324473378719905,2.4906863101545367e-11
2.808116179210289,2.871736031392985,4.119977241099875,3.17070733543137e-11
2.9947706857492795,2.5987123411533393,3.508390135995471,4.2198034414807964e-11
1.958882403969584,4.9698915513516555,3.816977515868533,4.4596654038630977e-11
2.1937040520650695,1.8024124908757244,3.1781743460579004,2.6125402655593487e-11
4.709920143511705,2.6709845026917374,1.6497795299642513,3.084745170028539e-10
2.550795229578755,4.6707208808832466,4.709407590053594,3.5851980746880636e-11
1.4647760980044469,2.9980995790652543,4.607398949495915,1.3806762758950194e-11
3.271721558091207,4.452395213152478,2.339246855996018,1.7766592291658354e-10
4.555330026362529,1.9332092834616783,4.9697028806524495,2.3797101954446943e-11
2.2100605746534563,1.6473321514040906,1.7142080389908556,8.268838303530561e-11
1.6807044563598632,2.019362311980851,1.6626050926343172,8.194332602011353e-11
4.874854181151647,2.0825460798362965,1.523626328718425,2.918673492361002e-10
2.0013401864767584,2.83889585333118,3.3139741237122897,3.452696088069695e-11
1.51443342378036,1.3807052824742287,3.5150720050605684,1.1294549759986225e-11
4.469008826032632,2.8742606026999082,2.420967622391373,1.4626674412320678e-10
3.4648146655701537,1.8690420003874868,3.042022437088625,4.670468487406039e-11
3.972101986885058,1.8331680450092742,3.6260808033429606,3.696016624900868e-11
3.615024441898193,4.651223142319758,1.4315974831692344,5.475487138587027e-10
2.5621185789043976,1.5165185860634374,4.365205026731725,1.3608926610041565e-11
1.0792637602581139,4.6210037021602295,2.2316149464386466,6.683617543435049e-11
2.5112815139707356,3.2944470942390742,1.242468210074446,3.576791035105527e-10
1.6100414586977618,2.3974376452027077,4.225982765271137,1.4424977319121559e-11
4.350845953656097,3.217084264329487,1.9129427160837889,2.5528095477137435e-10
2.111965598006608,4.6761704354884115,3.8047908349341113,4.553043506007026e-11
2.5455316190726434,3.893748301510916,1.6570285612959075,2.409198502053501e-10
1.6655251533507194,1.614806498543469,4.907211617654728,7.453981544263868e-12
4.289828426284077,3.47674673480261,2.3197910931306165,1.8497005566281124e-10
3.942249087657834,1.2274011072902926,1.1888682517492208,2.284805919663531e-10
1.0354424704599134,3.3216912098815805,2.7764452946416704,2.977784001250239e-11
1.357155422779841,1.9621903859755627,3.8930595207606484,1.1726673806177337e-11
3.1962500304345864,1.9957907571528484,3.8699031299818687,2.842770279762255e-11
2.5040646961008193,4.638176149154992,3.568443022423298,6.087254402414728e-11
4.015234813495422,4.388853840206342,3.352285342456485,1.0465652543292291e-10
4.021728015339514,2.7386282287841244,1.668846920554277,2.639362097819255e-10
4.963278669839202,4.044519921412134,2.0239961913959554,3.270411936545729e-10
4.670880036766186,2.2261274551548778,1.6868881417021937,2.4387224204932576e-10
2.2743164094339043,4.391693866537011,3.7426090578646867,4.759049450070688e-11
1.8254770947809034,4.402486261868673,2.1715018214107578,1.1374706613740052e-10
3.939112305420226,2.7578642231494186,4.385349411610218,3.7700667654879796e-11
4.648874073622325,1.5100073890957857,3.342890644916989,4.1924579702351144e-11
1.4004709215451085,1.80267863307109,1.999845673368024,4.212943586666327e-11
1.8093300803028178,2.7852893279618187,2.6866891180834327,4.659501847809886e-11
4.444741283252158,2.5243949565389325,2.340021387589692,1.367572437701979e-10
2.9325418205685976,2.1721807236612554,4.246110694338574,2.3579997147473494e-11
3.9960303091269562,3.397762676947736,2.3060882606575928,1.7039473343437723e-10
4.928293235289491,3.690348897461131,4.626312573737087,5.6712687241895746e-11
4.968882427025526,3.3329174554588215,2.79295320752878,1.4169096608654018e-10
3.4835363405464475,3.5873286550619805,4.478931040746133,4.157468453851857e-11
3.5060802098215493,1.7759580839706284,3.6615724584960074,3.09959888173554e-11
2.920648890462891,4.933693433619243,3.5211732894530314,7.756448543730198e-11
1.5391474399434046,2.2372646860835084,4.967773921709407,9.312368381189152e-12
4.846445594537242,4.869278934308389,4.098316277947063,9.376985742469627e-11
3.185199753631396,1.4586898727286552,1.8431787104734063,9.127481315670352e-11
2.4187431755409943,2.1738734422903163,1.6820149839290344,1.2403678348174686e-10
2.5745933490005837,3.2095877489378135,3.2454346021624816,5.235984768641631e-11
3.8186350265992357,3.106836632754327,2.994497686044508,8.830083446279088e-11
4.3239724352087965,2.9659013814005077,1.0771877894774375,7.376374906093664e-10
1.1876288164979587,4.011964700687717,4.047874808244098,1.9407513087813015e-11
3.4008352882270008,1.2085443999872525,2.9594283671804336,3.131978313836146e-11
4.297392274547293,3.784046984823681,4.262992182541692,5.971984182889641e-11
3.9612987425200386,3.1658246962086203,3.7153162251120873,6.063440115689865e-11
3.063973947194452,4.783810836114952,2.7306312442742526,1.3119556626899198e-10
1.2503633877675964,3.7699836505741535,3.071469174727546,3.334798484162284e-11
1.3463784935331362,4.6629010379251605,4.9029116208118175,1.7430162536661202e-11
3.832709935316432,3.813294189492304,3.13407422597073,9.930563910013578e-11
2.236340672204279,3.760754613446721,3.0319908286953985,6.105811535296735e-11
4.261907961014808,3.103423631673804,2.049553079001703,2.1014206303371184e-10
1.2836473500809888,3.9078950791894584,3.90355761934545,2.197119292199435e-11
2.9531066373722825,4.783361418267601,4.942777973826843,3.858836012610055e-11
3.9378209068446846,1.147784242123361,3.2279094531998287,2.8950744283893828e-11
2.7992844639448347,4.426349080947961,2.2726205030434445,1.6011243283790934e-10
1.8673460282329288,1.255009035827349,4.496393514702259,7.736227485094158e-12
2.3241499643372845,1.3494889391278853,4.6609478164821,9.635432148843857e-12
2.0126820173430997,1.5676138514257358,1.252300345364949,1.3427138238268102e-10
3.568452955180842,1.975737248321634,1.2614669088961077,2.9569476823505573e-10
4.864845860632472,3.193462674492515,4.569395840693955,4.965918265445176e-11
2.9467385171682468,1.472178875053829,2.133953722364518,6.357968762731663e-11
2.2387740753059773,3.421423988654273,4.244584896137862,2.8374807171135407e-11
3.3147786808150257,4.3418656748118005,3.646013622477305,7.225710356881489e-11
2.044030396013041,4.727837085497356,4.808545934061464,2.789385358433414e-11
2.1143586125539517,2.5599499101475045,2.376901986512972,6.394016783277878e-11
2.3838940426267117,3.830077085683934,1.073800478844996,5.284859901471639e-10
2.4682700213442614,3.749128721139247,1.7350850171045917,2.051481964523783e-10
2.742946655506719,2.028650033063135,2.856335090837354,4.551896573483574e-11
3.649384006179221,2.504766142664254,3.0173503221419775,6.70072013343368e-11
3.913363367397267,3.938296539348818,4.519982954424336,5.034672175180826e-11
1.5641449864748669,4.642515267450822,4.022246005942346,2.995568752650096e-11
2.7564071228298994,2.387813919238395,2.505092281136576,6.999750943268204e-11
1.372081827313564,1.106923853513575,4.095656146323399,6.04278280795552e-12
2.568143998154566,1.8609829422152053,4.782752833458543,1.3944151439280849e-11
1.5794367682037964,4.864653492589557,4.547986611216503,2.4791454211613388e-11
1.630794092619419,4.409711097255606,1.2454560491977267,3.0941307131383004e-10
2.888563336899461,3.631855873993499,1.0090782912822562,6.876175877564077e-10
2.962001917702558,4.267850032928657,1.7852339505965644,2.647222303955555e-10
2.9444127963540363,1.919178877576523,1.3834897511113318,1.9703730624247953e-10
1.8218090358406318,2.711635920936804,3.276291568362109,3.071534120763966e-11
1.481862382015628,1.0413438356082336,1.149821135631436,7.789824103396265e-11
4.740609011575302,4.5277302263064225,4.727675877739984,6.409224645108817e-11
3.3072321042881114,2.0253143892657017,4.415063175243931,2.2933454661187506e-11
3.655265926829065,3.5378659318053467,3.9773063023647897,5.455926045330672e-11
3.1399267303762763,2.7923971887309706,2.7132741253776027,7.948690038593402e-11
1.2907959194120542,3.670653709671513,3.5807890229333617,2.4662081811838963e-11
2.039155268135108,1.9793391991040967,2.5130716246043954,4.265274541929381e-11
3.2439489259907637,2.0922481200394607,1.09221924070934,3.7971150028511214e-10
3.582753971309679,1.6816982008136545,3.6501140932608727,3.0181329639646894e-11
4.626952410979827,1.6299780877629861,4.709778827245376,2.269143571804489e-11
1.3609377526261874,1.2585201813935796,3.2210581485592495,1.1017613116945549e-11
3.3536880948579713,1.4535127747124434,4.369161167465242,1.7042432968010356e-11
3.6219153949819956,4.794544824337276,4.307985856255466,6.244869241494798e-11
4.869863516940396,1.78500977731452,1.0887567389465183,4.894201876204592e-10
3.2240147951535234,3.3176926733744785,4.663668397926871,3.282192554584837e-11
2.0939389665482513,1.577986278537988,3.6384731329825177,1.6657702399920548e-11
1.4250185670835602,2.5216643260705065,4.945507995559934,9.805555070475437e-12
3.3545500022708317,1.8745555923411987,3.202893092004579,4.0910417447987745e-11
4.262456536629557,1.1116996524270903,4.703936006475996,1.429258639514468e-11
3.8933314110768436,2.670779700191193,2.4368660502086943,1.1686442525995478e-10
2.212151541000144,1.6486340345093375,4.591357548116324,1.1546307229785552e-11
2.5667292210682975,3.739970895292415,4.259843384711543,3.530589416610819e-11
2.4967243431739714,3.6176967761679983,2.957871238748056,6.890177846685206e-11
1.191704517058144,1.3481198203333165,2.2783739275189805,2.065538419400486e-11
1.0662273481391424,1.6465461300404973,1.8356722433383457,3.477119690245048e-11
3.4861989078291127,2.083077432270652,2.6103774963325295,7.112743461090436e-11
2.2273013537842057,1.77085618760406,4.232006837334229,1.469791580542636e-11
1.994897009270534,1.0842521948485282,4.739134880685146,6.427452159843388e-12
1.9654862985292523,3.1330355403392725,3.0080989557261106,4.541897266421414e-11
4.645491729715207,4.237778057442924,4.863334597986309,5.555047812514026e-11
1.913735282370908,4.167583948061587,1.6060112748376314,2.0637412406993937e-10
2.4562371903910893,3.4745097156710574,3.5424130121035047,4.5389107862638045e-11
2.277507349700857,4.40950139568479,3.8792831113219886,4.453818577640914e-11
1.1108086012221623,4.151484786984518,3.4414497117396223,2.5986394754258413e-11
4.923152665623695,3.982807243676688,2.9512999922533774,1.5024225059279202e-10
4.579801202949547,1.1081167570925383,2.53752535488503,5.2601432408131545e-11
2.202580214697982,4.920574010365808,4.735908209925212,3.224980935378061e-11
4.255722912395406,1.782894837910781,1.7571104301334075,1.640163564463426e-10
1.930275516584695,3.6903689763900496,4.906436736028699,1.974889898250461e-11
2.895346466337849,2.1735182619201696,3.5196667720053085,3.3903687761679485e-11
4.498109772438353,3.4676625005353316,4.34798914716831,5.506506691813547e-11
3.130320287762598,4.877089350772505,2.0579768718323,2.4057733571065256e-10
1.6112804563777305,3.833022993913224,2.01259604433546,1.0176197725028893e-10
3.2672784006373132,3.9850462279654986,4.043501841509723,5.314842722039664e-11
4.534297770628973,3.334660936399956,1.216307006480903,6.821211327114669e-10
4.962892207354187,4.048734760388587,2.344106652061199,2.440538350718296e-10
4.911318915174133,2.936563967836802,4.310395941616481,5.1807122782323435e-11
4.12341883939202,1.6413275144274753,4.560477496671254,2.171792199199074e-11
3.94363168613341,1.2211967004361322,2.6929936033792727,4.4319773094040354e-11
2.71305894060289,2.7995653336801607,3.156332509073012,5.088274605571913e-11
3.524339329380501,4.934166906178923,4.355502182271098,6.117884638104837e-11
4.641311989284858,4.296743466884026,3.183091380952208,1.3136152362601994e-10
2.9326236697228385,1.2777303752398295,2.331776114699094,4.599472837819547e-11
2.732326623053791,3.38372600136855,4.710030569990305,2.7814198706393837e-11
2.651319749164047,3.3433089962929095,4.007773903967195,3.6831414646864415e-11
2.3120626385684253,4.198031016161315,4.486694416827314,3.2179438257397414e-11
4.177754579334489,3.9445359091076257,3.167994813446755,1.095862627829725e-10
3.543995417886021,2.83335319555695,4.764282906964165,2.952466542264488e-11
1.1372651962908957,2.746568594058244,4.86183250978698,8.81938728375745e-12
4.744196737039346,4.4607865416526185,2.679771391201997,1.966821023727268e-10
2.398246003551213,2.727787644275664,2.559701150536467,6.663646687486352e-11
3.3253146309917074,1.3129554391934581,2.0131905481004333,7.18950792446968e-11
2.785769300397603,2.7724488882180496,3.301836459865171,4.728068730803679e-11
4.0328312039455305,3.9152905759713676,3.2392223331901504,1.0043353061301592e-10
1.9797484841523971,1.5865431324007528,4.776105540040403,9.18967758839982e-12
1.4565104932582753,1.4707934519818626,3.025319553544783,1.5621005996054067e-11
1.824265276055519,1.4421924194865223,4.376701390939459,9.166500540332949e-12
4.921146355847572,1.6318153623166847,2.605920291622115,7.892257484597747e-11
2.420265215242197,2.6385575341492156,1.395076166105146,2.1898778533461417e-10
2.1264047454408708,2.9060811356492775,2.5633864663279162,6.276415644825686e-11
3.959285885316587,3.9124880543728193,3.096747592876274,1.0780638197450794e-10
4.107381770970395,1.782194338432043,3.236537536651531,4.663854969857494e-11
3.1649571762440454,2.6468233711204165,2.3102139751910467,1.0475495817469202e-10
3.0651330989898624,3.9841983707332864,2.7174603847579353,1.1036974787112127e-10
4.618830050262743,1.55894252265933,1.42183847070956,2.3771017226242534e-10
2.475145786972383,3.664372080421003,4.294579420337133,3.282050617549674e-11
4.974164269773873,2.6644224969800274,2.122451438778342,1.9635135060179058e-10
1.386124406246028,4.915255328087544,1.2570932603683644,2.8773950977906427e-10
3.980459603268558,2.39718911076013,1.5968175235042272,2.4975324488152046e-10
4.789191761808868,1.0501734370876812,4.984115335203443,1.3512424832136118e-11
4.478863934179248,3.5525388295991394,2.4640837625501417,1.7489684331503924e-10
1.5054708998648092,2.12979641089251,3.3107669665724857,1.9522679816931088e-11
4.281640711500416,2.560096601742824,4.136014914101514,4.2765010640932445e-11
4.152263815207097,1.1903222700282488,4.788134873547486,1.4388083500965431e-11
1.0963211604315468,4.734398158174735,4.710812605164894,1.560979217070414e-11
1.829599421398949,4.785875883382536,1.163483128594018,4.317014107735759e-10
2.950004813602995,4.293609064264446,4.0156146984143595,5.242366209388341e-11
4.414678674765636,4.801223194776653,2.888698149773466,1.6952465529731247e-10
3.42926584212091,2.0468270224372533,1.7175156870477024,1.58806060761677e-10
1.7219798415950716,1.96230223938896,1.0173358823852756,2.1789709454803126e-10
1.1705793390323809,1.373748326854154,2.9841696575670853,1.2051669487069339e-11
4.626778758352545,4.868621043867301,2.4376912156075297,2.52995923020822e-10
3.3001463337686294,1.9538566018982948,1.6167067841172398,1.6464538620130687e-10
3.71113400833462,2.2368197092223348,3.928874979027485,3.589115226786811e-11
4.86849129951448,4.092467958142251,1.180704637921456,9.538571730098595e-10
4.945894471616107,1.0426999496744758,3.3964867707544446,2.983530939973654e-11
1.4431992834648755,2.6448647090457507,4.960287361641191,1.0353860151902335e-11
3.0284963567714143,3.9018253053344734,2.5473938041217843,1.2153151241167082e-10
3.916126732355758,4.680579319475836,4.659782721114892,5.633927011136233e-11
2.542735326302569,1.589407588745701,3.930063217701834,1.7463189576255712e-11
4.5152668941763086,2.7276171763456,3.8408481727600767,5.5718416467067817e-11
4.6977098501007895,1.0360826818535283,2.4946806786414046,5.2195958772571393e-11
4.323638113454214,2.299305153094166,1.69825013102156,2.300534963072293e-10
3.095547124299135,3.4266194061226867,1.8843015499140798,1.993832549006036e-10
3.0077822026144707,1.6169155416605525,2.289049457517171,6.194547259394788e-11
3.148908340010206,4.77570983254089,2.595633017938047,1.489695730606913e-10
4.807116191814689,4.971586450275725,1.8484656566597684,4.668131111903705e-10
1.5219318157496113,1.8185606360361732,3.358735074133849,1.6374109320403477e-11
3.522348931199153,4.648489806507523,1.4274897627782837,5.362711780120027e-10
2.2606905288240293,3.1714505628796315,3.626692423435012,3.638009368033021e-11
1.9195323970701237,3.6731506591882623,1.8422882434526264,1.3864532471262426e-10
3.145512140917052,1.0432061355833353,1.2952996507121428,1.3052905804663515e-10
2.5576732971202327,3.812350319034201,3.641630220839241,4.907184468387772e-11
2.2855402623369816,2.99785981848176,4.729701456495448,2.044179095572404e-11
2.4325307015801743,4.248359989896445,4.96113645790369,2.8022281885301924e-11
2.4809998033750533,1.3510977854271191,2.20308069747907,4.609341690281795e-11
4.596698440430785,1.054686261059429,3.603693455435576,2.491493866269923e-11
4.951797866117158,2.784259858125598,2.9029963193256823,1.0918573608935693e-10
2.4574549428303563,1.9747225359593492,2.541495319570487,5.0141719162952633e-11
3.9781303243972723,3.0821792371100205,3.6938813955319327,5.997319773161377e-11
4.152676055935265,4.561875107259628,3.6887425967926166,9.291823367560665e-11
2.27993803146775,2.9381658735608744,1.7874948707474108,1.3992520344625032e-10
3.5837062953920054,2.9415381046243128,4.08463610025616,4.216832474890336e-11
3.4159265015731872,4.194484408354162,4.204244048764508,5.4100025296254815e-11
2.994487552917019,3.1318340922857084,3.230749472626578,5.996542246953219e-11
3.276860360568876,3.5223321804080694,4.20749143184233,4.351389577874939e-11
3.8021197966400693,4.64116327935367,1.6730906835973793,4.207265164131018e-10
2.8046915510610315,3.381435738937904,4.113029094281397,3.741527002369107e-11
3.244576982245579,3.16921216927566,1.278613413637498,4.1977550007154485e-10
2.783426734131263,4.893052081640018,4.50206470247894,4.4845861403381354e-11
4.029792965596878,4.764036520601877,4.240679831207396,7.124806096114455e-11
4.346716766574352,4.17099279516918,2.559917486568527,1.8464393644573555e-10
1.2628842690958892,1.3766277381560075,3.69643202299428,8.491820861979201e-12
1.9226247330593562,2.556344190784898,2.7277688119820422,4.408440014014539e-11
3.612436950687261,1.5579202685008728,2.5201619931994563,5.913911082119354e-11
2.657253676429397,1.3708118176404538,2.2686609074022908,4.7234343506577964e-11
1.9731864012869256,2.156939353105076,4.672796361090253,1.3008839041233326e-11
4.083996132509025,3.3503537730069346,4.877892534251535,3.837936069043394e-11
1.1709091531193354,4.0172336119726335,3.871698677854645,2.0942734675302302e-11
2.7504057536371547,3.063915438398187,2.036229315215037,1.356458070739184e-10
3.651999888845488,2.042770502460349,2.207529837667232,1.0216999480371169e-10
2.4885614115734773,1.471215930315425,3.43228839707138,2.0741656575972275e-11
2.6438638600633544,2.4936691247843314,1.599123147741203,1.7206807460374643e-10
2.8183149046916833,4.58503069515689,2.451844208679538,1.434604617358133e-10
4.674496015045611,4.271092805767173,4.5649897032621976,6.394114366258615e-11
3.0090328835439224,3.0609424544675936,2.37117943516015,1.0933002858001031e-10
1.8970286214763963,3.8358676015092623,3.1001334106237124,5.05315857479908e-11
3.6409374656512137,2.03146506919593,3.1190438650751617,5.0741793799998855e-11
2.2539669302323344,3.864939246073906,3.1929580182736585,5.702824371978381e-11
4.905827562403683,4.5717807251621245,2.969468651294605,1.6975648884492403e-10
3.098061899553235,4.954291481722752,3.4088297160562533,8.81550575319716e-11
2.3101756692969615,4.2865812511660515,4.513712431152355,3.2439525612980594e-11
4.279340164161666,1.529196099581319,4.48044086888157,2.1756282716575207e-11
4.691402003337285,3.1633321120377653,4.025234004293969,6.112957488942454e-11
4.01314556162445,3.881481680247948,4.70657229193307,4.693093297494718e-11
2.6101646848073985,2.8755772684396796,2.5511596650488446,7.696687854979123e-11
4.003119163059324,4.780904021739759,2.9177708505152493,1.5003493111423057e-10
2.9071460244299496,3.0206335724691336,3.693477235515659,4.296157957708257e-11
3.5718368139289507,3.1486366592284156,1.2121251098801697,5.108641923431429e-10
1.6181473285377481,2.9208263503272973,4.438824450627585,1.6009363353584662e-11
3.3195423243679856,2.922556266332053,1.9882114853324349,1.637955645451351e-10
3.038536678647897,1.1806887897337495,4.701834341876845,1.0830574094714752e-11
4.446231634042,1.6118910922302767,4.847245948162895,2.0357473084875716e-11
4.479956594389614,2.7390619991964065,4.167549949583924,4.715201360511653e-11
2.6213241610605422,2.0155266801318668,2.309957241501766,6.608267310751305e-11
3.2422146924570887,1.702537191909753,2.891431774633362,4.406549784951979e-11
2.859217997221946,4.191652407085582,3.5922750431392836,6.198399593040718e-11
2.847180659904593,3.467590120423798,4.953256807230945,2.6856368920390027e-11
1.186497276704344,2.2063384052189865,3.2435145930248934,1.6607083157514767e-11
4.92085426263441,3.139267074026399,3.0176373292801553,1.1321940896173368e-10
3.635716883958808,2.04089372332557,4.9348334112964425,2.0335350225782385e-11
4.723350719798836,4.480094226657716,3.067079439319061,1.5013207790785575e-10
2.1443367551697,4.403472194602012,3.5890889428716126,4.8922203357975144e-11
1.700946207842967,2.5789307087764826,1.3788123503269292,1.5399482463945665e-10
1.4980311953370613,1.5961326183871436,4.576976630423442,7.617608391790069e-12
2.6870267308676548,4.567249528041138,1.8782504687562391,2.3216990142068852e-10
1.0669015014924446,3.12075938549249,1.818819119722967,6.717254332053099e-11
4.093324809089138,2.246153632607928,4.771234466277534,2.695506291250306e-11
2.7750743603667067,2.4806050717865507,4.658364588865489,2.117149386358081e-11
2.5301325966749277,1.704566546520002,1.3282956697130284,1.6313754831972053e-10
2.6278173174956407,4.326800156979273,4.01680086544607,4.703136738640301e-11
3.99756446606118,1.704607840186613,4.345599453258091,2.4082788561474418e-11
3.4608827388546195,3.560807541007587,3.4275672447619856,7.000831427093115e-11
4.390973744688637,2.477916743504793,2.0325448312717027,1.757735345746942e-10
4.332952529716405,3.50976113006478,2.59904106000267,1.5025239805306028e-10
2.912801151267609,3.666802676831042,2.661970904773911,1.0059536503743034e-10
3.685317243183447,3.5286180464651213,4.418405413765923,4.445643238002688e-11
3.5289509811360746,2.253977253017577,1.113575881331251,4.280965469831884e-10
4.681855158842428,1.7203609846432069,3.2314589221722914,5.147857089070095e-11
4.28194513384175,4.884187194245017,1.7208482456583734,4.713401702176311e-10
4.7279493123378264,2.308094755451445,2.071688954866628,1.6969285132966e-10
2.817020149096558,1.721337655001486,2.2151207511336195,6.595495278568386e-11
2.7048239013917246,1.7242614453449288,4.829327064448688,1.334612160120893e-11
2.3449449746562667,4.684843684001967,3.242267955673635,6.974549406615676e-11
1.5731600697070038,1.2362339191379674,3.726534473934686,9.346510232447488e-12
2.031641654275597,2.326718583322691,2.976587556583643,3.560736575150467e-11
3.6625912504930387,4.953351809913282,4.061663423863296,7.339491408895907e-11
2.4681080731027496,2.3157660919285648,2.314887192943115,7.118449379986729e-11
1.6515377036436285,4.922150348040244,3.37011852123218,4.7768237920264246e-11
4.860934046556286,2.191957673950484,2.8731551971412386,8.614298634474585e-11
2.172541433180101,3.041539408436174,4.886265776080007,1.8471133479091828e-11
3.103959881007447,3.2490755761496333,4.337678565801829,3.57723426705583e-11
4.6144430021045775,4.682903037282371,1.1690757441823219,1.0552013882332448e-09
1.034587982180514,3.0964881947172835,3.4776223285792573,1.7679021703144906e-11
3.835098068281832,1.0618697758814153,2.1575177544334654,5.838821241342415e-11
3.024017497733349,3.250260497587938,4.699379763946478,2.970349733801187e-11
4.635300922225443,4.612384249525281,4.872677202195335,6.009721308132631e-11
1.6278711374001005,1.0160933786607882,1.132320823595423,8.609954539966577e-11
3.378124583514815,2.3211908939541677,2.1318527468990447,1.1514850815271846e-10
2.4728158011193213,1.4626467162214825,2.916750783887956,2.8373882337357477e-11
2.2537756322080553,4.256636072137823,4.402058828792954,3.3040888554998395e-11
1.220042835284945,2.8035357391582205,4.744583230181614,1.0140777151890238e-11
4.710896387486809,2.809873894437339,4.321283599825403,4.730979273097215e-11
1.6973586553991247,3.42111296721429,4.474217341312556,1.9359453049005242e-11
2.4591566005970624,3.8739999248768004,2.329115593458691,1.1720601765373513e-10
3.7384419412589645,3.620017514552893,3.5071787658271742,7.342969230089522e-11
2.9002257429260334,2.5452598652240797,1.8047240931119855,1.5126153468881948e-10
4.946303836655672,3.5190952221320275,2.084315445633465,2.6740598133611076e-10
4.527010562845856,2.221365572970264,2.0882807829553065,1.5390047598451324e-10
1.466990561129018,3.105599367334423,4.104804394515468,1.8045711844223626e-11
1.545246890903257,3.0109697917321356,3.700532892766711,2.267576468083369e-11
4.91918346725463,2.7250998037037557,1.931596345798023,2.3978879482693114e-10
3.2922209364605086,3.6069559073694397,2.3257237056181412,1.4652096455948133e-10
3.1132315627668743,3.4168938536138818,3.3216767273317456,6.43449380781822e-11
4.191883626422713,4.037036028853629,4.762974191913633,4.978535272952358e-11
2.709957367269055,1.7517834457956045,2.937784950285794,3.671039652841609e-11
3.1574642216641204,3.859160939280561,1.9920392169964778,2.0493765510630761e-10
4.679421626944553,4.18614002391417,1.2912494927450995,7.841006313285532e-10
3.623349591884253,4.973362480192741,1.4412410543977714,5.78992988707195e-10
4.539505636397134,4.954891356665638,3.04584975574397,1.6181245412665186e-10
4.130843380796197,3.5764500723872232,1.3244209842939498,5.621147634915677e-10
2.938120285022035,2.5464545761811266,2.265194175340943,9.731523485334124e-11
2.3327494741975716,4.5982564461051325,2.0340066393598892,1.7303850666759233e-10
1.2018153406878431,2.2608088762968315,4.500266268623297,8.953882153186317e-12
4.463739230859907,4.318223083106666,2.0951580091267665,2.9305998934709e-10
4.33747384626618,1.3822850034813237,3.189152183938377,3.934324523461125e-11
2.629939661077502,4.7739208135633255,2.503088852445045,1.337379511760154e-10
3.8918482356070014,3.332858551460235,4.7621260599984385,3.817308029996499e-11
4.96205064430125,4.868951871261311,2.452581148286735,2.680625255527987e-10
1.3354637713540045,1.5765764780050873,3.178206799779746,1.3911342750821636e-11
2.1073135599322614,4.312165098934734,4.627786886207348,2.8318095504353227e-11
1.8875949104629037,3.048555749100831,3.509970382893498,3.117326113408114e-11
4.506053995356284,3.633145312542635,3.5696912103173304,8.574406372530176e-11
3.1615938029219155,1.9260417817427364,4.2566550717885185,2.2429575741625688e-11
1.7381124265416599,2.062135566539702,2.630864910364785,3.456083149888294e-11
2.5718820721177407,4.489862348783868,3.5404927179620174,6.148127551852315e-11
1.8627080485098322,1.6550661905967083,2.5394078877880024,3.190666643081635e-11
3.159841267759814,1.083806221862614,2.101703242337167,5.174403838991563e-11
3.6707372966871814,4.976837607311349,4.278897204453713,6.659310585133487e-11
4.799974441810054,1.431984000122264,4.850458886363503,1.9498339918083055e-11
3.0300802713867436,3.8421601375510197,4.808230756455535,3.360819541041707e-11
2.8299035361750713,4.561076508105448,1.409115398254817,4.338424759085478e-10
2.7443805519720135,3.5225805827165173,3.742690126853019,4.605997831306388e-11
3.4285230846880173,1.7362089966939314,2.3599791821420055,7.133110283987418e-11
2.771081060790244,1.051764349291096,3.3958837522398775,1.6867404041392134e-11
1.606088387823319,4.224969366316982,2.947763922963888,5.211872828015483e-11
1.258038866226582,4.156191865521222,1.9019990250219414,9.64617793931614e-11
2.6211234169213493,3.1135348197812416,2.446887196095564,9.097027401269257e-11
1.512063285851149,4.402039067326321,3.9623662040756114,2.829442298877042e-11
3.7611720769621195,1.4102958136132382,4.458467161976582,1.78093667609083e-11
1.1284251914824432,4.3919201172207485,2.633465948154428,4.7693368104604295e-11
1.834562541614131,1.5054182613991105,2.994165463482025,2.0560056828596472e-11
1.8707978499472007,4.278972853241099,2.6038697493017042,7.879779836182223e-11
4.356717704450485,4.264583527996195,4.675319784778756,5.6728278612980347e-11
2.2769079773746435,3.597209777240766,4.834459271309877,2.338846041458844e-11
2.7389146907084134,2.559662381702505,3.5170994049407422,3.782492777338402e-11
1.452652503651613,4.750728977555135,2.3294426972827194,8.487975774292414e-11
1.6026472030036776,4.006047901567408,3.5651882373272095,3.3711287568412266e-11
2.9279368301479485,3.9130505462298473,2.4544999864184383,1.2692211333262327e-10
4.277745877924751,1.5392603185610638,3.8691661153924213,2.935475810153191e-11
2.734007771717924,1.1931307423556152,1.27162912613777,1.3463347320262395e-10
3.6432577706707754,2.6953273221409035,2.5046624790244203,1.044694230170817e-10
4.570335357434948,1.3463102116646177,4.8355087305399875,1.7562853034520574e-11
1.5028381551576908,3.9615634612201656,4.285035239720834,2.163994918782228e-11
2.318498453063418,3.6203843489642975,2.6862245669435683,7.763598335808111e-11
4.910021620944878,2.7224319261308234,4.7656577799128845,3.9280854866112696e-11
2.9800335469722437,4.9370232139448555,2.7232207020145576,1.3240574973114694e-10
2.424559020607789,2.2420546816662235,4.249467691949523,2.009074770211413e-11
2.1189447233122083,3.8307076850633894,2.5996677942484654,8.015841751038225e-11
3.0938702839947028,1.3383989004156627,4.317797449373151,1.4823451738650288e-11
3.4711932778807957,4.771660901417373,2.558611803010293,1.6885960668662093e-10
1.7169683659650943,1.2607503961593869,4.148623108712979,8.394013145227688e-12
4.30966698885203,1.104668600169553,3.3577382716692457,2.818176852183304e-11
1.9314630265112025,4.9527702292180305,2.75988129374518,8.381851766640007e-11
2.021028919774745,3.65021435358599,1.690135972050522,1.7235893763561485e-10
3.7058328377749428,1.0066833099879018,1.0665324999629404,2.188853564310019e-10
3.476235998037124,1.6381124432652925,4.338332515418207,2.019265812643507e-11
2.295991067796371,1.3553965661120597,4.6587152785538475,9.569526282799762e-12
4.3563945871878795,2.7896830276059563,1.2752169306046484,4.987697800521259e-10
2.354476026771193,4.494122451436849,4.937899891805472,2.8962817955086556e-11
4.175271700263084,3.361130001552766,4.473195469763807,4.6808044912766425e-11
2.853699159436701,2.922285194688882,4.957396941570058,2.2646943594537797e-11
3.395903677730804,1.8371234416149527,1.1462781661756227,3.1688367345184797e-10
1.333379706386828,2.7540068877150228,4.418854806146898,1.2551210165706e-11
3.7893324376457604,3.720169313538024,3.6187749471234016,7.18436628122069e-11
1.7786343169157002,4.770098676812989,3.0999171007318753,5.892506537264744e-11
1.7586138564755003,3.9562841638699404,2.0321468300142325,1.1244340865116983e-10
2.9663814874695973,4.713088569737938,1.6837274721505198,3.291358657079587e-10
2.019430635090973,3.671841661344966,2.364573655909444,8.851021470672043e-11
2.4470533873296962,3.7586800475950253,2.6037253914910607,9.054712150999398e-11
3.0054637195559093,2.0416660905907524,4.7610528890915935,1.8066598614742452e-11
4.733747044217139,3.608825697521252,4.902054040496335,4.744614880772111e-11
2.8650390219551682,1.3164594459335688,2.5681028510921915,3.8167999934641905e-11
2.3197481692227635,1.0204825484348068,2.5230421514731667,2.4818961922742513e-11
2.332623251311216,2.8912260041206745,3.8248644690094133,3.076668762832558e-11
1.747628742175832,3.8907926930666616,3.464740815499977,3.78034963243883e-11
2.790370031157277,4.304829315477602,2.6526344608916004,1.1393289245887102e-10
1.702507776175211,4.324279245811892,4.256692544209136,2.7117176781520596e-11
4.825294748128977,3.3252206720826343,2.2231369602014994,2.1666965060945223e-10
1.4932194055053376,4.813788868180776,1.7775660642141782,1.518257254351361e-10
3.090277060713226,1.6175929748565512,3.431531315163079,2.833198084976051e-11
4.693241945942977,4.393989022940897,4.078402675955637,8.274426590694074e-11
4.879458762971659,1.9759844725322093,1.9796169787213493,1.6420222660812922e-10
4.482587694797056,4.267128795858856,1.2390497540481813,8.315210669985194e-10
4.878699241135701,3.0202894382229095,2.2147824596979144,2.004825886409488e-10
4.050136771695597,4.137638416242286,1.420863044709562,5.539926330803298e-10
4.772256554105103,4.9476843458470565,4.038988617954734,9.659768340536345e-11
4.203438926102663,2.2771970629489493,1.7067045218014743,2.1931830500238626e-10
2.654435177087238,1.2203131537960226,4.736353152364332,9.636991264483104e-12
2.605321044039448,2.7765339647755503,3.6384548619155246,3.646837880131585e-11
4.041316504369844,2.187456073001607,2.825023660175315,7.392719503837627e-11
2.558819950442889,2.2937141993294983,1.4452502579017859,1.8753361373640603e-10
3.025953014532773,3.2630764358697735,4.865968158847118,2.7831531434144728e-11
2.646313317254601,2.5763400087845945,1.891565876238702,1.2717088716151956e-10
1.3615402898710833,2.45639613173101,2.312895905502443,4.1725632604832835e-11
4.5845838615441,3.617459425474267,4.854418946445337,4.69694293696527e-11
4.40601104989509,3.0963644523835763,1.5782494789777588,3.6553801402415726e-10
3.2463505687457204,2.680179867024334,4.014206992389651,3.603678456796688e-11
4.6161817402242615,3.7049197820945703,4.034774423209663,7.011475034689617e-11
1.8820414129305862,2.258173222374771,4.77518366326654,1.2439200581686183e-11
1.7786815169280512,1.141799537187897,1.8248922083101893,4.070050738539653e-11
3.0187488035053542,1.5655595558807924,1.5779449338324936,1.2667738360669858e-10
1.8048394288826506,4.654552441774147,2.614492057703352,8.202156403958875e-11
3.6393191687838264,2.8045633601141944,4.044525113865614,4.1642474676889906e-11
4.103992989498529,1.9870303209780693,3.526593090092351,4.376093598177827e-11
2.607682793897681,4.185066113060973,2.6562976143658243,1.0322617198993277e-10
1.9674593102979907,3.1002146685908536,4.74506685487132,1.808002626226809e-11
1.9374177149258474,2.9908998038252084,2.4277962397960615,6.561254205096467e-11
3.6426624648963344,4.372756578281847,3.629670470823388,8.069117475673107e-11
4.918888105499011,1.1439278688735786,4.6465341943095915,1.7393761517774138e-11
4.180846306035807,4.310356642867517,3.3655316192786247,1.0618331022762167e-10
3.17455994334344,3.3372553229939173,4.1502278591401005,4.105020082176067e-11
3.805616443650635,1.1854932290306528,4.703067949301477,1.3612810167738595e-11
2.985108091421748,4.619529937804266,2.6818446900130857,1.2796075765279642e-10
4.451066502138447,1.5675157162501407,1.8716368858163341,1.3292877360975659e-10
3.531190991775596,1.0562767104131723,1.5743387385155287,1.0043584797034238e-10
3.0907232291136593,1.6400477879241842,2.9209923025651636,3.964989086316869e-11
1.4490221017684575,1.7538005036140487,4.800605115957297,7.359519075458347e-12
3.7478269703503733,4.9711229257954495,1.4342615666302891,6.04454360767122e-10
3.7812228775343137,2.36175232669198,3.1572082311424463,5.979245402563925e-11
3.0364611329501687,2.308661117487157,3.042475053602778,5.054288936805283e-11
4.695909967877658,3.6757749442492322,4.401490980147122,5.946415404025228e-11
2.821201537414866,2.2564100708100776,2.5289782280457573,6.642753891887521e-11
2.933805201140365,3.302596770510125,2.4830606572490095,1.0488137461516372e-10
4.809927845534292,3.3085110222508614,3.3510163120956173,9.458107935297902e-11
1.5403157916619703,3.238101583502101,4.735834638111061,1.4842032558871408e-11
2.2333671225306904,2.1683302337404107,1.957422691930366,8.435338381688773e-11
3.3254735410181335,4.354391745610869,4.394330616921605,5.004742521811263e-11
2.734803055153363,1.7286910983411579,2.058130870627193,7.448754841119722e-11
3.103734963733475,2.1998184294348526,4.79528881300997,1.9816553706782852e-11
2.3775360505590353,3.9927702062942614,1.9298486871034104,1.701144133529452e-10
2.421376548316436,1.6914393863046793,3.614452803588588,2.092280256402684e-11
4.233210057334797,4.747834759998398,3.869981807777655,8.956405961162746e-11
2.0136403590570477,1.0138443267131523,2.0652420185747706,3.1944601869555675e-11
4.820074028191959,4.102767541070243,3.1963295589449006,1.2918548482970605e-10
1.9171952016439704,4.837625713046131,4.615449003833183,2.905740897803882e-11
1.3283738239543648,4.0394906055853,2.917549982081836,4.207232416665326e-11
1.2047093933704671,1.2705716301079621,1.2728448398703973,6.305459207506762e-11
1.927580205107199,2.0264371284075744,2.258637794089344,5.110208407304848e-11
1.0988187445529967,4.9111996431214955,2.2585876634032633,7.060345390845527e-11
1.0671279036664,2.0071280745493505,2.8531504908823084,1.7560157442172423e-11
1.183895383226266,4.355046457513563,3.348039793402431,3.069807191144418e-11
3.666352679162353,3.2982684939441267,3.2609800562771927,7.589447517278889e-11
3.5178246987269377,1.9056072913820672,4.010026597906023,2.7822701442397843e-11
3.847408508401841,3.4525906150052856,2.070336941070865,2.0683190235532225e-10
1.8297401728622091,1.9666696844097555,1.91210649819448,6.568752431511433e-11
3.2196327649799725,2.015640767693136,1.1637467153079513,3.1980756890445096e-10
4.26173342865447,2.9959770987029675,1.7160098940217088,2.893819225723787e-10
1.8385319589500742,4.495652068343597,2.8312738369455728,6.881550905672568e-11
3.0943323823545996,1.8394245483673521,4.853603641434011,1.6125252624539537e-11
2.2191417135137326,1.9571797144790684,4.433191201400923,1.4749218853702726e-11
1.6948344372547983,2.910463581582789,2.430824034332423,5.571454755913834e-11
1.3867984647981437,3.4841815703067804,2.7776077342999512,4.179828935758569e-11
4.239050621259276,2.9348798501305247,1.1851079537203737,5.911930310066379e-10
3.8216500298548377,3.286682024430093,2.0197779132833236,2.05488521813075e-10
1.6541489161136682,3.829615089533559,3.7695972989032636,2.975267494742749e-11
1.8937894699516806,2.194351806619516,3.8563990039208527,1.8649201105086973e-11
4.601241293310478,1.1120549703323355,3.166491307469945,3.4058919507203615e-11
2.784376434217984,3.815868804983549,1.5901230258078063,2.804439874882107e-10
1.0833100893192125,3.6924909192050928,3.4931843910300886,2.1878392252029708e-11
4.19548395357563,2.367206028865957,4.521771022957108,3.241807271790248e-11
4.272328273234249,3.3689662903382125,1.9253955957872586,2.5912393783152344e-10
4.268896560436644,3.4640356797975373,3.825510934189262,6.743809523047193e-11
1.8845410744183884,2.0191706677561503,4.415373431886545,1.3026566424192622e-11
2.185201520646679,2.5005154436166475,4.8242317070189555,1.5669347791120815e-11
1.4567715773474603,4.2760204234937795,3.2353325918008364,3.971728627457753e-11
1.803820349428979,4.324209203925429,2.9035621444272253,6.174814708329563e-11
3.4306229287942647,2.274176609023604,2.0190145557088908,1.277334012781511e-10
2.2763305700879175,2.373271234840363,1.487741014508686,1.6289743152627621e-10
3.0382256960973013,4.588473294509889,3.824247272366557,6.361836624977389e-11
4.675011874882462,2.865619464768631,1.177503828663668,6.448560568155762e-10
2.1797019676441995,4.870217980674084,3.1396874094220504,7.187186185546514e-11
2.1112263190530944,3.6664740553248523,1.7050488291730868,1.7770349446900627e-10
3.0359130959965412,2.15154041085104,3.3829830234030305,3.809126613468463e-11
1.5694923687406273,3.342180970303416,3.7996860389763976,2.4248224625925953e-11
2.54681317735666,1.658007798593378,1.3414890870662624,1.5660137516733391e-10
3.2557144360145016,4.417812338436965,2.5757833196540987,1.4468420370791165e-10
3.420568912790873,2.673303478718913,4.826273937556586,2.6200457383957898e-11
3.601621994557515,2.6118708320333317,3.576717791263221,4.9075719741714946e-11
3.747322919791738,2.5859203654220573,1.3303184019574337,3.6543595151659107e-10
2.0272581741219367,3.637566437436324,1.8893744478799466,1.3787010979415684e-10
3.0590614707489685,3.0333555206534437,3.460085914039406,5.1727793753942995e-11
1.160178965776605,2.1836411295730382,4.372744724121642,8.84268605848776e-12
4.11979185218377,3.1180681056340824,1.348561528543068,4.714173274808415e-10
4.296153134977039,1.030762569873119,3.580457357817038,2.3054068733415997e-11
1.950181343847749,4.404124006154151,1.2580308828847864,3.6219139955946004e-10
2.1335610074451252,4.949557481215901,2.339010932545966,1.2882291936018932e-10
2.4905103373605715,4.2056337894179165,4.499995402082554,3.4520880485001375e-11
3.0799201983169717,4.305513962458328,4.9395948876284095,3.6271707724536686e-11
1.4633154356241276,2.343414936531956,1.6431411366433628,8.476637531700662e-11
4.776149083180828,3.3123313975498427,3.430904893109792,8.969753318186672e-11
4.707565638602131,2.188530240524365,3.6966733171773565,5.031679762498727e-11
1.132178337824726,3.7248690759996403,4.567129779972999,1.3493522903445184e-11
2.120860774394182,4.969672039605303,1.8188858208077496,2.1262543587178827e-10
4.140715822685788,1.3716427766610528,3.6465494897893986,2.850614073241401e-11
3.999840866933999,2.4167572663542294,3.7093254843461905,4.6889117839728807e-11
1.2078348754275425,3.3886412310685334,3.6436014789793942,2.0575842132488057e-11
2.6174458131363307,4.463924953277745,2.445761628810718,1.3036245554205492e-10
1.8075617966221365,2.8711005899219257,2.4205530679193754,5.911511619112856e-11
2.5105897371122303,4.256803035177965,4.518621416045926,3.4932815843403174e-11
1.0942023666493892,4.794571856866276,4.033710701749335,2.151910423748187e-11
4.268661186001069,2.9748187947825344,3.5281499848773583,6.808388444652265e-11
2.4396947267466467,4.777467159251839,1.0696219200255372,6.799215578085511e-10
4.770176821940536,4.9707318673929235,2.5519294184016625,2.429985601333227e-10
1.927383118607446,2.946800842823762,3.095003664294801,3.95715173556014e-11
3.6108924128925124,3.4463461521457956,1.6553537185298857,3.0309448178732796e-10
4.7790005565480635,3.0860892092238528,3.8905161941370636,6.503053166414133e-11
2.3359372874026834,1.6722821053669996,2.5086327678830993,4.1426929237056455e-11
4.9223259717340575,3.8342617817044986,4.212691537188337,7.097722458342946e-11
3.1444968030045723,2.6950619351662435,1.1743852809987203,4.1009541250655096e-10
2.6589061367210056,3.877983071040705,4.11764209958632,4.0588025673577214e-11
1.54328040125553,2.0958853210394213,1.2486525071961427,1.384571450057176e-10
2.705836463643213,4.980388768316709,1.214525341840118,6.097303741236101e-10
2.660307317080592,1.918629860263552,4.504749896431759,1.6786797154203107e-11
1.9939893484880575,3.320415484270431,2.766519740351172,5.773430204419599e-11
4.7462551673612,2.3352415235671398,3.7672278977126314,5.212250774410839e-11
2.173225175173709,2.163535685962272,4.662799100636669,1.4433165268579584e-11
3.867844514110533,3.6229775384473704,2.850417418914699,1.1510758026238469e-10
4.910829392792815,4.8774112136882035,2.328006111853678,2.9495936456355557e-10
2.8499547188780947,2.7043381878391877,1.6089902923869182,1.9869105478529613e-10
4.825897806981301,1.1844407013886284,4.552696797294213,1.840518513692451e-11
3.420040395757911,2.540736719711916,1.0575544207096677,5.185273307685747e-10
1.9161585909003565,4.914648027940318,3.0290904219460835,6.849921553652081e-11
4.785002259216676,4.689909893136065,1.5696912614319891,6.078611216832151e-10
4.410832554842547,3.001909413609372,1.527483527905968,3.787488171181227e-10
1.463798741851844,1.2195461919102413,3.3118033278123025,1.0862674094557017e-11
3.2853122876277103,4.853801216771486,1.351847019938356,5.823576040014316e-10
1.1591851020556967,4.872619017716639,1.000287774052814,3.7674849641264735e-10
2.9968498240180055,1.806432297817044,1.496596565982811,1.6131077716517048e-10
3.78249205508889,4.69603611900464,3.5609287261810447,9.349084672705319e-11
1.697646201648559,3.109287629832563,4.683188607418998,1.6062420465958366e-11
1.936058621376025,1.7357213588556868,1.7911839968741745,6.990436776688214e-11
1.0449109278911992,4.909191146622832,4.7330670380906685,1.5282348680101666e-11
3.826382943045433,3.1256231931831584,1.415210923790751,3.9853724173123904e-10
4.132263953086558,2.0316664188899116,4.327590108555746,2.9918128312381557e-11
4.7399022835457565,1.9535764349101536,2.705424988146413,8.443354129698558e-11
3.3110812102443137,3.931272262949029,1.2449837832450399,5.604821272584996e-10
2.1440604714709015,1.0109266851762038,1.4144201000809575,7.230795087478177e-11
2.278572044986529,1.5740701764709022,2.1884403474698257,4.998084928727334e-11
2.253200023442716,1.0720900831596523,3.860713089101424,1.0816385871291195e-11
4.994696899141026,1.222993293245676,1.8067849037571588,1.2488391633641223e-10
3.010861860397769,4.834783522157174,2.190040442476913,2.0255818471382813e-10
3.797940216821601,4.288915871653724,3.617650866838551,8.306700477542068e-11
1.79339464680745,3.090445102774439,2.978928433229188,4.168338362962956e-11
3.682499693195949,1.4227507998596853,4.83481872883983,1.495882110878247e-11
1.2564782361525073,3.874064570789361,1.9456200930889729,8.582067822134316e-11
2.288127238473795,4.418107037136728,1.5840885268795488,2.6887084352507624e-10
1.963711108359159,3.06536991663603,1.868360920279203,1.1508670088559812e-10
2.037643161151053,4.3023267699864345,3.0162686681154796,6.430987725790272e-11
2.002168906813093,3.2548001111570395,4.377667835989243,2.269476165125724e-11
2.772456571865234,1.1793057524492112,1.6796969104931123,7.734202245888944e-11
3.3515549495746417,3.6574724579109064,3.7496157082945407,5.818889245386073e-11
3.1729676759464174,2.203084845299682,4.0325258344923185,2.8689881629043348e-11
3.0518629554587138,1.761825353292191,3.2956935074469063,3.3038509965573676e-11
1.9329926873762058,4.838910671521448,3.618684798892604,4.767190491275449e-11
4.083122194139445,4.934684250783251,4.033169619606419,8.266943593293401e-11
2.1530586989896565,3.445442065950395,4.041887025635473,3.030530668983893e-11
1.0099286769523843,1.8496997535437179,4.735269452534352,5.5601787231364836e-12
3.783421865490523,2.6122422083770513,2.8427436858621533,8.162233357675094e-11
1.9389387287535795,4.452404453525679,1.1315031855134143,4.5002157397916245e-10
4.481152575270938,2.436782395625178,2.445476303847821,1.2186128798770282e-10
4.612231348596831,3.8533059067104802,4.140766649653537,6.917820042019465e-11
1.913511062882665,4.667205414663912,2.154347759969687,1.2842290107714733e-10
4.014325111547173,2.029261557302485,3.9955262276018293,3.405562075808434e-11
1.051430295450209,3.057460154101388,1.6757195673557819,7.6405533537714e-11
2.294515878269761,1.135957799416925,1.214592452729693,1.1791751306047964e-10
3.3885092460469886,2.0249764156778394,2.5777278043894403,6.891928047762651e-11
1.9421167437007667,4.842185964037721,4.104378405986157,3.725702826171899e-11
3.0212798832399677,3.465673155656307,1.108525982889816,5.686866190664071e-10
3.0141982550396698,1.4551142054529875,2.9000436276875163,3.4805352306246425e-11
4.049195229764487,4.77176702930039,2.3429918915150107,2.349051724242669e-10
3.8816020604955255,1.3442525997801251,2.3698491396157215,6.200642549756739e-11
3.1973848985846733,1.0022988247715725,3.942129150348996,1.376311206803811e-11
4.825009635510039,4.304809521724993,4.609211341855964,6.525068619049693e-11
2.4357627614438893,1.4048471327390875,4.324452804059458,1.221203203648053e-11
1.045689378222582,1.2187856623062099,2.9411527359558276,9.832887694727119e-12
1.1465972218540736,2.5539059002956557,1.003263855747603,1.9416531257554702e-10
1.9232596511969366,4.893509800947747,1.680474159163793,2.2242362164927413e-10
1.8117584927213661,2.049235686598921,2.550126356209427,3.810263572707333e-11
4.43615164201621,4.443983261241826,2.517553822810988,2.0759049853402557e-10
3.6478090229854723,2.083506699367674,3.137820446698722,5.1517765689470326e-11
1.209272643334622,1.3466427971275299,4.572014075977346,5.199334101021917e-12
2.041452451768768,3.4172563486966587,1.404611560140295,2.3598834449327836e-10
4.59526731301068,4.706471249038698,2.0464023163129363,3.446754528587951e-10
1.7481035363096171,4.0514830421918395,3.5230491594524853,3.808289652366264e-11
4.7632043206797885,1.6789813486968526,2.156139236178968,1.1480946149055505e-10
1.0734010806484697,4.925460613222663,4.224338887377828,1.977322821071183e-11
2.0590502198093983,3.416173928522785,3.596786688179164,3.628805999584933e-11
4.465813913256448,4.642277388979031,3.0156170245501817,1.5214775167343892e-10
4.161207118078757,2.539877034098381,2.8300483247461163,8.807051244609515e-11
4.377549460280467,2.007068487464604,1.8673003556109729,1.6817099604259673e-10
1.3431379603848859,4.400418671149521,2.3589701059451773,7.088526216670398e-11
4.5057754883359955,4.504657863744052,3.203207893597606,1.3202230459080154e-10
4.937380697280749,4.342274544665955,1.8190662556487514,4.324172998912588e-10
1.2576247662837083,2.233984313781036,4.8036723160062795,8.125884677576634e-12
1.1004784635826663,3.7814734845218907,3.86040509566981,1.8636444023289246e-11
3.8940935201745437,1.6139825492894868,2.3440547466319126,7.634066048293567e-11
4.686725721680149,4.693811983564814,4.7861921804319945,6.409160748102889e-11
2.731417621823731,3.25291523258285,1.695448384156109,2.0628987368966594e-10
2.393800670555643,3.9924074586835556,4.657937443402162,2.939826779467392e-11
1.1943028444209496,1.4439037836405104,1.1393308911753048,8.866233770518523e-11
2.019371573124625,1.9423881102135967,2.219376129570584,5.314674001002545e-11
4.470766352805575,1.6200455914943568,1.496299298221082,2.1590289624551942e-10
3.0582850950772755,3.146619514977446,3.919471538517973,4.18074204394688e-11
1.4003672040470256,1.111561545794975,4.615791368380869,4.876062978222219e-12
3.3034975764704426,3.0042480933011904,3.7722129688628017,4.654827392662553e-11
3.493316472796396,4.063079814751875,4.323601559504308,5.0674346666664114e-11
2.1860386632849464,3.0299601563425655,2.0070047497676122,1.0974485225606341e-10
1.0426794771263528,3.980060247925997,4.391132273514653,1.4363941742416946e-11
3.2711620754597504,4.9747754502431665,1.5672335689197912,4.421751142171209e-10
3.319119914147141,2.075522146154537,2.086268242582038,1.0563217511276918e-10
2.3285824758963085,3.901110560041693,1.1366962250392643,4.692207943159292e-10
1.2908739973835202,2.340345552225598,1.1980975609692832,1.4046420732307444e-10
4.07750575360969,1.9217446200998074,2.2774828813620824,1.0082453232304328e-10
4.155808381855137,4.846454140307538,4.917163031635081,5.559511192439818e-11
4.307502176153671,2.3413197479709726,4.241126012958928,3.742054282520834e-11
1.9734648302541813,1.3523610540308608,3.4542580262626292,1.492789933875782e-11
4.885362891895394,2.2240352561220824,3.002913921144854,8.041534556977231e-11
1.364460813282283,4.5352449522456535,4.784096481181734,1.8044637393815204e-11
3.8400538935085744,3.488571185047643,1.0366125624208347,8.320284486061439e-10
2.3886506318863674,3.524744134201732,4.8518336496736065,2.3870121419900566e-11
4.43638098183534,3.679866904364799,3.501205433175013,8.888161983163029e-11
1.7901361525256982,4.1224076608493725,2.9106973529903466,5.813385196420425e-11
2.8108897139137423,2.5924215761332463,1.02022283472607,4.67245961602441e-10
4.398215222292789,3.5699817289228957,3.061402161765704,1.1181186821614442e-10
3.2105346781009723,1.862073502937526,3.8144636619584396,2.7421639923069105e-11
4.250494350207333,4.489150103740391,2.9835702457728233,1.430596762502595e-10
3.2907118541933422,2.4618932992665923,2.736375598776542,7.220942159150277e-11
2.139938213821135,2.6060204564871197,1.9648340046369523,9.640810037265427e-11
4.041610211136035,2.377466088191417,3.8964891358821476,4.223845459549887e-11
1.465766707267711,4.119276225746835,2.7838907569038955,5.1995719555931125e-11
1.992592134129712,4.398496568787638,4.815807799082599,2.5221480727977578e-11
1.2807299012051767,4.737899400665451,4.016273273067688,2.5106320942166227e-11
1.8811257530023857,1.640303005627811,3.9565912648955113,1.3154845032246995e-11
2.2211196629534693,3.64865554804776,4.3837318855738605,2.814511685809499e-11
4.249780601573578,1.6156125855342038,4.349407987502499,2.4223095666461382e-11
3.929081027785734,3.0304264136596317,1.2752885278753259,4.886118825565966e-10
4.342451011981506,3.1155180650116874,4.806142922699248,3.908931328923924e-11
1.6364510182321998,1.8680663602703484,4.377866776892526,1.064526384609036e-11
4.2335672377444356,2.1799456817365885,2.227695816091247,1.2411565338929293e-10
4.279298729721527,1.4486391396560854,1.65478527676445,1.5109000156548955e-10
1.7442381736797392,2.910584112461475,4.445281743575121,1.714642404299121e-11
4.473743619676524,1.386197842482562,1.1026471620730427,3.4041554577206283e-10
2.7098751992060746,4.7455461744151695,1.983102197494932,2.1823856861095561e-10
4.942519599854217,4.90385493539501,4.959511727079211,6.576493178955695e-11
3.977453121640518,2.4054752429243567,1.7877652634963828,1.9978881653913642e-10
4.526041815066385,4.128961855445156,4.626831433920005,5.82610463521161e-11
1.8575627328025037,1.5528020519452403,2.135910718206681,4.219680782087194e-11
4.63583712797678,4.067698652479468,1.7002876096478579,4.3532976582795777e-10
3.5027145119533176,1.5627464797166613,1.3282163761675725,2.070817431956166e-10
2.8046133920765275,3.4476809126167396,2.633983986164104,9.301650338476674e-11
3.190971305104976,1.7786040872882234,1.6760250575474887,1.3484267906554308e-10
2.0379318634041907,1.4472333374239574,3.171987043637045,1.9563727752019048e-11
3.4087199807237307,3.991638790093837,2.3508515824042373,1.6431542714460318e-10
3.622550013166205,4.099781618765027,2.191271295958197,2.0642819574972875e-10
2.800494139942538,3.1571062808120685,3.0628561722159686,6.290090095059264e-11
2.115901755172469,2.8639651480126407,1.451071517600266,1.920754213482555e-10
1.346324074814134,1.443959256350983,4.2736342471325335,7.103887110877049e-12
1.1948766427906925,2.074568541329871,3.313143110987504,1.5071506694937238e-11
3.081346879126459,2.202022660840641,1.1796028699354184,3.2544450011598996e-10
4.825336577346641,3.2726635544117326,2.59101462920475,1.5699124872284324e-10
1.783980584673973,4.177257130715999,3.64025960526492,3.7532096300627446e-11
2.0957820214638394,4.8246386245124855,3.086595541384765,7.083332900139176e-11
2.4997632715200893,4.797717179358148,4.423703660235576,4.090229490713431e-11
1.826915769232997,4.104148719707115,3.9291454529808294,3.24139235860845e-11
1.3534397406260914,3.438490571376309,1.5187875254623582,1.3464769452201504e-10
3.476432843756476,2.299752116614559,2.429422733806127,9.04055081299533e-11
2.225436351955441,4.325546065345735,1.6507384984428706,2.3576848978342757e-10
1.6909217975740205,4.133626499511791,2.9721571118722805,5.2807721770840164e-11
2.0407322159216172,1.7111587944706228,3.5180852749807308,1.8829977983893994e-11
1.9430238435643057,3.321500639811205,4.776213670457254,1.8881268934904388e-11
3.576327192377596,1.125336868337679,3.563393774052556,2.115331131106224e-11
2.6656204824502505,3.6152905449528565,4.3927693995968795,3.333119725314525e-11
2.1037785811286995,1.5625039997597785,1.3485556953891087,1.2063396269908234e-10
4.114194935008456,4.47186553732508,2.0614947038956446,2.889318092913591e-10
4.832286562480524,1.2587054982546482,1.7915384154305727,1.2647676892697226e-10
2.844375337097771,4.208842082947861,2.99477362674145,8.908564691123163e-11
4.736763895791974,2.8009447493658945,1.811146360220837,2.699388463244342e-10
4.880336200364931,3.297167623524462,3.5003604960047743,8.764989945583229e-11
1.7172755561355424,1.0071263231322245,2.705807200762836,1.5765815550746457e-11
3.9542158975687336,3.03173226986551,4.156871232543045,4.630248326153677e-11
4.539492757687389,2.2236812138604125,4.185482075000089,3.8456971843517945e-11
3.8549524796908585,2.401906136126733,4.288775465355695,3.35965469747326e-11
3.7551598080202884,2.4851058197091307,4.555631660417587,3.0009745173769466e-11
3.2860471506690234,2.8323883321827945,1.6713836263929704,2.2236196493587847e-10
1.7510218786423524,1.8703853037388005,3.039625523380545,2.365749141347342e-11
1.1769838258100358,4.089194792256912,1.8453732526354725,9.432483475941956e-11
1.2399277858639688,1.0010704743895946,2.874714933699552,1.0024383591833763e-11
3.0877169032961853,2.7943568468295723,4.35619723608528,3.034523277192752e-11
3.3900816253885675,3.067755109695408,4.048269834992035,4.2352411218973317e-11
2.4911206866506617,2.753649187368009,3.761092712465639,3.2363948619285965e-11
3.772502926597759,2.270801595304736,4.722347140946136,2.5637705843225782e-11
2.2367272891906285,3.5308688651735327,3.0405922541396313,5.7011761209866934e-11
4.802722278112263,1.4208777261380794,2.802784444198206,5.7976365411412874e-11
1.504225614016482,1.5524805075907588,3.859398741323103,1.0463718226693237e-11
1.2437954992879092,4.014428878320114,4.5606417529912,1.6021642378893658e-11
3.51626103887863,1.8931861590285983,1.6762107797046668,1.581260320513533e-10
2.6308062095307245,2.374444298985194,4.120151613532951,2.455899844815627e-11
2.3356713104870845,1.9236575034712393,2.889596833550838,3.591295769849847e-11
2.8372002990301963,3.8051179720695316,2.7786755801184624,9.331869062911e-11
1.38068777503389,3.449060300713731,2.386877642616012,5.5785606110266154e-11
3.741302690523792,3.900568882893849,1.3394408744484188,5.428625781329953e-10
2.4197908973820432,1.9440245058787893,4.138357588551426,1.8331995713416677e-11
3.295905253538266,2.004585952843565,1.0930986065004102,3.690344603575168e-10
2.292422424996229,4.402152945801401,1.6284031666159149,2.539932068269059e-10
3.8178952914059736,2.8239653587093243,1.22195755127589,4.8190046084936e-10
2.7691028536308204,2.820592537221575,3.462225779720318,4.3486541594747355e-11
3.7690216575526256,2.6571819147870093,3.4819516330490505,5.513033797690567e-11
3.9466364699128547,1.7629843869912554,2.1109036979094697,1.0421373276768609e-10
1.1032861890161545,3.442680014400558,2.264310733637954,4.944233715748267e-11
2.968701167343332,3.1169927719927837,2.336581541763186,1.1311666634807911e-10
3.125634921104827,3.114452753908903,2.1335459154014442,1.427257101300554e-10
1.2718980806787128,1.739018117302392,2.256202954255219,2.89992184656336e-11
4.217292769008976,1.553126579427718,3.9581019146850305,2.7903126041325827e-11
3.196955194388808,1.6988381592917436,1.9216183275209664,9.816134380414586e-11
1.412965392478073,4.799867112003977,3.010586792022051,4.993955142203679e-11
1.5424657407850497,2.744734819807678,2.4303498044263154,4.7837067338604406e-11
2.4326992975305055,3.999412978875459,2.149183223020467,1.4058014931536922e-10
1.5717473755039806,4.388633286014678,1.1054533643941977,3.7671888092826616e-10
1.078419092420274,1.285296803517423,4.915621614777521,3.828426444296365e-12
3.6384942832730522,2.154900195908556,3.2731127714039623,4.884421367795925e-11
4.681368965096601,3.4235649495522593,1.4616395740929167,5.006763289462396e-10
2.6724789900212187,4.135021261027064,2.634370483326376,1.062733927325447e-10
3.356134553414468,2.4312879915455037,3.7882663192379145,3.794730744868988e-11
3.6118572289807145,2.7564715734600176,2.3284903929653753,1.2255227976231208e-10
1.8288073215754665,1.5203708688490156,1.7794988266616256,5.860143916509908e-11
2.710161407884521,1.3306981600041703,3.725080877087066,1.7345607013332966e-11
1.237168729559666,4.954750018314744,4.9105398892646015,1.696595841149595e-11
1.6346205857741336,2.8026249237040255,1.0875662709725216,2.5849770143978766e-10
1.274764727737364,4.4162564081148545,1.3635059560722547,2.02095406504882e-10
1.4528874662843223,3.423267584334529,2.8146564802068728,4.1899441192827775e-11
1.6073772123283736,4.806049866418216,1.578349512823905,2.0695976421321707e-10
3.080267994936312,4.673697350923378,3.7075608832577465,6.989702777125318e-11
2.990833628458688,2.0417838352002393,3.960656811466511,2.598087618834589e-11
1.162926984470324,4.09053270335883,2.3635259890650158,5.6832630154462866e-11
1.8622480238947192,3.4318712959381372,3.1056317463323295,4.422367214742409e-11
4.049539643691375,2.5033124135534917,3.452053453466686,5.677431281672079e-11
3.9054735998586505,3.4542299553021363,1.7527154095733777,2.930814590858117e-10
3.740812945512329,2.047356072052308,3.3162059453409256,4.647962210465683e-11
4.462527306718805,3.4926376218074062,1.2022828665713354,7.196267531440432e-10
1.4812576644343656,2.1887635446967892,3.240915998201935,2.060061141618625e-11
1.7019860822732515,1.7623780161686837,2.6356775598690874,2.881752744800727e-11
2.95670795985912,2.076193933151566,4.503470935336887,2.0200765259777055e-11
4.6589848710284905,2.605014685077146,4.839504486085849,3.458484907618976e-11
3.9398206299312486,3.277050850924265,4.717801118024804,3.871386888163345e-11
4.727722933156802,3.5459649103787063,3.435948927141927,9.477182709498214e-11
4.729085576889926,2.850466061085589,4.3781350427910635,4.693544539394532e-11
1.8203409202460739,2.661046396798859,3.5955446075590043,2.5007024450478546e-11
2.6802033657793474,1.4908494131732186,4.195167387427114,1.5152669175719e-11
3.068143959619568,4.541309447427219,4.606496581204179,4.3822941504203504e-11
1.8994265554678949,2.6361772711643936,1.1339778681827006,2.59880780268957e-10
3.8467708357902097,1.352025999983336,1.5422729621906588,1.459301639858163e-10
1.3267427006639179,3.416982859794142,3.63583773132076,2.2887940986675066e-11
4.799239991180335,4.234678290552546,4.8279342203924225,5.819107818693515e-11
4.682973444135608,1.6187342730656749,2.43459360875765,8.535530218128572e-11
3.649604745052099,2.462748890906228,3.4342241226611376,5.0862171524423247e-11
1.457679430870872,3.3169138425539546,3.0845188875044185,3.3916228367599456e-11
1.4776423414330213,4.9932228401602785,1.0052210055262796,4.873190259693389e-10
2.862806209395372,3.0534796623387326,4.640596851481896,2.7091029082361226e-11
4.045201184860163,2.997201042865727,4.676507462397293,3.6999762788463487e-11
4.934319589557623,4.105869183555258,2.0777337093351402,3.132123035571307e-10
1.5235813629360466,2.94612865666454,3.1274332781170417,3.062862186816172e-11
1.5945727924595965,4.477865801144269,1.739841460422726,1.574281072989772e-10
3.947320206125577,1.7291478368256925,1.114430107253038,3.667879107339867e-10
2.118120347552623,3.1949849444591347,4.067565257275865,2.72983622261171e-11
3.3492639857704143,1.4178759396361635,4.896967906186202,1.3216586397019574e-11
2.519188135820916,3.6181447546182626,4.035725630187942,3.7349902877801036e-11
3.8017378513027515,4.728367330882829,1.2601686732989164,7.554786902368123e-10
4.325308293943445,2.8967704107032572,1.3104874369576884,4.869132829025001e-10
3.4372865266132715,3.5437887625777837,4.123293581665222,4.7816881457413e-11
4.714344807960697,2.4344663905148725,4.08172505112857,4.59752220514769e-11
2.405900353371295,1.7151152329782526,2.3910840090066676,4.8168982484471795e-11
4.6582854134051495,2.6802419825602475,3.40222217988705,7.198814108263711e-11
2.730549934738585,3.549191653811082,3.5766245143088247,5.056139866255608e-11
1.0977530785509346,2.6521952772947297,3.09949537949636,2.022620370590336e-11
2.8564449901368345,2.0567384106023443,3.0571343310465138,4.1952909154855384e-11
4.618017012979843,4.353706807703664,1.3886522603682026,6.958472239358802e-10
4.291366713470389,3.8990857798056027,1.0295757444586604,1.0534841724659184e-09
4.871148147670669,1.0482812899916865,1.9511354591755614,8.952009440148472e-11
3.4226862321895157,4.663267165959956,2.814328100242949,1.3449128212193123e-10
1.8701505116679744,1.27126818828466,4.172590601632818,9.113567010447521e-12
4.765752235021926,4.930215018261437,2.0354038661733536,3.785143358487525e-10
3.1269178506942996,4.688299550254709,4.544293906468916,4.7378924975860603e-11
2.1877175514287712,4.455662212420244,2.622793240307902,9.457178824814956e-11
3.7510684574525084,2.85258035682235,1.3721627464864228,3.792868896173895e-10
3.02007807922323,2.4168470152377086,3.308531779366672,4.4502346728090965e-11
2.7038305921265184,3.7762890876594772,3.3361719585095653,6.122574214206067e-11
3.483729171812699,1.9954278406725394,2.3163621714842746,8.646765620221263e-11
4.073955901996219,1.8136956555151005,2.404598631247993,8.52867858285064e-11
2.7585875483626503,3.837398672918287,1.560888723384764,2.899786400547542e-10
2.267771136660986,1.9549731745246395,1.0111496506374458,2.893978871156987e-10
2.9981269521173637,4.102616022297175,1.0928850857881005,6.873027696451371e-10
3.5965874829747335,3.4110419560512937,1.5951658915543185,3.21774913676924e-10
3.0596979777935,2.142357261969852,1.6773613643753769,1.5549033057882301e-10
4.626806368475867,3.357886125984403,2.06121747009383,2.440539615556493e-10
2.0128824879550713,3.542571848285987,2.0100713518145827,1.1778780891422686e-10
4.466555085820994,1.4202241811195964,3.61307938126501,3.243103380390318e-11
2.237397441564935,4.343660238281492,4.440160554313768,3.289938943765088e-11
2.1882168246902687,4.699269872430977,3.4675965831322997,5.707551109964911e-11
2.227658697283553,1.3232542291090725,4.202242892778418,1.1140786281066417e-11
2.961096675608379,3.624842047076294,4.709013650122671,3.2304868477212e-11
4.523691841182161,1.3089372868631277,4.970484880069257,1.599560018407748e-11
3.8446168564185115,4.054332629623148,3.808487360298001,7.172220081423145e-11
1.482251903151588,3.419046214024931,1.2106615669417833,2.3076379820764567e-10
2.1302740652404544,3.915038563164807,2.1394428899143603,1.2160637166776695e-10
4.824710401595393,3.1918135514892696,1.241762805692443,6.665268857223556e-10
3.5618210053620833,2.080961808847589,3.70477284401734,3.604119927033615e-11
3.611912175699708,4.39478124732069,3.1511096061717248,1.0669243513461374e-10
2.4922043262861777,4.628561470867917,3.10931285467948,7.963189286214314e-11
1.792657708376403,4.419916197784623,2.673300996665386,7.399491740889078e-11
3.2991358277299345,3.573920704910159,2.0920203759581972,1.7980405862185882e-10
1.4356573426748165,4.069722163884087,2.8557244077260164,4.781555194295423e-11
3.4412055098611094,4.029924704702329,1.8702762882591033,2.645953502961641e-10
1.2001564166558012,2.843199617286236,2.756846769053103,2.99644389251539e-11
3.26835054788883,4.212692254708772,3.3938177516932386,7.978064321202901e-11
1.7993039094340988,1.5128307391722497,4.52094870660582,8.888365538368278e-12
2.109917891721616,4.450221834225285,4.809840293077254,2.7087698381746214e-11
2.814549790883071,1.5759557509374513,2.777358193900166,3.837738417457607e-11
4.680163261314364,1.7759240789269457,3.3455078919628223,4.9561847118316724e-11
4.08046306026466,1.7903001034724615,1.2797404543985578,2.9769921677378443e-10
1.215095627384688,2.277796296055121,3.1830293737053443,1.82318294652474e-11
4.926030664232577,2.2452557845762,3.6281415270368993,5.607647396199801e-11
2.5877854833439184,4.527105334071122,2.9394070908629764,9.049312773805046e-11
1.438979010082532,1.9051434807857563,4.178896468360343,1.0477197411966276e-11
3.6367135170589773,2.985303794068192,2.8108513310140215,9.17081798849283e-11
2.8873618251924333,3.7241640007522454,1.9589220078978684,1.8701735885666157e-10
4.2847118320645325,2.181502814068449,1.360698180982025,3.369302391691986e-10
2.70852494031917,3.250807536647522,4.93688489651613,2.411039334749594e-11
3.791903449078144,4.378889238848607,3.8214626149183175,7.588364830150136e-11
1.8482870081430351,1.1478916270206678,2.367525135193696,2.5261975189807414e-11
3.9696900843792484,3.0987943726482508,4.088872015616911,4.910531816922322e-11
2.490023250646005,1.527450874209248,2.8416276315265696,3.1435655576347555e-11
2.558306582177622,2.4091913276866483,2.5692265238525676,6.231682065773304e-11
4.526378757411994,4.5806629411348085,4.278831846684721,7.558141032772945e-11
2.7038261693342167,1.869838971582774,3.038712243814118,3.654180747301011e-11
4.871917564594517,2.5494188371001667,4.342672974391181,4.3955484550774094e-11
2.0944829522646726,3.252191140709998,2.466201803819443,7.474495287930768e-11
4.377004755287468,4.302418784133085,1.71939122843537,4.251346354321115e-10
4.487331910071245,4.377137923341129,2.708129313315832,1.7874167824690935e-10
1.869495875832183,1.59139032396603,2.719183798361421,2.6854081274532024e-11
1.380475486505241,3.7048061171574638,3.472183072171521,2.8312300271103218e-11
2.6905716175134464,2.2131888665443213,1.2225879244055777,2.6588205812839456e-10
4.129676687108565,3.6675274567728846,1.0336026262802616,9.461683573873498e-10
2.23729581963435,1.7845951006115346,3.3446981930549744,2.3819653451956237e-11
2.4265661549248043,1.8205593835146807,1.3435303704735788,1.6333836778978863e-10
1.7154791313814637,3.5050623234298706,1.2303888900622368,2.650834317033497e-10
2.354870186345818,4.298421993665652,1.2690308328501771,4.194863904312782e-10
2.712686964557867,3.4408985587826506,4.2979699728037755,3.3723372376888576e-11
4.256584021315428,1.4235887258081665,3.2163022818181592,3.9094731517929507e-11
2.2095340210538894,4.714406603155954,3.86757542276367,4.647681386491618e-11
4.684164875540729,2.4740586344725823,4.547965826231957,3.739331587221015e-11
2.1903093822016517,1.6165904945320047,1.844309675577834,6.947427083216965e-11
2.99310144131108,2.264945606331845,1.6736904940471677,1.6151583839641164e-10
2.712748451887018,2.4035988507095616,2.682167473492393,6.049032686023006e-11
3.949937362255795,4.961324843736495,3.92680501631798,8.481943989171563e-11
2.3223037749229465,4.39159499379631,1.8375923388052264,2.0157151904738143e-10
2.2083722737918876,1.723895408090954,4.982958281260716,1.0232809727537855e-11
1.8307115665629654,1.6790796038963527,1.8958295114281234,5.707932847654883e-11
2.185983392003149,2.73978240400054,1.3693543599956963,2.1316575400550082e-10
3.0730644878280047,1.5144261349831787,4.193785337077077,1.766011707076475e-11
1.1774910597796304,4.452697274434928,2.509150861852498,5.557934734320766e-11
2.290755634044624,3.577798248028925,3.9143145934254306,3.570009393333956e-11
3.2940597595751457,2.6347360156157253,3.1068306757282054,6.000944566037678e-11
4.63123718376048,1.5522415753086278,1.570587629312286,1.944993670568531e-10
2.800112429611446,2.0783008023655003,2.8605294646549693,4.7465408832477984e-11
4.871480419667253,3.185385689727799,2.9485467537581806,1.1912232221615502e-10
3.0228302911103184,1.1969251817561082,3.832329937113627,1.6441490595373163e-11
3.485407939793198,2.0584782857069333,3.691216786639172,3.5143661253295125e-11
1.2637980623234903,4.057544332817905,2.5127017395253244,5.4205740328228604e-11
4.694966496815956,2.012626521601216,3.378253254427719,5.5258295375732715e-11
4.590874495553617,3.966623966385689,2.014559779347169,2.994624243111611e-10
2.193553752488586,1.357586754455061,3.838858491598434,1.3486456897235776e-11
2.4328628898517635,4.841483103407521,3.254877638753929,7.420154076224038e-11
1.1407512242335813,2.52108887590925,4.031408271942997,1.1810050013537141e-11
3.1883931402870442,3.2252122209837313,1.2123416019929723,4.669456655045128e-10
1.3185265709453469,2.8501186140786894,3.9058470550886857,1.6440217412681955e-11
2.778013791561958,1.537494431454565,1.539070347104912,1.2034199578637043e-10
3.015009834726496,3.8881763969629155,4.3525501598096605,4.129840943126347e-11
4.331439131793625,4.968348115441277,2.2046876387547054,2.954855867845897e-10
3.628971973219438,1.3572430085618166,4.23923017013477,1.8291673254973337e-11
3.8760819088732728,3.07700071884618,1.2246693487457452,5.307243932481181e-10
3.8502732044167987,3.5018785645468786,2.380083428296781,1.5885265215934172e-10
2.8550485288287404,2.3212765732846306,1.5014287349239703,1.962081932856185e-10
3.7368294993153945,4.960549886109771,2.780087283079171,1.6006723544475042e-10
1.4243435963748285,1.926856672407661,1.4581837845503327,8.614416229305676e-11
2.215360914016354,4.723453500224865,1.2056637533659882,4.804386373007597e-10
4.410485944174856,1.3498982145407963,2.773850672632842,5.1642530234256395e-11
2.67711266459127,3.993076798682283,2.2871415744792825,1.3638745241180423e-10
3.619782736777414,4.868134390395595,4.2327341215744845,6.56431309669573e-11
1.3085923463058444,3.0232417722476437,2.7969463769602383,3.3751663107463515e-11
2.9137908158508123,2.8544474758754395,1.857686080157075,1.608503368268031e-10
1.65493894318735,4.15049376687486,3.136551686081715,4.65975461317122e-11
3.3171747533287883,3.419616382638422,3.855474452296034,5.093030574303717e-11
2.072689337843184,1.1517080492749376,1.1149189149479102,1.2816700942744784e-10
4.3532964937763,2.357404400064324,3.603173691670408,5.275554857881907e-11
3.226970452438391,3.317031327396831,2.4898702112904156,1.152331265906408e-10
4.170370538495515,3.357238073277337,4.102159007646387,5.552876376854113e-11
4.971492615323478,1.5640344750725887,1.7121123727903917,1.7703322916837588e-10
4.691280435391766,2.4944476128872624,1.84728342388129,2.288679177454865e-10
2.9791531129742075,2.620851790337744,4.9013860760488654,2.1691204230331652e-11
4.697829654938451,4.115285276905252,3.793268274782671,8.967188438648848e-11
4.148205655000804,2.677300274995498,4.698589280101675,3.357442604376112e-11
2.359918542372272,3.8839741508697867,4.422187827703562,3.128132757411753e-11
4.225858383976059,4.617358745560707,1.705995187871412,4.4744448139795716e-10
1.5213674816505414,4.568225871686655,4.491209076313961,2.2995420451298818e-11
4.528375872589897,4.122387723642383,3.822296322822115,8.527638879900199e-11
2.359949463428198,4.122684272485495,3.078078144545899,6.8534571104876e-11
2.6154543119633473,1.6784497389334971,3.483315505018736,2.4146603748107347e-11
3.7248960936656674,3.8451506574076073,1.920116090626904,2.59273870777571e-10
3.9116072494138447,2.9422291631414246,1.608006570176888,2.970587181688593e-10
1.2680742932735036,4.7560835758440785,1.5437676991096256,1.6889487792032783e-10
4.575268119368026,2.9000795884387025,1.4270770521418958,4.348283218178778e-10
3.0798082437330425,3.33786676772544,2.1501621142684653,1.484008766287606e-10
1.5623586386700175,2.8236548206496996,1.9080167826888625,8.087497504253312e-11
4.998148412300108,1.5159950950786008,2.466552844463738,8.312129434960876e-11
1.5193321397075361,2.491850866932528,4.600052481448392,1.1940854354429828e-11
2.4140587437678573,2.608835629733737,4.450018468720833,2.1225460760555386e-11
3.511612876516475,4.296348193968407,3.066823184842038,1.070569411995412e-10
1.3463579555945082,2.5279611587783943,3.4246243439708497,1.936828919281849e-11
3.0186321049974385,4.328904922806176,3.768018345606591,6.142546024108062e-11
3.198387974829603,4.780542438271352,2.8642424961397857,1.2438698931077885e-10
3.9300327065069367,2.4428641039592205,4.21459802816136,3.607192801828351e-11
1.6162464931043354,3.2484308882056245,3.3170172327678036,3.184725268276704e-11
1.4764522760367833,3.0064969015923886,3.9004018387738175,1.9473663963307564e-11
2.9263401844430756,1.1794680108200257,1.182134580071025,1.648402774240247e-10
4.859049407795435,2.191840673029042,4.981376161080435,2.8644933803335243e-11
2.1054400877920387,2.3499840292744603,2.0006724313340785,8.24977350547427e-11
1.279360459795046,2.6141198024201575,2.331149428395875,4.10737530319343e-11
1.000058518583336,2.2849772827819246,1.8777144064495874,4.325481171189723e-11
4.975377653120877,2.830557234097778,2.9261205500040615,1.0977406986712815e-10
1.856301625417041,1.2721931080725555,4.832705217878846,6.748498807840516e-12
4.033869609293669,3.5308923069050437,2.532105762012237,1.4826165610631622e-10
4.5267912275865765,2.17542656096194,3.202929020699298,6.406583128906962e-11
2.0074429403569645,4.350267915734564,1.9632936100520855,1.5120804909933983e-10
1.1776192545396569,1.3025912653916727,2.7254304427441913,1.3782533496891168e-11
2.350806437853386,2.804710653122119,3.063416923293247,4.6889858630386527e-11
3.738448634904732,3.9985425948423474,3.443196109424828,8.415033111120506e-11
2.6824923038231976,3.839158549443899,4.7135897449793935,3.093550246106039e-11
4.291259964875531,2.72724298320835,2.6418179349042163,1.1191520430594895e-10
4.777163706968034,1.4369008512310426,2.2148784796506433,9.338633287524543e-11
2.618592473791139,4.171388474865886,1.0745056031598708,6.314186211111802e-10
1.6415432509416643,4.125931615965252,2.208619216273484,9.266566887618604e-11
2.0533128755163794,3.8757105610756333,2.149014198646626,1.150043054153628e-10
3.851431715389588,4.543209373718478,2.2049751349318236,2.4019488991367196e-10
1.8006599870169384,2.1335429847594605,1.3689185021345116,1.3682458093919636e-10
3.0957845969787336,3.345290150799446,1.999031461473018,1.7296230757543262e-10
1.7144099854645538,3.8991649564955497,1.0496254181098545,4.049522535603678e-10
3.907170608415708,4.093737567634167,2.2247657675803496,2.1567509062134878e-10
2.265618580122953,1.8193014475614135,3.380049187365464,2.4078621748411203e-11
1.436406186660279,3.02070405101707,4.842893357461832,1.2347011017969095e-11
1.6589672646051774,1.6282444453449898,3.0013334031150403,2.0013135722546347e-11
4.129321564830628,3.220136804004699,4.902579464981089,3.69224019257192e-11
4.577958867617701,1.3583292131057423,3.9097644758348657,2.7149506328349183e-11
4.291715448211011,2.499860051737576,1.5592894575301766,2.944959543361741e-10
4.771555182784757,3.6493046688004256,3.638596159544038,8.777858228485464e-11
2.893361443227274,4.486490864527356,2.2509650890839143,1.7098505837353747e-10
2.0506976516160007,1.4831061916562973,4.893389660109697,8.476966843386618e-12
2.722316263592353,1.8493383886044192,4.959553214870583,1.3660168481941977e-11
2.0706234544909257,2.206650451494663,2.8397800965698505,3.7813898385619877e-11
4.861925115198943,2.5793532857929997,3.627136560301099,6.361762972574624e-11
2.7491722560479954,1.7974702891759695,3.2444586161119986,3.1330360880372505e-11
3.570695137354972,4.863086161816495,1.1983024924624401,8.070826538854207e-10
3.6161058329136337,3.6379893606001574,3.2482530814066597,8.321259030143605e-11
1.800716263664802,4.850656084564472,1.4903586246249052,2.624523120041304e-10
2.9865219140699386,3.040471358433972,3.5968350193924103,4.684376449449276e-11
2.6814463242101056,4.760100714805095,3.5067361896278237,6.927320182179409e-11
3.9809800578297874,2.0786075980669003,4.31093097221825,2.9717110358920797e-11
1.4629337874505808,4.608936471488345,2.4308820725040063,7.615243824193465e-11
1.4003748346948792,3.5663075163996276,3.334089287941427,2.998436366378003e-11
2.730883872131642,3.129878093937486,4.472641529348234,2.851600442634821e-11
3.9440082596552517,2.9886246374083125,3.3338126587821924,7.078039921581324e-11
2.2137669830060873,2.431291762541766,1.0851724536718197,3.05040612952604e-10
1.825032380213428,4.077580778933029,2.164966603022838,1.0596365924694622e-10
2.653009304780315,1.1294663429614467,4.786777412424733,8.727941029875656e-12
4.847531719396408,3.898769894634995,3.0870139553396245,1.3236015899207302e-10
1.8668729601696747,4.106737399406784,3.960601950860088,3.261936533936856e-11
4.9369029342318145,3.72528785207184,2.8422460334971706,1.51941807651438e-10
2.724387431432965,2.550245502656326,4.133468465401034,2.7139872516751593e-11
3.043434251401229,4.903788158445583,4.453456616101324,5.022123345463474e-11
4.107818669230839,1.8860521257166076,1.8479146098632753,1.5142143579896707e-10
2.707030740705634,1.9258419334112906,1.538070156176354,1.470780075363827e-10
4.31317610829365,4.342190740508409,3.0534844481238377,1.3406050940171282e-10
4.934596953907297,1.86402904612084,3.6612945407270945,4.579533370230653e-11
4.034201415451749,2.758760120719858,2.7457432647598754,9.852305392711901e-11
3.8005839980030256,3.038532249117405,4.258117780227078,4.250744954310461e-11
2.4942574891652622,1.625505442418409,4.066552290711317,1.6363009887848476e-11
1.0920045246390928,4.932490293877205,2.4610894055103048,5.935018782986796e-11
1.1611680510687488,1.465175485578631,1.095981240412951,9.452891713610422e-11
2.4494938660218173,2.1754154548381366,3.831838964406241,2.4220899607767472e-11
4.840960048231821,2.1918685146257846,3.4719869901255924,5.874569155625877e-11
3.6674796705027806,3.824493029146097,2.185150762179059,1.9604915694720839e-10
3.7951626416355055,1.2596615144300638,4.726851424469804,1.4279945572808352e-11
4.825967301877186,2.733213621936414,1.8364928904512277,2.6101511116812097e-10
4.845592068233228,2.4706202784040077,1.5484106758296639,3.3324737704172133e-10
2.569591409245772,2.5836876629468613,1.1605413146816352,3.2897968011412374e-10
2.8766043676571362,1.9715491963052498,4.4980369965451095,1.8708023638080318e-11
2.3362650279667343,2.9935546639768513,1.4423069300638156,2.2437792262463213e-10
4.432722326424925,2.037684595066973,1.6814043077252516,2.132305269705206e-10
4.244424141910389,1.5313300766089304,1.622638724876769,1.6475178103729343e-10
2.141935165569033,2.2648214664745763,3.4129161158320933,2.7795549730080116e-11
4.735401149287794,1.7876270700137944,2.4329982914645885,9.544128812862491e-11
3.331805272729129,3.1140985224401274,1.1622888348452927,5.125898828228639e-10
2.670965334040139,3.170451623032328,4.058467110316325,3.4312433724021966e-11
2.477750654529419,4.315878981159063,2.442899789954433,1.1959189729552152e-10
3.8850875598200054,3.2287959358769664,1.4061362763845349,4.2342138284405945e-10
4.158426555085375,1.79319096181161,1.3701309651995923,2.6510481511284986e-10
3.1454288838751814,2.609888309123517,1.044359447299216,5.023287041045696e-10
1.0946459717101251,3.46530248701248,2.614741110669256,3.702914167800704e-11
4.093800232648594,1.593329412686356,3.3066539686700764,3.981446850049185e-11
3.590821016639283,4.609383469292252,2.5701868365989915,1.6722199898002004e-10
4.94991654998107,4.5522243203086195,3.632540937573607,1.1396899000327191e-10
4.192994221000607,4.412794648369712,3.3821536449505927,1.079536965808849e-10
4.601291226394492,2.053369497676544,4.088526509842552,3.772240680436084e-11
1.7923050964591583,2.651612230640053,2.4889450338954853,5.120089400695418e-11
3.746694256377753,1.2859247311733109,4.255850635253968,1.775322474041822e-11
2.899109028225425,3.0501555558340296,2.3070779856755474,1.1087871625492705e-10
1.7944578721110829,3.572785080689794,2.294832898816565,8.125016037488143e-11
3.840091121962893,1.206601140788726,4.360662404092839,1.6262470910172808e-11
4.342546898769324,3.3133142852574267,3.6438143832595653,7.232373747824721e-11
1.2976997403890413,2.226564607234898,3.517885182564772,1.5582330086008247e-11
3.1666578924316617,3.414662773731261,3.6515454444141993,5.412298609539399e-11
2.7982705087730353,4.348761351919778,3.5179134434254973,6.56252806778908e-11
4.901851764094469,1.4088247613390124,4.538284808825933,2.237792723637693e-11
2.755513617530984,3.0898028642149074,3.2395306023828487,5.414462642251356e-11
1.6397413255482012,3.057084019589427,1.3635341114601278,1.7994380723564484e-10
1.3596733451840115,1.6943778329938644,3.3983456025747985,1.3313613972864313e-11
2.481433969279591,4.730222646986099,3.8595130693395627,5.259027922722271e-11
4.274937326175211,3.7491012247175663,1.091944359937381,8.971025721421182e-10
4.04813479495985,1.3130178460061268,2.007123342891665,8.805695687819873e-11
3.492269877869758,2.7555382476724417,4.799521385316912,2.7880758309054193e-11
3.5644527028702377,3.7750136849991542,2.2300522911540144,1.8057910478822807e-10
3.5227694886878007,4.144590867186791,4.240106804772141,5.419990205002927e-11
2.5695143025739617,2.548469521081582,1.0934876282042798,3.655013102365674e-10
2.5311698070668753,1.8052869863084862,2.9722673422487116,3.452057299294373e-11
2.6539640929392925,2.414067731181637,3.3753111633661357,3.753211724955188e-11
3.3418573414241943,2.322430098451195,1.4784139513837071,2.369870722925945e-10
1.3759862737913706,2.6150706239077324,1.181656373704386,1.7198925780854906e-10
3.7479102680635785,4.101995372775841,2.0442883834979755,2.455196358970014e-10
2.0002163312886756,1.8832786433974165,1.3512146992473273,1.3769844329385383e-10
4.954614113490143,2.796846897636827,1.6518072391152732,3.389580876994073e-10
4.650670423868668,1.5825922577841731,4.805610203865298,2.127030515924833e-11
1.92018585772384,1.847333662245664,2.7496526261222103,3.131260147453825e-11
2.7251210670930988,1.2903352395259193,2.2633608049074243,4.5810705482927766e-11
2.6796233538204683,4.342343368913234,3.191412502096048,7.624620537371867e-11
3.6109478423672696,4.149978207875564,4.48207410422366,4.978461679276647e-11
2.727632830609355,3.3129603048612033,1.6659394617643088,2.1730509672236875e-10
4.6244726530353555,4.647114897791457,3.793469759627963,9.966864993131149e-11
1.7562867855732085,2.8227266332586667,4.6460000070731144,1.5328231282785658e-11
4.26979930657466,4.138039453448972,2.1008072150650836,2.6718734910151463e-10
1.4200291905369977,2.7940429569673952,4.199698487064891,1.501344404022746e-11
2.674809862154993,2.3724556071931895,2.7362277334770893,5.6568248490450664e-11
3.022791832653268,3.175089100934862,4.237365942877072,3.567454282175211e-11
1.895322021979458,3.751975913209665,2.425855970981864,8.064904487026612e-11
4.947433992400482,4.4397851857294715,1.2527631872407095,9.340931830116001e-10
3.192896499256475,3.9090013428608916,4.050440711819224,5.077293901616967e-11
4.647610287257216,3.7209847440637516,2.00413711914996,2.873551152567481e-10
2.983995493852721,1.6788268953048147,2.747505797771677,4.429075141027265e-11
4.589903734059579,4.697700233956853,4.197703690418442,8.166792504337466e-11
1.3726708658125846,1.9536394300334678,3.2069360114775267,1.7402692303200755e-11
4.317729825728936,2.3306239451794,3.1189777345817618,6.903817797659982e-11
3.3372082761128263,2.7068256047416877,1.0835767799676423,5.134644854647456e-10
3.7777304947529875,3.4120331727625737,3.723216448531405,6.205743911990825e-11
2.6135612703559814,4.000998400007858,4.816917836756956,3.007798849036613e-11
3.5335741043142574,2.743342614329723,3.10891162459568,6.693660820370788e-11
4.27659232097451,4.081625602943555,4.8745223711586085,4.902900546555091e-11
4.501912372929654,2.2789818981703984,2.1299617378236175,1.509317166228215e-10
2.526648365223227,3.6866544303690505,3.0389857285358532,6.731411139755099e-11
1.8065358052332186,2.8461570421120888,4.103727275494954,2.0376737639281233e-11
1.9342253929208062,4.768199544522952,4.769117029270555,2.7062738763526165e-11
1.5167686930784305,2.9097530149176576,3.2395705082454813,2.8066406553063516e-11
4.488549551632053,4.684624556694352,4.051855201447796,8.547895087174785e-11
1.408200879692144,2.1379059193687993,3.0027269419362748,2.2284747722659702e-11
3.3629844511709,1.8732926632522795,2.8391212612276577,5.2161348430595233e-11
4.6650141120508435,3.1945245643073257,2.081792005623774,2.29493676414732e-10
3.7572841073385788,2.6296298442426256,2.9596815960768077,7.527744563584591e-11
4.826374300251857,1.9525860360962572,4.396620688865408,3.253714051077486e-11
3.34669618555574,3.490744967819946,4.439416150206944,3.956114898075601e-11
3.1794218426008096,3.7236471907645017,3.709291425503099,5.7427640130074555e-11
1.887908225956905,2.5886967854453817,4.895416431119531,1.3610340271575604e-11
2.2798049607952424,1.6799775623285598,3.433858082119475,2.1678173784839345e-11
1.906953566378387,4.045456027785702,1.8275810857497872,1.5414892345326337e-10
1.0673344673307965,1.4197386754000405,2.573440975770975,1.5270973597569833e-11
3.9523432001818004,4.189240324235222,2.852789912269322,1.3578023208448595e-10
2.426809730999831,4.179116014956552,2.9775892687616077,7.634432795691858e-11
4.012344014722789,1.8109749957414003,2.1974607068270737,1.0042794638612779e-10
1.8372220668762598,2.714687158885373,3.3723712766032676,2.926825840818884e-11
1.109095706837917,3.1654321683503337,1.5913562920794644,9.252378415165296e-11
1.502431454360785,3.399121490055702,1.824491669248002,1.0239147220961398e-10
2.471254840619171,4.8837094311016,3.3395286847496317,7.222427575448736e-11
1.0043594468806774,4.289236032120404,4.208522787238852,1.623289392653161e-11
3.61306116597225,3.536946459704509,4.163550733799365,4.919968020989255e-11
2.2138244393845103,1.221714282813025,1.7652278108429629,5.792919705335956e-11
3.7759261265542636,4.001140796699186,1.5147188163123695,4.3947025393144957e-10
2.4783865520078345,2.2690406094094744,3.5176806724342473,3.03308575690041e-11
3.8901167245234043,1.7119688509785873,4.268240088484976,2.4397594705728208e-11
4.795219981071476,3.1917983237945666,2.8782645246581624,1.2330161642659594e-10
4.143848226094472,3.9468251891094837,3.226132335855253,1.0487538729934688e-10
2.8784616368758322,3.50455830572774,2.9903328639043485,7.529061944274401e-11
1.931307204002053,1.248094406940444,2.4114144449136052,2.7665675813851842e-11
3.9742606941688967,2.9863728100556424,2.3532371518352417,1.4303923680525922e-10
3.199770356855069,4.419533478683289,1.3756281699634614,4.987458784586682e-10
3.4121010384894483,2.49370851144785,2.9887325947429018,6.357401688586579e-11
4.914326361341033,1.066124205312279,1.415703736408625,1.7446698023336425e-10
3.7119434788556287,3.8395696777525115,1.3704531731235141,5.064559861435129e-10
3.459798138759791,2.982012552401444,3.1680547003880863,6.86058401394508e-11
3.8770024486290526,4.0607166836980415,1.3622593602101243,5.661941346691751e-10
2.7635862787011494,1.3954497762549236,2.9285621580213568,3.0009899976324703e-11
2.592139958925568,1.0957615953880002,1.4783924383582545,8.673237906043808e-11
2.319498151079305,2.0207963117342667,4.066731087530157,1.8915240269411846e-11
3.5776972043494624,1.4222212709448243,3.9062881427202254,2.2255041217014097e-11
2.8643138011399563,3.713939474180729,4.8885132511566844,2.970899948014766e-11
1.76337715714453,1.1157319215799264,4.06577191144291,7.943378355394419e-12
4.940352576463142,2.8005067777025023,2.202534613660062,1.903422900458204e-10
1.1141681289941023,3.865952131961917,4.623617403050661,1.3447130711089103e-11
1.2999418508135085,4.471171808715541,1.5971283473662776,1.5207290787557146e-10
4.002393197536268,2.0562828304619694,4.846353643530066,2.3386142925501073e-11
4.579289321715757,2.716747154826558,4.356670756812765,4.374455726017823e-11
3.0221087346489575,1.2380916746561232,4.992913998247623,1.0017074889773545e-11
1.7871619790682827,3.2445044116472963,3.5562589257603987,3.059931752725167e-11
1.3858300848928389,2.7140358404007796,1.7686012205637467,8.025127206796526e-11
4.436283819534951,4.285895968897215,1.6975912522907697,4.403326545883038e-10
3.482262799375047,3.0958159375888865,1.674597104774366,2.565678325468218e-10
4.982182775389665,3.1854851421495436,3.0970293723738638,1.1043094625291048e-10
1.0623878071158752,2.572770739323079,4.210300583992551,1.0290682123348727e-11
4.262864908381709,1.7276136492548249,2.0153431573270257,1.2101421517064068e-10
1.7415241711052536,3.955031862801771,1.6999558595370718,1.5907077827460995e-10
4.442422847219652,2.651550706075764,1.2535436578268193,5.002960857710193e-10
3.638074950705092,4.143058723825883,4.104219645537837,5.97197173652017e-11
3.8411883474487345,3.8127239288444827,2.732684498361375,1.3089051568396434e-10
1.5038600767179546,1.0458369824148002,2.6483782130635958,1.4965719967032267e-11
3.5098451060136204,1.3488211494972178,4.585950538370671,1.5023453862682313e-11
1.8222981071258868,4.382701277085715,1.1431560680001769,4.0788378880571407e-10
2.957221093272187,3.097718332996101,1.214471937653089,4.145118544346083e-10
3.899317917168242,4.385872589757667,3.662975210413995,8.506734917439515e-11
1.3397712102181982,2.8685355662168006,4.705679609555427,1.1583301840096821e-11
1.6944170214833552,4.029327708498533,3.674635182091718,3.3745093874844444e-11
3.607259662125913,1.9971938715584332,4.2689737229749625,2.6383771026380608e-11
2.6201191712240233,1.9564508510951897,1.4597919928160907,1.6054405758545102e-10
3.931234803403389,1.7617406549585692,4.52288045047651,2.2595759606353005e-11
2.1370696533373033,2.9300689676278693,4.928402083228758,1.720562517426669e-11
2.8151885951131663,2.4705484218462024,3.0498402396902318,4.990371608634171e-11
2.341891322585188,2.471083574561424,2.3028123066043085,7.283217678404916e-11
1.6214369664551547,1.4027323415865673,2.605347603568333,2.236298297469121e-11
4.053967530557612,3.064357850531904,3.600559811987664,6.395373144189458e-11
3.7040184128663176,3.828461124594747,1.5765540268176963,3.807727534104408e-10
4.118489981140552,3.65697450183714,2.7648935764774767,1.3148896573821578e-10
1.2852599332351131,3.5485576285520684,1.798552509540011,9.409851947569746e-11
1.2145702989355538,1.4769620163578168,4.937561568531523,4.910810066295436e-12
4.424303202072996,4.12614703626968,1.2126258919221038,8.285564649712489e-10
1.3666197470976296,4.193216812512007,2.890018614654522,4.579097938772872e-11
1.9835349355146144,4.025300475837502,1.9397109546684748,1.416283918534015e-10
2.2743773812486507,4.717323714998502,3.486902811257729,5.889314191563458e-11
3.7069841006598465,1.218062139839108,4.974138160989918,1.2179814729589895e-11
4.192944139756181,3.5570830582100825,2.851477856332271,1.2242194589855987e-10
4.255018142614473,2.4476621863113097,2.2587121952844362,1.3624397426126812e-10
1.123846995855343,3.878157895666492,2.3478131333852765,5.277057458662575e-11
1.8322294130886254,2.2198373258973283,2.4983948523989006,4.348756088547924e-11
2.0668565676769837,3.6845739050283313,3.884420270846097,3.3684599640624545e-11
2.2771432183325593,2.3231682455585494,2.1817738750127242,7.417161525701575e-11
4.6680468819349255,2.8989885600604026,2.871338156714042,1.095466821175433e-10
4.4089384151472295,4.108353614118521,4.18365904504671,6.906777803704943e-11
2.9432678552696068,4.4100283938612765,1.366937432193938,4.636178008260653e-10
4.951961705339366,4.784166880348252,2.533054135294946,2.464227825329653e-10
1.8616404789678493,2.4688155042072286,3.616349988092804,2.3454692459617913e-11
2.7250248380877045,1.1516400116847691,1.7610277288285898,6.753688472155246e-11
2.209057533720371,1.916049336469818,3.9852769129038705,1.7786189301921364e-11
1.3962887084768378,3.439385537010965,2.477995515311464,5.219648488074441e-11
4.9861738571390735,1.741479484731419,4.187926859466601,3.304256901473965e-11
1.8927627989941236,3.4954793968280327,4.447781577995968,2.2320413560071494e-11
2.338670798211519,4.478981316585406,2.9841684899640204,7.850329133961653e-11
1.344689194951969,1.5588726189109603,3.302210231050548,1.2829487535329348e-11
3.918690049177481,4.573780080498995,1.5149948910152462,5.211707800648653e-10
3.2953929653657954,1.5835096606012167,4.97641905116741,1.4063073345082884e-11
4.162488573460015,1.4831225095422602,1.9805058402788518,1.0504225298446844e-10
4.1151843443601095,2.222392522494659,3.651923250912849,4.5767056377451775e-11
4.38347972532123,3.1809761598001827,2.556713322623003,1.4236444840532734e-10
4.4551553380875735,4.167731828830237,3.156425331789769,1.2438206992180422e-10
2.2990292872468423,2.9050016323699777,3.149774257508299,4.49281181604495e-11
1.656834899339927,3.666643481947801,2.1317251925848066,8.922194473982959e-11
4.349058737961142,4.063134252694273,3.911943501809061,7.706505633163302e-11
3.324707442757644,1.804559796318916,3.1489354761126784,4.038158786001971e-11
2.8137047423019204,4.972478224569416,1.112854607482101,7.539816187427473e-10
1.2240377344582796,2.5031302890529195,2.341896904585705,3.728455113148424e-11
3.3339288536356873,4.0013351132471495,3.764860897591726,6.281300718235522e-11
1.0191821901933893,4.4698823320312755,3.2552102059729275,2.869300552371023e-11
3.2905806286258876,1.865021196569729,4.083809926405022,2.455904473858151e-11
2.1534738857108424,2.647008478828862,4.5195591476731725,1.862468754415216e-11
1.4211136928325092,4.02610668424963,4.733599307096771,1.704187280832445e-11
2.3603173781926263,1.6406910533298582,2.499528141947132,4.1368269550506085e-11
2.051232062005017,4.615314945677534,1.0590544516043359,5.633337364584506e-10
3.2583593148386316,1.090276523893285,2.162359629994471,5.0706774784275126e-11
1.4849912932672815,2.164796073967112,4.202047073842097,1.215081125030481e-11
2.504069207243129,4.0571035502849515,3.4264732793660007,5.7750257313792795e-11
2.9852924155084377,1.5500341974760699,4.559109004536072,1.4857796572720946e-11
3.7236546486112645,2.003523085937816,4.258531167194812,2.74555588817619e-11
4.3383439198209,3.207678346112313,1.3007293836357672,5.489427959078718e-10
3.0902272384754506,2.87432658119676,4.884861919708057,2.484323489477855e-11
3.973146397841325,4.443667397032459,3.430176513055241,1.001450245317129e-10
2.6186965356054492,1.8621048780673188,1.7437903398195163,1.0702542938540204e-10
1.5059308784516903,2.549695224752794,3.3334642838942994,2.30615184182001e-11
3.5707336087898085,1.8322246739763703,3.0100671592715007,4.819145180592514e-11
4.021764715874166,2.484583239067753,4.888198279105087,2.7909932456557812e-11
2.188151161051142,2.471617614631761,4.284400947609054,1.9663670628778614e-11
1.152351603248889,1.009718504915409,1.5176919704907288,3.371353212177868e-11
4.66007162528931,2.766964720115017,1.7434027763350568,2.83130691345006e-10
4.722239655434201,2.3886481028494613,1.4279840162166142,3.691813108763885e-10
3.672772938158531,3.2462028460859647,3.973867541414999,5.0388236887902865e-11
4.779263757704332,2.1315305395266297,3.524773891153367,5.472379847654285e-11
4.920014366849278,1.960939413526241,4.576724038991939,3.074024294247328e-11
2.8029112524879665,4.538320158319284,3.7679360897312564,5.979758211606253e-11
3.2784792804043894,2.041305193090261,4.501419460943863,2.204284352196388e-11
2.3703991132379976,4.357530637333425,1.6926473644494364,2.406108176352154e-10
1.648451408698858,3.7832484112970146,3.6779081753990917,3.076985475791574e-11
1.710114784359284,4.9962655371727465,2.3898510166531124,9.984247080914588e-11
3.1160191479328083,4.455963850079936,3.6519754991185045,6.948199322198331e-11
3.487628423440155,4.5811091631913285,4.414573104929497,5.471540588897309e-11
1.9972001849485075,3.2610794807145997,3.356671870362502,3.857903902578404e-11
1.0983050020937242,4.58867273111429,3.1549072135521534,3.379271348861928e-11
4.810832863324441,3.323185864431279,4.572893433623741,5.1024521627712613e-11
3.136329057104165,2.878322549214296,2.8554839559947776,7.389036898913289e-11
1.582189363163152,4.889405150220366,3.537608962319385,4.1255422342905314e-11
3.6401326205431794,3.571756783938496,1.0314974916712973,8.155468876734382e-10
3.828484988313769,3.0906903857709747,3.4456612894906535,6.651559562946664e-11
1.5790755425926806,4.588691740637283,3.6485943282808897,3.632677429816839e-11
4.695065334086116,2.2150717639846773,3.0239879667632557,7.590240311491922e-11
3.827891494133995,1.8238169212893194,3.025220157700989,5.0911171519662144e-11
3.69292770955599,1.788652700852972,4.899737521542885,1.8362736410799933e-11
3.3484450833708017,2.745743139503813,2.2886644231154456,1.1714534960899242e-10
3.2593780021550596,1.9033792847296076,4.054804057525237,2.5182945524700435e-11
4.788021885290229,2.700031661692964,2.7557023694815324,1.1361784997898273e-10
2.765678487284011,3.5559943485137997,3.1299391343517278,6.70003654474662e-11
1.8358850208051378,2.0336091575572306,2.3035104414491583,4.695899559661068e-11
4.180023398518612,2.492481752688641,1.1889997199223634,4.918508180723642e-10
1.709217555774345,3.8345062050654644,4.882827623368392,1.8346372475221685e-11
1.834256732659587,3.7358954400112787,3.5837552135298787,3.560937583416029e-11
2.830419322686015,3.770610646782344,2.167846058219228,1.5156251176856052e-10
4.556561095274882,1.9789512370483453,1.2371312511368142,3.932121579546709e-10
2.377327747722916,2.572926714649836,3.7806353095743317,2.856098003738153e-11
4.035482595021833,2.290151661975877,3.148212327842022,6.223259263795008e-11
1.2126600691005711,4.0664402702014275,1.079083910615894,2.826371484181582e-10
2.611970507586125,4.9914133616426,3.8026725030043775,6.017279154211221e-11
4.211349798129492,4.174450256975754,2.930883847811141,1.36587071437861e-10
2.7009322294215456,3.4205507556860106,2.483539741666153,9.996631899885404e-11
3.5605124572169946,3.0171254254161037,2.3719330858456735,1.2743455608862404e-10
3.966765847154058,4.780851355184029,1.2341334676101217,8.31005214714814e-10
4.560448581353917,2.52343995014399,1.4204423426242356,3.8066199585268016e-10
4.154419349811638,1.9155651853727185,2.5827111818096804,7.962359542735876e-11
2.842906663312571,1.6613674786484918,4.639949803944312,1.4641579975566346e-11
3.7405320588589936,3.386386928276136,4.375206110820222,4.416305708414271e-11
1.3979101118781303,1.8988584041840082,1.4542853208207465,8.376426630026376e-11
4.1371455638147445,4.183665020309251,4.290621788864759,6.274851324214634e-11
2.9718432927955747,1.0114085806418083,1.5246449270827243,8.629811608223149e-11
3.8524140128018045,3.10801734246664,3.5342495041347837,6.397468824459139e-11
2.4814300926735666,3.9873280169734397,4.455969547012961,3.3257207725776057e-11
2.793565992510434,3.0000093464990036,1.786955966002009,1.7516205982927092e-10
3.7616868707854887,4.515532430910847,2.8234127549309522,1.4220964907191978e-10
4.852453392231552,4.574689335836901,3.8649563690239908,9.917906063022835e-11
4.666551184268606,2.206271988427008,1.8712285685860892,1.9624003306173704e-10
1.214901504734692,3.6735465059341164,3.863967904021752,1.9950132936605197e-11
4.3458925162344295,3.337130367132444,4.663047480246533,4.451421111741379e-11
4.734953871520423,2.274169106119357,2.6922468185827584,9.915051295119625e-11
3.3278094972933,4.078383621941011,3.5736487200559592,7.092657893551348e-11
2.7026308036632622,2.714354323589945,3.112202522358085,5.0547975055654654e-11
4.2022117676240445,4.013400161444185,3.7722451572190256,7.91000542566131e-11
4.143411149955372,2.759057483962203,4.115031424822018,4.505662624742381e-11
3.119449345333346,4.89717390992382,1.8770725007683717,2.893660477536953e-10
1.2285596881561829,2.3596090569049113,3.2153989461025736,1.8713403743570908e-11
2.8129831686141857,2.341524832640212,2.385408885036519,7.725497187779066e-11
3.271625097886508,3.487016854199425,4.4243504022634035,3.889598281924212e-11
4.051572435950257,1.2929365101006565,3.2638458329416236,3.28191807624762e-11
3.1764833438766162,4.920161330402639,2.78047617394909,1.3491920461351564e-10
2.4703115616811564,4.183540855015455,3.529290387201698,5.537416128929548e-11
1.21719826351963,4.267493223034993,2.1831680288732547,7.273543509263511e-11
4.444502924416113,1.3933176386323938,1.5402684862155742,1.7420743003213035e-10
1.12810983614717,2.8507536433621707,2.015262956633152,5.284864201006032e-11
2.442939358439509,1.5925159017265567,4.583751626359184,1.2357781505654033e-11
4.368465984954943,1.6116863370456587,1.7383992237633281,1.554879172293534e-10
3.255620735268902,3.6222567886365997,3.893833046160937,5.190923039440277e-11
1.7723406181704977,2.8786944568781503,3.6305199707629856,2.5833979129962455e-11
4.114922514098601,2.608502901670882,2.4519488317665004,1.1915612800571002e-10
4.934363569680157,1.786858652913701,4.4951924389230875,2.9121314216861225e-11
1.1080895995668185,2.449481570751857,4.648835340997639,8.381985963926263e-12
1.8736412455741775,1.9219562679853324,3.9781107074582263,1.5186664966677574e-11
3.410836405164233,1.4521612773396622,1.3045803439478,1.9423177653460448e-10
1.9635298990132357,4.032493551157092,4.798934836799951,2.2946037390425952e-11
1.790590346596976,4.808923621061936,1.5355025993145466,2.437413479408248e-10
1.7577112907539054,3.7784243642609314,4.79271782271076,1.929659836210902e-11
1.2640623741210701,1.935285858996496,3.6560491105663595,1.2214502655802569e-11
4.293481632662303,4.535370556848013,1.9388672831783111,3.457103830613219e-10
3.3918798767664944,3.973319183847778,1.4997242535618351,3.9990541965496687e-10
1.03343501492404,2.3425510488476236,4.940994357943072,6.61804510015406e-12
1.1540533879022559,4.3751552981753274,1.3922376612525373,1.7385165143380368e-10
3.0287056170342965,2.3304697135261128,1.2668074018286046,2.935388200134558e-10
4.29342653543228,1.0983786626181664,2.1754068563085185,6.650607841548925e-11
1.8459092454204868,3.7892861914469886,2.044675785803449,1.1166190860964533e-10
2.547845915383188,4.986528887568662,1.5526750454310796,3.5171958765172485e-10
3.6796951039315293,4.8413897751008985,2.1117250435577346,2.6662038126721065e-10
2.764902279350395,1.5766625952602058,3.8969703487371876,1.9158016841354973e-11
2.713118279734321,1.752173653294935,3.1375295044254763,3.2229713024344924e-11
2.9094410965508137,4.481604251771925,4.86149665360382,3.6820467013596904e-11
4.7433387418126784,2.8991251578117865,3.8499013415965555,6.192102073727038e-11
3.384495215594445,4.916340340121961,1.0137543413945127,1.0805791724721151e-09
3.501525326027081,1.9153353097371313,3.915426469626651,2.919645642609091e-11
1.966661107688917,3.3331899320600464,4.504829546366803,2.1558526173027033e-11
1.6148593629943746,1.7416045080622329,2.44345521400527,3.143849023815992e-11
2.6243290942872863,4.954628704087117,2.77321860681245,1.1283592696476186e-10
4.514761382611022,3.02861295484696,3.524085854967238,7.34804519877391e-11
2.044752083800987,3.3330502338786,3.785514139968902,3.174088089672001e-11
3.519119135457723,4.33194347761073,4.711251952793662,4.583848890115568e-11
4.83087468081068,3.432818505871236,1.161997263666151,8.196956037061083e-10
2.0060243855791717,3.997211642022546,3.5695773110359283,4.199967879987549e-11
1.3014399870489521,4.1998958180152535,1.11827728454932,2.917090210373728e-10
4.503184292431527,1.72205752483903,2.110486152788798,1.1619530062138831e-10
1.4306497432913945,3.463629609741382,2.7497348349855892,4.37390490023477e-11
3.191793399175287,1.1917705234757134,2.620320768261348,3.697470316852433e-11
2.4990161876912373,4.767875065517467,2.315947694484699,1.4825953894759112e-10
2.9280902565830793,2.4326956444646277,1.9283708153125154,1.2784311356968172e-10
3.0673330554586093,3.848461925345712,1.6222182409460721,2.993751652168012e-10
1.5286320542284617,4.291195581703398,4.766426333199535,1.926999948391496e-11
2.5850666031153424,3.423417073184592,3.1947232982221894,5.7869703020886265e-11
2.4067793547396286,2.894613140430952,2.169305178947332,9.880335751465873e-11
2.9354975820654534,1.8730090734052003,4.22548156115633,2.055206140011648e-11
2.164697806362469,2.4742498857546082,1.6763307759413948,1.2720600150445458e-10
3.477783253644162,2.1399684907310097,1.2304068619571433,3.280942384600633e-10
1.89700619463849,4.35072993237339,3.540796255749392,4.39354624918571e-11
3.0606261088765954,4.237478908805075,2.082608710187149,1.9956697286713817e-10
3.5240392075552074,2.2329944124074412,4.083457646754489,3.1496221739247156e-11
3.168216504253199,1.1461628072868972,2.895683783483799,2.8903144755722144e-11
1.1162352258568484,2.9147967303508766,3.5442623726017826,1.7286157733129858e-11
2.0645613356995605,2.480270883584044,3.261739784242807,3.212288074643156e-11
4.473106370660346,4.266546410618735,4.665017243334157,5.852823068940884e-11
1.6769906528464515,4.598742898240873,3.0425861806012455,5.55994118763177e-11
1.1610828228460175,1.899955439958506,2.9607753289490546,1.6795073599149224e-11
4.231485896799502,4.843323640002167,2.3157004397860326,2.550690908476752e-10
3.8695914502462676,4.154099196392685,4.452899538460191,5.41056209622838e-11
1.9553130111861154,2.1287487284894335,3.6117192104569984,2.129604401627216e-11
1.0991280125262537,3.8865231427238136,4.209985457828352,1.6085499278408123e-11
4.482601888427013,1.2056556157992522,1.9124572844456997,9.861799255541653e-11
3.625021355136312,2.2091510634624667,1.7512613991373969,1.7426903872598288e-10
4.427329333904806,1.2802682818688016,2.34206804124942,6.896520022758319e-11
1.2499426886208882,1.88373714963409,3.0371931983074076,1.7035377752344365e-11
2.3675298226513575,1.3586590085896035,2.695403836654486,2.954911300641201e-11
2.0514327350303634,1.4911895328341598,4.697528368419102,9.252040117638678e-12
2.4893340739149,2.924808056829976,4.842779418796891,2.0719409807631222e-11
4.034763541080444,3.369277652520263,4.0312222001125235,5.582999866647419e-11
1.5290213718094003,3.146555933727353,4.311057557382924,1.7276969713741544e-11
2.508500850820225,4.644130743045969,2.4425585165240826,1.3032116052175378e-10
2.1749468559116156,2.9748047283281687,4.8293764618242,1.851446610254556e-11
1.9281322071431393,2.839508246585886,4.721703329150781,1.638961504453758e-11
4.368548298476047,2.3600377004021267,2.2581123541044272,1.349432579086283e-10
4.816252898630475,3.5228955553649075,4.6067213023047575,5.33594537822337e-11
4.56312367338127,1.54237302133179,4.744764436656533,2.0864527312285408e-11
4.423080440157533,4.070548497131173,3.713745573630724,8.712437568102491e-11
3.7100059115214745,1.541700772415012,2.1730666240115126,8.083786052120067e-11
1.6624779015326787,2.277905961637223,3.1329126873997812,2.5750240625612395e-11
4.993029617495109,4.516907976561496,3.1062225668430847,1.5600066373548064e-10
3.249176001420634,1.027971326083033,1.341160041732313,1.2393079298833465e-10
4.865998112161529,2.87105065828083,2.859808079955004,1.1400534578944363e-10
2.97510031543919,4.226167769416323,1.5696890517762294,3.405707074949164e-10
1.2588183548068694,1.2173125637359594,1.9762823637204523,2.6185048541279728e-11
3.271514373279012,3.9175554628051907,4.373807523648999,4.471269571255938e-11
1.04748670141695,4.387502415598194,2.3592113599442084,5.510847427993525e-11
4.115872500429088,3.3522840670376635,3.012842787317024,1.0144624755644765e-10
3.056408256581407,2.864150769388478,2.821882994970285,7.336947935258842e-11
4.279339015603617,4.646543703172375,4.731948419384823,5.926699638038638e-11
3.5615518391817877,2.0900473511633924,1.7460529140246748,1.6295466434032324e-10
2.44433841355888,1.5804633708222307,2.161230980271478,5.519879556493665e-11
2.978822670031351,1.0341305080395506,1.3091259316708057,1.1996190449396407e-10
4.226678918125843,4.644049380586036,2.3343323880078533,2.4041241854596494e-10
3.4554539589198128,3.99131747346718,3.5505627363417847,7.301518751259878e-11
2.495656837263114,2.692818910503829,3.5777499069040566,3.5039529062423866e-11
4.695077798008689,1.427546593121515,2.628639256048856,6.473770637412675e-11
1.949700908662244,3.0061634173303804,2.8173620356087925,4.928122170313985e-11
1.1820052190020647,4.53959958676314,2.573775297680229,5.4060727728957114e-11
3.5271257268449734,3.4012051461541004,1.0469423876156898,7.30456576605817e-10
3.357363969295965,1.8208236117806411,2.7056751032133066,5.573156175014473e-11
4.441173113908906,1.6924244098432784,1.558587795281595,2.0650503383333798e-10
2.244467000663714,4.013923295019679,2.079460151989868,1.3904881458519125e-10
2.680246461192767,1.6822759706019523,2.8298695850719375,3.7577279253398096e-11
2.2317746909548277,4.612294124626752,2.1750514900397264,1.4521599667983052e-10
2.5671517846693046,3.3335304099346432,1.2867706184647072,3.449370932609818e-10
2.6578561460057837,4.509068548003862,3.1072791603276113,8.284073942246951e-11
1.772257549131989,2.01076120325874,1.9240989870327443,6.42419496213787e-11
2.242818605706277,4.208164995025714,4.122398908719992,3.706577481795037e-11
2.794093358537819,3.5675272741462836,3.6890852381395045,4.888290841868824e-11
3.7600581379249625,4.353713192448402,3.4231400224133743,9.323763518263867e-11
4.031808900104759,4.614253791254544,4.594641710987772,5.881448757060503e-11
4.170792938684733,3.735532999017188,2.564424559476635,1.5811663172263296e-10
4.999932689402016,1.8207605821595725,4.838498093048001,2.595267058900626e-11
3.7460766397672027,3.1484967796897902,4.345498064926096,4.168568978098511e-11
4.172348062000523,3.4703412154602225,4.1649000556915325,5.5709561840043064e-11
1.605144713722436,3.2135755258510645,3.2767834684962467,3.2062207356024725e-11
1.5759589711881739,2.287299961768723,1.437604363146412,1.1640602717829465e-10
3.522965600809423,1.5654166590195984,4.77384278394643,1.6150587738973714e-11
2.9039671213234928,1.4304189066372923,4.571565111124352,1.3265124176066249e-11
4.415252079944084,1.9890176622094486,1.8554253591929997,1.702524497288237e-10
1.3932664739147484,4.942568435855495,2.8004356900665583,5.860327309230205e-11
1.7874044081869767,2.7344953380532266,1.4044382067989094,1.653792214203011e-10
4.417935066732354,3.5976539451957903,1.1685179464699118,7.768803626183272e-10
4.451696525046977,3.4129406794573893,1.6691266704560475,3.639669081411701e-10
4.08168792639664,4.590558040380212,3.1622338337912197,1.2505570814414448e-10
2.72568771872515,2.9179496320093046,2.5382160916519334,8.239159389988642e-11
4.007226889126532,2.3968097214662887,3.4187701582590644,5.484333849293752e-11
4.153805048534885,4.66905936792633,4.274500230328947,7.084203343832057e-11
4.689476382816941,2.602533702173475,2.685092107352196,1.1297661064734193e-10
3.7308653461626444,3.3802829442028566,4.859846365423481,3.5637214498350444e-11
1.977155639171027,4.741227981717926,1.3353621842055454,3.5084860344058243e-10
1.0251068514309658,3.927135720658659,1.3775865797980624,1.4157724027835028e-10
1.8291635306864857,3.2541917974390686,1.3549345189749147,2.1639402644605076e-10
1.9872053385987685,2.716624271608558,1.7587660781895051,1.1647758639359085e-10
3.5303389623682233,2.7165477430032627,1.3778865865517105,3.371265882144642e-10
3.0034532288123903,2.9596773908080456,1.7846883689500248,1.8626303018703276e-10
4.093870439660346,2.985850143707575,1.7759087263254694,2.5867057072111626e-10
3.0126636084555827,3.208520588379015,2.1347130175695255,1.41567211359001e-10
4.45773190696873,4.140192353344414,3.2412364733403347,1.1724632326222927e-10
3.351046821092715,4.711096112892223,1.989051260075136,2.6631566425433725e-10
3.9999460015803017,1.7300657148519667,1.7188108937763613,1.563315865366364e-10
3.8968554559561617,3.4253579427272083,3.8059918385289144,6.149938249067404e-11
4.516631791002671,1.6401235027998342,2.635725817814823,7.116672491650041e-11
4.923725052987699,2.1060655325493483,4.867415849225592,2.9211574934717717e-11
2.790876568169738,3.677750468696283,2.5137009562917063,1.0841312684894186e-10
1.761738857602333,4.111855128067985,1.0822870656117698,4.127438435965737e-10
4.002033637451394,1.1009933383706678,4.980832045722674,1.185353354681035e-11
1.7011774765848746,4.206881516347788,3.2088803601954683,4.638622782075453e-11
4.5745910178931535,1.1644808970370075,2.215831008377689,7.240983743919095e-11
3.821006653085363,3.8768536905785735,4.079521895923609,5.94052558515888e-11
1.2539789974397757,3.642437771720005,4.007379604083185,1.898224781966911e-11
3.6515488128330564,3.170193310674918,3.4643128626800244,6.437464475616187e-11
1.3339056709660433,2.2575401010139533,3.0864490462929997,2.1097382237710584e-11
1.059253956623842,1.0852341818529583,2.09432501586293,1.7491280366867214e-11
3.8386466198883133,3.796815055364033,2.587934850818194,1.4523694345176666e-10
3.5380430270442376,3.2582114607230035,3.2861169078057313,7.124634007671368e-11
3.5325645878994836,1.6400563816149054,3.917445344725105,2.5195860767195283e-11
2.277135727816394,1.964322037849115,2.1017941709667474,6.757832797086323e-11
1.3750426126095117,3.9283360204626314,2.1095584872532225,8.100798831782457e-11
2.519275129191773,2.0693404506163593,3.445611759417179,2.930630511981077e-11
2.820889199198758,3.0588309470184227,4.362644496693495,3.0257152659554114e-11
1.5526490550082777,3.089872415334249,2.3292191761564918,5.901730027720758e-11
4.021918841796966,1.9091157094146247,1.8160320449314797,1.5538344326579362e-10
3.4890739030715987,3.063442265213905,2.0181080160147746,1.7515286912753443e-10
3.015172186816309,3.5022643776888107,3.821861886174223,4.8249994752013545e-11
2.4696061275891696,1.528062986791379,3.6261750957211265,1.9153917427730987e-11
2.626067079524021,4.500816552526568,4.7765523933181235,3.45743670358323e-11
1.6656325511523598,3.61235130715801,3.864631035867207,2.688681178040618e-11
3.9043043023184016,1.785531131338817,4.284115571247268,2.534982304135027e-11
1.0602155911713864,4.569674350282032,2.9689277069984352,3.6683130884643635e-11
4.198517247911883,2.374760398842645,2.531825341779615,1.038088684188064e-10
2.294825924161576,2.0572203922008114,1.1337837552613101,2.451073361076208e-10
1.259012378790636,1.187006136035293,3.897310720069534,6.566577924230552e-12
3.055530864168412,2.0141617393768345,2.742460431417527,5.461179844477326e-11
3.8613055305938704,3.1633404163448753,3.77552692759806,5.718882259808416e-11
4.833100820073432,1.406403673038339,1.0329137661098917,4.252006483136583e-10
1.6631802184037192,4.553883286033464,2.860786505696086,6.176415608073555e-11
4.856867708894212,3.2054917374418466,1.2723964151102751,6.417889934342222e-10
1.9665939207218526,1.5654562169375974,1.0725853102602847,1.7859863315476463e-10
3.243679036266765,2.6266118772862503,3.6936618237395518,4.167788947427997e-11
1.7211484760247622,3.1035499501809802,3.959412757430906,2.2740589696072128e-11
2.1352528145509186,1.137789234778884,4.120024833148247,9.552073559224264e-12
4.398302880923248,3.0734214113169243,3.9561922775991123,5.764195021626121e-11
1.93777189007577,1.7804368717586097,4.260386051380955,1.2685790219760442e-11
2.113186655826833,4.365916507740822,3.035263412956535,6.683542501748918e-11
1.3999286179381971,3.8679938490051096,2.2855508862619947,6.918247243877216e-11
3.5017291727152897,4.986141403753994,4.4593661501104345,5.859857856837829e-11
1.4381995559253538,4.894193263348897,4.889283900629599,1.9651511333137858e-11
1.5860726313772262,4.779974345138768,1.7020232779772666,1.7466417955806687e-10
1.880681240996569,3.1060389735308505,1.3597029901506055,2.1087261834007325e-10
4.519708633279672,3.2827402697663657,3.387764095954695,8.62793454360824e-11
1.4765162141246142,4.244844064693849,3.156829485060619,4.197434378223761e-11
1.6004475531871933,4.252518591938312,4.860034381075469,1.9230704167619424e-11
4.539726854061879,1.284406934320519,2.8766602719696053,4.702636558970611e-11
3.346256079369464,3.845363329007944,1.743660918819288,2.824611276068171e-10
1.9746057185171741,1.9150140855408764,3.1709957720062443,2.5098469522613387e-11
4.556451935241219,1.3105459042459402,1.7500780865387395,1.301218950257531e-10
3.805253577481622,4.22972774420905,3.1884134094179957,1.0566543986767284e-10
2.87561897607237,2.292680365384408,4.296476731975188,2.383615091857572e-11
3.543445150361255,3.0515840740531255,2.516584870118271,1.1394993823024635e-10
2.143074484202719,4.522992113881241,3.65446780854728,4.843965230237398e-11
4.064868948474002,3.4467866132017213,3.791698434369767,6.503985582273099e-11
2.0126806029746445,2.9477417566567232,3.1056966912084816,4.1051820216513524e-11
2.123271192462026,1.8352300114039606,2.2721551559617312,5.0373972878648115e-11
3.3327572756770736,3.1432020976785964,4.696357375420028,3.1698588041298424e-11
3.5393765949986173,2.3751170776335306,2.238333298401493,1.1198206925811495e-10
3.9632675887925934,2.361577489708186,4.439887425275254,3.168822268435666e-11
3.903931980748649,2.2360613888315504,2.952346147394389,6.684018098752531e-11
2.3078796862632354,4.381379290714015,2.7226998164424487,9.103548156020287e-11
1.6680626479838203,2.228667919467279,4.73416317007749,1.1070251221527454e-11
1.2177079205432197,2.476126549033717,4.735824059921455,8.972450080102138e-12
1.7413089648020725,4.765772739806695,1.4900198765745651,2.4946593094672727e-10
2.832547851203769,1.8053023421547647,4.1212074955379245,2.0093909462679556e-11
3.7859103302974213,2.6952595075058348,3.8316731920519373,4.638528095432528e-11
1.9218159351810136,3.1318247414002887,2.127135054478602,8.877799117260976e-11
3.906338660030647,2.872426328955752,1.8538683258118795,2.1789497966241784e-10
4.324008062388081,3.2409491677288464,2.302229669169244,1.7646054814225706e-10
3.4678772307455943,3.591256831234046,2.186010942001425,1.739368972676794e-10
1.735636376999163,1.0599508927953822,3.966405637904092,7.804344606328267e-12
3.8306951422137394,4.472117624528482,2.3893784099283955,2.0026596179134804e-10
4.1749355525315615,2.0684230627775393,4.911147733675717,2.389512752523481e-11
1.803961000203719,1.24673019341156,2.4323001071027037,2.537181325267237e-11
1.46048901653558,4.087645923026853,1.7119476419354953,1.359492484141166e-10
3.3964419627851465,2.3557063306593102,1.3669745153706332,2.8576610353325415e-10
4.726126659344674,3.9215717491103055,1.837371919273965,3.6640177981280553e-10
2.7416338646889895,2.94293185559179,1.815455716287771,1.6338212660139265e-10
3.3852037562037562,1.9795697298281736,1.6293578294627027,1.6846468606546833e-10
2.871719250440379,3.4333359941007493,1.3233814025157113,3.7572875541003564e-10
1.3944413855373439,4.805384942167546,1.2781016122223066,2.737687568123935e-10
2.8545281215268576,4.0787674445792375,3.8412403045742876,5.2663111891068025e-11
2.0530287876194317,4.7818411712847375,3.6159612359424975,5.011051385463517e-11
3.2724615728834077,4.098275557732153,3.6477551185657537,6.726831708701314e-11
1.7006460976247042,4.161223670103144,2.6686712783797546,6.631794286993754e-11
2.2814273667327156,2.670514794200504,2.1571384618565372,8.738397423271975e-11
3.28381855124105,3.3121112339191034,3.124276774026151,7.436545979092005e-11
3.9034539373944632,3.0181532456502573,1.098069614179816,6.521039044180102e-10
1.896800706196942,4.905754045526001,1.9669134828453476,1.6052517828824285e-10
2.5353970701466118,1.0747584309124507,1.0672321234263977,1.5967071469024835e-10
3.9578943145355248,1.973911180527948,4.8622260128593195,2.2055033290145618e-11
3.3267568563363037,2.17536105751746,2.292107985422612,9.19323716844531e-11
3.3461381823935947,2.8829508902695666,4.834575520781511,2.7545497524657643e-11
1.6868757858114507,4.489811752147972,4.381673063421308,2.6327977577880014e-11
3.9411832395932587,4.889427100553075,1.7521151118171447,4.189339283315744e-10
4.4696366620279,3.3697641080584644,2.0190688401620713,2.4657876340778663e-10
2.665011708984174,1.3950564157504122,4.583096661143925,1.1812968900529992e-11
4.819424779700359,2.1718365477473514,3.483471905911343,5.756836843979108e-11
2.127439540768778,1.5357465969228912,3.516597671535523,1.763265143354204e-11
4.696659006376102,3.734599511245946,1.670116736755947,4.196870917712684e-10
1.243156754195193,1.3775259444047414,1.3090342160332082,6.669755078975983e-11
4.851147860818693,4.8451789563288425,3.70523503636468,1.1426389193971938e-10
1.1893662908532279,3.08724330216168,1.2964586122964041,1.4579927714554209e-10
2.1585478245288066,1.7421076405603846,4.480008882994701,1.2504464929360504e-11
4.093459461006725,2.9382884832708767,4.156680757166241,4.645984826413635e-11
3.887573122885551,1.4660959479575375,3.5240537368564007,3.062965621457604e-11
2.5016901717925615,3.2677772346170753,4.365315769495123,2.863128493073009e-11
1.4249813683955197,4.982604212236139,4.68270640350919,2.161015693031887e-11
1.094115132018218,4.605406797317276,1.2105892855021883,2.2946876213607336e-10
1.2791248955616301,4.006224675073365,2.296002206436787,6.487686466592865e-11
3.4248693564546757,4.378633272270033,2.014387820857364,2.466508468568225e-10
2.0519679779989395,1.4791916793019841,2.15863544181291,4.3473302187511084e-11
1.3429300165033733,3.9539892665763863,4.083614919402276,2.1251300176056807e-11
2.855384378986521,1.8043015110401681,1.608613589185759,1.328790235362363e-10
4.923908325941426,1.6356942793256928,2.962542988545266,6.124476516297298e-11
3.5076204721557764,3.1511890930470754,3.040390534629311,7.980213665270956e-11
2.8864503149926106,3.5876320627826557,3.747492014792165,4.921265017224747e-11
1.217733451657765,3.245611388329666,2.833817467017412,3.284665973863155e-11
4.828066247150863,2.8134215962407865,4.553503117108232,4.372229632073141e-11
4.178707946298019,1.379108382752753,1.5178560897509024,1.6694192798672083e-10
4.986347426414348,2.6180408468555174,2.6415315194194995,1.2486294130419762e-10
2.937236992085257,2.8860628619646223,2.489825473536282,9.126266906018296e-11
4.202063787885598,4.74379407142032,4.388876080841941,6.90665930594898e-11
4.020255564839733,4.368585623515288,1.29326712692873,7.008163723876515e-10
3.2809116818123725,2.0447795877011017,3.3955322038943083,3.8833947196754325e-11
2.9673214452864465,4.741357091730119,2.916554118678515,1.1038584430922211e-10
4.259971062843293,2.5232403185680563,3.647517076328751,5.3920858647464235e-11
1.3773275471090285,3.5402398164017725,3.5493729116389674,2.583169219962547e-11
2.5576211325502696,4.1608836549534125,4.998330374191902,2.8428769996864737e-11
4.86092812198107,3.9356007431353603,3.7910466497883015,8.883787840932307e-11
4.8723440796176,2.3872515774169627,4.562276745007301,3.729572808457499e-11
3.171827938158528,3.8792066377647414,2.5657016470838845,1.2474594310653882e-10
3.639805762199997,3.675634721724233,2.276947196437282,1.7222287604780807e-10
3.7482620038947663,3.981821472365769,4.6040139747377005,4.6992079151541894e-11
4.822898136782788,3.133918093877013,1.168232553640181,7.39134247385176e-10
3.923274034279191,3.4531679695976014,3.2695436423664286,8.458206280916534e-11
1.402917702749022,4.815226656327189,1.82032466009003,1.360621806740691e-10
4.650004661557778,1.927975468027074,3.6254386664321094,4.5521856926800766e-11
3.982417851409164,3.1814594127726505,1.741860720008162,2.786971734541266e-10
2.0496746160759365,2.144102245441494,3.9991818200677467,1.8338943718480752e-11
2.9938555976226557,4.668810213285591,2.129622486520801,2.0569229514498085e-10
1.0503231394831758,2.852421871730929,4.492617200710027,9.906587106504395e-12
2.0283274640193496,4.449579352011183,4.730332082575625,2.6919064847168183e-11
4.110712555615264,4.149028014259635,4.365984414395546,5.97152585396879e-11
2.2008391834743373,3.316404374255213,3.381960794524765,4.258972675445113e-11
1.3007566092281606,4.064695940339815,4.093649516753823,2.1056636155059248e-11
3.3533528121782874,4.281988010703252,1.5230477971567664,4.131272407070629e-10
3.6467394006783107,1.853351185383819,1.0128552734988303,4.396973665731679e-10
1.2117918145069742,2.3629985701464284,4.95521504517331,7.783100932082277e-12
2.6011899641563767,1.011297235213588,2.9466463194907884,2.021999617824149e-11
1.539529493402307,1.0896775276682948,1.2452010690228148,7.220931754169966e-11
4.948939284491569,2.942273308224981,3.292055943154735,8.96699497837953e-11
4.672748023067601,2.5419558368175017,3.353429528096558,7.049335775374176e-11
2.7145093230519506,2.222480953540002,2.551117928601894,6.186635338219e-11
2.0233597926896616,1.3183187407752808,4.133104509780512,1.042142169994277e-11
2.481597249789943,4.602326390683967,1.273757493763425,4.698090867348493e-10
4.7768831354749555,2.965732516894703,3.335001006100117,8.501016502568078e-11
1.0810579139209282,4.636060206750974,1.2860494640355147,2.0224085124035395e-10
3.1890039056787782,1.6502308449749048,2.467620432597051,5.768052950124256e-11
2.146683398524306,1.1185736842504932,3.619124162142501,1.2235221393065366e-11
1.358757322393069,4.031621872292883,3.764105548585905,2.580383800283696e-11
1.7933712813056468,3.998468835861661,3.2275203120002494,4.594223937487149e-11
3.6320630273755685,3.5529398009070103,1.9685465020401507,2.222470836946357e-10
2.4111087606948676,3.8131228426291157,1.6250593113040073,2.3235143931151874e-10
4.967332238912459,1.9804485980253652,3.766304595670265,4.628519582643985e-11
1.5117107076005043,3.5438163483615965,2.735021823268689,4.779742570886119e-11
3.0817640528113213,1.7589008144489693,1.12750932502522,2.84568387258456e-10
1.3016347403557624,3.265929097175089,2.116145077250103,6.335650455522608e-11
2.113505815795488,4.917590072733781,3.6557233791046744,5.1903341776173786e-11
3.5408049835866953,2.928677700359587,3.210413197786453,6.714874905288982e-11
4.776851644794334,4.0589648242472105,4.45239790304645,6.527626614453232e-11
1.1043429517477148,2.456781513981114,2.7238499904777473,2.4405647219240173e-11
3.655918001313039,4.907771068935917,4.236177875184589,6.672960737384413e-11
1.3319654949377853,1.187728477107878,1.0870986994096792,8.93425602523108e-11
3.242815511689933,1.1359917212830535,2.4845319778162973,3.982854386318935e-11
4.648256930016782,3.540068685858493,4.540957349350667,5.3259019960853266e-11
4.287254088995084,4.377626911685837,3.617076060718824,9.573900034532888e-11
3.0908728578300013,2.653570340965433,4.198541634786175,3.105281808779576e-11
3.131769523530507,2.837666307172231,4.286127356763071,3.2285474727453977e-11
4.888672918065016,2.0682137048823437,1.3898820867039374,3.493145534760213e-10
4.64490878994927,1.0845123536952448,4.471363728762013,1.6815814079710846e-11
2.5261502327791283,1.850228584882951,4.787634154589339,1.3609082612507524e-11
2.0862825847441946,2.1347831927700924,4.889144161152991,1.2435046795736259e-11
3.914564947316162,1.1624548786377162,3.696168132496193,2.2230148973077484e-11
2.993371777868206,4.717869363270127,4.062007277754963,5.712304881501108e-11
2.182945997006547,2.2400654548828247,3.880925099805314,2.1668027630740225e-11
2.0444285638590673,2.1535642480032395,4.877630826822067,1.2350886240245124e-11
3.5734860558612556,1.528496641121596,1.640926588273806,1.3538310760081366e-10
1.4473214938292474,4.470310304323807,1.6811895841918543,1.527761295105457e-10
1.1606251567022996,4.448240688362333,1.072665453482533,2.994593465862133e-10
3.004010236011124,3.2917125187724636,2.506698236534158,1.0502807331248709e-10
4.477104102791227,4.870561503058076,1.2150772008365065,9.857225295593862e-10
1.2843089272028645,3.600817644983621,1.5106391365006475,1.3524940649138414e-10
3.8424703906971414,3.803925412866772,2.6170555379246783,1.42430449989494e-10
2.7377885621419447,1.5981901499276554,1.4026363989394484,1.4843090901023636e-10
3.1333599547191735,4.941536910309005,2.6760468145771084,1.4430159161810345e-10
4.761684762960988,1.549627572150397,1.1894579419274058,3.480775368677384e-10
4.394348861688798,4.11736213458698,3.7541068072919446,8.56813995093586e-11
4.433273237265185,2.3771292582660046,3.650828056753568,5.276922793054313e-11
4.323213886769526,4.52476781996206,4.071664594053173,7.874903357490357e-11
2.486206077723424,2.0563032516869044,3.1249568212497776,3.4939963468877077e-11
4.483196747912282,3.5954039146386765,4.463495078811049,5.399724065715304e-11
3.837463884130055,3.4458083295226047,3.5508331813848497,6.999404314068566e-11
2.4199049233048084,1.5312630534356866,3.5426197845904652,1.9705398497793242e-11
1.243201249981241,2.650472235980215,2.251716934749485,4.3373384435569e-11
3.705173367686805,4.736248516846478,2.374690723255053,2.0768977076818037e-10
1.4483774916084844,4.173412901553435,4.415744733632909,2.0689567128909808e-11
4.108542546909689,1.4394782230190328,4.256265934387511,2.1788211375580108e-11
1.9993506532929595,3.5264662002390224,4.8669158934462216,1.986585286696126e-11
3.0664119144551214,4.286222552561039,1.1884916023058953,6.210108360001897e-10
4.364513166081857,1.365527234363931,4.609258517437423,1.8722344952268956e-11
2.7299273571473486,3.0940688462452828,4.8628867407971885,2.383850175013936e-11
3.6984983819209325,3.5578356976860475,2.60746501110175,1.2916966842684073e-10
4.373285978231452,2.204108734786934,2.4384566322672905,1.0819246694509988e-10
3.62161431132456,2.426692038496011,2.5114809964092157,9.299150416576187e-11
1.4241549078026354,1.8216873228428923,3.744109153786681,1.2351516029903712e-11
3.048339691173825,2.8367556600667934,4.586504955314762,2.7435176540780646e-11
3.0402218647670343,1.3501160061835074,3.6271189856470882,2.0822792011942716e-11
1.4813287741403567,4.49223714747924,4.780145983972314,1.9436497911301837e-11
1.6556436614582828,4.452941202325373,3.4153678641173437,4.218179515012307e-11
3.263740960697338,3.202567808097034,2.917647132155371,8.194730700256475e-11
3.4036298419668065,1.699207183627692,1.2108581507167289,2.632620880156303e-10
3.248174081089383,1.3613957115672783,3.5358676276032477,2.360575423212976e-11
2.6732043585739476,4.17211970421917,2.4588467873977353,1.2311534505518257e-10
3.8053494317764565,2.591060024734775,4.0803258799557796,3.952469426072561e-11
4.036004011613333,1.9761092575056827,4.495222321778903,2.634185731264473e-11
3.136979040735384,1.0855542255104824,4.845932529075846,9.678200508552869e-12
2.359438542868235,4.494869665472043,4.843792321593657,3.016761287792096e-11
2.53712051484043,1.2668808303834735,4.135750403571569,1.2541642655958057e-11
2.0909130508903075,3.831956482199407,1.1393947041443688,4.1190242704520307e-10
2.2711246081220224,3.59347764146884,2.472617913322965,8.90898217187266e-11
4.608273858764172,4.9759664335344596,3.9059175775578163,1.0031266662435961e-10
2.2978662306603064,4.911879756224497,2.5820160914504764,1.1299020139832387e-10
2.469080649711657,4.081641121373463,4.691117210420932,3.0563545056224074e-11
4.384259205668691,1.626927524821376,1.0411567505944603,4.391555674577919e-10
2.7711718071028595,1.209272843505608,3.421079685860719,1.910942300725738e-11
3.4626018336008113,4.897875170834329,1.0570354213719049,1.0130185258405268e-09
4.190412662122297,1.9111952963990757,1.522083477915098,2.3071249728023143e-10
3.271523808780912,3.592626912874011,1.0945899264604182,6.547047811902056e-10
2.1375585688938807,4.098824799147712,4.143786217187063,3.405406005357403e-11
1.2910648764831216,3.7694887264557457,3.3800554236096,2.8429490349512213e-11
3.823383554445879,1.8144241734669997,3.910360529145812,3.027884413666357e-11
1.982325750321356,2.702766584814515,3.4921294525050137,2.932169666833268e-11
4.342220218792869,1.0634104068432784,1.8240583179321956,9.262356980742866e-11
1.6592649297711666,3.6963653862352084,2.0129284762513406,1.0102297263695817e-10
1.7943229030055048,2.4883018756289763,3.5316519444674297,2.3890986230228325e-11
1.463829468996534,4.8458222829537085,2.390511158120465,8.284429767489618e-11
1.5811875377416134,4.417036789092258,4.420946864129686,2.3848991090826127e-11
3.0193086241853644,2.9042423109275894,2.268713317285232,1.1370179406575966e-10
4.526631309428822,4.4734605745738385,1.341716070551787,7.507298706232641e-10
4.591587189670987,2.285233177416005,3.6435138848228723,5.275197217134287e-11
1.72809450091939,3.0721134667276133,4.428671777182874,1.8065249063063952e-11
4.312192360105351,4.723779208776888,2.6269931745056723,1.9699537482493026e-10
3.897256540971192,1.2575234616723696,1.8616688661926712,9.437488201820548e-11
1.4253163545494703,1.3675075060877955,1.2612089239266706,8.178113233858169e-11
3.899386929185645,1.4072620139900565,2.44661939072505,6.118214120970106e-11
2.7717093698276685,2.586800317456351,4.126879970809091,2.809655819292894e-11
4.535901646894269,1.1056760994976367,4.053685536725702,2.0369372131819298e-11
3.9152092148908446,3.6514876088260326,2.6857304506494835,1.322775557414433e-10
3.451483143028219,4.753413127329084,1.5444753387160133,4.590241804899946e-10
4.89567819065781,1.9055115689576105,3.5264430685681285,5.006530897985229e-11
1.0717544544239663,2.6622367286630757,2.4264602722799853,3.2343111651827125e-11
3.598207596597886,1.1120785121475416,3.34444867639189,2.3875847501457046e-11
4.220727483658805,3.594155836057203,1.2268792097616612,6.726153956675425e-10
2.7903093150997025,2.4979060046106456,2.994074128048555,5.189070201830793e-11
2.6807111718377166,4.215525610131566,2.300147374529384,1.4255308908820197e-10
3.6853220530442514,2.482867861229911,1.3929860435787078,3.147181029799867e-10
3.2573551732003723,1.373010898903988,4.506808781011575,1.4695590403593327e-11
1.2353186837365855,1.4246016549536091,1.9267734244830734,3.1637150590719224e-11
2.199162881188758,3.3536234135381267,4.523672753685199,2.4053347834706657e-11
3.3262135712205954,2.806499739926788,2.387460192934048,1.0930223979653818e-10
4.311495514031087,3.6680641790856496,2.819694620172301,1.3275378590826209e-10
4.9362699933613,1.9928432543364254,3.781409187901027,4.591460990040961e-11
2.790337618326482,3.051642464549398,2.802108630467159,7.237801539363438e-11
3.4167080527086977,2.2626082415336173,2.80752057191061,6.545721806905858e-11
3.7869226148177293,4.110490326174329,2.966049485509904,1.180890090504044e-10
2.0823856053284975,4.205754153170544,1.561010106221282,2.398721392263157e-10
2.049232546000946,1.0886871431558363,4.468114796851291,7.458163431259655e-12
3.086135940785361,4.868760433040286,2.0730577615817247,2.3334411604620483e-10
2.308701857457032,2.269362231723413,4.954195100159682,1.4246614292461095e-11
4.151399279075068,1.9352507993622674,2.762974404783972,7.023672285844171e-11
2.7903305515010093,4.124197870038957,3.161035815096967,7.686391784017274e-11
2.50085466642563,2.0265674850388877,1.904775186391244,9.32284099201609e-11
4.254191457349358,3.1285325119516547,3.004166477287963,9.842284505416263e-11
4.6623364207101226,1.719771805773378,4.382968282824833,2.7856335153657948e-11
4.796798067222039,4.389979601227108,2.252142102443209,2.770821581617206e-10
4.980769248916637,4.7703729169250835,4.731234360064029,7.084122013038082e-11
4.953825939155481,2.548969894516592,1.31813597423859,4.8503293083433e-10
2.6606965414474066,4.234511770733748,3.0239884437681352,8.222892970380868e-11
2.7086754159464372,3.943841034953687,3.993271403176909,4.4710025101954904e-11
2.7677918737015643,4.2179326433619195,4.360856694633613,4.0970912998762194e-11
4.463144138643697,1.9022315851396687,4.435670285581892,2.879864077585185e-11
1.3012902975210112,4.67753481432418,3.1926307610077673,3.985474502858877e-11
3.0936626064063386,4.710459264362906,4.371013773840273,5.0904719960673964e-11
2.4525856082940045,2.866825476685029,2.842926159477685,5.806046017667502e-11
2.4767165050394517,4.5045989783259905,1.1745614821917316,5.397182768277166e-10
3.9981756701231825,3.95025706865849,4.929678306451271,4.3374679016174296e-11
1.8708545386661872,1.5693827898614567,1.1480619836260426,1.4867037524812906e-10
1.772697531288344,4.058294034420236,4.4709583276405915,2.4019452724637615e-11
1.549057539856701,3.3779659312512598,3.2206661578854345,3.366802165013028e-11
4.635514908009567,3.0714712321180637,3.0165033687108953,1.0442945395087488e-10
2.3473639045779153,1.8970217312277344,3.1023578702150503,3.087842513176835e-11
4.505729107676282,4.2889237225183665,2.546625754876976,1.9887003426839843e-10
3.9151623827260544,4.137378502514342,1.744494588434105,3.5524009867549094e-10
4.098903696601123,4.2918393980285074,3.2211981325670993,1.1315206963060718e-10
4.607470232295297,2.121570522902367,1.4189946268588294,3.239997768512672e-10
4.911050260210546,1.5942109455442495,1.4051500669538948,2.6464332891213975e-10
2.4541738128833264,4.598073477616202,2.594023455061383,1.1192307402622052e-10
1.098001691829234,4.976418001443571,3.017872966024152,4.0040929879625574e-11
3.2345760911224115,4.263195390227407,1.7550709242340523,2.9877858705721843e-10
2.430769187839256,3.528211623081977,4.762525650976725,2.5235382723808415e-11
4.524794756904426,4.089743561490348,3.335279484066858,1.1102395653817882e-10
1.8186228989784334,3.5510498582352406,2.0747285264567576,1.0012973594311034e-10
4.2993329590444525,4.278859211877194,1.2977909842152098,7.289634842485162e-10
1.779986123019285,3.0183386135062977,4.193925203284514,2.0385877819401543e-11
2.7492625731286613,2.0953029457979575,3.0598596207792528,4.106258072858659e-11
1.1113715208140555,3.4101180433515834,3.633074936833115,1.916311769590305e-11
4.718405304869945,2.4511338972179044,2.5915964569606165,1.1492479207193588e-10
2.352170239690546,3.1995580269869444,4.6074349341595,2.3660641886370485e-11
3.623331571357285,3.5285634355482074,3.879342558135757,5.669907166520373e-11
1.3918952482670193,4.3827957722379,1.493775355896791,1.8246241055016927e-10
1.3377819858693245,4.782281719878066,2.8518552524009535,5.249908625672964e-11
2.8947692985010347,1.9381577030658326,2.835406174638369,4.657562702237612e-11
1.9771387411675394,1.6753877722808457,2.131322351594553,4.866765388425518e-11
3.6850274816437016,1.6566775012987391,1.9734376075877713,1.0462081699211266e-10
1.8059268990239632,3.7845952502127127,4.193281553748038,2.5941659925852074e-11
4.897265790870206,3.2634644814825604,2.183778392738079,2.2366685892710162e-10
3.1577468469218024,1.9137735540989143,4.181839827486868,2.3063184453976587e-11
2.0513006404122285,1.136788570000872,2.801524968435035,1.982924694413702e-11
4.484402124293798,1.1563174709945936,2.882164851060578,4.1661049328146135e-11
1.373799060223218,2.894466353268353,1.8782217286053697,7.522881169479014e-11
2.9509960098818087,1.1394130429898879,1.7050842865591425,7.71870258145699e-11
1.314762485540736,4.665448017470137,3.298159759465665,3.763426890806132e-11
4.657179566942737,3.3850917693899083,2.5908573373766077,1.5674461631150112e-10
4.728564914012372,4.6997436800921495,3.8990475491709224,9.756019671850758e-11
4.176438089572479,2.735536058858622,2.1362111397483456,1.6708841648456008e-10
4.898277126167937,4.067534061792191,2.116986716953706,2.967047416861681e-10
2.635460263450573,3.1666305275909914,2.984470363105919,6.253246200722183e-11
1.471258924640773,3.067269480158672,4.651782082512046,1.391837465985333e-11
1.7801375773734587,2.990377224195439,3.271028199300828,3.320451722425878e-11
1.496941092192003,4.996542579135152,1.0933123877750521,4.176110364274111e-10
3.9839107362030775,2.2371204295603286,2.131123156091247,1.309688666020584e-10
3.7015258694698723,3.906939661252697,2.157569130596957,2.073357803654567e-10
1.040862422388109,1.2236363548286207,3.050013450108351,9.137521137940063e-12
2.402411067459777,3.3352495901475363,1.1268971518294224,4.211078130732125e-10
3.3447973383393377,3.8085091484018885,1.0598564570740416,7.568623716799809e-10
1.3157619002782628,1.4827383267395224,3.8195771487055885,8.924778568824256e-12
3.3869754378971932,1.3458009226347403,1.9266019474058367,8.195870380824606e-11
2.7396579439068547,2.575179007930483,4.189544192049367,2.6826030694245045e-11
4.2182353291129076,3.4917410627608705,4.69716442781894,4.455408312210115e-11
3.4194032777403405,4.28397239482816,2.6497001098030153,1.392482488016056e-10
4.645688123809565,2.8026294997691337,2.358872931981684,1.5616828776810724e-10
2.672703597960069,4.463112330380891,3.136403235723006,8.09302779073914e-11
3.649632756636981,4.397353956702565,4.090439529877701,6.40157502147634e-11
3.4868813475513916,2.2527234503672,4.694798404526965,2.3784682312725517e-11
1.5470922055908827,3.5679986382160163,2.4267374364179246,6.25578047982598e-11
2.7847954394585908,1.1891047938885992,1.9908590826742132,5.575946391900517e-11
2.3025172855831824,3.073255775908738,2.5792982606276142,7.098795699505227e-11
2.5968063839011104,4.555473716707237,1.636168312772678,2.9491941423563903e-10
2.783823927903197,1.0379139456143753,2.166020472513021,4.11021177193603e-11
4.990155854389448,1.7452934705091687,2.6574954901340355,8.230452327619032e-11
4.9140909850996355,3.6489377511831633,2.952892999550587,1.3724623189166076e-10
3.7516461955818605,1.9908006495170572,2.40637866853961,8.608112075062893e-11
4.159600935312863,2.062995635787237,4.040353488769691,3.508305891172203e-11
4.750180826602873,4.361617504003235,2.460250263766153,2.284469413256287e-10
4.155385926304481,1.906131253221524,3.0106717288467952,5.832081175334698e-11
2.2771523623896086,2.3274377363718,3.1422819064375522,3.58233399460952e-11
3.892800811240126,2.4637513608907367,2.9325239470465068,7.443241790138997e-11
3.392729101294033,3.714485147529158,3.1794886234490205,8.31992596467983e-11
3.2847530349369216,1.807036274616621,4.671266019718009,1.8154596262150826e-11
3.0471821468971623,4.053409302145787,2.486774233929833,1.3330067836538065e-10
3.2755194237997127,3.3290940063717662,2.020691740813545,1.782347197395924e-10
4.484582440164702,2.243822041714528,1.5496134180016026,2.7967257932692644e-10
2.830072910386846,3.8655167908370935,4.460170732880194,3.670188951447708e-11
3.150642190563572,2.4964602439519585,1.6322801463385326,1.9702464083725058e-10
1.2017494103772957,1.5076919169794687,3.1376519311699465,1.2282964531960786e-11
1.546166355406255,1.3249464592455178,3.6614559896173535,1.0198425163187836e-11
3.516762663155489,1.3863863957275484,3.2911206142376352,3.00418001581084e-11
3.2279223416834832,2.444239606323555,3.0666511584337925,5.5991783913288525e-11
2.010969933702829,4.961668582057009,3.30058347955032,6.112770468642193e-11
3.8993105898790663,2.9867246036144435,3.328169450203096,7.017111080162569e-11
4.990628122807406,4.495172967631971,2.9050638619034035,1.7740932825343972e-10
1.8168147819297111,3.954326124998767,4.797854347738069,2.082932622313591e-11
1.7407862334746,2.3337195804837862,4.2627815364381245,1.492087059473302e-11
3.020881396690343,3.9945531049858594,3.608307997595483,6.185586355828355e-11
3.8404433169071823,4.842832644500378,2.9053339536219984,1.4705334369071817e-10
1.0072297378962802,4.953164759282442,1.8483341262702475,9.74622766785214e-11
1.1960106092729408,2.612638144958487,4.791902975364314,9.082062069487583e-12
1.6617038531131856,4.754376524267288,2.1699818443284644,1.119750336379247e-10
1.159649118184976,2.470489186567334,3.355820030505522,1.697846554931309e-11
3.364495070720944,4.79134376551422,3.573245073911334,8.42631757014129e-11
3.1499148865094413,4.925058503944552,3.4374515746266328,8.762403286963619e-11
2.529923589537686,2.5969516856093797,2.6442126491957025,6.271403151741307e-11
4.995684514477064,1.433727149730959,1.9651469902333094,1.237820396823341e-10
4.649415031374769,4.511842215148141,4.196381491597732,7.950391137987857e-11
4.274049132024233,2.030320914799517,4.248196621065178,3.209084720002292e-11
4.020225153618241,4.29666840787797,4.105829379617827,6.838590859046021e-11
4.399588274634397,2.4747027986127828,1.7691343462680358,2.3216655632215434e-10
3.527067520434873,3.980900950604903,4.893655117474015,3.9130430866892954e-11
3.831510717371499,3.9304911656025707,1.0396624521356665,9.29861683889183e-10
3.426357750833308,3.3564826265837833,4.380169618426654,4.000566142812501e-11
3.1355886774596105,3.773914194732498,1.8156544416324198,2.395691647408928e-10
1.497604055009106,1.8291674566438858,3.5312919495038484,1.466119692336568e-11
3.5462157326394688,3.0977477185068563,2.8899211287010433,8.778603217642324e-11
4.704590225904432,3.6847302662101327,4.565285715563394,5.551083759478049e-11
4.993333931534335,4.492218060100544,4.868247410829173,6.316730661054815e-11
1.7336869927042464,1.0755297917070936,3.057975201437194,1.3307957934331858e-11
3.8348700057470504,2.2568908571659443,1.1886228178512814,4.0884555472348214e-10
4.824139560082265,1.8968524115238448,2.406591084253165,1.0544718727374549e-10
1.462818958108973,1.5507029190093586,1.5275333754727525,6.488196148317354e-11
4.719259974266975,2.276644974027093,2.0906164937947063,1.6406149728205673e-10
4.58000690482918,1.9298455334593627,4.677587099487939,2.6960697150466682e-11
2.470795837126011,4.78694027450465,3.3510599952666342,7.02937424309359e-11
2.5794243350879795,3.7201945296123284,1.93159740257656,1.716490560502388e-10
2.51274642904506,2.563005688347175,3.981280786176781,2.7116823908614244e-11
3.549307396593911,2.661285794229091,4.378220597214448,3.288713587655098e-11
3.974773713573833,3.2501397507272243,4.785325737908,3.76510971004494e-11
2.575693595564571,3.266337183844646,4.351394757657294,2.9654079461005144e-11
4.616957956914975,4.793142455062426,3.3715943210000923,1.2992473254046996e-10
4.9445696699556745,2.6194390517241364,2.394581381207825,1.5075224834777532e-10
1.891205368490076,3.169868804340228,3.763500053047668,2.824765037116333e-11
1.0775170023459837,2.3367484589466083,2.4380461611868856,2.827082294278638e-11
1.2061251154579216,3.0904476161537873,1.8921746485166784,6.948283195335893e-11
1.71982660170185,2.285689079772703,3.780727686307045,1.835427450102803e-11
3.6922806924267606,3.9904663110004686,4.861946034160323,4.1599134245210476e-11
2.2327984270309735,3.3922761411871454,2.208578050543372,1.0363379792652532e-10
4.39994652226858,4.919149211263651,2.645101662267634,2.064613960241182e-10
2.450676777526778,2.2144185699451326,2.3000512038608085,6.846316047997559e-11
4.398319168288239,3.6321763525329787,4.993830295575575,4.2753562686033326e-11
2.1039005358393723,3.992020873205939,3.029796240493781,6.106289146290521e-11
2.682444424282091,1.5122886276825378,3.131814851749949,2.7603201956097645e-11
1.4643657555067295,3.620580554429455,3.175933449425761,3.508093778421355e-11
3.832164943127541,3.4025290707404303,1.8716113585392589,2.4842820188999426e-10
1.866695222023747,4.581788986929428,3.011481915641385,6.294107891078865e-11
2.3173401740957997,2.425207725530032,1.3959740612358642,1.9247318754819135e-10
1.1875877708175846,4.8112955002736655,1.9767594035758553,9.759022593760762e-11
2.4059282840183753,1.69511297330267,1.7060130791351371,9.351963756138848e-11
2.6835946908264865,2.62599049381993,4.701554098585284,2.1277147316981208e-11
4.398229457092057,4.293203698972118,4.670653326651349,5.776839652903664e-11
2.3790994505875847,4.99935966721544,4.122231974434893,4.671413655812244e-11
4.092546718980101,1.6179575167477789,2.7203707036011058,5.971601024197706e-11
2.4872517076490968,2.82984837448824,1.6072588534922905,1.8184336227701064e-10
1.9054170164122852,2.2073506841471096,4.816929351689499,1.2097817361493192e-11
4.9798079327881535,4.337162206144713,1.6443573667383862,5.331041251560947e-10
1.1773749150901174,1.9104469791173257,1.4050875700303287,7.60377375677741e-11
2.1902675022459976,2.134605280561652,3.6428172825935734,2.3513981086475124e-11
3.717417568368629,2.9087480372984,2.7570949654622217,9.493584104598366e-11
1.7019163458941118,2.1303566181128812,3.6419585694802334,1.8243439444093824e-11
1.1972127758389024,2.1316056100146494,4.278266814112319,9.305263332058062e-12
2.7274342933799276,1.6160593381598893,2.960305351942743,3.3567947056475134e-11
4.480537256311624,2.546408715304779,2.37102235972112,1.3544815949198887e-10
3.479354012339128,3.64338630366879,1.8174073747044774,2.561447569293523e-10
3.977830555580554,3.359079688824651,1.0061484940450467,8.809040885445715e-10
4.419048030574,1.1666690708776422,3.740953161850369,2.458657688574017e-11
4.357141530429022,4.49598441301983,2.8591126033317895,1.5993744225292903e-10
4.229106614457589,3.7087624897243723,3.678433502128011,7.736384375492617e-11
3.3656347775784634,3.6643647870398897,3.7497550450489086,5.853910710372647e-11
1.173975523064454,2.3479426295174424,3.439782063371384,1.5547868912723422e-11
3.2279811670671905,3.0569215930316167,2.270842290249252,1.2771077697966875e-10
3.373324141903823,1.9055463494860367,1.659652231048149,1.557505558880099e-10
1.6329364846387748,2.7095892527609897,1.5988052196026925,1.1552283577060874e-10
1.2925534184804022,2.81568154705942,2.3382768600936314,4.4424891304016185e-11
2.7675276851008466,2.3077545897391336,4.85891478292902,1.8054656704562778e-11
1.876060310262245,1.2253972930172954,1.954871424066214,4.014888772007204e-11
2.3548494098932937,1.8667792396770069,3.3709323456382942,2.581916730949668e-11
4.438633996073311,2.4940339914373157,1.4367137053565524,3.579294526771273e-10
3.6080350150590283,1.4129876592871917,4.528302019907023,1.6592985932972116e-11
4.509886950137606,4.117006483120403,4.570874866843252,5.931093144891591e-11
1.8178312113065829,2.9501723746053043,4.746532890007906,1.588671706158812e-11
3.582441640112968,3.2922159639382347,3.5425737421937273,6.272141456085926e-11
2.2377105024997177,2.301157957611884,1.5006193242973849,1.5261438247940846e-10
2.6268814062673664,1.3075881475580613,2.364961458541647,4.098731874546837e-11
2.6703551969637878,3.513531994859274,3.9902759914899613,3.932722270270569e-11
4.744609014959071,4.947867337618325,3.3846510440159134,1.3676560131648625e-10
2.1880600441222513,4.8448699450943575,3.0150971805172233,7.782603986607515e-11
1.1664908077924623,3.9462353529217062,2.2838826025651073,5.889832626846137e-11
3.9693631681825594,2.7587328074104005,3.7282190524505348,5.257918311088269e-11
2.252059034907281,1.3814473288246774,2.188606456075927,4.334758951726677e-11
2.429305528456242,3.1674600905525874,4.596766454741832,2.4303824119856703e-11
3.919345883297468,4.746815676052008,3.86862912796606,8.296367226000093e-11
3.0034841485676123,1.6740482330826576,2.069945706218452,7.831800297191533e-11
1.1779367244626777,1.4616515335122955,1.305188508833436,6.745366133348629e-11
1.6474606736432658,1.773643112971496,3.1483070956171257,1.9674935587832077e-11
4.180580044224767,1.4627636745412826,3.168222682209245,4.0659825877381655e-11
1.661106167342067,2.6973106106713436,3.6529661975624044,2.2409039739467034e-11
2.6941632636171153,3.172550070525603,1.4197838524623623,2.829919829391485e-10
3.4004217824111667,4.851902891076206,4.712169014730861,4.9589459356088954e-11
4.289215770324137,3.9418132830771415,4.836880475557894,4.823135174903774e-11
2.9712368144516326,2.705072891454091,2.240822021127817,1.0682864365997844e-10
1.8499218585160095,2.7478642250080676,4.472823509267154,1.6957871203549e-11
2.577926689659182,1.6788321260498074,4.203679424138093,1.6345750231092875e-11
3.197375814173956,3.409949928786621,2.8600255279639093,8.895862685649954e-11
4.991780344560393,2.7076082723583417,3.616551100837618,6.896651635314994e-11
2.641444327557443,2.078576676471595,2.7173174946117773,4.96264196944756e-11
3.8307452992015936,4.824252499705999,1.977028776032164,3.1555388322105136e-10
2.5822984861329066,3.810688630825006,1.6733694032292634,2.3453759069736683e-10
3.1147407021253914,1.6898491673141982,3.19541751943156,3.4403356718551006e-11
2.7869558380402197,1.6059025597897998,4.166046646420879,1.7210251739977424e-11
3.5445313247952837,4.107414988713634,1.2184048251908544,6.54531246720732e-10
1.2101923979983709,3.6632240383479195,1.7095070489475508,1.0124237195034144e-10
4.248803307831825,4.598850251250352,3.6409039811406623,9.837475087072082e-11
1.9522622307442092,1.5464129482947593,1.7211446634232002,6.801662570408167e-11
1.2440160143429004,1.3433914051339544,4.432005639626844,5.67824503886982e-12
3.930396692474816,1.4665210515343583,1.9312532050927471,1.0314126520716552e-10
1.6091428775516792,4.672059858937539,4.811651446297541,2.167209463880545e-11
4.322243667819879,2.6374269414287683,3.048196978767466,8.188226183248492e-11
1.15611912098491,1.1190531899495109,2.2733936133043406,1.6706683481977914e-11
3.707830165633324,2.779632992075726,1.3960883859864213,3.529130069822175e-10
2.8016690583404924,1.9967136245395092,1.1411775798484545,2.8668987551552706e-10
2.6307782088554172,2.9355373075513804,1.9295584725911876,1.3843380457265288e-10
2.2062306713473725,3.6867753791966895,3.1502672333961836,5.4700211647697155e-11
1.1285623925646058,2.8470244848903206,1.9109285597076093,5.872378988999277e-11
2.4922142256781394,4.615414867024573,3.5070211072342445,6.241738333668344e-11
3.3752698703162265,2.11600317118002,2.986047777501167,5.345859182837377e-11
4.8771542475621175,4.52848034734504,1.0265113452435402,1.3988710208654683e-09
2.8520741571482087,4.137185136268503,4.406468170060677,4.0557455167813786e-11
1.4954663065754503,4.319008694854477,4.7607460618244986,1.9019402953116977e-11
1.0773371674167738,4.118148218777684,3.497135853261716,2.4211116164780518e-11
1.0830036571216026,3.198585159651115,1.3295439830114573,1.307882189211837e-10
2.38476021604327,3.7157115944292447,4.289880805148842,3.213530801973987e-11
2.0473783623840354,3.7091804489219933,4.73264599539818,2.2628420106360133e-11
3.4310164129935217,3.6508434937286887,1.693085240792397,2.916383053905309e-10
2.146821095167732,2.1928237830019617,4.366441742063638,1.6478984646101402e-11
3.576215832251721,2.104109961040765,1.6722989164512385,1.7957692865631728e-10
2.0420269770400776,4.255630730460709,3.4371917140529726,4.909125123358392e-11
1.0044600434235882,2.5811238001831147,2.5968203313300133,2.565924643716331e-11
3.434916199188231,3.826333452875318,4.778920017726936,3.840834899375422e-11
2.4598786020434624,3.0028359554607524,2.5447085577595216,7.612992180934231e-11
3.4146997919022035,2.2372403797594878,1.4193519957116796,2.5308776708334787e-10
3.001133224547451,3.2285759938334033,4.328444270166667,3.45158704194868e-11
4.7596544462431485,3.8227372849087304,4.759269372036804,5.361119723816748e-11
3.510903023327869,3.79402619552321,3.6406119145189044,6.707436796497012e-11
3.939191272455203,1.6940465141691905,3.086088119601033,4.6762956067392455e-11
3.1496828221331055,2.8719482068507043,4.59140016611188,2.86377792125654e-11
3.035014466979072,3.45075999740922,4.691438366209534,3.1757747577651946e-11
1.4742123293841667,1.2207271308047027,1.5862531469430738,4.773312248785292e-11
4.889276434355956,3.106734195469641,2.069147639163586,2.367837710028423e-10
2.6897532620673195,1.221687614855782,4.963507924166732,8.901872654906402e-12
1.9806382565234881,2.800237830784676,4.383007830495975,1.9268228640170418e-11
1.8114185049468259,4.058546075769055,3.4430817967610765,4.138860631405804e-11
4.115806785050877,1.9923240338993788,2.09908148917361,1.2420599477681033e-10
4.123111060540267,1.5509146748069673,1.7003132455195726,1.4761866205455586e-10
4.6301623978998965,1.3562855090811357,3.5242250122860224,3.3744755777590595e-11
1.566472474974193,4.995391904433591,4.395366815916441,2.7032629123011126e-11
2.0169603086222927,3.8734502547534526,1.9511799055298145,1.3695784305365464e-10
1.730965893371108,1.82885194151631,3.34422779189033,1.889128749243812e-11
3.985894302492172,2.991257911170303,1.363884669098172,4.277702180865907e-10
3.2691354222168747,3.0031812133296065,4.8179463041092045,2.8227781120348922e-11
2.645185303326449,4.634986343375221,2.4372797021274755,1.3774632437392326e-10
1.0145961905599226,3.6481609670976147,2.3902517611687015,4.323805288051859e-11
1.2564216625215643,3.3099754595925535,1.0118276469369487,2.7110236628300574e-10
2.4760115965642386,1.3023043748034158,2.867513922949016,2.6172204537846048e-11
4.48146272022791,4.526266517365052,4.987626816318048,5.4419959023873816e-11
4.245810002298079,3.5578655825888905,2.2949199651941834,1.91426124060817e-10
2.305771132146399,3.270613294572678,3.2984184601658666,4.6261540741479274e-11
3.911526660306013,1.2511692536385755,3.975917120920742,2.066207410285641e-11
3.1986253823582347,1.3498399084194816,3.6245273164827707,2.193456829200723e-11
3.2964868187539604,4.860133182080078,1.1572090009189813,7.984764472928825e-10
4.460311595462695,3.764648576512955,1.4371343262637377,5.426016599617834e-10
4.568504818128483,2.2033715169046375,4.8972035347334195,2.8012489838246112e-11
2.9107683805165383,4.668133580324867,4.676630915558372,4.146397493722802e-11
3.685659009638611,3.27842044408836,4.772578081752915,3.540461853352052e-11
3.48708324070674,3.868589719776723,3.1296982305763255,9.191708895385168e-11
3.791191589332736,3.3164087564950315,1.5723095035327623,3.3943287984263503e-10
2.0430536558356103,2.2763749758822915,3.6482073824291925,2.332119186268668e-11
3.784571817665392,1.9772216920410415,3.261851070879439,4.6938592571479746e-11
4.030543155209966,3.7250013651246014,4.280851738548455,5.467840535555373e-11
1.327993185690044,3.24555000383439,3.935767466650519,1.8569982331455917e-11
2.2876632128198646,4.754714016219587,2.0023527636684766,1.8105957978784685e-10
4.257413910507372,3.2382236423934097,3.1587692227985436,9.221532913988444e-11
2.5299795254778545,3.029302655257566,1.8304837085118164,1.526560913711015e-10
4.745716001425791,4.389131025357704,4.2430336473058325,7.721710970971263e-11
3.7112739321843873,2.7587451326697607,1.2994279341251223,4.046843373780576e-10
3.8658625851662918,1.154660989744054,4.164321653619079,1.7179027464970698e-11
3.744852955198615,2.5519456837136407,4.601913119900155,3.011726758951645e-11
1.8248944940625278,1.4970096797348487,2.529396763697583,2.8498017878754145e-11
3.516559308479959,4.002852502035501,1.0927496147160602,7.867421387462763e-10
2.9513046799005007,4.6490666717130535,2.5990941753503636,1.355570132089807e-10
2.476091550310839,1.9156782700793036,3.083245010459935,3.330116282750341e-11
2.6103211424623853,2.666635213585693,4.479584722497373,2.315091942429838e-11
1.1666950489819081,4.121769624963383,1.380448306283994,1.6841740645943448e-10
4.543654551341486,4.665084691468049,4.33893303877254,7.514241420358548e-11
2.8479175099135507,3.6513150790198865,4.290165320762237,3.770638198511237e-11
2.2525088268905673,4.881005591163174,3.483955765711946,6.045284501691888e-11
2.7950447910195506,3.2329384259276783,4.072139098588538,3.63686515131005e-11
3.4325680477857303,2.770950124181936,4.599225985984314,3.000990134392694e-11
1.2895287484861218,4.323829747893995,1.2719058744281937,2.300254398326877e-10
2.158427341500321,4.639560762594556,2.0831021732193724,1.5402079435608464e-10
4.330996515168588,1.0467177117751754,4.927440493222522,1.246122774217297e-11
2.4201504140588446,3.557843819205214,3.3452070582597067,5.1353427079156386e-11
2.2287291942679377,4.72579590439651,1.4988389731685245,3.1290212420705865e-10
4.70708422149117,2.2918615363000985,2.884005825743341,8.65633949244344e-11
3.5421648202463407,1.064267040294684,1.0699385995685882,2.1977984820711944e-10
3.6379853904418415,1.392646545915429,4.003527802527968,2.1096109048320935e-11
1.5076466740196404,2.820999853098595,3.106201930400119,2.941910587917724e-11
4.675913860096383,4.00905230227039,3.1758355878731725,1.2404475461970098e-10
1.4197808979287014,3.792203600365712,4.903371492244453,1.4945470158944932e-11
1.594555625915011,4.994346703332812,4.207751301726459,3.001956797755107e-11
1.357884933775161,1.2354088086426525,3.0145906604671175,1.2319786083666865e-11
4.47907669036108,1.7110394429570448,4.922984437547418,2.1104632594621425e-11
4.023783065154646,3.9832662129207335,3.026396533679447,1.1679074575695624e-10
4.742619340296022,2.6257492682697094,3.7473385832541,5.918502755106136e-11
4.593667801086733,3.46077425756118,3.469314598381903,8.81519029866755e-11
2.74766060223769,4.1258633297019145,4.471569588962191,3.783939107209319e-11
4.470501309077205,4.029789043482712,2.1981125485610216,2.4884269107949524e-10
3.0077938483350635,2.015757425539763,3.8780516450077105,2.690576598719662e-11
1.8333376556893022,4.064892238041178,3.5506600673792947,3.945113534140214e-11
3.076635038556715,3.5893493902862454,2.157333857495012,1.58359163943695e-10
4.1079858191661485,3.1738538689157454,1.2936536439186077,5.199553279671467e-10
4.821798918608219,4.798680327331217,3.4984930643578065,1.261697035351745e-10
2.5265457755024894,1.030205610605944,2.824453918320825,2.1775508087640503e-11
4.201995771539835,2.1872522847221036,1.228802429967005,4.062342806752631e-10
2.537988345271826,4.485181041734663,3.1306645625534646,7.751446054409511e-11
1.5971325416498163,3.1666420493042255,1.2857520897652686,2.0417927506468784e-10
1.484559807845764,4.617334718192349,1.9267164694050258,1.232365806677656e-10
2.927954476195126,1.1369981653765393,3.8962792575487755,1.463558658486416e-11
4.6433879632798405,1.9952796192689655,2.643476917584298,8.848586381853259e-11
3.4881127445497,2.501081671975872,2.6855367447552534,8.0731382936486e-11
3.4103936398205996,1.3305630488448403,1.046200676912596,2.7669172893990193e-10
3.0855562098125264,2.6846761077774755,2.6760603986039833,7.720043369270388e-11
2.222882013410199,1.3928598650517245,4.844865301143284,8.803322747737533e-12
3.082734691558131,3.2222116574380952,1.4102189792308626,3.333521849808251e-10
1.9534129870550534,4.211702349471956,4.825465513976656,2.3580853039179435e-11
3.506961371931551,3.158245303760783,3.6462197241997014,5.5600330296365434e-11
1.5302819921485806,4.983639451672342,1.7116094729325244,1.7373804179296037e-10
3.601326641636744,2.1341313065265908,1.7936542262371504,1.5943820728773248e-10
4.079088620196506,2.6368143476375163,3.3521370480833155,6.388300904636201e-11
2.147259106882135,3.2883430698137714,1.9699757069204833,1.214300112313477e-10
2.048062604355504,1.165353459253149,3.0776386198177503,1.681712892656642e-11
3.517156064263632,2.547121742179283,1.583140291889129,2.3855511914198305e-10
2.8380929607514145,4.647918840857178,1.4640836021842083,4.1071408977538204e-10
2.042669760907408,1.0036973864493857,4.534858819426951,6.653644810375665e-12
3.0571275131407734,2.334301740167118,1.6243605600844235,1.8050609766796765e-10
3.8344542104533335,4.657424005292391,4.351537024031095,6.294339583084705e-11
3.396768710062596,1.8646696754821894,3.731988672485483,3.035103132183397e-11
4.987557953230537,3.7248090524427577,3.3178460125178666,1.1263301769232574e-10
3.901035852393191,4.341312906066886,4.382525982296441,5.884888439473485e-11
1.3513296597722824,3.495336815670612,1.1799498496012584,2.2641721501727345e-10
3.658779445832485,2.3310603302945627,2.619476796590458,8.295581511750832e-11
2.4513057765001696,3.3386920777232976,1.8152096167062663,1.6577021095440713e-10
2.5419951484311496,3.900684727698736,1.4261171629275489,3.2538037589806837e-10
2.0181342530971915,3.73854887202245,1.5355497763471098,2.135558732931059e-10
1.368521638497143,1.7402741544519125,3.357406707938946,1.4100926009443469e-11
3.061135558050241,1.0582683829705761,1.7564742498273316,7.007788902789335e-11
4.404858912980282,2.7158179463548127,4.681228400345633,3.643335759243858e-11
2.0814949660254016,1.2736189837005938,1.6467773667360763,6.524260784205275e-11
3.9644499317297393,4.204698235712978,1.1104829143567891,9.021530264698196e-10
1.6941460989793824,4.049503865469026,3.92525447663553,2.9716882366938624e-11
1.0506582176478552,4.3128944347116756,2.535684238470348,4.703554168428644e-11
1.493149514898377,3.247705597287285,4.455308590551619,1.6304615936221583e-11
1.115010112048017,2.4159269905895266,3.9929741117637962,1.1276019679148064e-11
4.9135539076154044,2.3905061905233342,4.172687831566638,4.502357844260206e-11
4.897791577854042,4.287744271645614,4.985995224608532,5.637825912115658e-11
1.027190323553484,1.7267565434819967,2.9733656143804974,1.3389723316349152e-11
1.6443436629265968,4.107145647678592,3.0942762321796446,4.7076127726186216e-11
1.3061483081833174,4.287683600177701,3.9770900377520557,2.363037307892032e-11
4.433036051061302,2.2782919804624973,2.735521611462961,9.007754609396744e-11
2.14712758069651,3.18654234025638,4.529748761271573,2.2254380876586484e-11
4.891455586896777,2.813251940623804,2.21971593314918,1.8639666821333858e-10
2.237322917140224,4.634953037691514,4.643827765504863,3.209282913695854e-11
2.8986329862628994,3.4744745543487534,2.435698987534632,1.1329776342867247e-10
4.8525838191087605,4.542747071364396,3.0979218354015075,1.5329814287120345e-10
4.0111584352514456,3.2591263147152736,2.1263072856875307,1.9297682507867546e-10
2.5969505288227688,1.660318298210012,4.8284661534482005,1.234306028694595e-11
2.5981056358779715,2.6631722137005847,2.2907517726571487,8.800071395880844e-11
2.4832038378714505,3.2224618173644743,2.70910953739511,7.276679096363163e-11
4.255621921060136,4.749810668429962,2.4813446896869276,2.191045233269069e-10
3.6571908169267675,3.7433248617731225,2.466945831935404,1.5013160050332813e-10
2.438583606864439,4.505134856265327,3.113980337014332,7.561360009782138e-11
1.2704679116215334,4.359899367414949,2.3667387147867727,6.599723458660922e-11
4.9768088471777485,4.621926056565867,1.6986110818913178,5.320742598858651e-10
2.729364249093845,4.587818274638545,3.2839859015018162,7.74910133037516e-11
3.9390816251743037,1.5411341986991771,4.426031436825058,2.0682005623881978e-11
3.692667770439884,4.313829975297212,4.333287034486922,5.661800302507118e-11
3.4726228245710575,4.10007802509421,2.0381022514723814,2.2876206159004725e-10
4.107993140066917,4.35624638013059,4.9943346122388785,4.7882087347299254e-11
1.933821754834535,3.7796913559762375,2.2711749831938444,9.457095827188784e-11
1.6106926381400433,3.3981988850157143,4.051823852219535,2.225084741890681e-11
2.2845601701813107,4.783244087915446,2.707737171792813,9.947142340580415e-11
1.906128696127392,1.515417997182483,1.2517213786966273,1.2304260661326815e-10
2.0058151706160694,2.3815989562791726,3.938473060153645,2.0553698754463076e-11
3.204660064316297,4.171154296489661,4.299841936514332,4.825245826396042e-11
4.884697925385147,4.086208382333739,1.670905474031548,4.771343249456837e-10
3.3401093215635407,3.2092925224644424,4.893209869484827,2.987916812389565e-11
3.607432874968091,4.564719208019717,3.7969098522491214,7.623211281125892e-11
4.474159100704956,2.5490463575237046,4.393995870198104,3.942358102872361e-11
1.2574774525826267,4.457127870917698,1.4940906389358282,1.6756666000223593e-10
1.4355362705269008,3.1710569328003047,1.8590831350504935,8.790362588203178e-11
2.869596022595951,2.8050370983729898,3.68249233909617,3.961520151348153e-11
1.3485954556470179,2.953762024517149,1.502968478553389,1.1769110818743554e-10
3.4044456173459103,3.3188169701589647,1.3754672739119629,3.985798890719714e-10
3.1669362583354097,1.8294793513910377,2.984575142256651,4.3409821665569065e-11
2.2544442126835236,3.2553349188322214,2.656181718634897,6.942338817701888e-11
3.156809512966229,1.7889047552640247,1.4125783744480072,1.8888466098518074e-10
4.573559344797101,2.0616104631437167,3.8304951053173255,4.288814941813048e-11
1.5148777446900823,2.5172746052226755,4.986325726440965,1.0236066352188507e-11
2.038703783163621,2.015617202412932,1.0322755387806186,2.5736952135867946e-10
4.159559003046332,4.6515148350670295,4.759747345764317,5.6998063535509216e-11
3.026317682142624,2.2049244949635387,4.444276191892835,2.2547186580595545e-11
1.2457869109668533,2.3860078286944915,1.415737572607151,9.897746216431923e-11
3.2240487351793816,1.408084236218747,1.7981673674587464,9.370358630982837e-11
4.893407113098924,2.057327145362359,2.1195018811270456,1.4956614324422123e-10
1.2459927135221531,3.465220911300284,3.7972329643349676,1.9984723626711266e-11
2.0908727465286163,1.9943859034856426,2.488189920984401,4.4952717081092433e-11
3.0932006544632165,2.511156837339693,3.375742278341371,4.5491427793376816e-11
3.212308284935298,4.350790353706401,1.1044696940175767,7.646522484701107e-10
4.956272748395587,4.701178195879051,1.5884897006524166,6.162817496771237e-10
3.1478014798818266,4.721296958595964,1.146195971240421,7.549828730692328e-10
3.4695153537069556,2.7437601823551208,3.8846119765372147,4.210230526033023e-11
4.266986281416249,4.440495070839607,3.613833839270501,9.68283387232276e-11
4.566413280980228,2.8886094657218147,1.711327717066129,3.005964713922256e-10
2.477617666872066,1.421696842393926,1.2681683787161453,1.4617518436079014e-10
1.076176324276096,4.270821528273789,3.6640442721570246,2.284860205817727e-11
1.7978176692316672,2.9010688957886575,4.559784562223143,1.674176500617254e-11
1.7047739671214486,3.881115214983386,2.2858727747020207,8.450948056624434e-11
4.817433177671081,1.3890358381236947,1.7204351937316975,1.508824462159932e-10
1.9473653582124677,2.070727946301803,4.29845666753844,1.4565707387079854e-11
3.7802699756509353,1.73687396081448,1.9093523165635906,1.202001967783451e-10
1.5643534733751991,2.0379616964303233,2.1890553062430156,4.440211344163547e-11
3.461847598614045,3.08184163906455,1.868128621496846,2.0402853789676847e-10
4.887760150463235,4.785663583515511,1.348894568965885,8.579900320230558e-10
1.8564126569515067,2.646774715167113,3.415663574247192,2.8107843296099474e-11
3.5838179844363425,2.636826698951962,3.0655588917163006,6.711110767631419e-11
1.3489763631379317,4.443745995183934,1.1996794627919183,2.7797729242474754e-10
3.2625744113588264,2.224777915845418,3.4276231066873764,4.123321220206014e-11
3.992201481216377,1.2984036721850343,3.5396105399943623,2.761197233477205e-11
1.4198439699219887,3.294248654348182,1.0285972162261396,2.950478889397449e-10
2.5210473177359867,3.8088028894033457,1.4941827359854067,2.87043864869089e-10
3.74306106392595,2.989166578246135,2.4762692858356163,1.2177762234511004e-10
3.6644363750386884,3.5308025394029516,3.674386307112645,6.395834099699248e-11
1.712926522360977,2.0678429089771155,4.575505420083749,1.1291829992195223e-11
2.9090881927981918,3.6326899531063455,1.573832388187741,2.84743924069522e-10
2.0341844577255777,2.9341664337681177,3.57538295896088,3.116134157366849e-11
2.8230927369832823,2.7018376085943325,2.4163343552452345,8.71879632018075e-11
4.81607586450688,4.400077885624285,3.8541533683483427,9.520985432603341e-11
4.98017910286875,1.7178880425781138,4.785009944320982,2.4937925970333896e-11
3.270774915016221,4.172807654277799,2.5701785342072063,1.3789186413282015e-10
3.9794537220759048,4.9186358005894935,1.700049970638013,4.5199221351457584e-10
1.2948453661501693,4.336990384030618,1.8336560791719223,1.1146969253269711e-10
1.5591159077109258,1.4129420855569963,4.187268956456392,8.385466946198553e-12
1.302384890309444,2.1080985182444945,4.005434435986458,1.1421343673855124e-11
4.718709611787545,3.6198487029325634,4.197196248287787,6.471147828153494e-11
3.429071096187792,1.4689490210612455,3.9312250332181877,2.1752721858527242e-11
2.6626251565636183,2.509761105765149,1.5746976789057219,1.7985985676895416e-10
2.1580129106306134,1.5869825905928034,4.861833050191864,9.669684855843418e-12
2.452293333871818,3.396652589395522,4.864783437079568,2.3489984257031387e-11
4.297601638680877,1.3751655445020052,4.607758550814614,1.857752753942992e-11
1.6771843348487412,3.1604047720985506,1.038224699443035,3.2819124806352424e-10
4.620602779682297,3.8127981098285413,4.297917375510414,6.365206866630646e-11
4.169994441488937,4.889552870696019,1.1265320485599304,1.0722689299448306e-09
3.3863473062900664,1.1682576758912249,1.8152970673638658,8.012368797865345e-11
3.1443622048870044,4.97111424952999,1.0136384271054468,1.0153280434717848e-09
4.3914723988789435,1.8555977564399408,3.892259302136392,3.589853024408191e-11
2.4734267082603347,1.960579475260006,3.6213598291507916,2.4678930824190583e-11
1.586923428619595,3.771079472809662,1.08052130496571,3.420906390555392e-10
4.950749272812979,4.814752361458572,4.0848011946707,9.534309385777767e-11
3.9172036527038343,1.0085468933946249,2.4205974676334985,4.500008145408303e-11
2.975652899831372,4.769973280306724,4.443532436994202,4.7976405863655146e-11
4.860218144272709,1.169986645809542,2.0320060398756126,9.191214053847159e-11
1.6522750585802033,4.65967377371887,2.8856828969582162,6.170592274678863e-11
2.5014577307963113,2.597430102250462,4.700581866697198,1.9625466942463796e-11
1.2547587106172209,2.390379243397825,1.1867583530436643,1.4213094257973097e-10
3.7938232179178444,4.033185201805878,1.0561582579476458,9.154896932006218e-10
3.431608383133271,3.7049003655333226,1.3269102587593933,4.819226652529688e-10
1.7764712109600054,2.9102717889797596,2.4010900917941607,5.984956722528506e-11
4.300197679629305,4.11313198784752,2.6776838969833685,1.6463745919180667e-10
1.1365658698274332,4.437714242918442,1.0860163350042997,2.8540884681129566e-10
3.535280128160852,2.379750048041101,3.786405205502922,3.9164014402789196e-11
1.728441002157025,1.8017185642169502,2.995222427931721,2.3166987148916503e-11
3.192506540310565,3.476076925093287,1.6207414157462638,2.81955075419309e-10
3.918452090812264,3.0388035849220896,1.922498312996637,2.150163270318197e-10
3.036845987490167,4.0511235362348526,3.8054356929489352,5.669903690466073e-11
4.009804408403602,3.9547332366507018,2.0289221330120872,2.570962994216929e-10
3.6939557809117782,4.685357747973262,4.8858651405092175,4.838800319286743e-11
4.816838813367015,4.1787488980315235,2.068088558546569,3.140916038586784e-10
1.952494063028749,4.75618691013605,2.3621439271249947,1.1107648438779748e-10
2.6202753013423745,4.212216883822261,1.2271893713122384,4.891259221920984e-10
3.42156965095387,2.771046906593701,2.969738343797484,7.174953518669994e-11
4.016041118758968,2.2778334449134263,4.049492430915926,3.723103720951159e-11
4.761554873853537,1.92000268836318,2.3147485993030545,1.1387520527009029e-10
3.5048279663446973,4.199128728359719,2.386782051812651,1.7241957479111813e-10
2.1798031535618088,3.686934323441205,2.634821896550939,7.726207228232615e-11
2.2872489711605035,2.3221441730962677,3.5291018856520724,2.846167333582215e-11
1.754722277841275,2.8581883400661887,3.9178337099137996,2.1806875195405273e-11
1.4092095030461893,2.668821167708726,1.585281789591782,9.987764586892662e-11
1.654342552315049,1.9697694371943935,1.7408993298174336,7.175955245048087e-11
1.3659359350598947,1.6796418041899592,4.824476528536378,6.578589875784842e-12
2.200740464612984,2.2373759593748077,4.8964160493671205,1.3706840932652728e-11
2.502766165445976,2.7997888997781124,2.326396805497214,8.641003463624231e-11
3.8529166526422696,2.6872534661450134,4.943555637393418,2.827519415788813e-11
4.417421059389254,3.7316435165617285,4.202377215229934,6.229670583061278e-11
3.8191149183295208,3.059050592617504,4.127770478652245,4.576194841809992e-11
4.876851597688747,1.8485169133277939,4.064893682340088,3.641252442892201e-11
3.8864475132912557,1.261323729819516,1.308248314600616,1.9115479996002726e-10
3.8060780400906395,2.1985044994794802,1.73614661234978,1.8527569687777972e-10
4.536853382677227,1.3448782850899166,2.0922227267538025,9.302680330481692e-11
1.7111149757716495,4.861872045477832,4.217059756898276,3.1221186909894586e-11
1.2741641633599645,4.958252693217508,1.3207302840362942,2.4171965874106865e-10
4.139283651276019,4.169225054498016,3.1787465290369608,1.1398689706174296e-10
1.176308733135277,3.9385965427496714,2.4884850832275816,4.993199696063492e-11
3.628506293833703,3.0256834824481733,3.7056139349230324,5.3360173829622456e-11
1.479200999300533,2.1384779062597703,2.350173026807746,3.822244694692394e-11
4.804530667228001,1.252967901605135,2.8169293186921407,5.063201573396588e-11
2.3437432836378234,2.5104616353179585,4.351566455748544,2.0737604672401294e-11
1.812951229610166,3.0273966766257856,3.512640564876976,2.9687541131478535e-11
2.2599300894231393,3.9971372971063217,4.933533951844696,2.476931694058561e-11
1.9946972359690642,2.8628457283855937,4.883292613749244,1.5982165978434712e-11
3.185136585207534,4.040290838684427,1.0164175889333205,8.313474096053116e-10
2.527652353832468,1.921616192488496,1.3167203896476463,1.8697479794215337e-10
3.6930577188765388,3.9808839919351215,3.6385879196748396,7.41115801220003e-11
2.399091779523864,4.446951440739198,3.864752734928387,4.7670754500384685e-11
2.5124148443702783,2.1313916918588096,4.474060988092182,1.7854061312919557e-11
4.070043277361393,2.6800864243630422,4.4500934865813555,3.676171460121066e-11
4.177027241181408,3.0129084709965017,2.6860572042518607,1.1641499756475579e-10
2.0582336530830556,3.954366212953782,2.814294794916669,6.85833333098388e-11
2.0921771155157503,4.220531846156867,1.583060567344655,2.351563816432572e-10
1.6990446807299548,3.4287126388157803,4.578625035245572,1.8546071652410594e-11
2.5613598327279488,2.1974572896677307,1.067586234867159,3.295879375380554e-10
1.728903650233279,3.269024609355325,2.4791920797073894,6.136981752187619e-11
2.047433934893747,3.8422700116707076,4.690059650237801,2.3868616578409643e-11
4.803029427859023,3.7772554590470406,3.1689786796753485,1.2056997551155426e-10
1.023063963735448,4.919547181417408,4.251470466896404,1.8583854076689715e-11
1.0702336513380764,3.0957480626169183,3.7870725945540813,1.5417826496976447e-11
1.146178269930962,1.8351036808723178,4.19635335950024,7.971772135655177e-12
3.0176628759635404,3.9643645584200327,4.908320450382459,3.314092986233279e-11
3.6208639422885147,3.722595723348237,2.4244100337120083,1.530495781925615e-10
3.891345177213741,1.5081721304150353,1.3662936900632383,2.0982089940012956e-10
2.9953440531206375,1.1709439841417777,4.397105450687047,1.2106964639130895e-11
3.3262568728654283,4.964279585759321,4.475893522837563,5.500963039008483e-11
2.96513728233918,3.493638910704945,1.479388789405382,3.15896182055247e-10
2.889750850653971,3.2447642162244206,2.032375922143519,1.515031505496227e-10
3.8511191524944675,1.4750711128384753,2.9178473100997517,4.453085080150135e-11
2.5283577117885594,4.8692221156933435,1.388504569623851,4.261766775799643e-10
2.5537525920463007,1.4742971173900319,1.3105725332812566,1.4629447186506866e-10
4.932057035072672,4.2923703146815075,3.6357015955862124,1.0688949214217418e-10
1.894685824450939,3.29958142063706,2.310486489806068,7.8158351522302e-11
1.5485434045554225,2.304366440633716,3.3512551008332725,2.1205384467725815e-11
2.710441215839186,1.3859281665766034,2.143524856512476,5.456446083481989e-11
2.2538762598588136,3.6766599014508405,4.813465074539215,2.38700912947863e-11
1.698487019230238,2.5165452176424896,1.8376398088414372,8.447581527641302e-11
4.025293150793353,4.37444272778474,1.270934880212717,7.275449889381638e-10
2.139074075610094,3.8110072972776554,4.475638540477649,2.7160752436298076e-11
1.6173428499643197,1.1803389040767676,4.26206668934235,7.013818692346641e-12
4.809819754707521,1.3173562080135612,4.626322281654689,1.9758158239564224e-11
1.033360807715428,3.3465718820483903,1.849683302797056,6.745957391392699e-11
4.9223925479137876,4.450608292813142,3.0430242351098555,1.5789595248168866e-10
1.9053555822258397,4.336157126168656,2.08500588909905,1.2683896165474526e-10
3.1835929452573666,1.1580957412787303,1.0566382859163825,2.2039184219531946e-10
1.1058512233127988,4.229117302865147,4.509313067874007,1.5350123011873658e-11
2.494686099846382,4.546124518600719,2.4097572743466436,1.303457383578418e-10
2.9734155840174386,2.8890990758538924,1.9964888459380834,1.4383695301156772e-10
1.6734698960073158,3.4470557397713213,4.135695729569232,2.25089508984942e-11
3.486374884591786,4.037039272178352,4.931240971792847,3.8628763794010815e-11
3.7581542832476726,2.602400145494497,3.766357322681886,4.6014196399677694e-11
4.277389420864861,2.903915439899067,3.4436400105368192,6.990584165731908e-11
2.978662118829542,1.478590924503298,2.5237134302179367,4.615039293770249e-11
4.036778228114443,3.6890588503033372,2.6751213818885318,1.3888319259627244e-10
2.049434849769163,4.036940500283569,2.3782070034808904,9.762776796819159e-11
3.2913987012775108,2.19000056552194,4.538913543007395,2.3351087001668323e-11
1.6614097477336873,3.0168599591830474,2.881018061011955,4.0301957967997285e-11
3.840110527365392,2.954091412360553,1.167697160074868,5.552561903809572e-10
1.1763134372387793,2.861425521839874,3.675128817398693,1.6632080350260535e-11
3.915332214386443,1.4434945305751823,4.492762811851786,1.868714605711403e-11
2.6171633622289185,4.956942793933678,4.440897925305191,4.3902510887204004e-11
4.820362663147316,4.3808696643549805,3.7996166956258732,9.762176922751324e-11
3.7578660295524067,1.793108967369757,2.0744811524128055,1.0449973547410678e-10
4.199638622374179,2.448696366820848,4.162204256001072,3.961742845903961e-11
1.0184233776627276,3.2623904222604327,1.5386601851647952,9.366235292427991e-11
4.465728470661143,1.414967286555767,3.343438702364321,3.772577619458509e-11
3.349088528371907,4.621560407696045,3.202049148551748,1.007500978595618e-10
4.357281876591259,4.833738334033508,2.2737841774605503,2.718857931125972e-10
1.083744112082655,1.1200088760587312,3.390274690872899,7.0479796698824155e-12
2.6912499186711223,2.2660141146978483,4.545962531377757,1.969478023045222e-11
2.300437631804042,3.6690381763524074,1.0861742991730976,4.774741360275405e-10
3.167776262662871,4.632244230154486,4.334373301569839,5.212901590438322e-11
2.2865031452985596,1.391131102417925,2.6739268029715246,2.9691151217757644e-11
4.592744762207193,3.903455002284285,1.21001012363462,8.172024922116641e-10
4.774697238209284,3.781868751814958,1.015573209256388,1.1684658445012438e-09
3.661063018852266,2.14384062303032,4.246371450047539,2.9050254425244102e-11
2.593071013087404,2.9610479982153426,4.65813703478498,2.3616826483458283e-11
3.549057735353204,4.801987563042168,4.759537181635489,5.021007266288102e-11
4.829451354945295,3.483618650376073,3.3330402115669937,1.010726142163292e-10
2.0889699067569865,4.996923534006909,2.5302353644614084,1.0881762593694244e-10
2.2111077183771934,3.102558288007539,2.3201050090936564,8.50551801650513e-11
3.877366660646616,1.2194449120248567,1.6964604813658388,1.096472554417047e-10
3.2028406814049304,1.8961833111777673,4.348778640672082,2.1432224725915086e-11
3.074747988204383,3.155315742524514,3.89373374788827,4.2707686883674666e-11
3.551199222330234,4.3185880517204,1.338187843215184,5.71569252165335e-10
1.512095589406405,4.02124214796079,3.3925321728844793,3.525962790752205e-11
3.690693904975778,4.319677286395038,1.6929808340938433,3.7122861889182683e-10
4.428598005200617,3.034856846796713,4.341151172470965,4.7597139540923664e-11
3.395980683953459,1.8285099207409328,1.6847977773459726,1.460001065888763e-10
3.6960442719165036,3.2954227343906144,2.8779571385803213,9.814447518744109e-11
4.916273815525478,2.8626797645057636,1.812103714706812,2.860414246308865e-10
3.1894685324439234,1.5917013594421854,4.67295667648736,1.5516101143745863e-11
2.240777794513127,4.3486032276563105,2.236979227243934,1.2996035106230553e-10
2.5407642538018265,4.351812892019437,4.786066678961083,3.221538290807684e-11
2.969093926612923,2.7147649723271416,2.5051893911219536,8.571587209982223e-11
1.6120043590988464,1.1648822606684193,3.95931891969612,7.99453992003858e-12
4.495150182731511,4.320985504042713,4.983454799259963,5.219779660249572e-11
2.429120175977404,1.0466565509704244,4.513074754340408,8.330946492548176e-12
2.025516743509317,1.2232472931822178,4.11512901296493,9.764935808334462e-12
3.8896778777242593,4.18473231005281,3.6174043746725455,8.301821713999526e-11
4.943769432567295,2.190140244522496,4.3262624628624895,3.8609182760254537e-11
4.9055842242523084,2.547367152395604,1.2747600706031617,5.132294631290629e-10
1.5371479722557577,2.32253010933623,4.167409399348401,1.371926667176566e-11
2.813334613942675,2.7764980292892565,3.213397832117004,5.0486581918715937e-11
3.224505777473889,1.4934196182802344,1.910171075768409,8.80819021328614e-11
4.536597778836219,1.2119141754435674,4.823614232181445,1.5770418112400045e-11
3.701220370352388,1.4280203553167645,2.2215211574182248,7.147672356060387e-11
2.9609979125932764,1.661711118981144,2.31589784061485,6.122672557337007e-11
3.7093579480568266,2.708797798110671,4.814988612042214,2.8924842686042448e-11
3.762752663599262,4.428335608617021,2.312434246074491,2.0796661184986896e-10
3.1788208111715193,1.6977391607163326,2.551628625093092,5.532077876307384e-11
1.545215023968383,3.7227785427336975,2.193597203365062,7.978634286847946e-11
1.9426208316723201,3.8495276253495994,4.317423853514298,2.677517457968576e-11
3.621425532016726,1.938530477285891,4.552042958850831,2.2611308265075312e-11
3.8794824881757437,4.6029346510159765,2.7930815495786097,1.5276630534491075e-10
1.1045294777159116,2.1038652887239624,1.3045371588528942,9.11315030189464e-11
2.52712187641985,4.568993932937459,2.166643140070517,1.6415654339888948e-10
4.935052044493192,4.876139054950764,4.3141170721276065,8.629192726080498e-11
1.3462937433723474,4.426593587825159,3.5926878976759133,3.081461162135033e-11
4.677038137168664,2.828122852016954,1.250567136379432,5.644706445002115e-10
4.584255765734488,2.302731533720347,3.3951065362399526,6.112115282911713e-11
4.968058304007636,2.8993024731484525,1.6065984182308206,3.7243607596010543e-10
2.4084160002935096,3.155968728791659,1.2499578435077656,3.2468308606223086e-10
2.3195770423313284,1.2896380770163938,1.4865925720720523,9.033976041453276e-11
2.870112134378174,1.4489007883276366,2.3586688794315385,4.9887272690989574e-11
4.882333924153622,1.9974396546432223,2.8399507857992567,8.069854808526555e-11
1.0405070699027847,4.64825913027249,4.741773830066084,1.4356213153573316e-11
4.178139004631644,2.4801880181750735,4.308571066366241,3.7255223290781383e-11
4.6486254699065945,4.019776541823168,3.577164581327991,9.746188957167857e-11
3.0352300253383016,4.65468332625398,4.203221872503529,5.337075186938836e-11
1.1905075298803354,4.404148576811494,2.087085805012335,8.033405737184725e-11
1.335372893412163,3.9727407263318955,2.3734465729360883,6.285213881975857e-11
3.433091290255522,3.8155476251428104,4.570571034309705,4.184923341414049e-11
2.9629351747773685,2.6054700989643815,2.8113174510675702,6.518905247942993e-11
3.1053373695955675,2.983641318433013,3.374059086015342,5.431705780839531e-11
3.890829138276791,4.637722795183924,3.094006518799708,1.2580291366223308e-10
3.8069987888735324,4.073342097404463,3.9676335328774073,6.574409059742978e-11
2.879146371823798,4.627883338366013,2.169162510192561,1.8899406642342884e-10
2.250389576378251,3.8584810931960725,1.0576446589816393,5.180607920689646e-10
1.8578979906782944,1.3924764061274741,3.782300150286555,1.2069351419252209e-11
2.268925099392316,3.1633192242040757,2.547858774200638,7.379019855172859e-11
3.1932978337863576,3.4023408662247094,3.102999862961121,7.53077960004786e-11
1.598585444721731,2.0167399158626638,4.918417383727931,8.894492825310316e-12
1.8621746055568238,3.2178209579694563,1.0047464975869898,3.961461834587026e-10
4.384846458945721,3.408408051649798,3.2958736198510348,9.182291480549154e-11
3.908497085952439,4.2859223568973634,2.493417901539008,1.7982503256753965e-10
2.805623914481526,1.9572870014259873,2.8890961893129083,4.390825381860477e-11
1.7788902017905057,1.167449743519951,1.0679854537107656,1.215186299309755e-10
2.16151491616684,1.4498003031283453,3.2174950343428415,2.0203046096899584e-11
4.2019765876013375,3.7516630967831888,2.1780408045324933,2.2178472844985625e-10
1.8460531569105965,4.880055001957237,1.8405737601563184,1.7747969305374584e-10
2.1601276730110777,3.91773618634736,1.9013823632994975,1.5622908476099725e-10
3.101120353638455,1.0279638203587682,2.8897649003672172,2.5477548088561454e-11
3.327083285714776,1.6602074183036368,2.884685623243086,4.4301174958000516e-11
2.3959335022799815,1.5183058929085438,4.968088489453082,9.836522616619166e-12
1.2211886276085706,2.734946546135397,4.438164404483233,1.1316471247197164e-11
4.4645072817842335,3.2693809053274743,4.76497691674549,4.290458026057626e-11
1.8814421659082843,2.44579424254088,1.74379462138464,1.0099650054734397e-10
4.931979025046751,2.8639383476376343,2.6722858104140874,1.320095275158779e-10
3.011442281411696,4.2135844183672,2.5870546897937454,1.2653224860827484e-10
1.5324967379705199,2.045084122781668,3.648453860791951,1.571372763436704e-11
4.520406270054284,1.8432304570820532,3.192227169682108,5.457022314203667e-11
4.8524132895131675,3.0669716447047284,2.2550047009440415,1.9532545445296561e-10
1.871298055372412,2.4577263491231878,4.613472626597664,1.4421379247204453e-11
1.4023910938408406,2.9334685900678985,3.725149747476256,1.9785604264139865e-11
2.5632615089537034,1.3193882359921738,1.6815381509234957,7.982488024023017e-11
1.9485499244310072,4.635219257990396,4.017517827789518,3.734671407810001e-11
1.6127574964577844,1.8591046330837058,3.2569424471274964,1.88642236286176e-11
2.146504106445976,3.1133594907527096,3.6266636223228206,3.391037903389009e-11
1.913343889137733,4.024882912343891,4.80363574546509,2.2273699235825552e-11
3.9215125305984357,2.605365711007272,4.050026712646549,4.157121589510911e-11
3.1798644911929608,1.184658397358488,1.0030919890768413,2.4986557661508077e-10
3.278004530232358,3.1776447358520286,3.9891155590406973,4.368656095052812e-11
2.689431033761672,3.3744310110284252,4.359824979036967,3.1864643009100956e-11
2.0390805010310844,2.3815463386310345,1.3831143177603251,1.6941952351311307e-10
1.7031810091232469,2.4315375111279507,1.7483264080729684,9.042384017895248e-11
3.401519095800092,4.1852516861231965,3.545947282240983,7.55642100306527e-11
1.8907942678723462,4.155566763136187,2.40252312607172,9.085013769347937e-11
4.150072506125252,1.3847207160794603,2.0463390815007148,9.159017292719649e-11
3.721381735296065,1.956147215161637,2.73372299496426,6.501041643281337e-11
2.6687096878025267,3.083315565776357,1.1965365457067914,3.8357789753838033e-10
4.68833708030401,4.33303754363923,1.4874863662262352,6.127615351497807e-10
4.511534295597347,2.0923973732691077,3.499450999387144,5.1446377259424116e-11
3.216559229618485,2.555326650569424,4.083885705281527,3.28909957374642e-11
4.285577844541012,1.391432287723224,3.3558480831561335,3.533890451277983e-11
3.176996076845852,3.2675517532520066,2.238170271520976,1.3830539135229164e-10
3.770145041683816,4.534866472081452,4.4165622263196855,5.849787054773701e-11
1.9755642019913857,2.422953261724534,4.916893929225513,1.3214194901394213e-11
3.532425966150055,4.814780318940158,4.754957771240969,5.020447371603557e-11
4.331876996130256,4.385895139981006,1.9845560963283764,3.2195398431460117e-10
4.065040125428039,4.086933305113071,3.9275610398018075,7.187911197370333e-11
4.153571549571685,4.439977798322417,2.3868277535647917,2.160461535677037e-10
2.909212561032822,4.956835439522806,1.1954058807732477,6.734965594681995e-10
1.8468662380920553,4.030911058750831,4.806021490017775,2.151064551270237e-11
2.5483410446087835,2.077784970992184,4.228216986395259,1.9766501916995153e-11
2.353060143590124,3.4140989833687483,2.3073076493665012,1.0071272028699303e-10
1.3911289092496486,2.52356310726936,3.3308202420784734,2.1118611322043617e-11
3.7625706347183216,1.7373325198821208,1.7314523716829986,1.455233600533148e-10
3.0673240613030273,3.556872681360185,4.203383204395169,4.1211290508595386e-11
1.4935325421136967,2.5894025422795033,2.1925945829695896,5.368881129588919e-11
1.3804215942407634,2.3935311368908203,2.753061858147568,2.9094110840340976e-11
2.003576504679609,4.469239704086219,3.4298794428373456,5.080050977079331e-11
4.608641429048571,1.9146085231191576,2.629487590564789,8.517200259244004e-11
3.123538034185283,3.1805739380117,2.121843311188184,1.4726918276963914e-10
4.968158610714079,4.093454850500967,3.132144243002864,1.3835286312274923e-10
2.3541330214061196,3.7118416701583166,4.995767447233,2.3366960097418294e-11
3.971993419927258,4.454973713568709,2.809521088220841,1.4961504792223068e-10
1.6945693860866196,2.0329646116181768,2.1373187942986123,5.033114007939902e-11
1.4670559821129174,1.7456679569676656,4.7611295546716565,7.540055294588118e-12
4.938180073962915,4.473818643883607,1.2596355190217015,9.292695433282742e-10
2.0144965710405565,2.719031548878132,4.994547707440833,1.4654622982852716e-11
1.7679270494633545,4.188415811751418,4.986110949468756,1.9878172600861614e-11
3.6489229896519055,3.957295938043589,1.501328513824304,4.27560881079049e-10
2.9937443605119665,2.4822989421004613,1.8478988889104238,1.4524412965401798e-10
4.808401325072475,4.7902009708674855,1.7256003418614552,5.162501711596171e-10
4.433586134916953,4.800903476583342,1.0833001416584294,1.2105053889311304e-09
4.5670975224482415,4.661365974315874,1.1926690354414289,9.988489127018416e-10
4.574638947987324,1.5644055565957249,2.6357782185652545,6.87503076367002e-11
3.5588582974889214,1.2250083689130538,4.717261427034522,1.3075432520760652e-11
1.7606023303713227,1.1457656788726345,4.702249141220891,6.088804248969131e-12
1.8310964598855857,1.8556964205692932,4.354705625258222,1.1958776535432524e-11
4.61790799529211,3.0928127624125743,4.193712277207338,5.419857212594811e-11
1.2734293407178332,1.181850170959323,3.955426584999978,6.420026495918618e-12
1.3958529151781147,1.6689783558680777,3.0371780849292733,1.6855283040267018e-11
4.544533010194911,1.488789206318931,4.732054772496414,2.0165507232519573e-11
4.421277389666734,3.559525584627797,1.1088500709187246,8.542410301762846e-10
4.77344071132489,3.8026328801119273,2.5335641103560067,1.8872886908377925e-10
2.4545157347674484,3.7457986335909292,3.852299477492453,4.134817694687994e-11
2.1125097081096054,2.5191313879103503,3.5569900323786383,2.807181147438733e-11
4.657408994317807,3.1012685856588686,4.530382819015417,4.696779335824281e-11
2.8363092603275475,2.3374889594763055,1.435981571468635,2.1458117574095927e-10
1.9342666814030776,3.787570563824976,3.7829563730541733,3.416651008074008e-11
4.856326681074082,1.8085668090116283,1.2024279530456594,4.0542499939858864e-10
2.9752608117015313,4.845788017966145,2.760795597887349,1.262429540903906e-10
4.723662522111354,1.414682847765273,1.0926180060904098,3.7358329301657533e-10
2.7451056616077603,4.882380170509144,4.592040803227294,4.2419484269996586e-11
4.58829817558907,2.3351330063160485,4.032072450602583,4.398380567384056e-11
1.5635233309368246,2.0095324378567825,4.3450555728728695,1.1106952604330479e-11
2.4391800518464404,4.691749962919335,1.8591243574700411,2.2097749162271718e-10
1.2727256395278173,2.6974758801983847,2.7733585605186835,2.978972688140989e-11
2.7927724344293643,4.932847542825492,2.942220803128839,1.0621085891339521e-10
2.2357215186635746,4.20596831554759,1.9224840388024118,1.698026330332177e-10
2.759037908565904,4.932531269484592,4.252531250312959,5.0224854759427075e-11
3.5116383499134,3.9019417679169948,4.33793457041785,4.8597147117455433e-11
4.622985881096307,4.789519611114999,4.152803174626926,8.568760997256774e-11
3.116627694103922,3.7275704189605072,3.9085870699048972,5.075249562256883e-11
3.57534176475643,2.9906012194529112,2.9940664758605577,7.960482525609975e-11
1.243947933433705,4.709594143201688,2.771603565937566,5.089904866042645e-11
4.068445133600439,4.32177968839121,1.5709155564569492,4.755230890964965e-10
4.508893660260678,3.600967521837661,4.611214690527477,5.096179471265998e-11
4.271808541914737,4.7571637808231735,3.2462045647285565,1.2870467361585278e-10
4.6733003983408565,2.5168808988560083,3.96888564769743,4.983510678084475e-11
4.688430529139779,3.1301422802297614,4.604797927348412,4.619092004987687e-11
3.09857575039257,2.3057664317342623,4.5721586890299175,2.2809777117251547e-11
3.434896256557906,3.3951941751141024,1.8993117170953329,2.1576050463787965e-10
4.497022225522173,3.744001574088336,2.509343010530973,1.7845437427888745e-10
4.248888045238562,3.4462238948736226,1.849397077650961,2.8572263426960606e-10
3.6854150979958074,3.5543591601744624,4.82388819208183,3.7569849627746045e-11
2.902408171488384,2.7152219229613497,2.3282196285486454,9.702912820030304e-11
4.877540897828999,2.5771810183774377,4.656607963628694,3.868946219578905e-11
2.1864211407556744,3.985389816272561,2.4706716363822943,9.527100970256675e-11
3.582257898008676,3.6549467137956118,1.9628369232736427,2.268065867700779e-10
2.026018554864137,3.938381980943983,4.426445563472434,2.71792332832085e-11
3.96489797859207,2.5864898245656294,1.1794714473469812,4.91987568885492e-10
1.0250591624552752,3.893825417719739,4.579663154129738,1.2701193677766508e-11
3.8006825145070526,1.0965842932284575,4.219140396224514,1.562578562402063e-11
2.278476215306758,3.2319181523285683,4.562297104498118,2.3611519021336084e-11
2.621516028724338,4.15378200179532,4.483343122345945,3.6155840700728934e-11
4.10549527125027,1.1579900480748542,1.0434992263550371,2.9138844292325524e-10
2.4841945082830073,1.774634631463008,3.924534037487807,1.9103130914685466e-11
3.52830365144556,1.509657823936727,2.9521386574227755,4.079032588517708e-11
1.2778472715181883,3.4477856515576697,4.9209517074631295,1.2142474614242425e-11
4.968903163571998,3.9380264204213393,4.2371367554526955,7.274118946607377e-11
3.118463308927979,3.087540393003231,2.0576400480476114,1.517751535256069e-10
3.3592252402121763,1.2482104494937527,1.4256181908620689,1.376913583903302e-10
1.2900252236182843,4.467139130667912,1.9525058664170545,1.0088560168605736e-10
4.162596409010389,3.9504967097044443,4.757679209795202,4.848550237845226e-11
1.0162948378817291,3.6161026593945995,3.5864956694534813,1.9068039890262673e-11
2.543890163086004,2.738128519185903,4.172643018034013,2.67002867007712e-11
2.4435318384332096,3.94248092910122,1.6506734593668417,2.3596710736390315e-10
1.5336150777739501,2.3176897674163723,2.8179688151732707,2.9873458872199066e-11
3.0806171373731783,3.865722142168955,4.275642422486356,4.3476223167755154e-11
3.7948968394038305,4.879842147861249,2.9920174969586038,1.3805867239479947e-10
1.6506089543499578,4.317449760934572,1.5163389506810794,2.0685456509784756e-10
4.917953436001757,3.9996317574293565,4.659774088946342,6.045899150497622e-11
3.5227308684702026,3.549284759300288,4.512501726184722,4.097998068977403e-11
2.343134799262506,3.8933125178887615,1.421095984031497,3.014782031719547e-10
2.718642293212242,2.3008851942435524,1.873018192637272,1.1900062140970382e-10
1.7351648616450284,2.9667165027820737,2.2537424234480543,6.763857270050135e-11
3.9265334869124624,4.23763260163471,3.348818310753134,9.902289926518393e-11
1.1762657523652975,3.7953377194427658,4.989428011792565,1.196852302335766e-11
3.8914502334462218,1.8885218461042603,2.4726572961205404,8.022169597935596e-11
4.9510939063422335,2.854399419977728,3.7895390789158423,6.567942323045525e-11
4.557181264992401,3.178606505992978,3.125459691648626,9.896724232483346e-11
2.6109318805309174,2.378587445229284,1.234221579015483,2.7209126209560363e-10
4.926454045464235,4.907035791361986,3.5611320508642086,1.272224362276806e-10
1.9513690820666532,4.379669776528703,4.390491292114483,2.958971267136622e-11
4.3667936782067045,3.163097664746004,1.3579095385191438,4.999422020430109e-10
4.348494675656399,2.346414684116915,1.8373045230713845,2.0172866964257968e-10
4.993930431318561,1.776318810665508,2.8308974481948805,7.387565276982226e-11
3.9977735622257096,3.001146440182066,2.239358848960452,1.5967767289835378e-10
3.9068904510803004,1.7139836594661104,4.213141170789956,2.517747019645969e-11
2.260305844501558,2.7486055437401804,1.6181967485259525,1.5834457182533546e-10
1.4633331786032104,1.2449892434793086,4.15006326058403,7.05968929144574e-12
1.0506594291837135,3.8231285325196667,1.2258437740390957,1.78400806187013e-10
3.177639800871946,3.002355439396561,4.089263209011939,3.807701053448419e-11
3.237071445560683,1.9040730369795669,4.691881115692883,1.8686505443748937e-11
2.453291307017259,3.659832985819207,3.454262152103664,5.022107458807125e-11
3.7259181696896326,1.8016552320892436,4.347953480389725,2.369853089783187e-11
2.9517470670119565,1.1229892657154577,3.1142883720732457,2.2809895690206726e-11
3.12431442936908,1.2346480225168346,1.8168987156175915,7.798708116292135e-11
4.169446124368689,4.431266176717579,2.155028821784678,2.655132758469356e-10
2.631820594802243,4.604264010504372,2.004940652972887,2.0118688108039726e-10
3.5891125880597454,3.8160897199238737,2.1486508097840518,1.9799771505021841e-10
3.710709719905199,4.477790866834928,2.025645038331012,2.7025908445863424e-10
1.2216378698591246,4.910823045344025,4.300634479810837,2.1648006497268656e-11
4.089035112040307,3.375530539887495,3.728295184450014,6.627175991329699e-11
1.9196947905504742,2.6175075639568677,3.148941576718237,3.3820274469251576e-11
1.4921615055166901,4.18769596585991,2.5940126105317782,6.197735126781559e-11
1.6823003827758858,2.336957661569663,2.356208579433159,4.726211193496392e-11
2.9380154585065914,4.148694692510999,2.288612651436164,1.5531277014553122e-10
3.065011773981065,2.3513472325327878,1.2303963328192378,3.1772037113634186e-10
3.171631498501232,1.9573511989580537,4.2725845182705795,2.269636754812716e-11
3.2812321122023533,4.307515515451959,3.2249154767378876,9.070126265434849e-11
3.6607233121812985,3.0808885726153963,4.458877251544572,3.7859778165711264e-11
3.5846164456638445,2.035844893859551,2.1840997972395866,1.021006778156424e-10
3.4996517792112876,3.4370575481512313,2.4764045840368336,1.3090451956310567e-10
1.537478735880316,3.4097515647964327,1.8881665001386794,9.81380629072823e-11
3.7979098624459913,1.7597558526418786,2.746625707555775,5.912679147730213e-11
3.4068078010300944,3.2230544087637516,1.9306224917749635,1.9661051893254622e-10
1.4158034045004864,4.487793075892178,1.2020328243719378,2.9348730768823357e-10
1.7164909654084393,3.7948758648912886,4.175491196956484,2.493504484040307e-11
3.6203219963534523,1.5265432901618219,3.063467314373465,3.930212422165687e-11
1.1316828089528652,4.447765674748337,3.23796355850313,3.20412098634713e-11
4.087906754674846,3.1958295931806115,2.166100468883785,1.858290490734446e-10
1.6005073913912224,1.8465027476851281,2.722521593791167,2.6610386260055438e-11
4.68962342711413,1.1546705988884192,3.6075033612970153,2.7769546775280917e-11
3.8882363494268373,4.618934459484676,4.334630383489388,6.379351267731215e-11
4.4530409787641645,3.3607769210208596,1.5485651311529822,4.1650826909098035e-10
2.537314042755107,4.18324232239405,3.8927904623128216,4.6746746817048195e-11
3.734246534637207,2.7446540204902097,4.130713483775041,4.008913182746839e-11
1.8671561892493602,1.2127557947043752,4.311556534383209,8.129653567003087e-12
4.7055725894903855,1.1383032210725847,2.4185127730942217,6.111669679117451e-11
3.3365554218569726,1.9331942823013843,2.891765343295657,5.1479456158648326e-11
1.554742697223341,2.8418486994180623,1.6166917718952143,1.1282133235426013e-10
2.2813550419084234,3.2162815261085216,1.9902898296584093,1.2362334476918334e-10
4.405316825006707,4.405450450397032,3.812216422248547,8.912480144344444e-11
4.696581147636614,3.5849803888054574,2.783991488075594,1.449836439321974e-10
2.2642275181362055,3.5524441762768846,2.9283993847161556,6.259979554638726e-11
2.945562401233903,2.9019397442005523,2.5294858225422368,8.916169608592365e-11
2.5587082421919742,3.7707175215480233,4.304722331318869,3.4748869724443206e-11
4.2270623327191394,2.201571706316454,4.405379028043692,3.200303228094218e-11
3.7038334109159567,2.796600741845074,3.2832169156639175,6.413114036425322e-11
4.943544518279904,3.044341087424111,1.811961904470976,3.059284283751213e-10
4.513340806943891,3.692402969181165,4.147526718727057,6.46569237200006e-11
1.2627996157876233,1.146477113417752,2.721721356731152,1.3043637200112586e-11
2.812112833075368,2.595508961942102,3.2270786483671388,4.6775924260904544e-11
2.976647736519854,2.3244007139852676,2.7322110609410974,6.185803990343587e-11
2.6140470100218702,4.918960560949267,3.076836163021052,9.064924549757022e-11
2.530898475888998,3.47319001465184,3.413887382089231,5.0337435890018664e-11
2.327996704997518,3.6336197757576674,4.690554657302462,2.5660176666715597e-11
1.1030991570036845,3.7792262567467896,2.2604104774211673,5.445390444935746e-11
3.6631758175759983,4.823041854358672,4.992652283925764,4.730448903399184e-11
2.9697063628490508,2.910153649569072,3.4824236664561963,4.756115798239189e-11
4.203991402249125,3.7840137910092793,3.261486524937744,9.98089656602942e-11
4.254899745152699,4.3268558121329415,2.323520651041789,2.2759089486484028e-10
4.131518875630709,3.223561131620314,2.5115638680851005,1.4091051462507674e-10
4.91272368977954,4.529572526166458,3.8186593920883136,1.0184598499883253e-10
1.9228441112270054,1.4344164433061302,3.5499332940367228,1.4607138567911617e-11
4.710116667848215,4.970241704282345,1.2307800268107099,1.0314175011532033e-09
3.427442968902948,2.014572793471815,1.9132207085907624,1.2589522488289204e-10
2.883429124692467,4.70789352604525,1.8453798472545415,2.660422231793058e-10
2.0310049067254257,2.554649971283191,3.219656763997186,3.340484237892905e-11
4.8712881184359365,2.8439443391770207,2.3455354932852734,1.6806105806423442e-10
4.075214578772923,1.7319655238299854,1.8688073509281886,1.348797831110086e-10
2.0170501910719514,4.920331372319318,1.9778655616940735,1.6931823103553752e-10
2.379352596077569,3.403168933115347,3.657833655178059,4.039062860684991e-11
2.2934304826048884,4.887290365018761,4.741389840588459,3.3275806904015115e-11
2.423551555887479,3.570229758612248,1.2107034881448455,3.9396627254027023e-10
1.121274520456541,2.937311930857209,1.0151229631595053,2.1330985521786431e-10
2.5700133702566483,2.991588362728825,1.2306424380515026,3.38812672184457e-10
3.7980189255984533,3.2890707181039756,1.7443332843201635,2.740044414348361e-10
1.9067787898578636,3.298889264072035,3.509340252148705,3.408813936019772e-11
4.400640171059863,1.4755051099018983,4.365391080656665,2.2740314438729428e-11
1.0429562745820977,1.2051340935724424,2.5368806226701133,1.3034297042601294e-11
2.6873727071930618,1.2093316586924985,4.934449298671684,8.908039719911821e-12
4.0014920425000575,1.2087656200416936,4.8605124840921725,1.3664260508532777e-11
1.802446738722976,2.5048758118485766,1.2067921396819252,2.0690448090291774e-10
1.4407758449773151,2.981504500724467,4.353399258760217,1.5127288597801796e-11
2.1420799124820498,3.555638727965854,1.5153461157463477,2.2136849813037507e-10
1.9656586762337853,3.9688020215082673,2.9850722818389173,5.843109722689255e-11
4.931355536071935,4.4014240857099605,1.3056704138553505,8.497254120818455e-10
3.319985325055188,1.5866248018034113,2.235763269182248,7.033070506941363e-11
3.8644957499732278,3.7941907139830398,3.440109308805717,8.269013639802572e-11
3.2840850708895766,2.2493806400312404,3.538031919134127,3.9385835298005476e-11
1.6308015267652487,2.119306118209642,3.1800195171012513,2.2809797656129335e-11
3.514895049908593,3.0737018096837256,4.165400682230304,4.1557243172247413e-11
3.5971247349733675,4.413189288355136,4.283893188197357,5.773205115371428e-11
2.609148928371034,2.2329195067017276,4.6226638355712,1.8195898872544015e-11
2.9103306059230025,2.469649529078056,4.286667836981086,2.6105029620749733e-11
3.1709638125630706,4.22729179236164,1.9545824367709423,2.341702558826688e-10
4.7410264210326165,3.4580105571037905,3.6860707996997646,8.052997188852193e-11
3.0575009040403365,2.280277001563424,3.893201958939242,3.069916316042436e-11
3.4855142593112873,2.6337004069882295,3.0910206305520966,6.41232653082755e-11
1.8692198038811307,4.036041262490027,1.3178256334820415,2.8992540447345296e-10
3.2775933718812795,4.9247840394009295,3.0846222835253267,1.1322034721284109e-10
2.519396505819179,4.470083622442042,2.728418764361302,1.0096627113248728e-10
2.0175698268105706,4.151742503841527,4.754064834130353,2.473517495197601e-11
2.8591348351836503,2.388949241073417,2.358943489758906,8.192051750349266e-11
2.4067171048745193,1.6588537565468235,2.56259181228116,4.057518223840234e-11
4.750796113398763,2.601177864971785,2.3102251892629417,1.5453043063079058e-10
2.9180730758503275,2.503787219356218,3.563664420545686,3.8396017581951714e-11
1.2987029443030753,2.775086049060967,2.8962303421707456,2.8675188628706902e-11
4.618480172504148,4.866854778296771,1.761713254608682,4.833516769383967e-10
4.11197023745849,2.2426535174436695,3.759578402062771,4.354317115281758e-11
3.561267376433944,1.6986081403151303,1.4336956126810638,1.9641292904317014e-10
2.446177731602509,4.046146546855047,3.1057570331677993,6.848269838324098e-11
4.481292794241342,4.714605818190654,3.979971591367052,8.901741247232438e-11
3.9627072539196044,4.729165858944903,2.8985180568071205,1.4887120970830534e-10
2.313467295214897,4.522610641962659,2.218296105515743,1.4190566510002995e-10
4.211685572861462,2.7304473240182503,3.8411017097496796,5.2019279378870805e-11
3.070981707215386,1.6558055831100815,1.8530836495915142,9.882861887735697e-11
1.5861919136062306,4.700032758842818,4.200274340101403,2.820249327981937e-11
2.851814768671108,3.043313999804821,1.424930733660414,2.852770090796073e-10
4.169638949009247,4.539767503501394,3.293426959745838,1.1647217682583254e-10
3.886073674073414,1.9605351809389928,1.204497964148882,3.504771685447267e-10
2.3797211974993306,3.3757922876236623,1.2868036297435776,3.2379000878546825e-10
1.3049889455131964,3.766464836789146,1.112414609218987,2.6509014632303154e-10
1.9846364774564496,2.8058747036611282,1.5560925074915049,1.5348453478659734e-10
3.4039242140703014,1.0511536596276256,1.994739648956104,6.001500560500222e-11
4.368585771542865,4.968773698131166,4.396959058175157,7.493271062351919e-11
3.926961892469427,2.0759701122465146,2.586202517890871,8.134651005377174e-11
2.891145342472615,2.158779303046645,1.2455216452535347,2.685108344777396e-10
2.620895528073957,1.7123399287772103,1.1889061543605988,2.118998969733719e-10
2.5608732828103964,3.3936386162663568,4.176969753473154,3.324430236881306e-11
2.5437990961193586,3.382189898687045,3.594572796453907,4.443983446794669e-11
2.745780038120028,1.0037083996552,1.0396985628268873,1.7015496146708052e-10
3.798901754341529,4.7167546257827,3.4795747142270987,9.877231121002277e-11
4.9815173541185915,3.8135208906898135,4.997381578599958,5.076787162925596e-11
2.1601996009008104,3.105743227659277,2.100381714754642,1.014960575461773e-10
2.5823624496097373,3.2299487235698274,1.3493330045593943,3.057459701153354e-10
4.503639393644827,4.222797205834127,3.9410156157958305,8.172101003904555e-11
2.1315259596092035,3.75839224962027,3.0449826359079375,5.7664601034227814e-11
2.9049652137840414,4.448677327246681,3.587400692240592,6.701905037456191e-11
3.242534739350934,1.9912778608255506,2.54600812384266,6.647879443207071e-11
4.817404599954887,4.272602969070132,2.423334229331308,2.3391885519213407e-10
3.453001878571298,1.7882876614242562,1.8780523311552435,1.16843623849097e-10
2.8416754409438623,1.6692609842546355,3.1631901724288323,3.163984254585274e-11
2.6308568183622536,3.7650689318392376,1.980758237180535,1.6849747822154737e-10
4.942681904648441,1.6541553442458348,2.8561303684873263,6.689121774081874e-11
3.689977967534704,4.099321346735968,2.8183691191897124,1.2709433589885106e-10
3.7305443373665756,2.678100347860032,3.1210916993956626,6.844980209532264e-11
1.7147010045977518,2.4349918627383897,3.435329107228051,2.3612143860329607e-11
1.8789887126051101,4.615540463326614,4.925012823364206,2.386262437409886e-11
3.8344796283013673,4.770769804949207,3.4338807061365926,1.0354060345562546e-10
2.954606138622285,3.9510523001981745,3.4077967525587662,6.708898279838341e-11
3.090992723415869,1.5949557437936623,4.603073923215515,1.5528765184418933e-11
1.6422492596665306,1.6109652533402912,1.4247897157747258,8.697809809995341e-11
1.6458788350254872,1.793495286506801,2.1423725461491934,4.2923419595830585e-11
4.260668814277073,4.236645252199737,3.600657010514408,9.29228611008972e-11
2.9604461978213505,4.508821153380506,2.658897125992487,1.2600950769936055e-10
3.1500646606703016,3.580128734147172,1.56359701671671,3.0786098023909297e-10
4.197636077068611,4.484667117763186,3.311493194029802,1.1457067317023584e-10
1.2797646026985134,1.3222285946923225,3.6822048896409454,8.329270000789738e-12
1.5052662696835166,4.878490414234765,1.0378472019852039,4.5500707605839596e-10
4.206460652450318,3.8990346497269335,1.138428515845014,8.445951760932107e-10
4.2952276501894655,4.236461921875154,3.034536637820966,1.3188364010114206e-10
3.304948629860103,1.1101955411659055,3.2401862521900746,2.3324398055852598e-11
1.1346976035058165,3.6374733533890646,2.982316641917918,3.097124448787333e-11
4.550767427826571,4.7946090657061164,4.264439576952726,8.007558405361931e-11
2.4517865731432456,3.513844430819314,3.8511224426835233,3.87682985299674e-11
2.9040255651902847,1.541448197391928,2.948073858430685,3.4374694911030356e-11
4.98569468627424,1.2106285771104206,2.296967957822054,7.635068353075536e-11
4.362396076636407,3.9334974933793014,2.6738423532085878,1.6018379473968963e-10
1.6108543804685436,4.827407290979732,4.866175305134557,2.1916990828683824e-11
1.0160511284612155,1.9109594570695942,4.934537251038133,5.3218223653414734e-12
2.8369263473513384,3.3272187864582765,1.4620495728758955,2.9470766133124905e-10
2.3860944697161943,2.168710582136097,3.062502717539763,3.6823279941202175e-11
2.4399732951418964,2.7302894123104977,1.3156818033655724,2.568492039285069e-10
2.914185344703026,4.387484318787795,1.3362102766198025,4.779355486232022e-10
3.816289725481187,2.5269975744396396,4.556579216371694,3.0999487625125254e-11
4.029204096521276,2.505885152412907,1.8296083278431348,2.0130305937267318e-10
3.8435090205899356,2.976069145465613,2.4282258727783645,1.2947292510978659e-10
1.1812691880869393,1.0826368556329884,2.399986703040647,1.481836250396375e-11
3.3318190667191527,4.593935404144904,1.0678452279495008,8.958511867161057e-10
4.114825325987809,3.40644803236018,3.9712800412226654,5.931688663250343e-11
2.6087832318567226,4.821279559403789,3.491014230784708,6.887843531642388e-11
1.8659554357022818,1.6803677601248683,2.692591811794525,2.8863618031007326e-11
3.8898231458557837,1.1694662774558093,1.2086805147223245,2.078168319174319e-10
3.521560263446935,3.2465065511322053,3.2421906211250513,7.258727959678547e-11
1.076802721415509,4.432377473733121,2.8728127471393403,3.859619105323201e-11
3.309389380238812,3.0854980068685802,3.215014782985451,6.593156628431703e-11
2.952586927523659,3.627484922580386,4.19161772494088,4.068470530336333e-11
1.000272905642996,3.942783211070348,1.8550501478059185,7.64885269677539e-11
3.9015424211376524,2.4366618760178467,4.367177706131578,3.326718669485824e-11
2.2050387915451855,1.86967067088671,2.365048708487847,4.9191194975152075e-11
2.8317524690376277,1.6417287135614682,2.2595859563897895,6.076942826427688e-11
4.67066000492324,1.0604059583532277,2.058520023478106,7.800571547168321e-11
1.1985559537909198,3.415844949905333,2.4885769487089466,4.4120509309134515e-11
3.517858860221194,1.045794584360288,2.742526779234233,3.264444190120238e-11
1.2636138492148872,2.0231467869671453,4.111909866311436,1.0091153222680429e-11
1.7732520678336257,4.9715005389495115,3.7453783422162217,4.1942351778894e-11
4.239158362715272,1.2846330244563466,1.4439446802876366,1.7431863455221947e-10
2.9086651929780434,1.0415381672833153,3.2854656326866136,1.873101312833044e-11
2.862498152207339,1.321295060190931,4.257205047676813,1.3927786211377754e-11
3.945223461086214,2.9827947520605975,1.4923847996560227,3.5263023434003143e-10
3.3417544621486814,3.1535002877939533,3.992285460477857,4.412761340425127e-11
4.429378068961423,2.9475640902906157,1.4626983357077195,4.0727023930260466e-10
1.2486655885943545,1.112669315244534,1.1330221759496162,7.223066892083398e-11
2.8645419873024998,4.7734904886678615,2.198094289302675,1.888794982176282e-10
1.6719573916259578,1.1168019321957385,4.33663624147525,6.6264599093104234e-12
1.7399180432669588,4.209731677172668,1.9026259972608028,1.3504003950079984e-10
2.7110574101723657,1.7853608788316868,3.3080123925142595,2.9520021894599876e-11
3.844990590646867,2.80120145826444,1.8823925205620151,2.0286421758574263e-10
2.2830772759850557,4.019611595459542,4.365479222328043,3.213860730320989e-11
1.2458571915036076,3.2751082988711784,3.9548855270041496,1.74105422047789e-11
4.9004822731734095,3.9974455536441886,4.4395701634462235,6.633240352709567e-11
3.910865406527189,3.75879132317268,3.7608325006137413,6.936482663951851e-11
4.366216487455484,3.078653142541508,3.4864150890791676,7.3806403687221e-11
3.7560633419081038,4.789201939035513,3.304855760997513,1.0992013175097953e-10
2.7721892270505797,1.8667747647835604,2.902277511333254,4.1003707036579195e-11
3.104178923321107,2.4095919431158683,1.8067809045770744,1.5292041452605905e-10
3.1372746696182876,4.3488983516454915,4.446135391846071,4.6063044101062723e-11
2.3338180990125994,3.799530644350885,2.844365847788841,7.314964899665444e-11
4.823664546414534,4.40633307427033,4.015764349295379,8.796384058466893e-11
4.059033570896065,1.9170016803327306,3.317483366857988,4.71860725320447e-11
3.1628953670859934,1.2650836521785807,4.990766291494381,1.072150629338541e-11
3.9521938618950503,2.437135686120996,1.1214742922948977,5.111230954725065e-10
4.823502749402989,2.189597796209972,3.8539959954703846,4.7455937993728243e-11
1.989723054371734,4.224992530557419,4.598184944773566,2.6535783152756705e-11
3.863536152075042,3.52233728638141,4.259562282546687,5.0057848228366206e-11
4.099166686982405,3.143747933845195,1.5354920084028865,3.6478282054297806e-10
1.3382183320344478,3.391714885378182,2.578989654981431,4.55442248090005e-11
4.287301687951596,1.0129427297361309,2.0106238141414656,7.169576362557752e-11
2.0687041117423393,3.110851044087243,4.866141760297314,1.813820404314409e-11
3.284306450427298,3.831029369340676,3.696209802809806,6.14656003669548e-11
4.097971512471915,3.239019514943822,3.7512802086593844,6.295202291953816e-11
1.7899695904734365,3.0352138386903933,1.520515794053881,1.5683365997379777e-10
3.682078675927273,2.359412720399364,4.108645072514981,3.434677226604615e-11
1.1819334604478993,1.3600069330947235,3.7717322237647144,7.541168555281884e-12
4.392537854125758,4.2658440609022765,4.940417605106086,5.12364899001114e-11
1.6665152824260483,3.5130655020592987,2.1906387884568037,8.142170715316111e-11
4.442818641758668,2.934947031977968,3.6073929377772957,6.687413138986452e-11
2.770617382285123,1.1799651192408511,4.673682536921669,9.988804371582256e-12
3.737360428144583,1.6058403958957008,2.8890075313348276,4.7990603994706497e-11
3.1740965569543573,1.9239237577067896,4.829686100339416,1.7472553681778054e-11
4.969028072267527,4.284584566618536,2.2860816036172653,2.7188353880036084e-10
1.8541584137532912,3.92913394203434,2.591695975206494,7.238719763799365e-11
2.593554437845584,2.952306301362808,1.2796506191158388,3.1207584970300333e-10
1.9552436229106687,4.72619295305001,4.1058110232125244,3.65847941694431e-11
3.5314807158546766,3.2206844434449615,4.725944337873946,3.3987092423092594e-11
3.6345017950181524,3.1682831734716754,2.1957490465670393,1.5940049846380904e-10
1.584819632883983,1.1878065782461316,3.4037596012568674,1.0844112446729374e-11
4.6073858536233026,2.397327279598136,3.3807399999809427,6.449775080593775e-11
4.466812345015205,2.6768392308930062,2.278546550435512,1.5370584662914013e-10
3.1418731182243276,3.702196303400955,2.1265288713121873,1.7166893814806048e-10
2.7363434891275444,4.131229869707887,3.299789666924775,6.928889881484828e-11
4.822202912234738,1.447511293053879,2.9190297079040852,5.467346692658929e-11
4.993722829895869,2.0292833601476525,1.955681872460754,1.7683039205600074e-10
3.7501928975264285,2.0131084976613307,1.144239492782689,3.848337255252383e-10
2.3256358231619676,3.633754416208218,3.7005672451938016,4.118574085515641e-11
1.5481848949661008,1.9699969702364926,3.5678988719942675,1.599003866342417e-11
2.004686932198834,4.4803402230388505,2.638800003339634,8.608565812592082e-11
4.0996251741609715,1.5552922106251925,4.089734310139681,2.5442053447707795e-11
3.1597672574565694,1.4546755330451133,4.786182135572377,1.3391492678216296e-11
2.0458616214735774,1.261055715573331,2.23987126466287,3.4320263707005655e-11
2.787653862074662,1.405801432413956,2.673764717201604,3.658496592619455e-11
3.526431110080766,1.653132479267423,4.743852200427152,1.7288884212676192e-11
4.4425478257922535,1.0093925207140568,1.7947954691853059,9.29070065831747e-11
1.164824340626764,3.982717032740898,3.384861514616459,2.7023667017010492e-11
2.7539421608908423,3.565154837441692,4.13715693991416,3.8283833768304034e-11
4.725681730913971,1.8988642134484044,4.488545990381768,2.9725777471387725e-11
1.3283862151189685,3.1706616517134742,1.3364306824297119,1.573865396160354e-10
4.289737196002205,1.187536555907832,3.52014466893195,2.743739350060898e-11
3.1509742116955546,4.092346315801542,2.330301264060708,1.5848176107500593e-10
3.3196648940092994,2.179392253477782,1.8236193766328745,1.4519359374062473e-10
3.9880183868190975,3.1539076122000123,1.9939307876730412,2.1114080021141623e-10
2.4513174394354214,3.4937534482828854,4.724346299298903,2.560911453399617e-11
1.0880864358742839,4.040415971668082,3.1850070819457192,2.8923768258311576e-11
4.9485704182269705,2.1212536523429386,4.282774907729388,3.8195136023234894e-11
1.1267927882083524,1.3284791547784782,3.291840796352551,9.219499792217577e-12
2.629428059299272,1.5847814222369636,4.54131326058442,1.3485092990887762e-11
2.028308652771363,1.2431852610813228,1.3825029552764554,8.804890545892157e-11
4.905077082917517,1.0257443358879916,4.131802816348918,1.966943983361469e-11
1.8208525641285584,2.808231210801406,4.330322007059986,1.8199248787288517e-11
1.4546368822677929,2.6116113612130087,1.11496570973312,2.0395122788891434e-10
3.5974893762935722,4.411030958325954,3.7899919213377355,7.373085324638105e-11
1.4917267199620992,2.1356804389070745,3.397174988500986,1.8423659783302147e-11
3.4485282488503217,4.797563262068261,1.0937303261390432,9.230392999546762e-10
1.917758817685685,1.7476060115533545,4.058733456310208,1.3578214268789868e-11
1.9781512022757215,2.803024645160344,3.053060676746272,3.9701026116608045e-11
1.2331526379969042,3.734338234969851,3.0781662941199115,3.2436391471721856e-11
1.643119780321698,1.5507053365978511,4.77659699942132,7.453281163935024e-12
3.705076374630194,1.0860770273472542,2.725902553375754,3.6142928765243126e-11
3.0175973821687743,3.665674905133227,4.255982750416215,4.075695452556786e-11
4.308666269382398,3.653982645320896,4.637241345358442,4.886255145366321e-11
3.5676673776052277,1.4114673005687286,1.666020947541198,1.21082245248331e-10
4.754242432516701,1.2073337493480651,3.2368513738820535,3.656363376881475e-11
3.7945473262470304,2.624590618663345,3.003044486120183,7.370283896080002e-11
4.053010584682518,1.7382325781759929,3.2254143871011753,4.519608199804309e-11
2.675843592028514,2.3499034792414912,2.019180523093616,1.0293110955449344e-10
1.8215249827900313,3.7945574537702513,3.6280411027088397,3.5045968809304254e-11
4.713632051990481,2.497014166987367,2.622480651752778,1.1421898632289447e-10
2.7665303147302733,2.5354030977661988,4.845307432187866,1.9940037757489227e-11
1.2757439072793195,3.7949345979567006,4.566095202455848,1.5497586762522228e-11
1.0214414762901325,2.397504230978586,4.12942031385694,9.584752293111924e-12
3.9879067015923906,4.217153711495763,1.510518248140305,4.919247460624202e-10
4.529136582315157,4.025610100904112,2.49405690072922,1.9562331500779308e-10
4.263893357728687,1.1843374722153563,1.710985550160839,1.1512650575431236e-10
4.491364816289238,3.7825739174251605,4.7010711071471505,5.130483768291355e-11
4.108889152810262,1.114255749517982,4.10020209834091,1.817544213099515e-11
1.5864881062875464,2.546031976394921,4.824139039189887,1.1583698467740051e-11
1.6919058121362704,1.7857339220804471,2.87969434434813,2.4315675915614635e-11
3.204974001043824,1.9941327260606179,4.605407187705165,2.011077027636261e-11
1.6827933573218132,4.2200642909302655,4.736662316367088,2.1124732097406516e-11
1.149232255031134,2.5185169872682294,3.429870228538,1.6420391837569322e-11
4.127045466174502,4.104622158990187,3.3626932922421497,9.998253087248449e-11
4.490360058607177,3.327106726254209,2.8199054306643254,1.2539060938554865e-10
2.359903284281618,4.896428740949162,2.8119769826610206,9.752957294445414e-11
3.383073020216658,4.462892740980043,4.413759097698106,5.172455605548079e-11
2.580479387128007,4.19924460653286,1.4465688848481797,3.4560461326364606e-10
3.1581223060166517,1.1988957820081905,3.8808515541628728,1.6778089928365185e-11
1.7136723555639457,1.2316138539229442,4.11546955483416,8.31667580003931e-12
4.70560879829779,1.9524192655963066,1.4189498377262875,3.0453766993690884e-10
1.6991360651264662,1.2502558564433346,4.554125945419866,6.836017787151979e-12
4.166918172096484,1.1592026156886144,2.3032900493704673,6.076636586024954e-11
2.8229138247376566,1.121478764951667,3.7475693582360172,1.504442241589706e-11
1.8364686603258171,3.524518931625903,2.649783133128912,6.152461557767764e-11
2.684709133469146,2.3272288336554356,1.1783866244413885,3.002941854176811e-10
1.081415123583111,4.3680927223687895,2.9315742957224,3.668332382813956e-11
2.8009775512963238,3.3038647576267333,3.1171889488980353,6.356116314014212e-11
3.319669174824407,3.4114477043514833,3.6277848379120954,5.742971797185147e-11
1.4584682971149472,1.9428650595429597,2.706132709778976,2.5824246115955755e-11
2.3392987154991536,3.40955031237056,4.0194592238804985,3.2948354770850524e-11
2.1452198041138595,4.176631860081395,2.597557087254588,8.862454021197967e-11
4.124692490792961,3.1430145486197367,1.4156664946671853,4.3172009370752853e-10
4.66133177351792,1.5232650877424758,2.4416845325595657,7.948635863259841e-11
3.406864020911178,1.6427873145143348,4.4631534549304135,1.8751616143144896e-11
3.365726152265114,1.0129786229414828,4.772463482019493,9.99033455816817e-12
2.8213450025971767,3.4758814354250975,2.0639575209660723,1.536405464585847e-10
4.356338751793246,3.084058916506605,3.352868956460488,7.976224187627359e-11
4.653422874755282,1.373051863758958,2.478919502300956,6.939382336020549e-11
2.8808472251342314,4.0670246468733495,4.132558434054891,4.578732038262604e-11
1.5908848831193314,3.3918498846435114,3.6712585181746116,2.671970421274644e-11
1.2608143162599217,2.41868406029281,2.5383045462295657,3.158850126892519e-11
2.9846823377932408,3.970513066302154,2.4144221153469503,1.3567647340204446e-10
3.1206260465542424,1.3618242760160646,1.7381450745346334,9.388083829187639e-11
2.774202235945965,2.068639648994696,2.6206034536013965,5.5770757862768736e-11
3.4332554763182825,4.544719423622988,3.631274044708321,7.897349336781484e-11
2.7823834614780116,1.7018902253834671,3.600057718712881,2.4384609326465733e-11
4.063945497894792,1.7603003001326072,2.0840984968178615,1.0992193366478066e-10
1.9790238093124328,1.8561886127747296,3.5112836875131332,1.9885086649967175e-11
4.032627308166777,3.2713326105021965,3.832748786078043,5.993469264121039e-11
2.9776149184202128,1.6170484826042246,2.9692831798397616,3.644807020553355e-11
4.149117752626826,4.458957078462072,2.979980965435061,1.3904272623675773e-10
2.6438535086926396,2.9462516227234348,4.205498422564313,2.9393985540794026e-11
4.438244981302791,1.8265219544410631,1.768660758653993,1.7295506674182803e-10
4.533221255414454,3.686320872378161,4.364265781084214,5.855498473017796e-11
4.882209931279807,4.072347446890335,3.5831608501606977,1.033510439407471e-10
1.939244588324935,3.673557723409455,1.2251031301784083,3.1678190042681677e-10
4.6806477955168635,4.604212507128979,2.111810636046387,3.225058374385015e-10
4.66899399506024,4.4240317084152725,2.2876676274346446,2.634158452927338e-10
3.744295212764476,4.695172947381889,3.239306313012751,1.1181597224467401e-10
4.569881335096351,4.800357767235278,4.831841803035962,6.271036346412933e-11
3.017628087938376,1.7165819229370722,2.8990406334938177,4.113465369479428e-11
4.4167925463896935,2.1015601348278015,1.2939019404080687,3.7002604757171654e-10
2.1327470276223712,1.1990950381452343,4.741694426936135,7.591227863168115e-12
2.0297571308914146,2.0044752965295856,1.6171435144848059,1.0383263124762846e-10
2.503773415672648,1.3855961426669183,4.470987912093587,1.1582729137853328e-11
2.922292763331834,3.681701832930857,2.3652821572577634,1.2834904078549727e-10
3.4838738179952844,4.870991153401979,4.419777796601338,5.797824810945372e-11
4.409327975985915,3.347845276670398,2.823429998323947,1.2358618761150388e-10
1.9833266978382498,4.67260133901794,4.122117498793434,3.6399754582713766e-11
2.211570880303686,4.537662751070853,2.5954696373201034,9.942311708173147e-11
2.269298927139328,4.474715812079885,3.8363222124460834,4.604825910390976e-11
3.0694042953145884,2.1164287045387185,4.149441424590512,2.5180518318731307e-11
3.268295884978753,1.4984903910973268,2.9672718482285716,3.7123324307513514e-11
1.1390728169025937,4.364659839391207,4.470592844071386,1.6601902365945726e-11
4.0134092603819145,3.0948893932405803,3.113683505915593,8.550585443748098e-11
2.8723016762555034,2.4814987680310043,1.4752028738633274,2.1858825262946947e-10
2.743516333600074,2.8565827189365693,4.9315382613276375,2.150679735928787e-11
4.109510402893498,2.2938287465560774,1.2643143152533654,3.9357469447592865e-10
1.9302962721301777,3.7256626220638953,2.256174429812551,9.429059000587662e-11
4.200604637590338,1.7022229408067728,1.7194549063881674,1.6141090317295897e-10
1.4320310174880428,2.8469112625041237,3.195136001517447,2.6652248888303823e-11
4.3019762117474425,4.221561311789916,3.4059505526093017,1.0448420216105687e-10
1.163594383500714,4.203170113567763,1.538570775096343,1.3788906552569512e-10
1.0495183347706956,2.6332369214499485,2.706199163238746,2.5185272679279776e-11
2.504704890268661,3.960383361318737,1.4766856374089605,3.036014850620576e-10
4.725209740269911,1.9411378885721513,4.970386520893031,2.477897592349667e-11
4.571159752697231,2.452989657482866,1.418664823407978,3.7183367425614525e-10
1.991183268808678,3.6405749322524374,2.856160102097468,5.930650273544924e-11
2.9733193153008037,3.8117739457108026,4.244622578890441,4.1983315421579295e-11
4.527680924564492,3.140580318310892,2.096867135093993,2.1583908675970413e-10
1.801057833008461,1.339529808372947,3.8594438217704674,1.0809778517592926e-11
3.2566875723966633,3.9457777609120623,4.563736428886346,4.117691547658082e-11
4.0178049235101785,3.7506268807948318,2.555379897664209,1.5401675282088198e-10
3.5195932753058794,3.7254252463237267,1.5050048070106743,3.863480821813747e-10
1.213011314678282,1.8049315150826666,4.711806057288092,6.5816831335861926e-12
1.9652449571255537,2.3607657206477426,3.494910006011159,2.5350340028527803e-11
1.7977076720855258,4.284370347256459,4.952744046180632,2.095561977473594e-11
4.281581321826135,4.944157249363669,4.02196064750672,8.733876380749054e-11
3.657434402657978,1.6810629235186378,2.9720499290705154,4.6455219398529435e-11
1.7805029143611852,3.361305810458778,4.97213635437343,1.6156632895773728e-11
1.0623424997879387,2.1065624682173683,1.8138628589120143,4.539585543625346e-11
1.9768712144584364,2.5642714880057613,3.748587190955653,2.4076499774319598e-11
4.981070392608703,4.424522777592566,1.4631829997409103,6.870336735326159e-10
1.6120608829966319,4.301761022771476,3.5740253360459224,3.6232530682661206e-11
3.3898409911821776,1.4818051853752285,2.0272097594835197,8.157540955391132e-11
1.786111380835627,2.107498807956905,2.9853931333446795,2.818765962240563e-11
2.543053435065066,1.8146956340305258,1.0046819229092026,3.0513238678341746e-10
4.943403251745476,2.469401530693064,1.3732883351293181,4.319967623921993e-10
1.655294591049635,2.040120427373129,3.1535306215909236,2.2663302610158265e-11
4.846261323509157,1.11855597834488,2.2856754578881824,6.92502944144543e-11
2.2918008403226273,1.878050192344082,2.565448531299835,4.3645920703129276e-11
4.010690863597953,3.4546844498783607,1.9822384901581724,2.3534336918970417e-10
1.1744199750032607,2.796626811069748,2.1788063671857882,4.6174997116058464e-11
2.515256117435354,1.2375237572473345,1.594081288804829,8.175249826144008e-11
2.097435679747433,4.067934354813843,1.2395100608211505,3.706369194002504e-10
2.177383454377503,3.817397903792463,4.996048791773974,2.2224664278109592e-11
3.021982802320022,1.2128256684595975,2.475717762739236,3.990931791717894e-11
3.186775193511677,2.7081985692568358,2.174034741360323,1.2186673468269768e-10
4.28306577808269,1.8580191306422162,4.008189673147185,3.3059371915174553e-11
4.016215840969318,2.287879708424369,1.8198008566234973,1.8517770754639196e-10
1.3601917646899628,2.8032358200135645,3.7671576762762102,1.793157268637368e-11
2.795981716696836,4.409742122912097,4.587637756499411,3.9098084953107666e-11
1.7607918546320906,1.5936012922422949,3.3933969820288143,1.6263145877639535e-11
1.222886786816154,3.7729836116420716,4.354574670087519,1.6239247077954517e-11
4.521981954920022,3.5154153419952148,3.8378494467959148,7.203039610337025e-11
3.7183526547689696,3.1758246814949977,2.1092849980999393,1.7714250053042886e-10
1.4176474031423463,1.8631964200945834,3.9041853493812257,1.1565175173466399e-11
4.15582740154952,2.249204857372459,4.679193617796624,2.849250842383964e-11
1.854616151962329,2.5127409593383407,2.294607234587195,5.907058095514498e-11
2.211859530523977,2.1430606445298785,3.6308093151478134,2.3997794158371232e-11
1.1566433446337583,2.675275118539264,4.02243152994693,1.2763706099748296e-11
3.342279821546557,4.559505193868612,3.1981655277747594,9.943627538313585e-11
3.555267674517005,3.562494275501389,3.02223485649502,9.254570354317026e-11
3.9858948132359435,4.9137605448067045,1.0975269002824874,1.0851647492718588e-09
2.3203832218976252,2.713418828900331,4.489014912451241,2.085262133617796e-11
3.190891573813554,2.326157493334198,1.4317539931371224,2.4165765612389197e-10
4.59821723147088,2.0584131578151803,1.9172112745002519,1.718574199987214e-10
1.178057989656493,2.960231099812233,3.688210569015308,1.7109884279128864e-11
3.4110154824488275,2.9957953691770824,1.2479657309850034,4.37901787971664e-10
3.384585132879953,2.968073906457406,2.073704436813334,1.559095226612488e-10
2.635925579297875,3.610260687958493,3.8400320499617218,4.3071322903007936e-11
4.075884582678706,4.596229983443786,2.33734199509807,2.2885758308849807e-10
3.419442987524647,3.18669675110921,1.9665979715680484,1.880403856822718e-10
1.5949213677405614,1.3874380104991135,4.758368057689886,6.522633913163235e-12
1.5753781092351855,1.5467234633896436,2.478620924424148,2.6470580110369532e-11
3.666069329926085,4.489552457175417,1.3982589675570969,5.618426448163902e-10
4.618169562320945,3.6237182920966564,2.9373624027075134,1.294480288522955e-10
1.5165319033565092,2.1650210539811967,1.017558450986562,2.1163190747938903e-10
4.303172160966733,1.753030333017343,1.0501519599106537,4.565202646212922e-10
1.5734589327332347,1.7745367952270423,2.620313223492291,2.7140647624177367e-11
3.830156134128808,4.4247672192215415,3.893614398647221,7.460831468535836e-11
3.176493668065363,3.7277251298000884,4.268742370367349,4.336887814677892e-11
1.8947423800055314,2.832686305079039,4.43605326252383,1.820293215695772e-11
2.476546375677119,4.924352696028089,3.916465437123745,5.3063173708857504e-11
4.859398226082092,4.961516667189411,2.1235667324119825,3.5682175220577e-10
2.757109018756098,4.169687784572057,1.89148269166202,2.1445636248954124e-10
4.5070243896465,4.0476531028972484,2.967950047579735,1.3821851449950958e-10
2.7680948170032242,2.500690952343669,3.439438110267715,3.905280106005631e-11
2.613944899291804,1.9723463831281225,3.942976954616107,2.213183080429924e-11
4.65230653745326,2.0851906329120222,4.944406396723048,2.648329210906515e-11
3.9686597020688703,3.530081603989236,2.8101972248671405,1.1839713885806243e-10
1.8880045358067492,3.9112640005580652,1.2564239428401978,3.1220076194147163e-10
2.18485693460363,2.018333548161479,3.345899818560873,2.6289133934603513e-11
4.747839740367237,2.1058612682494138,4.005824962392265,4.158417343394977e-11
1.840808164818414,3.337503788780342,3.4487201625476676,3.447470745004476e-11
3.5208099982572967,3.0228038780114592,4.801162671877898,3.0813846877788736e-11
3.8783189770019177,3.462975466608268,3.0962156845898168,9.350110205941481e-11
3.204725714221656,1.7126894574604128,3.344731232624671,3.2744113774604965e-11
3.973534157299512,2.7835125624416923,1.1901794969595283,5.211124027435105e-10
2.4267602670554904,1.8445877865765348,4.490397850349705,1.481640238693183e-11
1.4116300624353437,1.5343678219495542,4.088143660133609,8.649366212819811e-12
2.563521889971772,1.138122839156626,1.4851515621939062,8.828172658599035e-11
1.807697310855862,2.558284794550607,1.4263223648606873,1.5171391648205506e-10
3.0801935032993093,1.2113587510431651,4.166858841941442,1.43423199688828e-11
2.613289662271236,2.037907401989457,4.865044705291708,1.501704661032891e-11
1.1214589038762277,3.1720917907442936,4.889262153626832,9.931815968839335e-12
3.1835492341186624,2.1445546040811694,1.8350027179246013,1.3531983448738937e-10
2.0626138743071287,3.6329723081786804,4.3822576043395935,2.6041765145361815e-11
2.5139198855463363,1.5976665064229465,4.329785191087282,1.4298519267820359e-11
3.9392354355636314,2.7688473279293238,1.4070242216622346,3.6770031545338404e-10
2.062564441120337,3.7911172716025234,2.3133327173894167,9.751799131861052e-11
3.93631145307211,2.1425854613253317,1.4048926705609328,2.8518554981206984e-10
2.3138808366995383,3.5054737351440353,3.368779835322541,4.7701128266358935e-11
2.3671122493733483,3.6991476710608913,1.602757421594954,2.2749462016375683e-10
3.315236875113686,4.480388426005836,4.332741772994986,5.280691794150688e-11
2.908543568070103,1.1014295924065647,2.176317104426848,4.51413108037033e-11
1.4775378038547315,2.5929727782911516,4.199403387360856,1.4499317927927282e-11
1.405675825412522,4.2080712740192014,1.9471862029291307,1.0412127991682245e-10
4.845628096986313,4.101467135381927,1.1587659405896709,9.878342366622176e-10
4.811554344835299,2.2904283597917514,1.2318339283246664,4.847122400794392e-10
1.8311208793624223,4.366507327894242,3.2718303374851234,4.984893225579275e-11
1.6924109328805752,4.27862519517249,4.19485123718321,2.7463958919309923e-11
4.549159569381842,1.8837636515584069,3.468864319736965,4.753014717666498e-11
2.5278182064187344,2.743912437355231,2.131590982076004,1.0188131446198922e-10
1.211582288955403,3.806128608367562,4.4136649245023145,1.5798791168891207e-11
2.7340548195357823,1.3065484342666087,4.629782999706347,1.1122378303300237e-11
2.248340152502269,3.7194069117992274,4.435406460719811,2.8369720891252502e-11
2.926452971511071,3.8738100211367086,3.3095105892274583,6.907780354503468e-11
1.6194768023428199,3.8772515813878337,2.951153835404384,4.81172965042879e-11
3.2978650783367134,4.482009951047204,4.524318047365652,4.819318716869463e-11
1.838626847809918,3.8905457364901643,2.038034420069701,1.1493896867617368e-10
4.526913004553277,4.604909476976854,2.469992430146384,2.280437655503175e-10
3.999508846264257,2.658496811482929,3.1228311004959153,7.276658876330741e-11
1.6989423138923057,3.208933312751739,2.041255818833435,8.73234037588939e-11
3.687594851433077,4.952576514201856,3.5946340832051424,9.433030104156606e-11
3.521377226132448,4.821663576139684,4.737623743419266,5.048641410829933e-11
2.970587391812785,2.9838385301585295,3.1969906846743514,5.787901235776437e-11
4.695951589281949,4.518227772886057,4.540218747450661,6.86948815360324e-11
2.324525978156648,1.816457123156479,2.5571560263444675,4.3095438318300006e-11
3.1411689971273566,3.498356215484272,4.653298314820641,3.3870354564033036e-11
2.256240145106601,2.6258720187788813,1.8669484120181843,1.1344371623399905e-10
2.0716545715277848,1.0480261633094878,4.229446103917217,8.100441304642605e-12
4.701246551776027,1.4290652860588815,3.0737540508771426,4.7458397739689805e-11
2.09698736938638,4.73365534588598,4.820801459456536,2.8506254582089152e-11
4.949699812788492,3.2396578230557878,4.511949570675954,5.256972813856222e-11
3.6918013096179667,1.3822186786511934,3.3683965854756934,3.0016140011865555e-11
3.601416207313219,1.4474376602368415,3.4186605188447015,2.9767847506357606e-11
2.4920737314569874,2.079599325342991,2.9743000501207915,3.909823933151674e-11
2.0939519704544045,4.1897051503607265,4.591542824686474,2.7772763783089854e-11
4.068167983907116,4.141795830002922,4.168971599378928,6.470173004895255e-11
1.4315857329954955,2.087569296068963,4.4219861423804705,1.0200224022513276e-11
1.1475740755771437,2.4736742741742215,1.3844885564722724,9.883953707329741e-11
4.035405470713226,4.46003140901375,2.377555571634933,2.124956013247208e-10
2.9449636378918735,3.8733452870337723,4.4610111378637995,3.825478255082689e-11
4.3157132908040765,2.149415899661452,3.442366478612026,5.2245036461977694e-11
4.02570895316893,2.5312085455317836,1.7899164641715477,2.1227115265446155e-10
2.496499541344318,2.41978673307116,2.0895242360413957,9.234214502101742e-11
3.1891280389671195,1.1428120986665942,2.0961797502179467,5.535743327446484e-11
2.7224447693213225,2.2860367522921194,2.7596058735882436,5.45424154621286e-11
3.6477475111478603,1.2858005796298233,2.7964172241865923,4.0029544885454755e-11
1.140125472911779,4.689394527550629,3.268588866236126,3.3399120402048776e-11
1.4201139978032287,2.4042201980831615,3.645620115599698,1.714513180281175e-11
1.9633360358357046,2.8533861212928135,4.949782049519596,1.5260516472655973e-11
2.3883565982497084,3.4125653338001625,2.528993189880292,8.504935567481608e-11
3.4035260545589505,3.8088878684005234,2.585291758625099,1.294477022185863e-10
1.1200204915096745,4.905193651417466,2.9657508822042753,4.1686841567010266e-11
4.717529165116981,3.4141959009145255,2.3151949282504485,2.0054604790342634e-10
1.7764850571042325,1.7396562148213857,4.630619414171514,9.619068500715072e-12
2.254083572318374,1.2563115603270862,4.4372127388902545,9.59915645022264e-12
1.701071835709798,2.137784972335739,4.536399506027196,1.1793705730656644e-11
1.9623120066054547,3.9393894198254644,1.7255551518543446,1.732708429687995e-10
3.817057440272943,4.262089170545942,1.4757154094183886,4.985769597424722e-10
1.3143803798091835,1.0488631637621508,3.0685339843400343,9.771567313883358e-12
2.152447625822447,1.8018110128863913,1.668329089205431,9.299606827118732e-11
4.082681994664075,4.681976511405175,4.471884799105214,6.379399091386538e-11
2.1620688282948928,1.0737014322243676,2.456027262171609,2.568460455802143e-11
1.8077179480463368,1.4399557996073904,3.813612334309566,1.1945186823186175e-11
1.0827125695758726,1.8855106723693567,1.9195166882872585,3.69780999067626e-11
1.9293441486807192,1.2080620314608788,1.849209036176727,4.548970554443091e-11
3.38539047544928,1.086384743965393,2.1400036195940477,5.3598126911848066e-11
1.1687462540935645,3.0568243618945883,1.7385206625653988,7.88891372855693e-11
3.1333253726373473,1.101632209770893,1.3454181560666236,1.2726639875322435e-10
4.010709712611348,2.857203471643259,2.4324366274688383,1.2926041099096306e-10
4.153306868242536,3.2207409776870364,4.332931837217883,4.755238537066288e-11
4.326432896664491,1.64352384597932,4.099799176104407,2.823364933873677e-11
4.083634293921619,2.92756802584656,2.369739456420541,1.4208192763666623e-10
2.435478944532754,2.0028179767147236,1.8000874984740522,1.0046732312289818e-10
1.6763693257768453,3.566500473746421,3.752576121608206,2.8336041010547792e-11
2.306459908438519,3.7702782753819326,1.2553210464482993,3.6829506335342983e-10
3.7286650860697463,3.1679034896395573,1.5686681872616202,3.203681568124875e-10
4.666797577709168,1.457200631965922,4.340447469843157,2.4091037736625207e-11
4.914129413023028,2.330952844539939,4.648841541000198,3.537339902168676e-11
2.7041177420217584,1.4882900659737053,2.427873713434761,4.5566660052798804e-11
4.28239488294188,1.7569197385346147,1.0053363395640784,4.968234353914564e-10
4.171087886887363,3.573508864537215,1.5338782356770957,4.2281329641625683e-10
1.501273757320745,4.89898015696188,3.575707286896932,3.8390861393462594e-11
1.4338061319997726,1.1961235695833246,3.207983703839194,1.112214050168575e-11
3.0773634888865464,3.751897687670921,3.777791669465958,5.399331306027574e-11
3.2159326187202404,1.09167855185629,4.536072376424915,1.1387488987155273e-11
2.961806194552757,4.241156512890944,2.1574068455795103,1.8012045452797032e-10
4.866419408609168,1.292829528082926,1.9624576255329984,1.0902759309471811e-10
2.113194481424582,1.6857681247526561,3.4996684870064945,1.9411973694881018e-11
3.3417787141567548,3.0618351880583994,1.693489241087788,2.3811174449683874e-10
1.0133424571724512,3.5533971536540614,1.1953307755015325,1.681938025417226e-10
2.6916059754156465,1.7652571897864013,1.0905692145783212,2.6662398015071097e-10
3.4710498507495218,1.7515747761435243,4.598935666219127,1.918496746646204e-11
3.8993068178178905,3.7521180181105924,1.7893247161039842,3.049802946474732e-10
2.6652554883482997,3.6630410796606716,1.1135337001424408,5.254847386181558e-10
1.7999162976930645,4.3035253716437065,1.0625247405570555,4.579149018296072e-10
1.19020218460519,4.323836662872205,3.4071255537856997,2.9586933088175216e-11
4.229424462596318,2.6619232404246507,2.8641107021891075,9.159745411836788e-11
1.5861881840454783,4.325274372054159,3.6091575393453383,3.515142179234556e-11
1.0875789302242649,3.00726557982781,4.695535635427305,9.900303070060519e-12
1.72328035318795,1.1333211543613566,3.9395910469800626,8.398328358766228e-12
2.2631323570450133,3.0774721874630355,2.6984246565575196,6.383659293805138e-11
4.348663054777282,2.371411031417728,3.0388780259167096,7.452847920890368e-11
1.948592860057118,3.77929576292043,1.5088705241542288,2.1588091020102115e-10
1.0178825365446746,3.2338247778265705,3.2589524090006123,2.0684465986579198e-11
3.5505815283379447,3.6101828360042183,3.69992515502679,6.249266002216434e-11
4.792141482688274,1.825727067279367,2.5635517679695368,8.885206063413573e-11
4.517817875819558,2.954435475646841,1.3251945032448869,5.072594887770695e-10
1.3614484464194505,4.828857561133313,1.131074455046143,3.429646902864825e-10
4.314337421545156,4.895145325147685,2.4776054346473235,2.296157159490539e-10
1.6811837335986448,3.001083079789848,4.795500810215387,1.4642372886151036e-11
4.669529346689411,1.578941124007632,4.826569676508491,2.1122634664741323e-11
2.7791714361943494,2.0784560295370507,1.6381146621146776,1.436659291805808e-10
4.986825732763907,3.546296853241528,1.5803954279862626,4.725567288914856e-10
2.776319875174611,4.74929496399475,3.8145261826165675,6.047886707953278e-11
2.2512867558164573,4.4974883759962845,1.3973220653703327,3.4609397111837657e-10
1.4551745750360152,2.4964921084799996,1.8580250998295917,7.023091795595633e-11
3.073781061706518,4.945235629634201,1.0025080860609532,1.0094163940839496e-09
4.3896690609623,1.5222325830462342,2.443704414123429,7.467954258514603e-11
2.006294963722561,1.112240209717517,1.8345076174789252,4.425277790176656e-11
1.461636979952488,2.9817484054080032,1.2213186816958985,1.950018446957613e-10
3.0661425127033377,2.034247932049728,2.4129113425768036,7.149895466871622e-11
4.700192257911523,4.503302490017795,2.854155086422722,1.7341146591272157e-10
2.058049063113516,4.724452196455271,1.287135968992048,3.9169184678842954e-10
4.812797661934208,3.511908550660876,1.8525173730578857,3.2870205960344743e-10
3.1321026099525637,3.8058193114119416,4.760092937438851,3.511069975496939e-11
1.4547231147072264,1.425606466507872,1.902045847866753,3.825817383790089e-11
4.133715667633574,1.4154886808228078,2.334188838299413,7.167393162385805e-11
3.3451002968935915,2.4206008252784534,4.299626422688609,2.923190219696919e-11
3.1024125179254036,2.5316367690963495,2.7814989541335886,6.7753126246558e-11
2.209129495328826,4.75395576401167,3.7829460301828304,4.89781325174634e-11
4.4510741268427285,4.34863519121255,1.4122921856443766,6.476716583788772e-10
3.6539241782244085,4.542676352507305,1.3854449877448798,5.771370537015349e-10
4.299606090684845,4.393650014148598,1.1167596292848456,1.0109296149173572e-09
2.222133118497448,2.125838038377821,4.565532270775749,1.5125286665047015e-11
3.34304726252152,3.681509794350869,4.718400731473383,3.689478925436139e-11
3.9321797258631577,4.250851440830659,1.6772148592274543,3.965683832135638e-10
1.4004639545767152,1.9152986869581237,3.4872750730981537,1.4720489018965125e-11
1.5753385530198813,2.4617559751720712,1.6709695299692777,9.269750463290324e-11
4.912976252527116,1.885693110709778,3.607113670011676,4.7520633866215884e-11
1.86722769400034,2.3381770731586897,3.5497777649635034,2.3123765185378512e-11
1.8999206323077389,1.3769911673314912,2.8919312430544357,2.087742294405557e-11
2.7083789994679104,1.723013955255095,1.8161866033824103,9.441989195769372e-11
4.479176051306163,2.3840561813669945,3.5393579161623347,5.689208561027692e-11
2.7509434972523836,1.6462345719777804,3.3099542925504912,2.7587706523825816e-11
4.991468194735464,4.377471368909895,2.311737981545445,2.7287302651344237e-10
2.422370714307113,3.684306277013033,1.6597952617063076,2.162088639296328e-10
4.832237482710591,2.0250011997132824,3.0870151719027,6.853023625831526e-11
3.39349983931017,1.5968738671697622,4.595384029445716,1.7126200647558178e-11
3.70323637452793,2.858565882602316,1.2502090262569387,4.5201264233457805e-10
4.9338091407039695,3.6494603943937953,1.7625252460829621,3.868356665025135e-10
3.743004309004179,2.53339279513329,1.6036446505712947,2.460893282188246e-10
4.733937542518959,3.075414842344625,4.898858765602723,4.0487652260133946e-11
3.6290540982702617,3.808598939516286,1.5002968275739428,4.098175048932109e-10
1.071205868848065,2.5965549233946765,1.339958118642711,1.0338897037933044e-10
4.654816840566354,1.791402624114224,2.909816597783451,6.57280535875087e-11
2.9042624690111425,1.9396756805255273,3.4525039223570673,3.1541534959383916e-11
3.4827435749048545,2.8782084221879725,2.989963075716445,7.483388488634893e-11
1.9930092324535083,1.258651335504089,1.2297135123954952,1.107115837364262e-10
1.2159854631765281,4.518930567150129,1.2201470050126195,2.4633489527803506e-10
2.331484599393865,1.8441592168944418,1.9131413597154983,7.84012605578482e-11
4.6582703991819825,1.6120113814366537,2.4264921768106165,8.511796062683655e-11
4.6032986859299,2.702692684082498,2.9427811202817376,9.588178293911956e-11
4.4497346738984795,4.71408875249833,4.661394527173872,6.442973559523789e-11
3.809855105543929,2.2096003481223963,3.1829212225729737,5.545703050708272e-11
3.563945879282407,4.485447756451884,1.8345596526213326,3.1700012221120635e-10
1.063714125880634,4.13566542484923,3.885294063248652,1.944951325222642e-11
3.3639596183966654,4.494083176364184,1.015608373534239,9.781952201967815e-10
3.3509309962593554,3.405390693752294,1.4831132877614466,3.462342128268497e-10
4.0921432837448855,2.7039999787181843,4.872819936459789,3.110161860074851e-11
3.284139695284005,4.542856913254469,4.179347240551019,5.700592152025546e-11
4.625851811063178,3.9657187817939787,4.160741298723185,7.07226304278646e-11
3.126668712762065,3.602831276566606,3.43943087130497,6.355340509338508e-11
3.1057899489928413,2.481600684025376,2.65360817171763,7.30493895155602e-11
1.503343347966108,4.484093344504793,4.926110534942437,1.8540042360134786e-11
4.6523836002341525,1.8224066418863583,2.667238986590143,7.953955317603878e-11
2.3157354648647326,4.409616616641292,3.2973901997524924,6.268091043041383e-11
3.6937653873373364,4.2318539192359275,2.9032332961889433,1.2377197058909194e-10
4.948060451802444,1.4395666606947115,3.678278803411617,3.513692004586605e-11
4.75479194793752,1.6520749590580026,3.0647294986933047,5.581657351174478e-11
2.511041438139745,1.7956233419456065,4.463765243573034,1.5102631702826236e-11
2.248561502917953,3.9932636145593627,1.7735422402108312,1.9051794190576249e-10
2.9828994058414726,1.9424245417263748,1.6030986464804284,1.5046949785005462e-10
3.015057187696765,4.642944367091763,4.2958906942729005,5.062543770205526e-11
4.13010844577238,4.4205356353116105,1.227134488588069,8.091671238219034e-10
1.5004359985696323,1.9187336163984305,4.968593854446727,7.783077703922532e-12
3.6189167882862536,3.242678289749759,4.082669223111265,4.6987276574639355e-11
1.0459726768862754,4.11489879495581,4.497597861783324,1.4200526838686333e-11
3.431069529423097,3.9155007464443865,4.835623672360941,3.834405531161046e-11
2.972613990397459,1.368101929845409,2.3549852229727937,4.894031975651281e-11
2.43150487288127,1.5208532889619257,3.9156258209941135,1.6097050273250234e-11
1.0925092268579664,2.2596965708580363,1.9039968985175877,4.544948528168219e-11
4.284459593478701,4.9212276042578225,1.9071291890767088,3.868971037944683e-10
1.1697394810911272,2.146782983176248,4.2068307884267515,9.47007475994123e-12
1.7410779827587164,2.6788672571053818,1.4822807244465421,1.4167548164234234e-10
3.3148025262083802,2.4136966017113,4.296387763167754,2.892807937917342e-11
2.8198603218979517,1.6976772391369988,2.201093596236659,6.594652329961667e-11
3.5821269534984883,4.064722826035345,2.9513711129560773,1.1156050402825471e-10
4.195370840390108,4.693268581922659,4.837805427518159,5.6148113759652474e-11
1.8050242838020663,1.5253594543924933,4.395352309178074,9.511610689158784e-12
3.912155731635571,4.943664077451384,3.136217741005697,1.312317363484614e-10
2.481560524218103,3.3420825120813973,3.1235581291377574,5.6732125777422487e-11
2.6533589828348614,2.3542089739413496,1.711095000102227,1.423898327509836e-10
1.4851102840557684,4.258715181412679,3.8913896612010404,2.7874947766287543e-11
2.3930841312570634,4.512076051426193,1.0027063692426998,7.167587990806412e-10
4.382997348602929,4.188119612111911,1.1718287150982225,8.921712310470226e-10
4.155676341454331,3.1617088963121995,3.8311577938696613,5.974337048248062e-11
4.477087485680146,3.7148922920804197,1.1074339061604164,9.050912732890459e-10
4.722265767760996,2.031454515136435,2.38072689018273,1.1295997195739632e-10
2.644157174837953,1.735530431920509,1.6868789783562605,1.0763111772586646e-10
1.8230926636146747,3.6119693508518864,2.725321119803446,5.917028193826862e-11
4.8964163721350715,3.1801601500423993,2.5430892012207997,1.6069055380176587e-10
4.00968669123438,4.189016038470235,3.594081732839091,8.678262173998907e-11
3.8878034979181675,3.3684101033404663,3.6239235822455957,6.65514324374926e-11
3.067325380028152,3.291432597673431,2.110174408946887,1.5131929622088644e-10
1.7482978218273661,1.9321131806548677,2.6741543037089013,3.15254471718581e-11
3.5840414342373212,2.0280900010539193,1.9696634494283138,1.250438671101692e-10
1.8135215605925827,2.755135523406978,3.844455980160754,2.2562234403684632e-11
3.3474963961397908,3.6711410943495406,2.8381381438941067,1.0182169810519579e-10
3.155277254827975,2.5810925982643806,4.9517824528120435,2.2166861177473155e-11
3.0320977013722565,3.6226184238721606,2.381924909767959,1.292099185095445e-10
3.957373844903179,4.734886717932142,3.2055353776694733,1.2170312385920556e-10
4.308607015225477,4.588124485494763,3.266070183365838,1.2368221475355125e-10
2.6802083078307053,1.4584004761232228,3.420322460986534,2.229961905408813e-11
4.10972790912478,4.487047378527972,3.6344062353751925,9.317362436388669e-11
2.0897840953088154,4.23198082110296,1.7338611118542366,1.9633724857502655e-10
2.154190350283423,4.547614058545958,2.1097660277339076,1.4688765214141985e-10
3.1268404749435827,1.3368567576641168,3.329979733043502,2.5159014324758314e-11
1.3786630010953584,1.920265006387047,4.998018844275922,7.0730985994465885e-12
2.651992047982976,2.1556265737014573,4.8625962862943375,1.613598644787873e-11
4.560015422858294,4.5303071860086614,3.8186218660344875,9.45511585922988e-11
4.800474580036049,1.4368500148857142,2.728177058361054,6.184957337836727e-11
1.0136989001676229,2.3467511717481506,2.9189173740835104,1.863453748335439e-11
4.200839625111037,3.4589989848796754,2.8030467615957506,1.2342753421693235e-10
2.3641115489806594,1.8254964346266287,4.7275116464520055,1.2887537473878619e-11
2.21487889820672,2.963251229149971,4.731940274387414,1.956258095990495e-11
2.352376156851359,2.074122760808962,1.5690320982893287,1.3227073660048761e-10
4.474615475152737,1.8283863138072562,3.6417936137438653,4.1169844283604733e-11
3.8374883222748517,3.251177032153393,4.0957001169359994,4.963837851201743e-11
3.6194326828923606,2.344407831424006,4.904805704543374,2.3540530895890802e-11
4.7471593300078405,2.2785355626164927,1.6637752141397448,2.6078735017853584e-10
1.7210909411305289,4.986641756331055,2.6562119081170947,8.1184431089569e-11
3.4824274280743737,1.8752430503583,2.255674394065603,8.56590044432853e-11
1.912883310367019,2.581053955968781,4.158316045869331,1.905622077151241e-11
3.941429923089033,1.2009402166664875,3.5024191659555877,2.5752841726125276e-11
3.4786839089262185,3.954144362926309,4.368547355395323,4.8103823345635956e-11
3.3083623032562115,4.462742124743521,2.4653900087903065,1.621174615854334e-10
2.7769650264565393,4.564232051862136,3.0115229056369173,9.327214993973787e-11
2.970902866995432,2.4810155866146015,3.8219008786982096,3.367792372969621e-11
2.313023456197141,2.3420228203448983,3.6250174349622797,2.751295021549927e-11
4.132680061456263,2.0977787642655237,4.8396468791030145,2.470303548849711e-11
1.575146244065723,2.6623360552879802,4.331868414902311,1.4914869095805958e-11
1.8460000892593191,4.590661677568999,1.4035259457120701,2.871126425767288e-10
4.7363812520852715,3.5398139103336614,4.719776773142838,5.023083179159388e-11
2.5214607398202156,4.06666830909467,2.970322326626317,7.756575154485523e-11
2.510972314658474,3.7871829524870675,4.882880276988231,2.6619032124223546e-11
3.544354492699269,1.42987904322642,3.8736119888724363,2.2541895010952678e-11
3.980750006691399,4.217591348549231,1.3992816261753491,5.722757478242688e-10
4.517680949433542,3.618259955504182,2.2100767062891644,2.2335044918240517e-10
4.464032010568566,2.8858030994660804,1.195982769052439,6.010773356650113e-10
3.8682879921248072,2.505989940409505,4.100611479704678,3.847574864486215e-11
2.4395380688079706,4.468094532246523,3.448936003798625,6.115695911626858e-11
3.5357305110637585,2.319488047135603,2.7752536900353677,7.106440428969101e-11
3.8665112638530306,2.062431936378225,4.747945963487103,2.3608781449752898e-11
1.5777146330135379,2.864239381147656,4.464542606588586,1.5131083352494273e-11
2.1522815341558688,3.041800640074859,4.678374976325546,1.9963007635392424e-11
3.5901326635726982,3.3350806195954434,1.4301264492427164,3.9070966868483806e-10
2.65245250972797,2.433334133325303,2.5413429601023365,6.669741639360439e-11
1.500607311046417,2.062535254879844,3.48284068453261,1.7028932461563643e-11
2.73668882462051,1.8920522932898258,3.974000595401272,2.188209508244676e-11
2.5373065696561867,2.029405625148747,2.540561634979061,5.3243737674840666e-11
2.0987956686572438,3.101532816913401,1.108417607371953,3.536111171712231e-10
3.3318831281451065,4.987516724248059,2.678234679067845,1.5461907409037434e-10
3.507106626597198,4.158426274928937,3.593054244245199,7.539397321014435e-11
1.2254091709700452,3.9923235793216856,1.1717196338593228,2.3781850678168476e-10
4.418253299931475,3.3482874744772158,1.1361110411385158,7.64923476245443e-10
3.843820265564315,3.292651332867723,3.8875664941048926,5.5890675462690974e-11
4.993118646777815,2.853169381888242,1.8192290503438207,2.8728362900546576e-10
4.686904008070914,4.198046866841654,3.631314657367136,9.958450721742647e-11
4.571758785658463,1.5363957088873867,1.7160593554951635,1.5918714195078163e-10
3.6334914410348618,4.8205048182204955,4.734567269667962,5.214855538921105e-11
1.9522478176544853,3.34572767625617,3.4726350196484455,3.614876430359881e-11
2.2494573073383854,4.007599032058356,3.862415826116068,4.0330180392840305e-11
4.6310510692273015,1.7555197482825444,2.112779841839597,1.2155225011274464e-10
1.2907799092611638,1.9414642659496164,2.237754725987375,3.339972067968327e-11
2.498623534485353,2.3292453281540766,1.9533805910248496,1.0179548719327167e-10
3.316807791185131,1.9464570627750182,3.207814090130883,4.187289170053082e-11
2.793257193584318,3.1400803037851706,1.0849611461539204,4.972897540981553e-10
4.8489745832744084,4.433880397640807,1.8865495804260188,4.031657562230788e-10
4.267068095560087,2.683036788623201,4.929473026930073,3.144426258097499e-11
2.2029650569138925,4.596290452652132,2.8255597312278415,8.464324230734229e-11
4.689835802693086,2.956447108471963,2.7416568777401946,1.2310841823529218e-10
4.275574501982362,3.914880153379864,2.417359134054175,1.9116870590089618e-10
4.644517456260531,1.7988139069928373,4.8982301526198775,2.3239921861404666e-11
3.2493896675126517,3.7593961297183807,2.8473254912561803,1.0056152598065936e-10
4.402379644402549,4.861333312078177,3.308677922856018,1.304728370145928e-10
4.02876581468816,4.487806648702296,2.51002877172434,1.9152918642555764e-10
2.5696442829332273,3.111769229933079,2.2343750218674976,1.0689427764609108e-10
2.9776398788905722,4.548624354901818,3.8070344509535152,6.23684330840063e-11
4.676158637675417,1.234227716276548,2.8651769198576678,4.692106327803704e-11
3.4495546539581627,3.4989813730968082,4.912603087638958,3.337855328863361e-11
2.689819898902277,2.3750824654132514,2.096549211286341,9.70013941359838e-11
1.9339515500421336,1.7665888193623553,3.0932604102714003,2.38305630256638e-11
1.10671066821897,2.7280445805859093,1.7564573707918991,6.531253400998958e-11
4.044402537227341,3.088314326057386,3.481229281765756,6.87854870615307e-11
1.8959379557320184,2.2036072439591514,1.6879132233325023,9.786880458450252e-11
1.3438788605193395,1.397679840412466,2.764183681428629,1.640666189679623e-11
2.891897526289728,4.010613661327474,3.9411635949851607,4.983460334748213e-11
1.662281374937927,3.847482745406612,3.144429758626984,4.3170156843554644e-11
1.5831456119658838,4.789350707496084,4.169183845212656,2.91126414288014e-11
2.9745567770282118,1.9501977982719567,2.6894508023588433,5.3525399647062113e-11
3.4305063505884212,3.3478735835857085,2.2531686673917535,1.5098231286081638e-10
1.676586118955524,1.030792612652378,1.397735176824071,5.903826356509469e-11
2.3198714798248097,1.0576290448932446,4.6715117473499514,7.503581543845157e-12
4.445716085025026,1.0087564230795083,2.4912368404758722,4.822632895443714e-11
4.826613799868779,1.9946064653365907,4.432898976268747,3.269718066280603e-11
3.499383021061742,1.1424205303268304,3.4138575629631474,2.2893536599287423e-11
4.102958818836456,1.140785660487357,2.1670434463429182,6.651999026225613e-11
4.570793445384751,4.91759538035182,3.113776535337984,1.547232955706278e-10
4.858935913441801,4.96162515781408,4.478753264559479,8.021157588653724e-11
4.019065756109197,1.197558273093137,1.5691475409717546,1.304609114329006e-10
4.1286869024491395,4.8626165984032035,4.807944905590446,5.796278111678901e-11
2.3304296300161322,4.478658514164138,2.7304399193650446,9.343399017851731e-11
1.9116786889570774,3.873150951318172,2.8719481833113685,5.991179403737449e-11
4.543828074436487,1.525744665826096,3.2894723370775836,4.2759978294174277e-11
3.482598866783725,4.349283424528383,4.595696021069875,4.786353566508109e-11
3.1701979808405976,4.612381006712879,3.269544658970872,9.129000163008194e-11
3.2791792304293357,4.7647415161090105,2.1333207049280243,2.2912812727241746e-10
4.684989850981783,2.6889105953529953,2.171518243798196,1.782970897127676e-10
2.081057485987443,3.463510502695442,4.4235046481068085,2.4584071617587397e-11
2.440323395341817,1.8951006081707042,1.4265221824088372,1.5167318203903718e-10
1.6697505394229486,2.166503776877778,3.654912924886311,1.807353796782724e-11
1.0121819239238166,1.9908518177738967,1.184188730035956,9.590513662729474e-11
3.4081380027777395,4.022562171901603,1.3689906498208972,4.882083191872232e-10
1.0826490565100229,4.577072553566689,4.561428915134192,1.5894976065268873e-11
3.4127608456177345,2.504511848632608,3.0685938098074437,6.058098623931986e-11
3.9619039406860397,3.158758709096245,2.985819411463181,9.368704087451619e-11
2.542640911648591,1.7582586524252561,3.90069421962407,1.9609665369617926e-11
2.4194737177182617,3.4116615550502813,4.809126130788912,2.381994297551855e-11
4.863382964045145,1.2240624537814973,1.2640851220123945,2.4864264020197383e-10
3.361892228272921,3.231284484550924,1.512219221184643,3.170411809405552e-10
4.5429061994305275,4.302118908622764,3.5474625322254685,1.0364938929547087e-10
2.505480855068531,2.9858316608567215,2.0436406600019907,1.1954558461689217e-10
3.561529516033842,1.8673659490026844,4.690928822870178,2.0171328349877712e-11
1.3037643734225601,4.444672854901107,1.8807426790425281,1.0933679833779005e-10
4.47330533448341,2.9475991923377745,3.3952932161939438,7.63358599659005e-11
2.4731849154594747,3.2877298078610475,3.3048852702760403,4.968509625417291e-11
2.48731147504586,4.330924986905541,4.740205379388728,3.1996518055413875e-11
1.0357029853441788,1.7412591209108856,1.04790783621466,1.096070927874471e-10
4.157312197949674,3.799753121766148,4.290288725038391,5.727712126161495e-11
1.7118799504795081,2.5023048766642195,3.5828921705865597,2.2270617253972855e-11
1.0730041056831263,1.826321512674494,4.513207141797906,6.420876067056718e-12
2.7890357114373203,2.102000294651704,3.6596217283661763,2.921464780262851e-11
2.0324286930624593,4.1856715280710155,1.7288238621000556,1.8996131495703414e-10
2.065851268253165,1.7381996996534297,3.0436342564866106,2.587021255513231e-11
4.531455108614377,3.3556176853183906,3.3998532649767106,8.779625912638647e-11
1.9551354978272055,1.6739055085332937,4.257054792862626,1.205245508485102e-11
1.1662204249871615,4.848050935172796,4.964575790287217,1.530980747699776e-11
3.0750550918596606,3.1395489165581214,3.9570841770876077,4.114866781241409e-11
4.775904106656151,3.417349094912068,2.7817819067988894,1.407618578451162e-10
3.085389333426987,4.1004048488616505,2.3025626196327944,1.5925754425281103e-10
2.0978522631692966,4.525680833846037,4.149295891135623,3.680410099734314e-11
2.221677959557493,4.504110818286582,2.5420092999834543,1.0335276646698323e-10
3.397578876466316,1.2061831447458866,3.7200975260456777,1.9763340565263178e-11
4.338854001934971,2.8281461587444303,2.378250659432796,1.447930903701172e-10
3.3781323000202814,4.819599666182931,4.767545103483261,4.780619749562206e-11
4.704268098111704,3.601817196470102,3.531177201378286,9.069031497255094e-11
4.159391868853151,1.4036637222447967,1.9807759451446136,9.931352801264144e-11
2.6710574119684947,3.595062949336389,4.116856521806812,3.781328965631904e-11
4.320489372913087,1.1492972263183856,4.133485495253966,1.9396289884008088e-11
2.5832835548222897,3.726264035658258,4.400451042081883,3.3177031060463924e-11
1.117995892136709,1.4578439377008783,2.3424146641985035,1.9824849038826617e-11
3.563074955745442,3.4455690530139598,4.173066608228921,4.7050201265384344e-11
1.652199708244638,1.3789815001739347,1.040893753058369,1.4034417086962407e-10
4.794111944647911,2.534965747291541,4.15276398652275,4.7031839959430785e-11
2.372763153894966,1.1473233372205573,4.917864632874744,7.51230615484717e-12
4.802004022966882,4.007184969082815,1.4906511177399184,5.779577495958654e-10
1.3306380120422197,4.634905414044093,1.0902246321496514,3.4630201901930577e-10
4.955795105761246,4.744914896027023,1.2484855961537522,1.0068410170692553e-09
1.7270730266255239,4.182429227957478,4.799285905970967,2.093014606294365e-11
3.659641880155504,3.302129794561797,2.081744096903152,1.8610765946794576e-10
4.851827292608173,4.089613358708581,2.7095941008493876,1.803704172829828e-10
2.927341012891045,1.559461692807493,1.5886615800612902,1.2071783699899372e-10
1.353027445923452,3.5067108474310644,1.3950153764028155,1.6271769222914732e-10
4.082757491091616,2.044476389821762,1.762626817651784,1.7930860809957285e-10
2.8128401805835535,4.1961650864306135,3.8503053087195456,5.3136566607150284e-11
3.5644014230961396,4.15886171626236,2.095142966842638,2.253823817809942e-10
2.2138796110200607,1.6542474563286977,2.3825683592990825,4.3057611848048455e-11
4.983973609974108,3.859665416592512,4.662114968956893,5.906709833171221e-11
2.8383950442138195,4.194679622230732,1.0802043716255172,6.80998220923135e-10
2.831636638893749,4.527187481483383,2.9018019821251193,1.0160536946144543e-10
2.9339171786883638,4.82308959997129,1.3502352571072542,5.180128036868776e-10
4.940912191250359,4.392258609673269,3.480037819769591,1.195950799440829e-10
4.38065824644278,2.255300273496496,3.806776983830875,4.5500385743648205e-11
4.022888280806903,3.777357253714329,2.278250096409089,1.9539319797956154e-10
3.220533811878278,4.64426226133099,1.9988133315558345,2.498540117089455e-10
3.0434981007625423,4.921324692883312,1.731836485480727,3.3329399338498404e-10
3.2326539387508677,3.8091373276818543,1.7519238636465304,2.677574669951253e-10
1.5869565359841369,1.9481515210142741,1.4686875614349262,9.565664243856807e-11
1.6482473926578862,2.0393852472585774,3.386088455800127,1.9566415640441318e-11
1.5746325783477566,3.49915407586556,3.3410114417376193,3.294371520556474e-11
4.876996201679011,4.623591106596244,3.2353202209134806,1.4377503935574257e-10
4.4042697038147764,3.6577963183965254,3.2628026086739785,1.0099457013020277e-10
1.8426829876199013,1.5616383194379568,3.8855860753305875,1.2720501032862211e-11
1.6627292852391662,2.941369230853711,1.325103440924631,1.858907287020856e-10
1.8448144632608523,4.010443226914752,4.650594663719616,2.283044054848247e-11
1.4023955092302058,3.583873079281613,4.348027340957588,1.7742908097198087e-11
2.0712146018418895,4.42019192382497,1.9102454027827727,1.6744573952469408e-10
2.4656651133458443,4.506682253106195,4.8960271297906415,3.093781230331739e-11
2.6723699292708507,3.749188800596852,4.165991105761644,3.852861634880393e-11
2.997018047302914,3.6125527210903443,3.4862445483262277,5.945303888284365e-11
3.838114207741683,3.3744241700046516,1.9270820579500416,2.3275732273280507e-10
2.263062693193276,2.393442373133497,2.3195120640990803,6.719121458276458e-11
4.269489099091535,1.131095135275992,4.748143251352108,1.4295969720248632e-11
3.6956554569420668,2.9963619670038675,2.2042877663640086,1.5210215702823955e-10
1.780795945560648,2.6443354496604696,2.612675691552438,4.6041121983693464e-11
4.780040054993545,1.0960264517282763,3.3202530228042457,3.1717314772334856e-11
4.82551834664458,2.570549252138849,3.1662993999820617,8.257567751112875e-11
1.6378834953740689,4.26359072536438,3.380210336818755,4.07903344997877e-11
1.0822669212008584,3.0591759929392586,3.341483723331975,1.9790025305447258e-11
1.375762413188279,1.5105086746614789,2.6852042400942224,1.9235266932467583e-11
4.589738646590366,2.118694754392462,3.7956365900614397,4.5047770385147075e-11
1.0563731739084972,2.919165671175868,1.6041712491290965,7.997621611296508e-11
4.729277297379037,1.7687582339971963,2.6796343148147024,7.774964145443669e-11
2.7816035887678625,3.9611763709666516,1.6899823618382688,2.5747868128376636e-10
1.4622124842099007,4.118373589978001,2.2862079869044396,7.689373467865336e-11
2.6646442823916825,1.1216313977221808,3.6645352161146483,1.4853807865227893e-11
1.3750034998061773,2.2818471461503678,4.383935541451233,1.0895526844203733e-11
3.598794163848306,3.471223189673374,1.5133029097977384,3.640608795675447e-10
4.874496219549607,1.0371861033729415,3.539334999974314,2.693576335763822e-11
2.2920898610143112,1.6454009384242507,3.2404066621124556,2.3971242770528623e-11
3.3946160407779673,1.914374725986168,3.2655819292249726,4.0670793447981735e-11
1.5512601191249171,1.0935386732075223,1.5546109889710218,4.684481302592632e-11
3.6349005461240784,3.8113457038800496,4.13512012240864,5.4073043898676785e-11
3.076855186436855,1.9288465411919251,3.3478952770046777,3.533842634130379e-11
1.9446464451953305,3.257489261783628,3.7759188021515486,2.96527213117499e-11
2.118426006034112,3.5493561820090953,3.7498594285451494,3.5687745230970236e-11
3.133123482426697,1.5051385650233287,1.6240096933607675,1.1933366065651175e-10
3.5869896076963563,1.3273831122343536,1.0402239732285588,2.9366953254915864e-10
3.035727174394471,3.093338541047429,4.725180995382547,2.8069811492871452e-11
1.5040303147508132,4.41209813913133,1.1492831219764224,3.353002663893035e-10
4.334052591880492,1.5516098492622015,2.9035343582866155,5.323643536086103e-11
2.574655437796276,1.3832578765013204,2.574972997254451,3.5847849879687424e-11
4.971297185819665,1.8924596481085216,1.489064173319187,2.8317553335821033e-10
4.5791434796792,2.636976916039415,3.7227421013250956,5.815015548030565e-11
2.8682815075866763,2.7578090565184956,1.3398030670650347,2.940967555553035e-10
2.562692699471203,3.222781478999456,1.7112764222821601,1.882232463860434e-10
4.474665731899178,3.6396904513619894,2.3430542656347657,1.979915043919957e-10
1.9936805920849832,2.7438366976861555,4.873506151760502,1.537152679934545e-11
4.346142815427604,3.540764840175087,1.8356333709766437,3.0480030053786454e-10
4.386034433154661,3.3517128643920344,3.09180444352188,1.02636305652319e-10
1.978498716051762,4.072679288297341,4.0429785079422444,3.290025936999077e-11
2.7071645816883554,1.0145078982312854,2.79962386610143,2.338605248517754e-11
2.4306661268243714,4.592180681258009,3.147312646640155,7.520569077185797e-11
3.2065321315245052,1.782852833628564,2.5867365784077814,5.7020744754279205e-11
4.096021053916131,4.563582832994522,4.417851814501393,6.391930311338969e-11
1.9824752678546251,2.810825921326183,2.489092716101069,6.002688161551334e-11
3.7692513463572777,2.4090429369401303,1.842793449449582,1.7845656199205539e-10
3.973714386253114,2.556821033760456,3.9997801099319914,4.238487908349387e-11
4.9383931805101735,3.2741602076390413,3.6130052882848016,8.266746079744972e-11
4.5070605094497935,2.1896742745906876,4.321903509986552,3.526216504086245e-11
4.177510773520032,3.4378882305560947,3.3647945250943194,8.466003364061417e-11
1.3719757710487324,3.2372935596468317,3.784441141049185,2.0697181932926585e-11
4.851383246035743,3.6904440229424638,1.2344218530349802,7.841573287619134e-10
4.6555817101065315,2.571035402015721,3.1062085558669,8.279554880563534e-11
2.225185141795975,2.2386365098639165,4.842059560850446,1.4179982063945909e-11
1.3259354752559238,1.2702570771067991,2.3377338036722755,2.0568854317209322e-11
4.352196374613476,3.9535616992035436,4.738498366591974,5.1144829533340694e-11
3.145173088253715,4.311085007085094,1.1629265414005858,6.691335022536659e-10
4.323671070208984,1.6225985922017747,4.6764653885775544,2.1409892924390877e-11
1.9891318356218477,4.000788788566412,3.8713104134527536,3.5438832297384394e-11
2.019401904082263,2.325038622917756,1.4782297222666716,1.4340202196602106e-10
4.669190351512129,3.3024694772877345,3.4614527638027743,8.589141850544161e-11
4.288398897257855,1.5420791971360024,2.234736197975517,8.837624176998165e-11
4.788706830152978,3.332001676701464,2.500973587058314,1.7025169845317973e-10
4.120041659159279,1.2726649802982428,1.3566611869193355,1.9013370141486722e-10
2.269674119485565,1.0004711962519295,3.976768017955641,9.582829975171955e-12
4.385419015548614,4.818933425374279,3.395319356442506,1.2234520852812848e-10
1.7214987234023575,2.4694452645245373,2.598836597146006,4.2008228140909937e-11
4.461374176227962,2.3819444443694926,1.7370255847366685,2.350574654038674e-10
3.260790011758262,2.7205665881299295,1.8085366952930628,1.8101465810451734e-10
2.1327834990002947,3.8663143695460254,3.4333669513419904,4.66863254361154e-11
4.248577636960414,4.937252028347938,1.2508448556897322,8.947633038528781e-10
3.561418857050884,2.4922070098147904,2.288640212865342,1.1309367594758228e-10
2.1960083576608116,3.0065300505971564,1.0040216701027624,4.371188822531247e-10
1.6007991215089228,2.097752837230515,2.278970004730257,4.3151921443601904e-11
3.376421284539297,2.118245434745355,3.534465231889663,3.820952888070085e-11
3.024187018704373,4.790174768970907,1.8863469014571654,2.717084093628866e-10
4.575588209109947,3.2994064183658947,2.520834788442899,1.585550876856431e-10
2.2177618317312695,4.651850401894637,1.537810697871361,2.911528807677547e-10
3.9850140161941767,4.614587347309353,1.0249297828989845,1.1683170105566171e-09
1.539912452931599,3.4204263665256796,1.6173458502077294,1.3438682138204165e-10
1.4022904206803477,3.359324965289099,2.541732333143874,4.86649811988461e-11
1.3154338529847363,1.0801688012445214,3.7070988555043116,6.90046744530053e-12
4.233728861006556,1.0827025711182312,4.377554739494201,1.596449704185882e-11
3.889047951292639,4.788718259758663,3.001105378877031,1.3800229099996428e-10
3.572655092359883,1.4908544054312385,2.0711541521515504,8.286815671051157e-11
1.9109081528590766,4.549543466682257,1.119009471527567,4.6336828917460176e-10
3.7801608990722864,4.485561206878205,1.1414728281031024,8.685245907320621e-10
3.529357287565142,4.6802514045802965,4.472472508482788,5.511320289420912e-11
2.7985042539585376,4.241621693579104,1.1113792213910458,6.413861234057459e-10
1.1026114959428424,3.216969845127333,4.986053796068859,9.522298439022564e-12
2.3935320380971676,1.6461531365770643,4.701438174220584,1.1896911269119783e-11
2.184844105610427,4.894886415432641,4.436914894438059,3.625660025125026e-11
2.956074361337831,2.9884930369084985,1.3379128282394648,3.293807162212573e-10
4.705142024187563,1.202278891703747,1.546764352207905,1.5780321708234862e-10
3.6253568036701838,4.293359326382241,4.500009375933175,5.1298818002610417e-11
4.784228245807097,4.302882575020334,2.6266031348747463,1.9914466254891802e-10
3.8044238015213896,1.3254054607679118,4.008746715860607,2.0941443464704178e-11
3.679209098549809,1.6984371594123422,1.1074673119431715,3.400386811130329e-10
3.052426699882713,2.463827889279023,4.782012386200366,2.1949287120941074e-11
4.02521330615258,1.0871774145605886,2.4667125766776685,4.799968943218853e-11
2.1104765057766013,4.860639644798248,1.4215271524325548,3.388050148550205e-10
1.3864058033798705,4.737372574952593,3.185874172173427,4.3187381520774356e-11
2.437033808569152,4.7662495719916915,1.3260309637106302,4.408767587950821e-10
3.964599248636912,3.4735638505365687,3.8164140086525933,6.310297294037127e-11
4.867648265808111,3.2519492126437446,4.872246852444401,4.450313216271595e-11
1.4451729098883535,4.799536172031403,4.757627720119723,2.0451462569003312e-11
4.025527049192881,1.461146659976564,4.600410802334366,1.8548531505725355e-11
3.2354574079619844,2.909933738453703,4.248249738040978,3.4816483968012514e-11
3.4602715210810615,4.318376799194253,2.3766012286800207,1.7656486229242873e-10
4.19437479973797,3.8393671045938143,1.3221776696716678,6.147994087674824e-10
1.2470178453656908,2.747977934300414,2.2443935353909037,4.540190688465449e-11
3.065432608511595,1.9281287916674485,2.7274213202634994,5.302852567866676e-11
2.2894323438358137,3.9708569665947953,3.5717912093394557,4.755827916821026e-11
4.41647196717694,1.6832210788632698,2.5442346162608183,7.664582922436274e-11
2.570399865751754,3.8883881870988732,3.0370265815348905,7.232015047117765e-11
2.1851226979764706,1.1835125999498164,2.976342995659047,1.948358902435176e-11
1.6041341519105634,2.821064708778371,4.952424418605428,1.231414385554015e-11
1.3367416804141916,1.0282817034734602,1.7771301271443378,2.9047405112112296e-11
2.0278623963501623,4.640097719379028,2.358551201874899,1.1289148697163308e-10
3.465381946669124,2.680648181449387,3.8678259442892693,4.144224613010407e-11
2.1888090882822566,3.8187409769311835,4.212047410827209,3.1443275803540663e-11
1.3116658018547138,1.3833328856561544,2.090873139627808,2.7700061443559356e-11
4.6809142380647515,1.817849414220773,2.7370421048294387,7.580744061905608e-11
4.3400309227367675,3.5363056534146304,2.539093861537032,1.5888076067853121e-10
3.1865282625735927,1.6769910102723578,1.276654659697877,2.1882041742536478e-10
3.525821060483158,3.7013498875910003,2.9053093595207664,1.0318625349168028e-10
1.0320047189287265,3.022933373540124,4.887878777140052,8.714763537168038e-12
1.6324938063608894,4.246965669110363,4.310519188175514,2.4903324608015554e-11
2.790211996463871,4.246731456956086,1.1608708839658308,5.868273757636139e-10
4.13429808924961,4.762777971075428,3.0292350365560634,1.4321298032854875e-10
3.3317433833569785,1.4555198158489233,3.7876819820737606,2.2559467935405955e-11
4.990920120647415,2.6659484881713786,1.3495005416612162,4.876098259656155e-10
2.0988369121940424,1.6332743424831548,4.882556181540073,9.596868346964958e-12
1.885543265531683,3.035471258055485,3.868676847453849,2.552254161983131e-11
2.1792993948599397,2.0860016335531046,2.351162719420988,5.488483602987318e-11
3.1497791077973685,3.920674039679322,3.3902820042651522,7.170598214063787e-11
4.742381559483954,3.349259002358385,4.823325444050006,4.556572626665868e-11
2.975571213543208,3.215658229985862,1.2126726947797395,4.342494104959069e-10
3.7994068668512795,1.9066278692351464,1.637435321290046,1.8031822918101143e-10
2.245644307991941,1.155330203447234,4.905204023877107,7.19646382023682e-12
4.420400570731516,3.382432637162309,2.3750385074275924,1.769031939134451e-10
2.72209583735369,3.963342123683337,3.451500502744964,6.044150849659683e-11
3.351032182724563,2.7328310526259236,4.400680224892733,3.156007026428008e-11
4.024113862422925,2.7391109563753986,4.759496834711886,3.247461442472046e-11
2.0265219477904903,3.3371955758264265,1.7934034578592577,1.403340850710627e-10
4.660884017230265,1.0516362332132516,2.193476073099581,6.799143955754428e-11
1.0418904388050025,1.1059588240858589,4.664066258109889,3.5352309457076655e-12
4.513933434741494,1.821314777073765,4.63860410112295,2.550067925015073e-11
1.9777233941861514,3.655785024091397,2.3386894311883815,8.822411214150735e-11
1.9105897466854276,3.70103722315211,2.112668388711157,1.0573394342329236e-10
1.7586939268826867,3.7864468395181423,2.836696447425159,5.5230961078892996e-11
3.786447311387582,4.532128040515235,4.94888503277048,4.676334420938612e-11
3.942384199585069,3.071640451549988,4.533657328683679,3.9320419581878834e-11
4.259538937065805,2.346630831553136,2.3820758179688126,1.175661798524255e-10
3.4210580036367118,3.201571690396655,3.0075972366817125,8.081100666390873e-11
1.3146422400702273,1.549809702578636,3.9804793812273447,8.582254771384983e-12
4.388196588080281,2.7584477804736762,3.1871827214100032,7.95285601943261e-11
3.1046555240593343,4.496064248436211,4.536709760663421,4.526370914788461e-11
1.3274199337196286,3.9047337945434335,3.365452278646995,3.0542114089592343e-11
3.3473478503913157,3.633464276729467,1.2222232014166754,5.433840613939171e-10
3.2200023721972437,1.772436194280126,3.1531824672599047,3.831023339633818e-11
2.3075924826052505,3.1972935806749434,1.1381825356039914,3.8010536422787624e-10
3.041884589533815,4.186015517313895,3.9431836895752874,5.465573656531625e-11
2.2124497440570807,3.059332371506784,1.6806556688981416,1.5992957731536966e-10
2.6664024695704764,2.2258780213598612,4.014433152793918,2.4579033714528273e-11
2.978572160768023,2.6623714492874426,2.183731481070892,1.1098505604833254e-10
1.9268555354971442,2.311852981628232,4.8702297987960605,1.2534201220941694e-11
4.324155904842124,3.45345770762853,1.9741472066454109,2.5573055467433273e-10
1.573228304266244,4.619595025338425,3.1360008950445386,4.932073075855416e-11
4.261246864922513,2.959628126632295,4.943002698656855,3.444913709358556e-11
2.390090704178702,2.4857416600973647,4.774711439744016,1.73925121709035e-11
4.4723278357817495,2.8668337685977883,1.5496652034173124,3.5632523657841666e-10
3.2205068248478157,4.967425662493404,3.6834490679271754,7.869234087423862e-11
1.209864806663108,3.567502816484139,4.505694822826156,1.418939324291504e-11
3.788538733626465,1.2903565580601848,3.6169856240456295,2.4938716729541747e-11
3.0725962506727265,3.6217627743072507,2.339377774358866,1.3570972803854112e-10
4.202699365928085,2.5914227506133622,1.4767349515298585,3.333094954164836e-10
4.570719164941885,4.139115989798823,1.2297577231076233,8.349091483504061e-10
1.6663409263270248,2.9077647001592624,3.7869953889911083,2.2548609765657094e-11
4.621926947619704,2.7228610916033817,2.4799068311902572,1.3657274407184522e-10
1.9550895735963292,3.5333691518124355,1.8195700365545124,1.3925292361911597e-10
1.6233323696122692,1.48266013717266,4.582232968667421,7.650343420136703e-12
4.90685846881382,2.29296773916066,2.9966421958005625,8.362148914946353e-11
1.701525674700004,2.900719966411312,3.9482934941563976,2.113059162539875e-11
4.114635569288895,4.951372211383369,1.0907008967054042,1.1429620560097647e-09
3.201080046372416,2.631771698203353,4.8006593821967325,2.4396591990687605e-11
2.953309992519154,4.596451753445165,1.6742675839728318,3.2319765828969045e-10
3.1799451295443406,1.2904646269621467,1.717158570120811,9.288190831878232e-11
3.644938103333743,4.781900806904216,3.468272107585929,9.670537127944783e-11
4.6815474572254,2.2358978748637224,2.9454963428870236,8.052127073008996e-11
1.946038623163957,1.0382514785011252,2.663675803977006,1.9005420572651325e-11
4.255873924397104,1.175908680014221,3.9649630455105442,2.1245661834616524e-11
4.233398392737756,2.2402347474282096,4.381986432509092,3.296300640866495e-11
4.999668493599671,3.222980302538043,2.7626476965153506,1.4090748117501076e-10
3.7606746925486965,1.313664815262833,3.637926679949491,2.491315064584429e-11
3.398333720004683,1.777788214987178,2.945527537202641,4.64735743078033e-11
3.203873385938725,4.871290871214347,3.0578757641162837,1.113950611185106e-10
1.8340964543272897,2.0108854515910277,4.334071514528038,1.3103990193693955e-11
3.8157168514114126,3.189570054271259,2.538383746322167,1.260607629049597e-10
2.02069884926565,3.732774855854567,1.249334346531667,3.2252414535480537e-10
2.402593792292173,3.915223951149579,4.946655878566763,2.5656639003522294e-11
3.1152083607301067,4.828048627607316,1.6856534337328872,3.5327130167387986e-10
2.7572912966637437,1.1990746977228017,1.0992501115890732,1.826089479251732e-10
1.7147644715816517,1.53591057817997,4.981545085470195,7.083183289146331e-12
4.094063012322804,3.2203325994029335,3.8749596149236143,5.860127864336717e-11
2.4619109466774867,2.812801299534236,4.051653408582136,2.8153540691819158e-11
2.0787386108831694,1.3798466354160959,1.9094553342386669,5.250466554108553e-11
4.709620006458788,1.0970010225071505,1.8229772302738376,1.0375681074724271e-10
2.404209836289636,4.3426851823479335,1.1673264331690447,5.113665063322548e-10
1.119583627846565,4.322856268370364,4.351717859348446,1.70565847410117e-11
1.4743140045572645,2.627020292649454,3.0544880488726642,2.770529382239527e-11
2.268305967117959,4.019502191108724,3.908410229538058,3.9834541680562814e-11
3.0113916410828923,2.753920722614024,4.154344449734825,3.207006735756144e-11
3.4333281560415334,3.1545751974962206,3.8886684129611724,4.780139566957867e-11
4.069056059926748,1.753631904497885,2.378059277196982,8.421180222009739e-11
2.684671001801709,1.1523204970612593,3.508515248973191,1.6772732640371514e-11
2.5005727012470995,3.418972197080213,2.205765658684094,1.1727420977273568e-10
3.4358618311709996,1.8066998919128046,2.12508974254487,9.173886479637413e-11
1.141485904402677,1.0249500342653772,1.1797603917164787,5.610115812669442e-11
4.110097177803422,4.685436449186861,2.8087700720763027,1.6291308446730915e-10
3.6219545830330726,1.5270870193200405,3.811868119481964,2.5404886239184823e-11
1.7105244248056994,4.90163986309212,4.838051817448962,2.390649185479807e-11
3.352300166639253,4.876408060503909,3.225176687771901,1.0488710956971959e-10
4.091882370621951,4.757914707251507,4.9065553683947325,5.397250648559582e-11
1.6486201370147846,3.094942172515077,2.672869675416352,4.766545837386804e-11
1.8360253682915055,3.20232527433713,3.626886925568751,2.9830620770828705e-11
3.430456141239792,4.2525121045081775,1.5233130265433736,4.1957086203468117e-10
2.345154403306097,3.1316894407308133,2.862146732215576,5.983462071534323e-11
4.997914156697341,1.223829152940505,2.88910944209352,4.890663719611525e-11
3.1217434040602496,4.964349109532634,4.326759450489995,5.524846523903892e-11
3.8146119001354455,3.845507457982863,3.7881245602821325,6.822471304217804e-11
2.7234810523744746,2.8878646511701094,4.957725573094544,2.1356123734789103e-11
4.440459734286548,2.081832564522993,4.928800287829284,2.53967119890391e-11
1.6148567395256186,3.120002816609037,1.885280151879547,9.460702765251554e-11
4.134791935332139,3.4379775865878957,3.4655495277305732,7.899483277061794e-11
4.3307389783559325,4.90883833527867,3.4811388502925853,1.170804137332149e-10
2.740931573985901,3.1972278067573834,1.2347935199401352,3.8359178178382594e-10
2.8725882366826965,3.6327053508239473,3.3564691478254987,6.181935001900074e-11
3.0485326169575844,4.706358889016924,3.4319945828081693,8.129594855236696e-11
4.486163890183742,2.597058294067206,4.4148309254907865,3.989467059303584e-11
3.417969415356782,3.366518233946207,2.4395722997162093,1.2903512850303221e-10
2.3585699262739213,2.9025339058659596,3.4329006245033313,3.876946404103428e-11
4.033696272948408,4.818375595787655,4.203574228934033,7.340955730227817e-11
1.582126783062912,1.8759404221687728,1.6725187729627362,7.081161902331169e-11
3.1081149797951664,1.6342005447706494,2.9370753933073965,3.9296913430574274e-11
4.574079478273602,3.1877782739008635,1.525561045759369,4.181372260529836e-10
1.0875570745315084,2.8037738683719966,2.694656657081418,2.802685522054228e-11
3.357925987030129,3.448117027728097,4.5327366198694,3.7611300447122464e-11
1.3728967995721906,3.7278421234389154,2.955312052457894,3.910883836466307e-11
4.675159784373497,1.802999343657024,4.913798643791317,2.3299334540919875e-11
4.385787917815826,3.005750188170777,3.080830770550861,9.269387236889543e-11
3.743301063155195,2.4539788996899965,4.686762849098097,2.7910384962214515e-11
3.5519999614864757,4.955831876351484,4.621644742141033,5.500252176668329e-11
3.7247258789812094,4.710000037772464,1.5009152695012267,5.19743512956555e-10
4.97833244948092,1.023257496332926,2.7809348516608217,4.3961591122104043e-11
1.027739291883965,2.6153425826905656,2.5741403678616352,2.7072807625073824e-11
4.142694237680978,3.543927790115383,3.261715578516483,9.210045400761439e-11
1.6408712850023415,2.983351616839752,1.354707510633355,1.7802216662469098e-10
3.4303924217709376,4.65697571245073,3.1052417919114603,1.1057148303023009e-10
1.246720386076833,4.2511687718939255,4.74568889178634,1.5705981506545577e-11
2.964019027678974,1.4895372855115605,4.754285835645058,1.3036109236912661e-11
3.971901843748319,3.3474907850168547,3.681528951500878,6.547080180241683e-11
4.839488943677115,2.4402280704761083,1.1792011733513803,5.668136724970101e-10
1.7934224009936877,2.204036553114008,3.4045675396064454,2.275955031724075e-11
3.522772032269476,4.010858064649336,4.977368974645616,3.806346870976581e-11
1.298544267030524,2.228865007342555,2.6428200123305365,2.765613929381607e-11
1.6691344294838424,2.5709810409398295,4.708584743311283,1.2918009800109366e-11
3.1385504363855894,4.640049465159283,4.530316480434885,4.7356635561831704e-11
4.699984142260991,4.5719450435569,1.0236136392234352,1.3687100880713768e-09
4.5368436421262945,3.8930451655826706,2.08255664780473,2.7179146184493985e-10
2.2183069328764,3.1863587670935463,2.7880159000258486,6.068928484933056e-11
4.052589333646282,4.119086930864942,1.915246534168098,3.0371789883986163e-10
3.0956000615245425,4.915254941913882,1.9654735932126601,2.6287099611302345e-10
3.695285742259262,4.159436112102487,1.0082066668111214,1.0091821421139846e-09
3.6913338894446865,3.5314821155469245,2.1483016108639004,1.8851071263662956e-10
1.4066350929928904,3.584206789938045,2.0822076664197278,7.76090962761392e-11
2.4768364231116564,3.984525915615513,3.5671753111304447,5.176202720109723e-11
2.2837190522192494,1.625664120721241,1.8487304412918069,7.249574434725831e-11
1.5193198133611685,1.8961818800982901,3.9700633032201527,1.2198896104852122e-11
2.185023519233535,3.146191578002527,1.1791163127675262,3.300001877551414e-10
1.7964765598261279,3.3466598355013715,4.855686418160253,1.701837404409492e-11
4.690244315172997,1.3555038116125702,2.108801438322017,9.541376491430337e-11
4.903389406141844,4.423384420707917,3.723118941867646,1.0442956024817993e-10
4.4240016911051,3.275101374619794,2.503271109352045,1.5431582310739941e-10
3.236845743566376,1.044005330662737,4.123479949839477,1.3264263695157459e-11
4.795326386465022,1.8260124212216016,4.164813570887607,3.369123803348469e-11
2.1641540318956745,1.4716599675387916,3.1874488215780583,2.0921624634454533e-11
3.5696482298282493,1.513639626799002,4.555046217274148,1.7379950545683766e-11
3.8976450551210324,2.655233287010567,1.3837146477946303,3.6074315270127824e-10
1.460273138586865,1.6123468244834704,2.715276581174714,2.131329605592859e-11
4.30804872738736,1.8273534213420919,4.5715111218616205,2.51402619487556e-11
1.9018640631090573,2.8667704459552668,2.8139915304444796,4.5952910280882974e-11
2.3138285747971885,2.8115908173398636,3.4137664095184537,3.725648659866267e-11
4.38618513124371,1.9821487009109697,1.2224141064380354,3.883047355121455e-10
3.038846184934399,4.964044948852249,3.6474229258949373,7.567603664682499e-11
2.7924106437296436,4.18449106005309,3.2199086027902246,7.52178720004455e-11
4.469929077374132,3.979262515548137,2.2692091701339887,2.3053685583175163e-10
1.784074985818247,2.936922901388618,4.899526213941114,1.456745485861135e-11
4.133750589476775,3.327977880649645,3.2858192835823985,8.504005946249788e-11
1.6978169983761018,4.645375601747422,4.346323842410724,2.7864660101204847e-11
1.430395241248657,4.152327119345578,2.842373040902635,4.9064984733357385e-11
1.8503733407422644,3.96054156453665,2.1310441011111076,1.076998914888705e-10
1.4306291234882091,1.5725369090289947,1.7817700751565502,4.729451653787735e-11
2.7286200189573258,1.456003745552942,4.472215276609461,1.3257033509292485e-11
2.2975802330961197,1.3062838361132125,3.8198157804112096,1.3728073773156721e-11
2.642449726958527,4.24398090615658,3.4005658531568597,6.472379566262612e-11
2.3137280304426646,2.89268612450111,1.816761018559546,1.3533315826172192e-10
1.350445558143563,3.089632233944059,3.362017273940016,2.4635999662837957e-11
4.37551908081368,1.0562486569234526,4.94881937295674,1.2594436716747363e-11
1.8567393807955521,4.610174816293506,1.7460286209173121,1.8739233738925996e-10
4.467429450735491,2.959010758722161,1.2891914269754996,5.308302109991476e-10
4.538253450956548,3.9677326595705518,4.928436218270156,4.9476511446147685e-11
2.996933239751717,4.772286841617634,4.564456407041412,4.58154211312248e-11
3.917415412972994,1.0614212873803313,1.5851338180809278,1.1044390668363492e-10
1.831432060974004,4.96667969302413,1.390722726416155,3.1387885834075344e-10
3.726774892400587,2.5920681905748473,2.32086040485127,1.1969272298273256e-10
1.7336306169146853,3.112015911573771,3.5737135010458334,2.8193248136821857e-11
4.519869310275619,3.073889613814467,4.792988277549947,4.036338810565324e-11
3.9364578199821536,1.4037597839375007,2.322401522799005,6.837699104784445e-11
1.9392484176379896,4.495139127480133,1.171318077135997,4.2404612049081654e-10
1.1084379766787205,2.898842876726164,3.9751022576487016,1.3571431695725708e-11
2.7581817740052905,2.6377694122332533,4.2886484673095495,2.6400066191310994e-11
4.85362089505734,4.424141366247293,4.996161193294419,5.741272574929257e-11
4.404177911173737,3.766725161426625,4.859017022582435,4.6894093908081116e-11
4.377697605520433,1.3506976789461116,3.6506538331338065,2.9610709075896384e-11
1.2081038462023046,2.218158337082361,3.2461328911627674,1.697267998733525e-11
3.8935419694211033,4.18564221132436,1.975659264779122,2.78656433298556e-10
4.211412778081197,4.046836095353279,3.053896287242398,1.2196102336910966e-10
4.260133366928582,3.9618926534673804,3.8607671159332333,7.55726916923966e-11
4.01237202917572,4.227016831050585,3.583708820220364,8.813652887550086e-11
1.2007056747538245,3.1818844067333814,1.5576610374766395,1.050899656719961e-10
1.3618561348765836,3.1944622081570375,3.6687707831592267,2.157118635986535e-11
3.121319355693874,1.7935019319017322,1.583377448151146,1.4902438784619377e-10
2.87493172525493,4.485660064538101,3.1901982841831242,8.456774338022704e-11
4.769637198304704,1.520512845332148,1.1551334995053124,3.6274153284073935e-10
2.9980830934421183,1.0246533178118358,4.5324668594780935,9.98016091590249e-12
3.1268436463659888,1.4660491026887694,4.7527291581702755,1.3544243475359094e-11
3.2130506768198113,4.179412599579728,3.4836479705242427,7.385000020469871e-11
4.652908295243817,2.9107179516926514,3.416137258307237,7.745334805728802e-11
3.328868960346646,1.996929458533466,2.561925102370908,6.759471909928892e-11
4.805930061894855,3.0091750695761186,2.643734490269239,1.3809419734525715e-10
1.5997546235860827,2.56970617726496,3.138343650254731,2.7856211437139545e-11
3.7123087565061703,4.661243764939753,4.99999604812556,4.61947674715259e-11
3.2694195264939494,1.3335586632025058,4.0684392249060455,1.7579775061736937e-11
3.6534561559893546,2.5514673225937634,2.539042454591657,9.650286066577096e-11
4.657243617543623,3.8978683289603886,2.200864822631681,2.5012412654646046e-10
2.985350766448418,2.5024923231065417,4.649014184875892,2.306920242730573e-11
1.4947823144965753,4.4155365137255025,2.8604168534211953,5.383800732263538e-11
2.4051864352167946,2.076966071869865,1.2921677371164306,1.9967631978957163e-10
2.930221419543419,3.8241151635643913,3.1462744534215585,7.554824771038317e-11
2.3046541083410292,1.4388552357370878,2.7096841312010813,3.014197614592586e-11
1.716980855927977,2.065198068197442,3.181439994451455,2.3381151319086517e-11
3.725391522025513,3.8809979914962067,2.199708902976671,1.9942110441445883e-10
3.686368263768376,3.3149167127488988,4.184268565625945,4.658203298248715e-11
4.554814611767282,3.185853366303579,4.622007411197144,4.533372599493736e-11
2.9976841089343664,3.01973465933096,2.3390948947276313,1.1041934574895555e-10
4.172256868906789,1.4281734642297508,4.7384097987695455,1.7712218648264894e-11
4.998415362669034,2.0867325123572513,1.1855516162026238,4.952727045170882e-10
3.735732370963183,1.2242454657357835,4.916548149384704,1.262728168799151e-11
1.457993317219961,2.584443613681327,3.6877385015511575,1.8492199153113188e-11
2.5375099063279545,3.2114110557802773,3.912398472418812,3.5530693603548345e-11
2.9910764463809008,1.7829222052619618,3.2568112530483755,3.355528479921875e-11
2.1277819341522575,3.7041226548602837,1.296724393732934,3.128263425000078e-10
2.634276193040098,1.9123271623577147,1.3941876676143985,1.7296858371229186e-10
3.543726006784294,2.149743653940475,3.904658375414801,3.3347780031551096e-11
4.209961888339629,2.4503337077250977,3.8046802066392464,4.756125248904079e-11
4.660656766320016,3.1350773922464152,3.105546969204409,1.0111262493631797e-10
4.376777258876972,4.941552001113508,1.7372619951401753,4.782702635607168e-10
2.380271557391425,1.5920242123172699,1.975919908696783,6.477742851896063e-11
1.104109386087205,4.224713254883712,2.4188165576098415,5.3209560995411004e-11
1.1617962359948502,3.9505109666188547,4.370568696368322,1.6035907316605227e-11
1.355118441591367,2.6654820206168184,3.1609670690292884,2.412677491381819e-11
1.4040382566076572,2.224784465778927,2.1391336712836546,4.555932064865476e-11
4.242780714610738,3.2632313305523355,4.803447472633831,4.0047790342166715e-11
1.051720085838452,4.155360197084823,3.6371439820149067,2.2048246656538748e-11
1.594859892426273,3.499812867999716,2.694651693689158,5.1303652889948074e-11
1.7699733984569126,4.084928590402141,3.064669025605499,5.137717876824882e-11
3.844691064403443,4.091186783483396,2.988988073977485,1.175029023490947e-10
4.647410046943076,4.271723904032666,3.2141220185778656,1.2825539716895575e-10
2.22595858050388,1.3371613208192108,3.032162345173205,2.1606388783435976e-11
2.3378045428394447,2.9731228907688236,4.441626735105925,2.3513817550967326e-11
4.633883413408387,4.446321763566143,3.542706129794825,1.095625005119257e-10
2.7827880474532516,1.505877382380434,4.5778377638635055,1.3345509143541997e-11
1.6301934577115644,3.5930444177541077,2.553029359071787,5.997583680060695e-11
1.701570620589938,4.54754219619045,1.3845642241711835,2.693932482780543e-10
2.004852578315638,4.530300427131455,3.558555202057262,4.7868325391285e-11
4.338502595027345,2.6809083154150652,4.490483449500398,3.8496551335194977e-11
2.4113546243997095,3.423271259100092,4.132857206582734,3.22543132809689e-11
4.622421361599343,4.733277301324235,4.27462597194152,7.991373738728723e-11
4.073982616388637,4.709812635365053,3.1546145252182027,1.2868158660968183e-10
4.582007335509674,4.553954720115776,2.4090542535788946,2.399592683760662e-10
4.021713380397648,2.151154066181313,1.1987010342711049,4.018343641201973e-10
4.07130580966515,3.9452081455100707,3.344483111306983,9.583669623395827e-11
4.879196804143312,1.959992170313003,1.4118438158438078,3.20195749812438e-10
1.472667558589965,2.1152998369190517,4.793486997967429,9.048149144871231e-12
3.68913430454636,4.421477842921428,4.860301031866665,4.608417144453748e-11
4.185447554868638,2.8036324893794453,3.0370020035844623,8.491003775159593e-11
3.666520691298993,4.4036440680190125,3.4826873933606612,8.884307135292546e-11
2.605875268194939,2.9316912970968336,3.7497528144594576,3.626208609426556e-11
2.2475289129594294,4.531763681582889,1.014751998645401,6.601443543727216e-10
1.0276566562745355,3.8120024924620384,3.102878137966748,2.7155510954220422e-11
1.6105577338351371,2.756659427081094,1.2158440169111695,2.0044253666948504e-10
2.5898670445804086,4.252508709938395,3.041221883576489,7.947173047831709e-11
2.597663208960656,4.027763447370795,3.5302367125721896,5.6030609652034264e-11
1.9502026085838886,1.3990785237206347,1.6807804575597367,6.44593683787901e-11
4.983932590200228,2.323649293474294,3.426345974342211,6.58364667804636e-11
2.1479638622378583,3.253201514012202,3.105584231433673,4.835456855611121e-11
4.019844559540509,2.459788045652866,4.503300201111342,3.254103415526119e-11
2.8631929390188007,4.234992331346739,1.6806434930522527,2.8650898636532173e-10
3.1679999024566343,2.146171504394122,4.964702319549894,1.8409812229774918e-11
2.578971963865153,3.1303451633771897,2.002726595162156,1.3433269268234376e-10
2.6215799025891102,1.157807957695852,2.21829101240186,4.116695951025518e-11
3.0998875751493697,3.2538252543691515,4.803776677178859,2.9171633775255494e-11
3.194951922275485,4.584357680474485,4.458767559130118,4.916990385240817e-11
1.3330092539891667,2.603058700615065,4.8860773379781595,9.700243916553669e-12
3.521097927841377,1.7388544840659388,3.8504014468873917,2.756230421815072e-11
1.8984071751192455,1.4176917234574828,2.7515311685923294,2.372512446219223e-11
4.950195156828812,4.534607469927979,4.063887878192666,9.071200947665565e-11
2.111994674305237,4.09005909862174,1.3893301885792373,2.98674165727984e-10
1.5685719246829777,1.7422833480523492,1.762236749066267,5.873282876411959e-11
3.099084016449017,3.7607382633269406,4.358547870805068,4.0945767937317815e-11
1.0657318464323957,2.5822379387480088,1.532295146830156,7.822499632641364e-11
1.2709046504880366,1.500594433544463,3.229497020601937,1.2203733801282665e-11
2.8591838029483037,4.7563989671062865,1.9601624346435678,2.362231353278578e-10
2.6550071698758013,4.1528872189607835,1.8476266887567325,2.1556268462129138e-10
3.4657718019238084,3.296683396246531,4.941759677044345,3.122483587112103e-11
2.0416406476985376,3.655709806019107,1.3888911168555014,2.5822650613643836e-10
2.6924832142387918,2.1397488538579643,1.6668138377108885,1.383973628201774e-10
2.5218213023564666,1.5122111237266065,2.5901692066257542,3.793644821518802e-11
1.8040420965442068,4.449471047912445,1.589982100176882,2.119126023154435e-10
4.723821748806952,4.631260687454462,4.503368557085475,7.199526735120397e-11
4.949009707646876,3.6163405923099887,4.426516906878015,6.09606486687263e-11
2.2894358247040767,2.3487957788692335,3.6971050592580896,2.6256470767782873e-11
4.553094939486469,4.615751423816873,4.826246554938425,6.021661125599313e-11
3.417009516554265,4.862776778091927,1.2856628069175002,6.70907372147047e-10
1.0692372712830025,3.1058650340837257,2.5700767934167295,3.3554492168502014e-11
3.7896823472125227,3.2702084827641684,4.536162063306459,4.0196415561780675e-11
1.4643372724700976,1.029789157538593,4.74105186782862,4.477403360257831e-12
4.871799798138607,4.8847684411954955,2.9396073038278643,1.837980845176137e-10
1.8895918376684837,2.231387771350951,4.923412349774628,1.1609054068624467e-11
2.410926086490426,2.9278435067045487,4.071306128377073,2.8421725488405016e-11
2.8926884390344325,4.479634910287899,3.0639159616767966,9.212484803113143e-11
2.719076628308942,3.01632202437618,3.2886207783792747,5.0612496712154156e-11
2.7873056939877983,3.1324142892665803,2.592680209549728,8.668662514439894e-11
1.356703965837153,1.3997305160677995,4.334555767832372,6.745692465970001e-12
4.280415725793511,2.919765051334524,1.463929040328579,3.8920643040268043e-10
1.4413461620112562,2.982863448094475,4.318136183291001,1.5388461456632984e-11
4.1494216540340005,3.0387049276111586,2.425599662339766,1.4302898426051082e-10
4.853547589245856,1.9258120323239596,4.929789038983106,2.5668631819108572e-11
3.2577681708426773,4.144214846781123,3.4982113928545853,7.363029503991761e-11
1.9453869752876183,4.398379207789333,3.9503983851238087,3.6593427185179296e-11
2.5177851722807723,2.7746625118552974,1.8624926416878695,1.3440824460135258e-10
4.672136475865676,4.079857985052427,4.368880390429055,6.665096763369005e-11
1.800561821114036,3.520585563110517,1.170823823682647,3.0862140329218726e-10
2.1534995171550424,3.1122110638891285,3.4274377871854127,3.807683678292981e-11
3.9572648895792786,3.4406779745195997,4.204507722013568,5.1403778390293535e-11
1.0920254743086986,4.19606589817113,3.3562887787035307,2.7148299397768065e-11
2.5101158184917813,1.3931590410292811,3.194094805215528,2.287626167492674e-11
4.128394877555884,2.4202181503079876,1.367134107500608,3.567793499134289e-10
4.624252228849169,2.0232871826884784,3.1727408586696435,6.203203721677653e-11
2.3339527326680662,3.6262852026071606,2.0469463198496465,1.3481161432181657e-10
4.354850284872885,2.5018718533310254,2.151692459084277,1.5705945891267361e-10
3.331105910678311,1.0335049153020779,3.863189150740916,1.5395551270847658e-11
3.2912996203510567,3.2309555374736525,2.1490959078189333,1.5366430963089018e-10
1.8093935406275379,4.53072911367942,1.814538818825664,1.6617083714488324e-10
2.202589339704001,1.1718468328323848,1.4390925293157122,8.317889536523486e-11
1.2235116032455844,1.3977138176327588,4.250708620817793,6.3166946224735405e-12
2.824891699984586,2.548273563310513,4.167511517837202,2.7661799944843836e-11
4.250671816913562,1.8776753641804858,3.2478696838091894,5.0497176439330744e-11
2.92798566161578,3.0600412057727517,4.347378521231315,3.163934702191284e-11
3.7479623664581077,1.8173568809912362,3.312060231780085,4.1440519516190685e-11
2.6244596156424365,3.0072231355438905,1.7029593633246756,1.816281590387288e-10
3.3852163148176526,1.3849001907421088,2.9804265374492966,3.522364207064339e-11
4.415733714231274,1.4734371104979958,4.269139915481931,2.382538379140426e-11
4.073739119275203,1.046123729914021,2.1364227560190345,6.231435140149746e-11
3.041421960049513,1.50913434184611,1.0069490571450985,3.0211743060021126e-10
2.657413620544162,4.130829318797964,4.135250298053874,4.2842914435158594e-11
2.8315679445049216,3.7945452495247016,4.812504294087624,3.0962118289508436e-11
1.1089286764095352,1.2788460402276196,3.9518737160937594,6.060409405977759e-12
4.263998804827642,3.7464227106207946,2.054933431681995,2.524785797854458e-10
1.1573152262367223,2.2034036663005714,4.177832413742427,9.75056780950142e-12
4.143079093236021,1.058208224782863,3.515795298388951,2.3671915245673725e-11
4.389827579207694,2.0531718610122702,1.392969236609201,3.100101534278955e-10
2.0951196562624297,1.7058755514930959,3.6736100921393984,1.767487128226089e-11
1.9818587879408556,4.807749471571486,1.0433636322885165,5.841566813023062e-10
2.994536748306996,4.973782742705154,3.784628058943775,6.939948549483032e-11
4.805849497990607,2.606628767319741,3.2599997693713116,7.866841745006031e-11
1.4265842735227565,4.617286124889584,3.2190430408629394,4.242451197458173e-11
4.235026522809905,4.110083403753709,1.1072875257109542,9.474845938578005e-10
1.8961861827362045,3.647271323034794,4.680491272276422,2.1069409904809713e-11
2.5426670158661904,1.2743829668986182,2.584347417121581,3.237977732197122e-11
1.8857720916146574,1.673175651607544,1.8802495658842546,5.956428710572941e-11
2.2381838883577507,2.9068542731846603,2.6543018615511973,6.163176488521996e-11
3.6153339323399014,2.950426671241885,2.2783482701814615,1.3714476104302942e-10
4.473390643442332,1.6334645034532,3.631013113571991,3.6989383576497704e-11
3.4050484311886566,1.6946403599416366,2.266387492401629,7.497538622793631e-11
3.904368159832132,2.8705512228553385,2.918412069252053,8.782315610117475e-11
2.415756300974419,4.928917318215598,1.3574772851132795,4.312466296127931e-10
3.6232276396314247,3.7789465555765847,2.7893819454650375,1.1744555965324233e-10
1.8674029016922336,1.3677896350832173,4.012520198617836,1.0587881616342781e-11
4.939356699081229,4.95583158839522,1.9653419647151171,4.229576428677206e-10
4.987612812208278,4.60133125106609,3.326133089394896,1.384468847778109e-10
3.4697665681084158,1.3220092903026384,4.8026610229279045,1.3272633373535236e-11
4.842944549394584,4.045433800706213,2.3860764624984157,2.296635556671654e-10
1.9866209823165102,4.92723028637968,3.7121128924232,4.740910209336943e-11
4.573696291023154,3.2171395242712335,1.5908415841153425,3.880337953296061e-10
4.401695321868471,2.7266131463816334,1.7719553044328658,2.5510805907741047e-10
1.678251026867394,2.2587016159763467,3.8893039525462476,1.6724695386590492e-11
1.4758958924327428,2.7507386489321015,4.871062841984653,1.1419413283416093e-11
4.822133117148319,3.6256162392769875,4.051291233596594,7.109192962492873e-11
1.8074790623611294,4.520546046057856,4.56893616800952,2.6122828158000095e-11
3.955995007393241,1.375909107310716,4.261220140156952,2.000616012434895e-11
3.0345278913518543,3.978686218050729,1.9184423297386193,2.189371844062612e-10
3.7139836163887967,3.7774125150639857,3.953112504982278,5.991592270282197e-11
3.6567732772045733,3.7800485923402145,1.2074526727355308,6.327634499803707e-10
1.4464817738650049,1.8469068769500394,1.0519438759662338,1.6112355190488415e-10
2.880912612873242,2.116532250146401,4.291599934131957,2.2095443222414552e-11
1.8198318564878706,1.6994461762596411,3.634198705819657,1.5628148927384017e-11
1.9904081644207188,3.8299643332940034,3.289417900421124,4.7020254286640165e-11
3.0028731704826916,3.565105015240423,3.027783265548418,7.793740662714498e-11
2.70527170402236,3.0624722166716705,3.0280195550009403,6.030480238982664e-11
3.0063451989789702,2.0424850891813056,3.773607029197725,2.8778662027871576e-11
2.914170878366649,3.2154708186136394,4.149829639841755,3.6314933420470445e-11
2.8471371123676383,2.2055595511663872,1.8988737957981328,1.1623078487475894e-10
2.192558696822338,1.8995245631428346,4.814179293597129,1.1993275875906842e-11
4.534798674728547,1.8158864571728723,2.588221458701556,8.204082819671678e-11
3.9973377873670217,3.0590454077811144,3.287800216816433,7.549742431815615e-11
3.841494940754896,2.46049604849687,2.0729902732828287,1.467961315958611e-10
4.8308109644314605,2.2955347628067013,1.9494121008476375,1.9475239376836764e-10
1.46069823467792,4.213021925833784,1.3070745197550333,2.404029147495925e-10
3.497358773175106,1.9001109074878526,1.8821453937300463,1.2519846414337975e-10
1.0449879577897647,3.833841031058015,3.8698694789444503,1.785414074153503e-11
4.576725085938463,4.717130661823483,4.1263193082865754,8.462394557050371e-11
4.007405674968915,1.3529985032317962,2.0799661725113774,8.364390181841224e-11
3.1918485507375625,4.76003527807356,3.1073111552143735,1.0501931031726612e-10
2.7777394077765614,4.6080628435402105,4.460251772122042,4.2941513453676626e-11
3.435853681274623,2.9679320575163226,2.0562166337355143,1.6096708588527222e-10
4.410612082169957,3.5216104002790147,2.9932714816335744,1.1570021261050496e-10
1.2269509495973696,4.769769139707706,4.505688404795696,1.9239263999389632e-11
2.0907982997124184,3.467131658023695,1.0944797301852662,4.0388081915571773e-10
2.0105793582067744,2.8845246551524872,1.3848192468732394,2.0183454286171022e-10
4.205675611415358,3.418792731317106,3.8891865386529743,6.344204862803582e-11
1.0548108831411347,1.6814937692331577,4.523198754668229,5.785817404707238e-12
4.256058358792709,4.575744934656722,2.908232193306389,1.5367295023004025e-10
2.741719445043504,4.538619277942276,4.514264491358876,4.075294198776159e-11
1.6331334135174593,3.518837079948036,3.9690161001094197,2.4346767322529993e-11
3.1732581187282336,4.091198901473687,3.7104017248430834,6.293617284401445e-11
4.430931498317674,1.6918755795826521,2.3246639170979955,9.258258676937137e-11
1.2518289843147166,1.089156953008454,4.29339934441068,4.936499554231142e-12
4.117300353695812,2.304319571878432,1.67697694981256,2.2515794383505853e-10
2.6368269264466795,3.508911205734487,3.666108601217513,4.594407939287048e-11
3.081352750096086,3.9109150483645467,4.873718952633456,3.3859850818223026e-11
2.6207508830177546,4.466020751611168,3.013844148625396,8.59985441097427e-11
1.077079409933165,1.0997519467539703,3.989627276822955,4.9666552633706515e-12
3.9526576632353922,2.799745777665911,1.689280205798922,2.588156992604482e-10
2.0378484708270688,2.767449241921598,4.434773155224784,1.9137928795094125e-11
1.640212108250597,4.563118472553381,2.868409892651073,6.071074149118389e-11
1.7528962231303562,1.3292445559231565,4.044832895801925,9.504868860993016e-12
1.528030308797418,4.425335746345154,4.291032886837728,2.4509853238160582e-11
2.460170211876819,4.410533381585747,4.023208850401929,4.4740137600453334e-11
4.931844455254744,4.878940964638639,4.284205252283575,8.749446861451228e-11
4.146605213164851,4.950261978311854,2.2257014716634336,2.765497365422726e-10
3.2558287105915795,4.0963784868359845,2.363333628784221,1.5936676539493775e-10
3.5286436230938425,4.56725105561247,4.7764835964321595,4.7144637933667644e-11
4.66495028329652,1.5005515212713005,3.1666481090530043,4.658912162300931e-11
2.5011099209364835,4.538064867622984,4.813681122709454,3.2691514879651516e-11
4.529094109695555,3.1958536628337324,2.8530157123471405,1.186796085730327e-10
1.7496197271055833,3.8290410785036677,1.5868696968072866,1.775568210752649e-10
1.834865771191223,4.119521811646495,4.468959024062113,2.5259489135436202e-11
1.2951167883996444,4.547593020186376,2.0875183427124058,9.020199151211491e-11
1.5919842923040983,3.1566184176371985,1.129474538510427,2.6290217343376413e-10
2.489795227051689,1.4410478097082988,4.2923196184054975,1.2997029821558049e-11
1.2657408480683787,2.3416255012429295,2.7677098571149803,2.582303693208858e-11
1.6311062207244866,2.331717420211569,4.848320209726388,1.0798458736483069e-11
4.2751366259315615,1.1003618583750172,1.0705316687089086,2.739508741609395e-10
4.335759549310989,2.48138487484716,3.9395795889916623,4.626427543536209e-11
3.887375869587061,4.782166712335756,4.557975664686193,5.972050131223311e-11
4.44515942009369,3.3896217145792007,1.4542558471985103,4.754919175729284e-10
4.360725969122142,4.218520235523007,3.520700204698467,9.904830413875455e-11
3.4896087410883636,2.1537395669523502,2.377847160834739,8.871320149117547e-11
1.8747248623261386,4.0730964641065714,2.9728377507253216,5.7664166969185996e-11
3.114602522398238,3.694676830945262,2.068861235562217,1.7943310230498885e-10
2.08484493465737,4.202827258650597,1.4512295875287902,2.7767018725377567e-10
4.250662425282503,4.105306461076479,3.977073814246976,7.363106768034469e-11
2.1832330585588537,1.2100275673364673,2.3987136973182577,3.0642538163954094e-11
3.6085225936383263,3.5660109013371692,1.6510855385160519,3.1503524992133716e-10
1.3564498033639292,1.3092168745045392,2.8920601253154006,1.4170555923574727e-11
1.2189992102432092,1.4849716301705533,4.00924987881975,7.515909356421242e-12
2.7191686663645123,1.940626662441602,4.489612792944091,1.7472158856327585e-11
4.549379179562049,1.7172572883293693,3.7713728662290347,3.665850604242295e-11
2.5015342273428427,4.121051368658227,3.552706248377644,5.451074031053848e-11
4.0639691680608685,3.724308610047844,1.6241471335447395,3.8294070092322604e-10
1.2292780169949191,2.861895951933031,1.3304239523663601,1.3265085320086832e-10
3.8999509984676446,4.778277111239249,1.114554058108689,1.0011851751650296e-09
3.872056242404127,4.0396307561046365,3.050602058325786,1.1217560264535096e-10
2.9179490309929013,2.3865264481210473,4.13677481293474,2.7158538456050772e-11
1.806506419702563,3.8613003039884983,1.1851588194501188,3.3144096547696723e-10
1.0054179334043187,3.7046069821481105,3.975098345207362,1.5731828929868293e-11
3.6131530012521065,2.800572344609102,3.5055342507951015,5.495546932702541e-11
3.5174184443213945,1.325112680244278,4.944716243245232,1.2722729689812135e-11
3.65925402161853,2.73285037469919,4.018383061213347,4.1332525908009456e-11
3.28092836704438,3.6765579423344383,2.0398713949424536,1.9347229787323845e-10
3.4355322458564896,1.199733953142545,4.14034044547042,1.6046971272693555e-11
3.238626637732183,2.9470311342320232,3.8244275349340535,4.3551080799360225e-11
1.9078466060289498,3.5579647772775584,2.694632328783675,6.239248290117661e-11
2.8046021253432616,1.8671640241812373,4.931156064634474,1.4372834899910911e-11
4.723707036014039,4.5764927754415865,2.32947684040929,2.658796780170402e-10
2.2709458111195726,1.5256681762211466,1.876067687090484,6.569859081108621e-11
1.7759577970290295,3.8085133199450953,3.35396035928055,4.012901240733581e-11
3.811393978425981,2.6210712309799717,2.9051406964813395,7.899771490816111e-11
2.3414880263648405,1.275133822191457,4.452579323349184,1.005103021295943e-11
2.480402201792345,2.092670608450262,2.1790767463140126,7.295652380398345e-11
4.116613775197646,3.586139206840445,1.2273212467022359,6.540891787123233e-10
3.3673376703797215,4.860792325996363,1.6603164342308778,3.9627639575906226e-10
4.097396104547928,4.802371166033096,3.549054530136602,1.0426163495485722e-10
3.85632606373383,2.758069292189846,1.7367456383269793,2.353383418727944e-10
2.9881172412559196,1.374218152029933,1.9369264809797597,7.304882642223079e-11
4.470710922044196,2.415595442231399,3.015060590788781,7.928570725855581e-11
2.946966978875162,4.404402738952076,1.9282430739270149,2.329833769094311e-10
4.748111147942199,1.8914719164788236,3.372569707002331,5.269690476611646e-11
1.3600854669488776,3.3867979123950582,1.3068267527285715,1.8001373902359067e-10
1.690761120243113,3.3389557604763023,4.330312797675825,2.0092805613478242e-11
1.15269843239478,3.4855078774306993,2.896717885534888,3.195623246391129e-11
2.8496635906193304,3.7957531064814773,2.724787965779067,9.723269582635706e-11
1.6901836843336082,3.723967851805023,4.245783491230872,2.330291990380896e-11
4.946256894444147,4.647502165219198,3.053069352243088,1.6459215534918458e-10
2.1662248896227676,1.3914466172918498,3.53972499579723,1.6055256485481477e-11
2.730844876594488,2.266967082387383,2.2463915007354878,8.187617636354955e-11
4.533605656660371,1.3124943101371116,1.4524272420274364,1.8825156750625904e-10
4.49089753915791,4.370010255026319,1.3716891683046608,6.961300584110779e-10
2.1696096159060487,3.5664714916424454,1.7997733415290003,1.5943032330843156e-10
4.545682886953886,4.700511731720062,1.3200949643892863,8.183142800380587e-10
4.843522270039584,1.548118208730997,2.328802556474293,9.227547376492754e-11
1.5456242981131538,1.1964364706848745,3.170564979195232,1.2277401692028061e-11
3.4069761145285673,2.1750624650044847,2.3191626887112347,9.195272294650232e-11
3.1094275852902715,2.346437242182156,2.9660239602373744,5.53511033514474e-11
1.393450284439941,2.9737618702404003,2.9785077594274796,3.1173559752841975e-11
4.8475787470615455,2.8672072483470843,4.240503759812246,5.158640408786775e-11
1.2978509178300723,2.2603882082117686,3.2914024876015,1.8073075292385702e-11
4.021056497588891,4.32155475613899,4.6592094217305124,5.342468061653053e-11
3.3273465555160247,1.8979176754513358,2.5701314142233342,6.38044470758333e-11
3.304460041194718,3.5470392826801946,2.7006195934283137,1.0725705709993263e-10
4.857188360679531,2.5668431662387587,3.386547706388174,7.255311885963187e-11
4.64534042014939,2.549684260117845,3.993321392743611,4.957030844949536e-11
2.592548705598093,4.351659846732142,2.408858381354567,1.297614024694792e-10
2.2698203561858237,1.4747285835368693,2.7424878395241437,2.9703003451015104e-11
2.2487150482698697,4.744707985647025,2.7015115041188245,9.757003813875743e-11
3.329358878042069,2.1250104311972744,4.814610417270483,2.036974429867231e-11
2.697704940559644,1.3408597857670421,3.4718323667259274,2.0028412169128122e-11
4.2855482687819055,4.567197076027412,3.640366742101271,9.857165972369653e-11
2.9186254798592297,2.4955894868812085,3.2347858122960527,4.645651848326189e-11
4.359893836065912,1.577432302883333,3.384771473082183,4.0063984809216655e-11
2.166047586221969,3.9098474152810807,2.2336168977499615,1.1329131868022195e-10
2.7633173471423516,3.981882794952827,2.181444080118058,1.5431824268088493e-10
1.6007589218413871,3.753632452193209,3.6646290476940853,2.986096504339203e-11
1.9533367663222094,4.734905278156245,2.0760862717541566,1.4321345723935853e-10
1.958911936541083,4.452183940848336,1.8634395313222885,1.6762685805914525e-10
1.3756866412587203,3.244217240586872,2.38041323633388,5.256672702418138e-11
4.2495388824704925,1.8942306837558633,3.8667077570067914,3.593173413426263e-11
2.3707643030309447,1.282043030945963,4.565666299510848,9.73125496966676e-12
4.750587541066757,3.911060892297547,3.8809354442829624,8.232946020396749e-11
4.301498385866196,1.2050936500580893,3.9033444712431873,2.2706646845898735e-11
4.992400366183289,2.708554705931139,3.3685950938521056,7.95308449991922e-11
4.520721202140566,3.1572352983892986,3.768350049329207,6.708082566759163e-11
3.4393364060938016,3.8628501572453287,1.2347957447498508,5.815385009810983e-10
1.9192119577838067,4.137960669985514,3.4623503078779176,4.4213356855969406e-11
3.9109281270595972,1.2125183894260472,4.159389084084166,1.8293435591532625e-11
3.6119086317948073,1.61404326701174,1.9966713303614965,9.759441527445093e-11
4.774334268709019,4.752529619115683,4.002220662420754,9.454134950517847e-11
1.6420753412927382,4.059848202585298,4.615422311142034,2.08865248552004e-11
1.7053141807125645,2.03546997521105,2.9944557526806466,2.5835656759952065e-11
4.645699808554074,2.3014841254084524,2.200250308832449,1.4740124383020282e-10
2.0637939601907904,1.210352928295022,1.1835781072316895,1.1900650965595878e-10
3.850081051532718,3.5292793042422943,3.485511568554243,7.464643082833846e-11
1.8871759398742305,4.999703950123274,1.549081587033823,2.6241840937721056e-10
3.4828838459014286,4.348439186109609,3.366662703523236,8.917833885914342e-11
3.430451029573937,1.9253156298821916,3.6985586761244873,3.222362069899981e-11
2.2098011386179106,4.5106446928261255,4.731796757488762,2.971158698544106e-11
1.1732725413209177,4.63599448421996,3.4933692242577954,2.974671687237898e-11
3.3371428587448864,2.4223287374638125,2.474764326578697,8.808995502616769e-11
4.711555447163541,3.5957749700810813,1.5181608593625922,4.905772821841989e-10
4.503870399460946,2.4662614740952753,1.8354608230337748,2.2004979476875923e-10
4.2571400227222,1.287499340632094,2.126070923769775,8.092741277246385e-11
4.158910071874022,1.8085041393278227,1.076651674453224,4.330467651879172e-10
2.9938958284058894,1.8900002656317785,2.564317338307903,5.743031721109446e-11
2.195768296041505,2.525008663515634,2.4589705196699807,6.119683206717397e-11
4.922395270843486,2.7966352769969047,2.7154519791856684,1.245989161995224e-10
2.398937298251737,4.113980516646904,2.973050277976447,7.451828002642513e-11
1.8455848780607016,2.5512659075889963,3.16187011484334,3.143314960401051e-11
1.676903546033519,1.8713946049287125,2.224021134648081,4.234302086799913e-11
3.623747400011227,2.372297670774681,4.775492036560912,2.5158054357879823e-11
3.543856247162685,1.0905902540376058,4.761185934764232,1.137872568239795e-11
2.017915213837654,3.621050121540638,4.204338701895406,2.7588511038064928e-11
3.6451290111646495,4.0507609426855335,3.9511381984914316,6.312353029540054e-11
4.533000733773803,3.5795333913929417,2.3284244530440295,1.9974416737438767e-10
2.8304370666641194,3.827826009036299,2.6262260889374622,1.0484015919952872e-10
3.029448658908811,3.620612200009023,4.94972539988753,2.9879243516323205e-11
1.5261632167101173,4.516243499796543,2.0554684254361137,1.0887869683137982e-10
3.7368964236848234,4.155448315101211,2.9201471948442084,1.2153620219199066e-10
4.646453570502554,3.199836442215134,4.101052639394695,5.899903344442622e-11
4.565110198250858,1.6773186656937105,2.5202787395647857,8.04555292641494e-11
1.6497267548506729,2.8441900209036945,4.7342118762883985,1.397209234214685e-11
3.1626633230890153,4.6785336506578314,3.7395537802406396,7.061701489268221e-11
2.4777577440551957,2.3424797136994404,4.382041326239775,2.0172881853565408e-11
1.8530974278007704,2.0488105693852905,1.0909382881964689,2.1290501573672421e-10
4.314133242341241,3.006965217737889,4.255345196960166,4.7812182520820476e-11
2.3571859730418683,4.663674606482906,1.0165007339356613,7.100564855257061e-10
3.990466257047814,1.794425298176093,3.2516897451825635,4.519777186863658e-11
2.4134437794008265,3.9542057529507506,3.4465730874389666,5.361763666490855e-11
2.772645206328298,1.9814995952361016,4.684107840293269,1.6711703430219506e-11
2.358221352626858,2.9133525803100717,2.6233348500291127,6.662793591151845e-11
2.527265935759382,1.7746236972165605,4.245193432439528,1.6609190074447214e-11
4.858536191764683,2.2342190909859814,1.6907573056368634,2.5342815254485916e-10
2.571564643575578,4.479740314992135,3.278854894918473,7.151416836201787e-11
3.522966448526734,3.4475792635367375,4.1331098482798225,4.745206027702975e-11
1.7527819306453543,1.3686449192191903,2.855271402182338,1.9638580271395727e-11
1.8470026322067294,2.7711545510476463,1.7003060424917003,1.1815722097146072e-10
3.1756300955764982,2.7393939564620857,2.8726436319551296,7.035696542083277e-11
2.394778848949604,1.6001647353557704,1.0205749571746319,2.4554239994134075e-10
3.627303388279232,4.0752008066767145,3.1393091936763255,1.0010388062780638e-10
4.525094172050368,1.2846569869527382,1.7967869653425677,1.20173256665859e-10
4.684097237190985,3.7588228747918397,1.9171136922732028,3.1971883919308506e-10
4.906698298678201,2.0981087133547898,4.393594149344278,3.559292424726966e-11
2.2111529970788393,1.40993782368357,4.009607886026984,1.2941992701188312e-11
2.6698289458249684,3.3589904749448696,3.628713671261841,4.5454094451553353e-11
1.7412794363662067,4.275778623962211,3.5653915526529025,3.908907765521829e-11
4.748140134450754,3.1174338729230078,3.5369694009680224,7.896677012962516e-11
4.841498490515965,4.709486709729999,4.71453223027984,6.846401441651474e-11
1.9310941330681048,4.021667923853935,2.5744943977739663,7.820093609713637e-11
1.9819688931497237,1.0576196880919722,4.770325740447521,6.147754149935319e-12
1.9063291933678181,1.5073010558851316,1.0352456123486475,1.789358280198311e-10
1.1585267637969983,2.603827726262457,2.9021090409788055,2.3904357117828147e-11
2.2886005633678814,3.681200028843663,4.8914189831816115,2.3500434402705396e-11
1.941178636435286,2.317229728696068,1.3884727991343055,1.5572059150923456e-10
4.8816567765027425,4.477122709473093,4.25983145162138,8.038362918849202e-11
4.958413301508948,2.0326078422219855,2.462481456766585,1.109268257391281e-10
2.9297427560914207,4.41325070520405,1.2134914611726186,5.860043518761682e-10
1.2812439025917994,4.830574433277079,2.4310698989814545,6.98911039527673e-11
2.3396587648941667,4.84741032012292,1.1985470510182745,5.269122931702066e-10
2.5394814911100667,3.768268316101064,2.555611449788299,9.778751784235625e-11
4.472469873405154,3.218498511343765,1.6491154871998925,3.532521373552648e-10
3.851415590871337,1.2769702180703026,1.620243928202874,1.250335464904898e-10
2.19881240037584,2.731816139918453,1.4932877359850552,1.7977895418695986e-10
1.781163320906983,1.0626898729835297,1.3578336601615293,6.851778999217425e-11
4.703234829168009,4.555859068135609,4.930727064535389,5.882083972079319e-11
4.237834270627291,4.876500707387027,4.354837257233618,7.272682077267992e-11
2.7893319064882607,2.3042106545813823,2.217483128228379,8.723443027780464e-11
1.8776192121266333,4.477762505931652,1.502538736738618,2.485440801941079e-10
4.3744906366423795,1.3801229913552615,3.1488921070637583,4.0636465233061785e-11
3.178172955352465,4.327650213252369,2.2383379655161995,1.8321649014227648e-10
4.787396694463383,4.743108514191794,2.125555465474935,3.354314613242442e-10
3.2617133752226217,2.61607823473801,3.146529979635627,5.752001312009667e-11
3.125773051329757,3.9196074237211858,3.6194891535052665,6.241538553191877e-11
2.991333983591425,4.95644710732054,1.6010243548099101,3.8603413274338824e-10
2.4116035864751937,4.85503343906728,4.320768679732046,4.185644277469812e-11
1.702587528764853,3.792242474953969,1.7679801290191506,1.3785959218793174e-10
2.7444241081959224,3.89333958919606,4.113184554506977,4.21505573192965e-11
1.0692531973304535,3.911591007900708,4.749108408272445,1.237644830693342e-11
1.8641770317323019,3.105830889680509,3.0921612355981374,4.041354032005622e-11
1.1640750259001722,3.087672393945714,2.0988245251095385,5.445604901125877e-11
3.9857725897925653,4.892967972906394,1.6229190578166715,4.941711315686471e-10
2.1042227392189723,1.565583665769144,2.623820420607362,3.19364013744408e-11
3.8345330217667293,4.15751297563388,4.603452332500218,5.020708379612033e-11
4.8351127545879615,3.361669363836364,3.544134055596614,8.636296096167249e-11
4.078756272946544,3.345342217858248,1.8127350486311369,2.771314696179485e-10
2.4166120398529882,3.435886257281797,3.008942721574378,6.12074201148261e-11
3.7855530026582076,2.047374903195416,2.766708949155786,6.757498519882173e-11
4.382797269239074,1.557169968413619,4.659611970780649,2.0978483926298862e-11
3.8785506384280746,1.024868287302402,3.194142249501461,2.6002506675329506e-11
2.3212018897458466,4.7046755636379896,2.5025131673972707,1.1637938420894269e-10
2.924461944612571,4.215934521968849,1.6967522139344071,2.8581774258235284e-10
2.92834865558288,1.736177140131669,3.8324816704595084,2.3101641850600254e-11
4.378093542997588,2.566616250918769,3.257335079047885,7.068175200412148e-11
1.9240021799672324,2.427144528759901,1.4871080601159385,1.409296408131297e-10
3.5249931689588117,2.6790908490613523,4.892873131681245,2.6327160011508486e-11
2.9622592176587808,3.231413916765991,1.6939502471369856,2.2263864581988825e-10
4.330359066449088,4.727439456620852,4.885958316508301,5.723169016465898e-11
3.12459521876606,4.199350066013665,4.235129723965194,4.882346645176428e-11
1.567447017130899,1.8577496186691387,3.7233796010871028,1.4018179691970249e-11
4.944277222435408,1.94750594887695,1.3152953329355537,3.7146786561214686e-10
4.277732203629575,2.2505483543450766,2.939496381200656,7.436049707649824e-11
3.0158867371328353,3.2959991553081514,2.6788795003729184,9.244468855419673e-11
3.688588770810084,4.391677125205845,1.8283248478344118,3.2342241999060595e-10
4.155347212441692,3.1569407344048894,4.473603285171871,4.374667123372591e-11
3.2988545980788864,1.887528831074988,1.7960530805890054,1.2882632998742876e-10
4.659873059548625,3.25805765812105,1.8453517866750389,2.975505209438094e-10
4.762263113769308,3.2747188136234193,3.279370570944809,9.678155899228402e-11
3.738013616482494,1.042150058524543,2.3179982612668177,4.8387270769338045e-11
1.5688594786625205,3.855335327939436,3.7742663256540268,2.8337877701542907e-11
2.3325597775788274,4.982089923688995,4.160997685178561,4.479562479695172e-11
2.6032597139731153,2.9665471779413313,4.741432447815676,2.292639784348466e-11
4.339882612291126,4.866615861446075,4.32955987456403,7.519756057531055e-11
2.326138247010065,3.3252176989842326,1.6553765210397295,1.88385826851318e-10
3.540952811428696,4.52257404014998,2.9522048546907222,1.2263065470007304e-10
2.9137505979960343,3.4322818902679706,4.5424987938229275,3.2346841874617846e-11
4.752907678110633,2.4088920526836275,1.7700793848801752,2.4388069916485845e-10
4.523503907464805,1.2294373844993176,1.8130762278663752,1.1291079354604891e-10
1.471103454047324,1.2079314142141482,4.688508936695053,5.39513351969867e-12
1.206840091153401,3.990656564296591,3.052463123612863,3.449684944765124e-11
2.407789177199224,3.933058084765421,4.088805949109721,3.7804371381401365e-11
1.061090743255027,2.133441777512071,1.9056591606824984,4.160342349363399e-11
3.1119111586479358,1.3022541089052888,2.309592014700405,5.070357598044814e-11
4.777586340654038,3.5709664530832077,1.9829126534743482,2.89583190550495e-10
4.946355184325363,2.96710504462699,3.1000815405265767,1.0191971221737474e-10
2.7666927848591913,3.5657765172102147,1.87920086211941,1.8644676584248932e-10
3.1774464682581365,4.327014786918506,1.2584014271713215,5.794479355391295e-10
3.251223588651653,3.698131468851289,3.729746050854662,5.7684198184355787e-11
4.724992379529869,3.625003176151122,2.604736069517502,1.6848772181631627e-10
2.880935864835997,4.60107358115561,3.0111433839146597,9.756995368462712e-11
1.636967058180125,4.322196321813754,2.669767666144442,6.62496660904658e-11
4.939078172086026,2.5131075317545086,2.401609695644207,1.4362773692120317e-10
1.6230396159324485,3.1863932849926933,1.3024962729202145,2.0345188707969807e-10
2.716332467641872,3.3021384746938187,1.0946785792520988,4.995640394747384e-10
2.254790034525093,4.506500029799357,4.755147919569195,2.9991875521484496e-11
3.451791524468068,1.9673962923482513,3.147551809249782,4.574849738324583e-11
3.766836596727012,3.0982691772803745,4.809254503133813,3.3676473670034914e-11
2.3099372329226955,4.267454489943702,2.73985450791555,8.76395778198612e-11
4.9189593930024795,1.3020268186617852,4.380583444962914,2.2274884169816438e-11
4.5115721831943,2.5048914911834648,1.243234146605952,4.879745477580765e-10
3.7350065183835923,4.953749073167932,1.8784733745440918,3.499463619809905e-10
1.3756150602163335,3.5920929161620068,3.5169168719794177,2.666284449442862e-11
2.1146431342413465,3.9353158517424918,1.4564403096982472,2.618288530105142e-10
4.681505911850969,3.222722573980813,2.7013568664332013,1.3798465038874227e-10
2.822083593779035,1.8465353021002602,3.426684428829272,2.961866427039551e-11
3.229114762839266,2.1294602380344916,1.4511029108544418,2.1794293294591346e-10
4.692715953485715,2.9264760300227755,4.951992973780653,3.7376222071817787e-11
2.2931356637003124,4.0717995798346855,2.7347673945597766,8.332235908502999e-11
1.2319796996778334,1.4946104270760192,3.6167101151326997,9.394861026377107e-12
4.428591685498721,1.3209837821677404,1.6403065439088418,1.451106520009632e-10
2.3956075767548097,3.3913117924131293,2.040182783373543,1.3026610976376267e-10
4.218395109702708,1.4101036379765728,4.528384789519574,1.9359665280395066e-11
3.732190223175391,1.1547534448178722,2.696656703806396,3.9553772829120036e-11
2.0173384956519964,1.4551333154594177,3.779305916603915,1.3716511362307373e-11
2.68119916479275,2.0424596605395635,3.860954422194635,2.4517682446492665e-11
2.047888311153656,2.380624912031917,3.1973166207662858,3.182820545698757e-11
4.204513915218803,2.8387611605236245,3.169311221258658,7.930509222668e-11
1.0887589058987106,1.4654420685661718,4.855549192779547,4.516581597311134e-12
4.965182846544067,2.5672540001101556,4.16922686112404,4.894172062468805e-11
2.3969307629064853,4.070315365443815,4.482905167690081,3.240042055820354e-11
4.08018737394227,3.376056454549158,2.8373406944227035,1.1419656386142885e-10
4.2683505357078735,1.926906207326613,4.89719860290009,2.288818855827416e-11
3.1883205576858273,1.2632209235301524,1.0242504797430652,2.5622124681688793e-10
1.5750333930335434,2.6841888048646183,2.7776762951180163,3.65700676599184e-11
2.5640312809234347,4.855556116324173,3.2889780583890946,7.681155316395307e-11
1.9316150974457273,1.7569947161463846,4.865275965326693,9.56890605306815e-12
3.2900167413272245,4.0514216095451605,4.905236442681193,3.697190752991008e-11
1.0773580578907782,3.8594636843478463,1.65184394499056,1.0170333490191373e-10
4.385264901070812,4.853011830652315,3.493101809603167,1.164048023764835e-10
1.2171253933285255,2.6647743533835957,3.643110122467527,1.630937683354949e-11
3.4907454312073716,2.9053278965062517,3.2004928151357412,6.607935901728553e-11
3.532035166311644,2.336125051052986,4.936831634978315,2.2594913084145237e-11
3.817199685490357,2.894062268862069,3.0345750234507967,8.006508977400731e-11
3.934378853559517,3.7689700929994134,4.230015320102732,5.530968565384019e-11
1.4116550101841367,4.320856257892942,3.0713292778022825,4.315507101028276e-11
3.972194194140193,2.0045215171514252,3.2878906699712807,4.9157825259753246e-11
4.620045553001186,2.2923045375290148,3.805923445286407,4.879605108624243e-11
1.731802521358612,1.9932174484599172,4.145062964336443,1.3408400893212947e-11
3.782014799984219,4.14788144137178,4.626947326714896,4.890425527983575e-11
4.249665554982203,3.406854398110132,3.8162936188801164,6.634542277436743e-11
4.008764492346015,2.796051573511997,3.7203712511558016,5.4046722620437906e-11
2.120870178499795,4.577853359610596,2.162744369420037,1.3853253607474753e-10
2.5424074549833793,1.1669216816422812,2.7126202733703186,2.6908845081367944e-11
1.0749625653274144,1.7887582499361123,2.3073685483805786,2.4104451621734594e-11
3.4516710669807202,4.435206210661729,1.8321638503918187,3.043692689489657e-10
1.434426129177616,4.698056919017189,1.662638403718406,1.626998111399751e-10
1.2638995945506752,3.176395096176466,4.754840628798503,1.1851173706523202e-11
3.6384430937775307,3.4254195770864166,4.404438919686652,4.2877986323609676e-11
1.9202643984448953,3.874733109304833,3.8879228173703857,3.285139050707189e-11
2.090517316890363,4.2761145457929395,3.374323733953046,5.239813249833175e-11
1.1429542932589074,2.449963603982413,4.154642467624106,1.0826981288142481e-11
1.8006820817390699,3.9920241215690053,4.902664778392827,1.995960782049805e-11
2.5176382312020067,1.3005137640430018,2.318822538720453,4.064053852121842e-11
1.4166324219751076,3.4451163178145396,1.2049722010299777,2.2433302549288836e-10
1.4436081315093112,3.9247776033292,4.819530776760208,1.627949987253749e-11
3.5336425953769113,1.9011898658224786,4.707747108277395,2.023056741529178e-11
1.2220835485805641,3.770310022851694,3.7133539452978823,2.2301366199144472e-11
1.1723327072327216,4.811926742690018,4.888972591161077,1.575146258484872e-11
1.104381230135739,3.5195676707737484,4.608170663950093,1.2216236427807474e-11
2.9275336171853934,4.592436099595314,1.9619632269541358,2.3310387280412793e-10
4.4609559426334755,2.9267114705909583,2.5220892898913947,1.3698503665869257e-10
4.282003456852979,4.538740974683237,1.9841287007022248,3.2947990768930595e-10
4.996690464502191,1.3349332571242996,3.9713040821633676,2.8226817622627387e-11
3.9169812195461606,1.9455324601598587,3.714470860818328,3.686228573957054e-11
1.2054823001035158,3.6095721032681407,2.624670558366978,4.215539495390126e-11
3.5142176051793492,4.8510307133893384,3.227482195168565,1.0922477695101107e-10
3.6388524681562258,3.241854732374047,4.650856662293323,3.639806454491832e-11
3.554727393077571,2.2374791580517472,4.762724768479414,2.3401329514417002e-11
4.473067804009696,4.3007016377707075,4.903547599911953,5.339618229763398e-11
1.35747300956437,3.8644943045202234,1.912520778397227,9.57189118479395e-11
2.8013617558530366,2.9202899480288527,2.235592128883486,1.0924365637532794e-10
2.8273356814682087,3.487078176935781,4.327274647785394,3.513956166401483e-11
1.5032717153277595,1.8538443325247367,2.1093629216963707,4.180173777446629e-11
3.4845747968002554,1.9064404345822736,2.961959155561775,5.053602784128133e-11
2.2307379351048047,4.239842439676403,3.8935290315417985,4.163874566272359e-11
1.461982346682889,4.161331182794187,4.836382738863577,1.73587835043406e-11
3.850228039566713,3.3293472517081644,1.4923408888172203,3.8414543132859597e-10
1.6864008640220707,2.610427195091985,2.0509170905244014,6.984935423013633e-11
4.970642190463481,4.820235156447373,2.284411703910851,3.0642075400312806e-10
1.3616050864359766,1.9714903378992803,1.8460259809258628,5.257223038618221e-11
4.704015430073371,1.2094248269581742,2.641419510056321,5.44200650875691e-11
1.7971195830412152,1.9504481539168568,3.907073971778987,1.5324782595653628e-11
2.845905177118737,3.6862760121057105,3.9013054561484948,4.600177272241065e-11
1.805831823908243,4.964314406504213,2.046674733802659,1.4283187163559352e-10
3.8054809799960054,3.927720938061949,4.13569829854312,5.832284266506254e-11
3.7143640702346885,4.529516739271861,4.305479720065508,6.057305043231194e-11
4.796439904374447,3.6483811037889726,1.9675600615759263,3.0168200832760954e-10
3.05592983728339,3.0916748632793256,1.3366832962952269,3.5291194174260546e-10
4.606569820189383,1.9683054656992383,1.1829689319448886,4.3242389148315474e-10
3.234090953153545,1.3298427245482873,1.5640403291033915,1.1733911787929194e-10
2.5487250949752056,2.3504387310304646,3.634363390250663,3.026923423574343e-11
1.423231151435981,4.700757985391711,3.8953320979459565,2.942663190205844e-11
2.0170871030681314,3.452130413869626,1.9844138598441758,1.180140040620204e-10
4.521362903461713,1.1717243841775797,2.0637867225670754,8.301401301608236e-11
4.1863589422013225,4.715833947912763,3.132393914398105,1.342852852712245e-10
2.529629922923617,3.577512772562572,1.8029000575020935,1.8581513276818246e-10
1.50373699824973,3.0935862194641444,2.1870208169559,6.491042884908499e-11
4.299545413533476,2.2673095615378975,3.344586034092575,5.8161395520548753e-11
1.373754085752792,2.4451054698724093,3.4323407653143136,1.902882621416234e-11
2.4121723347868773,1.2439176825663454,2.9962988774490715,2.2305702875399693e-11
3.441082915319986,1.3577396503385741,2.5184761405715013,4.916116420611413e-11
3.5262455510432464,4.342414457426961,2.085551338003601,2.3495692818350544e-10
1.7906087146287506,2.649139997805941,2.6885120053256464,4.3799368182224364e-11
1.1934629918540964,2.464831875497392,3.750008640315341,1.3961044897606684e-11
4.332596690396555,1.348955317666809,3.0161328307106423,4.287766259426722e-11
1.8710330048979307,4.734437275286391,3.227688439135898,5.6748293282682726e-11
2.065961223153324,4.124164417057804,1.5293605782364286,2.4312216602379355e-10
1.2886475282691445,1.0306690921070292,2.4240815020493818,1.508499480369059e-11
1.1652573926385705,4.361971676001746,1.6819179604494923,1.1991714878189518e-10
1.1817258455273087,1.7221500337592315,3.584329078757652,1.0572024715444077e-11
4.071808140674598,4.7854153558756,3.8216394365261097,8.904175836194283e-11
3.7399971963007004,4.741758306219023,2.12860908585882,2.612191845725698e-10
2.9886524197465327,2.765235048156046,2.776131445145276,7.156713204860556e-11
2.0080795140264285,4.716282911764355,4.63992304628554,2.9359280025059844e-11
4.437759491641068,4.010919821549819,1.8366269623586384,3.52169737086947e-10
1.0318939436093268,3.4601080453940214,2.1456523370934817,5.1759755727491905e-11
3.4145099527924003,2.3353005938140043,2.129721739483512,1.173306960120358e-10
2.518047738037953,2.3658120563204523,4.541844505980664,1.9273734800492676e-11
1.0116195358504685,1.536550866541142,3.343758305056553,9.278560325796077e-12
1.1853914934797238,4.535693440141151,3.819293884959905,2.4599458504050314e-11
2.8738444161804653,1.5646762144162158,2.4907835494964408,4.837288146750495e-11
3.3858207360456434,4.2603393385141946,1.9211724323199086,2.6083247524980904e-10
1.4057072004722277,4.771436327898009,1.9357749402109858,1.1945944090730213e-10
4.710972159634389,4.227130270618436,4.149048919070677,7.720497048476624e-11
3.393436604324213,3.2717653495505195,2.3894836869023095,1.297776635992562e-10
3.727281666640383,2.5462745957642903,4.2783386394943825,3.460456057555083e-11
3.006286866605323,1.5903643953271356,1.781251161257067,1.0056872523024847e-10
1.2442964056955015,1.24718795032928,4.521955725056168,5.0651153898229646e-12
1.5858974997011783,3.404741163050317,2.750663756305193,4.762888425511559e-11
3.184357095119046,1.3706509764475343,4.865446900627807,1.2305219681770155e-11
1.6421390363150539,3.287423809160534,1.5383665234559842,1.5224119435958745e-10
4.977361113483031,1.3125714135879671,1.8042009124029623,1.3394869847951332e-10
4.163352847270023,2.8086996874625667,2.8987886031155434,9.287560100468389e-11
1.7996751555285933,2.1266861123188066,4.302074764584356,1.3801548357811191e-11
4.180435713040321,1.7108948266879587,4.958072606862074,1.941803591117072e-11
3.6643638601633146,3.7827405972460393,1.259357253432992,5.833019901870052e-10
4.742025377244065,1.633290664917178,4.62896165900791,2.412383718944105e-11
1.1898740845450897,4.359217009573397,3.652288788820022,2.5951679984738355e-11
1.9837751835626762,3.365856053534678,4.968362751984352,1.8052925905816677e-11
1.097761917543572,3.6212467900440366,4.042693976974926,1.6233447143434e-11
3.490683241376925,3.221708216032694,4.964125027258008,3.045772250560154e-11
1.434822689998387,4.862156248989649,4.233645055257605,2.5976728816315962e-11
1.5454710734711474,4.395669227223176,4.014492860437616,2.8132654187957244e-11
3.199019552170957,3.3481414161228895,2.2767483034677762,1.379039946810842e-10
1.9991539991271972,3.5429833857857655,2.4237048686557054,8.047150017476449e-11
2.4384896243429632,1.0698285507435994,4.3897490917040844,9.03528597402335e-12
3.6969188253285625,4.326713164742414,1.7193331079967034,3.611305004432014e-10
2.819082779956018,3.7478073343022267,4.101933920196036,4.190771368359036e-11
1.8552888869459188,4.355234584266314,2.9737931892899465,6.098004952652899e-11
2.4159211024348655,4.704309012807924,2.2271372929286724,1.5292229632520472e-10
4.357136541096178,4.429906525279497,3.3757759111429415,1.1304066788371645e-10
4.9306499768888425,2.6536619205655416,1.8585649765367371,2.528019795775494e-10
2.595111154141501,4.6728030241487115,3.264444578650111,7.59453243453071e-11
4.127031254669426,1.7792168949601064,4.853226666734901,2.0806148966904523e-11
3.95819138562841,1.0564546799042103,4.62186152610222,1.3064716908806364e-11
4.600211680089135,4.797482451560904,4.358035327528212,7.755252110666992e-11
1.760404659325303,2.2745154650591424,3.664376948595359,1.9901569188934642e-11
1.4329571458375,4.7751787777527515,3.344727512931764,4.08213680734441e-11
2.4555671193691206,3.0854502330150475,4.572317450784769,2.4187100374765342e-11
1.848086157904134,4.915692257379646,2.476972998435288,9.882129897278809e-11
2.743107916020888,3.023718177169555,1.446185094732463,2.6468092529303483e-10
4.8812676991533595,3.9348561355726144,3.85275341163589,8.635853363124666e-11
1.9773350115750308,2.065499842263771,1.5737705426774578,1.1005475227552175e-10
3.642209210814127,2.9606687421568836,3.9241195743686315,4.6736527786660385e-11
4.580516768269273,2.2653177859411713,4.760193149560287,3.05619221043085e-11
3.401335524600418,2.474681427699357,2.192792130749701,1.168315257456796e-10
2.814902880186388,4.410293534272911,4.105884837626014,4.9147743746288697e-11
2.891639410420408,1.2342957086975965,2.246319602622794,4.7207006583878006e-11
2.3910066766991163,3.455438418871612,2.41173539445842,9.480054510619347e-11
2.132708811950467,1.6163648899089074,4.642623092670325,1.0674076706559634e-11
4.412154764515275,1.5768445732499194,3.037059351269352,5.0340702242880935e-11
3.4712151709473984,4.520524526904284,3.9584049230280116,6.683687427918967e-11
4.249590846152248,4.592142674032015,3.9923216140177433,8.171422253242193e-11
1.898629895256942,1.8233862694965697,4.337303843868311,1.2281898475089192e-11
2.8343678238482983,4.015265919821916,1.2939945723212398,4.5361960367539735e-10
1.9137521495406449,1.4089773770469831,1.9919711102464577,4.53533992175913e-11
3.425680703859088,1.6920329536578378,2.912936855320578,4.5591067369878066e-11
4.082098315948226,4.388374196512964,4.916085105105736,4.946915934392106e-11
1.4050118713906468,3.5474315687381055,1.644712424848795,1.2297031230967503e-10
4.445141120217237,1.728343276605607,4.753594465767045,2.2691202015457185e-11
3.159163215485917,2.714612996339931,3.8746649639531765,3.812394890208144e-11
3.5274494869016837,4.822399347609051,1.1884902943735036,8.037461370053189e-10
1.995887584630064,3.2319920194126226,4.837222886224099,1.839926018166305e-11
3.3173385521446286,1.0558969175676731,4.381082260925739,1.2179647093749571e-11
3.915419031446468,3.474022635871201,1.337894280137463,5.071699337392149e-10
4.443295439177186,2.8756710539517805,2.1305451136041187,1.8786640712938035e-10
1.5339126402734697,4.257490965521933,4.8711105392188845,1.8368961062331098e-11
2.767941987384677,1.7023420287115356,1.2998467644295864,1.8612542072367656e-10
4.562327117147175,1.819797428923629,4.3550052115954765,2.9215835604419474e-11
3.9429704944048947,1.9248831367358266,1.965397591942177,1.3113338082188594e-10
1.667889895022947,1.0348119312938082,3.092099340951206,1.2047810582573842e-11
3.873080078934095,3.865077239982459,2.817904651323193,1.2581959075539782e-10
1.383480955580986,4.570828017037583,1.4375478859683044,2.042253399267571e-10
3.0119327374425304,4.933619939542611,4.861274186101895,4.196593737000481e-11
2.6879983046101077,3.086534038021213,2.8762495879359617,6.693189553550455e-11
1.3305517120031114,2.3430166602826064,3.788184018079747,1.449877138888559e-11
4.21835409614334,3.9568499036762406,4.98585549719387,4.4812527165979564e-11
3.5792693028002307,1.1451944364717908,2.005267886176656,6.803227751155425e-11
1.5011499078267083,3.250721746369855,1.4162173323300586,1.6237914579568874e-10
3.3259014944675305,2.7948939574813774,1.7239641142795783,2.0873942199395154e-10
4.525270435183503,3.685390452409494,3.711960619217553,8.07806841171582e-11
2.2683022723984454,1.8218352399889577,4.53127065073612,1.3432480608483262e-11
1.6191006918834607,3.09183796358505,3.27627260835266,3.112552778653813e-11
2.6887956291678505,2.541691600250607,3.999369816283339,2.8515679199064303e-11
3.5352537896220118,3.3342500684974876,1.2491201949069572,5.04192647275316e-10
4.084511446739393,3.5042474671467176,2.2355333955542993,1.9114316107804902e-10
1.412431821097563,4.168151625767706,2.259637232775788,7.695197318770355e-11
1.54455061591836,3.5531662742347483,3.855270180749843,2.46430376267984e-11
4.7430604929880795,2.6014033059535455,3.1054424707194705,8.538971762446224e-11
1.7628523769017077,2.207657443293335,3.0464710342371917,2.7985928956293163e-11
1.9429385722209558,3.9659239958392383,2.67786972964651,7.17151262652996e-11
2.492183286272761,3.4062583410762084,2.5500244571967774,8.712746394297059e-11
2.0259001564247017,1.565891817037012,4.54741463901103,1.0238512947613071e-11
1.5828902766811592,2.4876137601872803,3.340986937636938,2.3543466541401525e-11
2.7855598216777517,4.081305174520706,3.273591930381629,7.080251404804912e-11
4.848610199563334,1.400406414709749,1.3647232179769104,2.4331473143738197e-10
1.226875532231801,1.27724492766502,3.6175562127220244,7.991537058767607e-12
3.8488570980907353,3.149857335407969,2.2548314076674263,1.591405013995832e-10
1.3940254829712218,1.4918045113117628,3.1347976696113045,1.4123742816959932e-11
3.029629029160188,4.157980015121577,3.499347119983901,6.86568705389013e-11
4.333721469035078,1.323993427730064,3.6227614835534196,2.9177867217620006e-11
3.043975190517483,3.130960285465031,4.197476723727977,3.610175184046857e-11
4.052444992275477,3.9082210496782683,3.3720134765668464,9.296165502400081e-11
1.6639232608596637,4.266731652252723,3.7484646733163625,3.3721585079428647e-11
3.501094673855238,3.59212244350158,2.2777011153387368,1.6178852665485362e-10
2.2167611871635975,2.509927487486418,1.5990147296871173,1.4523167867332124e-10
4.498593724198978,4.865898937864137,1.4014213475083177,7.438555412418356e-10
1.0692506143975122,3.128500941333024,3.9493167138865637,1.4313903149464117e-11
4.9776984668779996,2.8349489394247605,4.547125673813213,4.5549762148047143e-11
1.5737336013519965,3.440964458722902,4.2765370394958495,1.9761191699688167e-11
2.9777621858926984,1.5880549776925026,3.0858515333945227,3.3142990430969845e-11
1.7624897391544585,2.919333851688138,1.8208147103096537,1.0357741215039294e-10
4.565351566425587,4.85248926536398,2.0989714530921653,3.3559226992266534e-10
2.662585720908766,2.0108607509819203,3.10779772636907,3.699698292115124e-11
4.510839194073579,1.690786456358759,4.881868418565742,2.1357979663867014e-11
3.8741922627534193,4.606326368407377,1.3683230945729887,6.361283677652204e-10
1.1780692931921295,1.9268255045842793,4.213696856798642,8.532432243234085e-12
1.7448805974780197,3.3957543698875883,2.6100510601178466,5.8048389759118385e-11
2.1238314545619144,3.6275588437905375,2.1994142963541403,1.0629348088602008e-10
4.152290605751096,3.6900339911943494,4.90900899827607,4.243426200245191e-11
4.844050064698731,2.379637534904995,4.9652048986245845,3.120551005938665e-11
1.3767625717516698,4.794525271188753,4.186853382689469,2.5131323443917474e-11
4.50659692024938,3.2487361368274947,1.41771264616882,4.861529556770298e-10
3.288958218546494,4.338371886003166,1.4107820864186271,4.784664194497908e-10
4.330611022095874,2.8147844210821518,3.6154055107699796,6.223955610572695e-11
1.5199284443705996,4.766258163743901,1.834518221165561,1.4366231076735426e-10
3.884669520656661,1.0610276947924708,3.4615634038429333,2.2957385068268903e-11
3.366546923536974,1.3581063697511988,2.3621147247547447,5.468934056939572e-11
3.571180605797312,1.9093109060149356,4.601011869892207,2.149651027304404e-11
3.6666796640573223,1.9485062211213964,2.754397774726826,6.285034287480804e-11
1.3114319685977303,4.177387386521247,2.3964822297523645,6.366317495880696e-11
4.59743901484124,2.249301799462382,3.23660380540355,6.58826150661018e-11
2.918162195439085,4.991474915219969,4.116564567571711,5.736601192566909e-11
1.615341401527385,1.2735377857162122,3.8259502613318546,9.37958712977412e-12
4.669760583377739,2.6326763609461192,2.262716098059113,1.6025742414900191e-10
4.4172049117585,3.6056758894440626,3.7860802734250805,7.415506144399843e-11
4.146378006442056,2.5811457827997795,1.9433739027796242,1.891275932365035e-10
2.0104010970765955,2.97680573182408,4.512352202053379,1.961613436680503e-11
4.602444245066456,1.8974780561079698,1.0176999925567425,5.627454053436853e-10
2.7673025638230118,2.460927585979216,2.7515516693990283,6.003248724639887e-11
2.1646630065165255,3.0128666042323706,1.0633691582995555,3.8493578021318645e-10
3.8278962237335676,3.157670801051852,3.142651882683347,8.168092676399495e-11
1.2603589094281102,4.9159281191589415,2.435408207074118,6.971760053137629e-11
2.7331097702032476,1.5015249593953226,2.51689575515901,4.323598685341515e-11
3.278028428020657,4.492795755305579,3.093578849587193,1.0270538477959599e-10
4.437418469328259,4.217301074301346,1.2187246192966006,8.408916244750469e-10
2.9116062699890657,1.4866926912300267,2.982123135290446,3.2485451756968844e-11
4.045025865495891,1.1067751055593207,2.9295111290483726,3.4815816364181403e-11
3.3075351672332896,3.627945130195584,1.5336905028924592,3.404677073785097e-10
2.7371533283323504,2.655268859673986,3.514372970478335,3.9273366511637215e-11
2.728314982936811,4.81175044291669,3.6913734667610525,6.429953509246921e-11
3.4211361532414775,2.581739608195566,4.783639589889127,2.57603699292775e-11
4.127003760658014,2.46024970874683,1.5541531192051434,2.8055153369964296e-10
3.370819286344377,4.895198599044947,2.8326843482124766,1.3724471273278365e-10
1.8045271418723297,1.1779049040556728,3.6688647317198746,1.0538928327931443e-11
1.7298741314009378,2.0329927186021393,3.1394646797334205,2.3813614938572982e-11
3.7814881293959908,1.6044747332505036,2.6812753218608227,5.6324715154081247e-11
4.124878454320221,1.2509771182081826,4.957556110403666,1.4012365199094664e-11
3.0090983964794065,2.1659575458668754,1.8240909278959654,1.307312954450259e-10
1.8108384764019578,1.9628690421606918,2.8164359195743875,2.990594240588864e-11
2.095891776698604,4.626899979069588,4.649833503670074,2.993438655184307e-11
1.0299849403593653,1.682983420963176,1.4387518906635672,5.588884058143361e-11
1.1320744989806255,1.034543017575691,2.1464428699211067,1.6965673168999724e-11
4.848295266183062,1.62403440537762,4.905259750666251,2.1839689991168287e-11
4.974885009683801,4.790599658300972,3.775275184513431,1.1159941076378982e-10
4.064683726121423,2.541372384787559,4.591565006231017,3.270090657050365e-11
1.8461483009214952,2.0321522238443563,1.525916823806973,1.075343715758209e-10
2.9140863648081954,2.8074169043014834,2.6248142297672823,7.924983891438058e-11
4.321593653998043,1.1945261112147345,4.26583989623051,1.893287970824902e-11
4.9544995273995305,3.229061665903808,1.6631880076262018,3.8599319020061877e-10
4.425021015512803,4.702752601123756,3.3681097989368762,1.2242812280572282e-10
4.234704313613171,4.067420521574104,2.3972731133655816,2.0002917323890283e-10
3.863468867915452,1.0211819944460028,1.0948370815841946,2.1966849337859731e-10
2.378634604150831,3.3236070074200756,1.5900270088358615,2.0869622719660234e-10
2.071767829335035,1.9569446402006263,1.3575571187042166,1.468214823802958e-10
2.1288173048691634,4.0536437658971085,2.4653213798453772,9.475957197950497e-11
4.609615040680567,4.6044092141698485,3.7759109046685837,9.935307156290135e-11
1.3973343625036283,2.4990468485759707,2.8420865732819114,2.8852691577614756e-11
2.3666419120581623,3.3845906483721455,4.264034165919629,2.940245216957772e-11
1.5661954095290072,4.934504527011596,2.309999814854088,9.666111725666353e-11
4.99009977527178,3.2974529790520855,2.0499662920973636,2.613247857589796e-10
3.2824048114199655,2.181807311235297,1.856491413606498,1.3867840747740276e-10
3.593345041168671,1.1765223244152305,2.695754583279881,3.8826173528913214e-11
1.1507405855984287,4.760982732155151,2.6805124005383876,5.088907979581917e-11
1.9819918836092052,1.369350318355525,3.4458692923469485,1.5254748125565484e-11
4.975057232408291,3.9140436859129895,4.640725183195866,6.034457741414754e-11
1.4448085242251114,3.0678241764586383,3.109302159129992,3.0598568296723525e-11
1.6969963132393793,3.891042305525721,3.198012575435453,4.3089625491908936e-11
2.76473281015892,3.290815903086942,4.820381556978665,2.613244974682958e-11
2.505224851476252,2.5912756794604297,4.747497253038572,1.9222819510929872e-11
2.705135597518624,2.4708273015171227,3.4621845717610915,3.721492942408304e-11
2.8135330394196134,1.4843648236620601,1.663506319170653,1.0072330455494623e-10
2.5536511143686127,1.3798673390329506,2.5272382534408293,3.682075818444446e-11
1.4659802246986313,4.7654339853144005,2.4613501442473633,7.696087078407431e-11
1.7199630297345223,4.444366168085299,3.4339157531872653,4.326491701337174e-11
4.027515533191604,4.5064826775792195,4.26453007633283,6.660683063347598e-11
2.1614286644319027,1.5727857544255865,4.177549190181859,1.300030469303191e-11
2.486018124908251,3.602642393814619,1.5703068248112473,2.4240557946158426e-10
1.08931167805344,3.751734016437913,4.174202095983125,1.5653932587251506e-11
3.571891501693804,2.8438244540137556,3.4672568556794148,5.639170349759049e-11
4.281777835439101,4.762169238984523,3.268696521920796,1.2736965005240056e-10
1.5977581699988592,3.966968087018309,3.985067598608306,2.6636954603699133e-11
1.1072144136563327,3.136565992286004,3.1325957675057157,2.361911652940802e-11
4.149005868398197,2.6561927913663737,3.9565934839861585,4.698367484737433e-11
2.99117471764697,1.56016305984186,4.8860266326697275,1.3046268573232021e-11
1.6950365441326123,3.1017122278692026,3.1116648398962803,3.623941222036003e-11
1.5141831828890315,1.022176966620374,3.479324491765028,8.532982262603505e-12
2.1408888825217356,1.7759000834375867,3.4597356268925457,2.1198885509022852e-11
4.991652871006148,2.80015830839494,3.7301868862728282,6.704277491798354e-11
2.027697971769299,4.8401316396828795,3.1489525710115593,6.60563243076078e-11
3.383897352894631,1.6399845698682767,4.640424417610145,1.719997193234831e-11
1.1740207239672937,1.3335840878975174,1.8248782481901489,3.13772285600326e-11
4.940927902525042,4.558349995857376,4.017284588252933,9.314020502091e-11
4.052552250524931,4.102937641969237,4.931194074466714,4.563578773490481e-11
3.57348413987545,2.187035731325476,1.4524631103826424,2.472428366913674e-10
2.7776199647793893,3.385588422613824,3.258353779280627,5.911486678903983e-11
3.995748968625157,1.884962868875951,1.3823021557509478,2.6307599844773556e-10
3.0459175174610653,3.5508192286729297,1.853090322666219,2.1020339586203933e-10
2.9951918725222666,3.6510407826176894,2.789867091990416,9.376926388219575e-11
4.44683518413701,1.545238946075305,4.2433772341279,2.5468865326848937e-11
4.086800043145088,4.042200656679544,1.0298033819338905,1.039630069960822e-09
1.3453606500082023,1.8694793051269438,4.377611124853281,8.759336820921314e-12
1.041156101143807,1.0702960649601052,4.361260153920142,3.910047130450524e-12
3.1822905323001796,1.9360368657351645,3.286773897389276,3.806273517509467e-11
2.7321749581607024,2.1606709214683555,4.855712009456157,1.6710040174343465e-11
2.3624852568654786,4.996281117322689,1.7999758555395733,2.4314694437091986e-10
2.6716746117345345,3.6204612514297976,3.840960248188154,4.375765547744089e-11
2.5337417430173006,1.6167091009362404,4.774310358446616,1.1993864475664002e-11
4.957398360374374,4.349479462015369,4.142603901570904,8.385529398538688e-11
3.0973314253030666,1.2281591177037807,1.8537405767599422,7.388063256186248e-11
3.505675091063757,2.8666817900141353,3.175300290445194,6.652237507440461e-11
4.294546147863464,2.5639964081158593,1.7365769779821343,2.4368725180550834e-10
3.7867371653681614,4.428292498957837,3.2745254833705237,1.0437366041050145e-10
2.0984507055692077,2.231475050513631,4.408478100665549,1.608050317021613e-11
1.9862298563358265,1.770748180526676,2.490960188781083,3.7830226292807766e-11
3.0543581581122345,1.069253537802099,4.920617303552053,9.00217975898369e-12
4.932622158582523,3.59929191940321,3.863485295849819,7.938210222903611e-11
2.2218279352205026,4.975733737552945,2.096224399083351,1.6791063890350918e-10
2.0534605669343278,3.3632261964907952,4.390297148752268,2.3913371767086602e-11
2.117369683353148,1.8546823152502552,2.6707963619688866,3.674268349807114e-11
1.036833410889002,3.4713299677382716,1.3164593701287175,1.3860412747558186e-10
2.084072802496667,1.8917129165821613,2.4560613835376404,4.361901799425158e-11
1.5495155989611065,2.831629722475308,3.616602837249228,2.2388086690995277e-11
3.4233459370789183,2.600891333722053,3.0035027991051044,6.587234370175411e-11
4.053027939525133,3.8691609741585182,1.390086241104454,5.416255075380889e-10
2.5576035803715427,2.995032474708475,4.487763596643814,2.5384056545615844e-11
2.960794658491165,1.5513101875389421,1.821624519670514,9.237945774185264e-11
4.801656011985015,4.763627246154757,3.3985655142984563,1.3216721070669535e-10
2.6859661008600884,3.2390954443270106,3.8999507681691488,3.817615853410802e-11
1.1940691875142493,4.155067249847441,4.294520613157808,1.7954130104338265e-11
2.4377978527206503,1.8901152457351977,1.6055181245250019,1.1930035950062157e-10
3.30185721576149,4.912230127667676,4.2366540308541385,6.03083149888421e-11
2.4247122012005278,4.777232327103279,2.0829072576421295,1.7818982289602724e-10
3.9705098089310016,2.2011889573336005,2.001781511344839,1.4556482865829808e-10
3.8353398844201156,3.32274352297654,4.66320827925793,3.9112650967604357e-11
4.600972209974406,3.828031316497514,1.4217662141844172,5.815069570690319e-10
3.7898525626295987,4.383985290761528,1.4275020672037946,5.441568666270498e-10
2.915296045603134,4.174556671608989,2.789639483146875,1.0437177386634358e-10
2.933794074447382,3.458308047712419,2.346985847543176,1.2293019290382527e-10
1.744507326158241,4.315994220173019,2.679754583344937,6.997611215388857e-11
1.1615328178525601,4.71617541713778,1.121204163382132,2.908293507925334e-10
3.3462557711356498,3.8182013955696696,1.8673558987735275,2.445400359912633e-10
4.149952044867791,2.1849739858812853,2.1204770473708394,1.3458863836949072e-10
4.712640779941332,4.711512711991237,2.227218309864262,2.9873446497832e-10
1.3098147645101692,1.8755814431640854,2.40187464023542,2.8420475356868344e-11
4.893067440739285,4.605584713805017,1.4940933276770818,6.737468169285499e-10
1.6789454526327692,3.6515583987372855,4.920586166624558,1.6899247122674196e-11
4.3292133267141235,3.7701174820111767,4.803450139129035,4.7211032514773035e-11
1.494880278930868,4.6301087395112575,1.566239038803634,1.8830754275672665e-10
4.941317357122051,2.363680284123261,2.6287051111288053,1.1280645287061296e-10
1.0432957854180378,1.1756658815641199,2.6193292508422537,1.1931564257839238e-11
4.677731275999177,1.0269332280705945,2.669651344933939,4.498363896252288e-11
3.1733580470870977,2.6063517582328384,3.8401764310657964,3.7431389686411036e-11
1.8408265542833173,3.905799816564014,2.0700782481548683,1.1197872792955443e-10
4.794582768755538,3.183182064477209,2.8344777510978445,1.267804815145065e-10
1.4149933166969526,3.7819476429043273,1.4024687499844402,1.815807129992499e-10
2.5256550963998845,2.9214093899641336,2.0154867399285252,1.2122516270187155e-10
1.3681618058554994,2.648807693667141,2.697471925465171,3.323993968746187e-11
1.8421017131968926,2.457286415079769,2.1459188470909933,6.560380065746527e-11
1.8377106060733839,1.425106859777987,2.733245611585172,2.3396636930315095e-11
4.6638413171074795,1.1230701965140577,4.280338926744597,1.9080095873100414e-11
4.775714168414068,4.429448475799014,3.988035896029983,8.876792437420547e-11
4.602806340312531,1.9308363706017544,3.285043776781953,5.4963205488693904e-11
3.23693857349996,1.9805084581842256,4.681240830100677,1.952429644781116e-11
1.5468083315397023,1.7922956262353473,3.222747645899744,1.7814750743132125e-11
2.496231310160357,4.981377223552887,4.207556720612642,4.6877074529494655e-11
3.2579505210442874,4.156116935473905,3.55769320183006,7.139724550336706e-11
2.498747122248342,1.843727581908694,2.7578542736751817,4.04261733322303e-11
4.350898863265921,1.1699948034312828,3.3449691253971356,3.036441345485254e-11
1.2114381033032338,2.4462126327053824,4.791155893902245,8.615907586973566e-12
3.7096581619374325,1.6633367706922044,4.483105056121834,2.049002321481792e-11
2.316958733125972,3.7132934899959125,2.451590249101796,9.5536209585435e-11
1.8044791284273778,2.8053758537223166,1.1735704755152958,2.453074680799527e-10
2.410824687741815,3.83274854334938,3.3370638793738268,5.5377471135806314e-11
2.8520561389108003,3.9680429207883896,3.0761621051401193,7.98182492262032e-11
3.3914347258079154,1.5742094407896188,4.855074883114556,1.5116119348423836e-11
1.781672118583983,2.7060114788794536,2.6330589095150594,4.6411164907383984e-11
3.566777396123413,4.295759422226756,2.3790552527834237,1.8067293612696307e-10
3.9759211789859057,2.50012731812007,4.06077810322507,4.0231625204253396e-11
2.3028556546897425,3.040814772141129,4.661346775761965,2.150899207330571e-11
1.9867668306952986,4.317806856000267,1.0686996909902766,5.012852743510205e-10
3.8370867261378265,3.1654838904139844,2.9192260287564906,9.512452034437646e-11
4.386987908692263,1.2729403402577386,3.470036493483715,3.095227712781631e-11
4.181796159857454,4.0462937347073495,4.2225503247263845,6.333689951650558e-11
2.323618523362045,3.802362804707043,3.2668748901793667,5.525092833726222e-11
1.3878334751594834,4.671662049361022,2.6728481794434202,6.056844123132162e-11
4.5992676635673355,2.3907619428737914,3.1170795100015063,7.552930014285882e-11
1.6894099951058257,2.9594105365485404,4.095147139042563,1.9896993408747978e-11
1.5700475270880476,1.1019528927094169,3.3782007445769477,1.0117917273288759e-11
2.2121624018639645,1.8469968496999143,3.5458769894409965,2.168812626873363e-11
2.4079096177125816,4.4782992508197115,2.859068106414083,8.804212024313406e-11
4.531037634258531,4.383895382235382,1.9757654898929395,3.3960436393849887e-10
4.57961140183358,1.534108252181598,3.397811136405317,4.0613682138502025e-11
2.339256542036096,3.042475875976877,1.2785961743158976,2.9055235315355424e-10
3.643288221816,4.726779911405822,4.5138078128527415,5.641037481941252e-11
3.991246151931926,3.5531044418057185,2.9830253340118187,1.0636256578251887e-10
3.6814370984039217,2.256736334134844,4.585157380517064,2.6373994671783187e-11
3.841085910247006,4.5572930658218125,4.099043065933705,6.953159924136279e-11
4.448699116033893,4.309578332610563,1.006928341087415,1.2619928243145725e-09
3.529297974439689,4.051857833321948,4.2168030306299755,5.367376958547469e-11
4.117765791199158,4.899030392844736,4.4080536976685245,6.928898903199456e-11
3.1308901158351983,1.3783414767660842,2.325024884019429,5.327894813860431e-11
3.5005110735199496,4.861083212479938,3.401156299348151,9.817423662425127e-11
2.1759978106391364,1.6088236987737243,1.4870710642970186,1.0565490531256588e-10
2.7470284702230554,1.8215758873491965,4.687520340303302,1.5198835027710747e-11
4.899689364308459,3.5308070032054752,3.330300278007912,1.0410268752065982e-10
3.1348501119224323,2.612985339008283,2.6156748836653287,7.990471952743124e-11
1.4796618709097937,3.217860243427301,2.6830477149285397,4.414271803268469e-11
3.8936588605938582,3.978671642181379,1.941783527648003,2.742082860255687e-10
4.38297880574649,2.9928482147611732,3.857141803136768,5.884493042508826e-11
3.9941042599491867,3.0785827433574133,3.925396237904244,5.325856080724337e-11
1.0986634319557136,4.252870574961204,4.162436277619325,1.7998563403662078e-11
3.57567404969034,1.5566424803263739,1.7592854560671047,1.2002186700324468e-10
4.6706347311351735,2.8410129073493118,1.3396977546328301,4.934255735617817e-10
2.194241438016305,4.149530062939005,1.3791360069031944,3.1948857733670583e-10
1.1194645181368612,3.251942328691673,1.4621705235175524,1.1364316521050358e-10
4.416583871383967,1.4323127258465513,2.746677706670042,5.596224517993752e-11
4.347490834726258,4.9768266080398496,4.972836117537058,5.839411671219866e-11
1.9399171825996713,2.597564208760071,4.386904877638764,1.747508305505549e-11
2.0190946149678415,4.07795770398767,3.9103411126781333,3.593819838248056e-11
1.3247649204834753,2.489186016522013,3.135427992560989,2.23866295042605e-11
4.975547352083476,1.2935534717670971,1.3783019797770284,2.2611152133526344e-10
1.9931463416825332,1.5211288404392693,1.3128110146701024,1.17405100878998e-10
2.0913598930528354,2.9678939331524727,2.138088033771647,9.061752319283227e-11
4.881836865588361,1.4610749042740556,3.8163587757450106,3.268462859865094e-11
3.529454435405838,3.1836500649803123,1.1477006287310396,5.693271153645634e-10
1.1550787386942645,4.907632298294661,1.1278384327868523,2.974240128155511e-10
1.2447384659459555,2.4397057282774166,2.4022144671746717,3.5121916219895385e-11
3.128512037774811,3.7836570088782917,2.3602712885341584,1.418116617797716e-10
3.0447877980216718,1.1864873647808536,4.940895962457587,9.876314972880082e-12
1.6212662357643448,4.638035912390648,3.4457540235389406,4.226745546596312e-11
1.8751340541598656,2.6309311900709984,3.087133702655274,3.454754052548478e-11
2.8079516290993505,4.178058571548014,3.4095358975722125,6.735344498842328e-11
1.2554601763675248,4.783639382481281,3.245239374514299,3.805871343684849e-11
3.8975520025912482,1.5215381958047813,3.061953985792741,4.22146953968471e-11
1.4147503456719428,1.4973166207657185,2.5444175957194113,2.183749788817919e-11
2.8927320438678223,3.086343500141195,4.045304201864525,3.641130944857219e-11
2.5739091034523867,1.1977148465840362,3.0064219793565536,2.2763181730477708e-11
4.199004724145844,3.3701717919074756,4.517797620478505,4.627336261300254e-11
2.2290662429028445,1.367281766423122,3.6051235079544743,1.5650452684089422e-11
2.8049413132438676,4.087409288510947,3.718094086550262,5.534996595744682e-11
2.535471768772187,1.1728220851056057,3.602377519340165,1.5293210613501386e-11
3.4138212303421818,2.3158137951492446,1.805543163056904,1.6185080498681035e-10
2.6197714862243013,2.1804166064533828,1.804205330650214,1.1711625349337318e-10
3.603079763320237,4.92718637378598,3.402619480837888,1.0233691022968482e-10
2.5656810929140548,1.4175894022229647,3.4206272006377123,2.0745688095600767e-11
2.8300484357635005,2.5241700798686013,3.3018886709876036,4.372943166148749e-11
3.248581102469954,2.108177178769587,4.047040596976328,2.7906919639748564e-11
4.423381451560545,3.7113464798164544,1.3503354745707776,6.008813728036433e-10
1.0122630462787812,2.540684280766686,4.588025832272605,8.154147755836044e-12
2.8692460356379765,3.5611794599391304,4.19331883144063,3.878216801093379e-11
2.343999167922247,3.3116873638943534,2.0373079341265385,1.2481869379020665e-10
1.3686392842189856,4.700421241588969,2.297272218478225,8.135552702938992e-11
4.554534614150629,2.9795075808885803,1.1382203489491691,6.990721694506484e-10
3.6840962463538007,4.10908195110483,4.810095382696476,4.366712465968788e-11
2.511489169306741,4.671360125715784,2.895459772931578,9.339546529235435e-11
4.358752493509872,1.9100876262074,1.8845951652895199,1.564463938797184e-10
2.2130348778621123,4.664188282804969,3.0908609225738863,7.210935431218265e-11
3.713689771520069,2.679271272156866,1.5919023965892345,2.62044855609947e-10
2.204241285051649,1.9629958733654305,1.8540639590841779,8.400696556590616e-11
2.9616072435968523,4.913786493669905,3.368853954966883,8.557867933522416e-11
4.999503261569858,3.348354679795754,2.5949048442146982,1.6592110824716387e-10
1.412390319382645,1.2725329127204716,1.3962031984421936,6.153365342631047e-11
4.333275240422374,1.0239662098690467,2.6261901327156396,4.293740294033233e-11
1.5489975594547971,2.3824538704752354,4.88467675000409,1.0322616152087365e-11
4.582952404407482,1.70370916492167,2.756313041791575,6.859144133113704e-11
2.495454126355312,3.937912499619012,1.1959908004308302,4.585072178594802e-10
2.42298323060082,1.318913797875568,1.0145960113637744,2.0718901277950134e-10
3.5151335648265034,1.4230618265525798,2.2684169081897654,6.487928443801382e-11
1.9192416518406734,1.8025359351645909,1.1279544244799347,1.81474951832863e-10
3.147488299552652,2.411578515437625,2.857400296547362,6.204539615471864e-11
2.061204851062698,2.85166709362837,2.7012333802403012,5.376281086600383e-11
2.283347306264999,1.4925617530189759,2.528894833684113,3.556550231994422e-11
4.6337727538937585,1.5385837945730363,2.774767865511612,6.180004270046133e-11
2.5233412797000128,3.666783002101986,3.2064310258703257,6.006252694941333e-11
2.311275440574611,3.3948646591123732,3.7478064518892045,3.728258898266163e-11
2.531000927850165,1.9142160961073653,2.298614227034939,6.119800850856762e-11
2.7020475431916355,1.6043419869129867,3.031993438804958,3.147165804416856e-11
3.6500639080829336,2.3529187561330156,4.56934697155889,2.7452716671578236e-11
2.8200421943473484,3.872223996990782,4.070422019756764,4.398690473780728e-11
4.03890822947192,1.530235296328046,4.255452113426292,2.2778073361513594e-11
4.561603452895975,1.4693357507701053,4.085434968371208,2.6800825620892426e-11
3.5882341376152938,2.837072733822564,3.766936172480139,4.788074760963335e-11
4.862686781791716,4.805067864635649,2.4209237167301128,2.6607239233196446e-10
1.9975269704458611,2.406026819589704,2.3703651370315204,5.708852420778447e-11
2.41914420204383,3.2405141398348154,4.695441545289766,2.373061554386943e-11
4.150222551296903,4.558057549761168,2.177775033421807,2.6620203014389217e-10
3.5766831312848884,2.3824631842262054,1.5721398123649695,2.300967770123552e-10
4.0082499171945365,1.7928060491262543,3.277420588807736,4.4648816153044366e-11
3.704168426405871,4.063772716937564,3.825185852413826,6.865959802218693e-11
4.795405169971781,3.139571689448674,2.6138711599559405,1.4706643323415895e-10
3.6883245413690555,4.888858296467465,1.5901106528848485,4.759574025635516e-10
3.2139139968452097,3.0864401027065136,4.633942132742033,3.083025339670728e-11
3.520610661612736,3.4183902635097927,4.797217872645421,3.49017303554404e-11
2.3219042996991925,4.5380494929555635,3.009468866414625,7.76461696580311e-11
1.835919662348246,4.6541101460445935,2.9884553963683214,6.385324548833737e-11
2.630938187134982,1.9699449797335,2.162204655532286,7.3987328665961e-11
4.974413624165328,1.2531010547792762,1.9862054932147943,1.0545467429609236e-10
4.764271525118371,4.460137152943341,2.759988988196464,1.861727964937964e-10
4.029181538262261,1.3080720982971323,1.870182366994534,1.0056961877586116e-10
2.285028681074594,4.003672194973272,3.178146974519843,6.044890175851485e-11
1.907880354679763,1.2132750853106833,2.887412272684318,1.8530153704152952e-11
2.0339097663219055,1.8545495593100716,4.192836064104487,1.4319919054293443e-11
4.684052421991442,2.426213675988516,1.9221109005528274,2.0529582256763583e-10
4.465924664769411,2.3158387975121495,3.6044054127631755,5.312985786668778e-11
2.628780402223355,3.5974626926765634,2.837986551773684,7.836391830747366e-11
4.307685747872954,1.0185973051311774,4.618551514577655,1.3728438876592381e-11
4.16649259874338,1.4331096110352584,3.8177309362584344,2.7341704872739463e-11
4.755089086240216,2.8994236358568,2.934655255927608,1.0684208486414572e-10
1.2573061783430184,4.528981439638511,1.8480308643551235,1.1127801050931552e-10
1.1713363968900614,1.6199392099552758,1.8825350721566996,3.5733899047257757e-11
2.9021474550293327,4.589336042350773,1.93571144515318,2.372325626255619e-10
3.1421956766545254,1.6717520986988808,1.0334871578173814,3.282321649612693e-10
3.409198157833188,4.28602377807219,4.342845184573541,5.170640315218595e-11
4.261889731545775,3.3059009648227637,3.372930152330734,8.265393892102218e-11
2.6402859385278865,3.9739255837854595,1.5742426137667942,2.825618769091001e-10
4.369954071143519,3.8096500182921473,4.568868125396631,5.322686765757333e-11
4.314226180138691,1.9459713902935287,2.430437864718775,9.485418961667015e-11
1.4418405058346955,2.311356473054435,3.2300253133188614,2.1318591268395056e-11
2.4243532756685084,1.6478267857309485,4.466190414776012,1.336654594186663e-11
1.2524639346434006,2.8205202312534587,2.677616657155137,3.2883940097161895e-11
2.0812985989723947,2.668906684593635,4.432223619403121,1.8871684010789267e-11
4.306156491755311,3.501908533778836,1.3691782047424645,5.368597627475126e-10
3.194611374119797,3.6532902515321295,3.4233451054716824,6.646408790633679e-11
1.0789067287238105,4.715409101908781,3.2702089007953767,3.1749616867193353e-11
1.342046168267193,1.4329784574579292,2.9730231535760936,1.4521007086258837e-11
2.2060227395400447,2.9153762251852817,4.523307211157476,2.097870254326878e-11
2.7427217684945484,1.9747395654648487,4.939907875728117,1.4812899753986494e-11
3.83978996672664,4.200591937377968,4.147731603885857,6.257240889280425e-11
1.0868824124058558,2.207692226877172,3.7730909316406067,1.1248969735891121e-11
2.8595371542187014,2.725515439044098,2.401643452096636,9.01806845250626e-11
1.1096823974650394,2.255940529654228,2.310218311024982,3.1304480604471634e-11
4.483464405478344,4.400635767735238,3.514775324620238,1.0659092112971001e-10
1.6694253938813604,2.6378220807526103,2.589869064660529,4.381704652776357e-11
1.333788659060687,4.53066744969047,4.091124704250337,2.40962784683146e-11
2.391905795389592,3.590314097239191,2.209962313139801,1.1735267198056943e-10
2.2034414744040984,3.449890185749891,4.480352953767889,2.5273683158808296e-11
4.628238822232685,4.557785970488293,4.7564814997950045,6.222777413119651e-11
3.0125335597029825,2.1534338330126404,2.2621740994461152,8.460530135314491e-11
1.5979881091139676,1.6247414472061363,3.1562470545916574,1.7394102492584385e-11
2.285885106816358,2.1184203458360567,2.3423826582044627,5.890295071012948e-11
3.543813453918875,1.4630701250001508,3.8706864184493495,2.3096502517614126e-11
4.981998846014315,4.091644979091713,1.3695334503405503,7.253414241158363e-10
2.0911686245132635,1.5162405247159616,2.649781537054115,3.0138609882279084e-11
2.1932817730351606,1.9487562486519243,1.1433074727384165,2.18228801931901e-10
1.5899017648650804,3.343748345190425,3.4188736545382743,3.035456230296788e-11
2.032379921905739,4.259655480881587,1.356416220801214,3.140361350791833e-10
1.5192656370765332,4.0654941698647065,4.464465575514817,2.068208424460823e-11
2.384408329385606,1.3470325663323677,1.9264921479952668,5.7757773272188876e-11
3.6884113361776447,4.515006162541733,3.8264299294653505,7.590954149266336e-11
1.4184301115838376,2.4090549394119702,2.6391766711361253,3.274190331070595e-11
4.296279779290199,1.1096517150732135,2.8803088169749995,3.8351940136515294e-11
2.8297891311767303,2.146250818786168,3.1469219127868535,4.093066656559201e-11
2.214588487828688,1.703707633654489,2.5538215570220024,3.860941421138435e-11
4.597484787056749,4.958412789075817,4.742047680937729,6.765771858285614e-11
4.812013187829574,1.6656393581173141,4.752256443625139,2.368613767080657e-11
3.422126080027076,3.0088823274145424,1.848005840854975,2.012244424871094e-10
2.7936418423466156,4.4144072047017415,2.6857284040826377,1.1410512118477682e-10
2.0496317620973965,1.1395986364055717,1.5142773991022245,6.798343193003938e-11
2.8132704836994757,4.362759333492945,3.4150158715450103,7.023821974658243e-11
1.5662664383220024,4.883391263707173,1.3379599793904782,2.8515902424272843e-10
2.72285301097048,2.892382755588246,3.2707360490262447,4.913321331061234e-11
3.1093677859113935,3.2102826916759377,1.1534795623021195,5.007048134885371e-10
4.353757919952595,3.4482199682567014,2.8364007814936323,1.2454039808142794e-10
2.747805068880554,3.453549516943033,3.9362207206333224,4.087699139362212e-11
2.0618853641179737,4.049557840840985,3.0109029679172177,6.147022533538133e-11
3.3129298123477335,3.4992140549903006,2.5806427630712485,1.1617513031626672e-10
2.117053409800328,3.1388455694647934,1.9580804506500287,1.1567164267077079e-10
3.4071660572943605,1.8476815609774415,1.1163283409876694,3.371496603104077e-10
3.189148027744639,4.1478914039560495,1.0986498407380574,7.314247697765155e-10
3.7243771048906997,4.477567812797012,1.1058462721777689,9.101071074075342e-10
1.458863833838664,4.121973594488076,2.8526085567839,4.931985651621453e-11
1.3764643205778655,3.2055696676136685,2.779346124398841,3.8121599221629376e-11
1.8467713481171213,4.570655056878687,1.448642672076733,2.6844494437011107e-10
2.560704983649276,1.6862057187379653,1.3543478083607976,1.5710712754408323e-10
2.115777046514841,4.8360056045495865,4.292595284061867,3.705979484957294e-11
3.7921638591891162,2.8994607997811612,4.561145594010345,3.5273021903611045e-11
2.3738438434335944,2.763245665801034,4.645061342858913,2.0289667928260785e-11
2.13429893997922,4.369544799194964,2.216223003025355,1.2672162424281756e-10
3.8551752367031566,4.513705146542415,3.9613827654036857,7.400650522510242e-11
3.9300777411145864,1.7779853644016477,3.241239947172229,4.4390819202983843e-11
2.3340355681746976,3.1540532219901727,3.9327682166771734,3.176625273567888e-11
1.2568311363874192,2.414645749424702,1.153183643572135,1.5230691119760525e-10
3.4845400430086864,2.1525143479653472,1.9510200717923203,1.3150862658148105e-10
2.148217533309789,2.0002894816211945,3.7639683154097865,2.02425580124771e-11
2.8732997745180366,4.23956910657956,4.8535182425936085,3.4512429085746465e-11
4.19446308467507,2.628762187408569,4.92291688072541,3.0364691403293264e-11
3.062114900171737,1.4570777436493394,3.4613475012416126,2.485421236760594e-11
4.906020487925346,1.5488584685178188,3.7393234872472028,3.626947086178882e-11
1.2838928009354618,2.518988376336768,4.555170946378303,1.0402357372593427e-11
1.0135116024435291,2.890637529292398,3.7631515096392074,1.3807185383857036e-11
2.099030460138855,4.643278784692108,1.8696207000580447,1.86089850619003e-10
4.831918019802882,4.374868044374903,3.690578725516937,1.0358139843347986e-10
1.9413924035270407,3.9546051056471345,3.5937321501616952,3.9674479800875634e-11
2.360427660443616,1.8491305843331807,3.8681834392679533,1.9468404308444488e-11
4.49935275129404,1.9044115945829052,4.373058232323113,2.9903811165158995e-11
4.1956379756326685,1.2267040963895863,2.083430636723177,7.913451285252692e-11
2.547461376681268,1.0575060981155064,1.7798902421728173,5.675318596376535e-11
1.9248769209546897,1.9455970995794405,3.8643561941342517,1.6737391594368324e-11
4.017523193988596,1.0795907211944016,3.3759927294694507,2.539807100241639e-11
2.4616205469492694,1.8632851978409377,4.539361932380073,1.4855833452132098e-11
1.7423786644576564,1.3219448607478785,4.449398602964212,7.764964228547094e-12
1.5503528259587536,4.279202238973658,2.9965109244562727,4.931145633940771e-11
1.3844474515148635,2.3949290409096378,1.8050533631054133,6.791649073238932e-11
2.545064098007506,1.520970273185112,3.9504699375540873,1.6554197432355196e-11
3.3262469606008422,4.595768359307917,4.8166215975156055,4.3975801786173495e-11
3.5693417889946244,2.935389553152181,2.106960503202501,1.5751695012098276e-10
4.047028416867324,3.7898369550773428,4.186986222523821,5.839019408977847e-11
4.55749023224432,3.589669486144967,2.4052658323649725,1.8872969939516883e-10
1.8214691820162399,3.9675434602363393,1.7788347162631153,1.5242581623476107e-10
3.320190714298884,2.269614914378458,3.0304526328058867,5.476289632473406e-11
4.292805678564076,2.5535531204712276,1.5350172651526668,3.104887005138031e-10
4.659438547882395,1.5130533024516253,2.080695428739923,1.086818424718322e-10
3.2823911996444366,4.785272044032891,3.4559509780200526,8.777038988425806e-11
2.1551926688278114,1.934554160567095,1.3982129051423415,1.4233332137887794e-10
4.598168172592175,2.7910108230771464,4.689207038314689,3.895235841138235e-11
3.7709883461683553,4.689004323607482,2.729644375054644,1.583834819091756e-10
1.7242314567858497,2.1516064073005463,3.2968268177860374,2.2779926934365597e-11
4.134599521339156,2.291829057764574,3.1061241411648832,6.554872609288784e-11
2.553563621006123,1.198294968669729,4.79277823472895,8.890413320959992e-12
3.128508529254469,2.7451465632922445,4.07930094310891,3.4444318025704364e-11
1.0164117133933996,3.0793266216990114,2.1766150519964023,4.409083909599913e-11
1.1675287824242595,3.3504472965041177,3.0417349074277524,2.8217196672139724e-11
2.3642268812858904,2.274623777285133,2.479765510541341,5.836650617045451e-11
4.253882609817972,3.709050309902977,2.927924577960188,1.2283288627687945e-10
3.6493899609288816,2.5618854176922845,4.204624811810014,3.529487754513563e-11
1.3186785443863545,4.759916167625667,2.571902964102879,6.333084582413107e-11
4.223844025662764,3.7036258515386398,3.753160931737786,7.411853180451331e-11
4.081326562375249,1.9964059453799714,4.9048292046962425,2.2604173104501152e-11
2.0940867252583546,3.624766928371554,1.1218103239129609,4.0255209197014763e-10
3.0730558391503564,2.9083833986071124,1.8079478895979357,1.8248891693078447e-10
1.2104619193352688,2.557145257573078,2.8656066057222227,2.5157043050343704e-11
4.235389306351294,2.234508728765184,1.0138837427499925,6.144481979466454e-10
2.213201161513407,1.9008471002325478,3.5158159491152676,2.271443886551294e-11
1.4419417130873367,3.544461261713214,3.348931128044366,3.041387170055487e-11
3.7531313284702366,3.4279437376424267,3.6317864293346953,6.509880943365156e-11
3.358914787478474,4.938071497537461,3.4340176834264677,9.387231061779457e-11
2.261755359729057,4.203188280091122,1.1957776119623698,4.437208526479624e-10
1.7894315015849669,2.1648988706767613,1.6698031149516375,9.272745941075898e-11
4.234740962427191,1.1455064916210986,2.088523366814956,7.4221876420566e-11
2.4635382427696784,4.369964224633442,1.6422989331887154,2.663906458557316e-10
2.711847753910368,4.723271376269508,4.859676936185231,3.6197585882111444e-11
1.6328260490955944,3.7775159426645786,4.577660655250637,1.964469264792711e-11
2.605251637254917,1.90424211475601,3.4190107339573355,2.8324165099834372e-11
3.223197897257491,2.92183090347438,3.161166162007646,6.289753168855504e-11
2.4951412801487036,1.193758842218192,3.291548051281346,1.8348372404801936e-11
3.4348339475817014,2.714538759021774,1.4816664106193587,2.8345695978701865e-10
1.0612816719212526,2.0356026312735844,2.952213428033481,1.6543003722930187e-11
3.2879741042855297,2.077735721336098,3.051447637476221,4.89658224343872e-11
2.348239744496089,3.471373920979088,4.605383447956774,2.5650653943924476e-11
4.237616516369443,2.9648152239226317,3.696171670193494,6.137637278528654e-11
3.735822080054865,3.19775654204438,2.2245912044843643,1.6110809092724377e-10
4.814954118890963,4.5458754538665636,3.755201504825453,1.0359275803479652e-10
1.3595722072930694,3.1426786240421283,3.980591364280193,1.7996715821330587e-11
3.797571467495619,2.4968342630426967,4.8504704674716415,2.6897637977348424e-11
4.023373556847529,4.494580963105492,1.4898445731011343,5.43730682664949e-10
1.5322979748159762,1.566979716032737,1.4852237076045287,7.264555712016204e-11
3.073205030095812,1.9003010199624373,2.9563280165646186,4.459589670641133e-11
4.603030469860396,4.557807184587482,3.8505413034172005,9.443705345792278e-11
3.5414480944678304,3.544740713754204,3.682981225804602,6.17664365556728e-11
1.0357561211007655,4.026976095361412,1.8883478018509021,7.80654357751844e-11
2.384996994825886,4.737133385043281,1.967717463432642,1.9474403851385326e-10
2.7289357006640844,1.9827860438059761,1.354441391483019,1.968497756200882e-10
1.7541601534634288,2.6733423812046726,2.0486877049402774,7.456903196299428e-11
4.110035160181993,3.6481319758378814,3.5912411225066987,7.759132169198192e-11
4.9654482623317495,3.9585877627782695,1.9356450474983822,3.5013336672207243e-10
3.7219862497005427,2.7054902107332914,3.2589992129177308,6.327591331127829e-11
1.6073889468314921,1.080600382352781,2.1498072120187417,2.5082641203132774e-11
3.736572748754227,1.909758441925467,3.311410789751667,4.3432213531298156e-11
2.8179377631121416,4.934684801782064,4.755801998929087,4.1032642551899066e-11
2.3148573822604654,4.916678347217509,3.627251692231044,5.7733362863707564e-11
4.096573007429512,1.4691341000553284,1.4985811698332117,1.7885776444433174e-10
3.129682690287422,3.9705807692661526,4.359412408423893,4.363998905581258e-11
2.5181596258878254,2.604289322385342,3.9466039916774305,2.8100340833921108e-11
3.3950517721474576,3.7962784216293577,1.856706933227731,2.495191841651896e-10
1.16169270832973,4.294636153657468,3.8965752179860123,2.192995362680713e-11
1.469597521559309,4.116943854935652,1.7580448657545822,1.3064706242448785e-10
1.3344720931089702,3.3927988624484877,1.0224240000813833,2.890624913387745e-10
1.4306408023951471,1.5725975014324214,2.306164254703733,2.8232797819545255e-11
4.946328325738323,2.202669183414948,2.791276302116003,9.332817247478128e-11
4.3853613681662384,1.4913742062779103,2.8034163930241296,5.5539632181433147e-11
4.922611377802209,4.059770893339342,3.5093293527249108,1.0830163701277702e-10
4.146690241582101,2.6810755936820296,2.602125244993823,1.0958231325028664e-10
3.7689601563809667,4.8011701118351,4.881497944742154,5.0681402076222556e-11
3.7159706833623307,3.6428435349033967,3.0188166485198162,9.913466117891553e-11
1.7659117845629586,2.7389079466950013,4.329415873613851,1.722162121880857e-11
2.6754427503496463,3.552032452719204,4.978747312577014,2.5586955842035903e-11
4.1410721016859195,1.0887353268391133,1.2647491296867157,1.8811028050900108e-10
4.872593693689122,3.5677434285830185,3.1243968479093636,1.188523119084042e-10
1.624475809965685,1.203239963771399,4.12039342772082,7.683769483255161e-12
2.4493771709275496,2.727809565577557,2.9876663312469702,4.995646853650915e-11
3.700246651417527,1.6714617076533318,3.8252213497324306,2.820981032495014e-11
1.2719817348260216,3.415589433237328,1.687811103851995,1.0178529958965857e-10
3.15545832547071,1.201137239279264,2.6871931544665526,3.503027235310219e-11
4.215672979669905,3.8154939266612193,3.3481907554070878,9.575985884408832e-11
4.547844153261588,1.6523963191194482,3.1409526440288817,5.0837386723490866e-11
3.543254642943786,1.638526467327499,3.746708346641756,2.7602108109829658e-11
3.6612033418510572,3.554874938806525,4.121526896947141,5.113498141391045e-11
2.803690152210624,1.5846703651538991,3.8428131726095582,2.0079671952901982e-11
2.4234955075187856,4.782253016893586,4.514987021796473,3.7944423473863747e-11
4.468004085019189,4.244631699215921,1.7008334534119496,4.375384241044512e-10
4.265472586174255,4.529933664956409,1.6234165493552761,4.893113187621416e-10
2.53748990973578,2.0142515735268125,2.044873635709469,8.157766804409307e-11
4.6907680621092895,3.8147038187440865,4.244212247999023,6.629744585576071e-11
1.3100306320240906,3.4020631607398717,2.771139465993138,3.873408116305815e-11
3.9074651197665067,1.0670906122923913,1.0473103462565172,2.537066341515402e-10
1.7558990428421928,3.1185609075770655,3.6240148770872884,2.7826592699051767e-11
1.8548347976313386,2.1094118834867595,1.1291291942506065,2.0481678868361797e-10
2.6830052842212155,3.6436547632680982,3.048510476091446,7.020524633675255e-11
2.9038101320718783,3.5946355953283002,4.608162696790542,3.280603026042116e-11
4.0327437457259725,1.8439907164372826,1.197865064864629,3.458834328847315e-10
1.7890093024168219,2.14249394643259,4.876572506710911,1.0756947101046282e-11
3.482364326446962,1.5524058524114848,2.3363023896431434,6.610093041106565e-11
1.3412611599461597,2.677889905430034,2.043396778247403,5.740990925131169e-11
3.2470228607566423,2.671069948885385,3.485841680687169,4.76366807482714e-11
3.7918072201477355,1.321073681804687,3.0624944311926847,3.564584193049109e-11
1.2325205564282773,1.0895704874021663,1.7186245821199493,3.0344058441688596e-11
3.1063230924354657,1.1495246879150591,2.9278038622473948,2.7801432354646353e-11
2.8048417205046863,3.5883860425407166,1.9560773117811734,1.7555842993608962e-10
3.073371862876162,1.8553708140158416,3.839015593420822,2.58221429827878e-11
2.4693854416688352,4.963695980901254,2.9063976471028434,9.684343670381805e-11
2.938542521970405,4.24538773613653,1.9602782495936983,2.166706571180688e-10
1.9853244825407348,3.63310677108924,2.3743495670002677,8.538990765896561e-11
2.290710625273735,2.0180707837908405,4.558663686054926,1.484628251829297e-11
4.4640573003553765,1.7782396323031402,1.1750879595614339,3.836767613417951e-10
1.4715273576297334,3.4372317251722286,1.2140494885431785,2.2902905117310782e-10
1.3848162498044907,2.0029757633009675,2.604934714392468,2.728100472726503e-11
2.5432543373984475,3.6483131488344758,2.129503180345048,1.3655623004655078e-10
3.6930438016695453,1.795936222167629,2.408599081233667,7.630140553407583e-11
4.523248731874755,2.0674343942221314,1.3526539715217711,3.4111041946666556e-10
1.9804302752961878,2.880271910347325,4.930358784354221,1.5661097731575792e-11
1.1065527187530684,3.654710326712,1.7034486485867752,9.301504063703392e-11
4.402009736419448,4.2565327976923,2.5488629997500047,1.9248646610449803e-10
1.76506042245023,3.2863704700581797,2.238419148203977,7.726440673972773e-11
1.8190654616661561,1.5622100617100525,4.596563242195371,8.976509223459206e-12
3.0472359602202888,4.160529295529649,3.4722130858972484,7.018238657255673e-11
2.0212065741039194,2.2500670195296353,1.4301442293786835,1.4839958359655025e-10
2.889172652062087,1.146126561723015,2.77460206708924,2.870720192845816e-11
3.591147570545367,2.880302859834099,1.0644473876004201,6.092691787802651e-10
4.264904880799338,3.1265703113656036,3.1221033464014476,9.129966880188663e-11
1.6731281240414395,1.8795554314444884,1.6980167587708768,7.27924933775629e-11
2.9861896704591517,2.705937497744332,1.7568251688594896,1.7472870687643973e-10
2.416775342787089,3.145412931490712,2.6536751910109895,7.204512896177083e-11
3.6292152079287416,3.44602911812364,4.97983422746967,3.3657983676668414e-11
3.485869235648764,1.61193730084526,3.461918467233047,3.1290447056138734e-11
4.671757426289474,3.2567442750018567,2.2805413080585177,1.9524245461974574e-10
4.179432097543261,3.3317686395773958,3.7515199925192166,6.603341860632017e-11
2.0090820382761896,3.982280070758602,2.303959640897383,1.005925782050273e-10
4.09503428237578,3.2848134092035015,1.2234689803900123,5.997476065837887e-10
2.588860428795199,3.3390420901482107,4.104280769338471,3.424858300057031e-11
1.7987067821341194,2.197698006624158,1.849951239107014,7.708928646495388e-11
2.9914312495143016,3.9696959087535175,4.029427989602532,4.881301918208289e-11
1.3938965171823345,4.3061496810418625,2.609783993609401,5.88161686506922e-11
4.248823333582668,2.944201009927648,1.4517323687654016,3.9614047010421293e-10
1.8682290902295628,1.8556030376135184,4.492035935013371,1.1466079896241253e-11
4.058306368909888,1.7154528801533062,3.3773749336401107,4.073345738061669e-11
3.3511388753690423,4.596325645617595,2.825453368204859,1.2876953596865823e-10
3.366685742392222,2.8889521936401645,4.843863928711346,2.7665929631640873e-11
1.471202105738262,1.9099722538995962,4.659480399516618,8.637948692635251e-12
4.8697668991103145,3.8904576814722307,3.3921757047238845,1.0988499496619179e-10
2.2088477485337097,1.7657826589221073,1.7927845793247457,8.09903015058301e-11
4.134849261895135,4.996090436608071,2.7504959320073854,1.8224438702132638e-10
3.4311684647326035,4.266869170062293,1.5348916588132173,4.147459166464113e-10
3.5193421903195548,3.4916392702851677,2.1415743116268704,1.7881780926943488e-10
4.618538092314363,2.1305482097611432,2.607455541127906,9.659358251870322e-11
3.4201307922560216,3.201095581934016,2.527158871110497,1.1440960049247469e-10
1.49751102320139,3.0070258164049157,1.2338670565847316,1.974043183434809e-10
1.935712195569662,3.561935430581145,1.977788157521525,1.176395858222158e-10
2.5607181349673906,1.4292775021619497,2.5481771105352347,3.761883280410442e-11
2.7097089313276124,1.5674495275347593,3.230487821114591,2.7162278274417097e-11
3.2818730444577486,2.0558973278010226,3.651692592640659,3.376921616493836e-11
3.7309128253707637,2.6131750726393133,1.2426538968451446,4.213756530429459e-10
1.3623396529281893,2.073051339725111,1.7620328452929472,6.070908094430907e-11
3.281347698851932,3.9533500935809474,3.5610361277749147,6.827331177745356e-11
1.1380477270205334,2.688795689143327,1.1048294657752948,1.6730695092649437e-10
2.6213736426514234,1.7717607984667003,2.3377283144841456,5.6719467512165156e-11
3.9672244646374244,1.716367078173921,1.8141947338903877,1.3807509398640495e-10
1.834383407528939,3.2196793641864363,3.5183534953012865,3.184270815901516e-11
3.807821019021523,3.1440018363882114,1.1328657303824272,6.225706479289526e-10
2.352795210296746,1.9129902748964849,2.27169837747334,5.820787653778744e-11
4.922257339678784,2.7731015999385695,1.194189107010542,6.388076203433998e-10
4.79573404829163,3.4484476772351886,4.315027823471553,5.927857202797118e-11
1.1818855417404746,1.1184950937898717,4.779121874573042,3.86277572960398e-12
1.283233443565853,4.015891550647599,1.584995495174926,1.3690451898258843e-10
4.887818225620281,4.791892930836913,4.649463363861047,7.231072144351766e-11
4.195731429755917,1.3413435994527605,1.5297995443461372,1.604962428424095e-10
4.449355806443194,2.39015874505311,3.260111711500497,6.677980112450199e-11
2.6481956756737954,1.0033477391263723,3.098125026219549,1.847523073372351e-11
1.5195069830281946,3.875171908906416,3.013449338307179,4.327649570517015e-11
3.0660046022476006,3.723962022939146,3.184791304130477,7.5128080103521e-11
2.2307535313828826,3.8013554523801147,4.806490162248911,2.4497409218348956e-11
3.9102431895035688,3.6338164743820234,1.5326113094752989,4.0372803513544886e-10
2.7161107187154268,1.3563387296758447,3.274483001437983,2.2930649403043387e-11
4.764928288456002,2.9551885062502126,4.543955084576337,4.5515540093940555e-11
4.131272615235309,3.341388768341309,2.107165363740959,2.074912690761791e-10
4.34093210667835,1.0584290457195364,1.2179471638556256,2.0671597883014213e-10
3.6272935931583556,1.473965905971832,3.6669171139863206,2.653714285735934e-11
1.7571399181668417,2.770340282443773,2.417864201781014,5.557274559246346e-11
3.78112990312013,1.3130544307165928,4.261701883627383,1.8244182037699574e-11
3.970063756517818,1.391066642250998,4.33928974697768,1.9574664156276843e-11
4.235600201971254,2.5865628905016402,3.470425891654458,6.070977949931397e-11
1.0060380330164254,1.6431531326431728,3.7677594084578643,7.771633558044356e-12
1.1597883227555714,4.7183136541874875,4.323665099927709,1.9536539835753403e-11
3.4496442638822136,1.6267909550269564,4.936392187375661,1.5369967550269144e-11
2.2521271789793245,2.4716163488292158,4.780850981313272,1.6253607176145578e-11
1.9959623538745523,2.564371254974982,3.818676829546254,2.342575711067159e-11
1.6347018853625483,3.7581821775101587,1.9645447613517009,1.0623771900268847e-10
2.7433291247689215,4.351419764999575,2.5644928518829087,1.2114126680061661e-10
2.2030845368036482,2.1189774595934283,4.120232387471992,1.8352713217786082e-11
2.181491264840978,4.7918112370538655,3.390678100558844,6.068289055362894e-11
2.7092724334192284,1.8682570885728182,1.624994500037436,1.2792980219123795e-10
4.581399372033359,4.7080060382040205,1.7430656168907648,4.737987307777693e-10
2.3065326101499517,2.5313459454222906,4.925672561656102,1.6060764964421123e-11
4.817653571343553,3.425912255463527,1.4857223192679845,4.990254675308858e-10
4.475742320872632,2.6283160355949478,1.6692361646788818,2.8176905253655696e-10
3.9748994032948057,1.9024321880980235,4.096199748813049,3.007871484523251e-11
3.593557051559264,3.9434269677372593,2.1211099374110316,2.1021233256704063e-10
2.3111713865758268,2.766296469304133,3.3224802165821194,3.8653806614750224e-11
2.6193533994901843,1.4837817251347083,3.456560934748448,2.1710102917340345e-11
2.435930462682208,3.939271592137363,3.444559759574862,5.397585936669173e-11
4.453975181063285,2.762053346052174,3.0377626305628826,8.897303120249472e-11
2.4299041784584348,3.474163478817082,1.8740346319902628,1.604243824055402e-10
3.2477392938869585,3.210399786573753,2.935640954918444,8.074592317259064e-11
3.669889426151664,3.3313042128356787,2.31845285818967,1.517948146280017e-10
2.5001345613884927,3.738962097312525,1.1417778787155086,4.785611062484857e-10
4.583436596213322,2.7078347382389456,3.562312000910112,6.527331624691118e-11
2.319605303415184,1.6902914624833536,2.299513443569804,4.94868701650307e-11
3.900448217790075,1.4512069793683908,2.693615652803093,5.2066552567224604e-11
4.956932644844722,2.1716550653599893,1.3711377145484436,3.8214476263151304e-10
2.348218168399501,1.8915674979264523,1.1490807571031598,2.2451501228775787e-10
2.7760427709884987,3.7613646862224615,2.590530814905241,1.0384372846503676e-10
2.9870946821286344,1.0144372416749992,4.903126461658639,8.412289034751576e-12
3.6093152994322955,3.5876929811568936,1.4501270459723234,4.109738516632671e-10
4.023130932552817,4.396318542133628,4.971572487807974,4.7758642030540655e-11
3.7036019065242547,2.7761046351596494,1.9335513892965013,1.8354176104395805e-10
1.9048024899728402,2.1103079713063226,1.5682272159138844,1.0908474448002488e-10
4.243570955947295,4.232443313284645,1.6972128032846783,4.161368948407726e-10
1.860131940619437,4.46110978287401,4.030546949684325,3.409140457003331e-11
3.018601443212782,2.0448268005471526,3.2141741466042166,3.9875826643332926e-11
2.2396874529317463,2.1750808668034716,1.9809298920230636,8.285349185647163e-11
2.87567190683882,1.2611941894815306,2.759794871837104,3.1779999907547243e-11
3.90021350520701,4.945284046906362,4.107928926270673,7.628163336864772e-11
2.604953362550264,1.3219500589942514,2.2031888977939564,4.734757431401171e-11
3.0953598817120827,4.458854166244925,3.594320671134044,7.129958122216228e-11
4.14719907801161,3.2682352369771928,3.068156570156229,9.609468275274898e-11
4.649788419762816,1.1766157440352898,1.6384223035249712,1.3601986721827654e-10
1.3510154503250962,4.8706580727237885,1.9250293919234234,1.1851120961105122e-10
2.653443422569527,3.258280811544428,2.7486212406131854,7.637561994808328e-11
1.7478033552960088,3.344816037160916,4.656426634233851,1.7994735958422634e-11
4.414295606637252,1.8541952152809715,3.6316863671261865,4.141774019492824e-11
4.033729774038298,1.9654222672511095,2.887124547608221,6.347721095198007e-11
1.9852164476151404,4.283220217839009,1.7568198722345518,1.8386962918119628e-10
3.2798090052288393,1.4526553649159437,4.742758372338006,1.413628687370544e-11
4.32795047608026,1.3393231099126282,4.542979782766132,1.8744430034469045e-11
2.9778864325643633,2.8420115404108834,3.859762627595692,3.7913945116109266e-11
4.622535144853164,2.8495419150309518,4.921779495601893,3.629085234308289e-11
2.8190084855712136,4.82239270644167,1.0461460426880573,8.290114447152982e-10
3.5214463189315017,3.6148925562320438,3.391853475597583,7.38462595372435e-11
2.1700886639253887,3.0589176737888653,1.204645568112654,3.052902221951159e-10
2.1914374231370837,3.809264160129769,2.546826151149409,8.589299878410309e-11
1.0166182871234586,1.4926403400924992,2.957254430322039,1.1580356050041802e-11
2.4750731539072426,4.68235664617602,1.8326991471303393,2.302800825180624e-10
1.7086341270767322,2.704450279277804,1.8700111683634462,8.819132743831537e-11
2.660768771367981,1.7395766807376423,4.1517987905352625,1.7921085763229836e-11
2.752899588096358,2.031884798343715,3.5190176936995887,3.014621230189737e-11
2.9502675987556843,1.1993025982797882,3.775876133481548,1.65630727209945e-11
2.4523694823712687,3.5375980164404965,2.9147319777182394,6.8152742348208e-11
4.093800655089426,1.9697014125611836,1.6627336037650857,1.9465606596257395e-10
4.63517504502511,2.5158883356928436,1.1623754477591612,5.76037620346472e-10
3.8033056120031516,4.443282459524271,2.4466835063525414,1.8840644722886448e-10
1.5160665744876636,1.1588105748975552,1.9026338816316035,3.238966619581069e-11
2.8331630029923662,4.5859496852839925,3.524382118369872,6.981055192782874e-11
4.36641945628663,2.3689079491458815,1.280395214110654,4.2108692523082743e-10
4.545713932461728,1.7904481930695915,4.216364259233066,3.055440397886693e-11
3.950497315870878,3.4622546817851187,3.144196569071489,9.233739233659329e-11
2.6205655033006603,4.28621687600674,2.774017298589049,9.741751207002678e-11
1.4823997142228849,3.133044432826975,3.237921430897212,2.9565516233282954e-11
4.714140873218151,4.963811276470882,2.891262907300895,1.8682235871126902e-10
3.03558971883352,3.701185164941465,2.7499861824559084,9.915373198057825e-11
2.6941770520927495,2.4337516913907598,1.0984006062303924,3.6271630070279056e-10
4.601816852304935,2.8756171423510186,3.2358546967862347,8.434679265197487e-11
4.370063965970881,3.6824808634977906,3.2180016299655723,1.0371509641476334e-10
3.8503147460422613,2.979577207794018,1.6520748092098092,2.805289331632077e-10
2.2526467955334284,4.310675087203403,2.2986348632033815,1.22654818729493e-10
4.962501251779891,4.351812977104605,2.3746242557007684,2.556037701307519e-10
1.3425419868452546,3.579154309447834,4.207173177492103,1.8118144698535515e-11
2.9489645583632305,4.684631126777834,3.07216461759813,9.768821837151134e-11
4.5267867178243115,4.218806563695004,4.766043112182233,5.611124632668302e-11
2.1514895467828286,1.604211380416816,2.1521382505312903,4.97332342100522e-11
2.8895789274301826,1.2749925126394053,1.9155627946723661,6.700938184381451e-11
2.1484702073696935,1.6583355236957842,4.715704978305785,1.0692879870406997e-11
1.1011757182699058,4.946569932447112,3.419889853118906,3.1082986848696985e-11
3.630698397364009,3.8663945667593063,3.008745429954965,1.0349316304352409e-10
1.4278884900759876,4.172786018914077,2.6033498911422637,5.867343669902795e-11
2.2220622967213846,1.9077437886765907,1.990357229967033,7.14168054055918e-11
4.551105164732872,1.6807174111522265,2.0208655729956995,1.2500371546997335e-10
3.4772710911716476,2.013606443059405,3.422264278392572,3.989994125036086e-11
3.8669354451071594,4.469040832003379,4.872921057919448,4.8572302982499435e-11
3.3054158347691724,3.6769809301553678,2.2442689476800592,1.6104746092462914e-10
2.424297434386765,2.016994413814717,4.057581113439584,1.9821767548720536e-11
4.5860755873015995,2.580051925809935,2.5820108363974255,1.1845127400588804e-10
4.933904451307422,1.6670595460105346,4.416807717204691,2.8139155794039643e-11
4.118190400145111,2.8014642334878426,2.3449374450998657,1.4002809577767998e-10
3.2309254118328874,2.869362271576284,4.907844701494636,2.568720751508335e-11
4.192192623401972,3.7374978589774237,4.486453143649962,5.195198089919186e-11
2.3215912405492527,3.0043222129332476,3.645022914449879,3.5036276246550195e-11
4.5610346868807605,1.627796791922837,2.060497266319038,1.167093580536697e-10
1.218231046422955,4.829765566745378,2.4805357434686663,6.381913854818787e-11
2.0536330170978143,2.7369186851531926,2.3688116041998413,6.685130525260563e-11
4.752247073391011,1.8169063062060253,1.5083872908123706,2.5327482121703596e-10
1.2195436094802417,2.038247185105578,4.740901968039033,7.381054942786873e-12
1.6069546449398633,3.00271272483335,1.1064120500947672,2.6306908355469804e-10
4.325051839760282,2.5020107303990673,1.8793807279089143,2.0447355575554616e-10
2.817277058677099,4.515869173619448,1.6158610472075803,3.2519891608126315e-10
4.9321173265079326,2.812897423887571,2.495945267508412,1.4862894034020906e-10
2.438593171023509,1.4914748567510627,1.1190744440217917,1.9383113375557641e-10
3.724993169286439,2.073610665314348,2.3982126754275703,8.963208785618794e-11
4.734237914224067,2.5533567284729872,2.728269664636279,1.0838599960557088e-10
1.3436502321247374,3.7080266739994814,3.741135170923188,2.3757923713780962e-11
1.7077616721182771,2.813990195545428,2.5168535686294065,5.0631424557142776e-11
2.980269518037334,4.985210451975805,4.806490154311605,4.2920930242318734e-11
4.8009964032227925,2.204240397177386,2.5153497083623626,1.1162970923468956e-10
1.318703149875624,1.297413131215035,1.8144518945024557,3.4683316418464014e-11
4.161158553933891,1.4485800614570263,3.6311084019812707,3.051156899201115e-11
2.365268121279859,2.5655727031237947,1.5515635776181367,1.682332189343556e-10
2.5278593378094265,2.409413763751498,2.879742682756956,4.901659356388714e-11
1.1264331091117818,2.5418102839001624,3.906336400206416,1.2522627464100595e-11
4.262923927963026,2.7255350634127016,2.9065014940249663,9.179192072652291e-11
1.487170040651769,2.6008159037410032,1.149014549219474,1.9552639206521133e-10
1.4535689439130604,1.445481369697601,2.642465517715027,2.0082403041216214e-11
2.0370958127713314,1.418602744549677,4.871225343937639,8.127968521071603e-12
2.1458778395161655,4.437429381228631,3.0956538097673403,6.631593199524532e-11
2.6909115237055476,1.9190000051220442,1.1823159719482441,2.465434583588074e-10
4.851179794549681,2.1772498613241256,1.1140372427615217,5.679922698316018e-10
2.423838423282763,3.12467066754185,3.4529904277349965,4.239389987459162e-11
3.941871328520922,4.146021447570531,2.6642767476756952,1.536602450725365e-10
1.541265803747284,1.074945292642409,2.465843967412316,1.8185235234106666e-11
3.6738265158310206,2.5638589809057524,1.5265314199734328,2.69766169662015e-10
4.201229558555282,2.986279747475052,2.4786924092002787,1.3628492832195497e-10
1.6903526332689376,4.638094967896028,2.241116541005604,1.0417758165732282e-10
1.9851213280492495,4.484311113472401,1.4233956403817842,2.932362997424693e-10
4.703478216525884,1.9270477899034755,2.320655455747087,1.1232501675058014e-10
4.586111558879089,3.040365727946404,1.663774207065516,3.361769022520335e-10
3.47898386651437,1.7269781300521108,1.6540842499844053,1.4655822690834759e-10
3.3864402171413652,2.471428859925273,4.410433262469493,2.8715423096693895e-11
3.9655883300125803,2.3101959188934615,4.089074663893193,3.6567271927324007e-11
4.660499556788265,4.749816997746702,3.2196756688724655,1.4251851857756232e-10
2.2790895735329286,1.632584442785061,1.379283206780554,1.3053180791511953e-10
2.9747884410677736,1.5830801481869843,4.373440471013804,1.64323149971919e-11
3.0494440407569283,4.545235848403568,4.710412710082239,4.169129386984811e-11
2.9119284421530502,4.343581234578748,2.9507195912899338,9.695249025307623e-11
4.532387175957346,4.742148532174406,4.359110133930123,7.549056462950474e-11
1.008967639006904,1.6631189902503865,3.6219541839988834,8.53691303396523e-12
4.089190207004412,2.6216862592428347,2.6773650069089445,9.981344987841421e-11
1.6220443561820659,3.8928718205456,2.6767175511567256,5.881849926023497e-11
2.143644597315066,4.340767305556187,3.216909288552034,6.001058521737803e-11
1.7321875075573954,3.4610423141036737,3.4149187762866076,3.4310516551755534e-11
1.1029875595132257,3.8659372654551674,1.2895855538915444,1.7112414833935523e-10
3.2875619577101336,4.426990284067022,2.001409849796349,2.4249157364526034e-10
4.412637412986021,2.4253782040478375,2.0126345372770134,1.763331937704332e-10
1.647640572273704,1.0250829000702475,2.6835653153518124,1.5652486172141125e-11
3.480802364394235,1.9930000740429126,3.6537995293548016,3.4680348371489143e-11
2.98322140115208,1.1864612692334768,1.1329556367120213,1.840345845008046e-10
4.304115490744358,2.5678206923767153,4.075663242034318,4.4405649585590954e-11
1.9675425924612724,1.317747319142259,1.522363783405119,7.466302798059235e-11
2.244250025404867,2.3938943395049574,1.420213365043042,1.7776867209565954e-10
4.557420275176718,4.90680905768093,3.484615701589562,1.229121066396877e-10
3.144422247112099,4.245620276209587,3.2114843476668224,8.638863104254553e-11
4.57542801398983,2.4954606555358683,2.9131223339312764,8.979480477762871e-11
4.5143277530185255,4.346187921237171,4.859345354555918,5.545392090175236e-11
1.8495831766728874,2.4276236219201723,2.2134154922882483,6.116676792875814e-11
4.175485286722685,1.4258002193363564,4.6662761082078,1.8247819292264976e-11
4.113080427078151,2.5477087110983794,2.5416304429838688,1.0826257904094145e-10
4.117249782451282,3.616725196644153,4.750150655402499,4.404475124977204e-11
3.4511586645037347,4.781523424016402,1.9329800710618672,2.9475600599960456e-10
3.7672947776024603,3.2121987835443435,2.506169142607981,1.2858711791250192e-10
1.9656524122065586,1.3557354672373294,2.8860270338742575,2.13534028734785e-11
4.417840417227566,2.5213022675564454,4.8869568975790285,3.11274915267242e-11
3.4097832469194214,1.0671572525763846,3.5000553909730154,1.982401238462484e-11
3.4338471813915765,2.745762701759753,2.608129172135861,9.250644120655936e-11
3.011496349273996,4.911447803717891,4.650024545008259,4.56528175170063e-11
3.252626704097018,4.894473921698775,3.869183778367538,7.09721117675694e-11
4.908146333956701,1.0136313838846038,3.713953287431907,2.4071928200163202e-11
2.838712465881784,4.070325342512408,2.855250045336981,9.459069947017971e-11
2.252816548031962,1.6206221816657638,4.9926249914154575,9.775431033742004e-12
4.049774418279682,2.3020368007404173,1.517677234830788,2.701285314447679e-10
4.309300501793773,3.7190527933092032,1.3553504726950916,5.822668998756923e-10
4.4456065075553095,2.5738171296083823,4.8232898141356175,3.2825261379225975e-11
4.642904050917992,3.3292093756159504,2.3069215246288453,1.9384356020543885e-10
4.059377156379692,2.8256934026884255,3.5513919574717208,6.069786700541644e-11
2.383533355304425,2.333955484233205,1.5881735361444997,1.4719874066650656e-10
1.2882741272387999,1.8800951288362486,2.9643640601509076,1.8395484587923192e-11
2.4811570817821464,4.080546625290204,4.009999775821364,4.2021360625927315e-11
2.3690157779952448,2.850322980347044,1.7871831123130377,1.4109451329459124e-10
2.5523010019862933,2.0098604231218684,1.5472234933534796,1.4301378120747187e-10
4.110598680296819,4.656685348191857,4.245107362111158,7.089095349767865e-11
3.8454789398215667,4.200551444526532,4.796770867785087,4.685381952009452e-11
2.0498111983034866,1.5512600358849609,3.954811752260799,1.3568537391560508e-11
2.199401682877686,1.241890765796731,3.637724270986074,1.377572922687833e-11
4.533727020880875,2.9674725023502653,4.385625418805855,4.668369277685666e-11
2.258814024062139,4.013370141531883,1.2281783653843146,4.01100318835936e-10
4.660796332662425,1.6719357128008925,4.248279689298558,2.8816398409929785e-11
2.837905442102813,4.548971098408463,3.310746428555672,7.860414756268607e-11
4.326553719282678,3.5042980473683416,4.215043589898803,5.69541269381807e-11
1.2348410048123433,4.8140227716083,4.300665880586523,2.1450330011108093e-11
1.6604119172862268,1.9842729176650877,4.368295909808753,1.1523365819516256e-11
2.1294716602195467,3.5894073205725605,3.421767046832428,4.356923476095903e-11
1.647148863008475,3.3735942545797,2.8219216302118286,4.6571690712833026e-11
2.5183211102468266,4.8611906418994915,3.7765578529760315,5.7285891683305763e-11
4.7860867226028745,2.176139870157992,1.1373320546970898,5.373769237741181e-10
4.928210433254494,1.943944475654431,4.9944631720541,2.5631951466084818e-11
1.3609507294455523,2.1690014985878023,4.565354104968138,9.452344029513453e-12
3.0810735154134874,2.117266338262922,2.648793478671472,6.20536824612459e-11
2.216877001337904,3.9721153642137,4.638724259746784,2.7311939309741395e-11
2.32987319768099,2.625725178473281,1.9241423995768816,1.102791314941365e-10
2.8223025895211364,2.285616382900674,2.8333653644334813,5.362754987731049e-11
3.6007320888414722,2.138026788434538,4.324610544207715,2.747237133238761e-11
3.667809725315053,4.352617325894736,3.698564969890173,7.788915323101208e-11
1.2598205991384828,2.969123140995149,2.602414575443327,3.686125793937645e-11
4.303945999055623,3.728194355894022,2.7677797814504563,1.3979398837148213e-10
2.2585121802838217,2.5923431265728394,3.4500160018355466,3.282909460407885e-11
1.0601463614485356,4.686207389085858,4.923983823069991,1.3675408214845047e-11
4.126556933662691,2.542382896421862,3.7239064663027053,5.049140705746301e-11
1.1526316408045072,3.650840777358058,3.215800435200736,2.715760409566094e-11
1.1229108349885868,1.1813042323096514,1.3458293391288527,4.8877980210231126e-11
1.5003478267377997,1.6687718751895209,2.552178388992062,2.5653880878710075e-11
2.104052474055202,1.4269165104653383,2.6720149543731546,2.8064904149050045e-11
3.559865164623255,2.744892168626627,2.4277540018194337,1.1064599072654728e-10
1.222829253344139,1.8010907097154747,4.638156565173732,6.832769951330093e-12
1.953026866170592,3.4050666033354933,1.9741389121141402,1.1388449836096572e-10
2.0345862516647433,2.0668956654107222,4.621908828686463,1.31382679093656e-11
3.0874049082461807,1.298910141802832,4.955027206084024,1.0901011896307314e-11
2.2547288416766493,1.3071914435714276,4.156412104554867,1.1386297245539059e-11
1.965691280957694,3.059133642228989,1.9043727100807195,1.1066137573872958e-10
2.2875096984216396,4.449856174732438,2.1056169482729086,1.5322738338923192e-10
1.048622823225339,2.181629719791113,3.607971030870627,1.1728985942309696e-11
1.1293571611220647,2.447673334324321,4.689859816132479,8.387861405650682e-12
3.076070523881788,1.7765958615130004,1.9852645781593234,9.254103425768793e-11
4.972924676008663,3.3020485105793567,4.353380565811738,5.782668071954683e-11
3.71154876822384,4.247523853323633,3.0849624132808415,1.1055475999913155e-10
1.573611257165747,2.175483014055663,1.4961662106456877,1.02065664622588e-10
3.171993830867349,2.7132473782097164,2.2839888947711575,1.1010827337351347e-10
3.824154350402821,3.540210971004718,4.56014594177244,4.3450349587364407e-11
2.2207958536060826,1.5577442281165679,3.0687289813703083,2.4517372261281238e-11
3.3829672547258305,4.043540667537924,4.714341740019905,4.107747022741487e-11
2.2823071910007284,4.686044136846257,4.704241746673181,3.2254284509648105e-11
2.5934250508272183,2.288424306605407,1.9350783641866367,1.057789718595279e-10
4.2224235945781,4.345953418454294,1.753866237235456,3.981439616502417e-10
1.2952240757578197,2.6000311591670227,1.591498425864744,8.873546647605742e-11
1.7303699031077309,1.7367215917001584,3.9668431317330017,1.2745747342415757e-11
4.293643121151806,4.614966591633462,4.096076210579864,7.882149192141832e-11
2.0455483727647232,3.3696824492070614,3.5651547254993896,3.619329869027942e-11
3.091303014735487,2.8727851356174026,3.8997108030600116,3.897320497398023e-11
2.9640533680380523,2.8304147521947876,2.6556970794949724,7.938989514985166e-11
2.352409039490307,2.4814967168794717,4.341094545727542,2.0673511869109482e-11
3.1467713511842854,1.9920773483874417,4.6867052030238785,1.9046812792605054e-11
4.973729842295258,1.2458475360800843,2.9180477399258207,4.856780838431528e-11
4.851275698680316,3.100252511791323,1.83029436310176,2.9963831234514025e-10
3.1779590598629004,4.267739304447726,2.1751286304752107,1.913209343794829e-10
3.7260393757453985,3.056517857927151,4.9884691128286125,3.054400659806202e-11
1.519678455051857,1.4762683622415893,4.684548388325178,6.8228804655703744e-12
3.9556648616124344,4.525446007456932,2.0051688872780247,2.97142768095207e-10
1.3119670618669423,1.766075199740786,4.9998161623039685,6.186004817533198e-12
1.5369737279953766,3.310139129668196,1.5287709776897618,1.4528274456685575e-10
3.998402081781616,2.556397498894106,4.084426179168195,4.089205619158636e-11
1.0018281948900483,2.6582723258414385,1.3240341587372786,1.0138659626122115e-10
1.0674511029719436,4.250916117003738,1.8735728960768774,8.627312662966706e-11
1.2005109976294857,3.2774857534986706,3.9842205680864997,1.6542700669806192e-11
3.1413484556579965,2.043829260916876,1.4936591351380062,1.9206309789680004e-10
3.307348548558594,2.8131911005207653,1.3833806586971504,3.244755701628086e-10
2.0507444137778092,3.7545656744390663,1.0470319546357905,4.687459975128824e-10
4.352911927332049,3.976648550495521,4.331131022711421,6.158580875940596e-11
1.3582423110042234,2.378744466888295,3.990469513878038,1.3541390245127716e-11
2.217985903511552,4.086044744301956,3.1851255634275173,5.962041389706663e-11
4.247984537388962,2.270044505935733,1.1959502085530729,4.499635181443562e-10
3.9840911455378194,1.7298053801938726,3.560291566118764,3.628620754580057e-11
3.644172422176763,3.740879989154479,1.5890548466264627,3.60313986665864e-10
4.428189639517824,1.122462936407107,2.1140355087116256,7.422665128547322e-11
4.0634147593076735,1.680071022663078,4.2805634489021624,2.48658391374347e-11
1.0430541327343512,1.3726792006962265,3.121816457355683,9.804994899701699e-12
4.296427273965039,4.729982579705226,4.107851521895476,8.037550842273995e-11
3.1510839049563137,4.191842339075034,3.839562128912781,5.979814484429986e-11
4.461687769810256,3.9681021467514626,1.1278309453850999,9.289240507945859e-10
4.2577508790325815,2.364760056463927,1.732424010466905,2.2389538520682642e-10
2.573008049108198,4.384916508652266,1.1881056046651572,5.334314123083161e-10
4.622389167080446,3.266540827886995,1.6416096171126782,3.7393922565495077e-10
2.5696912068868687,1.254573376573394,2.402294821614768,3.728297825687971e-11
3.6022515701658606,1.003294390954657,1.1848787391915967,1.7180698331649178e-10
3.938552003990973,2.4270934840490126,3.8058321174199925,4.4046361335663054e-11
4.729727506677749,1.3847669978860506,1.1097945650834382,3.549064075851589e-10
2.3508647679215495,4.121344961972222,3.724078185232168,4.662461259611131e-11
1.5892461333662946,1.85559997428162,2.0908526128989524,4.502097373151795e-11
3.1085171227998942,3.7777906912105035,1.2858168241474766,4.740445418937224e-10
4.0594414007255955,2.9466661187175505,3.419187224395041,6.828693877857767e-11
2.734043711664865,4.715867286882434,4.090598955030803,5.1425606775621896e-11
2.0368347489691305,2.7950052984373834,1.7225654254361298,1.2804811257877242e-10
1.829382477766552,4.697568165951437,4.986978613026859,2.3061566100165583e-11
3.649129474845434,3.413373344561162,4.211236088889765,4.6874871385887675e-11
4.10286505176108,3.8167109094400713,4.772485039931217,4.588529729652082e-11
1.3149102868852784,3.230038566560409,3.401142874340701,2.4504186039127516e-11
1.548741870398897,1.876165840402575,3.935509209951843,1.2520872706497761e-11
1.853341964451996,4.249287027233225,1.2467735891139107,3.38129172302514e-10
1.820584911260681,4.525779721439491,4.47966936968429,2.7403032828618087e-11
1.4327943541412482,1.0573567290256736,2.282027214811692,1.9415561663399164e-11
2.976776541566827,4.593697514952012,3.1029472453233633,9.478640399925343e-11
2.646932338110961,4.088180880645114,3.321332636096601,6.546880276812553e-11
3.468569657968456,3.826958398523594,3.443025364135757,7.473257042082204e-11
4.409157522719343,2.3495988525000073,2.7917680409875327,8.871087765157227e-11
1.301612152097992,1.465079979298093,3.6210417309883334,9.706486855376586e-12
1.396480658290165,2.694304010028493,2.4490785392227603,4.1866080038780165e-11
1.7425451898795274,3.6200296759565007,1.8715812298071324,1.2018908273530817e-10
4.227967001470123,3.455344222601486,4.670237775853453,4.4702429309077624e-11
1.643506489476445,1.8667147970737208,1.0508923926165026,1.8540399984092757e-10
2.182320460110237,1.0822742899038476,2.0471384548349634,3.7613836758902525e-11
1.1581935757709667,4.1697951312707175,4.978674577007649,1.3003330213950593e-11
2.9526647791582374,1.054745158143028,2.686495100530369,2.8798892095349546e-11
4.933524914176464,1.7294538861654565,3.4265021188002356,4.8500979022110664e-11
3.0167951684611207,1.8842138589189128,4.342805591359789,2.011506514303297e-11
3.177105124875088,3.4103693323630484,3.520851117016163,5.833428512081732e-11
3.6374827167275634,2.2992932303088045,3.0664202855531855,5.936331470110304e-11
4.260483849254133,2.729154651905444,2.0899620209637835,1.776627923629363e-10
1.1583995413544415,4.351925944681071,3.1828466415369587,3.321197088445435e-11
3.348592583707182,1.1846996777905239,2.1404314823925565,5.7790190146641624e-11
4.441736776846071,4.311818177169387,2.9767589005143313,1.4424877635440115e-10
1.6080681377893282,3.2647460215673774,3.8847315896168086,2.3217636965408064e-11
3.5411893205186096,4.8429462410125055,1.625213871106514,4.333351872683466e-10
3.0431819000229523,3.218925363925218,2.9149467245086313,7.694205440198878e-11
4.315183436726144,1.8261553569497728,2.819091868386197,6.617664235692033e-11
1.8086715399653537,2.8720798392683244,1.2878840842088648,2.0902049084740782e-10
4.274839841249779,4.688932874139201,3.6657934561446135,9.955064607947105e-11
4.891287833113747,4.487369143423761,2.0465789675084873,3.497391147787273e-10
4.815168031478042,1.0504049029427618,2.1930371637891737,7.018792554576966e-11
4.23490224857362,2.9906822441311487,3.078235062016634,8.92064596152137e-11
1.9702818820140977,2.675571492428279,4.890169604712705,1.4712391810194033e-11
1.5993097867329111,1.6379545080523563,1.1733963758711168,1.2697877931885138e-10
3.755979030718038,3.256575060288461,4.0678466198752465,4.933343041986559e-11
1.6405730018630544,3.196403491145004,1.1513792479457337,2.6400160289435274e-10
4.375526226571717,2.6682461414806116,2.3604956825199266,1.398414642971692e-10
1.4369559387990756,3.819368078349875,3.438316053362871,3.098343596930866e-11
4.1614185214205754,1.4753398275547682,4.921715537071742,1.6915570392485116e-11
2.7080576047161213,4.386914216056853,2.5587195652596617,1.2110382566023802e-10
4.779131267916567,4.867918113148678,1.5321465497031173,6.614207428464947e-10
1.5082248111921364,3.751087726527652,1.4084768696507766,1.9033123505837887e-10
3.1864064722095407,2.785527243440218,2.575471794627101,8.930611398265055e-11
4.349730024244172,2.7791383281683464,1.419389522827847,4.0045662059522874e-10
2.7770749547238895,1.2194154770858554,3.6566706352945237,1.6902611852416177e-11
4.828106165260607,1.2522005709912825,4.6468100852026275,1.8686461246014605e-11
1.6460607311594542,4.110044092308533,3.5248180340970228,3.634169122468445e-11
1.0414884433675975,1.2618679101584016,4.623673228228932,4.102799435799139e-12
2.697153840611006,1.6188187676207124,3.685037459508649,2.1458844743619148e-11
2.024734483516818,2.9010829253739616,2.1559876793994435,8.433772374585979e-11
2.0971242270693087,2.015600025387443,1.2243858757984132,1.8818200561090553e-10
2.2432217422801943,3.415573899255411,2.4976427866019346,8.197122832591226e-11
2.4654147799207076,4.943880454319196,1.0405255726454699,7.513436873243315e-10
3.612378459014171,4.147330503602067,1.8136401369350388,3.039805912067867e-10
3.4614995191615994,4.51496540743335,3.9197112015173072,6.788858629811435e-11
3.6984933902806794,3.0064835519423947,2.3907903059055413,1.2983354312062823e-10
3.048786297177575,3.3349496884531744,4.230016587173903,3.7924366231342155e-11
3.3439052420402255,3.4480240015931396,3.8507774484764767,5.189357672892339e-11
4.529786141021722,2.7318244000526444,1.6413490424434771,3.06559506663863e-10
1.4600231988603372,1.017464316628209,3.605395076371488,7.627099697095373e-12
1.9904150148337418,1.5212888965043576,1.8479719390245184,5.917670673029644e-11
4.615677961455011,4.267137885167353,1.5856595764976382,5.228034797184798e-10
4.2853102183681635,3.3076063486791214,3.094526794164758,9.878563384838705e-11
2.843123648127904,1.5792527543326842,1.5809154774713794,1.1989920138337042e-10
3.704314198855008,3.6082751447739083,3.742859497060555,6.367758972033252e-11
4.7324676099982845,4.54835684790931,2.696530712672792,1.9756847192174162e-10
4.718886741258191,2.127296020869755,2.0373724989051674,1.6140344672551693e-10
2.8012771496846165,4.252354699698789,1.9666705135724167,2.0554577351625274e-10
3.9099681709200302,1.0134818465160405,4.119666478715869,1.5583007617503055e-11
3.964129054430299,1.125536456140134,4.755986245984188,1.3164742640479927e-11
2.1888462555355215,1.1863750685052628,1.5532578904407752,7.183503946009313e-11
1.6285676055146152,2.016510838355541,1.9725209230206744,5.633124081337847e-11
4.8992392116741765,1.6963985529915933,4.541498898293719,2.6893313484086338e-11
3.3946833928599442,2.285364359411403,1.2294991067947927,3.425188625799129e-10
3.1890578736164903,1.0990902099422586,2.359854733014143,4.200600726257487e-11
3.7953745493357647,1.186230465566588,2.4852388996726025,4.864896796615137e-11
1.2228091210704894,1.3543639761812831,4.051809073981101,6.732592363932991e-12
4.653913021123056,1.8098364598256453,2.0220591259090464,1.3748524655068574e-10
2.9889468578313534,4.946615161767488,4.683724644771198,4.498107289080484e-11
3.895802289439885,3.516127001091166,4.507717643792706,4.499189180120817e-11
3.216246496073554,3.197587838735923,1.2876862383170247,4.1394048407677313e-10
1.141499126047473,1.3009347484404827,3.8433918972532286,6.7094660426318756e-12
4.050501332544021,1.6731309272475214,4.349443273697613,2.3908788303630654e-11
4.535852225196599,1.640646607478522,1.3916297863620164,2.5645591052648303e-10
1.9641536623655869,1.5922847644215028,3.1723851111399393,2.074008811411511e-11
2.364667888331366,1.4076234901919267,1.1088404029938097,1.8067779332213895e-10
2.787030777853452,4.670042830118554,2.734484951599338,1.1617100735140941e-10
4.63920917264093,2.4844896391997615,2.324785620468588,1.4233166353748038e-10
3.538232479704051,1.1335738603603551,3.9956928466647574,1.6766337250530544e-11
4.885407662650296,4.0601427949067865,4.535384086088941,6.435764973534356e-11
1.1352837118614034,1.3583659787033895,3.0957171959233114,1.0739519377881475e-11
1.0290446493729508,3.6174727456260234,1.5542175815352786,1.0284946905084255e-10
3.054342924528587,2.662461752441757,2.676047752745699,7.578786235767901e-11
3.2239769056275565,1.9270205986356665,3.8305348682818625,2.825827463294001e-11
4.699565145804582,4.83801357385899,4.545979234685026,7.342704720322186e-11
3.8809275609811094,1.8475942490205952,4.50538336392665,2.357571313400381e-11
2.0747511852822758,2.5011794217036267,3.6720808375696077,2.5684588023301466e-11
1.506022839407752,2.478338240209886,3.792582346744483,1.7318421286441293e-11
1.4072367149823264,2.906388277333451,2.2667364783754165,5.312573179442022e-11
1.5923414702215668,2.0008261099527176,3.1014592744042897,2.2105461628970598e-11
1.7237230704786226,4.671773032187037,4.884640707858368,2.2525279214464007e-11
1.9779145328666652,2.469308250759318,4.625650351138685,1.52343324199769e-11
4.543731803128252,4.603226057349632,3.334092924858863,1.2557575395716653e-10
3.2641011056387024,2.402685866371885,3.450937999414939,4.395137690715795e-11
1.0240593367144712,2.084637881599574,2.378901472620342,2.517613385563162e-11
3.2275113851813906,3.689227845075561,4.38122878609976,4.139973852784753e-11
4.153142590882858,4.002014534536605,2.384829279014637,1.9504153940741894e-10
3.9867005062701533,3.0199031918106014,1.8371179521556007,2.380777187967316e-10
1.378154630532944,4.169303553019944,2.4848680318414145,6.210706540327773e-11
1.4795405686683387,2.52801369434653,3.3856007915563233,2.1778151132433513e-11
1.9770628770446264,1.212220209155341,2.3465916193413014,2.9047795149540935e-11
3.966345020678403,4.444544534537397,2.715757444787868,1.5952251812460724e-10
3.180898670920599,4.0964305942710215,1.1807736429975755,6.23746809651431e-10
4.137140224195923,2.7976526303185474,1.6081581323342946,2.986914081832295e-10
4.864215247686677,1.0697664706797956,1.9343903721448137,9.281105833741119e-11
3.696224498947373,4.13211798348409,1.4306562049285128,4.980198937935166e-10
2.954010280309953,1.1986445622618667,2.1526150592201585,5.09983207238317e-11
3.870615135996059,2.8316965802861436,1.7414535585209117,2.41206560055756e-10
2.463060263666125,1.7820142038768942,4.342618950835069,1.553348688173774e-11
2.4604100469423673,4.7495744258852834,2.5878150508001156,1.1646137753354177e-10
4.758424075151492,1.8872633734610567,4.524607519284405,2.927655908760241e-11
2.2966112931420612,2.082020639972532,2.1876354687777755,6.668203063442198e-11
4.1449195136766654,2.6243852309991893,2.511937337329417,1.1505679879565876e-10
4.376644107907061,4.055288719536539,2.809456610344248,1.500736883968644e-10
3.745222166489537,3.316684627693912,2.474652370533548,1.3537534181802971e-10
2.1326657158268842,1.3624989637421412,2.2202917431494384,3.9339160029500676e-11
4.742126968737927,2.2598727049726404,1.858497947375235,2.0707095448560613e-10
3.220924491628768,1.6479881409400448,2.1831064524234485,7.433117563099593e-11
2.180190985409296,2.280865655226768,4.370016754590866,1.7378578243527994e-11
