k,x,target
1.0443869951295524,1.7644956281391146,1.6258206409299778
1.0070791638002756,1.2341906587238891,0.7670048762803975
1.6202204795855506,2.7472420695519384,6.114176597946095
2.2670445942833557,3.8811865901172364,17.074937070602992
3.6073795679297174,4.29764689820391,33.313733407935366
4.341001045021759,2.790037435753905,16.89584651944339
2.942284810500945,1.4689314707946952,3.17437174483144
1.8070138786825125,1.6964153773127686,2.6001349773189117
1.9039043522618524,4.4109904020756385,18.521977682304538
3.567244049359687,3.104390717917594,17.18919660588723
4.699937469846475,2.953669141157756,20.501506517679132
4.653051444448443,2.5211056189384866,14.787335934874816
1.148764240721702,1.3210356345703484,1.0023744265123011
2.261181267778547,4.19696951540511,19.914848769974068
2.2298099264005375,4.820625628369852,25.908642559363617
3.8658417192919856,1.6832129989503368,5.476362976756
1.1771962671047858,2.3696739944601113,3.3051873780704852
4.9636364482293125,4.148996907369478,42.7224540653688
1.8835081237441265,1.8277746609496237,3.14617449864713
3.56626984547274,1.5882489808920779,4.498019940819542
2.357087797695474,3.7692062636506702,16.743474005822414
4.730896126705144,4.364621941679511,45.06160747393842
2.389770847188474,2.3390953093077713,6.537656515350494
4.614133449000514,2.942465143069852,19.974816987114043
2.2881795062677432,1.8758148573753242,4.025687310428483
1.8435896708022392,3.168024093827051,9.251480170469879
2.693419023949472,1.8071626496694946,4.3981335401643795
1.2845676009092815,2.670164830320532,4.579342336802025
2.323301845268063,4.45543415189519,23.059808728328825
4.7777574581895905,1.5543280392956071,5.7713772940824715
2.4901039590938185,4.369689724576055,23.77325692714249
1.6301310914835176,1.128328779759706,1.0376810036929547
4.309616512475713,2.763552604755749,16.456751173518466
1.54488689861568,1.8019232121883544,2.5080676943923255
1.0002351945926091,3.7308276038669823,6.961174150429096
1.935161179430898,4.3142523416413265,18.00935813426988
2.0070079211356155,3.746219041112937,14.083332237091959
1.9248845404551296,1.5825065210423852,2.410270056577447
4.15432165081473,4.066714757501394,34.35243660226642
1.8619031316940489,1.2488834792992218,1.4520144154406722
2.8308345671336568,2.3663057541374783,7.925491673544187
2.7263943407523983,2.421435554790701,7.992902327958277
2.9462084356935385,3.1501677737996334,14.618433677288447
3.0592902935987953,4.678907667230579,33.48726223739585
1.0678586111570136,3.2684092913082647,5.7036994306946465
2.119194158847431,2.269701047775847,5.4585597544388875
4.421382045206911,4.99123899328203,55.07376645819969
3.273470741589672,1.3027052710404803,2.777607068355819
1.7481606331563078,1.4083102325757317,1.7335964544674305
3.0632117817918494,3.4545419309193908,18.277970204345745
2.5375894815886664,4.200821049325389,22.39029072468876
4.294232690690729,2.4280116956187694,12.657767868676299
4.469883330425902,1.724407000651079,6.645776728076963
4.196262684935349,4.981517033459374,52.0662034114238
2.083476637496153,4.603756275770264,22.079197642160416
1.5750017221257493,2.5776893183948597,5.232535471273441
1.0748782008174325,4.224376133828292,9.590790849783346
2.3148212402609145,2.7237444786066654,8.586579372392169
2.4081091906890597,1.7994677018350806,3.8988299322890825
1.2732787394843261,3.1898401826646294,6.477856767165104
2.6536058784525096,2.006099617664529,5.339633083635533
2.5287072317896615,3.3907366707740776,14.536393851149226
3.705607273412803,4.811367395068607,42.89102609354633
2.2287785458173572,4.463262001201075,22.199422960007038
4.270486724480993,2.614325685086695,14.593745219358173
1.2711448631358593,4.933147628145326,15.467256069334846
1.6913979521101612,2.9986289476620582,7.604335388877671
1.982494408893504,3.1199885430035934,9.649125921190862
3.083425025472907,3.9293797778068527,23.80408041509979
4.31593147207075,4.536248565470441,44.40565009252584
2.1058574270044765,3.175300113059116,10.616186192506998
4.558762153723828,3.957118267849198,35.69233818315851
2.135941596123368,4.794411762746493,24.548787026041662
4.91308603523847,1.6353790888300108,6.569937742321136
1.1211559616784226,3.7893332390458565,8.049365235747691
1.265238406816477,4.039956917066554,10.325137370386559
4.420571304909483,1.1755840737531589,3.054610162057894
3.4574994499791414,4.530604535660245,35.48496938649212
4.269661636896832,2.8230745313244476,17.014067508457728
3.838002541535867,3.454566224357137,22.9014145106421
3.9881825867667184,4.971254493802073,49.280718424116635
4.103677620319577,3.099824792075667,19.71594213842478
3.814765995549108,3.3708054891562718,21.672314381367645
1.4656154491017208,2.2712810979180973,3.780348271495175
2.3355073820741765,1.1569849442246625,1.563171627572078
3.738049613054599,3.7404213134520905,26.14906180633629
2.787201314019205,1.3164888850874763,2.4153092019728195
1.5228851231809228,1.339740263658077,1.3667162798221817
3.557373919067662,4.740276417687614,39.96748820981051
1.7050792601678628,4.242753502725456,15.346529464816028
3.990048650556238,4.5663718213685165,41.59975168857911
2.508753850073211,3.6365714692644002,16.588698374497515
3.815277240749082,1.87504768716073,6.706883166102982
4.7445551194115625,4.271166183232879,43.277128742697876
4.965812962737173,4.3235558984495785,46.413307555767254
3.2310618817098518,2.2886980927424747,8.462375561930209
3.3767066558558825,1.8827115146400257,5.984541675849306
2.811390482682063,4.931404641285437,34.18475359077784
3.3981679447208744,4.038437753960418,27.71032566145357
2.0878643960552044,3.2433147043028825,10.98121702800956
4.844108977354683,3.749732769620206,34.05528707093237
1.1738032404873904,4.837784242534575,13.73593729828347
3.9063917083035364,3.164414204094613,19.55836038809114
1.8042006384455207,3.212427060452939,9.309393495135781
1.9816239146343615,3.930258114991501,15.30500180886008
1.7325853581314776,3.610951991898036,11.295567968040958
4.651478426557867,1.623454569822564,6.12972929516784
3.547675749282445,3.2817651090353968,19.104202390351652
4.54647909350005,2.4380828977958893,13.512700121502483
4.494113056393221,4.091708892197343,37.62040388630353
1.099602699908787,3.806953797977591,7.968214456271093
3.7372321818609224,2.633747490051047,12.961890663911014
4.473672517599256,3.1391138434298336,22.041864398505055
1.7804205874932704,2.9460889269440815,7.726526801210684
2.6254806407718516,4.48849949217357,26.447290490097515
1.618891292132358,3.9652021712182757,12.726774877797677
1.5858924663161442,2.1770653921354772,3.758258847193991
2.6371789648741237,2.1685327423487304,6.2007122089663405
1.7153911899089307,2.3533163763042304,4.750002230706461
4.206079216913597,4.245174065128828,37.89993428325562
3.5291824767456035,1.0543577100760522,1.961643460994371
4.2864846919359545,4.474571709441294,42.91155241998284
1.9907130594473617,2.1930028162016693,4.78692968973
2.577453047394473,2.242664880606116,6.481709031700656
4.7853719406493855,2.8568696276838836,19.52839482123236
3.7851682654963588,3.768392500087172,26.876174751513698
2.151845393322557,4.29721113909718,19.868013880328252
4.5810318956339025,4.332201252742999,42.988329311834214
1.6993092611585592,3.0237114771497313,7.768248778210227
4.8885108843825,3.3135994869583225,26.837781912899672
3.9761668734970086,1.4357037443288774,4.097927523662977
3.991486341808195,1.8392003782624826,6.750916665672163
1.9698095410947896,2.024691177501061,4.037493367610143
3.2282169096185167,2.425939564480272,9.499323267979147
3.200402440202601,3.17658476333821,16.14713566369261
3.9374232402661606,3.8926745100374474,29.83171952655129
2.2423350363502204,4.841963994172735,26.285341173864584
1.6073174248871234,4.2908410140338145,14.796414999346787
2.703668924229731,2.2476046073720353,6.829097936783861
3.7626513771948655,3.4765430281878267,22.73836342073293
1.2333722469474147,4.867737180273646,14.612294601089173
1.3048622805621255,1.9837509958141801,2.5674913972900777
3.6247620881659723,3.028616083892642,16.62409300782015
3.9174936571143846,2.4426900804461193,11.687322923360698
4.848879119855567,3.1979608853154358,24.794631428478475
2.0106626443236943,1.0646183481046707,1.139454812846077
4.365815740664141,1.3183987913164055,3.794276701618059
3.7913595186365354,2.3888815413053424,10.818179979748711
4.617823584246939,3.098094044635539,22.16136647635072
3.2854946917144345,4.830620302095605,38.333332725196684
3.9199597057716997,2.90185016388883,16.50446971888014
3.209067966588984,2.5860842215207867,10.730853078032435
1.6101765215623796,3.050112133890786,7.489884249882762
1.392035733643262,2.917847833439127,5.9257819566461984
2.1864453557499384,1.7062372446770926,3.1826396398590164
1.1231417965078307,4.941930756546229,13.715066122142147
1.009619483132608,1.1678263489093865,0.688468804560495
1.4166194383331003,1.1342961245561032,0.9113309035719018
4.491727312630472,2.462722853126238,13.6211717250696
1.0803031157843006,2.614221820811646,3.691479863577013
4.859596647567178,3.26716327492339,25.936531988266278
1.2139825388176115,1.6933052858975461,1.7404156212139936
4.819406968911956,4.597527780784125,50.934533158496485
3.9405050136215896,2.268213047776957,10.136536241931807
1.2249638626416472,3.372982605453028,6.968214072148217
4.792121365023659,4.354973045412118,45.44318427392333
2.3153711492470594,4.864677728409126,27.39673262203778
2.391808272641318,3.4601297502192323,14.31795974677076
1.1926293405733173,2.819702106466953,4.741130956983501
3.3826231555440898,2.425298073160073,9.948414350049994
4.979414529095838,1.35515684837444,4.572223114357926
2.465144545841628,4.4180294608654815,24.05855886480327
1.6099487516997297,1.5082007358695155,1.8310506285685226
4.839798391118025,1.8732598415997992,8.49167415753498
4.492191695413398,2.560253212929409,14.72292584295085
3.145027174028699,2.3826824663638706,8.92743597996995
2.4891626191280456,2.1379004530935233,5.688506168246645
3.410260305077872,4.813847330352587,39.51319607570195
2.3431074640947487,4.767623176409246,26.629686668078428
2.6705169867330656,1.3716017099334938,2.5120101209832866
3.1397892845989754,3.6121083392651316,20.48292821137011
1.2426641200615718,1.8034018560495637,2.020732320960351
1.9721626683330173,1.361452211154352,1.8277531506485012
1.7854637493843426,1.5255397709956275,2.0776295320379825
3.981268148866883,1.4190116898964926,4.008329178951539
2.397849214483061,3.4935241865334166,14.63252863218402
4.278376762034913,4.429556879776246,41.9729599284333
2.036048146765519,3.45856253936444,12.177252583286881
2.2979996447628004,1.759876753103697,3.558643397731596
4.248108538836342,3.4225767830755207,24.881239333457238
2.113459803928731,2.8563179057787695,8.621385832805027
3.5253160838977387,4.330492837450087,33.05542276655367
1.2608459397547755,2.1308005581503178,2.86231635652148
2.9898164985925786,4.014448695937876,24.091639870976536
1.8674500173306865,3.829689677424496,13.694499338955685
2.030830454504228,3.2290836522397024,10.58771551842441
1.393097357900377,3.873795242392751,10.45261118288233
3.1029993974562657,4.421992275150434,30.338049438757096
1.027341841559399,3.535370027821239,6.4202912851511895
4.44955686109382,1.4986154814586512,4.996514992427158
1.5060299014843772,1.307985448559874,1.2882775061516778
3.9823706447523812,3.112645110094459,19.291717633440825
3.883329506365258,3.357799419308785,21.891914651587143
3.5215831679838314,4.964913330936987,43.40415414918087
1.7054325962036936,2.131902069532273,3.8756010613143523
2.192984839685214,1.5027693537520386,2.4762260801882534
3.8958517598063263,2.43129987888679,11.514616668761748
2.7790331923350253,3.576943612934611,17.77820567534327
1.5236631317564941,1.8684227266369802,2.6595566517790363
1.5729195094491755,4.479991569775468,15.784502456190689
2.016435909209928,4.94619273766803,24.66587339969014
1.2173877068324908,3.3229547129509625,6.7212145876553455
4.768390741979863,2.048266117956333,10.00263916878
4.976865266618457,4.961227803041432,61.249736650076585
1.2417615332655663,1.2742801510929698,1.0081799201167296
4.634136890716357,4.663170342725782,50.38501861921116
3.907656290830098,4.392019579895802,37.68902447806967
1.0996280032253138,1.1801172516262772,0.7657131645468558
1.6585168470635914,3.1451890723637197,8.203202036416416
2.766096672036865,1.4494945216390893,2.9058320869419276
3.698618814042347,1.2136164719729354,2.7237829907444198
4.295654632202458,3.3019732015367897,23.417819269622118
1.3140261114346496,2.9302837985774293,5.641484086856076
3.37880664291072,4.324075855684217,31.587841613798542
2.016999214156385,2.5325027067569197,6.468082784357337
1.3808233066555586,4.729991824825166,15.446457484310905
4.193205457085453,4.772664384045467,47.757099023282386
1.3227983629977134,3.3834582486819196,7.571558751158485
3.4483839622778185,4.802095979819095,39.76008398737084
4.451305172014374,2.0541783153920785,9.391471710525067
1.4418644912411227,3.185320330078028,7.3147700474255535
3.0236874593926317,1.7912919420485247,4.85109352561688
2.490719207232126,1.0809455056007309,1.4551319430625105
1.4289949887367244,3.2951527225501382,7.758036275465028
1.0089465264479234,4.243168850356098,9.082779733032941
4.890952693117838,2.7627245977990604,18.665458197260058
1.9445888429599374,4.45701783705994,19.314636460929005
4.099219227053117,2.023366833712913,8.391129107295814
3.193576737595444,2.0126753359188907,6.468369337685526
1.7304055190601635,1.9129136838614946,3.16598347457926
3.022209126881694,4.573108922724515,31.602221175308454
1.1284295033572058,4.326195786916951,10.559826358491556
3.0329541939234415,3.2253584802067174,15.775816195766671
2.0765391576450067,1.8948658245427397,3.7279240469631656
4.31939384243081,4.291813447925184,39.78088876209434
2.271314177157553,1.4040188563268106,2.238685555337646
4.693714947954779,1.2473857471844076,3.6516426453615933
4.627996024156637,3.419688951703359,27.06052337879637
4.023974512043618,1.214836765692144,2.9693478670375004
3.154745847463776,1.6605680230255118,4.3495840049216685
2.7110586362867153,2.5388317705557113,8.737290267054703
1.076153698546383,4.826679436247883,12.53548724139021
2.8231830475779214,2.9487635820714284,12.274080023014534
3.0429983951966593,3.922828552519785,23.413717983699303
4.510206091679869,4.576583411404634,47.233394259123955
2.1899370990097964,2.7895766863059137,8.520758467700078
1.8998088279404146,2.008280180400089,3.8311443022874605
3.000465301759871,2.683046238465746,10.79978046914265
4.841574275331652,2.4913118717148426,15.024941794058778
3.662976167701581,1.0155038586753853,1.8887185828062125
2.4933024652691063,4.077799273478584,20.7298738431118
3.555127993412969,4.3252160634282735,33.25376779471552
4.778318188227453,3.9308777486829323,36.916808191998044
4.340591125304256,3.9653124283370467,34.125082099141395
3.3774066323488223,3.3926804271648976,19.437448818139035
4.35728033985832,4.230878804052934,38.9983898765647
1.5419307948037444,2.641840562180226,5.380815417002139
1.6117734913132602,2.2931917019000614,4.237939340613445
2.1804472185082227,2.945360054705917,9.457848821417636
1.3302029398608792,4.879134462434007,15.833374401575302
4.666074255656637,3.347130065766118,26.137667440248233
2.9546986877486616,2.3544316443813913,8.189462074426876
2.6955944917025527,4.374764373928459,25.79490294221141
3.87322704153257,1.8365049344527469,6.531713976979451
2.0790234422040825,3.3006505633062955,11.3247464527591
3.251908580662024,1.5920395048785858,4.121127135302833
3.074497658565305,2.6812689222353567,11.051593946485129
1.6376478278312754,2.593381090031433,5.507102977535287
4.5598523515203855,2.0838915271999263,9.900816296037771
1.9224704604445098,3.9881540457627462,15.288804582070703
1.8625721997987426,2.222668292027331,4.600790193441725
4.902668241924344,3.921765588887277,37.70212017644558
2.673937560991555,1.2036203017773786,1.9368691200944175
4.648140294378169,1.3123327247423568,4.00255353601282
4.367720256203233,3.7036119555059774,29.955444886379897
4.542478099369667,2.399825645533126,13.080436191995602
1.8430109609408407,1.957377025757574,3.5305868199802783
2.056977022589373,1.241316966446957,1.5847648412317543
3.6012771718900543,1.2210209931341631,2.6845581410602177
1.2073553833539434,1.5573687554486413,1.4641583282486728
3.207613454986969,3.7390192868496324,22.421643423901127
2.287821323486063,4.00794640316149,18.375362622888453
2.4579741337909318,1.3082594774080074,2.1034640396573296
4.627821893217881,3.58228466037034,29.693871678561266
3.516684461964017,3.9738119121783995,27.76630062872563
4.32544975202946,4.421039792058048,42.271739857926505
2.581258403335355,2.0294262351268095,5.31554780017244
1.117711215581473,1.8638375033442496,1.9414030408434122
3.157896197144419,1.1974198692481406,2.2639184310120974
1.8553471523803542,4.392772013629647,17.900803034931933
3.4487346026445502,4.413485271023848,33.58869586570989
2.8286141146012023,1.9445245482759002,5.347743504059825
2.4173685651398293,4.435480961789919,23.779039793008852
1.2472892371459992,1.6928645976924663,1.7872348520454124
4.677453373414853,3.8482203272901425,34.63373502695459
2.277532727359599,2.2896264207389816,5.969856425406635
2.293185658814296,3.3199145133725323,12.637553969365616
1.4850898328530198,2.570212393017318,4.905245588368457
2.2329887930568084,3.3261505522352395,12.352087331673285
1.57790114616173,2.942580769074562,6.831350691717063
1.498290857636475,3.0348190534411916,6.899724306500065
1.0411070626985794,1.1183161907180645,0.651020436781112
2.081840386354344,4.491331681600254,20.997504877345786
3.2377702634426595,4.1740217781657005,28.2049578979117
4.000199547158639,1.0279278347488505,2.1133766912221064
4.571100473800266,4.413222564100119,44.51459552700886
1.9046348601321257,1.6093353307931295,2.466464248245547
1.4611683083606,2.0621860634707185,3.1068904737755396
4.549308217597431,1.4323775050382732,4.666919929220987
2.540167586291411,4.743102196267637,28.573098520127818
4.636927587055355,1.3366465270265309,4.142222913394552
4.401792998423751,1.5923243520560502,5.5803661236522855
1.6161461639800931,2.2369984027685317,4.043728492129886
1.9761760186870019,2.341292385727056,5.416352671458849
1.5551407742434136,3.3911746762658708,8.942110526569243
4.538650750469744,2.083646246438347,9.852461475751955
2.1076657761778117,3.1445333356521865,10.420394335975274
1.2657309790334654,4.3711617168489525,12.092195560648555
1.4782523812906074,3.1140494060123256,7.167531145592344
2.715111179882166,4.502303251801269,27.51864902931775
4.637044159573314,4.642744258558128,49.97591558093402
3.2448156991673454,3.4130595779672834,18.899389587309756
3.1897284167810422,2.282817576565915,8.311245815314273
4.648771449267949,1.9570654734167419,8.902642007017809
4.03367277753674,4.028224539855354,32.72638311416849
3.3691917520372954,1.4367685330754,3.477517698038545
1.7898075095899824,1.1493741935432924,1.1822224821307337
3.9295084075462645,2.1858197349821897,9.387218183532983
3.0190068318803402,1.2514817379750212,2.364194122929913
4.471468974443501,3.368907407694552,25.37455155680758
2.9509780471537077,2.3131938710909883,7.895143880322516
3.3125152317147077,1.4581563376451374,3.5215679106680633
4.64649660292236,1.2791996149988445,3.801651203102589
3.3700152308448903,4.57653531182304,35.291937653263616
2.696065689964691,1.3051218353096923,2.296162317013812
2.113280206454406,1.3758009978445536,2.000038380825802
2.870057681319535,4.80596972721316,33.14535624477542
1.7892195643546396,2.8594471008605553,7.31472117001935
2.180849662925945,1.2712164550395522,1.7621170143017735
2.2529688458800377,1.1775752681703975,1.5620773760484716
4.540354140172007,4.145473398640485,39.01287875687862
1.6236177283959456,1.2712276663890223,1.3118991819551156
1.591352384344142,4.860612119564109,18.798287802688996
4.1799712350109175,3.806073475560698,30.275939832231536
1.8149447856775804,2.5251593946206112,5.786434161048388
1.1171564209966371,1.957667201409231,2.140729135392466
4.8047921608695106,3.882777708742261,36.218433784559565
1.683705958779138,4.793617878082807,19.344747974885763
3.4816646041499997,4.555731784353265,36.13043841157515
4.371330890696644,2.380833770887992,12.389159226532088
2.3546453458033483,3.832673120961181,17.29414395368457
4.407718705400078,1.1844948479240527,3.092076478541744
2.233052193081017,4.304977257817677,20.69238743372825
1.3314403653981959,3.5249570907911516,8.271787959415407
1.5426643677621272,4.0294878570214205,12.523945106668272
4.7052745794570505,4.507622838853104,47.80244579773366
3.8118136956893065,1.7956234669220161,6.145146141128741
3.1055758668069084,4.696117704158267,34.24444206075792
1.0841111234116556,2.787722803531687,4.212529740850569
3.398574146579129,2.885166583933984,14.145182034287027
1.8330166202163563,2.0344748492593703,3.7935084678627913
4.192880282604484,3.060882740488166,19.641554289782057
2.5231376571709814,1.4425098621645556,2.6251161980397986
1.7395471171043715,1.2201993219630878,1.2949940096389632
3.1695627192763767,4.006284961992383,25.436246679151438
4.005177064185962,4.525334490626075,41.01031415267534
2.444159937072718,4.3688690141284425,23.32586047808139
1.9604319590728707,2.7404373323436575,7.361418842674322
1.1773947661302269,3.3341851729546903,6.544425632939627
4.02798413555246,4.443124681357892,39.7589362723999
4.266178488067938,2.158119470096205,9.934819739767203
4.763212983363238,1.039516506078776,2.573551034238479
2.146437846660197,2.338815274245601,5.870568562868319
3.8074298627773797,2.4494544685128483,11.421960613670535
1.3750863300242049,1.818104963251575,2.272677821654214
3.017749150254416,3.876092956187526,22.66947738154939
2.8728037011824656,3.8412105912014036,21.193963950164207
2.2897220607030366,1.5768618206590457,2.8466891685765656
4.682566676373131,1.9773730871026345,9.154427979759536
4.349536890178269,3.0616340496817234,20.385416139001162
4.952529857369452,4.940170134030455,60.43394129902351
1.4809636752389501,1.3882859475872338,1.4271586893707537
2.0042513153855444,3.003663887263021,9.041174424438804
4.315954498683947,2.71100240876555,15.86012729546172
1.385422227408299,3.409135294169613,8.050829498283951
2.354341451319881,2.968173787940082,10.370939585445422
1.1621288119752173,1.3468460099999446,1.054047447559595
1.6436049445269822,3.552166154005536,10.36940858287233
4.488354282890127,3.2890221499759162,24.276760338716244
1.0752671291391946,1.2125866880494143,0.7905183697341449
4.907139521475487,4.46247941385261,48.85970739648377
1.4869791301070827,4.231349296900811,13.31167276402881
1.6698779407984996,3.951909312425825,13.039732188275364
4.231122953499392,4.761192392557278,47.95756368281816
3.990215269471869,3.7372060421167648,27.86508776049716
4.5129967577310595,1.7647786398951286,7.027737042396667
4.730417704815407,3.3377586153403493,26.349922786105665
1.8568405738530336,2.137613740825105,4.242316700538829
4.1801846246493675,4.6132264209515315,44.481047820704006
2.291996511334215,1.3001443386241007,1.9371671466624816
1.645229482561978,1.3189407856353048,1.4310245492028053
2.0372271350306588,1.5799484141506133,2.5427008671502973
1.0361866838746838,1.3516320713129484,0.9465095219618186
2.2302316423251547,3.1819599732570416,11.290401911752056
3.950280536832252,2.192748672069752,9.496764240383294
2.9297916186991295,4.4726633152358115,29.304826293093633
4.505448326336158,4.616355905726508,48.00722309678369
3.8342443892048754,3.1097526552332844,18.539648233019513
4.756159670366955,3.5276290268889525,29.59322154142896
2.0184830865450736,4.257636011046492,18.294990149257515
2.3364364817216536,3.5195038192435093,14.470610861401983
3.233249970919672,4.042871821684146,26.423432377771235
1.0749416597036014,4.817149391368188,12.47197204788665
1.6418261003255639,2.6515877728985613,5.771772108822189
2.8999418387903457,2.616054498572484,9.923225632145313
3.6105111877175418,4.982249244933038,44.81151216440199
3.1059048774067572,2.001847204569918,6.223289537109595
3.1946095931520353,4.717526996801001,35.548115628358765
1.3449718341984918,3.3357655483258757,7.482973925950737
4.747625322914953,1.5931966673390199,6.025390806971732
3.780472452799414,1.6943351664277295,5.426436582258782
1.6310914926894506,2.8791039648302243,6.760254129079657
1.4894543858962366,4.398362709355327,14.40719030506168
4.1149751621166,3.5948867342300197,26.589345382623264
4.361675537022423,2.0598150079844526,9.252941066280467
1.7563059706836173,1.4702554118969453,1.8982602580278278
1.334241824306623,3.9066054572082978,10.18130996309114
2.5102493215239727,4.076416063458785,20.85661725145841
4.033955918342617,1.2934106466777187,3.3742248182475243
4.792817541477861,4.2137666184900855,42.550224623170585
1.546046957262282,2.3969439347425436,4.441282887653132
1.5728668053974837,3.558368875680346,9.957811137780796
2.402435110265237,2.123594507700467,5.417075111690063
2.6978178871762415,1.4393522797750484,2.79458185040698
2.377422066677179,3.481125943136161,14.405083015490538
2.3987746770070406,2.3909458252147173,6.856443972781998
1.286913506211072,1.6065323253766728,1.6607272054768518
2.276666838226877,4.897571544966656,27.304301069205717
1.7714021742630521,4.795454968982572,20.36792617014303
2.073689368431362,4.2727908582047665,18.929405601363648
3.004541645831007,3.640608484488549,19.911142761353638
4.761690598313168,1.08908390006936,2.8239295170011025
4.685657814334937,1.1619891871035413,3.163331801854253
3.8387715528186317,4.617547385305878,40.924651884576086
2.635796582487455,3.094640013394608,12.621244154786055
1.9137120066088111,4.591685649367125,20.173947321757943
3.624373195962116,4.33803379290749,34.10270088643993
3.301725702899675,3.85024776444075,24.473064210312906
4.930885247389941,2.2915180197355007,12.9461744090077
1.9685000677700035,4.264798303318086,17.902036237356572
4.171169661196124,4.826429492094635,48.58249241444594
2.0469959069840398,1.6099703401687946,2.652911297326584
3.139928173210927,1.991100255906738,6.2240915817002485
1.0927909987254933,2.8200953428802915,4.345449389451865
3.0786852536795766,2.3082374751824726,8.201556314366945
1.0064077552819195,3.0729576754178987,4.751788874685254
1.8689213357505423,4.818651004166548,21.697613695469613
2.3004144701241844,4.672219159486843,25.108600520534253
4.117712286485263,3.073056286568977,19.443168165872493
4.879554573270774,2.697740566557389,17.756221297004032
1.7418395511640261,2.692577565265826,6.314145681131191
2.1789793497465983,3.8369311136171316,16.039510976883648
2.0738401900170937,1.7330593799307046,3.114384128269861
4.276163552503557,1.1847009741593326,3.0008328336065175
3.4912135272331795,2.122778268737721,7.866031514674822
2.9392443189771593,4.527203442807805,30.120745331445892
4.759447468814841,1.938490039228538,8.942391709336746
4.656942900763056,3.2686419461221092,24.877435945683427
4.325977279397191,2.3393041204116605,11.836617402222675
4.043000348566114,1.4557562651882856,4.284016342143282
1.6770318541057772,2.3430809219668634,4.603476091442756
3.2347530044443475,2.0406473034301795,6.735146217431096
3.3935896336009264,1.8535933296616345,5.829861599181091
1.0843343943366417,4.011912138306792,8.726419052802012
1.1886955345292316,1.058780102317038,0.6662729436333455
1.7436263873200972,1.3031373877994552,1.4804844405197337
2.3633570762351046,4.072555071121005,19.598971410355368
2.4185103184997656,3.349001230802307,13.562775193367184
2.0568516701629043,3.079757319767956,9.75452149818345
4.343143285400556,2.321037323190476,11.698721710705483
3.0704883969230448,4.549557803466467,31.77721551391745
3.852766964103127,2.7973936747505728,15.074743206382557
2.369511387200097,3.584302294360795,15.220820521986468
2.052173699474206,2.504277824365033,6.435008684654065
4.702115241168796,1.7890220370008247,7.524794665137855
1.0445441422515827,4.06044731556841,8.610821013989435
2.6610403872774318,2.69357470525872,9.653382625592657
2.1868942411956502,3.8964695719415157,16.60123370905163
1.1992145173346889,4.843658367492125,14.067401713819557
3.5154293841584865,1.530513598918597,4.117397233062113
3.157516741005572,2.6856213717616653,11.386892870972565
1.2550446272598275,2.5116279188084274,3.958583199101903
1.1476544805604654,1.0323286296363663,0.6115290669034948
1.7307755615353573,2.4960713058023405,5.391687766980066
2.6246455512330926,4.2057723795310515,23.213049380026405
1.297957541855138,1.6426019189705228,1.7510362716373817
3.171185893076206,1.8707357931962267,5.549024173373497
1.144823755799747,1.5690510996564804,1.409233025103261
3.7546906036841037,4.288957734367263,34.53406428746997
4.171132867013457,4.192970115656982,36.66634011137269
1.749240427885741,1.2064745115824818,1.2730803444381402
3.9009890359988857,1.1904712448270578,2.7642833219639313
1.6021836281318573,2.2355122413292485,4.003468342057427
1.388574980993027,4.794550522774258,15.960082762029078
4.1599046613425,1.387090102980002,4.001867707180922
2.606181013436884,2.4461507304814116,7.797241936127059
4.6731125582135515,4.709010384321312,51.812618642116554
3.968495311938403,3.1242845393050445,19.368546710985722
2.9728412613344024,1.1160384728297,1.8513991361433666
3.3072983113006655,1.0376163983121711,1.7803977089428973
3.0129424521977026,3.26871044939662,16.09584361117883
2.2768788808084075,1.7938071289686612,3.663206696869333
3.609905700510991,3.8398884425039026,26.613566356952397
2.8083115503382605,4.717482354758415,31.248980953783338
4.7031837215828505,4.385771234330278,45.232844327037284
1.8622033007687886,3.376560433177942,10.61563922647154
1.3878292335038331,3.526784965818168,8.631057248456441
4.747386990635263,3.5949717198077407,30.677191423745377
2.4686895147957215,1.3465269829996882,2.2380335779532556
4.792629162439672,1.9664124257917015,9.266016092312041
2.811202324406749,1.1973178587195923,2.0150277351393022
2.027631269227649,3.283144775505294,10.927958889763119
1.5601318315522152,1.6593713071491685,2.1479217452474684
2.2352729778385374,3.047014595533153,10.376470157768367
1.1494331027785938,2.792306785408092,4.481051838355299
4.306704322057046,3.428630488031705,25.313746452954707
2.7588240129185633,2.624083052814788,9.498371565035265
2.1908369447531317,4.051906110546697,17.984518181590182
2.4369571674004598,2.3557203029310783,6.7618471624618435
1.5601618772946773,4.736164688122515,17.49819519886948
4.9918642872947245,3.1309316535275697,24.46695643786741
2.090435696272716,4.133647777174514,17.85968330397754
1.7751507270781812,3.4605803852698984,10.629262259936835
2.132088940550934,1.2511860593756876,1.6688569645466247
3.3996745141380083,1.7646076407032285,5.2930214580992665
3.739095295075146,2.826408559059261,14.935040934641757
1.8828273601027852,2.294165535810103,4.954844249849911
1.8599755147561123,2.767543564354167,7.123052794074108
2.8004071799971926,2.8496155224437056,11.370085289674677
3.787410686792999,3.5935250079219387,24.45421620990839
4.5326706093984175,2.473992493416506,13.871419930023517
2.502770312339748,4.743640489172284,28.158825320547734
2.7961074996135364,1.7764095525026828,4.411741610266461
1.232441541603384,4.268055331529225,11.225260155145826
2.748598441895181,4.113152804127202,23.250429938164782
3.4420711231898964,4.4958312728955665,34.7864292826055
1.8237240660042824,2.144174697294811,4.192272139636161
3.5156443918106013,2.5125272823531133,11.096768259246156
1.150598455135866,2.865209886781936,4.722877411888338
1.5972265323495685,2.068919644090282,3.418406979983493
3.0395661235178717,3.149528070936925,15.075529221067223
2.708613990679726,2.5966410332336745,9.13147539329828
2.1019984112647654,4.357351127806045,19.95480572012544
2.026433881449878,3.947148064754137,15.785897488766777
1.4652922177221934,3.44441292041616,8.692099050995962
1.8417200507160856,3.3452348050869265,10.30497242531838
4.284695511653123,1.99644930606657,8.538990748080419
2.861744520177764,4.719112809732094,31.86556202130394
4.560307831467053,3.5575822141072373,28.858519976838217
2.937494212163102,3.8224202904456166,21.459712505071177
3.405846485081367,4.107166853050735,28.726304900903152
3.0909628294489853,4.63319504998365,33.17607118092954
3.739999831642811,2.963124512675848,16.418799122053247
3.9832709915794324,2.8043522326575365,15.663001154271177
4.69844794986569,2.1092939085455478,10.451981233412402
4.711103456813417,2.394773419568835,13.508947195838278
3.7419458994496155,2.3169167471792056,10.043575903526389
4.361869602159331,2.2432197482872196,10.974539900851104
1.8463689228583835,4.493868700295971,18.643577163527123
1.5546014200283653,2.23986544221792,3.8997154851100335
3.703518092236237,2.783733371450018,14.349598394166673
2.128539247722675,1.3104705870525981,1.8277055157375757
1.9081200906484148,1.8406508947500466,3.2323513466935174
1.8255262408600559,3.472709569962304,11.007660135086937
1.827422548550118,3.337830824243083,10.179762028305486
3.459535339096864,1.7946496718323193,5.571179396816782
1.5464513418826238,3.5047343060292104,9.497656608534541
1.9011015406610445,3.2548769617457554,10.070347818572106
2.0846662991743794,1.478640426687892,2.278933757681429
1.4148285584007487,3.085926254402452,6.736664335580077
3.6057746198370717,2.0302752532242545,7.4315332292506495
1.0505022602303944,3.27045156658531,5.618009111833538
2.8962301045214036,2.7342270211044983,10.826104369856402
1.328272471129441,1.1487254000013154,0.8763742819900483
4.216501982588776,3.6253067076620646,27.708423852111366
1.4939629396570737,3.8202080105057346,10.901439535795525
4.076534567748379,4.538519810559826,41.98455985693955
4.791178689666998,1.5533089310763493,5.780002834420593
4.418861688482292,3.112822075140317,21.408636483458714
2.67498535226632,1.0726210507087255,1.5388066146660344
3.2225887097423,4.35091724943051,30.502577027521916
4.358612021637962,4.568180762781886,45.47835819215141
1.932259520781714,4.435710937270281,19.00911655203277
1.587243090911258,2.0441937654505082,3.316328693002816
4.214046008463251,4.479151240904207,42.27277236175155
1.9379450558741182,1.8011575313887227,3.1435101068391615
4.818478033026671,4.529440970477499,49.4275513551123
1.1155342482067874,4.081944872121127,9.293668615999016
2.0927856170423866,2.40803536214475,6.067649236351641
4.280128821371016,2.341994794545163,11.738124070548757
3.6747402507421687,1.6828332765804532,5.203299604481536
4.0304492937738665,2.317322081843481,10.821719336120095
3.7211340928811536,2.0935409786477237,8.154705038141966
3.8628734479215194,1.460622529062647,4.120562205748965
3.3340669195364243,1.3538058256136054,3.0553226105824387
2.898165730978701,4.977890402587988,35.90739361091251
4.4681470902911595,3.3350442790300385,24.84852845384312
3.4461967135682023,4.302340327664162,31.894778541448993
4.027764750215352,4.557571463441907,41.831272455312515
3.5725959507540743,4.660607489990308,38.800646647182745
2.600762870731229,3.646922672791557,17.295131583237588
2.833038378231241,2.788566973715662,11.01500303540327
2.8312662106963558,1.285061237807811,2.33775157367612
3.8411967054458227,3.2119342782318037,19.813894789661077
2.710186305788463,1.0096860546459188,1.3814712999242797
1.0512381040013783,2.9935318577218353,4.710194785384548
1.8652302033910821,4.664580232701887,20.292127325098473
3.623155631866915,1.6927491930520344,5.190894766855161
1.177995975089789,1.6866718102172191,1.6756178723230182
3.994836921305291,1.943473060727411,7.544424375449179
2.5983337391919386,3.021965572006272,11.864350317182943
3.600848281406804,2.9872888955541352,16.06679588898115
3.1152555375587783,4.560335052779589,32.39344856187404
2.408307319268769,4.314876116128728,22.41912055966404
1.9971936860519914,1.0786955560961777,1.1619514115930396
1.8913303661054286,1.6205515879429808,2.4834940348638166
3.6373228733213483,1.3915560516092427,3.5217073736242708
3.4438069069066244,4.899193313402311,41.32929048083463
3.922112760480346,2.7280847820356326,14.59505734633335
1.8627770345636967,1.8400606366241492,3.1535168001540455
3.7462104493793347,2.150546520574219,8.662831329930702
4.968976974241517,1.1241243791245323,3.139537838934733
3.2088721866140117,1.1500722420706402,2.122133329678791
1.676167680239057,2.682981130036761,6.032852443272616
3.947647959307176,1.9876847189614186,7.798362492771818
4.857741015483723,1.2522277321323192,3.8086494045103745
2.887617076285262,3.9197253068851996,22.183030252025567
1.8011349493497506,3.6561008159613784,12.037951334330964
2.7639447275516025,2.01137631693813,5.590955333218048
2.6336490926969964,1.2057743554773883,1.9145204051379878
2.6520686784030887,3.4572477923092,15.849508047833691
2.5840206113568334,4.478495716437951,25.913752355949335
3.615294115517988,3.7407963757937983,25.295413087922274
1.0239799091112909,1.9535347225724538,1.9539061946873533
3.393105413663338,2.567807617312223,11.186450934997609
2.6208749163306138,4.181496687542726,22.91288697642802
4.434055105060059,4.555340262785419,46.0058156709167
2.003269823379268,4.611953143563835,21.304886552847414
1.4994959909476684,3.8604084414846485,11.173309440021676
3.590713115146904,4.2788609499805075,32.8705566857204
2.8420200821932147,1.2086812720491102,2.0759683722712405
3.52946304095614,4.692377609576362,38.85657797690217
2.044022152662405,4.582817516075472,21.46449777363709
4.253067301494823,3.6568599760495446,28.43733681556915
4.072133648548533,4.543009383726322,42.02224933643696
1.3312430293794466,3.3437661238047447,7.442162321290816
2.4766534729596206,2.582300476351591,8.257504147650094
1.7210277968352035,2.143429976686423,3.953452175286028
2.592587604343788,2.1779854012121294,6.149125734608015
4.3743073243145565,3.6955633589089683,29.870369929400308
3.597122263897289,2.1439291695709817,8.266964451883311
1.1338960944820373,2.174594710852765,2.6810191652819504
4.701921765762608,3.8970030908268174,35.70318033705809
4.942388009275657,2.14901722481671,11.412653572228159
4.310207577884377,3.2245002792825534,22.407480555466375
4.327327271360394,1.7791858972604677,6.849082554890012
1.1395412264798743,1.4211340812296878,1.1507213092297968
3.486206315763719,4.534701449948928,35.84433183849649
3.9879436597100817,2.3164609399115004,10.69963546380215
3.34096803946827,2.784165557027269,12.948886924374298
1.2104814667785448,1.9225396021552363,2.237065694490659
1.7718144180951727,2.7366433074129164,6.6347509689786
1.2658275517629942,4.044157426647258,10.351437268019318
4.812823638034317,4.026314417890014,39.0108420305116
2.5596986898339575,4.000386385909252,20.48154583576831
3.585262981760306,1.9479521370559465,6.802171613857083
3.7493189105482285,1.0069596121657076,1.9008440621601972
4.0214845555214955,3.194240927876782,20.515955551669176
4.822940638369975,1.5890327241815472,6.089022839130684
3.329232870548622,4.4197079161415544,32.51631459299981
3.2342673315363135,4.853513371957347,38.09415805768187
1.655637106029685,2.4914106137701593,5.138374764371895
1.3249619247908533,4.7923120114644355,15.214706327617337
2.8931216753607836,4.568486222175398,30.191267240196396
4.334437857350437,1.7280634057389768,6.471755957424949
2.9646261979783906,4.5819159548553055,31.1196127430434
2.4700269904195307,3.9426692675611488,19.19784135560378
2.6005571902738764,2.08977930978627,5.678547507125381
3.8581939927418074,3.5616558200876747,24.471351953699564
2.1721156598366136,3.484464589106136,13.186364052965418
3.4057673194861384,2.5870005481180165,11.396671221117925
2.1846700969477015,3.2006495769096786,11.190052513283957
1.6623191895689131,1.1431971419368523,1.0862422295081593
2.9823741674861295,3.697303506822976,20.384606798078707
3.3534687193582053,2.8062693309157902,13.204530497435535
2.147579911231777,3.2939607303699048,11.65081139411019
3.221828901874,1.114835028828911,2.002136529698979
4.148111229258284,1.2888852234907553,3.4454732859151895
4.9860802573150815,2.1157352933299847,11.159684857132815
4.709848827561867,4.535277803517836,48.43783918457011
3.3908351857395083,4.56449305069957,35.323341971826515
1.0292887656827463,2.9612527100406396,4.512925657424977
2.9556292219308884,1.2360263468813546,2.257747720252276
3.7369490484443486,1.7093881274065943,5.45969707804589
4.366011428283813,2.4335822534081966,12.928464042089201
2.377124307761257,4.580832114044791,24.940815404072417
1.9779093522520896,3.764553577076685,14.015330810938286
3.3119378850877075,3.2970205492557265,18.000952890419594
3.895087520875507,2.6197917225809686,13.366593975639894
3.948277081282573,3.487074400774592,24.004908479241244
2.4863218674245684,2.507556974979471,7.816799510333411
1.02704654667999,4.796176628552594,11.812735178403276
3.1092837355599423,4.874375692999397,36.93757315032991
1.6023262901453363,1.4113142611145455,1.5957631164955655
1.7564236291891238,2.4708039864636278,5.361371015162008
2.1799302173388266,1.2531397524872272,1.7116367788741296
1.3695523309919424,3.4418983927253506,8.11231352162105
1.3759354746682955,3.1479198520149123,6.817347079918728
3.2003268505437434,4.608070007927596,33.97836493949262
1.1186444182859026,4.9543281628620806,13.728769199678757
4.438887235855265,1.4717804749108403,4.807620641030425
1.2838929688140155,2.350746115289691,3.5474009581113646
4.931955892797546,1.2226629436703793,3.686401957620204
1.6927486963888247,2.066447079262853,3.614190730541054
4.194507140591746,4.853329194159622,49.40039734633892
3.1338139255711432,4.236589337380412,28.123926101672584
1.1315001282481396,4.817638101891691,13.130853553608171
2.6188280242944724,3.773616931824586,18.646297444797167
1.3421670749096162,4.168623214217286,11.66170015131299
3.0268913389106964,1.0274948698435646,1.5978137691449508
2.740236892308806,3.689954288392834,18.655207565812475
4.124041102842444,1.2031361545987185,2.984850231542878
1.1599516904769915,1.0619563849612996,0.6540685502996189
2.8870531402416244,4.137286643607915,24.70904750798016
4.448723132106915,2.885648923114888,18.522191378996816
4.797156846963701,4.733596994834643,53.74480404234626
3.6957970744750024,3.636295254801616,24.434102990906812
4.9757638715746815,2.5944542897839695,16.746413624695666
3.450839088968338,4.595616981399293,36.440335285255635
2.815300638220558,4.422918738104489,27.536751379682116
1.332325227562142,1.4227273886340415,1.348415201307003
4.7971610971967635,2.8822802354981647,19.92630230588126
4.003640625680129,1.6420520472881117,5.397578025093075
2.034500662496696,2.9870629459234146,9.076461900477149
1.20943739696777,2.6717471590021566,4.316622897657852
1.143295683907604,2.4951338334868125,3.558903880660829
3.7695096070736813,3.0238901031870467,17.23403085162362
3.7837687459968445,1.7590034818100193,5.853666666420421
4.312065152447124,3.853956585439876,32.023511671495235
2.7306774382069734,4.455164499416156,27.099912891492362
3.968450760134857,3.677004537362905,26.82744615787229
4.596897216523759,4.565757875659251,47.91379291494
2.4891786089414283,4.926745914229763,30.20969876187245
2.3927862080573417,3.842443201249875,17.663990160009746
1.7737653222580492,1.2875464159385417,1.470252589287458
2.7724989515662255,1.677578201902068,3.9012784040355446
2.5438013311565415,4.2600609927569035,23.082605477103264
4.907162815702051,4.722985618927163,54.731042241513016
4.779340569673147,4.021017195947812,38.637573477595126
2.570217498303089,2.0803818794825455,5.561936227461968
2.282916212113529,2.7806090906327947,8.825510848327344
2.2383372453365267,2.4822241468138135,6.89568664201283
1.0402576812838245,3.8096129429563197,7.548708286735
4.985380255225052,2.718566888383543,18.422490430348784
4.025462754523357,4.557206001438384,41.80065993308529
2.9917480769400324,3.588036848006442,19.257894970489456
2.4667883772877937,1.3675191841538217,2.3065812261823226
4.116375655738212,1.2286739075543163,3.1071217897174215
2.256291991451877,4.428201669005789,22.1217810099362
2.99420331221431,2.8336380462777693,12.020984600415115
4.810416031829083,2.7007557957279493,17.543784178030798
4.135293308892079,1.6921458423530242,5.920411662446825
1.5247174913006938,2.1029835698897,3.37156196711313
4.532158358258128,4.6926602377298785,49.90146581030349
1.8575134601382723,1.4241602854737505,1.8837346019069017
3.2934428112485294,3.245957877173911,17.350256126104853
2.906245189942107,2.078564510131837,6.278115067341383
1.87152364766267,4.4874510067144815,18.843638474169875
1.7058703060367537,2.481594320695491,5.252639399909866
1.439247691113271,1.1102448701067158,0.8870397791566035
4.420652975012889,3.7525582824239363,31.125140492255092
1.0114507951615432,3.282393412096426,5.448739299244496
4.251124986440287,1.0233082621377618,2.2258035939262846
4.669026238659691,1.6087784466000241,6.042112361707326
3.006395571049258,4.732595406943911,33.66781119983259
4.7949567137857105,1.4886375657486752,5.3129122586439825
1.455742411090183,4.8607659328397705,17.197446057966612
3.516110060167636,1.8540899382421587,6.04357699354172
4.753266935982069,1.6427626369292048,6.413747257627844
2.0688959117528998,3.2675715726860104,11.044825633671016
4.7827021320486995,4.71395465386064,53.13909319995005
1.6177785554598896,3.90411272876392,12.329168185415694
4.15396566013614,3.319338285761209,22.8842106446757
1.0629532861088458,2.3414299058388703,2.913711213460256
4.613490742056603,1.8370064486077617,7.784326071899416
4.251129102172504,4.940602479675597,51.88408027170867
2.1985993872792857,2.7536722907028794,8.335671972242043
2.1753101039091125,3.1080343932610566,10.506614879223882
1.4042130929529768,3.6838389712241044,9.528055942294282
3.716608670060091,2.3265897373846434,10.059038171285712
4.036370979051137,3.160908885431865,20.164387463520775
3.505192440288885,4.446785648346766,34.65566695837028
4.945405653472454,2.1351228940110216,11.272433448918065
4.908332275155862,2.248556702695506,12.408281772609044
1.9599786515689002,4.255940223627146,17.750573300989277
3.3614303444863527,4.6350489740518315,36.1079452372193
1.9056469219368397,4.381591516235298,18.292632779937637
3.8592428905668568,1.0494517775494208,2.1251867135939775
4.689931911219633,2.0789310726371686,10.134835940898379
3.7822182953657575,2.7648220853863616,14.456094392032197
3.5390902281842327,4.476697500066209,35.463136010734196
1.1557893086261473,2.557054703868793,3.7785808166542467
3.8229568341254745,3.019400976617735,17.42653251846315
1.4946118617546076,1.7404873801306842,2.2638111066153583
4.178658523684249,4.326591846112091,39.11098392208097
3.9778214390713336,3.4086396874675877,23.108804634201437
3.985118258607964,3.8373384719262873,29.340765035989214
4.804038753835187,1.426087599952941,4.885048881598437
3.978686715854618,2.2682308240265883,10.234915092614196
4.560924310580204,4.5752543218057165,47.73680508353502
1.2107272356631058,4.07092440327933,10.032343455238045
3.5248418959145145,1.3309076568177374,3.1218029980111535
3.6364199372736494,2.043285428759757,7.591054516548747
3.6592645736966536,2.941954435911765,15.835642909862548
2.882508421203262,4.985173825794824,35.81798921496825
1.0574312731758222,1.1060613552165042,0.6468157585183029
3.2370223194419983,1.542909040909688,3.852976373819143
3.7635580697025777,3.340643641833613,21.00046574137311
2.3227779689226904,1.286608302214895,1.922517941661243
1.3289792748430518,2.270594729293525,3.425843056896202
2.893050978019418,2.760260077845213,11.021129337885942
2.2483613368817736,4.621235431564438,24.00779653342164
4.753699311215759,1.8598190255754319,8.221348992111793
4.858755218137761,3.0331501027674785,22.35027290029794
4.151137902128424,4.317390698933238,38.68831974758923
2.5078488632050897,4.982787858905353,31.13265503257075
2.515647167160225,4.067952061079666,20.814758955630147
3.555917020761321,4.742086747272939,39.98164059266551
3.773005179938825,3.0903962115683474,18.017134942083086
1.048078394258638,1.6619817570686695,1.4474923507328257
1.4306317740667192,1.7373852603695172,2.1591864006016332
2.4081831781762895,3.831032946320353,17.672227612653028
4.145527691935535,1.6161448419085191,5.413901946587119
2.3913627633681007,2.443512317438336,7.139117533696422
1.710245188159771,1.5813987910989011,2.1385095126869316
3.9735127954196963,4.9231159090633785,48.15315438902246
1.0248705867995587,3.9579842701986134,8.027626564837833
2.4838046736544297,1.0963361456714655,1.4927081702896805
3.456131291823506,2.229760784444474,8.591654073823241
2.934031993475221,2.7595870037453007,11.17179689291179
1.231360650495037,3.9544572412172627,9.627843968601551
2.136593731346622,4.380585502319633,20.50011405101496
3.9211188753088444,4.8424004242131895,45.97284822719714
2.64330685671183,1.9705750328502685,5.132199604031686
2.101317233039571,2.992950840758969,9.411542197208602
3.558112235325914,2.002195627731232,7.13185762688143
3.829122380247353,3.4383044154051694,22.633822256660928
2.05602552891039,4.49107113766869,20.734729578068333
4.48127650797249,4.443878878961405,44.24825753726022
1.2369809027378742,2.4626056177901368,3.7507898392246215
1.7162215179206246,3.224080699471031,8.919800779811215
2.1428745184716376,4.376170191916492,20.51895089540539
4.123742824425299,3.42850747810922,24.23660468742959
4.846416170197331,4.987278309702397,60.27232127501266
1.6653871681261907,3.6627961755765734,11.171480261797566
2.3280157704421733,3.5083096329323005,14.326884316497601
4.949531136409302,1.1809606662106553,3.45147658091791
3.7267976309813577,1.098045180620768,2.246705949529987
1.3189987073876956,1.633545273822854,1.7598543469456318
3.3868345105798014,3.5603087952249193,21.465416272552098
2.355869155727532,2.4874105888118843,7.288130292589283
3.3289620585493727,3.474956561983731,20.099146235085275
4.8148392073020405,1.3461373743833787,4.362450952353775
3.276735272700992,2.160043922476164,7.644278919543713
3.871169797111162,3.797402953147015,27.911655274501797
2.985036363604657,2.3695766397059628,8.380330565157331
1.1826688607682674,2.4957130910845042,3.68317607299313
2.3091858893523316,4.262392624201652,20.976634092277955
4.464466015680733,2.6918424571103174,16.174795675124678
4.747623041616032,1.137663934798002,3.0723749438509356
4.014241770653315,3.8336705730977005,29.498715991791812
1.8415214149015986,4.607121184017604,19.543666801788433
4.5994050554255494,1.0857306229859045,2.7109146034854095
4.671596504737932,4.313360447723111,43.457709499747516
3.0625613033546206,2.3159138383468845,8.212957787252975
3.9611616924575026,3.9071465339902747,30.235139274278897
1.2955457351396,1.0361293174393689,0.6954256064806094
2.707263156676862,4.169702143744461,23.534801687799348
2.504629084526973,2.376036209459198,7.070001945432003
3.2903701615359524,2.4255177802860897,9.678848402008102
1.4010120842549263,2.0574198547465636,2.9652255855064245
4.977942592091402,1.3660961785749421,4.644964948474103
4.484138119329893,2.673316750464862,16.023221072476275
3.415115889289013,2.1867859273473993,8.165597914850556
4.8043721935656265,4.7296470657544685,53.73584930597612
3.282305141352903,4.6380983909040445,35.3044030117457
4.83257780341394,4.082252991173489,40.266945879339076
1.1287167037635584,2.268392210276954,2.903964152476522
3.455575402950011,3.0741099532115688,16.327856410331187
1.946116503369514,2.500319357601994,6.083167940020532
2.423787472213892,3.8540663540103313,18.001260457337988
1.3459047676144946,2.6788756251383505,4.82935840423141
4.03496594421972,4.451058916380978,39.97022229474788
4.538002543656029,4.378412461066024,43.497879077719645
3.582181773239288,2.670523930721696,12.773519409551458
1.787179211576876,2.290729765656228,4.689060396006568
1.632530197465082,2.8987179042082785,6.858720947813959
1.1149473797003102,3.1773285334231316,5.627929147763682
2.397590737739918,1.1384047429753665,1.5535972703798724
3.9707066115647045,1.2176853743178744,2.943797843451839
4.863034786976632,1.1525066604162837,3.229715504278516
1.587929873135434,3.6849830169622133,10.78132913938061
3.5520537030705785,2.5461712823387153,11.513961119621731
1.7680926576146936,1.275783248246622,1.43889404633953
1.520911353408056,3.969855312713252,11.984592266431886
2.3674969774889605,4.767014794740415,26.900009733142753
2.5734738669629778,4.860051174858073,30.39285172562627
3.3254912341702405,1.9293936359390154,6.189669995781133
4.7221570395932435,4.812667075143473,54.68674434916566
3.393017781646012,1.5225333671358503,3.9326905842689426
1.3171241284857036,4.268332572346663,11.998120278882036
1.0440138618618278,2.589511364457069,3.5003535495087226
2.014673934551952,2.7911937423302047,7.84792307679369
2.196892907852104,2.331296654145064,5.969995062538198
2.2101291720928042,3.6205441072959865,14.485561910159424
4.460071739211063,4.144207625923377,38.29965480927039
1.6278365341418257,4.900079554933357,19.542812159416144
4.56774332193015,3.262687501549165,24.31211012395901
3.4042101464188996,1.4553339312143825,3.6050531857141084
2.037380836818395,3.1053899608437563,9.82368686467454
1.0441059109697095,1.823699855244902,1.7362860902240882
4.259463322332824,3.300791906680959,23.203910347316878
1.7546147635422997,2.6742275309385057,6.274057500650275
3.5134723664160163,1.595742925598576,4.473345084550626
3.471556151053159,4.9534465980075595,42.59014995460451
3.338099068578794,3.2184394192647137,17.28860307477137
2.9597194989008546,2.7190075763787838,10.940606383978137
3.414571342385626,1.5741038265509477,4.230317313390955
2.7010162999301173,1.4888687326226977,2.993712070349424
2.7232520214611786,4.266837742833198,24.78963287597599
3.9329245015459864,1.917473055502732,7.230097496692459
2.2603031720799223,2.051991857859763,4.758696039616239
1.5223839849910412,3.334269192358197,8.462438594821048
4.096757510997707,3.487696572428049,24.916535269215267
3.9439694988327747,2.7678075995756704,15.106899736061875
2.9665370328005927,1.5042422902008439,3.3562582227999767
1.0686999267277213,1.601560907546443,1.3706062349678498
4.691089371952815,2.6893143469970724,16.963944728786416
1.2625576307532023,3.095026596232471,6.047139482769398
1.060700107186856,4.180155879493622,9.267179416326059
3.652789026298311,3.387850616552589,20.96250110415331
2.3362534308069844,4.6169377424873606,24.899922369830357
4.153647044106995,2.9400600722636323,17.95196538851819
4.54392276405565,3.2690421727480423,24.279625947970533
3.6860996984936447,4.577011014360128,38.61010626189121
3.6450292020765223,2.7769047774611995,14.053774852304082
1.30269646771713,1.507630338385522,1.4804814713137087
4.026102262881503,2.693563631419079,14.605259751658597
1.4712246194080896,1.2844363965335281,1.2135961640828161
4.504947001595267,3.516077336678924,27.846879029650157
4.75866126240042,1.2063697762297747,3.4627065768801826
2.6751014570427345,4.54789619453253,27.66504296373501
3.270289110762195,2.944347452875985,14.175365621422408
1.3441627862943286,2.67534902394043,4.8104174635643675
2.2035539715686157,4.84659203799745,25.88014024757765
4.786644650570924,3.859851857921275,35.6568082308811
1.3284780252255235,2.3667488596442965,3.720734938502445
4.282405285452703,1.675637424941037,6.011984801986121
1.948868522441575,1.426124496139907,1.9818346844165766
4.055345578554027,3.636950487760154,26.82085699863619
4.086459966850621,1.687355387797679,5.817419443759254
3.5931034143112703,4.362752911906927,34.194869875226196
3.9223975164011793,3.4111840889192124,22.820855663919968
1.564340871425176,2.5935199357358067,5.261148713335362
4.243608788689521,3.103340078400851,20.434503257541454
2.389147323650061,1.014565392395474,1.2296259596701495
3.9278125021880386,4.667577694600541,42.78621449494093
1.496304400924759,2.2936806760278605,3.936007062825949
4.241582045166165,4.669238321289669,46.23703308759376
4.92107736489625,2.1788879517804545,11.68153708109299
1.4495602473716822,3.0253197794337994,6.633593400572325
1.1867588302620535,2.8815085883751514,4.926883723356007
2.7136411456446146,4.631544138453862,29.10543097297501
4.441473757964296,4.533917185734721,45.65036678739117
3.5722296161252913,1.963422332665699,6.8855212681597555
1.946232275045721,2.157116689642314,4.528057703184321
3.594643167111897,3.578840190886472,23.02026938350624
3.916023410294853,2.2051149468477202,9.52089443326547
4.478696962267884,2.0481628547421504,9.394002115381062
3.7651045313602887,2.280542191539947,9.790914661167227
2.44364425244602,3.864691107876825,18.24893655926368
1.5375220017925786,3.4995130405442683,9.414701955205375
4.312697166817414,2.2377044091349347,10.797529593889687
3.5318903075542587,1.2528429865687443,2.771854972040049
2.685135993617052,1.6433916809516638,3.6259220127943017
3.5742571911208163,4.776454700962862,40.772480210917735
4.063007066417583,4.804504922429109,46.893739585108754
4.744786112632459,2.544683722195896,15.362230166395433
1.2882318714371461,4.268360812100966,11.735086412077255
3.92334611362967,4.645641534387153,42.336799008932104
4.014513899027988,2.768807460997392,15.388223426153882
1.83786765761563,3.986115576310123,14.601047477457996
2.9607908542992334,3.677375959532599,20.019526441161247
3.1681069109646858,3.778343388227685,22.61375507881731
1.6456490504773882,3.878164587565226,12.375412979079888
4.72913764996987,3.3048872797960502,25.826482625338755
4.975779104312895,4.110549232354773,42.03691190444253
3.081428365806006,2.898412703681071,12.943225854342387
3.734992716663176,4.390387060156072,35.99692332471447
2.761155622866053,2.214970227508974,6.773243286766324
2.077881635043126,1.3362450236658727,1.855081569719864
2.1215900563229746,3.4925843324528967,12.939731907499926
3.3622334512453187,4.759062111494167,38.07506161672345
1.1906342699170613,3.3607366012674817,6.72383944614927
4.0398006902327595,3.2374183508149774,21.170328237315715
4.273536618714525,3.0021926615062102,19.259036315011848
4.568789904001062,2.425756675365066,13.442054817669494
4.600093019423823,2.421986350152128,13.492113951545104
4.820093843683766,1.729314786311766,7.2073167298356395
1.0266414886335458,1.6125030551626978,1.3347191992925083
3.360796942632278,2.310536294586767,8.970938257442075
4.456084521576143,2.6360818088081404,15.482503697624715
2.063817938641562,1.6734789341167509,2.8898938243996444
3.891460083788153,2.6760409123583413,13.933752178513284
1.8055113273545422,1.3241738935907477,1.5829247316952917
3.128458688017258,3.005421569471941,14.128993542472317
4.9958293418023425,2.0222673759779357,10.215385260256765
3.3516317013671286,1.9811405399975244,6.577439527598381
3.982238687396116,2.6197581888077277,13.665316810608509
2.3563506419790916,3.6055728683327994,15.316462625197392
4.397507477376475,3.8513016065709462,32.61306774160938
1.5056903165555928,1.9479412559817098,2.8566522349119334
3.749621056028471,1.2571727652895994,2.963106846027534
3.9994600200114436,4.277573319109168,36.590326822745176
1.236618848923392,3.9664821053960906,9.727849989677994
2.837267183725302,3.2863943185565576,15.321792678671518
2.6532185552436225,1.5432570844063522,3.1595089417192277
3.8896221432316906,1.2734577342219247,3.153889614512015
3.2944108742359104,4.044570315541005,26.945890917692616
2.582824623757894,1.7485032463128802,3.9481878567557125
3.4359926157823644,2.8558400327531217,14.01167258663285
3.379223285090583,1.1017181672694898,2.050821753309462
1.9950150972444631,1.541717052755342,2.370967184335525
2.9189798353536864,2.912016644617075,12.376242353283335
1.1239489108953737,4.952770025250583,13.78519457263391
3.3277815788931755,2.9625468945367475,14.60344383974806
1.4582956124636839,4.972185007124784,18.026446868017764
3.4815596847081074,2.5983398832278928,11.752649063254474
1.8388314001316215,3.448778049816327,10.935594729603515
2.71828635943675,2.404436795854574,7.857636626087961
2.5038299053635176,4.970922504362957,30.934906796333024
4.341822961562157,3.0908994583729363,20.740149009029512
4.695900560489546,3.731923017633564,32.70048915417582
4.103995319064075,4.773381722564347,46.75512181025934
3.1697116935117657,4.3291991882291185,29.703313778867393
2.665401741135484,3.912307939828209,20.398523982603713
2.8359347781506106,3.337068814603185,15.790524935497674
3.3046384439565575,3.446995881083435,19.632494483658533
1.4044550467691788,4.799365570705925,16.175045489793256
1.4648808026791489,2.6766525802251193,5.247546575545731
4.788981182670165,2.576471535554134,15.895120789143366
4.163776096833987,4.328461566581119,39.00537911068877
2.2520930021618173,3.4476898716230924,13.384825435846663
1.9487368501559392,4.873654811379923,23.143696949552407
4.411154107447808,3.7603886527071446,31.18801265814697
3.4295812196978477,2.454888265632607,10.334145135607077
3.548955058216383,1.5013604852772424,3.999820176569163
1.8819028237798654,1.1596329747589453,1.2653431278207863
1.8259834503866985,4.803996014864088,21.07036788087446
2.024893317986229,4.642032066930936,21.816668065150818
1.1465639941022756,2.3823751134179574,3.2537830405481993
4.001935992294404,1.878995226892492,7.064663754891438
4.86364003801018,3.0397692822213647,22.470496747278926
3.5580783418717017,1.0059153284225926,1.8001486234372779
2.1005466344998496,4.64713153817873,22.681525623076656
1.5183114239111482,2.8588237577113897,6.204483431820922
2.349211656586223,2.9679734805709446,10.346946027136445
1.544147268648247,3.2583316573040357,8.196893601283715
3.226312723862659,3.1848313583753485,16.36248821286826
1.0986875004935408,4.261311708334986,9.975410918338753
1.4219395277717934,1.414649406943945,1.422816114079375
4.075860873866574,1.7404923525247824,6.1735304479579165
2.184591845841979,1.7727575809960063,3.4327250174695414
4.935476908969473,1.740135122214884,7.47248538292831
4.179873275318878,4.130015102830451,35.64810095366878
3.88179544309508,2.762535339886701,14.812157971110977
2.3854723422254964,1.2160687366237393,1.7638458881550712
2.7601661170965515,3.904096959144051,21.03518880778475
3.6826820139811494,4.089484921532286,30.794378788403375
1.0877501977294242,4.173595774409133,9.47370687776586
1.4852513506650298,4.587729773365024,15.630238993475498
4.559430449804919,4.244558851519734,41.07198745650323
1.865163400432793,3.6948810573397948,12.731741554290727
2.423394599917374,1.3656660686435207,2.2598685501469764
4.02140934653781,2.365579023203066,11.251831197512534
4.1924427442440955,1.7440509463411358,6.3761052730136205
3.8299867382691626,1.5877198533618069,4.827419331788119
1.3014970465144824,3.8092356580145807,9.442540873166621
2.2424126111362814,1.157160390664961,1.501317857577342
1.2642447348647345,2.3738212141180686,3.5620267067737643
1.4785207199902337,4.283665312683555,13.565271260541392
1.7493135185063293,1.3224128287915762,1.5295784774596732
1.315796302017271,4.139981223659307,11.276008867083403
1.056942322592537,1.9110668081283784,1.930069874369606
4.383191541235884,3.2577826017580604,23.259729130808335
1.2258585109879538,3.7007313797092083,8.394319137331179
3.2028800135171136,4.4583915766849085,31.832232103878987
1.5034454317510808,1.4802488525822954,1.64712720509766
4.234918610484876,2.929969920792851,18.17780315931876
4.904158442043741,2.561216400741569,16.08522149129291
4.924936748200393,1.552400752837109,5.934420973093151
3.776013873017116,3.909812534724026,28.861271134889453
3.958603326472101,1.796914204630538,6.390968444392755
2.4212672111159605,3.7881225183091454,17.372437537393115
4.908895995444732,4.420458098713386,47.961017892293306
1.2683472642151035,3.6156267619136204,8.290397713178267
4.745416147099959,3.3246147718728682,26.22569272240132
4.647695340138114,1.052750056998319,2.575480129528664
3.712065874444248,2.0800209785366595,8.030102877731498
3.0961717900770216,1.5831004052297972,3.8798235411615756
3.803281016140597,4.184294207885725,33.294526771483575
3.4177494805657975,1.2258898989605203,2.5681072887742236
4.691414810238896,2.066803055481936,10.020099375172263
1.1279247626263564,1.369840911483002,1.058255175127569
4.019203645832274,1.8243192668681414,6.68823779341385
1.8484695470108017,1.910567047453751,3.373703179010544
1.038724144385144,2.0148495381488005,2.108411960285139
2.5242697657853848,2.262489644352998,6.460690997757267
3.733264278649213,2.2717793991166495,9.633654196423112
1.9369360325578486,3.8414606145421493,14.291507856002825
2.761501043851966,2.3168499553504667,7.411583974416011
3.302011026205345,1.7099351495568875,4.827339053745218
4.632226582985382,4.4731983366426,46.3442766858135
1.4233155801083561,3.4730571201659135,8.58410576167102
4.983045802918664,1.9477747950272755,9.452405987982429
2.4828538602787287,3.3024025696230144,13.538831691725184
2.6018929548749368,3.6695705787700206,17.51821772922767
4.633973081319184,2.8315733268966694,18.577152076057683
2.032638509901206,2.634556252316532,7.054156745389561
3.618840409775153,1.349751914104231,3.29645642736394
1.3551122310919763,4.124132871228732,11.524194178733993
4.390868229549312,4.008457798314578,35.27565119699764
4.214897482528303,3.0978631357224264,20.224671368579077
4.283911260052868,1.2398881028781794,3.292876600446231
3.3338745061099337,3.488180342727384,20.282295839039705
2.0818741237408527,3.70525984693244,14.290973430687117
1.9439679500886355,1.838877023106667,3.286733394452411
1.103963926271689,4.725572474868148,12.326328656959143
3.0681448843392043,2.5075819490372426,9.646197246553408
4.291729954243319,4.606519789857778,45.535307547761505
2.1213083337519603,3.5603344533063233,13.444832511729148
2.8942621069536547,1.4573070552152805,3.0733356795676463
3.4455854488891533,1.3450669570775244,3.116885416078626
4.163142578679567,1.4623587743686213,4.451426016288371
1.5225338200442833,3.8596294954549646,11.34039510906462
3.5154310643126054,2.9988953178733238,15.807791632793789
3.2203246238840926,3.846828354417778,23.827324211712558
4.153046688211154,3.8560191688488086,30.875584374888366
4.818593475035816,1.5149484492291734,5.529501781427176
2.2532720473949928,4.410328846448046,21.91419789835155
4.143786999543251,3.1917441936037414,21.1068576841917
4.347921254013032,2.3581015180353626,12.088618441438598
3.2772987971529255,2.1859141662685273,7.829828545624709
4.838515122183933,1.642858953172119,6.5295411749659245
4.082841966502914,4.089972000770065,34.14862679732627
1.314172063332764,2.3050101064915496,3.4911451277081005
3.1316351803967164,2.1875006058591415,7.492685978507129
4.246864280148852,2.2400123769947973,10.654650848417035
1.6944389329104865,3.998615352603498,13.546128285786125
3.2449607029109373,1.6363850347972404,4.344606466963165
1.518199506450061,4.236888769276577,13.626771563136453
4.145137155691063,1.4265124310983235,4.217547968216116
3.899270862309689,3.2335936063744994,20.38563686344477
2.466527962259623,4.440089380745419,24.313051671132005
3.8775874652202202,3.7466329427619023,27.21534862404933
1.863660727358507,3.278888449424495,10.018210241579677
4.094445528869173,4.776085593035415,46.6991853609148
2.1253016478361757,4.716113888184073,23.635192929112634
2.4224758938253035,3.992304876653142,19.305313870733478
3.246023951293521,1.7184616356745255,4.792933533708738
4.854649692376521,4.470511631852682,48.51123821116749
2.7578377522521174,4.5312016627853176,28.31167073545162
1.1516263189949982,4.007862575347833,9.249265143604545
2.1274378046729256,1.3776997420452095,2.0189986610325654
1.8108870370060273,2.262488718816428,4.634834265504977
2.55095431621512,3.1580481695841542,12.72067583360289
4.175029420594393,3.872700215025929,31.30814264172428
2.6108432667757118,2.3535938644378596,7.23125792043741
3.591649323346072,3.825780303812909,26.284758143676846
3.420132733708516,1.9158014052013783,6.2764480772683475
4.485857650963403,2.0028581443143043,8.997376081467294
4.519702831462213,3.756498740280728,31.88940238111551
4.023699683757611,3.3207982379937913,22.186078387321025
1.598727067599805,3.2147125993935504,8.260924195638598
1.9966105484258017,1.1950395049200768,1.425699147514339
2.732509723902253,2.8300949572783374,10.942932881072286
4.923845582402622,4.133543645125492,42.06486350521065
4.022614772692153,3.466071881346854,24.16315160377414
2.701600646751051,3.9647934157143823,21.234022972337446
2.8287289467790244,1.4746555241820762,3.075689592893123
2.204778204458292,4.371060174568156,21.062430340954247
2.397822676326172,2.938368309143063,10.351410468853741
3.378972386817772,2.8997221002221747,14.205855871585689
3.025698726833928,1.0493772279138405,1.6659384731747613
2.1549009577998217,1.0650269592892583,1.222133140960476
2.641586867314239,3.3003028239196777,14.386080401420648
3.8982338858303955,4.270474535479238,35.54595360810608
2.6720788216670694,4.734269180477494,29.945058370440073
4.773893079557402,3.291016192783101,25.852510939929363
2.7292440644675127,1.7637068271496745,4.244877589081865
4.661431845255111,1.8703074408998202,8.152960654813137
2.404616541255877,3.375236021971627,13.696958167485217
3.937491573421948,2.282309093336635,10.255068435883645
2.4449906799445853,3.5685397892225823,15.5678378448191
3.678307060332128,1.4465962109915007,3.848687342545953
2.2491609756858297,2.2745145323343556,5.817923091469433
1.9799413370586483,3.3080176723237784,10.833230137478392
1.9006819260679468,3.721503723973372,13.161832667384916
3.2536157222845183,2.2013053230926585,7.8830962632162604
2.88570445800592,4.228847272076095,25.802741757742087
3.9972078405184925,1.9097418402963489,7.289136131333736
4.506526922176202,3.226852059050283,23.462273005507917
2.640210945841522,3.2824193080965114,14.223181393110547
1.2569333209338662,4.297024481842842,11.604271996243346
1.2052685239350844,4.51917494801612,12.307564706397065
1.121443788596237,1.2604252346685674,0.8908030455199406
1.1689387648442855,1.2187344128144812,0.8681203043639514
1.9644115327575689,2.5603656199373854,6.438822505574556
3.7716586989635923,2.9650034507364578,16.57878871239609
2.2226151692373466,3.799419137565247,16.042375968946978
2.0655510327948625,3.1089382242561086,9.982288533793927
3.8633477132655565,3.4422967072209163,22.88918898551613
2.3014429372886296,2.064299672557811,4.903607527082763
4.5717051779078375,2.5826600677407305,15.24694084501205
2.7991710583915994,2.8233484092282737,11.156510866285487
4.770448687308679,3.533432064509536,29.77986500090822
1.5712655504314181,2.4729838418966907,4.804654360758703
2.517591570006496,4.860062888926462,29.733022405588464
3.11133160154304,2.04700926389748,6.518623840316181
1.6822253792925577,1.7645925299216252,2.6190455875197274
2.6563827236460673,1.1636150979871553,1.7983712317649454
4.32890816521377,1.2137395672940574,3.188595265363782
2.7011843876013195,4.333221558654373,25.35981176305371
1.7729722054544972,4.109989012981464,14.97453183450739
4.059824197437633,3.7758949137395144,28.94123302901674
2.285084648996233,1.704216727740035,3.3183481188151087
3.9809501877528897,2.860679845326469,16.289031388735733
1.1865491027469135,2.364326082029134,3.3164271811045483
2.660427790874032,1.1568639464892216,1.7802707371897903
4.97014315219132,1.5317999646260945,5.830999609044449
2.8037115692630032,4.5881015255224575,29.510011372179086
2.839814369684409,1.5332571975462463,3.338028042956322
3.5871338828363775,2.3477059111677816,9.885644244360517
2.6587933284409684,1.7724598757409065,4.176451186639923
2.44807099267652,4.0542819225046225,20.119718594827823
2.144488421544709,1.6847686565012694,3.0435066755457387
2.7344201473687275,2.847023595715605,11.081980527041713
3.2386816943860857,2.5693111385987697,10.689851452829146
4.320350168065292,3.065443477440009,20.299043675699593
2.478609754704494,4.999104308979497,30.97152258555079
2.063882742941504,3.267073370232964,11.014703208149704
1.320315334695533,4.5570233733382866,13.709139129589959
2.1082433838986416,1.007304522224989,1.0695776463670574
1.0922124287399315,4.3460922788123195,10.315137112438974
4.277370865843221,1.0946489020273855,2.5626931198622964
1.2186829487213813,4.141930054604294,10.453609199811492
3.2626631534868227,2.6264659725266357,11.25345296003724
4.672524850053335,1.6066084074923173,6.030338552263885
4.339991176843874,2.063212774048278,9.237339104248674
2.3889919639170527,4.240365272664516,21.477871090503285
2.336250393793554,1.6051309002036929,3.0096105644738276
3.3692378745338263,4.374255633805792,32.23368801240344
1.2375893215498115,2.497752453033081,3.860515905349346
1.8947774575407577,4.258560314505768,17.18121287365758
1.8096339753964985,2.3413722142494184,4.960228302519352
1.2042233786750929,1.2384857905184572,0.9235472404575914
2.249049008686251,3.226215827061077,11.704577951530496
3.547956194938192,3.0996385388416856,17.043954158552445
1.0137981559075704,4.985052714054174,12.596822546286052
2.8369930314327925,4.493092506371218,28.636437823842616
3.135163309871168,1.9884557892196981,6.19814955731273
3.618453607139599,4.233003570883291,32.41830342784567
2.0081396712759685,3.274268898731514,10.764468864964416
2.5609076871524294,4.691457838613107,28.18250310964718
3.5644075844961876,3.041898109849712,16.49098852432058
4.421242425440619,4.292212642400187,40.726472159814335
2.5802204693411697,4.168852591455412,22.421253993707218
1.9499531903181708,1.7439370609811276,2.965212379318692
2.4742934552971896,2.6726220339734716,8.83682592180006
3.326627736082993,2.945733367516311,14.433148396869107
1.2335683378553388,1.8337215582895174,2.0739582033265878
2.839276115242102,1.6216052411002528,3.733085287341147
3.1476933811025214,4.267070372765296,28.656426735578677
4.000389106812499,4.774004646049288,45.58667481109875
1.5557594367296885,2.837813918109092,6.264411484106174
3.199345333623032,1.2097698968331745,2.3411900589907844
1.4488872201552736,3.024387844083075,6.626429072664511
4.88039549643578,1.5708035420814848,6.021001922123267
2.663568117161976,4.531955162058882,27.35300349286785
4.593371661700344,1.4838865613581556,5.0571169189485765
1.133661110742937,4.45070068157976,11.228197143819663
1.2443096092764492,2.2067439219998732,3.0297189096376447
1.5004938829119725,4.5792749715257965,15.73249775151648
4.782872685339763,2.3476349944320667,13.18013850504981
1.7872748217857852,2.1985552775562875,4.319526278636248
3.628884375296005,4.618305487076983,38.69977577538449
3.7434387090125174,2.244074939397148,9.425739713678457
2.296269140863885,3.008000045042647,10.388395384998287
1.5921029740902033,4.921267192107656,19.27946809587964
2.1963753646121646,4.012565394781891,17.681569602994937
3.873044207616327,3.252016177350958,20.479901011414764
4.154082826199799,3.6105468200108097,27.07641226429326
4.034191475543116,3.871985454911187,30.240846665910215
2.6864783416611426,1.4161398232807638,2.693801680386978
1.1325068151279618,3.586374470309201,7.283197670994775
3.074035750148683,2.4475191564054684,9.207275060185514
4.017689678920592,3.0482693704197676,18.666078081290152
4.494912075711994,2.5919676720017972,15.099075836834333
3.931265633820195,4.273093579861909,35.89113579053026
2.2136583096558606,4.328825074562952,20.74056884350687
3.324294492392211,3.722180708492944,23.028433816189313
3.7756312725420247,2.885830646947599,15.721763586613498
2.713034402152876,3.5289155164688633,16.893040675115657
1.1785057066724356,3.3677174585902603,6.683023540238873
1.4309090803708253,1.70730314127817,2.0854670035172775
3.2682501607991745,3.286791820973529,17.65345401881589
1.4437980134880997,2.073337246162388,3.1032469943559593
2.0681724442566733,3.196756125571062,10.56758534253431
4.173025664163599,3.4394858576183993,24.683578180301087
4.004024513698317,1.104925705142692,2.4441783133047594
3.9366093724174043,3.212911812570464,20.31842017211894
3.332396767925705,3.535578800968457,20.828008747304885
4.347636273594041,3.2836157394369154,23.438394799860585
4.194826849574683,4.0095335108155,33.718771134507335
2.062330555478693,2.201447785257593,4.997410891569485
1.7947966722445545,4.929104124832203,21.803250524977695
3.7515455174362287,2.04362790044037,7.8340054775825445
1.6308818140352486,2.85684116049681,6.655254735176721
3.3402427819307916,1.6951080830492633,4.798912463833254
2.192631361192703,4.311265690370929,20.377232549840734
2.52611236400182,2.8778876879170214,10.460931331083161
4.341309911769249,3.1322102709390087,21.295733966254797
2.1077045989105656,2.4182682273990244,6.162950609588931
4.502748965038954,1.3423723718250966,4.056894832886326
1.7354565365909735,3.3072092857822186,9.490893567919796
2.224692014078026,2.1530826545996367,5.156574595594732
2.6683008970176703,1.28663333036349,2.208586442226101
4.753986144534423,2.3055561482093685,12.635118590620626
2.6699082556586657,2.052788252367941,5.625416075537938
2.9204311601200588,4.178094739622868,25.490217721835077
1.5549330778056012,4.783078295511294,17.786753512660287
3.97746085181185,1.2104508149245374,2.9138702701903454
1.724087991167118,3.9343276436956214,13.343522119585332
4.006338823105534,1.5176451029360325,4.613793253499655
3.8614698632511626,3.165513872012732,19.34688704887668
3.286297477791118,2.0099552868594577,6.638189872528251
1.1685238889407326,1.8965197113377794,2.1014657755175503
3.4145313159452946,1.8709429263038029,5.976159545416386
2.8029132683199784,2.1137086869350696,6.261378076777774
1.1914672423366404,2.985846383537636,5.311131219642012
3.0361523194717632,3.2657401586024477,16.190371481426382
4.9010638468974985,2.8801562950974096,20.327898160999208
2.8184170695540423,4.852874964222112,33.187418220945965
2.4882682724771317,1.4152058509042424,2.491761304017493
4.680124595503329,3.5611138131155196,29.675573951417157
3.8813623981549754,2.343543925698144,10.658605655753412
3.8972644566529935,2.16841553408199,9.162519262600751
4.1253581320699135,2.061450122797754,8.76551271044826
4.144858522922288,4.008628095654142,33.302071406608626
4.878006184590835,3.8017574194481814,35.25178845682443
4.201448964130469,4.738984536709433,47.17801672196202
2.6031725761767244,4.3892422844683905,25.07564273170738
2.6737140548717484,1.6704439306011984,3.7303430229008234
4.673299046283896,2.73345208150303,17.458885099670066
4.7791650608667995,3.213884380609382,24.68212415529985
2.231072846650485,1.1616743287536937,1.505402175821077
4.631942238303031,4.411612168478262,45.07417549008097
3.860942293439015,3.655212478312787,25.792210837532746
1.8378261904238213,3.3940263581051324,10.585341218719392
3.067310800124148,3.323310559450936,16.93829307920419
3.4716719266918656,1.3811826519065593,3.3113944120537355
1.9935208225276955,4.074718124417521,16.54953983975431
1.9815036737814475,2.841158061297779,7.997526300042501
3.450212290838981,4.689064486821127,37.93047079261964
3.1935270382033525,3.9119989486768403,24.43644699061093
1.653398520773886,3.4488635673304557,9.833306546893494
2.33207950463225,1.5314672195842052,2.7348201256327442
4.928714994333701,3.615938674597284,32.2215050761015
2.0347303054114088,1.8278900530723843,3.3992021825694123
1.3754164787328125,4.305992819816966,12.751193323622898
3.219773618648979,2.6685896189014047,11.464600519370855
3.324906922610962,4.025432588938905,26.938574647441715
2.7320800282983293,4.00956684851759,21.96131483571427
1.1154911734018378,3.2797683575619816,5.999602613979218
1.711060177369196,2.8908576789546188,7.149714674521031
1.2387908006155506,2.9264910889354083,5.304719054612671
4.350194075439338,2.5033391272862695,13.630695366926545
2.459276379512933,4.2539039991914205,22.25116284888733
2.3609561140931086,3.879022552763489,17.762436074920576
4.342682171027144,2.993913261007019,19.46285189560337
1.4949511593332399,4.146941281560378,12.854428730098208
3.523821817139807,3.374731242116623,20.066070259929507
1.1358652934163884,4.2054470927760885,10.044334826224103
1.227703136108174,2.205453066359692,2.98578828550735
2.2587903685054216,2.163437689035922,5.2860919592995845
1.5265828445494884,2.399196061230901,4.393613615712026
3.3664013243832205,1.0794732226622084,1.9613705080171862
2.1007241594268087,3.352980234998961,11.808670951761622
4.6414489437748445,4.053744208943236,38.13609883091497
2.33483076243968,1.2750582765734189,1.8979531171290744
4.16195357122626,3.7472141730684934,29.220272888996217
2.248851440179251,1.379446498494747,2.139638940955173
3.0923037113611365,4.769531972692686,35.17253535789443
4.503021957728804,3.0535758661347296,20.993821391902483
2.882304322106347,1.6740496728582333,4.038745787243449
4.727378948318059,2.638925108970816,16.460557948614678
1.9981154829216967,2.616135846820422,6.837717794437322
4.422110874078564,2.1643314672596357,10.357314863501452
4.739717259873127,3.4865124507129517,28.807454231629745
1.0044902451424504,2.4435898006092294,2.9989714780597083
2.5558978732020794,1.0476317589912685,1.4025902387976124
4.59125642484223,4.486489160322126,46.207747569261294
3.863399182223346,2.2417099514183256,9.70729946032485
1.676459730910146,3.5405112524419167,10.507395714256985
3.243368388373576,4.074832011360687,26.92685938300962
4.741519971733244,2.665844161865911,16.848339486620752
4.492652548390761,2.694216811427953,16.305642654307924
3.377193970463252,2.468998538531175,10.29360918053949
3.8784003387215282,4.464699148444328,38.655121208242264
3.5888283846855478,2.9272247552703274,15.375697780604968
4.3965726299545205,4.3596818066064476,41.78244428856975
2.6931821212426623,1.7041464053051296,3.9106552585805834
3.1965802701690937,3.0302591604442184,14.676252142848767
2.6937754770065063,1.6846333881454636,3.822453464890027
2.2251644288605754,3.7926330285904744,16.00345521236333
2.792023702989524,2.4054140534066586,8.077347981530869
4.965005256844995,1.9793609413305893,9.726121917598608
2.8788161460748474,4.742331695705889,32.371870007741755
2.8070228034035023,1.4049497528208255,2.770368430094117
2.883053821143701,1.8010178221318638,4.675830668395467
2.3377358112886975,1.6730243650520191,3.271673571469564
2.567041458299732,4.512147865231807,26.131812506806494
2.7131712067488336,4.816509979139921,31.471115199178573
2.148127071311442,1.2210475173669773,1.6013825895366625
3.384088687231241,4.988780294742186,42.11147919976942
1.0878961285712618,4.804420037758536,12.555655029544583
3.947220429787363,2.860165790291078,16.145213782948492
4.965430091662167,3.229203424396206,25.889143627286007
1.2006325410193934,4.095505584204436,10.069204451906796
2.661921227021416,2.560730277102795,8.727560673222392
3.2758152734257124,3.62647591693198,21.540659869786328
4.240670218047745,2.652857881470051,14.922186852945922
3.6300597035436857,1.9410913343775182,6.838734033205552
1.239493109885927,1.03687731223373,0.666298545116389
3.9405392812155586,1.9742914290814895,7.6797695068270215
2.0088199998242593,2.305241572481209,5.337574058728738
2.4772321528717605,3.4840516077013537,15.035084434184995
3.4399119226327244,1.5365892804949506,4.0609994010956845
3.398464653329217,2.4524748983117197,10.220259042169792
4.942198701402967,4.874422338572528,58.71330360801391
2.51775486870456,3.052641635919432,11.73100164248873
3.8123804597045554,4.203811691495126,33.686256145949535
4.437009493272909,3.6450150129216636,29.475352329405442
4.367812409578489,4.212089970383242,38.74621290355855
1.8618049179523948,1.127629538147775,1.1836875092770904
2.832091849793569,4.900952143990818,34.01247708078563
4.902403338641511,3.0099512266967787,22.207412539766292
1.7301384036996397,3.838987082488418,12.749235758410913
2.0615984400843868,1.658200356995681,2.8343148348038194
4.7150890943775785,1.9017945103919494,8.526819832395498
3.154386916959596,3.8326461688517974,23.167673331689127
4.548546730374669,2.984281776181921,20.254536947820682
1.9505381335492977,4.313783800106169,18.148519398349734
2.5289884376767677,3.3819542803593348,14.462797734291026
2.9467221276077704,2.2530206247203965,7.478930947540721
4.754146001604203,1.5751277169454654,5.897583067772475
1.0501405980519198,2.822127160353217,4.181870787014249
1.6865161802142263,2.0151803478079646,3.4244304877172427
3.1079673316724685,3.1462244963982515,15.382462528564687
4.763816731228797,4.90366407723125,57.275181299473694
2.2512364556138746,2.4837858722969437,6.944155258050742
3.845036400465501,3.8200196049329644,28.054442543836267
4.569007591275303,1.3035054218011521,3.8816606750352722
1.3459693359467377,2.319557394704329,3.6208907078154953
2.4656413957846826,3.2584947294213196,13.089828691005376
2.73188438431315,2.9981780568158736,12.278552249221358
1.3803520691864186,1.6164095842297361,1.803278101007512
4.917734656410329,3.1405602182803833,24.25209979611083
1.8699519682200876,2.2773282516967406,4.848994856403629
1.7628255775423618,1.1426091823094389,1.1507335287726677
4.633780644596347,4.303327531543724,42.9056296334078
2.2282174193810422,3.7116587766320706,15.348419343165585
2.909870404080603,4.116529198775403,24.655059343474235
2.0651647300177967,3.241492044133258,10.849622400467442
4.6249295724947075,1.9869237035047758,9.129300651537486
4.290795429729872,4.203081977387045,37.90037743330403
4.642810216439363,4.022826527848442,37.56760824731619
4.668489444600114,2.127997311449448,10.570329743037005
1.6123426356316148,4.895438278532749,19.320150332354284
1.7241716929421096,2.606359326736588,5.856243070767577
3.7404216555215846,4.466052618060543,37.30252568788825
2.2348273059717014,1.2237576019479603,1.6734193200618082
2.7589848601401714,1.7806589831338053,4.374020676081623
3.9429780380102235,3.186369061059837,20.01642508498242
3.6396888132142733,4.658715510186282,39.49723003136639
2.769317166373432,1.821447359976398,4.59384091346894
1.0156923987828828,4.368942589191988,9.693595254985413
3.8038059189714652,4.494618479280646,38.421473838507175
4.968554075372726,3.6238053995641355,32.62344053495289
2.033616948158108,3.3212664288318092,11.216221786860617
3.1204500039484673,1.811595198422446,5.1204668030385845
1.8799333912169667,3.0317436940255655,8.639675520378248
3.367961210039535,4.312494283424566,31.318009394436075
1.9111964673013961,1.1957366686137618,1.3663011487440764
4.3152774074698,1.638252673924197,5.790825722505607
2.675372394967579,3.584755661173488,17.1899005643129
4.287224990777028,2.2402591916968393,10.758279318259019
1.6026872449398017,4.789909664524059,18.38541472097389
4.060447000663876,2.070115769284351,8.700277759122308
2.4417748403018154,1.8723230998625269,4.279935358710553
4.061178201717418,2.2101718028314767,9.919142252869673
4.854959571556301,4.234668661332726,43.5305838346271
2.6172926859805146,2.989824153904426,11.698053091740553
1.7440500055707133,3.548341453511047,10.979428808901098
3.5964633789835396,3.4788826847088354,21.76332332264628
1.0982123482281065,3.9094553238382748,8.392451418338977
4.142301869146612,3.1971264266760033,21.170512406317776
1.3677299620412477,3.868527957623202,10.234387226604573
3.3302702774624087,3.206842191396711,17.123978084131767
3.5487643740356543,4.064798540373544,29.317384364680564
4.573675923396012,2.7441683980822655,17.220942247631797
3.6815044624864846,3.384411681487511,21.08442230983534
2.8553315116971594,3.255199092640497,15.128004819169705
4.443559702822871,3.2761937102472376,23.847352341718057
3.9583928053624557,1.3853049310843306,3.7982159498240793
4.686009621557674,1.255075498572547,3.6907351681840437
4.480575973012796,2.4451989134877055,13.39467677807508
3.353765062969386,3.430286911168661,19.731655890703866
4.245523724279213,3.9679134286375546,33.42147807979437
2.340086174150063,2.1334526439721344,5.3255917313642644
4.587134430201155,2.8759969779029233,18.970916948076976
1.8911941505424572,1.2325110471998948,1.4364408971706608
3.5598333251615886,2.9646111896584912,15.643544274540814
3.3924384945187076,2.142867386347436,7.788836315004257
2.839406541018703,4.847279903356354,33.35752190285477
2.4022667892345706,4.187298369360243,21.060033498695116
3.5308873429973753,4.241660548726383,31.76330502924512
1.2774601827622498,4.315726553633221,11.896664561368185
1.4723487180796386,3.73400563285357,10.264330429593304
2.8476872932852277,1.2936126168366666,2.382707802911044
4.878611449598075,3.2361791078395017,25.546495688300027
4.358100486992335,2.707116647811587,15.969127315731154
3.1307236184157428,4.172543478906624,27.253135506862588
4.883496063020638,2.8107986407015697,19.291247635029872
4.548159145998641,3.935394171270679,35.21941461524217
1.614518371126135,1.340154933809989,1.4498498052414834
2.6297861838661722,2.719873799710303,9.72720235930258
2.7128089337961554,3.7601540468236294,19.177875125899927
1.3246513269571967,4.687137037806487,14.550800474152643
4.504211260870612,3.8373726683178653,33.16322155146016
3.854282469285358,3.6539994955205253,25.730635351977934
4.950302387549068,3.1668467857674925,24.823089757253864
2.9980017130290117,2.2492928917746537,7.583922784348684
4.3655883336235775,4.7730761548736815,49.72897546044534
2.1630701357729065,3.297890193347944,11.762861626290992
2.3313498218068536,1.7839539745570807,3.7097508259934173
3.1233149981178445,1.8654439355204442,5.434382379058781
3.7929558881434553,2.741863770686213,14.257374008592443
3.18131778666828,1.3547026263790123,2.919207751111393
4.675059977259696,4.508201689321895,47.50768476276472
4.315743085526194,3.757397874154431,30.464914133130343
4.2582088589578415,1.87665015382272,7.498313619254236
3.6013700840654352,2.4829033661571533,11.10087957958891
1.497938996625904,2.335557533865903,4.085500535017461
2.733667387782102,3.8743726604606628,20.51721733940287
3.6064109643873503,4.46947702393852,36.02123819463546
3.3656079593292976,3.776647373093438,24.001943184848212
1.2610991485266934,2.249596228632575,3.1910116321202873
4.255963383180612,1.9810633291895234,8.351502300141354
3.1099589529579394,3.927723317549376,23.98868464751518
4.386595717564818,3.7325846894173536,30.557439125526624
2.6304240823314893,3.789371536291845,18.885572452157824
3.1592226726579726,4.036844026787597,25.741519614826984
4.338199406021384,2.6571269213480324,15.314545555281745
2.789864747641488,3.4079500695863323,16.200917110317246
4.691302368216146,4.957209128054666,57.64185003328499
3.331813992622064,1.841230403696327,5.647640285019669
1.6665443559250686,3.9220000228962855,12.817462785937053
1.234233590915574,4.94999106563624,15.12084969664895
3.397856201795625,4.03105102006135,27.606515267166287
4.700580851227398,1.4592455756513902,5.004702909255997
4.648158436706765,3.3695659584756297,26.38753675873927
3.4789905122217,2.7298705069826674,12.96305434484533
2.141088096083407,4.69670826095347,23.61520447571714
2.7354885199367764,1.169835079950301,1.871777324495376
1.6043274650011687,3.5861900233468242,10.316434348820357
4.703765895205573,2.1798720972577543,11.175777017128205
4.408937321201748,3.0421058228915485,20.401052050564083
3.0542683164410387,2.865224349590845,12.53702401904648
1.3926390664249095,3.453020053342147,8.302459757719276
2.7776750232820535,1.0866001228654087,1.6398002097411164
4.036537098137753,2.1048912989297732,8.942074798210697
1.873568685463081,1.7618848239028977,2.9080016788229406
4.784120394139338,2.6846632887171236,17.24057526667648
3.3988566020580264,1.0433421849673512,1.8499346250868378
2.7145934088246175,1.7248108213084095,4.037920192572083
1.5086053047785546,4.877944594465827,17.948136388776973
2.5477381228453964,4.595846183139205,26.906410266459662
2.190115895317974,4.729533495100654,24.494789555461953
4.436153030869221,1.9310577468210832,8.271171884648085
4.442358310809711,2.0257410355633714,9.114890183480814
3.8395745702173523,2.5353588824514306,12.340478411802827
2.794207070340259,1.4607252000097795,2.981025114458745
4.116013442629855,4.700129115192979,45.46386627554399
2.73459585521647,1.5711188324355674,3.375057873955314
3.761454936444296,1.029284772249882,1.99249372726449
2.927601288334699,2.447306312101924,8.767153179691467
2.7209744502795954,2.4235671346425924,7.991063415739929
3.751096613016056,1.523380373865629,4.352562004726912
3.9683745750883817,2.072358512748923,8.521429232001005
1.173878344280722,4.679885787711881,12.854749077711107
2.725391767498675,3.6801508864899786,18.45568607436638
2.734304333496826,1.4393568818134987,2.832395086009222
2.860306021060195,4.413732042686137,27.86085448163758
3.4189466072400987,1.1220392590107706,2.1521791928351846
3.7478016569099943,2.9412566711967685,16.21109883805667
2.139841381116539,1.9221212607339813,3.952875638124055
4.506452936172158,4.97260145526907,55.715001893020215
1.0109209585399048,2.8748856020941127,4.177614294763662
2.5937412925376266,3.844899995805888,19.171970733819496
2.6266720760618325,1.732151185689455,3.940464800545392
4.181638276358669,2.964388655187468,18.37328246566452
2.018076547768711,2.0950878024505046,4.429065435192921
1.9579130762319044,3.5542573651371527,12.366908720944885
1.6762442263563777,2.370937224268835,4.711372143451654
4.331883928944153,1.464259260205428,4.643899090882523
4.5919130532028625,3.881251060537395,34.58654120109321
3.9640777235553184,1.8329668950612144,6.659190025832621
4.437620117236475,3.0663485225028833,20.862346624607913
4.5504207260177125,4.8286880250599165,53.049323670523634
2.2323499532417626,4.541837231630794,23.024776017189108
4.627476426886696,4.7545337858938455,52.30342094010541
4.7365820379664445,2.574736064800259,15.700030664604848
4.48304192712731,3.7143477415717046,30.92487307550456
3.331105215140312,2.1950091628314903,8.024741098798936
2.499961362065648,2.8289474566233994,10.00352503181311
2.193418063597409,2.867406909951819,9.017166211736638
2.0590574010981233,2.5336690837846247,6.6090378999694765
4.877417251622527,3.5447901829750657,30.643684546092693
2.4345348125355106,4.955062184225348,29.887129930850342
4.5361610937491275,4.818508491658115,52.66034876219685
1.2593856757162287,1.753443481589514,1.9360309574942645
4.642045683967707,3.02863353829902,21.289863115570952
4.124734388966715,3.502766846291678,25.30395769191509
2.8732528022630275,2.2104360655539876,7.01939624667616
4.286988170594208,1.1710470373064834,2.939483108008232
2.950085099492878,1.7458854189089164,4.496100643097664
2.056167431138058,1.9942326275779578,4.088651692322843
1.3451197387909133,4.607791479825299,14.279617842820073
1.5699119837554822,3.606654926247566,10.210675953381955
4.708147190755943,4.641761943238416,50.72076125196131
3.5093143759040366,2.5076770900577263,11.034064146441407
4.50028031770165,4.847237490759744,52.86864353850431
3.6936639784113967,4.861812623429467,43.653977698478656
4.163295623062367,3.916897346931747,31.93681730320333
1.1980940855180071,3.7080448174221163,8.236655043386936
1.1365686985175723,1.4926862271573258,1.26620127616407
1.2636143214260378,3.8156975290662,9.198826451475066
1.285839208903473,1.9013195153739075,2.324164592220069
2.2253669070187443,4.57769462398239,23.316602299497898
3.4900009627312554,3.350422414958061,19.588206879338383
1.1973455936425768,4.858464804424011,14.1314799468281
2.077347176717465,3.7254986501589245,14.416104081625182
2.813710469701599,2.028828294182112,5.790819081678286
1.2348173792602606,4.0498868206157965,10.126480028291072
1.1804713598329069,3.6096125184041905,7.690359239414372
2.4178484781506935,1.743136624434288,3.6733468758703327
3.7362074726571626,4.765937474349638,42.43240718114445
4.736013407332774,2.2204374679423307,11.675084207503433
2.7887236986106285,4.088306178426684,23.30570892634879
1.1346906364835183,3.5741807340352767,7.247704770781114
2.5338955545774047,4.430575758066232,24.870186829366986
3.7207256351621774,3.5697714816988504,23.707102764511255
3.403453775029191,4.201373371235716,30.038097168637368
4.5638132906474285,4.229091445751142,40.812389721385266
3.030393972280441,3.010152069408164,13.729223348123883
4.456691518581087,4.12136405901997,37.84988266658095
1.5868949081137336,2.1873987968604496,3.7964187421946454
2.6473048385394455,2.018723954762025,5.394209763800067
4.485039101815038,3.1021245647423634,21.58016214987661
1.5870689608994875,1.8362744242301527,2.6757218991765663
2.624857973271599,2.5200037792158794,8.334474034911159
4.109413162116551,4.891717447938223,49.16686746600751
4.722666938397547,2.533984832796688,15.162309064757567
2.7995104069955308,4.041929241626805,22.868069504588433
2.30913234934279,1.602285928349585,2.9641410580683454
3.836589759395044,1.3596186400403751,3.54608864294315
1.9613507389272593,1.1354892176856688,1.2644198262138242
2.3012286709436256,3.7111644063414486,15.847113522024554
2.053381340025519,3.2499706225385063,10.844224152719287
3.767975774645895,4.018008552941291,30.41584035434828
2.439354075282214,2.1255882678789915,5.510653906680406
3.888004498247164,1.239728343673864,2.9877883124519506
1.4086632768453962,4.384972473646519,13.542877188775911
1.4030672711335757,4.985814424124653,17.438965473013678
4.621591223502272,2.003308309699869,9.273787048608721
1.910705653873944,2.959735401143736,8.368922906606876
2.223027025169133,2.7523198086066802,8.420008662915203
4.265705003406964,2.5885473358552122,14.291343078412421
3.291084977675544,1.6230738780229013,4.334965813916803
1.2000852567627254,4.517634007622169,12.24628021945566
1.2563194580973316,2.331015450410877,3.413189451908742
1.8617877706813117,1.2000993231367296,1.3407091063954628
1.0197115014381684,3.305403604164408,5.570527399718961
2.1467843272092115,2.039909948946857,4.466634463574616
3.1034099470571928,4.183297766369475,27.15480631626891
2.0720890383489867,4.331921498521837,19.44193887517446
4.707225370857433,2.026027911622163,9.661083693644077
4.560950680577694,4.9274388061110965,55.36915036593004
4.904923030290746,1.227693254871058,3.696425355001618
4.24166380230298,4.45176181556595,42.031035286042346
1.8019149878584582,3.930119658965531,13.916045778951549
3.939814315536404,2.272070818770075,10.169263156855635
3.7981330003856244,3.49090956055991,23.142878115701738
1.4348775019606537,4.600350525629091,15.183317681053735
1.3746808246063393,4.6310754791710655,14.741293659466807
1.8561511673919266,3.6901313296675564,12.637669474040683
4.319949526908681,1.2702084350932572,3.4849669347508008
4.2484626259483615,3.031241635380952,19.518341911902166
2.6277637121330377,4.528496109858702,26.94413918997332
4.883652637067273,3.5871115206437474,31.419880424741862
3.871588084321983,3.768525759842236,27.491733506185422
4.267680821252111,1.352274835864205,3.9020413598056005
3.6406664172720427,3.4276366770887874,21.386536372059076
3.837953062648074,4.4863170910319905,38.62331940322305
2.0660722459253535,4.13565345844605,17.668667136563634
2.6866495802367987,4.501044454624661,27.21495584141622
3.6698281641173165,4.725506314673147,40.97438363872847
2.355697019636484,1.437772589020875,2.4348366819059573
2.7728398987523626,4.342967991859593,26.149780996923557
4.2536942331835625,2.6785995523763826,15.259905937867636
4.159150424708741,2.3306699011540277,11.296298695425968
3.9349117591499705,1.953455404116463,7.507788058214682
4.460960051993067,3.3274898509032114,24.696295756954743
3.424321011740805,3.568961365183533,21.808619148360645
4.956103912987667,4.891070838331537,59.28138117020589
3.996278876793506,3.7212688483634473,27.669918920781743
1.9624052641202527,2.001496527181925,3.930686311375065
1.0628254960861616,2.004645305445233,2.135536757583643
1.2852743132652664,3.9287693256202303,9.919251299906056
4.990341585225169,1.7482033534845303,7.625778316949235
1.6251345479658963,4.60651730028133,17.242678884733685
1.4011074917296198,4.063723962813061,11.56884118966278
1.2792585953183928,2.822544111570729,5.095770072703916
4.250934606539696,2.361388958129737,11.85194110637976
1.911077198473059,3.901506865782894,14.544975237747575
1.5910948765773516,4.787920934621964,18.23727814420484
3.705048837258262,1.9061231819313713,6.7307873159912575
2.526103400147555,1.1698903581452176,1.7286674364198311
4.621412748429691,2.415837409040658,13.485907184698032
4.359760963621288,4.841302491286303,51.09249609805573
4.240181321191647,2.3961940624943914,12.173022038594837
3.082169112783177,4.3812305340250575,29.58139698433404
2.040999082863772,2.200504124000961,4.941481656453055
2.7315403906434383,1.897386407399317,4.9168753803734235
2.8401453574012456,4.3144894052234,26.434395636299385
1.9392134659558042,2.079157749794091,4.1915099872631805
3.267186071584807,4.344310606448994,30.830857960839378
3.6427859807925755,2.569244919296684,12.023050565410905
1.7950961793524662,2.8830672589670905,7.460488670788977
2.753906880035836,4.236061290669925,24.708348928354926
2.7633563177235887,3.639956455060366,18.3062449344052
1.4917356614699142,4.7292308521047435,16.68179979341841
4.51367063722059,2.341539850092805,12.373796702041313
2.308248328264965,4.687844649792426,25.36290274652002
4.184682865994269,1.9619871576024064,8.054245734996693
2.22452620307824,2.8944877056237663,9.318605974982196
3.052498050135587,3.3140785552851244,16.762971110710204
1.3770016768428994,4.220483878716166,12.263910285760154
1.509905941088637,3.016476356543466,6.869414928124521
3.1109929738386275,2.1976372949106624,7.512440890403908
2.683414740319602,2.111172796344709,5.980057607028988
2.941678046441838,4.769643068198411,33.46084500164684
4.195443271646694,4.223641543833904,37.42156649518284
2.754346498663761,4.852529055192459,32.42835115339899
2.215825644434198,4.931448281971608,26.94353373841641
4.698241941914832,2.656006837119382,16.571573951093075
2.9177396880109985,4.143886929503287,25.051419559936257
3.521612933897052,3.308003864471377,19.268310717306758
1.5590052327535955,3.5045977916925364,9.57401146363544
3.81113843372596,2.966979826472371,16.774667297336666
1.2067586907406507,4.555171585476083,12.519872928606235
3.3894276352221615,1.503594580275808,3.8314033416204127
1.774707090801281,1.5060855995252123,2.012778574809225
2.141195762692937,2.1716184294372654,5.048861029833876
3.817963288483912,2.57559132667711,12.663555565987782
1.8823214263759218,1.659318720483399,2.5913341356205484
1.1458911908856515,3.1540721198748747,5.699760721279606
4.329998398436635,2.2475007235424753,10.935972777575268
1.5253277481947891,3.0630526707147885,7.155534908052271
4.2082632014520165,1.4860991817885396,4.6469552361386235
2.0256373013792657,1.4334826217061627,2.081213118583629
4.254837979671889,3.811515899128961,30.90640582582382
3.4517494437920826,2.9844990119324537,15.372770610510555
2.4136208512873902,2.937648478133324,10.414506762642832
1.3557510281467673,1.2548986662921053,1.0674984724994863
4.147841060359093,2.48958836873123,12.85426365168688
3.3815794803684533,2.6011799716654935,11.440115434513714
3.603337104261296,2.0064959095538653,7.2535641370866335
2.3424785139346302,3.293013255759119,12.700843897664292
4.701829921626095,1.635120281197203,6.285449340863326
4.825769501649988,2.662278900078846,17.101873081662326
2.430812556448546,3.4406862932363156,14.388371087193047
1.1567604947157348,1.3662312419063078,1.0795975171581689
2.6405051640654134,1.3803859396461533,2.5156955382415163
2.137797372601723,2.95315222112325,9.321980928246592
1.4610858051379618,2.3476227488972183,4.0262648935433845
4.484686412085228,2.961907398660622,19.6718424832609
2.3720919925422077,2.282734245581019,6.180338185083176
2.889830428189189,1.1728875868964646,1.9877197091841734
1.6315434391648482,1.3204626805153867,1.4223972648696142
1.4675232244249687,2.2249758501714823,3.6324997269212407
2.263609150418434,2.580867106727822,7.53880882546375
4.785082605413004,1.0285201870733451,2.530958849431603
4.961028772094365,3.7314800114623528,34.53854111037887
3.1132336592255605,1.0867368148226029,1.838359657562263
2.6292083670714783,3.6578297134929647,17.58903353722347
1.8583687197801328,2.603658599639156,6.298976180847723
4.136210010391766,3.3913267808910352,23.785476963321646
2.5211748353668857,1.6886575954917835,3.594646297661218
2.211363217564609,2.2982993365299076,5.84040910369352
1.1004119115654545,3.93512805686626,8.520067326411782
3.9182410010225235,4.6078647446387535,41.596864409233916
2.368957710883262,1.9534471692128155,4.519919009220584
3.075139116628591,4.20443534502792,27.18004232873415
1.1482365457561698,1.769610186278582,1.797862975240828
3.4590516119930714,3.701734047195392,23.699406671999775
2.795417933617504,3.997777841153234,22.338502920046462
4.28828802895748,2.4990323911342185,13.39052863419362
4.326476087787569,1.7638364450848245,6.730090990717465
1.3398144138758394,1.6003321127535197,1.715674474777806
3.53617792677991,2.05877520557599,7.494142929915193
1.1138983935273687,2.251806780706665,2.824085409537463
4.0856731109505375,1.991556865844605,8.102500076216844
3.6924064520748265,1.006595664443375,1.8706374149740748
2.4176834162376744,1.8334815741613903,4.063708388848742
4.950223996953239,1.6815646531440112,6.998774408267624
4.825604173107862,1.8483128771559274,8.242760442972585
2.0835955831640436,4.558027066930349,21.643985390689366
3.474433781778982,3.1910793926095886,17.690058214679325
3.528366766829004,3.7130632461350825,24.32251169107624
2.5661512327652374,3.457206986370641,15.335679216289321
1.9974111714336296,4.064224963621586,16.496543517452416
3.859982745543744,2.808573488444076,15.223936074873354
4.679945029613204,2.4037853959642765,13.520792283340608
3.1564282916291275,3.748816273506898,22.17962733270282
3.4335339121915704,4.538012647402918,35.35434123563521
4.635659590006485,3.048020987718499,21.53363996262646
3.424754655999105,3.1292301180059554,16.76773772340247
4.292419005365801,1.9923980953904938,8.519700918287521
4.929322871549157,1.695099476854523,7.0818650951461235
1.9694527893112888,1.5778174274889336,2.451484074322148
2.4758034758400775,4.829181911569679,28.869103873805468
3.067473691689517,2.0949960647387815,6.731584070462553
2.995862072749263,2.320494289477525,8.065899885749385
1.8130074435944432,3.364837108610944,10.263551866392774
1.4818566174862067,3.2971935392420444,8.054991168856787
2.9776203326788657,4.237176328777846,26.729596356466583
3.0855080927593233,3.790934566961316,22.171203641833017
2.4158160937293798,1.8193657677644053,3.99828651735197
4.141584521898815,1.6770418121741768,5.824039535895612
3.3999193519322373,3.792998170290535,24.45703956847967
2.9084433788479265,1.1086696689699127,1.7874543135441632
2.997262611516588,4.457347634811072,29.774728760397135
1.4885805703027484,2.0154276125699395,3.0232687786869916
3.0199674106970615,3.133339600132941,14.824743767232485
4.642207133568302,2.174110613816837,10.971292441756614
4.152981989832823,1.754169395637648,6.389591763095592
1.0228630713558955,1.1737976005913784,0.7046507826611256
3.2363691595091275,4.708847844079974,35.88040802692831
1.1049909332717514,4.302444450270357,10.227259189602002
4.2492676652603345,1.440845227009063,4.410814131149962
3.755624435018533,4.595051929738865,39.64907026725946
4.6903358698032775,2.2421505801031762,11.789720228869262
2.9104562497742266,2.167602736783693,6.837391708817882
2.9710943650493387,3.718152454814088,20.537181261791964
4.2751556569417435,2.8416448071498595,17.260823847016834
2.901558886312132,1.5821017203732426,3.6313674696914764
1.7391406464369985,1.6295373697954116,2.3090501141118005
3.1443235068367095,1.8784494191496965,5.547486288936169
4.693168443059314,2.7850602397230833,18.201422573890394
4.85384858006608,4.691795331056914,53.42374710181648
4.33390050682744,3.421023048980929,25.36068278236128
4.54735762207383,1.8247680571919078,7.570846735742303
3.1665368149930733,4.243155063261703,28.505742128775562
2.453065416843889,3.6051798130697743,15.941639922695233
1.0223372418870738,3.3102503597425246,5.601261761372973
3.269237410294717,2.5282995810075004,10.448971140494566
3.978762334751587,3.385437384623931,22.800668151581156
3.5056544948539945,1.5973768843088227,4.472536634453256
2.765975340411217,2.7570209537976886,10.512316837580862
4.725576546054425,3.3713253965999286,26.85506148519921
2.4354248993183236,3.341832057301312,13.599219629404258
3.533362557328635,3.5863037879645825,22.722303518540404
4.052531351808915,3.8400547032333554,29.879354433102215
4.312522006253841,1.4803690955064495,4.725430159090942
2.5061203286397284,1.1877024627121338,1.7676132063594812
3.0636700198808486,4.6337580910606535,32.891123299812435
3.981846707365652,4.351069278506075,37.6917704448777
4.138464553876904,4.687999257952338,45.47621516962368
3.4884291919891925,2.0497176175129286,7.3280425825627615
4.4597307215716,3.799222479189367,32.186080530692465
1.3005688032512595,4.969449718675821,16.05905324977234
3.0105768939961366,1.0322873948824558,1.6040613588793387
2.589813781961814,3.2824392282597854,13.951854242454388
3.3755159509921646,1.881115585470932,5.972293360977811
3.7235973296863323,3.1167264730610924,18.08548226999868
4.5437539445430115,4.486758607026482,45.73516168488746
4.4104165566353135,1.4643713964850824,4.728812437596172
2.097670574052446,3.8963991462956753,15.923340036079365
1.090139266980363,2.356887828364959,3.0278183368283926
3.482769506063394,1.9082576306718995,6.341160606959722
3.575459471074586,3.9624080345627894,28.068567913923136
2.9644281408753597,4.692967059533324,32.64419349044082
2.6621534352352576,2.5856835825406765,8.899258928533845
4.660546992332469,4.894521626746642,55.824828722110695
2.4121327923199085,4.956311867558814,29.627053981660012
3.6662228047996215,2.427515229510785,10.802214212790751
4.571622321833727,1.2566662379381888,3.6097759201747053
4.9205937651922085,4.596369000299047,51.977727770024785
1.8240265532304871,3.0269306465721093,8.356147579364775
3.481685073402894,2.469462119984033,10.616081095621064
1.2659957017987664,4.68984915294285,13.922588385176834
1.1456685252116876,1.4456096389934903,1.1971017259554917
2.1104950181516084,2.8136006843569974,8.353707363797902
2.5749009095050366,2.46551388994899,7.826100706115448
2.774938328929308,2.250712639333512,7.028512792688059
2.806601996181257,4.013115712653107,22.60029970923404
3.3483205983773345,1.649757154048177,4.556559855203848
2.749307648612907,1.8566810547238455,4.738795381891754
3.64837177091778,4.707154772728311,40.41904496426379
1.6192630232786955,2.309338563011845,4.317800960015598
4.939863561514263,4.841853182894417,57.90395004371877
1.2651871731659279,1.8186372153692538,2.0922661677438144
4.816437905559855,4.106757180569756,40.6157072708646
4.215210955824306,1.5327573643711867,4.9514926824269665
1.570255947169012,1.5724259080397576,1.9412471581369255
2.8243435231602154,4.258125523081277,25.604980072015383
4.934536056057372,1.8665771845259647,8.596234160989455
2.575485601728742,4.028278149989712,20.89623443477948
1.6602062905643589,1.0190504111328336,0.8620320171924375
3.3036369542661554,1.3127385253626147,2.846549769056148
2.071699114065865,3.883289091643095,15.620543129328517
3.3251958337942447,2.941587895202172,14.386358930366578
1.7033857851801062,1.705566088645857,2.4775368798480195
4.185867309343233,4.674494638062337,45.7324842486815
4.77105480980899,3.109358332355365,23.063539543215587
3.7630670183863417,4.429694594131712,36.919815906077574
2.2422517949010183,2.597224747105815,7.562640380672644
4.585140603627108,3.686596053364761,31.158301102396898
4.687206479286759,4.019451632356764,37.86323384294191
4.228478549331467,1.2864571536559612,3.49900681819321
1.3082346933828428,4.219038787263344,11.643477345571881
2.4579150869393116,1.6003801507135327,3.147626493963148
1.1288646406601783,2.600818669532927,3.8179656981542007
3.1833131522161335,1.7550848145282805,4.902815891838758
2.7502371481642895,1.5913576488919028,3.4823766334725965
1.179277870985473,2.88543580642017,4.9091803487173
2.077893910841563,4.760409938146269,23.544099317711257
1.9083072647972856,4.224783874570451,17.030496196406823
4.396210265465719,3.8686586312617988,32.89798356341713
3.750343326906989,2.9569425687172948,16.3955809810598
3.6389630392750565,4.236796805150175,32.660506891643664
4.725806625287511,3.1441893480650696,23.359488845163614
3.3085485911278405,3.833549759339483,24.311386690694356
3.1408961269700373,2.5110353585225442,9.902143931700335
2.6326521569321977,1.0917687571805943,1.5690067413774669
4.330160704991593,3.7862273405907647,31.03754722719676
2.217668310624058,1.2031925863413777,1.6052286026305471
2.176404281274203,3.7995560754626863,15.709967720049072
3.9319341465687474,3.282718844684526,21.185738937754206
1.1066621024030963,4.983875572251508,13.744198678985242
3.6998937360249515,2.8631852071127235,15.165549063947562
4.001836069785403,3.1925754945600837,20.394433682725136
1.0913805726721235,2.1011591119788036,2.409151463719033
4.850808676344284,2.501561584391818,15.17772039582717
4.393896035376593,4.758027125853762,49.73631540209281
3.007568565934175,4.165298284621098,26.090220911080742
4.3140851514267755,2.171423238401575,10.170625892590222
1.7557436596800717,1.0422313861201697,0.9535849938666776
2.079870836217534,3.878007174423902,15.639525987514181
3.8974847053498,4.7549414258258444,44.06002779101205
2.924375610227757,3.298639801027491,15.91010138503324
4.63074490248685,2.956336369716127,20.236180947881614
3.846299524677641,3.0568655123426227,17.970732103743718
1.4823957797383267,1.1901808984616333,1.0499294702070125
4.18064829925514,1.6000391228733855,5.351491520604558
1.6313615350341961,4.828179118575937,19.014590169938444
3.3235851088404127,2.857637334702498,13.570349449660966
4.946155397449813,1.60126662869729,6.34110678420192
4.996008878501767,1.6119859368347451,6.491061189448845
2.335993651015416,3.5325843548041536,14.575610182434122
2.431168136549229,1.6887027140524817,3.4665015779286192
2.2263971058537684,2.6618359140549437,7.887424113359176
3.8681192165896507,2.9150065941940486,16.434214008457307
1.3498920565183017,4.063695014147523,11.145800319738747
4.889952054558263,3.9065149219319806,37.31243400794375
2.534260168454712,2.8557938071468207,10.334153236240686
1.407014648529795,1.9474879624507069,2.668198816304961
3.0661144672514813,3.8261504961729482,22.443080408007198
1.4214209230753005,4.952030014250297,17.428469261045223
2.9118920153328904,2.095605788303186,6.393879519908256
3.3641560038236946,3.8799968323238176,25.322633724558028
1.23518038072636,4.616848889902922,13.164116276659751
4.799506521193525,3.8845555737417463,36.21172957183174
2.4474933238152503,2.492237367954054,7.600992902738166
3.8983063641945304,3.3206878288001316,21.493249096241332
4.685971045874906,4.1750430287193465,40.84054384590488
4.677230143845701,3.3929459629989878,26.922329194310272
3.8548024424246927,4.923628674030839,46.72429038163974
3.057881444318508,2.254519467128136,7.771388623443035
3.835849085174123,3.5051183493725895,23.563342146674852
1.7129995786968273,4.157994883497733,14.807957581008356
2.334452227592705,4.276348255792328,21.345244168329668
4.125816967004291,2.648273570418955,14.46790520300126
4.015348052691877,4.27437758091511,36.68081420043397
2.95764201239116,2.332319753653674,8.044365450465392
2.5222506314672466,4.23942536527524,22.665861551901827
1.959587303773978,4.482348886611259,19.685476677365887
2.742048772726128,4.846403210467891,32.20210538926059
3.398814941719994,3.728923790888978,23.630044442812107
4.622982775329028,1.532748998366451,5.43043177261502
2.6796366260564417,4.700077879769094,29.597567383483707
4.277674747841704,4.114779134360597,36.213526778866175
4.548377242712401,3.473153610873108,27.433073415677324
1.1372480744403002,4.069678031162181,9.41771010823965
4.66811797314339,1.6908194555829277,6.672772221801331
1.5046745591642723,3.673102943693203,10.150297766654052
4.458250345500927,3.2125975825299204,23.006317694424126
2.356566658291367,1.6745290280182052,3.303962382938757
4.225256525918822,3.940047153973083,32.79638110384615
1.4965321564313072,1.6445121368314113,2.0236258730957175
4.027704288775192,3.8790520008046427,30.302522681873935
1.876175410427484,2.528360487458008,5.996825800699259
3.120011700821032,3.851557293095857,23.141896775797072
4.789261420302633,4.622143654019238,51.15939805374345
1.2215964890079074,4.089468092920011,10.214836703587274
4.261007231370961,3.3074700589920263,23.30634217947831
3.6753596586050423,4.058621169906441,30.2710078802394
2.7020136759027613,2.3793916342677455,7.6487313590935715
1.4301193266447658,3.157042535250263,7.126940721522383
2.476220924390086,3.9993385309347134,19.80321616268398
2.526064775234358,3.6274337548150934,16.61932830555169
2.2943850694059327,4.739745459751086,25.7718948437566
1.9888823156945215,4.719717812511661,22.151908928202676
2.188595182188302,1.7388152057053343,3.3085850418550096
2.03726534275758,3.899295930089686,15.487809365436393
3.1820411971523317,3.549618329538662,20.04652588180624
4.826064243448615,4.275795597767769,44.116086012368825
4.700309081285305,4.6548745129403475,50.92281188287499
4.917180656480186,2.884360252623418,20.454325992378305
1.634775631978123,4.468066134143145,16.318015646994155
3.3684351313623413,2.29444298706712,8.866510525299613
1.1125792269016777,1.815316303635516,1.8331819293562446
4.292407789101107,2.4676028730100166,13.06837273980723
2.2260814291967908,1.9751144972513761,4.342057840376748
4.990163948732252,1.4309104887817128,5.108692386039598
3.465276064472043,1.3854747727308467,3.3258686076720716
3.8585964485933437,3.7114226801459735,26.57542381913061
4.1601823852695095,3.3718939235866916,23.64994758443421
3.3047211822005806,1.8983555819141968,5.954700949805195
3.4471374791308174,2.722210920897994,12.772389455250986
3.406373723980564,4.218275885400821,30.306254005933862
1.2123532902470604,2.0604310907604484,2.573447950559381
3.7012137209446094,3.1820925580969917,18.738714034350988
4.641975481227492,3.525941810107064,28.85513615766737
2.873568159012904,3.952877487814619,22.45009669355986
4.2479361942142315,3.0923590058511214,20.310836208259182
1.2391031292767831,4.629113994527476,13.276182366877256
1.3785549178974894,2.8662795236787764,5.66279915428715
4.332170333367023,4.729575734590123,48.452913522786595
2.498584128910427,1.81300909663612,4.106425495066049
1.926995030073198,2.8402108325576703,7.7723394162529065
1.4517107491025896,1.2280400384898038,1.0946496689487644
1.0025547932807655,3.408619292925061,5.824184411853525
4.5367037262484295,2.7567320066966055,17.238501846019055
3.4768324156177592,3.3848558258948893,19.91746729260667
2.5367778392713993,2.0633890181026064,5.400259990575919
3.2603015188321107,1.56656739266433,4.000607418805028
4.1822556555754575,2.431868681445303,12.36689920006982
3.8173268656276464,1.7685245189110796,5.969686487234732
1.1831184909562964,3.0147365953008802,5.376467091775233
3.8547354647470633,2.82072869324119,15.335121331844526
3.6192216596959015,1.1973488168604622,2.594338050992129
2.233002358712783,4.487425682314885,22.48297225111205
1.130838599114882,2.053807157468438,2.3850086270981223
4.707944566460117,3.2864202067194834,25.424213646090656
4.328896884528332,3.86191363135664,32.2813998400139
3.0227007359240625,1.1086709476886765,1.8576782245716852
3.851512939648368,2.3825865984589587,10.931978147423333
3.6895396089121877,3.1805905997214197,18.66198016463963
2.2883622022252132,2.0694818490746587,4.900247473172906
1.595276370512852,4.063052879196595,13.167729179877751
1.5261842694332004,3.259296889317242,8.106340118888255
2.0358887719646113,2.420292261333515,5.962929517009279
4.603991091079973,2.484274137893242,14.207037126830826
3.9072089680409614,3.0652909274596536,18.3560842788209
1.9793210055426944,3.713331086688806,13.6462582129651
4.263534920949727,4.051814947716463,34.99766206907982
4.2149693001165875,1.1299533611952408,2.690825017566403
3.8617505547710422,3.4647926579464,23.179748673336068
3.818635654907537,2.169610962468785,8.987563270757175
4.630708448548408,1.5046063357665678,5.241592029491735
2.0352001234698145,4.858447199604665,24.019950010336295
2.6753361907607385,4.779265235872231,30.55418019038716
3.336150546910868,4.9454168167891055,40.79636299029162
2.233921620436382,3.6500282907765897,14.88094107275364
4.233105704415408,4.816552506943613,49.10228647514145
3.5439073475637355,4.197743197245691,31.223680650928774
3.328131122603911,3.9309688161928626,25.71399943463407
4.93388876648296,1.5490090676499237,5.919258120661002
2.3763582703065174,1.3036711822114855,2.0193800096600505
1.6783985468628102,1.4802292155506929,1.8387515108853434
1.602706519389653,4.020706225475218,12.954739743787384
2.279149833512824,2.4115108820900204,6.627066574654363
1.0066356319731375,4.911992718054458,12.143887408523861
1.808620178466818,4.727113115193712,20.207350086547216
3.9694347661787304,3.8500496541633344,29.419232246740076
2.8361807248271926,2.333711447412615,7.723216664455695
4.299691660623718,4.74164867150317,48.33548283364576
2.464998720737637,4.3226589102991255,23.029718965775015
4.0335561263693265,3.1528282667390335,20.047431578136138
4.063000978614902,3.975865419939331,32.11295584354938
4.789622649643097,1.4843302804099046,5.27633543729606
2.1695239738313448,3.8585454491250273,16.15034105894106
1.642462222407671,2.922148115445473,7.012451075585392
3.370596830070254,4.753266165247888,38.07685586731352
3.9241816051168583,2.7809353462167032,15.174028177273984
1.5414290601964806,2.875391921069189,6.372174246987041
3.4711630970300322,2.9537086655062605,15.141898776878833
4.001943055396341,4.04942202716337,32.81156844326095
4.690425199068747,2.4775208600223095,14.39517199902354
4.24078358674784,1.142194761828434,2.7662819498827944
1.2901224890049812,1.7311766317921253,1.9332308302403238
3.9873035528417935,4.389111360255431,38.40630299126624
1.7578599937583288,1.5055608064810064,1.9922823506203378
3.328032676863334,4.782638767207818,38.062099992424116
3.034970681869924,2.5245123065632136,9.671180496136571
3.658949489031097,4.7297809188010405,40.926863998076556
4.49086415504894,4.289956922132882,41.324326572251394
1.669832651577548,3.5875996615246972,10.746100601689276
1.4573176609750012,4.8295040582551225,16.995318313054167
4.159764598372557,1.4876322964107493,4.602883208826513
3.27735914038838,1.8261610660799472,5.464773898256793
1.5415488145182352,2.0162504403820254,3.133402866897802
1.1174551816899316,2.196668816631002,2.696058353911203
4.163057012916262,2.1967654140337047,10.044995064605976
2.140122758522513,4.11467742159952,18.116749389585006
3.859176803020429,3.8358366656352967,28.391274732876624
4.1614896567750534,3.1145876582858936,20.184590388961194
2.9250938586297734,2.211891243478882,7.1554565516618736
2.4240558191423958,2.983857217970905,10.791174013636299
3.491652931996462,2.1446782976030163,8.03018197556196
3.5645522061149317,1.3257727860273607,3.132659440686178
4.805556966859179,2.034445902641743,9.945028373785789
2.621034717976262,1.61900359215266,3.4350922343585126
3.5280713711968295,4.4793304130401035,35.39431928451885
3.8968231531576953,4.316711185194187,36.30669246512961
3.531467483478029,1.0433724674781062,1.922223847310309
2.037889147442043,1.1983530821127673,1.4632554665739514
1.0502002655352594,1.1500216932101357,0.6944711253796014
1.9626663284876495,2.856269027381274,8.005983619172722
2.1774782631168446,2.231281933841326,5.420417400766651
1.9274673021415212,1.563251698780717,2.3551297705258354
2.523612024652466,2.3740252812374503,7.111533683614272
3.6700513684409892,4.509416462443922,37.31494787071298
1.9328058171039468,4.6858696351243605,21.21967032716869
1.9484769975340086,1.431234763597209,1.9956622405999154
1.0038850140650646,1.6969228619434609,1.4453671403785098
1.9941384855629156,4.5162210491668064,20.336476100501432
1.305512176691614,2.1754093105967973,3.089106612721247
2.4127828414674846,1.0453603234660132,1.318318252334785
1.9823268123223774,4.714066149320644,22.026049163518216
2.472152332673456,3.5782162858537445,15.826264096129453
1.086656053811053,1.1567728030314117,0.7270399020345617
2.5705787481153073,4.6530986032336745,27.828220027903626
3.9599215614357957,1.9416364840664166,7.464357572970171
4.2602898921146535,2.5697740571171708,14.066920626755957
1.9334804222571873,4.051097543669301,15.865551898322574
3.971306824008999,2.5685595794883915,13.100345036660071
4.577126363275875,4.013543486268565,36.86539168044569
2.5548786680480897,3.081553919605329,12.130531417113879
1.1975909671103069,2.100086366541242,2.6409052937030184
2.285167211234807,1.7567353060523434,3.5261489007229483
3.2525143864716854,2.99550931974769,14.592529528188193
3.047362131848461,2.2496560922714224,7.711277550825962
2.9437496167823345,2.769455159143078,11.289105920306273
4.996704417208097,1.0195945016632701,2.5972193701960453
2.5740125819121324,4.790029588753509,29.52956585658792
4.677892336552736,4.741401533433336,52.58158801943289
2.964253648134654,1.967792365179457,5.739101555438539
1.4789643709876317,2.8463987638742805,5.991274257169102
3.2388654198966944,2.5885887447085745,10.8514812440922
4.915290352080863,1.855646055989168,8.462710168066176
2.221655816118599,4.554753600401378,23.04499179876675
1.7448232899176723,2.4984102168248215,5.445640259160189
3.2447091265711165,4.492807997428642,32.74775201894447
4.344284432233907,1.550659355897853,5.2230124843818775
2.247244619065262,2.192278861494247,5.400226132670626
3.3569677076094866,1.0062936724150906,1.6996779941343976
1.9974670923161315,2.2485073809240688,5.049382523172911
1.948152998877163,1.8244852297475735,3.2424535956015412
2.9518355857187935,1.2388723588276846,2.2652455969781564
4.104981973941583,1.3010058400310607,3.474079486269874
1.718489961090147,3.335956715471999,9.562199883504444
3.692369900117496,4.364421350571668,35.166451657801005
4.346863306787453,1.7297733060149496,6.503158951700802
4.470320116675732,4.519755819751795,45.6602803204172
4.35913016431067,1.2938082959071813,3.648460969960714
4.5670131368987725,4.542281387814623,47.11403871295097
2.938627721584223,1.5730672780671973,3.6358768927795895
2.3679167987627503,2.477096374485592,7.264776373347618
2.2665953237672847,1.05401491826521,1.259034145209702
3.5078556097993747,3.6097480165179996,22.854171700368052
4.645505660163961,3.444674443027,27.56127876447522
1.0722868956478186,4.0029629790813654,8.591008526681359
1.6003404966416332,3.0452080101704793,7.420212222526843
2.933141646552992,4.649911745661435,31.709723927205815
3.496669987756957,4.762534113692315,39.65526435087712
4.112915172398127,3.1072109869543936,19.854604686462412
3.4710808772271173,2.7668817219909614,13.286663194626463
1.110216792386725,4.252925557158413,10.040454168759881
3.0843621267866017,1.5204433053652813,3.565133749637258
2.7045676333186415,1.1915655910684553,1.920011181168453
3.7509026498821085,3.3623587027883093,21.20283252093918
2.71663227833394,1.129857007253905,1.733994947533834
4.692322801379566,1.7891964209016487,7.5105877909375405
3.125660259044827,1.7499222715793676,4.785742113992658
4.001886197679694,4.965767097240123,49.34094145416223
4.046808609143197,3.7878818516016333,29.03190395035753
3.3497379859156386,2.529019378160654,10.71235993726043
3.7324933144329395,3.0151564198711265,16.966362331168888
2.399726431870528,1.5480747485751314,2.875514704754135
3.749826491536425,4.831919020642289,43.77442717698911
1.6926826733339477,3.6757825696132165,11.435237292776959
4.978701450109371,4.698080429613618,54.944848940122796
1.9722828967741108,4.402240620086273,19.11114759294362
4.053759705625936,2.844104258343919,16.3952872864636
3.4566459690136084,1.7338452426541084,5.195717956685747
2.244999680186125,4.510941611582004,22.841293761550663
1.312137330794949,1.8377595017598956,2.215780058784434
4.352973779772867,1.1548503182589895,2.902735419442631
2.150308872838977,2.5331088805936988,6.898879609012916
1.7319712473461717,4.914290124896822,20.913767083964057
4.113821482235463,2.3642668838198104,11.497633060493795
3.4985093051831786,4.161283931765288,30.290590283970495
2.763070009547812,2.1799449048840147,6.565275095856541
4.409592621692001,1.4324668151979423,4.524156432262445
2.729458859042158,3.389478111696791,15.678778486414604
4.990782283528553,2.90427811380382,21.048203463808516
4.688321362340201,3.853750336818723,34.814048386584616
2.646853516139433,2.723060280573446,9.813285232372017
1.4470325324720728,1.0534457242379873,0.8029206526689011
4.2350942819747495,3.1523904271912087,21.043263212678852
4.448169482458004,1.9142694576835195,8.14999741401752
3.2152648539442565,4.971489785062554,39.733777949622215
3.782521315552775,4.745221376415369,42.58575436202974
2.313757558346448,2.6994804395892187,8.430400843030005
4.203712155044341,2.117088990058827,9.420657224408538
2.9762572459253196,4.541290986191054,30.69015847904484
4.431598361038776,3.086877806857313,21.113939569743852
3.4183038601206706,4.51611403804408,34.85864243892677
4.079088978164604,3.820726936197472,29.773177287239974
3.39771039301807,1.3309164708001822,3.0092478741474866
2.654685766996629,2.713602405754712,9.774072517882493
1.9163032066961816,2.5002597184075244,5.989691833599334
1.8742809827988354,4.621341113261991,20.014316128794565
2.5299576528217735,2.4220272743113713,7.420639179798115
3.3309790483432202,2.084508951299363,7.236847720248035
3.839460988709382,1.9544842272984315,7.33338698805461
3.792101633274488,2.931790440059377,16.297306058746113
4.726845796113805,4.8638348542049386,55.911234315054095
3.0068863138263335,3.3266966456145153,16.638470967557485
2.272879503608414,1.956211043374891,4.348884055446252
4.7507154914344145,4.087684343207221,39.69024044464595
1.5664814839654433,1.8351944877785704,2.6379068909090577
2.6996075742357846,2.898049248849666,11.336582824760786
1.5137412399302805,1.2484632153602786,1.1797042633446477
4.698239139658556,2.8588164068822772,19.198957826198153
1.926267844893518,2.4989152746820715,6.014364469792394
3.818270206617537,3.5851001390634125,24.538004675705437
2.43199028825406,3.098012242126323,11.670732095361144
3.943063491834844,4.31271866032878,36.66958799189855
3.6019797055270053,4.831031867401271,42.033066070805404
3.8174804104062274,3.46801601487377,22.956676279499504
3.7670105902165005,2.006083147388126,7.579921440213604
2.0181726000465643,4.75197372057168,22.786434291939628
2.4483301006978326,3.045854426655923,11.356859736491003
2.8148585449140673,2.3275985030560142,7.625050387280062
4.182070979342408,3.13530146309762,20.555119885632475
3.5128220703311794,1.147465980865618,2.312628080272891
4.919467840069467,4.258837115003269,44.613900110562554
3.47860668901311,1.1502403956953406,2.301190452009312
4.59819151937573,1.9224861412742134,8.497349786139
3.4767878786752937,4.4447697249431055,34.34367226055722
3.6039629598374643,1.7010965129500488,5.214446690057548
1.9664420064497365,4.5619932081854415,20.46258120793831
3.7467779123196276,2.506281136765326,11.767589947453544
4.129538961734838,2.1970397703682516,9.966608736969619
1.1713334297296942,2.398246187094718,3.3685117598050933
1.8922681983026437,2.793730336540982,7.384509651251631
1.4577201732825253,4.406532431501296,14.152661191366585
3.135081864472377,4.85219744270437,36.90590158723382
4.896319660626636,4.228348369145718,43.770478065711195
1.126875960256975,1.8755737943916202,1.9820492002193746
1.140235713515711,1.7909157175088493,1.8285841024183251
2.7160484293789176,3.36950565014894,15.41842071036296
2.8855867130852877,1.7494285977657977,4.415669671768646
1.241715992594958,1.320854909334848,1.0831846785783483
3.846208118968541,4.568712622574518,40.14121070587883
4.71554228565136,1.405058347265205,4.6546857585331045
4.848906678805076,3.4533898943229264,28.913792352780796
1.7393526442226506,1.4318064597542564,1.7828971099843
3.873893422014232,4.209404531738669,34.32092634112426
3.442944487621656,1.5901050488904138,4.3526290657971725
3.9470500726138127,4.07946777259537,32.84351675229019
3.188407081363542,4.399501553110418,30.85678823667116
4.269307309329212,4.747307471844626,48.10853621584758
3.0942799333570536,4.844947734317984,36.31681870460282
3.7910730699139266,2.1209705837002484,8.527101842271604
1.2164929929366513,1.8382715609961617,2.0554123091365435
1.3366003519994893,4.857532133948052,15.768955951154249
4.781957460248462,2.556047611675335,15.621171164856433
1.2627610948215184,4.845679386319524,14.825199584015783
2.0309507318381854,4.040369829027597,16.577217333593577
3.7181695689780017,3.5619648379058306,23.58731203967379
2.3260860206769243,2.458118335748053,7.027507993540847
3.052859437395092,2.0044387801856187,6.132850893643521
1.7853176240179391,3.772007835876747,12.70078806328028
1.2316128917210643,2.9079850443508435,5.20749147641483
1.530593234067482,3.412786342785264,8.913494356852938
3.726773858544609,2.853929636442924,15.177126976666445
4.689524573278668,2.8472580631584146,19.00870291809975
1.5157651461792874,1.9057172189903788,2.752446187882322
3.520311852647981,3.2248338603109117,18.30483559496664
4.579452849434938,4.403117717867466,44.39194658372453
4.1125931573464936,4.326472981598704,38.49051702367873
4.668888503830808,1.8850390427403942,8.295149290060953
3.9780623085025986,1.6583988061657933,5.470405731100934
3.4487784433099065,4.195934713692141,30.359369226708242
2.318126664417589,4.205216460042037,20.496696863456
3.732671403168706,1.0554083722926406,2.0788867626562735
3.953155612639443,3.437956188565718,23.362245889386468
4.240355439857536,3.921616424884521,32.606372982100744
2.906116616493638,4.9010471043360795,34.902842309999585
4.535610647038604,2.7666718941686232,17.358855457183267
2.2710201094576874,2.326554174834076,6.146350514723741
1.7104657230686189,3.678808784779768,11.57440859689722
2.082356698636565,3.622655356719624,13.664041329536637
2.042075084021314,1.3704666565158128,1.917691123221336
3.8890680435004383,2.571471127468909,12.858160747755756
1.0255773710515608,4.721463667954962,11.431197764518371
3.2294753627152586,3.514850389340095,19.94874908404538
4.040782335744946,2.556787506107554,13.207625077692127
3.5225450615692493,1.918620748301597,6.483430133598224
2.3175953790192922,3.417025079167764,13.530191804432398
2.530864186647008,3.5031753631325238,15.529683347388398
1.4219027947085685,1.2328004944633957,1.0805018428970505
3.2644397227841924,4.621465552546908,34.860860155980326
3.9256071919260305,1.870420343458811,6.86681393470846
4.4855307004153895,1.4749900403698186,4.8793504707833435
1.9181705266573466,2.3968532529393562,5.509854219732028
2.338668453863936,2.8263477831715913,9.340924539737925
1.8438362945885283,2.7120975997475067,6.78114440069382
3.6969398178585884,2.458480921719974,11.172389551593012
3.0283366328858725,2.819294353968224,12.035246720527592
2.3353722077842907,2.9769699633645836,10.348443132898579
3.521508567573981,3.865025479441464,26.302890453333013
3.0784830711473936,2.3190275199954917,8.2778695660636
1.728866410377559,1.97729880039287,3.3796836186694796
3.7113342260623394,4.68103303038549,40.66150810713511
4.461835987820276,1.1339360926286464,2.8685390353546625
4.888828697165219,1.7143847625333035,7.184415156813187
3.324098418246366,4.670139467951369,36.24963006544347
1.6195732415374162,3.0779310165435123,7.671642585358423
1.3183535658970795,4.404579104366858,12.788238605343157
1.0608558378807689,3.7610094838034778,7.503004934464137
2.5697982077592267,3.234001348673083,13.438457420552217
3.673064714798909,2.24981563017819,9.295921416616903
3.313548129777101,2.062045589320907,7.044656361282829
4.737511296775553,4.7070367490396245,52.48261195072332
3.430489531024632,3.845709947728952,25.367586734408754
3.0123469440514503,1.9857804923450577,5.93933024708072
4.445827725969561,2.8351905553611942,17.868460697978396
4.729824498102738,2.439534308464662,14.074367639100394
1.3246054092194153,2.459346841615748,4.005862994027965
2.4032540418964943,2.425121970915195,7.067028751145497
2.1125144168235575,1.3358619978858366,1.8849198003564838
1.7120773055839797,2.3038090712152806,4.543456169635557
2.175001910108075,2.547305842146149,7.056540367730365
2.6692270830668625,4.180790986403272,23.327727805441548
2.6634632542279286,3.0642361505389477,12.504351625307848
1.4955426825763407,3.6168646099091193,9.782127538729826
1.2398616079708984,4.244878735794317,11.170530355917695
3.1488162231648933,4.109749225694973,26.591813931230742
4.580768798636058,3.416939147670991,26.741321531962473
2.8054941999643486,2.798977429793433,10.989506049248487
2.7344092358427092,3.3315515735652164,15.174926560548986
1.5543116399036179,3.4433834054272303,9.214650507967267
2.110966442534481,2.300439390016957,5.585639780715334
4.219591844231422,1.2975063249639587,3.551889249865035
2.6647714371509226,1.786992984395288,4.254765841872469
2.1610064815229904,1.578669287813229,2.6928266328828174
3.415703340920206,4.342198055678233,32.20100348809289
3.9507877463142274,3.316771692816746,21.73125755152694
3.035405555184093,1.2363383938185284,2.319858209130054
1.5727052682248006,3.9433611561734088,12.227859900228271
3.734276545678593,3.1330170483797573,18.327448064051868
4.217573731790823,1.378043681014944,4.004595509130435
3.897742671652702,4.790309647175655,44.72088017399034
4.0822784726684755,1.4412264905690968,4.239719292413705
2.486021288107218,2.974026325738094,10.994221049497963
3.851340339666855,3.9237636580009916,29.6474662763854
3.9319781055368876,1.3332245680403951,3.494521455622921
3.806399627254006,2.5725863220075955,12.595757737718616
4.986706511046171,4.583570701963501,52.38315869489552
3.420490763524769,2.358488385397586,9.513184291604123
4.499818219883936,3.990320530379165,35.824533142818545
4.801866473568894,4.598349958616239,50.767306746584374
3.1958025980762335,4.507970553969344,32.4722282466359
4.425214830036895,1.7212446630761091,6.5552547949162
1.104206382065395,4.058890264536034,9.095673809082953
2.463648346991966,1.8730200414289446,4.3214905858744155
3.2164287239187006,2.6324895012756517,11.144927095304215
3.9258275602599273,1.3938068519555582,3.813347772986404
1.767657941416088,1.6064822954190383,2.280972873203672
3.2175820416936984,4.9002519372783535,38.63104459407273
1.2469198119020102,2.967307397158465,5.489510348864938
3.501638779444653,1.013123573900875,1.797074945476429
1.509345330441327,1.681940483978626,2.134911457547824
3.8123486369614232,3.893065342678454,28.889897458596856
2.2958489309444325,4.970581266440404,28.361400281713586
3.634548315267279,4.006933720198141,29.177277654534024
1.5221372057371565,3.3458070682363847,8.5197253473747
4.151871922185374,1.2895712256417604,3.452268935587457
3.0740383542217447,1.0206255793324188,1.6010768693365331
4.866442548045842,2.963625095616375,21.371161796077164
1.2691739402089302,3.50379706484905,7.79056650821013
1.3679780475337506,3.2109680449814553,7.052142829120493
4.120909482361997,1.2547765668048076,3.2441122928856405
1.8526090635727934,2.777095022348978,7.1438983900111985
4.879140502140677,2.270439500239176,12.575729768326957
4.91616870235214,3.3787766810784348,28.061815077501944
1.5567812535412586,4.900328982750125,18.691668588480606
3.173460419934015,3.0799500610856065,15.051869351949973
3.5373322664690225,4.156333234579343,30.55389485395158
4.675817855648498,1.710278211962033,6.838504161875607
4.355374803334733,1.6486995042991195,5.919411792895993
3.7798690152648926,1.513098654150543,4.3269437026437805
3.5804217772413818,1.9926877749342382,7.1085775748849915
2.644848835225661,2.791329008572332,10.30369316959135
4.528050688887246,1.4809904955056523,4.965761156170275
3.8917583884760503,3.8538529073012415,28.900552392556875
4.1995474550974885,4.7441674447471005,47.25986921968979
1.8760577899974469,4.221922340564826,16.72001634088576
2.737220429185152,4.022512687350066,22.14494582492615
3.788749136085828,3.627811583317654,24.93189567473481
4.644751354236106,3.2985443497464724,25.268364304233423
3.137017774056417,4.134576190791727,26.813220676460197
4.129557299525718,4.307082900177787,38.303632560009675
4.414511524302965,1.594420201726368,5.611232138085502
3.115993344975242,2.3680908953534017,8.737018633120313
1.358453188089661,1.3934489260185843,1.318854216134096
1.8217380463169204,1.4025762345423076,1.7918798450888354
1.0317239109098817,2.6969131911234996,3.7520397873789264
1.9051355587336052,2.1058719255590574,4.224349060857329
4.987416014853779,2.5595117805235565,16.33653191056168
4.756709448860013,2.585004074410244,15.89275149782483
2.2293468708495965,4.097827567022021,18.71780897284066
3.9912739195736453,2.9566957365737956,17.445957443053672
1.2148858985823883,2.135389205185255,2.76987124271648
2.3072611678625425,1.598811831367108,2.948909658939847
2.473344579391217,3.9540086230859064,19.334362361548155
3.4113320067155057,2.8920650005470976,14.26625862310173
3.990765830073183,3.277959530042736,21.440426697014257
2.501562587925073,3.8918274710364327,18.944735059594482
4.260757000709923,3.1906601353546735,21.687918023340618
4.465893634822539,1.1555690837717454,2.9817429963220263
4.768411369478663,4.083525337732466,39.75705700430862
2.1211763849607097,3.161255356598856,10.599025677794321
2.363488867080644,3.335565378682834,13.148084307933471
4.498345354181838,4.944516571186949,54.98832268372074
1.0674393720828501,3.9603384757621867,8.371009447099269
3.381270523365267,1.9668063290473499,6.539930259812784
4.275108502135039,3.5021187210711955,26.21675133964113
4.712615631025718,4.120426487827531,40.00519248982887
2.6781264464678336,4.958481329848168,32.922927615214554
3.1501238637679565,1.4295474274025883,3.2188057736897653
3.8853135010333673,4.675301004595552,42.463445018521895
1.314409535365586,2.6516644969914727,4.621020053271762
3.4308486690479683,2.786553201754202,13.320061955870875
3.992620170646902,3.464894026196235,23.96668198952948
1.8236266431345043,2.0694704700241773,3.9050302307652385
3.933992089391597,4.282078837609643,36.06723124510344
4.728282987418678,4.345487187584899,44.64269589595192
1.9167272733016847,3.6649402245910623,12.87253609211781
4.625987017183008,1.3620618551004426,4.2910944628956065
2.6176333238521545,4.583878312429087,27.500777672874253
3.925504881342742,3.776538970211652,27.993259310902623
1.896604064560658,2.344943385469904,5.2144847909090295
4.450205949033264,2.2766126744966018,11.532631438378184
2.594726680072132,2.6887467858957517,9.379105700089205
2.6103257356189626,1.2225765517058402,1.950818356783071
2.809430228327991,3.0929139642748575,13.437668839341862
1.1088236634629873,2.75000294528539,4.192748458430104
2.368436948813192,1.2712015247723447,1.9136417712768317
3.0667528430506783,3.6404396616531027,20.32153246544109
4.483381870859425,1.6566999929607222,6.152667935510764
2.595684176294941,3.912419803372254,19.866106114468014
4.756214713703542,3.056952276611941,22.223311517873636
4.8944154130766755,2.2291212810545566,12.160130274771292
1.5765523265968002,4.213983823133152,13.997939827226803
2.678848235898206,3.363054063371108,15.149064426053574
1.5498566574530637,4.963126811391943,19.088521051317684
2.6823130994743476,3.1598045296084254,13.390596065876995
2.754066914296234,4.186361386347665,24.1333673791501
1.8736949074596336,2.0710539242891577,4.01838639152323
1.124971327971008,4.083248724995547,9.37827856125003
2.0140030433193936,4.90448317311505,24.222369483670423
1.896380667202798,2.2377204385136995,4.747961412470772
3.006201793484448,3.22431404984126,15.626539184103322
4.002387925021182,2.9198778394480334,17.061552544773654
3.930876510892099,1.6149665199383048,5.126092652343077
3.049381472648556,1.8870798476557806,5.429530976222174
2.5207900378765484,1.009078906394734,1.2833849257350471
4.00709231419102,1.0950504300590556,2.4025232114095845
2.293301833207235,4.850514279604161,26.977816571120016
4.693507178543911,2.5672092474182024,15.4664281266034
3.9342169114443033,1.8382450703990796,6.647144582315697
2.617982058557357,4.982406463211916,32.494883088991934
3.8296905343778986,3.905887612003373,29.212799044734275
3.8760990498582863,1.1640882503073273,2.626253730131444
1.2898878241696239,3.8385847822152868,9.503076428552205
3.997845282005424,2.02949553480502,8.233266769190807
4.77875555134464,4.18629208250969,41.873944439096384
1.6838242297164951,2.5718638756309624,5.56881404035506
3.1242736017546666,4.394955985539646,30.173669131606005
2.728331267706879,2.552907879397759,8.890729397815972
2.497854128401516,1.8496571162098991,4.272868547734836
4.941055042389136,2.9862937363921933,22.03204159942247
2.796229125264591,2.2631839484161422,7.161145004931262
1.5171727930460697,1.20070491872842,1.0936481681619312
2.366323899036771,3.966617180731595,18.615931470696736
1.8322473369388534,1.497192464231488,2.0535693252756677
2.445883873347268,2.4428027115949833,7.297643181928237
2.181174125315352,4.189240147345004,19.139511776122237
1.7394956337639034,4.317409788406685,16.212123034295743
1.9724126836686113,1.1354356475780825,1.2714311310582116
2.219303783198243,3.2684130188017817,11.853882588005861
4.998115974421262,2.133528318475438,11.375569725738334
4.247417139676545,1.877365768523568,7.485015587767807
4.518652641912377,2.4957836520597145,14.0731991419541
4.926226533747654,1.2529130101478323,3.8665730654077173
1.9152473497543676,4.577498432796418,20.065559916945464
4.1446713151623555,2.1060727932657866,9.191933112531041
4.894880177477156,4.158473370528727,42.323338603389075
3.3901804159016464,3.2608016346792392,18.02360144029418
2.6215106873521834,2.370308600811629,7.36429914549549
1.186454698797884,4.480514599918416,11.909045612191484
3.299160631076808,1.2545331865227207,2.5961977796777753
3.469538723879694,1.7339372316550357,5.215650568792716
2.16619698899959,3.742105964346698,15.167014937064192
1.9817107474712081,2.476829490751351,6.0785849308419415
1.9232266993587497,2.946615047829958,8.34924660400655
2.534380152551034,3.116484430197338,12.30755219415306
1.9920992911998323,4.647765743841269,21.51639193465272
1.1404236599988944,2.1101788392648104,2.5390704464139344
1.3502786194253034,3.2412976961452684,7.093020848989122
1.1607915598959737,1.3812101371514687,1.1072450827316587
4.9172653676542994,2.7751258272472232,18.93472531437583
1.7061189593036357,2.6904745663587977,6.175001896150096
2.973773719192989,3.832807986695899,21.84298809278821
1.303738165294667,3.99192032936233,10.38781277718015
1.8152097812429173,1.715893311916802,2.6722518744197843
3.725997122677403,2.8697943626783116,15.343133922993008
2.0673287819989605,2.6960611830416843,7.5134438068486284
3.882913111339383,1.2026886543355002,2.8082392480915472
4.374871485056438,1.9251422303677894,8.10701442884899
3.808649020067764,3.956433243295365,29.809084746159517
1.312573703151322,2.764588743664714,5.015968197082613
2.0307963167099623,1.829163950224315,3.3973605426039803
4.855224088437763,1.6179272444250317,6.354732296304519
1.1791539121967545,1.279422793375499,0.9650918935241886
1.8100281157668898,1.1103502921402555,1.1157717146386454
1.5456454383412321,4.845974979692798,18.14856184878449
2.546437218180735,4.995216746332181,31.76959308206561
2.974786230160497,2.2274308279987,7.379623735128146
2.2184933956509787,3.6341840689648373,14.650147087126346
1.850894211006664,3.4176515501898157,10.809538804868225
3.1801350398786634,3.7676541621970965,22.571354898865014
4.8446350183306865,1.2019288301391828,3.4993595987975663
4.109405143010589,3.909835747161944,31.409859261365227
2.056222403763236,4.766851971094134,23.361645117082716
3.531426367064608,4.947500309774659,43.22070232621523
2.8767234498861685,3.273496556542203,15.41316738159163
2.6296377094453676,4.044864675087302,21.51165956005094
2.2114822270743004,2.9671058157832224,9.734631752658531
3.9337891077675113,1.7839920609828916,6.2598930383418825
3.5430909642584365,2.4714524089272993,10.820736230841028
4.496688784713399,1.736603035631878,6.780534767427448
2.2881469241976755,4.647294389971311,24.708949434539115
4.609732456556056,2.5077842900148024,14.49526232633219
3.527654697509963,4.058012833696459,29.045770702617414
2.9565526159778504,4.638302847195831,31.803419630346717
2.6064196499626417,1.755736409216607,4.0172880799161454
3.288362349727926,4.340040034794423,30.969710296175183
2.545733841046699,2.663705329756685,9.031405862362625
2.4336527601134605,1.7513488338638257,3.732277540957568
3.5444068998385054,1.3845267361029818,3.3971621055036927
1.0556228604156899,2.5502343598689743,3.432724712786212
2.5744799266130305,3.485494657186492,15.638257393533792
2.897758966662081,1.3544289886718195,2.657937370714746
1.723031158556096,2.212564877256676,4.217500701497077
2.1137588373759795,2.778473926603979,8.159021772620788
4.569867454638871,2.1579843781552968,10.640700051968635
2.0691303801412686,1.1478397210963043,1.3630769084667582
3.330966405495007,3.971497848385629,26.269325398910244
2.808080900840914,4.276796741598844,25.68129035625748
4.351788343242185,1.3490443658815425,3.959954846372472
1.0682833772852738,3.252028651683878,5.648917102843943
2.5308200169664987,2.8859855614689716,10.539489441021587
1.8793620757691278,2.684337319215631,6.771028497994258
1.6359674087796865,4.871172967506056,19.409384065366456
4.051695317279706,1.3215424980561585,3.5380914269533137
4.132305930422108,1.3848759518155562,3.962636345494031
2.4127839601048784,1.70051332829892,3.4885786757290385
2.5620021982590977,1.9819265051818742,5.031814170175041
1.237451605982275,1.7077173994727866,1.8043892651050348
3.3810463435810174,2.351037981219562,9.344163274717921
4.900339218187917,4.570364794390459,51.17971700132232
1.7445038927267609,3.9914953838756606,13.896748886744769
4.930241505130109,1.9859991080678912,9.722910678468802
4.34302321666593,4.510589181887829,44.1803043445474
1.4198685820147987,4.519017275371398,14.497935288606323
1.0382211840465696,3.1019989309210656,4.995088394092705
4.985810574178268,4.87668413461974,59.28639356808122
4.4192900856509745,4.723406260868149,49.298433122791174
3.979890122327612,2.7113504249620535,14.628924164093311
1.26073494330049,1.8521855233673952,2.1625331091865503
2.3679769819459633,4.532109693841345,24.319145244355354
2.0977550477115736,2.1916124662940453,5.037932024179814
2.87638975446044,4.438801693863297,28.33669682492899
3.966782630222893,3.417815154344085,23.168907163220407
4.449926423156824,1.051443439934466,2.4597709380978303
1.016907372879062,2.119719312922523,2.284589170944328
3.6138473147057284,3.4317697850299456,21.28021915969866
2.5250646565679573,2.5826007805162314,8.420871948352453
4.769125650345538,2.5598659997049698,15.62583496940455
2.146479215111809,4.342448987558187,20.237932470747584
1.2401098594447122,1.9483498343913395,2.3537701047577055
2.2424136545631304,3.707646306870221,15.412827894824028
3.296660126666301,2.247430567328449,8.325623098841172
2.4114950424708406,2.954502984850026,10.525076082984441
2.5253055542759397,4.331787877028864,23.692904361333635
3.9865400720825748,3.4549610572527065,23.793177877226526
2.057974310052828,2.637741230563276,7.1593621133960585
3.706737158348574,3.3185846131735133,20.411155269729417
1.618406821888306,3.7933390889530614,11.643968913819101
1.8662387375035268,3.1026025063699483,8.982339838185512
1.846032365717552,2.5442533304010415,5.974891438830168
4.51842087302382,1.305062724457867,3.8478617197563136
2.1586448596605194,3.037992631198432,9.961497599792265
4.819285760824596,4.800075967286203,55.51992929729675
3.0447247276717166,2.5364310743293923,9.794091770752743
2.912687036748236,2.2457943238400206,7.3452027296817946
1.1164365332524437,2.320884073240449,3.00684430164408
3.4824795856321638,3.8931943486489446,26.391905784146875
3.1911612996645924,4.862224253307819,37.72148065283157
3.1858004665806865,1.5343952887848005,3.750274773637576
3.5660034384437327,2.6649214230369096,12.662532648064078
3.1437879176232455,1.140775669169361,2.045614269494975
3.772837777258582,2.534724419847713,12.119916677649403
3.7907718441719265,1.5103560467482682,4.323707716127628
1.3171680538426704,4.444153898322174,13.007366373728859
3.3228868702405525,3.619024744666144,21.76048973084587
3.6985838306669234,1.1451443414025726,2.425079240129424
2.885856135014876,3.380072904706142,16.48529854872928
2.5604878323795406,3.5181595423155207,15.846150663043032
2.5040855351621056,2.8731882671379405,10.335877000058524
3.2887248107551468,3.8444434985431006,24.303258376740054
4.211607476345268,3.1393770077897325,20.754144626427493
4.509378898450624,4.042267343830249,36.841457127683285
1.5854652023911502,4.414933665823694,15.451657902945344
1.1668610555094294,4.453011801362226,11.569027192168873
4.725356811080756,3.61140350663876,30.814607674373708
4.341273826836467,1.517951023727778,5.001527983819754
2.796546702245325,2.2221272938391694,6.904463661376711
3.246077415306262,1.417476932951085,3.261075681390867
4.98894840166956,1.716860816185045,7.352739748632317
1.4334416508191552,3.1848358721409333,7.269828006793516
4.37985153582391,1.2841807210661509,3.6114506547137064
3.4996599482100583,1.8194857196200136,5.792861621292731
1.5971611134604182,1.7194857742236689,2.3611082917666177
4.460880400865189,2.2909411548356218,11.706267719028322
2.389953212426366,1.7026942129364553,3.46443743889854
2.51061307227476,3.3371165804287024,13.97952926738784
4.524105470581841,4.983924918644954,56.18827609784836
1.0244915876222143,4.2489437211157295,9.24784108970635
2.93624606177194,2.8713792845259736,12.104408652933673
3.841136696793909,4.271065312911382,35.03500571257335
1.42673110660143,4.989294436407686,17.757850787741813
1.0329878934288947,4.8527340471119516,12.162930274588414
1.287035975566479,4.834672600131318,15.041627510830772
2.6735714766508094,2.975161828914749,11.832676477257275
2.128485183500365,2.775810231937755,8.20011947926807
1.8907756649554486,3.157613714175518,9.42601242088193
4.00913637823404,3.4879777680840163,24.387554359436123
4.468330863049787,1.116454603900439,2.7848221572413054
3.1660175275385636,3.466217684653035,19.019320047958875
2.9895080269259364,1.5705098789451468,3.6868126872887097
3.1761363144971337,3.411816749025892,18.48589710795746
1.8494513166273037,4.241955201339733,16.639683580646363
4.716810072656321,1.696163797696907,6.785064378304964
1.3922566123673548,4.268325803040868,12.682486751689634
1.9413087984223494,3.7969849952348635,13.99401673804833
4.328700537518473,4.050887962862758,35.51632407741738
2.9209356749837223,2.9019818521913994,12.299327951670103
2.322616393867468,2.806515924739978,9.147080752084587
3.5768722465698684,4.026934811220679,29.001644969338038
4.619813143212188,4.114419684805001,39.10313638382873
3.4040288889555046,4.810321440546863,39.38323963262628
4.3112383506782495,1.8603799949714928,7.4606275532095525
3.7019501011564837,4.567577095502916,38.616449214933304
3.7426223522170137,2.760332688481639,14.258336773723595
2.6684412254501555,2.3611468369417157,7.43829910950618
4.643283546399023,3.838048076199907,34.1992065674082
3.0500430648263035,1.8171640895613126,5.035751227662124
3.6974092703786257,4.121181907083221,31.398658918150677
3.0834948643815685,1.5213186227077324,3.568236216919337
2.5454815399366133,4.298784798974456,23.51967764754282
3.499151664682954,1.2436195326607393,2.7058756852620696
2.1554644230704976,1.106257184130357,1.318934023269641
4.526433394287906,4.239689501665098,40.681245604634526
2.761194199138375,2.259319257545987,7.047290349162291
1.0406498413269016,3.981410291781719,8.247997035440587
3.9238251626693583,1.5422780500634703,4.666647611310122
4.441923674709253,2.454403318399152,13.379286541822074
3.2932212930737275,2.0382383651494,6.840705011711799
2.9072467657896026,3.900924483565694,22.120094933437947
3.4771938578209336,3.659336726755413,23.281108619249608
1.7721776135093315,1.868050666282254,3.0921072777641325
4.962833184208829,3.5767233631281767,31.74463843252573
2.8386170767314067,4.923237404799086,34.4015786611012
1.4998769901876075,2.143705069396933,3.446320924379686
3.387453333168069,3.6568982820187705,22.65004588446659
2.743479326219441,3.240213465702146,14.401871819487345
2.8701207003172042,4.733470562847257,32.15359421218311
4.836309697719046,4.2906172946374,44.516772061636686
2.2364786157273553,1.2291161662834726,1.6893538118886022
4.04927564521811,2.380595839400271,11.474101469956254
4.377435205142863,4.840082039984227,51.27376124915011
2.0141998459227706,1.400355159452841,1.9749174829993903
1.0837242465903931,1.9549949808280043,2.0709999477771226
4.142435472665916,4.754317425459533,46.81684090162501
3.6024665357382895,3.3106930724076733,19.74275698053705
4.662803493496675,2.9834283064337614,20.75144432071716
2.5920151303101155,2.246224148860576,6.539035883457337
3.053077161957907,4.043643413954027,24.960511807985196
1.477329174698439,3.3270623070233456,8.176532118691123
4.776104671973636,2.490957749686249,14.817555517625348
4.898168217049908,3.0311900080917886,22.502461205386012
4.630185524871479,3.574515141027964,29.58030715265303
4.381559892535999,2.3573818169612037,12.174709733399105
4.36723076064267,3.163100461873276,21.847518499123968
1.6794459598547804,3.5949315921031584,10.852187769505019
1.4000231323264933,3.8268224596316,10.251368477767482
4.15183651434821,3.013351244556347,18.849930912876896
4.694697438182883,4.226905969493956,41.93945534516636
2.0149084620801063,3.2301169894468407,10.511430646181639
3.1012759752004624,4.911910378416276,37.412031166457275
3.8994913779250235,2.263775070156011,9.991817996037536
1.2494458630800809,1.5833563988892108,1.56619131321572
2.9408403439627695,1.8224934125102377,4.883974484578866
1.9398822146424117,4.150928438961293,16.71228596517547
3.5683628326153225,4.484369162467871,35.8791153483172
4.561981038141582,4.618115959149939,48.646673422996436
1.3329395576667533,3.8808931849431985,10.037922548952242
2.45744490659173,1.335925556681413,2.1928973904942533
3.3053131674727965,4.443891899107001,32.63695177915452
1.4464445487399016,1.423155708553654,1.4647942678035186
3.563598224478864,2.7444854678953114,13.420868134689313
3.6024897505557525,2.6346807597359914,12.503418225206113
4.757788358808136,1.2628864677726748,3.794056054931802
3.0595351172621785,3.3776264066795307,17.452139244092596
4.567729854486505,3.0434319727812036,21.15424903854956
4.6981370191963325,1.9852232529013776,9.257940597663774
2.1289631316373048,4.593227274657471,22.458151900535555
2.5510849282018278,1.9757606670688301,4.979246101512829
2.572860544887563,4.6226909982230175,27.490078484570287
4.082013969536931,1.3049390249422985,3.4755611119699767
4.251764292239004,3.468474363833247,25.575030621883393
2.1029045998762737,3.2283162713271585,10.9582631527406
3.073626167215967,3.990957576651102,24.477962879814136
4.718530736645075,3.871790629043267,35.36718722421704
2.1417475401307455,1.2936622543371898,1.792173678680425
1.1457508507928447,3.3016719485766837,6.24493658445382
4.107520987783566,1.0006336980789325,2.0563642467862038
1.0103127734305466,1.5768353573469058,1.2560257622632844
4.760876507289238,2.8045238142668474,18.722989122979815
3.1500289807432993,4.975246471614292,38.986455670255744
1.6386592588081754,4.650762634972992,17.72176648801898
2.8651893986268684,4.673238123169966,31.28665705419633
2.1032059613664464,3.2497098889673284,11.105573541400629
3.871815893116407,4.060776866053679,31.92294539852148
4.267968807248543,2.1652727138124175,10.004985122195006
2.9446260746674797,3.5651867362022536,18.713917993702765
4.598589769945291,4.364848713121949,43.805946079403874
3.581128475414288,4.655301460503811,38.8048067864437
3.4774193468034884,4.82894661619757,40.544493462780025
1.4948779371668826,2.8669280225507316,6.143407390073918
3.621209193121311,3.9842406131162282,28.74185107695883
1.4480092762309633,3.0327169783957992,6.658940182715027
2.506437413148143,2.044831985322595,5.240130809868341
1.6638260225547445,4.028107741545712,13.498330996541089
1.466071987345647,4.721290849758126,16.339802802217076
3.268694001809188,1.048595554650369,1.7970505549976976
3.872059791331884,2.168834408859869,9.10678007826338
4.320370019537575,2.037320056383255,8.966221621279864
3.6741416425938067,3.4779968846909157,22.222057987212665
1.3098534522723964,3.4458813881084964,7.776664483218456
3.4603037791649696,2.6924561867894594,12.542425245997213
1.1343863693167795,1.3842982608803522,1.0869019059890788
2.236776766206742,1.707335468813715,3.260095877204104
4.743770785882846,4.56169446045355,49.35669679872324
4.895956171152051,4.225181100623744,43.70168503564981
1.6066203511944352,1.1995380182634134,1.1558761491963185
2.4184584623425103,4.461538901515086,24.07010612997216
4.711986781952586,3.513477950549785,29.08362475472923
1.0545989814289047,3.6798411826365958,7.140284278194231
2.239710868610713,2.6076009269853815,7.614549519363775
4.0984001870437545,3.780966951997151,29.29477250688205
4.221848480663659,1.4246561165777423,4.284426936374981
1.3030731378016638,1.7712790672387206,2.044150073775301
3.843485983458208,2.6223863258810893,13.21565367828808
1.4696519185344656,1.6817144509930944,2.078207952942069
3.067730100541736,3.3782971320387194,17.505835413312948
4.938218468701745,2.5159494240946274,15.62946516846793
2.6629464187443155,3.222547382259812,13.827098470932471
2.6889155881939075,1.8713088042967203,4.708017787386638
1.1636379554496221,3.871765025370576,8.72179486152323
3.6860550998769916,2.1338842870025947,8.392156190635626
1.3220393357229359,1.8468886563703233,2.2547365726988273
1.551099128624947,4.764094787674038,17.602337579010904
3.182728783852973,1.0803114500248805,1.8572381429428113
4.152956494463922,1.4420507862160803,4.3180582559009615
1.1789401411307252,4.808800647350045,13.631238175963253
2.2303131763066113,2.088234633547619,4.86288996919394
1.4920728075440808,2.915301925360955,6.340552440869934
1.6755931910511963,4.353344843401502,15.877595448287291
3.662848680805466,4.432590716945548,35.98356989051794
2.5750556045657693,1.1791901468122892,1.7902937642914165
2.913510285494958,4.561519237827323,30.311371095110843
3.6745796697754054,1.719238300225998,5.430625159915708
1.3986529292163081,4.596756925773233,14.776890044068027
1.5524553158954921,2.9754313319792103,6.872092189820332
2.3911880336271865,1.9352600980619905,4.477776548914541
3.2666419640706543,3.593445660599373,21.090831645131775
4.867730823514696,4.352855443596789,46.115301057668965
2.6076940207561115,2.879353839863109,10.809776422040544
2.7579873492581477,2.669650855263487,9.828137133999167
2.7741104931039513,2.654174818562177,9.771310375197126
2.4516035114570127,1.3214480474977597,2.140525600089359
1.277505231200243,4.368621826819035,12.19050211360741
3.5177441616560827,2.7243088720028434,13.054100284063182
1.3303769264597336,3.5618258755082834,8.438982330632193
3.2519641606403957,2.6393969778257897,11.32726824110854
2.1954957650378275,1.3771559144660332,2.081942981668401
1.3283324191301693,3.7228122392936522,9.204899316811714
2.2938157471060627,3.3419535313893793,12.80941652828722
2.3873988400044786,1.71059356148823,3.4929200808815324
4.357264394509569,2.6160866623452184,14.9103614281838
4.371946154220826,4.925650687759458,53.03615464536461
3.94994556064103,3.9112236762911223,30.21248312811913
2.975921057368168,2.749007576784142,11.244581187520218
4.940569506071178,4.830894216201852,57.65036658754024
3.805101840601667,2.5494535432769045,12.366035652505026
2.4464492097793484,3.73017107670761,17.020162759845974
2.5370210028276845,3.4093547099668835,14.744784929705855
1.1430769654892683,3.625681341714361,7.513196384459546
2.370337857953616,3.3377117451804237,13.203160760096896
3.9907866595265094,2.572690825520608,13.20698582370074
3.936265444591855,3.712115215668356,27.12047405542275
4.599687752773372,2.2688222642386604,11.838571618618523
4.129910413414288,3.653897896968126,27.569154688729597
4.144977214809364,2.4805902177441927,12.75270182191925
1.8574093168106836,4.5692992142639675,19.389955854401943
2.564722084270965,4.100759134701359,21.564472432390932
1.784570940242487,2.688451685544665,6.4492363523151415
4.64246969203583,3.3162934291666355,25.528481483473712
3.0682035635827787,1.285661151897168,2.5357545701878106
4.279887322106459,1.2550289016693492,3.370620004877607
4.305749027262472,2.194928686317846,10.371929245382328
2.6790627009738617,4.39528979045042,25.87783329880922
2.345746144638697,1.9937676711423031,4.662298923142821
2.180050691784301,2.9495284818068255,9.482913410959632
1.0776451251192651,2.160796949166295,2.515785959408999
2.865197037235491,1.5631996296060482,3.500687829378468
1.8096181936653633,4.945874262681206,22.13314355043325
2.6022340186206883,3.4640036791929028,15.612521290122098
3.8504713422938797,2.9657324870392157,16.933543542386378
3.8529234746192116,1.240327307520014,2.9636915262953347
4.2530426711252485,3.6230772783813636,27.914184149629182
3.5092742510979384,1.9163868477612955,6.443972485317874
3.07362475666323,1.2883757402256624,2.5509733823112914
4.328053567612603,2.8172034627569777,17.175091471937193
4.0482066085531025,2.716349091757827,14.934952269922656
1.4174006977824516,1.839116987171208,2.3970735410686443
1.4075913722766384,1.4279660460952797,1.435100654530737
1.3963773236701202,4.610894900284894,14.843736560449438
3.6668006842725345,4.614186104564753,39.03440124574288
1.6933915832114868,3.6155962249224713,11.068461269033378
1.8111112707943309,2.934575801699205,7.7984052828788
1.7572667431108333,3.188507450603511,8.932696253959977
4.057475047409171,1.7875572119225422,6.4825483281219825
4.156363901541774,1.7754379553673258,6.5508034430886655
1.6429652835584783,1.3235767744417886,1.439118865952855
1.1957522074713443,4.557668201374085,12.41928536616506
2.3078390142589034,1.746322906446709,3.5190433478168295
2.4297792595684466,2.118106747469624,5.450451913008213
4.487734920568835,1.8418087327833415,7.61178050280712
2.3294667246822525,1.4757195627648811,2.536496015845811
1.4273048605496839,2.743590246439509,5.371866975188785
2.322610561056281,1.9714427057599315,4.513513242302359
2.4456874001796858,2.3002493920392775,6.470246099958514
3.4577481857600425,2.3707827228491913,9.717328258174085
3.8724081951317446,2.697672054675591,14.090598526892501
4.2497789693992125,1.1883434289500805,3.0006841581005523
2.278833300293836,1.96290257151803,4.390156976898411
3.0094419095005764,4.633986141875573,32.31211831288315
4.524358212221129,4.401456865439216,43.82479437257988
2.1006808037406994,4.718082020793103,23.38089029973609
4.895883032677121,3.8386718364857813,36.07140101399425
1.307003476599987,4.3776801217134,12.523761715522962
3.6748886281836364,1.1081948230417873,2.2565575820599824
3.0760463386883403,3.428028892433281,18.073897922171653
2.0182097431556354,1.743882033836044,3.0688135963972445
2.186030069892685,3.5902639466487183,14.088958561206242
4.726567665130317,3.444301839348112,28.036144591138477
4.039724544260363,4.073202180425907,33.511486485522205
1.5994404245732015,1.5811300487856945,1.9992783234243205
1.9464562733266448,4.279116533042855,17.820623042723135
1.4389685836257136,4.44798236260292,14.234670857661817
4.532949822436749,4.954622670122719,55.63807388658401
4.100170547639616,4.190363814496791,35.9977525762795
2.5196296938427896,2.4074467921206355,7.301634961460328
1.7689790789344992,2.3232085728806755,4.773853687049234
4.518331575897847,3.22836506617086,23.54579621860456
3.510625882100258,1.6431079395469768,4.73900037466439
2.451305314823469,2.4546322697700513,7.384826389466763
3.912887539837598,1.0741815091980365,2.2574737801422846
3.8967811706978828,3.417531762260952,22.756273328831238
1.9745336811109726,1.972087864185268,3.8396096247486806
1.3198928531613983,2.833204401101515,5.297421101393618
2.521899220356333,3.9667097932305047,19.84077300896677
3.601824908966626,4.602771236857137,38.15323631315817
3.3583209816321484,4.024255385372978,27.193385221465515
2.215646314160857,3.843969842086865,16.369310345338413
3.7311990082741624,1.8384457788017081,6.305507827942838
4.037032328500281,1.5550714021229228,4.881270791267038
1.4442054595168163,2.177446232930487,3.4236855239899917
3.0417655371707455,1.3805495237526917,2.8986763046942743
1.0082381690820528,3.8306203704695894,7.397268226182846
3.084263314958737,4.1390417043623895,26.4192848393489
2.225359901400269,4.065116515079145,18.387227879122594
4.236478459365063,1.6973635045805078,6.102738022602459
1.2250948177155152,2.001648838998983,2.4542312689711245
2.7733807550656744,3.694024302884854,18.922521117194417
2.2150230013673795,2.96335240931103,9.725565175974769
1.8984483156062826,3.153082542395263,9.437119674760728
3.4643451252176685,4.368047256052731,33.049569857901865
1.066130679605966,3.814080913362087,7.754615154933027
1.083063031477078,3.805656942802709,7.8430143541745725
2.9565572906591386,4.307090720072494,27.42359219404075
3.596372955717243,1.5408447652641266,4.269258994189103
2.2494888708533782,2.371223184938401,6.324099854116918
1.4824260967926204,1.708512494339343,2.1636119644478886
1.2540885131520176,4.112915563526576,10.607127316836255
4.801559259686565,4.858554030102425,56.67171702133243
1.6279700532279984,3.3711676664629024,9.2507537793101
2.671266912035374,3.3571169424324103,15.052901808150258
3.8344971467265614,4.305143739775179,35.53478856677583
2.0320134316189997,2.4302596296887917,6.0007001222362035
2.3520000739391174,3.164911681451057,11.779599529140897
1.8613375913742103,1.7724727628337487,2.923844644792737
3.101462354357036,1.702373843040228,4.494137894820417
3.4827038316497494,2.13732067793793,7.954738784117524
4.941476945261945,3.4229103062015875,28.94795013976057
4.329314957342441,1.6029562445504508,5.562019685166314
4.8035984791174045,4.032691720950321,39.059506356705654
1.178084719256121,1.929486357924009,2.192956170994416
4.601114579818277,2.5369357773038117,14.806485959673097
3.6461341659078124,1.0637066521124887,2.062749069980665
2.069995258175333,1.6882645809444354,2.949988842943236
4.926264484123399,3.9646394020499147,38.716413073022096
2.5394722591234102,3.697660205065188,17.3607097410311
1.3348797309508882,3.2272174647994785,6.951341190190686
4.221564100406161,3.8116021618828055,30.666098163990632
2.7488330475637017,1.328220808285812,2.4247051073591055
1.4506587204333363,4.383450619546801,13.936942054928043
2.2259048552694263,2.4362453940057343,6.605697216992133
4.1141210681723415,4.259153478307692,37.31587695144416
2.091118317912957,3.352208398982454,11.749263139552674
1.6603707817491937,1.8126827746960013,2.727838799422889
1.0618739040449299,1.679527775966534,1.4976741485897354
2.577247257876707,4.346602897015425,24.345910481270476
4.541337228727257,4.46609397148759,45.29074565109419
1.084094644945535,3.040582383637042,5.01130405051685
2.791951862284008,2.4083515659953116,8.096879939381592
4.851816854692959,4.1305147621370395,41.388792902783756
3.770867279582971,4.021287775403329,30.4888861603545
4.23396058243015,3.4008263057865546,24.484188668720368
4.247229088365793,2.1215560819171624,9.55838950660741
1.0681875695629586,4.504837178780285,10.838663202812631
2.311219719491062,4.65064948845402,24.99415484375441
3.8471744100732663,1.2739477114145075,3.1218719496068603
1.7456376855529192,3.766562443885119,12.38267450174002
4.853503965932281,3.3249776100747734,26.8288985665069
1.5564127822285174,4.716535861603607,17.311754112275406
1.9431874105594664,2.206773977580296,4.731516954350566
1.0332136819665632,4.832740048937542,12.065547211959814
2.061868143007718,1.0157541818691396,1.0636729891239176
1.7766723956680317,2.9703582530412667,7.83781528140637
4.171084237393862,3.693315390512984,28.44800113905497
1.2260145260804713,2.8131067643041887,4.8510756826751535
1.0564930192617759,1.2949115307371186,0.885761566977769
2.312499642125761,3.644138499250425,15.354703244498364
1.5195812858069657,2.992317547279929,6.803138294888167
4.77257411777129,3.1435215775472627,23.580639427495147
2.660710273633138,4.515907048139338,27.13048635469116
2.1944541274690517,4.195601506248108,19.314567002424113
1.2610307703087704,3.7061217269638123,8.66034209012326
2.9954634380565097,1.5666477938392593,3.676010729416257
4.176610855168562,3.776846531900063,29.78877837996939
2.5398101412124516,2.0385476418474546,5.277314644014174
2.3474825091928175,3.366256458840187,13.300463289032256
2.9899521956344173,1.901226724721138,5.403834874559669
2.3107837424462616,1.7882541302363721,3.6947731701266697
1.0134903736934477,4.312347696331229,9.42360713289392
2.673151018343917,4.63473921112422,28.710721295425884
1.8659790760189225,2.5227996911874224,5.938028971440996
1.5332139798098892,3.7609474331891017,10.843445511576661
4.253394524436573,3.9217049480252983,32.708114113189666
3.744206486697275,3.8524428681883105,27.78447591773758
2.411196008397096,4.890101797129237,28.829580313036217
4.36762637960839,1.2522451188355883,3.424476417021967
1.0541843924345287,4.18041241435518,9.21138307888287
4.304045753245168,3.13577195452847,21.16098244307134
3.379389101131234,3.8249409040429385,24.720523455778007
3.3650170883569763,2.3101637655711644,8.979306868528298
4.088904920080498,1.760179345814855,6.334186663233499
1.263972474917665,1.5079758758979205,1.437131169229257
2.932542200705022,4.751146937844558,33.098719987779994
4.862287591338659,1.7008892543191374,7.033357969378356
4.575186496196752,2.006791774965742,9.212625789185747
3.307352836763318,2.865737161891299,13.580734043954473
3.653756598179681,2.4148630747352375,10.65355711797168
4.924329302188214,3.7975001582824897,35.50689478186205
4.136345559306901,3.8179364534150535,30.147007507062312
2.1081533894452216,3.09901507440764,10.123241298721105
3.6226678039855176,4.3917873859973415,34.936639593400024
3.6123486942387903,3.853595992785665,26.822054038512725
2.471338380202414,1.5401045572104537,2.930910994973184
1.9183021767454203,4.1594134126141675,16.594004357238216
4.946554479981237,4.362783641641954,47.07606492266319
1.018435921175179,1.700361236145092,1.4722653955192961
4.48690450395381,4.241548694909571,40.36135569370096
1.5323507299403745,4.587589149947376,16.124906970515273
1.820027575430914,4.388568155982415,17.52643826325545
1.4270871033927777,1.0565770745923464,0.7965679933933763
1.1859902954254542,1.8510450026275604,2.0318193621193057
3.8673926137907157,2.7964795944043295,15.122081597177027
3.586567908603557,1.115964553537594,2.233314384484745
2.796395744588954,1.7425262680753626,4.245484936314473
3.5576811255954666,4.53065618188281,36.513985292164094
4.030292161362633,3.283545007617682,21.726635644738217
4.8200370153110885,3.767812004393485,34.21360433630476
1.9376028177959297,2.1457971190125633,4.460793070546162
2.492729646427333,2.225823107540514,6.174850918006605
2.5677695528362503,1.6160682737515182,3.3530919116671667
1.2029186196309802,2.206805622952432,2.9291014602482335
1.7520091740903734,1.8315227900009186,2.9385361268682004
3.345351793543321,1.479117269760113,3.6594600837358997
1.5719966190173786,3.8896618695050695,11.891737418601538
1.172106813470414,4.276176716018542,10.716389340538868
4.218701662461308,2.237044966787761,10.55597240620493
3.206599816852965,3.9064000470318736,24.46629459889325
4.263044025510164,4.185110765412036,37.3339322979072
2.2401384141507927,3.310224892704742,12.273257843793006
3.5391848170405327,4.473191595225521,35.408558515744936
2.689550537203093,3.5865357870954977,17.298165616918638
4.2229977294888865,2.253308603114252,10.720923619778086
1.427079833436387,2.9922025914721715,6.388520060001426
3.7111017757632396,3.4020164488696265,21.475618848438724
3.0271650780684998,3.662473500688668,20.3027604836499
4.769717106841266,2.2026703392273026,11.570753282220164
3.519871142340847,1.6663633026895908,4.886930411703299
2.1374647436703027,1.885588041488861,3.7998162418101393
2.2820421749498774,1.7003783654867317,3.2990189643487096
4.526428981296867,2.991140864331999,20.248807297295873
1.52315399667493,3.291432554573107,8.250565934647728
1.062724528750845,3.1225094625569616,5.1808167988674585
3.959359964526828,4.85626551201257,46.68741607286325
1.7626016856417914,3.932882347469412,13.631576800964652
2.157520444342388,2.775604669749513,8.310748560166257
4.38936348261585,1.370654798401596,4.123136684278309
4.372847132167765,4.972302431264765,54.056680308494634
1.7882512010785168,1.1658110009927842,1.2152197749053457
3.8195709551599544,3.3415201465950695,21.324200354902953
4.221836341536422,3.543762546410367,26.509444419860213
2.6245353630094024,1.5237951197439767,3.0470219993349814
3.395911351972963,4.454963389613108,33.69881488179668
2.0258994002452773,1.371655251289945,1.9058021879532476
4.751492273576156,2.355449021422467,13.180972391163577
4.900199110043751,3.4561399639645662,29.26620262888115
2.555200406818434,3.426000380668819,14.995805057530212
2.178701924058535,3.4987767989882212,13.335223448375448
2.3942242566957073,3.073187893323385,11.306106136088228
2.5658576784179705,2.507140931356732,8.0641771992008
3.940631368623707,3.719605592384128,27.260235192392233
2.823642330006257,3.3275087396135867,15.632127832719911
2.490395101074736,1.1317539501918241,1.5949324556645161
4.8843242188970954,3.518404964867352,30.231948460182537
3.155468361204449,3.5895773319954016,20.329208136177233
3.550326213100818,1.9702579259117834,6.891034588923102
1.7451703344170957,3.5145810614471644,10.778416341913978
1.2212968088364873,1.7972232840036209,1.9724013886131964
3.2428056969633787,3.387550445957903,18.606405183713004
3.459212075094519,1.367805290230328,3.2359049087989047
1.4009944687432747,2.2778200060349616,3.634504668551984
1.2482718420353485,4.655660945927119,13.528257710667612
2.684546712472354,2.975731995335418,11.885804942872872
2.330736689896271,1.492294549847602,2.5952089055956518
2.121235690230425,1.4273050019969875,2.1606902166514077
1.8789358812422434,2.0640793953114414,4.0025315267260275
4.6168236449141045,4.6842870580337745,50.65243085157631
2.9669606043564594,4.625640085195805,31.741354819038666
2.5098425872688837,1.90651361875765,4.561380612588687
1.0372338611933878,3.5547149025327034,6.553242517642813
2.2514266641957916,3.5976669151291616,14.570340941410306
2.203122898483615,4.919853123047979,26.66324503584751
3.8734741785015734,1.7975872725299098,6.258217295811495
3.356936712094156,3.945968483118682,26.1348722948401
2.0512413827893914,1.8259503165884872,3.419516366417492
2.2710473329559173,2.9495024602930537,9.87856167675623
2.0152575982288012,2.1944031384894314,4.852140892635625
3.5708553274423545,4.990694835315919,44.46970920180505
1.5905557725325865,1.432587389707729,1.632154078000399
4.731807298476257,3.5277811614032393,29.444238548882026
4.332633223041993,2.1691866925199506,10.193323159213941
1.518110286967962,1.3672156714679913,1.418885606001147
1.9428403876408948,3.8559353059089867,14.443305749281498
2.927444782395623,1.1064310035648424,1.7918736783119027
3.187012257289723,4.775798511385156,36.34508842359199
4.916357781462377,3.1141632330875324,23.839449959380946
3.024399166052123,3.39145394612097,17.393258917369383
1.762963931866651,1.9572950340552464,3.3769608054934874
3.038919354082905,3.5666771493031146,19.329328999993816
3.3821499112444475,2.7952679108995393,13.21325254250987
3.0308393088646897,3.375186528353065,17.26348506793748
3.9973153432586734,1.6190884457845716,5.239375947335322
1.4027241285575829,2.201706933642097,3.3998620200259686
3.943728778726925,2.2062743291686306,9.598338626832772
1.983232993746384,2.1296565806696015,4.497414300047549
4.314471125469087,3.0300530264445262,19.806057190598594
1.3883201910797034,3.480709443596607,8.409984343749903
4.6522445761721976,2.408903475501501,13.498059524919778
3.376076549495311,1.4788301695281882,3.691636180003572
3.9002083313033293,1.5993572655067934,4.988256592190817
3.975752320282572,1.5871992437828144,5.007860484105563
4.497616919820375,4.460624459574805,44.744925504646076
4.697599395120969,1.3291906246015843,4.1497365022484045
1.6141848898367464,1.3600560474676469,1.4929212291828868
2.63039619614845,3.882169554595709,19.8216667762877
4.301263009976236,1.0426838797739602,2.338144362953647
4.461561596465235,2.8281020440596296,17.842144362806774
2.5136815433120723,3.6927780558146064,17.13904714547804
3.647914008015744,1.9952577868823824,7.2612706629225645
4.125322466252439,4.547297876353259,42.651539791450666
3.989171710314265,2.8173342785505735,15.831770790145939
4.6940321102832785,1.4420633097277857,4.880729232415428
1.5798309940292774,3.2620603577673064,8.405520644936844
3.105706835723183,2.0635744517327987,6.612577074699635
3.3047287171386377,2.1851408632925695,7.8897764127829895
4.046659022278692,4.792159851519221,46.46534955011205
2.898522218252399,2.387657717078953,8.262106242284924
1.9111666082700953,4.566463515939478,19.926385936912943
4.208503977373415,4.8933998017501175,50.38707480821937
4.387179092113368,2.4861856076258784,13.558837748375351
4.362531828612041,2.744686269695371,16.43213644322199
2.7742978242221166,2.0443850280355043,5.797602947819459
4.526506648066456,1.148004514790304,2.9827740695929377
1.9844275836773542,3.9610212140338144,15.567525873033693
4.693302587049844,1.3270832335424392,4.13280471145821
2.749410944853883,4.750387237051528,31.021849628265116
3.165748475681771,4.5218243054971765,32.36486341814104
1.96891476432351,1.2601971032013193,1.5634135582138466
1.4403647792792404,1.3004556666312177,1.2179616120406334
3.0045003301877364,3.373554299889152,17.09691175474468
4.546327649798743,2.1450368120092724,10.45924257657031
3.76295346607555,4.716320179307601,41.85095891471947
3.3537480124748567,3.7397118429616865,23.45182863009149
3.4849088349659927,1.6448557808794297,4.7142984899591545
3.091472432900003,2.6806105753947715,11.10715508364759
4.9952233419093135,4.562593645460144,51.99343346543315
4.297947027287757,3.0176393773763275,19.56886959949307
2.324691619993749,3.159696416269918,11.604490293601769
3.019291525165898,1.2829200774424985,2.484701693238255
2.2792022024944254,1.3671628931432385,2.1300675937105478
3.565952680278246,3.5516520052599105,22.490877145236805
2.678365525072891,4.335521193531853,25.172275582809938
1.5550876390521675,4.5157358903278455,15.855572977861147
4.3172812122222215,4.545741403638154,44.60564200716197
2.2569220563609464,1.8047660571556592,3.6756012797661133
1.6307468832124914,4.0417761552650875,13.319903433838617
3.961100819147969,3.334505841028556,22.021599788716305
2.5731265997290693,2.8955675053148338,10.786947056046719
2.892427035701745,1.176397292390968,2.0014302020966612
3.7122034167362488,2.9948765242712274,16.6479059456718
4.86321764186985,3.6090384235711244,31.672089920457605
3.742237268857744,4.041161456781408,30.557212073087715
1.7339359982721692,2.399331731912367,4.990955100371611
3.7988021586676206,2.2366341419196814,9.501815221152851
3.1677204564904464,1.121898351271609,1.9935350378228691
3.3411686630365045,1.6637203322144614,4.624119533577568
4.681334473808398,1.7555338690334548,7.213700403715281
4.6469412274017525,4.603494667144712,49.23936832077824
2.4534694988279853,2.1773144371906015,5.815579167390514
1.8291366405681968,1.612166081814558,2.377035750058747
3.552118636372649,1.0039766530759158,1.7902129478806803
2.5020640881397362,3.6797697965205614,16.93985679930789
4.847133318740855,2.7266315147736178,18.018053388347692
4.679172878206989,4.03405123183647,38.0734221462043
4.33600109444478,3.8409676167386944,31.984581953976548
3.5019188748233407,1.066028308719066,1.9898189415994687
2.7129803540430917,4.818250503982787,31.49164914157158
4.292968582501151,1.159886099860108,2.887742085276
3.2387585643763046,3.7834319380088077,23.180373535365504
1.7035958496605517,2.6255710014029474,5.871973837009087
4.263992217388591,3.387862944255141,24.470231218639757
2.8914399212143134,4.6111343270604355,30.739707090722405
4.205444510836197,3.858428646705144,31.30421790588527
4.226577620892306,2.645760674136894,14.793126375614207
4.72403239722499,2.03350621994274,9.767285488593922
4.155333000951998,1.5268938354034267,4.843881619998311
4.940748027097739,3.2363693104504314,25.874910644848068
2.122530384603335,3.6864706752154386,14.422664048508754
1.929140706091415,3.0223557329563753,8.810997312603044
2.081760726402092,2.7529287742064925,7.8884334446653375
3.861220956425546,3.961773786526734,30.302189317025793
2.777288128917365,4.270521943059306,25.325198474510675
2.351687309909907,3.9982029769595893,18.79659813130254
2.8683647679855135,3.6786747400769215,19.408285145609756
2.4114463977817726,1.3393931032580948,2.163035931415647
4.748536958979235,1.097861927237341,2.8617077245189315
2.7322054462798686,4.345705668712878,25.79906544161087
4.806393137779818,3.647156872661124,31.966727779750588
2.5548635692881723,4.405655888930042,24.794700322725475
1.9613904019333952,1.3520894832396961,1.792853980119727
3.4923233983658686,1.233358700857397,2.6562152265181704
1.4771739914828097,1.9470925084764663,2.8001082967819104
1.1033531930425875,2.7754331869239883,4.249581028547157
3.8202159653590133,1.0396169995219195,2.0644514039359367
1.8788362410211237,1.7539810775540698,2.890072520258261
4.905837892817009,4.757610099399583,55.5214618772524
2.447250037730727,4.25716120582677,22.176272014483526
3.5911369278785954,4.859942960241058,42.409613386040974
2.553452202452739,1.0071697516349345,1.2950993498670458
4.873449062666603,1.5563464688948088,5.902269081082861
1.3088519582883356,1.8938052067031053,2.347097570669162
3.9550012642239,4.5133047322139,40.28152889658732
2.307786401720298,1.3794216547592053,2.1956327154265343
4.580083641927491,3.7997769094470466,33.06432126979993
2.0857933523038197,4.171389138521963,18.146910415501974
2.7369814192568476,4.886940327661376,32.68254934655962
4.389372554695848,1.0745408129038707,2.534068083035906
3.3836735011869545,1.1422185477126963,2.2072771670753553
3.76388299666772,4.968471000006307,46.457050919796316
4.269431405412782,1.1117394732619887,2.6384331600260693
2.4045351249570643,4.6950366739692715,26.502027961183376
4.230892116330828,1.8035241481428637,6.8809100245623585
3.2057747595647252,1.2844257958870093,2.644362853937553
4.001243957192997,4.09645627646527,33.572345444215784
3.7811363349248985,3.6541593434457242,25.244530831015503
3.4119305225872845,4.30552255310042,31.624372751048707
1.5673538215413547,1.1149138649283548,0.974136203598082
3.5174457329789877,1.7180616376113007,5.1912852308192825
3.7653609229232514,4.046612094230484,30.82902329197267
3.2436058395652743,3.3245726185000435,17.92543589629838
1.8750934287791967,4.622356837249037,20.031794418368307
4.188216368819811,3.8056967738569165,30.329655565223174
1.6813848741594155,4.220045906238493,14.971712923414161
1.3303291751985613,2.0637665659045554,2.833024072015824
4.978265430592851,4.406545767182718,48.333096912700235
1.6274495303980512,2.928372497688077,6.977987265953142
2.5299737421801862,1.3529976531298948,2.31568831764212
1.1766813050951868,2.7522616472868253,4.456647599005216
4.383752131503371,4.110776967401127,37.03938980705043
2.3154267938324065,3.3073418981308094,12.663660068428577
4.814221455554158,4.539755562454728,49.60906105527775
2.807529120283114,4.3722067218009,26.834632318449458
1.3694573104413088,2.6620090668339396,4.852187377842781
1.035496910142169,1.5833250012996647,1.2979529524204876
2.836997597969307,2.1882741771600083,6.792543734757624
2.4944680644184722,4.917127934184865,30.155807925248972
3.8764587721425587,4.764585527127707,44.00027878176166
2.938832486273626,2.2377762888305903,7.358311550907523
2.9372519545623326,2.425400521817764,8.639291724460973
1.2158168122352073,4.088687950919816,10.162629240533288
2.6937456555229664,1.305177426535073,2.2943818541535186
1.740079792514737,3.0880733160795026,8.29687167933163
3.4537870133340727,3.6912747599537283,23.529803627540822
1.154555954719065,4.692602046374041,12.711957762498441
2.5235093922234957,1.372071013072647,2.3753527236062153
4.383158565485957,1.0707497632603902,2.512656727242501
2.789133463706574,4.5178357309210835,28.464278003078174
1.1766424838391467,3.704971356423168,8.075775525804733
1.8549691627485183,2.0360112897895064,3.844740763692994
3.8021180055211,1.3269501219745186,3.3473782782834824
4.053777655975463,3.647296228144415,26.963235439935808
2.7141977868993266,2.723492751252503,10.066162657167547
3.0448763508064847,3.6719367314001805,20.527215636277962
1.7056833771761402,3.9672865110416176,13.423184287708567
1.8606392722462433,4.755401693085686,21.038104296048665
4.097191056694161,2.384434239195553,11.647344453149284
3.134066463653721,4.39934277163327,30.32870093656088
2.6469286178478177,2.8615428999354777,10.837091897375968
3.0314199891715408,2.3723116010770946,8.530207185682137
3.795764542134995,3.376453775184042,21.636693140479213
4.2676963191785,3.9589114139440094,33.4437586394378
3.26377554346176,4.710619470526262,36.211484881150746
1.1908307152886364,1.1482063286060278,0.7849823732514413
1.5149361770255632,3.3933457011340202,8.72208979417411
3.2432209542045998,2.2246440551509146,8.025417016317691
1.1761954073648448,1.602276531843374,1.509817403378768
3.0003420817078896,2.792328508590166,11.696981372213783
2.2908102184155057,1.2307042044157166,1.7348681920970168
1.61709706892375,4.714441786430331,17.970768482726424
4.759589628598767,1.8949810538485172,8.545731790531628
3.551447920163056,4.232171442751987,31.80548038769741
4.1401895462965275,2.5861179722212433,13.844806607528614
3.139920116576575,4.562194872601722,32.67655529558987
1.418132098709688,3.3396957790366404,7.908616324593017
2.361665870698565,1.564208635573519,2.8892013970573296
3.634286959263521,2.2733750631504774,9.391423037316487
3.4709589329126986,2.623741260223186,11.947072233848838
4.162714173170844,2.9759661912406683,18.433278391925327
1.232103127964133,3.617779226036975,8.06308402769472
4.464565910352561,3.485261994383138,27.11565528131004
1.4287000770747444,3.610758871026175,9.313395507334373
2.320982359331854,4.049403254945979,19.029347597015907
4.35015063330701,1.3579534033107579,4.010920330829449
1.6421631149076061,2.77275459441891,6.312612988965058
3.8658453053530546,3.696981255445492,26.418549731498135
4.698006371654273,1.7726038138975015,7.3808599464370825
2.977178648293778,4.721680250806347,33.187003961934444
4.662082712471424,2.6022409114222937,15.785014291351844
3.041724594794118,3.1159775510643235,14.766532788079127
3.2172079240829348,2.0304707962871054,6.631971162299748
4.046024056211882,4.756733075496186,45.77370097677771
1.7839527531274442,3.6263098926584507,11.729599455229474
4.046115531396181,3.881580827188471,30.48074317620236
1.431517990768751,4.264521293072138,13.016894626962578
2.2987749976040956,4.6712264305695665,25.080044826085743
4.540861640866929,1.9880071400696404,8.973133999578808
1.7615275024821782,4.19356864451496,15.489127162163134
1.3262450741983853,3.6448600564427283,8.809586108942026
1.5567852589160731,4.880101054421822,18.537721164681507
2.545145264004773,2.27660335787051,6.595645771502857
4.035877143860885,4.620332701804308,43.07789175354645
1.0429269828235253,1.9839968738354123,2.0526073282985755
3.0965267234623752,3.3856722989660772,17.747397522719517
1.5838601560368457,3.0783871450836187,7.50469957931272
1.1479218323039602,2.0187242825994094,2.339032920172941
1.0801758824718535,4.2379769583820135,9.700221761935962
4.36762008294156,2.985750888532245,19.46802965163238
1.8111155021017473,1.187521386210236,1.277023918109565
3.617794954473318,2.471336062551849,11.04784484075593
3.757165609956001,4.801340079789005,43.3067187284278
4.7490197495912465,4.278450512426122,43.46573280989919
3.408227372667718,3.735500039609959,23.779135144875195
2.6510486033295773,1.413595267906247,2.6487310320480066
2.3769131337991154,1.1506211375138906,1.5734321166471068
3.088711645229486,1.6805054032940312,4.361412823893386
2.6634631792855576,4.563094457132989,27.729090129820776
1.0128441112276194,2.2095538872831626,2.4724174903793763
3.5757163474574547,2.808364343691904,14.100677021935208
2.551181632966163,4.774506183469725,29.078252551346974
1.9002805638908122,3.0340692443472306,8.74658874665413
1.8295316371652328,3.7634505989560347,12.956340933213827
2.8202623083293403,1.7988090517134232,4.5627811237492395
2.074118060659387,4.5996721932990186,21.94104160814082
2.584388836613856,2.9794513436273875,11.470978235928678
2.0061659584992584,2.6180469925720358,6.8753013193694485
4.998241102815593,4.841017527462025,58.568016478859526
3.758477203153363,1.0743548596230155,2.1690892897929235
4.103396818486324,2.3732039238944114,11.555364177367915
2.9045937262608623,4.6522350430222374,31.432483475389102
2.7587344736354873,2.6298599075006885,9.53992883025666
2.3992828508402337,1.5322873562369859,2.8166435516156945
2.442863340640909,3.1465827007855953,12.093373828382203
3.3865877699020603,1.2311826686781862,2.566713096837491
3.073956951608055,3.866809310450307,22.981231457693426
1.8126539154510297,1.8109414825983334,2.9723074631971813
2.556087957248741,4.034565011934308,20.803635431306652
1.88004723954807,4.575348680309797,19.67828106562074
2.222646114039,1.808988133860249,3.6367358781337145
1.3927099516771246,2.896872870179617,5.843722120435475
1.2460859864285765,2.9486901018625478,5.417217592632605
3.2430229104810553,2.975871497330257,14.359799255368593
1.26253920199885,3.522685230495815,7.8336209508304
1.7913920113303612,4.704244725029182,19.821679546102896
1.5177016610446001,2.3479000496673046,4.183267377379368
3.7263105885779018,1.2715627782087777,3.0124834386710537
4.647554522038879,3.6956741719847117,31.738167457957555
1.5444823262800762,4.512569044843345,15.725362557215142
4.467186898956145,3.6767831680137983,30.19535674534075
3.9829070149009995,3.041646638358173,18.42415969281922
1.2810309844652927,3.731893438675314,8.920477603168372
1.2033677102494624,2.235230148083775,3.0061652565322508
3.752302058085974,3.6308348002148896,24.733226495978897
4.096043703148952,4.7982619467941365,47.15225776592947
3.727066467958547,3.269411988002746,19.91940876141015
3.5873906556789072,2.4298748586991894,10.590500667767481
4.863766470957061,1.6159139674805507,6.350079882182683
4.527046298896639,4.196138908851593,39.85516887967671
2.601248204143469,2.600954092792393,8.79867287757729
2.50437435873372,2.751980072825981,9.483307273335605
4.252067275924901,2.155744053731247,9.880172459399976
4.052863546561786,1.376331293347767,3.838645044522835
3.5433632856145034,4.058188900070718,29.177642755556626
1.186296593325197,3.9479574978163003,9.245027870322845
3.506974721104235,2.629848858456674,12.127302733885488
4.863285888010511,4.192324981614426,42.737556374246275
1.4042525087827187,1.167015097890412,0.9562427644861609
3.1150569022852213,1.263475620256565,2.4863926950143957
2.6696737535796693,3.050835861136149,12.424126982376977
3.04541917802624,1.129819287788259,1.9437260347258987
4.704831478636079,4.04856251766423,38.55811342091084
1.2026644506237707,2.9698972446297724,5.303924399317152
3.262069059658594,3.043114811634645,15.104273156457989
4.059306930108866,2.2696700991803773,10.45556164806422
3.1442237630074183,4.153562503546388,27.122202261019268
4.57657039253696,3.4307263916133355,26.93285034444462
4.8672346771624735,1.7914168229162986,7.809902056997373
1.0371522826433721,2.6485945815293936,3.637839249340318
4.003735196629758,1.4581885989517454,4.256599080650546
3.399696660568239,3.6883918621685403,23.125135348763116
2.7092765427360033,3.5486965819087075,17.059294930095053
1.1422451536689846,1.2552346205116223,0.8998687006658592
4.70266246453656,3.019649186613685,21.44009939418751
4.466089162309771,2.52260286609027,14.210035509578738
2.7696986827190906,2.407273116063486,8.025151878245051
2.3552151561870107,1.1041849042123069,1.4357677782439158
1.0342650529283772,2.8259769539533073,4.129895725448269
3.2311300227173936,3.7638476097335176,22.88698062031628
3.0233513446742784,2.4180058027875275,8.838392854787305
4.996755598035559,2.47219203110582,15.26941913667053
3.3395003959524767,1.0087694621115353,1.6991642297471212
2.714422062421101,2.8050390526644193,10.678867671096267
1.0030260419173214,1.0048552175487009,0.5063947528345553
4.9528255995024875,2.782659730291889,19.175347641322105
4.181628516063299,4.373979844832322,40.0008304775947
1.1129480408926908,3.317403444658161,6.1240887552509395
4.2140210225342685,2.632729470899001,14.604247088215251
1.4572752241527835,3.0222293029305325,6.65528119630052
3.193826672822198,3.157034517128667,15.916222742460587
2.277218913070618,3.76290305130993,16.12207156997106
4.445334820809613,1.3528735971837582,4.068074746463603
1.1859827167773065,1.883742556490004,2.1042215447079307
3.943119083545478,4.7399865997684465,44.295960705607676
1.8172762165256247,3.1477678047407336,9.003188133335714
1.3852957695304595,1.8744862960299424,2.433756092780877
2.57234718648363,1.0583315859477604,1.4405989849615686
2.5071854615991933,4.206978439393277,22.186921035060553
3.6827002061217318,1.2988204631782265,3.1062371914106857
1.179428982615765,1.278050613267963,0.9632475346290463
2.8193800464252177,3.2565233690586304,14.949684392435138
2.0876364167014305,3.2007964829490883,10.694019969485385
4.109184722962771,2.1083737342618187,9.133155744864823
1.3866618916118325,3.2438607228621907,7.295666666860761
3.0378213107949024,2.7523514858032447,11.506414562871747
3.5577157438645366,4.825792329563125,41.426525273712585
4.022385013384934,2.00853578244424,8.113584968177546
2.967357365245273,4.122455914713183,25.214589194786814
2.6181735246031015,4.198724974634686,23.07827201701862
3.8772637618261347,4.482852584984466,38.95868288304997
1.1075589885778845,2.1250259880544777,2.5007216937920975
2.1370037578406884,2.213853374451193,5.23688452573777
2.2464966358151677,1.4853445515561114,2.4781648455638745
4.464793063237821,4.487904796438017,44.96334473705879
3.7300870730468216,2.9306727915411415,16.018566144028178
2.5630372796799414,4.042034934619895,20.937511016429802
1.042835555579988,3.13121267315037,5.112236850479066
4.0003903542653045,2.7412293774707392,15.030143626859424
1.5512105725067311,3.8827452726765084,11.692801031219853
3.0174533210390866,2.0034836384183077,6.055948384216816
2.364918046328136,2.506285199850165,7.427575562701959
4.0238290350441215,1.5999243288766558,5.150013996115774
1.5384847911138597,4.152422027854908,13.263745620050013
2.405249748744666,3.4341611132151217,14.18311141943526
1.1600510398070045,2.081446591353279,2.5129141122786884
1.0264171203297443,3.3568808120488223,5.783167018621458
1.232804832637047,3.8539357180425906,9.155314456936415
4.278574383491449,3.093571583220217,20.473374493723252
4.898109764701853,4.6936216023731205,53.952884157386706
2.6054822040003502,3.425428703888103,15.285793236780705
4.341703063952263,1.8416086740534472,7.362491832980733
4.988611816471668,3.4166123094394996,29.11663068465053
4.8211544356238605,4.492387440779533,48.64917239975655
4.938533164576908,3.9758003291245063,39.0316678698004
3.7890376494689093,2.2255094959433266,9.383348109459918
2.372548291894756,2.9516984515989084,10.335441669594543
4.434394358195045,3.3367480347345557,24.686023840553787
4.423891008451241,4.985147620174912,54.97059899793604
3.5039904159999806,4.694755962175464,38.61525955056203
2.002469853357728,4.5169521374409705,20.428052643887664
3.327346991059221,2.999792997881325,14.97099522742455
2.4874721486331772,3.296516841546775,13.515708881984732
3.8192256913439806,3.405256786454131,22.143438569025356
3.0893799913089417,1.4683213454242199,3.330301541630282
4.2780139517523565,1.4699391221410445,4.621797340693189
1.443624073612202,4.349103614321475,13.65285975528497
1.4483632618214997,3.226781492982063,7.54026517632003
2.5828872903716382,4.5330572479185705,26.537369235683258
1.1678233388956638,2.1015177581913376,2.5787740015791316
1.1749571559610446,4.586936658274215,12.360542176343392
4.44860747112102,1.8871583678771575,7.921561266630542
1.5357078954906767,4.214903486251533,13.641241275593238
4.09825343873131,4.9036224256897665,49.27230295138857
3.358582915126828,3.4232343682037385,19.678833268306697
3.5424975886833057,4.183109528890375,30.994029344892333
3.6094801658583706,1.7269733787723536,5.382523690731878
4.625061240829369,3.6169876087806747,30.2539116194113
4.7114531520476355,4.337312646032722,44.31659028244056
1.9859305702364018,2.0382628136261607,4.125289466821872
4.561183375033515,4.680805786012827,49.967633438177636
4.725624575248613,2.71103377324867,17.36597120441815
2.1688892157097266,1.6883723158011068,3.0913189668415453
2.995250134090638,3.5067798295665407,18.41705141023623
1.6234559638432486,4.060684210833388,13.384709534610689
2.3792234618846453,3.7384306126648705,16.625851105064417
2.991790963385088,1.5099219384904101,3.4104386459068987
2.2730127907253417,3.817691952304262,16.56432141016752
4.381624763812113,2.630587490176152,15.160400965309668
3.5325235629801957,3.8650828752824262,26.38594742603312
1.164659589535919,3.0234577852438638,5.323249593782395
2.078850451194221,4.414755486679735,20.25846625640403
4.098829427150742,4.31958786120471,38.239699780531346
4.110299103842165,2.5260639643177716,13.113907547681576
4.736957209183372,1.2328206235611976,3.5997243672351122
3.2346424964792493,1.8649004707245536,5.624806793550811
4.262387399218273,3.5352700501856464,26.635945136147352
1.6142148917067218,3.373271538184019,9.18404404451123
4.704524266629125,4.547473567072908,48.64364205330096
3.029041823822895,3.8710743633356994,22.69542410177143
4.978427712502669,1.8145656202083011,8.196105996256039
3.2537216186233655,3.0846941024141676,15.480130000392856
1.1098473372412627,2.264363035425775,2.8452822987611106
1.4814451680635154,3.9041716303855036,11.290505556090308
4.7524615997813555,2.0061470066815046,9.563439813500699
2.0222519029355976,4.727784021868355,22.600628376637992
2.2665744803590866,2.9376402420883942,9.779963112714544
4.4626974693586705,2.6710053104158384,15.919042927749933
1.2584039074789328,4.982262387398899,15.618641399797664
1.5427639236669868,4.433784149953664,15.164167470448547
2.06043816068871,1.3353849509356435,1.8371412318750757
3.2599528862142746,2.770359192252421,12.509889991616166
1.4148488950769935,1.1451770035864755,0.9277379046593746
2.9212967195266617,3.337070714973654,16.26583995771192
2.7422500787442985,4.829267732039677,31.977140727387543
2.181734754644935,2.756274463483422,8.287372828624594
4.877028617645871,1.7262483876876558,7.266610469322686
3.2064990660308683,1.0025481912933603,1.6114307163639738
4.7672441683915725,3.0788157818659987,22.594607874701442
3.0615446421139634,1.41944098869984,3.0842195445036444
4.095273969161087,1.2832502802962504,3.3719078764440464
2.284475694426887,4.494188106101918,23.070607902139255
1.0761404904829681,4.851098546066046,12.662491614064157
4.8637957040870905,2.327762679331657,13.177187663449297
1.307062305593389,2.1349090031746885,2.9786881106274
2.4704120262518376,1.5437630970697986,2.9437485287537757
4.83785119193597,3.4847902210364503,29.374858873000594
4.700356556606943,3.382795864634947,26.893813568721253
4.181445920000242,1.0902547046870827,2.485148971334026
3.4616927467158067,2.1554455477739727,8.04141793579569
4.653161411977661,3.1776339630238244,23.49231738052217
1.3635930957543505,1.4546035371315096,1.4425938505224356
3.9771784692677503,2.2681738064623542,10.230520867461548
4.444711779437714,2.5888417747955716,14.89445526410929
3.5508904992529766,1.0116456043444546,1.8170383015145424
3.272527899948995,2.1220800528633985,7.3684626820387145
2.0829484378957703,1.971376175387622,4.047506278396473
3.2876665473160585,3.748055931195229,23.092443686118568
2.167942007692053,1.9922679107693804,4.3024233787109925
2.8304952935502157,2.6573439451780203,9.993738484776276
2.1819238681840134,2.2169482760398096,5.361924798976183
1.6946547580515459,3.460947795915356,10.149422618440978
2.466121728864459,1.5699437256956443,3.039153845166801
3.4713355482317425,3.8912078220420914,26.28061067599771
1.2716649054197426,4.240948398919552,11.435855707181855
3.044680904814404,2.371070798124524,8.55856259814298
2.0857122621185984,4.4213045724006665,20.38568294859906
4.325676750346528,1.4266100674940358,4.401843882273374
1.920198033659267,4.218851281503941,17.08852026148266
3.1123716161278696,3.475798036228966,18.800548393521556
3.9553064793766257,1.383631747376434,3.7860921641185175
2.7817725656983656,2.272544400902906,7.183173865763106
2.388900831326274,3.5933104685614286,15.422600580475105
2.4678485271383117,4.492712276697189,24.906099384631418
3.6824645921066943,4.794336266494483,42.32193997304531
3.37848560630839,1.723534147479119,5.018013922017828
4.032093489719684,4.354727663950701,38.23161095609275
1.1148863580872823,1.7741125464542544,1.7545386525154438
3.633688331219063,4.846059685376082,42.66730339895608
2.68816558007409,2.161507988366526,6.279711762111584
3.9928811761352834,2.7106701526156924,14.669311745199428
1.8515646383824498,4.939191331764182,22.585025340567515
4.376851361989807,3.0878181776966964,20.8658096705442
4.1036048699502885,1.238661464060407,3.1480440001636185
4.5162456184265345,3.561870760641755,28.64863091750329
1.9209093997775182,3.7948614262981195,13.831482435945617
2.6655976877736443,3.0429883375640516,12.341421443104352
1.4713256580025522,2.6911998767852476,5.328079807629623
3.141206292534776,1.4977377593882246,3.523205870361119
2.394483589865255,4.985266382160919,29.754907739284356
3.088577376277418,4.060988250518047,25.46783081807599
3.5378605690675458,1.5807318045121637,4.4200491649172235
2.9949711172644453,2.7691350349223716,11.48288225236776
2.712801519924815,4.868213155308506,32.14601889586227
3.2257746142064905,4.326989554952195,30.197828744858995
1.7587511109711107,4.656404632579645,19.066712339063773
3.4221672927301885,1.2483778079300505,2.6666334343688596
1.908443442455249,1.1561139376607796,1.2754122152262328
4.337173869542207,2.0736612884034478,9.325078090671678
4.710831351624273,3.7143409923288226,32.496089612442596
4.5893394841864055,1.449676113359177,4.822388056131441
3.2380137207673996,4.147637202893325,27.851603998345396
4.315695885636233,4.929536704274208,52.43642167232071
3.5792711072728998,4.1048506943917324,30.15499976156097
1.1064468207057354,3.224468313295177,5.7519721758105105
4.488790315507192,4.462116260122507,44.68698830944865
1.070898953937554,2.615598175521896,3.6631993224249606
4.313595160902995,2.1876639576383354,10.32216058260138
4.227132546871111,4.407762262547594,41.06314369749903
1.1640586071586232,1.2940926740369751,0.9747104181123325
1.5401878660332562,4.547510396118662,15.925427638930957
1.1238151292559855,1.9534928255646524,2.144314685591092
1.9190835605879148,4.603110874067723,20.33137548252083
3.375913354249599,3.0763232279942465,15.97442465253481
3.850168961434101,4.601775569906589,40.76624040414623
1.5987361128694668,1.6611469919455724,2.2057836721105555
4.049463896131662,3.2006196325203375,20.741285300042644
3.875947817317533,3.0134908478482774,17.598987361760916
3.9665825708249884,4.39262724150962,38.26795060903821
1.2251765763792006,3.538283495514487,7.6692685025446545
2.1122133601350574,4.4729318311833515,21.12965220055612
3.0245438956673207,4.715680915946372,33.62936898933513
2.172684305605103,1.3040926570117173,1.847496101449952
2.3437907263728985,1.7545845417573376,3.6077582919794993
4.862254868634931,1.9525504848627344,9.268560042920928
1.7434410720399827,2.215949939453048,4.280526275522532
1.9433180439136022,4.096039501342266,16.302047715231296
4.327560846862735,3.8495948249590937,32.06588501590624
4.9283698133480645,1.9725641894147903,9.58816683569688
2.7127786621155194,4.867305461247546,32.133761797062185
4.185963314804676,1.6976930105603238,6.032311274784694
4.262431053356417,3.0191745623748196,19.426914061295967
4.293041838040308,2.7104577118751276,15.769589816654852
3.8960129609683514,2.0005778007547517,7.796528810744636
3.7936404004285893,2.111657368994382,8.45810496846464
3.9056540611694364,1.7516162572009892,5.991584830137669
1.9387612522800617,3.3410821133867796,10.821030832828999
2.0406425162863253,3.494852192763418,12.462195530590634
4.043381240659771,2.7646088611114075,15.451907069231856
2.8172434013323238,2.4288078228470247,8.309610755000058
4.54608852169797,2.598099942371524,15.343329051070711
3.401233204163912,2.266362868268339,8.735048221466297
3.4956516276849183,4.9094203685537625,42.12681149893927
1.6201928591841357,3.7892127276772625,11.631472356346265
4.41177102631959,2.8927598233777903,18.458980994342774
3.4805102345747416,1.5610079053953094,4.2405591403776475
3.7351988431198246,2.637832914451811,12.995060231294104
4.992014660819346,2.4161257163166114,14.57085083117278
1.8264771489734275,4.242509480687103,16.437277626520686
2.5244546931420184,4.969029634247189,31.16597792087897
4.637582447941199,3.9823042348145434,36.773123409950244
3.3056173377795512,4.854236908302655,38.946148732263616
4.5880753478353,4.570914477608007,47.92992364765035
1.0608048373907644,1.7782022836082199,1.6771342308251291
1.712805048730082,2.8523637483089486,6.967672913244926
2.850615643702364,1.7161672539004225,4.197859417952271
2.1489836232329167,3.985847085941817,17.070426689792
1.1110587901951763,1.1846059399128004,0.7795695297457359
4.738130571521475,2.7871212330704673,18.403005197706694
1.77380221285765,4.922728945198778,21.492505343976312
1.6023825443069128,2.393802910945186,4.591060238898945
3.682008506701832,1.878988337919071,6.499844414268767
4.293380266807471,2.3068415141915866,11.423649695021485
2.2166078395801367,4.116153613057237,18.777683615520523
3.9087112957988475,3.4083487999853364,22.703439879066817
2.125494686380228,4.324798982148959,19.877505404635603
1.7096530282024074,2.5357636011563605,5.496617438847303
2.366085527361875,4.86922965046594,28.049231012264546
1.1094232304293867,4.7578046293945455,12.556843133495752
1.9867438235250097,2.048829193936186,4.169878332865621
4.067313234570037,4.189496024150532,35.69449067742749
1.382137198717171,2.739831554242629,5.187628722649471
3.334288162145086,2.9602345545190167,14.609164606618657
4.033048500641895,4.561147736515052,41.95190898710135
4.350335812163705,2.3783048499287696,12.303476094121224
1.5231867949829412,4.124174728252095,12.953802870398542
1.0432566662146154,3.6581931530071876,6.980627083007715
3.3424167695310745,2.281375502056862,8.698095131903653
4.231668786383321,3.270835049826956,22.635962107868927
2.9124688219823374,4.1807967438155025,25.453610701581677
4.419301900164651,4.725335194791016,49.33883801066393
1.1002850803350719,2.2370803426980648,2.753203999152432
4.939511115472767,1.946891621601571,9.36132932529321
2.1295568495071455,4.495181434695325,21.515611484521777
2.416565009564954,1.381987952830055,2.307687520992284
1.0040244827723792,2.0619739306089016,2.1344237653847395
3.4400738757871965,1.9028099425563072,6.227713105787063
2.224473999740775,4.974673388908666,27.5249464876082
1.8355228489680786,3.434652583325303,10.826683185155051
2.601522697708824,2.953689453850713,11.348208028367283
3.3905901523238593,3.8826169130944184,25.556088577847376
3.4011910388156097,2.4915535440544936,10.557023295556341
3.635938558993394,4.802394504407513,41.92781272354971
1.4008569686724512,4.165875828684534,12.155601134603806
1.5825883372641951,4.596533781976989,16.718560372790314
3.265703709516502,2.971098164842724,14.413876149372525
1.3226591618972692,1.9080279619961962,2.407617097931052
2.635644536323059,3.734481935518069,18.378817609232634
4.089356855130376,1.4384733437126997,4.2308599718994895
3.900933758778081,2.730509944764121,14.542065794440267
1.994424929193745,1.922700848172091,3.6864736504716777
3.1318075429380308,4.205038817380027,27.688860832878696
3.3828029593718085,1.1941687022149998,2.4120042875359915
3.6571860861146868,3.6529345348277884,24.40061887383681
1.910636230497023,1.1835768441587562,1.338261342522297
4.510625679030632,2.2166989049794155,11.082052566115594
4.991087455062589,2.794116969093348,19.482933573828525
1.223135908874085,4.721486296067083,13.633337553799196
2.5325360524331137,3.569184470419294,16.131086881215776
4.2569381116241924,1.3153624466528546,3.682631113204
1.1869554615512463,4.237890172577683,10.658689784770806
1.9621098806950799,4.821926042329675,22.81047972971495
1.3702052440043468,2.2536370181851297,3.4795538744829115
2.6429558541092892,2.2543157447252784,6.7156708453724985
1.4099866651571693,2.5069018208335154,4.430570599417179
4.930808092814117,4.9241556526768875,59.77941345630028
1.4700277184254453,1.946089265266814,2.783691108353736
3.5002990913000533,2.7203644617098037,12.951776602990874
1.8626853932450178,3.4622566054679034,11.164210546842957
2.7839451327926863,4.575412168608452,29.140105639672488
4.558794226859774,1.4492161550251401,4.787252418955521
1.68270120746043,3.3444172885637964,9.410613354286497
3.8341098027130083,3.9480930566006758,29.881975919653563
1.358426463998887,1.4641718340356569,1.4560967559382905
3.8465911109367292,1.0451833086706865,2.1010237371979157
3.85708280147057,2.6926052266711107,13.982162185983606
1.839900458820035,2.1963465986537445,4.43778322064516
1.0294023331013373,2.2333129761474995,2.5671682397904334
3.6225879681906274,2.628624122690019,12.515434245209232
1.8853609996790528,4.093768964966269,15.798330025819778
1.5437789794874517,3.740860827688223,10.801852188288963
2.421801195418938,1.9497111699633312,4.603085620397211
1.6317598663982302,2.928056695493787,6.994959671173315
2.664134509467883,1.1688640138977169,1.819927672851175
1.4080593003702053,1.1825017990698394,0.984452055546897
3.232009118533105,2.2595072227056754,8.250305866121781
2.872715855470448,1.0950971839512422,1.7225347820247319
1.355583996934199,2.7898636467281,5.275485008975248
2.0050293167380904,1.182757741841832,1.4024336714016785
2.173175614024333,2.609354714497695,7.398285200742369
4.198440412167253,4.2333090040461805,37.619926147059374
2.2041049810966418,3.744550126676124,15.452600532005071
2.349316646222678,1.2946121467961493,1.9687515599851855
4.331769997988076,3.2372486686806297,22.697996005145495
1.2910253979534803,3.898904280253492,9.812731978554956
4.3662086958550335,1.175980009910504,3.0190782772103377
4.768936683310953,3.7784664837689266,34.04259900636028
4.172001108966102,3.4632498878443254,25.01969880339873
4.924586780646781,1.1753665705962306,3.4016252631204837
3.504904823999568,1.1714118399251658,2.404725186476214
1.3287480200203228,2.373161169846727,3.7416839595863465
2.0176485229305383,4.502795845136733,20.4540838280459
4.728309874631192,4.997278174503213,59.039542775471986
4.620521576105508,1.8729112556426695,8.103924871632374
2.9681409234747047,2.3206245927983966,7.992162432528395
2.556131530059231,2.3752435053296717,7.210568056823801
4.151698771693194,4.47832554803206,41.63198917954009
4.244823729799388,4.6068706762638225,45.04449337662465
2.860482076066349,4.43144150377104,28.08660696219189
4.218395977807461,3.547875126633978,26.549356550096256
1.0146659595675147,4.978274313350328,12.573342385072369
1.8833868795484578,4.5888971791363,19.830159097803644
3.4853313213158787,4.225311321003988,31.11225574285775
2.171772174801305,3.393308576308163,12.503482148600392
1.2078987164430655,1.9435412008152984,2.281329557313613
3.319616055276769,2.963797135340387,14.579908839524062
4.471842854918233,2.9960966170564243,20.070960969143
3.4410202315247864,2.9999835021573027,15.48442073409833
3.854419838544237,3.409163069121819,22.39879075124566
3.451791929124162,4.874424401529376,41.00731097960135
4.216738902982394,4.573880749448035,44.10790087971651
4.770462435540738,1.7243027546169927,7.091817136444508
4.498509228304859,1.1540580680709116,2.995669812919687
1.3301397007924218,4.332863539075554,12.48582613892023
4.161376487073858,2.5582609522903565,13.61747847488494
2.3846908870270105,3.398340277037544,13.770059662386542
1.7634589266767806,3.614809846080867,11.521426834933873
4.086576050849397,4.8693240324017255,48.44700584993758
1.2750316866807814,3.4625074764459103,7.643150685725851
1.2778969533572977,1.7766459244651358,2.016822171590651
4.528407235159303,1.7497356859613618,6.932029124210658
1.748061100643893,2.1179834592163647,3.920773382173213
4.653086078371647,3.5294319417179802,28.981490326727588
2.805825823865285,3.797859904305242,20.235250877751536
3.8113117007951254,1.337430974502099,3.4086878037973616
3.815262773408587,2.4697008927521806,11.635449801123524
3.912973711856086,4.254307835926456,35.41072004973265
4.7626374770685675,3.274007087868023,25.525647058933558
1.3939109653725077,4.421013036545432,13.622243212948026
3.9561390123415103,3.7852400920173888,28.341864059611233
2.2783388900657244,1.9566482471044115,4.36127873696476
4.4325068786639115,1.499201226219328,4.981260797138265
3.7016407849406283,1.9752557321141855,7.221226005558342
3.538866126425516,2.9626190026518056,15.530511030813438
3.0662363663367405,4.538660865360473,31.581379784382413
3.0346825985522714,2.925931820916459,12.990075729718425
1.7261983289915528,4.78826726821366,19.7887090560006
3.702538819060301,3.8355608067839793,27.2349993518934
1.374127662111654,2.8462514783108404,5.5660054220363415
4.211678732594734,2.6177207881480777,14.430184498260418
3.8028180854580826,1.5236652538855617,4.414227202534855
3.6771201380218907,2.6202872093921576,12.623378880392245
3.8651850003248804,4.194060951531771,33.994586681408
2.7518583221310613,1.286043989972339,2.2756618211806274
3.765902149690512,4.258193231092379,34.14206354306316
2.218079889031491,4.631704179664657,23.79188303824483
3.2242236280571617,2.9357264231521594,13.89396895417515
1.993962476298322,1.8979870047964371,3.591480019524027
4.451373479239889,4.400123120305544,43.091706752417004
3.0856712155254797,4.370255409341871,29.46682145597117
2.904122383042507,4.387590666979028,27.95356009714601
1.3382712862841615,2.051195781843932,2.8153240721358896
3.143472458132699,1.1905891016460193,2.2279398909485457
4.052723491491269,2.408895016298624,11.758521683526265
4.920589858548015,1.8385812886712252,8.316734614787707
2.146242124600253,3.365181819182711,12.152504393321788
1.2157480320866112,1.9044147493682924,2.2046347688158394
4.53430098165353,1.5193650552712996,5.233649281648684
4.653156592709966,4.552616201612352,48.22139296538019
3.332475348491872,1.2968124791671007,2.802149563954072
4.158134650405851,3.216360457902053,21.507898660843004
2.5210706543717234,1.506331455951634,2.860198089368126
2.2270499062324096,1.3921334180534055,2.1580508376754723
2.8277747528441113,4.505837828295515,28.705553843761365
2.052200619954545,3.5271173725813165,12.76525935290993
2.80098066260684,4.706980027640596,31.028788986977208
1.4508970681617774,2.6776028175091535,5.20114450563274
4.980129454352884,4.495753511300521,50.32868934230484
3.929325995150892,2.240941318577787,9.866179992013068
2.9789540329979474,4.597277942490278,31.48004383823831
2.9138680657810125,3.9187909334333244,22.374022855820467
2.8777407745890455,4.310288315901118,26.73217632123947
1.0316609339437894,3.0067712810691685,4.66345485215698
1.5084618571078465,4.734396326312757,16.905715615303244
4.163521410723862,4.703208053711485,46.048892367589715
3.3554359973774104,3.697400597873644,22.935698866580907
1.1708156598872979,4.1594060807882665,10.127941209528156
4.972124393923178,4.69513965223397,54.80359126673506
2.741565731535472,4.7624839760808655,31.09107383975534
2.6642812759983117,3.3108990077196596,14.602995263866523
2.036535327935389,1.1581106870798505,1.3657213264361323
2.3162399163490677,2.413856157465708,6.748019354148225
2.9918604070831614,3.3228333906019283,16.51689708740767
2.217354672770392,1.9441226207349862,4.190371012261761
3.708734123197532,4.688070268533768,40.755284551245985
1.823595998090752,1.494155914834951,2.035590763312115
3.3935054997163943,3.2557516793407135,17.98544170733296
3.480248002615586,1.813211106430043,5.721065742057113
4.955321371260826,4.535374071259726,50.964533753427084
2.7122405515896078,1.3119119961391377,2.334036352336601
1.3393711263634938,2.7152266234345444,4.937227091640399
2.8794925203707016,2.1588420352298305,6.710079884118966
4.113465132936366,1.7041061389318068,5.972705575235224
2.032489438920841,3.6045694789073512,13.203987486970536
3.750224703014658,2.885036080413496,15.607372372678896
3.978152117304828,3.6394085746785887,26.345898723651487
2.2187017166929803,4.852548961909629,26.122141396035968
1.9912128731448577,3.578788105823959,12.751452757284083
4.696900750618116,1.8063563652811823,7.662813491682003
4.244760430617765,4.713221185862848,47.14751755071954
4.35783026386673,3.500555427607089,26.700182645703123
1.5156129540989158,1.522736408665926,1.7571457103398451
2.5626427082979393,1.2768792153085182,2.0890926419557525
2.4078972117118056,4.8749391342612505,28.61187661809659
1.73147382104856,3.3681273262504887,9.821163378812194
4.516222563973053,3.6286013139630766,29.73198106709574
2.9276779032856908,1.3339394726719984,2.6047470039619327
2.09505205673042,3.290239047233661,11.340174229438444
4.193787879073632,2.9276043137874024,17.97219910684373
1.1617984631237919,2.0801419919004367,2.513545576362446
1.064633689092925,1.461149032174084,1.1364733042489052
3.0980489635587323,4.929729833584005,37.64475888555209
1.0689330395646173,4.539252991934395,11.012585220114858
2.9659681827400104,3.833670553471162,21.795461550703546
1.8750994514385795,1.3814327176030754,1.7891789755775318
2.7585653083899597,2.144795183282409,6.34490210625246
1.1078667813516674,4.194441146451566,9.745536557943279
2.6979474772156586,4.850854016960129,31.742410600849812
1.3871233743536076,4.320330782570275,12.945507879191341
2.4408392915842216,2.354051170953693,6.7630249279128325
1.8356661125664036,3.2876034811293233,9.920248660012074
2.8813955333258425,4.135348653757745,24.637528806317857
4.004722377668173,4.40196161517395,38.80028550718916
3.237086402923625,2.061944189759002,6.881420678693569
2.221437102953883,1.2392982597277231,1.705908390584467
3.9687299067025195,3.9326969274437573,30.69039697117675
3.012793082369687,3.850108317980251,22.329819157083715
3.0716054692658674,4.66564331413807,33.431703375998296
1.6027011968027831,3.6636948327320824,10.756256484815502
2.1849765089487643,2.0753842143672556,4.7055868631313436
3.205753460935635,1.9248680967509353,5.938846127330299
4.22902169901119,2.260407485759603,10.803970547467822
2.9035488029524004,1.990668575207771,5.753035525299589
4.467893919565088,3.0691333077305596,21.042840451695266
1.1406286394059122,2.321069338753079,3.0724901932194846
2.8075497878932474,4.071752694377165,23.273422614323557
2.9018304834826325,4.649443151560032,31.364901423485
1.0717107811199336,3.120270640689972,5.217135704577598
1.6268945305915992,2.1034893545137225,3.5992336488835766
2.0437631305267057,1.2461307938170272,1.5868205678876028
2.6521014158855487,2.2861309510951036,6.930464425810594
3.450352239620298,3.942784418285908,26.8188098507929
2.6141619570914774,3.090280437786003,12.482405303304144
1.9176756365121674,3.2090495389217737,9.874110839153168
2.3274926526986697,1.6118348531084274,3.0234264479756137
2.098996264531799,4.794532857600533,24.1253858814581
4.21889014590112,3.8791605449501128,31.742690106405707
3.8352978914458316,1.4678925223058896,4.131974400985973
1.9879938710440648,1.5664064838314582,2.43889997786085
1.077110775575977,4.612755353784295,11.45911870147769
2.4528096586846195,3.3856319715868697,14.05767007435386
1.3868884124249092,3.7178600241386803,9.585120862139124
4.962172023419149,3.4558845726831255,29.63195307359112
4.98772574319208,2.015783553141867,10.13352082752327
1.4101104419072459,3.467023182690295,8.474939842918863
3.0986133035969763,2.3659246453393505,8.672398027011615
1.9868459012490085,2.425552798765026,5.844611583047072
1.8785785013572087,3.355297794366766,10.574540259136706
4.894630983944462,4.8054128019137465,56.51339024372201
3.3951576007536293,1.6842178337804978,4.8153345598203465
1.8042174375230786,4.784138848966686,20.64745039595726
1.094619817631434,1.066361642605072,0.6223609583214547
2.7004855086680717,4.0844541942063906,22.525784000935616
4.224115767766916,4.230020018061428,37.79119819430039
1.1572798769609598,3.6285098347886935,7.618421816575877
3.6945861448084587,1.6300293931154282,4.9082499761639085
4.582083178684011,1.1467468788879023,3.012784765277932
1.5917722511794117,4.928869125000427,19.33505924114841
1.3605320141239208,2.6113125419208534,4.638702059987482
3.2434318246532383,2.730830549362692,12.093841798199831
3.4905025421464524,3.3320332279358857,19.376557002339275
3.388441453595781,3.5195886905456386,20.98716696295811
1.3732279625466668,4.83579050877095,16.056378585641372
2.3409972536503445,2.7145128390455797,8.624912717039818
3.2305796393924515,1.0606407162780562,1.8171343825754405
1.4121778630917627,4.6732629826900025,15.420549365637344
3.5401928457249126,3.2902467265164663,19.162574480043702
1.6888092923933984,1.1319274426837014,1.0819016736413456
2.2896635223295667,1.7694365735116087,3.584360386951283
1.2284323386892417,1.7432400687066791,1.866532879388113
2.256739866190882,2.8494542781608336,9.161675193753846
4.152378771352453,4.300837578518266,38.40369835369063
4.868868252848916,4.421310919255394,47.58829455477574
3.872937217855574,2.8760175391642275,16.017455338397948
3.2639782932510437,3.777500905305275,23.287690489828925
1.7829799336347447,3.8289529861558633,13.070028289629825
2.61222371717052,2.049358820696797,5.485502069906665
3.1031197540700193,3.813997507292257,22.569885199106793
4.3404332800618945,4.122593441460453,36.884517368939555
4.082271077758864,2.2949104245357326,10.749872712348438
4.449635165423194,2.7962002670529666,17.395261179356535
4.32771404116418,2.9418477592947023,18.72703185807764
4.507907876509144,1.9370059248199993,8.45681703828548
3.7897238548012235,4.4962477199482915,38.30699023527262
3.4434250472717998,1.5704283187066954,4.246165082249871
4.291370537752476,3.859542391555864,31.962272539321997
4.9067391937875335,4.961177555801418,60.38547955452669
2.818976930887062,2.2181713281585176,6.935083602586328
2.6196946716757585,3.349066750218733,14.691572688503141
3.5510416482084395,2.644612875467905,12.417952270377791
4.112609016781239,3.5583731729382757,26.03696806671721
3.4781112912637404,2.5069902904106223,10.929965282708544
2.7005009719436974,4.14960476996311,23.250259831308583
3.403864469970585,2.357072748255229,9.45558139452325
3.5719714397536837,4.7722518119119925,40.67473059729067
4.326630729265731,4.257182120844782,39.20706149885478
4.288501476596118,3.6876594754783074,29.159306428883465
3.5731795183801585,3.3582357057070893,20.14870739535271
1.229306006292334,4.331857898745977,11.533959212297804
2.894890727171816,3.4676756801984774,17.405204276284692
2.2093831604487053,4.252478334641058,19.976769713968697
3.2274231954404677,2.6792543393984736,11.583873489684098
3.2836886624019224,3.693840101338461,22.402070592092773
1.2011261511111333,1.3347801964404051,1.0699861005896654
3.805035337452135,3.0999623564130174,18.28275077009949
3.615383144698975,4.780172899290902,41.30584814023969
2.4664569236796696,4.496921399700944,24.93871848292164
3.9384533822529515,1.4298224473595482,4.025871748364122
1.7796725858784583,3.391471469838789,10.23496709884836
3.9833281666051614,3.929957085193697,30.76038079490416
2.1210816577323124,4.334225509827968,19.92280116273605
1.3298829281643947,4.794156849361723,15.28297464501093
2.6912284491681633,1.6013573649046755,3.4506196606238118
3.332832473495758,4.8697094308814854,39.5175111894173
1.7107831223067893,4.238094803145726,15.364070669308852
2.1810429840671137,2.9298939422854113,9.3613402120728
2.1136406331337225,3.4038586399630812,12.244588240548438
4.368918172533212,1.910034232409319,7.969410852085842
1.8339134008811904,4.15123467161386,15.801684936555912
3.2807673087296716,4.119840601768464,27.842373796479784
3.0153709062348986,1.8368748678050748,5.0870954786452565
4.543500411648022,2.622554671447316,15.624627674110638
2.0452881149242104,1.8130005740167618,3.3614014434282704
3.717868025884842,4.962752963225729,45.78353146491422
2.3613489971951513,2.8829750859909358,9.813229634484307
4.580621494355402,3.269881876878584,24.488294497653076
3.477238148230687,2.3718604364289244,9.780987452987572
1.0727925205178113,1.5217229371023415,1.242101010136856
1.1486167513949308,1.5503469586193832,1.3803936515960757
3.1924921362135694,3.2361668212046277,16.71712702477437
2.3691390941706385,1.3210209346544959,2.067187945314644
2.038158578543833,4.224152514136158,18.183905082779507
2.856774557129729,3.8689028425444927,21.380685288845005
1.1883750610931325,2.8324114211968325,4.766901822624739
1.6954326178815524,2.9510596446102335,7.382551970717444
3.4871670437094204,3.1258322162003993,17.036253028525344
2.7021782180778837,3.8099953619439226,19.6124968655751
1.9720580703448793,4.140864192710836,16.907199533824983
4.207757440708628,2.729093122757595,15.669581985075734
4.700378178823181,4.0885414826498625,39.28616377109407
2.4839479322433786,3.0694231911494874,11.701082263640343
3.013301358883922,4.349826731446578,28.50732634687463
2.9788642976714046,2.9414924166971734,12.887129417140207
4.5998290004810976,2.47071473010565,14.03967001098456
3.984582223256075,2.5524440423678807,12.979717997818122
4.322724657095406,4.564882853771112,45.038804226367965
2.2509657490856467,1.5179001291153882,2.593135955205982
4.078912404691856,4.680791689189052,44.684099604931205
3.9981666440731627,3.87225783757935,29.975016502970973
2.7503545086020655,1.772143385460029,4.3187334113619045
3.4834782815661973,1.5376028520365863,4.117858919051689
4.906519955630754,3.9110195631178835,37.5252462185501
3.2098645913043415,2.951249706969665,13.97875941039086
2.6144496611170345,1.2035602236259928,1.8935899558733016
4.019540000270872,3.152783279308313,19.977199028227812
3.588403120355756,3.4371460738000406,21.19664902648049
3.028360382106179,4.266613521473767,27.564122481915085
2.256198432377305,3.6056225798283905,14.66586986572216
4.161196446821652,3.0850334985468075,19.80195145973058
4.5487863929833825,2.188320104575253,10.891488775007128
1.2969228292074328,1.4818175678111078,1.423880747652499
3.654399969548237,3.5505871582621684,23.034905712582464
4.9780469247766455,2.9892775237894105,22.241366359067822
2.2300748645588033,3.8019705622951747,16.117843957419346
1.1694627634944448,1.5752185730261754,1.4509019022807244
2.4860384687526893,1.6624061912309762,3.4352009264050385
4.570084321622651,3.1629911544838385,22.86073410242559
4.323843793824224,3.8039834913534767,31.283637675819847
1.7561323653376704,4.916389774535585,21.223639722412205
2.873864477096942,1.8169801103727132,4.743912119992033
3.847528746746225,4.211523578437022,34.121675665542476
1.2450933191040816,1.3585769992784344,1.1490539567010758
1.558623127111817,3.0606110417775505,7.300076342054396
3.085362384536514,2.9127730963145924,13.088488448100671
2.7354547316491837,3.503075300619027,16.784116376300574
4.649337860816198,2.0832899087796712,10.089288288263004
4.542821144095873,3.254677613703154,24.060884943790995
4.458746852471609,2.828818411047984,17.839922356886486
3.826798721862001,2.48640254089556,11.829012928133753
2.9456033036402025,3.051351559410262,13.712882587927178
1.5244522360083348,3.2099128496448595,7.85362767877841
2.6318021483068406,3.035475585193808,12.12485991542004
2.349756108280829,2.4980192541539936,7.331356773713715
1.659885627938555,4.953100263933818,20.361154889946306
2.626752263766722,4.44352056013201,25.93244751040732
1.2641742752272598,3.278558486392567,6.794270350657905
4.309677763440306,4.838594017284155,50.449070798242076
1.6668132238537936,1.8271121302650997,2.7821935759023457
4.529604512774492,3.266681451963818,24.168175296824305
2.4389358633801175,2.2688731560120483,6.277559212171236
1.0406015914621656,1.406577692032402,1.029394730499938
4.790592517331639,1.631237171386339,6.3737269537702606
3.8903021679280445,1.676039407420272,5.4641396564003735
4.963103815953817,2.1600002480289033,11.577931240802522
4.044563683765451,3.113635881885242,19.605473215341934
1.7763037024677115,4.599623737085741,18.790218854691986
4.2314315147087616,3.196835554512194,21.622102111520217
3.3369538703503157,2.532039395300192,10.696978534922044
2.4281867985949748,3.994461605111825,19.371738600228195
1.3027207972435932,2.627838524900535,4.497992234140931
2.957859701337283,1.166805772804934,2.013467913431063
4.642909394520013,4.660725732347184,50.42748476092256
4.484246261430831,3.1551735067240227,22.320604501619464
2.4112275488878625,2.3198138151864236,6.488054094591461
1.3184205816271635,4.706793174405476,14.604080171261934
4.1413161633460245,2.9763540128396353,18.343303981242816
1.3093411042596501,1.8279218997274165,2.1874497151694667
1.684373519192412,3.9150248058985864,12.90854953496109
4.964433502305344,2.9648120607826054,21.81895966599636
2.8753084823851247,1.5512507860865838,3.459540977184899
4.959035397884039,2.4775270016974917,15.219626878030283
1.1834112559299803,1.5184892532878078,1.364360524643601
4.007553248590355,4.948407864853378,49.06595801257833
3.3048381534765974,3.7325713266435465,23.021649160705184
1.5494178279036315,2.4711505661027755,4.730825926540719
1.6302172573481366,3.086653829493379,7.7658919207383725
4.454413172701653,4.9032584378733315,53.5463744855337
4.984057466868377,4.252032216372936,45.05532619304119
2.024726619998093,3.0231102729166284,9.252186432069744
3.70606208728185,1.9338941454883525,6.930237088271266
4.549320067679595,2.0142104204154934,9.228394972750579
2.0592341014327666,3.0731783665742927,9.724141295071263
1.2554040112031801,2.2098503539149137,3.0653441951024467
1.5953858017325118,1.1488100653474071,1.0527668253072844
2.7707691278234625,1.369526853323491,2.5984325552691327
2.0490386319756646,4.619494643584462,21.86296636375686
2.7926250930707925,2.6930410086824375,10.12671467905799
2.3104154423045635,3.5295219777525135,14.391029518639796
2.936199448523925,2.4478558442631053,8.796850955543778
2.7200507865245096,3.139583705085905,13.405751045114185
4.119219154952108,1.6292201188407627,5.466941561782952
2.0029754588665436,2.623811527502659,6.894629036924389
2.483353087390888,2.9878024030354164,11.084400811356144
2.5497170472079493,4.054199415140742,20.954254063165084
2.763009037909776,4.621185597915574,29.502521274315047
3.0927842097841762,4.923707059943243,37.48901557020324
4.759369129969821,4.462789575735319,47.39496573897938
1.028724639532867,2.1709485348370556,2.4241986354429557
3.7461243713628214,2.874630222594004,15.478047342198016
3.9274932092971175,4.045111186060693,32.13263744390713
1.5369648359846595,1.8369805961884524,2.593242160284326
3.722450862852283,3.136946331138653,18.31526282403449
3.252625936533917,3.4603616427726056,19.47363850237317
2.6066704832443026,1.9813904313808162,5.116774305942668
2.492776548138942,1.0231973629266995,1.304884819876798
3.801395204554458,2.3677655012725842,10.655906568174409
3.8594448121903717,4.983476665368805,47.924732515712094
3.810275284619237,4.167157785322978,33.08310382160354
4.925646421232273,2.6266086181335395,16.99119670448253
3.6524936229621328,4.891693998842554,43.69965761612483
1.3408245407299293,1.3022592458310474,1.136938186759506
2.433018532077496,4.766246584950359,27.63557056524139
2.8395956287246413,2.0031167391839353,5.696905607380053
4.139460807990895,3.8632287624280512,30.889766899260003
2.5977539337446673,3.8422811249630233,19.175482038628232
4.395836014550984,4.823177114299854,51.13024897221811
1.7791974797428436,4.893904850856279,21.30616087107972
4.874847440972886,3.125983735756959,23.817954509587587
4.462495049905311,2.88326943014604,18.548901990786195
3.2941721368647228,4.742494705879093,37.04503447727344
4.8108236410490495,4.285709387836485,44.18093245472192
4.497067854546232,4.908469314996006,54.17408759225526
1.3481029714874158,4.165409863364307,11.69522421886343
3.5194226397394353,2.3853357297119087,10.012452176586985
1.125339284656543,2.0196807137319928,2.2951914690484276
2.665699024062335,1.8821918417540897,4.721814164557544
3.163836172494146,3.238020940346216,16.586062495564303
1.2129556747642605,4.271014336750235,11.063103960555933
1.9830332429528017,1.5096374456663244,2.25967155344184
2.783797594157126,2.7437730210054263,10.478618339008788
2.4071271289101204,2.8270241446214976,9.618958857716668
1.7708026368915974,1.1659226864505285,1.2035930465878222
4.362016977335115,1.86265408262843,7.5669658362363545
3.6713664821549195,1.8356407665852825,6.185476072384317
1.6987990217124729,4.368384133386297,16.20890394411309
3.025377393752376,4.206676660893448,26.768733604748896
1.4864364355728736,2.598487600227529,5.0183118283087085
3.119673353571207,4.427409309036757,30.575845521999323
2.435328749352656,4.919274134623525,29.466574374296854
4.143893708541274,4.170348522209535,36.03489938249541
4.7048388716964595,2.6961802085746007,17.10064895244449
1.3843620837777961,2.4961944072288405,4.312970740495976
2.4596864093516166,2.5374084849130507,7.918273920177407
4.944672299319719,3.4498445515131415,29.424329266765636
1.0697399626574091,4.697967296279453,11.805060114882098
2.1072745744737618,2.6084036540711777,7.168705368111325
2.971083497624354,1.3491708892140677,2.704075325953666
2.192555996610506,3.59930326671314,14.202263933924167
3.673054062519735,4.772922639361332,41.83753758588734
4.509645667722534,3.1632347962345766,22.561879884108485
2.107282257933324,1.9854821760554322,4.153600283225565
2.752548536754812,1.5359108218908917,3.2466613498056254
3.014815850821737,4.677519502529368,32.98086244272818
4.51300980997991,4.364860055089563,42.990938897500214
3.417811703013988,2.867392585114931,14.05052178204418
1.9450758030341615,1.4718301805917573,2.106793373740073
1.4207709618925581,4.68489670650394,15.591723211869734
3.779584291186946,3.9852455884271802,30.014023554550867
3.8200394468892886,1.8514301449087913,6.547153348518004
4.99721475037407,2.1518472380595703,11.569667865120438
3.6267093131305135,3.433556409514249,21.378199492250225
4.616161794624059,3.720655172740181,31.951398386253782
4.807826247943574,2.3207004906612028,12.946636560773763
4.042838180464637,1.7378668768710863,6.1050520988425685
2.6824031606036227,3.817979011286308,19.550646791513454
4.253476080310328,2.042023896135413,8.868203270713657
3.350168866205571,3.728260485653057,23.28355008077898
1.021858053465135,3.4909321643393674,6.226491445801387
1.8083747301805535,1.5384351614913379,2.1400150549489334
2.421536668453544,3.50136444307141,14.843478519624322
1.4954673108138752,1.1950194114685768,1.0678170434582122
1.442265769613094,1.7111753048324592,2.1115642888916737
4.693754747161176,2.3553910103877325,13.0201630922881
3.912516357637456,2.1904025011061536,9.385858963194623
1.3199046418957536,3.4213361694614535,7.725099072638749
1.762631038792068,3.5648607187881023,11.199962036647518
2.682708434786438,1.5300582977732007,3.1402153778242323
2.777092260036144,3.052659293132901,12.939484756317599
4.560804983106102,4.855393037748483,53.760127410906286
4.1303968392413575,4.632013371748972,44.30996356573756
3.900238434631427,3.927936116035718,30.087769522801366
2.2299937030013277,4.905479512166632,26.830982342743987
2.4605094904484894,2.614564176606936,8.40995479987776
4.004054291679509,2.998483765947964,18.000035664759793
4.053881538104785,4.853687861727226,47.7512500567561
1.730637356481715,4.55280256763071,17.93633527130045
3.189732983374731,3.463287539228487,19.129403777261537
4.963957867718987,3.0323334726002957,22.821911185290393
1.7134976856810042,1.7269726542055497,2.5551973481667556
3.3900515571954997,4.91244825786195,40.90461275999288
2.9076130515812917,1.0992039827136564,1.7565608561256034
4.327158971093855,1.2254970073310982,3.2493565213592697
1.9924603690630325,2.621255753179586,6.845079390391868
2.26325337591376,4.954617011201818,27.77943190195095
2.1866416907927206,1.9720680208648482,4.25198192537705
4.747183999457207,3.267133322744267,25.336101132505604
4.89687082745143,2.492756699777768,15.214176030042646
2.681091930103836,4.288106837071863,24.649771858904842
3.330443720697775,2.8536570398533794,13.560498592697583
2.893129061903061,4.8063984670135,33.41776165219327
1.4975159596837395,2.2348246087527732,3.739627577475043
3.9894995598892553,1.8302602490729059,6.682117695478258
3.4101280012448894,4.013864372553077,27.47046889902195
3.04384297129915,4.786058020207992,34.86166831209877
3.8679261974426664,3.180228158895236,19.559814895807367
1.4502967449732242,1.3878215829450373,1.3966711135556433
3.8768390579570307,4.114356422662299,32.81342771816385
4.579407230615777,3.7492920608621305,32.18680095679037
1.1504429719239861,3.8496992292694188,8.524888352351265
2.5846504593029196,4.718065847389926,28.767347438987407
1.1169200790916474,4.976156441175986,13.828661733683337
1.4464477086830247,4.451714886556288,14.332680699578948
1.3566477009959197,3.6044936001800756,8.81303723594154
1.6141096191114577,1.0455515123048142,0.8822545342590753
4.826944485619274,3.114235199545113,23.406966127235236
1.1068381593995817,1.3621368994574934,1.0268231314448228
4.294381528507495,2.8821272340759116,17.83597803693302
4.170826847579816,2.2238005137435124,10.31297149147737
3.822223418698375,3.582309075670004,24.52517867652967
1.5303254379554971,3.3108777166600336,8.387645820820639
4.337623033927741,3.9743288629748297,34.25700667292226
3.416290296668137,4.958875448855841,42.00405054731886
2.370954468378282,2.920548828751298,10.111653090773817
4.023164313089458,4.860041257074632,47.51357259034084
1.7507390746811393,2.574954662816569,5.804042753363289
2.3089765158179443,3.3808327555427184,13.195835562183303
2.690850818012585,2.0281386092737503,5.534200518311447
4.153133751317835,3.850381647062606,30.786015187408257
2.4348101506674444,1.7515065849725469,3.73472524114547
3.8234575020534765,3.4552547983285087,22.8237199158947
4.30802378823927,3.654389446279306,28.765885873577872
4.252456193840763,2.578100988306748,14.13219767482531
3.79692427069913,1.3857264423565936,3.6454987029962993
4.419440231837985,1.8167196451791945,7.293115545799659
4.933069268535688,1.4595382620794823,5.254340185962322
1.9927575754898657,3.092990493986094,9.531947542231787
2.590468816418739,3.5504534610107203,16.32736199775105
1.2483956556387636,2.690213752293661,4.517475750003038
2.352400818196068,4.978543707687155,29.153182719788997
4.747919686326588,3.6933814477817264,32.383344133593816
1.6766827217656446,3.7561172225489745,11.827669163567547
4.3137041471538495,3.5648645669041885,27.409835596102255
3.9473837657565922,2.3495455359430992,10.895498062342158
4.026982660975266,4.133909739681102,34.40897564797911
2.232008747159098,3.0454467836041053,10.350657224569199
2.383864331120717,1.8922296942271695,4.267752709668031
3.265884907563239,2.6413262659787935,11.392393578786843
3.0693934674650825,4.586711791335116,32.28683486913887
3.9645328536858933,1.3867015880062699,3.8117819682411773
1.6914065666221574,3.7508684727901382,11.898211586605152
4.907306274960916,3.5070711104791115,30.178823985160843
3.5164269225785496,3.9956878387389585,28.07079447433002
1.4320358492283751,1.670174888157483,1.9973206568621094
2.5880213772633205,1.1776804057315244,1.7947037170249671
4.707771667596062,2.164814738042877,11.031304357914557
4.32265531196296,2.8304231403949176,17.315033775885528
1.4129122407874184,2.5095817157146216,4.4492609202379825
4.3142351171872,3.102002120458069,20.756685001866767
3.906494223684085,2.467930260506303,11.896602671318886
3.4088030066533666,3.3039013805814648,18.60484513845705
2.8982208159918508,2.6229992183106035,9.970060599826738
3.168720791122077,4.522866057044879,32.41017908000573
4.364134685710717,1.9371892071710022,8.18864853486639
3.6383670427241124,4.75374957632852,41.11015486817433
3.528000548655376,2.9713080138237804,15.573778618104662
2.0738175120438838,3.0141740396653076,9.42057023771546
2.755786609513369,2.001564098278125,5.5201972320912756
1.8033655648455964,1.6737232159427768,2.525928524763718
2.7382171457959648,1.1046852400089793,1.670763552134952
1.2878427411639075,1.6566021058791454,1.7671330808458061
4.076281682775488,1.8655913951600858,7.093609083798853
1.4455123916906603,3.553481592442207,9.12640975083383
2.5136476532070504,1.7374649807010476,3.7940803613382386
3.3286659396052958,2.6870379190017886,12.016771602352387
2.1482698326639365,3.294516462487204,11.658487147105633
4.252792214659488,4.322192139081354,39.723939047691786
1.0000132422178294,1.7946598262088345,1.6104232711973225
2.1855136781637143,4.018934945339943,17.650031541917063
2.7900941889613,3.054238136836209,13.01351629689263
3.2885804955965425,1.7010401866795113,4.7578158492040945
3.755253882596824,3.2289315880309806,19.57613698822168
1.6784460941438293,4.852898874602221,19.764229360192658
1.6591347156599605,4.529796255578065,17.021937509050762
2.804356353356274,1.5536744743764146,3.384724031467419
4.740697689395805,4.15627115293699,40.94680420435865
4.213055965528089,3.1003007926164163,20.247662598946746
3.3892021067754134,2.6574529571682386,11.967367908753339
3.518572780112886,2.889507243594364,14.688725605652847
1.4349012046621201,1.3317340071733454,1.2724097392261253
4.962512900637453,1.8842498410692432,8.809446607676989
3.626717746503119,3.692120595727536,24.71926296858546
4.027834544999746,3.236000042209828,21.089129996933796
4.909453309442002,3.016386675906785,22.33454790419999
2.5769377608515796,2.836824222481143,10.369045658832247
3.0212704236695207,1.0798482368103524,1.7615097468299272
3.355373072344292,1.3233083169403277,2.937872224440808
1.016657659810738,2.8366995234741847,4.090453056320119
3.142691561597274,3.2462454143873005,16.559013571113006
3.6709487593113237,4.937232624345606,44.742011690631465
2.841744017692094,2.320265553190959,7.649452351935666
1.9427791839475272,4.493236282722775,19.611551835379508
2.8831427371219394,3.0049843090202577,13.017289553545178
1.190152344129836,4.487068445910083,11.981134658621617
2.8766619301920024,4.679448336954865,31.495473650633464
1.6239459615774319,4.1439624303260665,13.943544809281407
2.5027510846581533,3.52026074478302,15.507340683848113
2.6307261827147452,1.005572142380279,1.3300627126180058
2.9810930953397543,2.179746117170432,7.08202357981818
2.5340836174422177,2.2228463008300525,6.260511451703946
3.4616979744799656,3.5957694717496556,22.379112532402953
3.1263962791676514,1.3857671203990591,3.001888347674577
3.9142568422576858,2.2504977230156316,9.91234660216951
2.784790769053984,1.0798192837688623,1.6235465045419541
1.5178155101434623,4.1006528349170726,12.761302306344353
4.931857206014328,3.8380100145806715,36.323919569791315
3.4733235297698197,3.1823001426799045,17.587233083523124
1.7967118376917544,4.859607082191886,21.21537663348962
1.7058122718977136,2.6646632454302144,6.056000495304805
4.053253786760118,3.1853875200484403,20.563562235816075
1.511945227707078,2.1170063562156725,3.3880544927383447
2.3925580928698755,3.6122543135044047,15.609505049878354
4.896090629513223,2.236471783552087,12.24464783817641
2.3985234323004763,4.376808335663455,22.973598550014746
2.5206840585717645,2.5940137673848294,8.480724839382836
2.611711102736753,1.2864398862205166,2.161096368577436
4.164982178219603,2.0525078680821123,8.773094612636235
1.9278820239980536,1.2892166238789073,1.6021465984200844
4.549826910273123,4.549156340892944,47.0789322359255
3.6722088462030675,3.1214224163313333,17.889675649856205
1.6344781478648311,4.582011387754876,17.157794084265873
1.5293802060943746,2.4588964829149074,4.6234478237216114
2.4977656335953604,1.3992450347902063,2.445171016134459
4.542209078340974,2.6934059418101906,16.475581546193002
2.34924405122993,1.5704530599669675,2.8969970990837908
2.8842439587504476,2.779717979994402,11.143034327800308
3.2329423958070493,1.7111012322954449,4.732813367288869
3.3120968905292076,1.8242546789817027,5.51117212279545
3.7318638872577603,1.2293015272138388,2.8197632232362935
4.853163321586502,1.7157413893255713,7.143294692228395
1.4468415344355976,3.2331593563014054,7.562148357132505
2.005400049098007,1.30385752441213,1.7046346056992336
3.8857404298455838,2.0268605783249414,7.98162909275279
2.6148770215055746,2.4327579079122836,7.737827770360971
1.7931888194271846,2.9891123634876324,8.010885206095566
4.059630181962685,1.0130742032936548,2.0832384872972756
3.957930360332411,4.923204460427607,47.96604357188841
4.756819517844418,2.4443259181577006,14.21035422234916
4.454208305608257,2.6416253398574105,15.541143536842442
4.7092381908785566,4.802010929838046,54.295889229065075
1.4886009528018058,4.223837174747834,13.278916295730722
4.563676902925226,4.555097655333192,47.34567127362327
2.364702089888473,4.089935360598895,19.777861351400897
3.5476358120182905,2.07354177484298,7.62666399598134
2.6751522625964133,1.5825278098706375,3.349817997593088
4.802245916446502,4.432764899791543,47.1806366369188
3.8907900145262797,4.236611729611556,34.91765949040239
4.582329301571583,2.969909253261016,20.208899267604092
1.8373874768285217,3.6126085474125547,11.989817333236275
2.140913353906881,4.741980596543241,24.070695587954333
3.2130435191071234,3.269934533054048,17.177688691176957
3.9482820173860387,3.2251523075067356,20.534239737725734
4.585018096852203,3.3585523996253746,25.859213716818136
1.6025386862384177,1.147863978791432,1.055745847021365
3.982826991487181,4.700231673895926,43.99466099797645
4.378644731160312,3.49231551162548,26.701561504958892
2.321854806371409,3.0936981199869757,11.111199093095603
2.7647137008584686,2.928892087612265,11.858422254617176
1.701973797219328,1.6315914988173597,2.2654044098892
3.607384184452583,2.8080201799280693,14.222071259097719
3.819652540354191,1.1116970906599977,2.3602977972899954
3.70041513067238,3.7181817223331697,25.578888907434685
4.855786863792964,2.052238489148648,10.225517047030749
2.2344085310647057,1.7817306316621497,3.5466364909425736
1.2249225185719572,2.5067193574332554,3.848487253594697
2.9598440292084263,3.4862324773725253,17.986701171484526
1.7343462193165444,2.3776100799055473,4.902155337061554
1.6370054847995688,1.5061451238470545,1.8567514813114736
2.534371710516513,2.6806500065339764,9.105851142102935
2.194636623421083,2.8573111941396774,8.958756073535461
1.0408132102476326,1.3414772847431702,0.9365035896980228
3.705661358285606,4.351847933777648,35.08998285628306
2.6129868789826642,2.3718413219303667,7.349850329505393
3.0143367161506616,4.713667179726997,33.4872587203665
1.235268339700248,3.8353897167471533,9.085530984731307
1.5503757549549477,3.6677330992548915,10.428033595530469
2.3828189760688616,3.763299240001903,16.873242955238094
3.2199252817975985,4.4448158571491,31.807046605483386
4.638289335247769,1.8529192108649486,7.962341655762519
3.4236209371967323,2.098579255185496,7.538873029279284
4.956196843377564,4.98722673521279,61.63633078648254
4.8623051384677485,1.1745569249292203,3.3539791128942733
3.184178515817953,2.1450361825122575,7.325489608790163
2.1251243014423595,4.621095019330735,22.69050382505587
2.5409427089446597,1.4456029346681762,2.6549901842157193
2.8589227945158586,4.055999131894197,23.516253786667967
4.863803889079181,3.5256998984437584,30.229902485829772
1.15495784475837,2.6697492499992896,4.1160162788916335
4.227079592106911,1.720611238575823,6.2571409793584385
3.0412135990565305,3.125639104336006,14.855750312735049
3.805644587010937,4.030998777810375,30.918866488038628
2.1596075754127777,2.8585404370963965,8.823350404579198
3.4323444949858555,3.967819402124736,27.018713620364124
2.181834044761293,1.735053352505934,3.284107661755544
3.9463364947472344,2.7209347138125453,14.608322936333371
1.3397170855094211,4.331435276305735,12.56743821411382
3.959005016716823,3.8672010218341457,29.603942502924422
2.1252686009758146,4.794410017108233,24.426102455765673
4.926822247305723,3.6791104187820705,33.34437201497876
3.165211834985107,3.581337150276063,20.298465173291465
1.137384727009648,1.526000421916434,1.3243009905759369
3.3353524768590592,3.1212252710948656,16.246580617293816
1.0076499971002768,3.9318680067286698,7.788925905289418
3.1760699373488785,4.176431546316044,27.699427716086873
1.7736963255071636,1.4275572165465342,1.8073252588765216
4.457419584030545,2.3418888009251093,12.22323216530201
1.4370717786727871,3.1547305766608194,7.15110270297272
3.104997374353086,1.478580067176639,3.394071100774996
4.887621280585611,4.740669680865563,54.922075751996104
2.1107487634268227,1.5532333100238684,2.5461262782189484
1.0069182778320003,3.3666947179030546,5.70652473300627
3.100037022128638,2.6882752335070075,11.201710559383999
1.281489255980766,1.817259307640441,2.116015173221933
4.779386990304568,4.8056737647765155,55.18877722066469
2.3782005882231028,4.9691590341143765,29.361908367527423
3.5341125360013854,4.408531716187682,34.34300697142215
4.188635876271372,4.0298515655217875,34.01110264354925
1.4770902490583375,3.8590770614198617,10.998765369131078
2.5401284609703136,4.764141092361608,28.82669908378231
4.582926631521012,1.0784075260966448,2.6648865762458342
4.371773373509232,4.1241218079765005,37.17839290702743
2.6940975348209655,3.82199776190509,19.677239681621646
4.501926337124951,1.6812546050996717,6.36261086480791
1.344674229041472,3.448914357297704,7.997456864628233
2.5430431312343256,2.0405031954325716,5.294174950713299
4.020251905197592,1.0815538492946226,2.3513623792891427
1.9635705944028383,4.817324142858709,22.7839103586968
4.063818898993526,1.2886852658895211,3.3744117618057756
1.0285688314244745,1.3604078908489425,0.9517911204522252
3.028622366598944,4.578288644785298,31.74106317742531
1.8200551928565671,4.185191417565173,15.939886127780877
1.4948779074357361,4.283779197397164,13.716076002579964
1.475193243101494,1.5281645960553512,1.722499825624331
2.553569497879735,4.264745021391857,23.2222249774252
4.4823198392246955,1.1107381328832622,2.7650068459382475
3.3860093450285813,4.530161712837241,34.74446008060918
1.66641683524866,3.2472015721132963,8.785614557314055
4.830323422947877,1.979052835081284,9.459343416828952
4.20536033300726,2.7197029365853744,15.553071145750293
3.0544202857278386,2.1942027851814703,7.35279273028779
2.058294290112861,3.759604080796833,14.546606746706237
4.243579453133085,1.8828165926974036,7.521741019756482
3.188218409376413,2.308555971054174,8.495694489169669
3.442340541170429,2.8212173870539723,13.699254674114691
3.840758725996802,2.3053006107192164,10.205685029958145
4.732770283458395,3.9781567745614868,37.44977545972059
3.61260939455276,1.974836624867744,7.044551642214735
4.132910662588515,2.7543297531908557,15.676817010864909
3.134750706858474,2.0293223818707298,6.454685760895818
1.1488469550697529,2.327564668547932,3.1119720961251405
1.3054633379544738,1.8475917236472825,2.228161677285107
2.7007408818974126,3.7469318496934405,18.958523491498113
1.412778320677377,3.34649967769334,7.910894655536656
4.68868403465218,3.1571960574922695,23.368136190162296
3.506532809411552,4.2895354310636815,32.26030209477027
4.425456618772129,2.739131163757367,16.601745433827624
2.5534662975344364,1.6380486365834157,3.4257346437149634
1.5455324383008198,3.2558914157743435,8.191962477655748
4.362082137375418,3.992608454785092,34.7678061506545
3.084359841036838,2.234409906712928,7.699468396291285
3.815515292050649,2.438562736885842,11.344649147766049
1.096201173668781,2.7771722511389725,4.227327565088445
4.8296715988966765,4.364611715438175,46.002224561608415
3.9757855141792886,1.559708287423935,4.835926715666143
1.897618187063372,1.5398532677659658,2.2497668663438017
1.200208507993084,4.556294696107301,12.458057109009358
1.602846484299274,2.7179667483143235,5.9203885742339075
2.2963661792643486,3.04421296639257,10.640479741501258
4.832002591170138,4.174012656950156,42.092496663655865
2.3685565324753526,4.8970392688197375,28.40016952369417
1.7028580752510591,4.709281370274228,18.88242361121783
3.991445563102371,4.108030765881684,33.67965156429693
3.859038314398364,1.042994002836347,2.0990013472638296
2.6055380973007596,2.133876764943543,5.932067731684616
3.230721844991868,2.368541105716338,9.062153726189953
3.1589296105299156,1.3022849999643387,2.678687367900281
2.1072935149981284,3.6802771984897795,14.271055559690451
3.2696093870297203,4.301360341978457,30.24666729202541
1.3721989873627343,4.093080558586681,11.49443645126273
4.078202371229082,3.8214381809571134,29.77778939578617
3.6909568004631605,1.1325861445181644,2.3672899549768327
4.270799242505079,1.5177460490170844,4.919006351733229
1.5199046920608654,1.9590425408453402,2.9165813457233467
1.6660502600174123,2.1305024679411098,3.7811350241312964
4.7543033145231925,1.9107447886078042,8.678851495794195
3.055985082457422,1.704540319047819,4.439517693324262
1.9411722130484699,3.6045366586711447,12.610519085159686
2.2124194859294395,1.8356774302627201,3.727607833848496
2.5569745983107155,3.26826791030454,13.656258143187204
2.7264379208253637,3.80788473666199,19.766656069534832
3.7351846789415712,4.436280921970242,36.75531616692419
3.464314420256838,2.9864425611696457,15.448831576310114
1.0312454698720166,3.3088636919507985,5.645336212534334
1.4568563364446718,3.827501251533458,10.671302088790135
3.582429468842411,4.25020453170899,32.3569302772071
1.6021358349322292,1.2326134676298435,1.217091293875176
4.388195478212575,2.281617760664745,11.421989263329289
3.7210170778660587,2.504454982544484,11.669657958925606
3.54986997487113,3.418522511860325,20.74241593518772
2.686586259001987,1.4618941058122403,2.870797924918681
2.4647336699208724,2.807653328364226,9.714645735146139
4.84877148694246,2.0028113361592346,9.724825188504965
2.9604640803811164,3.4617570111603646,17.738747888716823
2.6857196337198967,2.417650853777274,7.849063503532846
4.369532844003757,4.258372718563095,39.61798234702274
2.560262841381403,1.539154494798694,3.032626930503584
1.3221360343742492,3.018709178888993,6.024051789301158
1.0833889574682165,4.688536570174433,11.907731258976563
1.9252596953608045,1.8011836364685467,3.1230239087807194
2.6284837743984983,3.658233455139791,17.588068121219
1.6441689170099272,2.2253311945135184,4.07104356344768
2.79678156461403,4.600300429465508,29.593814163548963
3.896218007416548,1.0958206658032155,2.3393339649120573
1.5852256257492128,3.371840398477451,9.011458934978481
3.5387514548280636,2.568615677739729,11.673963287636703
1.4126771603323403,1.0301666274688035,0.7495970718536247
2.835871207311183,3.6445191881487013,18.833758174188016
2.481571778009356,4.920486056182256,30.04089425859697
4.853519402647057,3.24998899270143,25.632475717077963
3.546414094096136,1.6783296222604207,4.994752447177399
2.464807891259749,1.0755358583370684,1.4256170104932553
3.772880819199883,4.202224976184911,33.31207535808125
2.4259544389235854,4.540503736784845,25.006949637353728
1.5927020259451705,2.624593550174301,5.4856570274878775
2.4462337598811734,2.0494592026734,5.137437066476173
2.6073127278428476,4.251755593266766,23.56675095918481
4.784813965264289,1.584971082112315,6.010045322703823
1.2807548494829666,1.655951890322549,1.7560280296783648
4.20474923094789,4.341669793352844,39.629964579535
2.5162048737937015,3.0583970514501995,11.768029169073625
4.568773497607601,2.0130649727170704,9.25731872740578
4.075266822031862,4.913567799260447,49.19488606725219
1.9497530386727133,3.3310860256398658,10.817360599454062
3.0953755595842694,1.6638068434520008,4.284391668074442
3.6957492498442397,4.775867661562076,42.14800956044573
2.361134499743479,2.2935141854328975,6.210028488089576
4.816873241378151,3.2907569097389358,26.08115534272418
1.8400631235470017,1.1658555124921808,1.2505244492923482
2.07826399949644,4.427326421130575,20.36825414557564
1.8384219329610842,2.849864901258798,7.465583241821856
2.3367818241241234,4.132622039545254,19.95444004561729
4.474494781410746,1.8093784752433133,7.324413414125565
4.192768385619644,4.780073740307188,47.9005024638126
3.983398196597294,1.1752371030755473,2.7508994388148102
1.7945071164162893,3.148903488880293,8.896801264547378
3.2574582197979978,2.60572339316665,11.058735792271403
4.775747337425041,2.1481305015515733,11.01875863699008
2.0460386787523417,1.3171080925570435,1.7747070726529635
2.1947832774169855,2.85256889698033,8.929639617932846
2.5151515792531027,3.3961466221487235,14.504642581303754
4.2005148258795195,2.451202132480753,12.619169615804935
4.763427875528754,2.511045936283366,15.017544012404231
4.108088828073557,1.3634063344452416,3.818215574806331
3.771402957593194,1.8854395041079801,6.703446477516176
2.761651164015231,4.1452800772506855,23.727205010061816
1.3190713946857922,3.754029701151591,9.294664441942443
4.239417326232072,2.608370578466595,14.421643659402074
1.4284813731857682,2.657033662297222,5.0424163140819465
1.7311680616873608,1.693336412371257,2.4819654408777367
4.860358671556692,2.991375335626248,21.74603790366069
1.3539505975716661,4.883701977280133,16.14622982953633
2.3631752785667692,3.998478623674555,18.891023847733518
4.167519388356627,2.6333747357875996,14.45017020832195
2.8284652601002094,4.6881115807259,31.082556567389425
2.3262898763364133,2.553227034973121,7.582504971055666
1.745194561608621,4.577907648292084,18.287229272675244
3.954511824139826,2.7441427565397736,14.889368688411441
2.2035272015447984,4.003911212784095,17.662708321724338
4.763800613828607,1.2670884716385298,3.8241723718284386
2.300088910813105,3.8497852739326106,17.044632520460162
3.2978250558909967,3.9462998165868806,25.678980190714046
2.8928410441739683,2.262536032903429,7.404326889775047
4.098831799204831,2.667851678267475,14.586579488132749
2.0414694542030065,2.3815787366577106,5.789522935820432
4.146270824213734,1.3657885686506037,3.867182047575245
1.5251687969274244,2.0080515156608487,3.0749468707485708
4.170515978316793,2.15106303153437,9.648639199800394
2.0910114641406468,3.7540459567992674,14.73416700461362
1.3241833953599231,2.034389358956443,2.740225435120724
3.0925379337234857,3.130649220208371,15.154927313500897
4.936938919440175,4.08026509999206,41.09647002023442
1.9443771539288521,1.6359369248820212,2.6018581993439334
4.25499869501728,4.845409915756232,49.94942383382014
3.409685347853603,4.43748287642973,33.57049059731305
1.3241521940536014,4.138656571699432,11.34035600689378
4.528652045562791,4.646441321239048,48.88547862045211
2.2540760974184484,4.972047784635158,27.86179969962961
1.5839126355110782,1.7771786028466603,2.501286154422463
1.4011806272438325,1.7957120925048118,2.2591108580494765
3.7203468461463722,3.561436542792197,23.594123930725722
1.1718892542969535,1.5530999954349345,1.4133685172102806
1.8813905812021807,1.9870043336667504,3.7140401854613385
1.9137371567182138,1.8537720990506914,3.2882511157673244
4.5183704587105336,2.6202719949073146,15.511171166759414
2.3816756428702504,4.767308848359349,27.064449413735755
4.450341229331201,3.543540889290714,27.94075987992367
1.3441569447724704,3.808796199958148,9.749794340467876
2.021927678910201,3.318497337966554,11.133163037220555
2.950054973711542,3.67207546238809,19.88947448373418
1.7775730766741016,3.462564010424198,10.65597246237972
3.8460938229374224,2.1839068713886682,9.171874597502075
2.552126448810973,4.632427896642291,27.383536122706644
3.9595965799459503,4.095401659043425,33.2058000587521
3.4496809039926517,1.6126276474417756,4.485564762609915
1.04907740045627,4.405501185227021,10.18047825458031
3.8538907056034204,1.4301214286175967,3.941079781204524
1.8569722787189118,1.6505166709045804,2.529386844116995
2.82303991016524,2.8561142692334034,11.514316958119535
1.2542645339104523,4.235522846763704,11.250535746865749
2.143408228488016,2.703697530606356,7.8341360022131035
4.328763947828355,2.907019420878217,18.290676751123634
2.4505371497371233,4.814139172917319,28.396746044824486
2.8299491468385094,4.813381705431628,32.783041371306965
1.987199948851511,3.898142802654095,15.098265610486791
4.719298369360839,1.7006956649548943,6.824968471506329
3.942295046195188,3.5438024924017872,24.754727337404276
2.9181207209744646,2.5808434825613986,9.71844079218014
3.9867876187157,4.381538500584387,38.268934411431836
2.20154057844614,2.805285508259331,8.662651349835206
2.1778152227770637,3.7447277907472776,15.26973643675361
2.881292493445304,1.6815546526563079,4.073608855880523
1.976090611637558,1.500724599385923,2.225250267925361
1.2779113494819518,4.710629242147965,14.178444221877394
1.5517315513587895,2.9498701122595703,6.751377350769798
4.575655974592299,4.609620313759363,48.61314048286635
3.697560523988001,4.705282586660189,40.93141119332171
2.6267998454294856,4.361431512223167,24.983604753230413
3.7546306786915844,4.905886803586907,45.182709944434656
2.9968932050633015,4.407393028103247,29.10749503443056
2.6716960636929947,4.195354350016437,23.51225870007723
4.573761029943521,1.0504364049448092,2.523382015817439
3.609722668302461,4.809940829079798,41.756424948531944
2.5797510239247488,4.756407221270976,29.181382110508412
1.0720150675867872,3.7020113343058414,7.345923174554366
4.140940120304773,2.178071371044615,9.822299400508207
1.9192579955560416,4.092135614067736,16.069538283445414
1.6342366040361962,2.622920234159664,5.621537406884899
4.275181482274733,3.59771018153807,27.66794541095229
1.3087293777499358,2.3499386589331923,3.6135403414621505
4.171724828365294,4.3890521296698175,40.181591730533235
3.5073699452130596,1.8234919482579959,5.831218036128951
3.2376399713398865,1.931067380307879,6.036614089723112
2.870762969943915,1.7029782309027892,4.162799874686624
3.081865459963836,1.12260109235983,1.9419346046554953
4.369519143348562,2.3136786482104768,11.695255879492217
4.013579218759166,3.1815977764646357,20.313857080681178
1.212926042167203,2.9842002221022668,5.400826696706752
4.925387265433328,2.3285542188382116,13.353130605536245
2.6829775231428137,2.6339372218873196,9.30674635697713
1.0783557587254458,3.528194427342635,6.71177030937556
4.690195331991633,4.338267126988349,44.13605523357451
1.8462188253385903,4.760248635839082,20.91762889771605
2.1863635199800475,2.3296195988848836,5.932836765366668
4.264122488794194,1.7360800831399898,6.4259772744445245
4.169428471935815,1.8644143118985008,7.246551587155239
2.310919967738799,3.9480171197647085,18.009968945135068
3.685877406888983,1.4235672240776696,3.7347957110810865
2.8011114420293546,4.678119604034157,30.65088608645382
4.677460582102484,3.6287273397423787,30.79561023008304
3.3085477980984033,4.614071599755732,35.21892344430572
2.8786980295892364,4.8924523675729015,34.45238780274167
1.4030289421543305,3.062926166552769,6.581269726932297
3.8908077553317826,3.79380764694759,28.000152220402644
3.505057026415877,3.564971565697665,22.272923893062604
2.0025431660203536,1.325275556433298,1.7585886520395115
1.0022223116381905,2.910101628158728,4.243755778931067
1.0082911332346565,1.8208193888064792,1.6714357654377767
1.3807411802740472,3.8233097784867307,10.091628561547488
2.2799809934779582,2.155225749920587,5.295253615128913
4.617841469503252,1.9722371720220915,8.981053919808136
3.0874157404308202,2.0630897737954164,6.57054465284099
3.7412722257203592,4.589284676196915,39.39846579178899
4.968834694374008,2.879528004751364,20.59999743084821
4.024844787828059,4.793608119756634,46.24280781134302
3.6300181178978184,3.9291376140746554,28.020331991622328
4.457219748547665,3.847036184940684,32.98272949417639
4.207712978167178,4.09870431784767,35.34347849314053
1.4638747705447699,4.352689640044872,13.86721770625685
1.1230560453624308,1.2103017784971066,0.8225433152863697
3.9205039445348673,3.282239371726638,21.117981296140787
3.256726894913292,1.5317583436490363,3.8206024896104513
3.532850771033198,4.253027982973595,31.951538722611744
4.147286067400185,1.6153860225678267,5.411113438390929
3.9185337431230773,2.0250851954000972,8.034894757544226
2.772870672701639,4.836586991407698,32.43229082116139
2.8860567016470413,1.9137417434595512,5.284957797999384
1.9053786693037673,2.1658288219676014,4.468888931705224
4.7387036086324,4.91814149677141,57.310155771718556
3.439907897022824,3.866490315081714,25.7128769952678
1.6022760151613573,1.2309126140055735,1.2138409381327169
1.1476573941656851,3.2379485113802016,6.016198269804762
4.259646598733459,1.7497224254044004,6.520514871464931
1.0938242088167343,3.9747137699394544,8.640308600180852
4.659953502371597,2.514833381210658,14.735674524639036
4.867969104947514,2.209592470923433,11.883440072884552
2.6317121499226372,4.026711778065892,21.33582693133509
3.8705883525868092,4.144776786715501,33.24675657954215
1.0018057366387483,2.312205545414738,2.6779742420392036
1.7925551050016275,4.85627062399431,21.137240100388652
3.124982326236158,4.7333328028246875,35.006738611952144
1.6258373635585182,1.7287342487673172,2.4294254483260254
3.266865598257076,4.716305190926979,36.33331907233831
4.092337904848732,3.713651995559079,28.21914805942712
2.4764835182904403,1.5777883901047076,3.0824990996226798
3.962406310893914,2.166642734725162,9.300442686707038
1.8019385120681775,2.3896980600174045,5.145126224825358
2.77385957675705,3.2896961248442445,15.009493686391279
3.625814729972674,2.8072724940261393,14.287122029355663
1.2662782833721153,3.5500854310174685,7.979520074739104
2.0868251140723437,1.3679491007666744,1.9525219978938644
3.8919983620679677,3.5351601026985686,24.31984639312044
2.894411895870456,2.2409999331607624,7.267985060668007
3.8846377107736205,1.8515065457201434,6.658417601990958
4.726752280760548,2.4383094903262608,14.051105829565964
4.66485772149068,2.338589886189918,12.756059633856982
4.158884306443131,2.8535961772365486,16.932920624364478
3.8675731584462034,3.1979402528184,19.776490862126387
3.4745594368290775,1.7877000068550286,5.552122417360113
2.563054479590203,4.444271331615219,25.312146365956618
3.114246825668149,2.6772200183275245,11.160693002668257
2.48913530476052,2.3458054081858446,6.8486106274924765
4.900647371124302,3.4112794058706792,28.513993275996672
4.102766377067768,4.4489161447077645,40.602729718313704
1.5546177960273546,2.3952478106241437,4.459585995144705
3.940292033048665,2.2822201782340934,10.261562546912536
1.7251779660964277,3.3681218344678037,9.785420492166045
1.745101149336659,3.396764795218003,10.067498193176522
2.8091334880415073,4.878078243183285,33.422574915505514
2.708957626996782,2.5772984287797676,8.997081079555016
4.200242172525107,3.0001846534662855,18.903416615799795
1.1347359271139519,2.914864119496823,4.820603795166325
4.898913096792972,3.6578315235172614,32.77307082685619
1.339462212029034,3.516966520566679,8.283939885453128
4.947901679281382,4.979922539144474,61.35306174015743
3.2640354342145246,2.0590112115712444,6.918983452579369
4.028221520207598,3.471476314735756,24.272346463177136
3.4739484761029007,3.8123748548852507,25.24553450397323
2.877767172174684,2.0600795559678073,6.10651801874532
3.2329674173311247,1.2860064788243135,2.673361227858815
2.3648165315847067,1.424653769485933,2.3998611768746088
1.6317931310812006,1.4951258919139803,1.8238563515212756
1.366486426786362,2.689430835346624,4.941924274739378
1.1730364537568434,1.8271867378704179,1.958156423930185
1.0280011572425591,1.142946222409115,0.6714523544701634
3.2085243970258204,3.126590590147973,15.682575363897383
3.356730544254858,4.651663520788598,36.316423299463644
4.494883159168634,4.595890631056892,47.470934563371756
3.0931337305116915,4.450234978265513,30.629124780057776
4.491724454562545,3.628350693780712,29.56661622032775
4.6605735599728595,1.6803721781444976,6.579915797498374
2.186858354588417,3.7952429300886457,15.749610519417862
4.40857333955634,3.3126247405889324,24.188701574847332
4.309785523097503,3.65139967633169,28.730580949858748
4.827979891883533,4.8892193978232275,57.70514135970651
4.600393705235264,4.103373852058224,38.72997157122319
4.196998448846968,4.302069877585351,38.838614924350665
2.6359050639442745,1.0592655314094301,1.478800027039802
1.6124580376703816,1.1151751135414711,1.0026389316739501
4.377570237357214,2.33148952448852,11.897893147515278
4.579443670995182,1.3543685153099343,4.2000689912898865
4.332290356963,2.4873454765990655,13.401696571164022
2.672053305924921,2.975288292774659,11.826962749059959
2.594009960432626,3.1184383406340146,12.612929447482923
3.7979966856934166,1.6411854845827496,5.114932656809433
3.7041531438446706,1.5465992739341612,4.430110327464115
3.603446906421249,1.0033716075300432,1.8138933434533944
2.06705302994661,1.1224194409236246,1.3020629565458588
3.622892337798203,2.9018084669622812,15.253268660064046
2.1382230552067623,1.6053350908810078,2.755208123911662
3.7168020364461225,3.89986769502323,28.26436168921569
2.3630182317298076,1.1747923120780457,1.630644418897866
4.25805638416575,3.946464846172447,33.15873008102241
3.0706833436549625,2.9259360788176165,13.144216561140526
2.170433710103994,3.3441415156883347,12.136286638794083
2.5829983695614227,1.9686676455854522,5.005401784361361
3.6142868534344137,1.7660369729160723,5.636275399264663
3.681595413148858,2.439013579459232,10.950513909739078
3.700838654042804,3.8205738725807192,27.010172550572847
1.643675248601078,1.2378298423277232,1.2592382789182608
3.885870692035538,2.004357992886835,7.805647478167454
1.2921019147845154,3.1714666101669367,6.498110036441046
2.6980279847877986,3.1409039147673328,13.308397253876553
2.6253129703373603,1.0993720690270354,1.5865014977704393
2.1218868027080573,1.5036180062683484,2.3986520403925637
4.757531528835848,1.5013499890187059,5.361861228150519
2.98136612234053,1.883008583096796,5.285546717341159
1.7490493847397772,2.1280097323735228,3.96021984828685
1.8835019096864012,2.359015594348549,5.24080128408106
3.6127102855885975,2.6426643318893355,12.614996838271097
2.258937474269809,1.4055677976724934,2.2314019682703754
3.0482718756310874,2.4720135498889646,9.313767605766799
1.496704419485114,4.913941365078859,18.07032591025994
1.7253645928491097,1.602044562510522,2.214114470283965
2.458316651944164,2.2644133148901284,6.3025924820752275
4.623734219768625,2.760800482098527,17.621095735094215
2.23931344591747,2.2198896740662057,5.517567746407788
1.392795516323428,3.1855921071015643,7.067042411348905
1.04160915148488,1.1149348835994082,0.6474016450754557
2.5991489336315317,2.321997167273662,7.006877763412042
4.7814605405397685,4.356884793526648,45.381906114021554
3.1057425726817036,1.6207270676040788,4.079014322157241
1.3276002380933565,2.3483074757785602,3.6605576194179843
3.008012328633426,1.3665948923656814,2.808854238523782
4.313890015540991,3.360246363872016,24.35461745377811
3.9236606225036756,3.9346323651096164,30.371746079069336
2.2449024267043005,2.651328579788494,7.890319336808177
4.467191860602904,4.748393236788432,50.36141977605635
4.389680950159206,2.176448728469578,10.396803645274327
2.6614273364140035,3.718800539100224,18.40307466635935
2.177045284269583,2.515513387358738,6.887961849829011
4.92248671010133,3.318922711974488,27.111205865623234
1.3997477207609688,1.1142308825106881,0.8689007180213917
3.2610485789784436,2.1492108698073538,7.531566750963828
3.124784631411716,1.9375599381961002,5.865437166529115
2.265504179214173,3.946178178232269,17.63958052834723
2.8694348589139027,4.103189750061417,24.155140984783216
2.3328504147743274,2.09194242581999,5.104536952090099
3.1961386423960283,4.277338973011132,29.237682921583023
2.5372905856735604,2.874812173093004,10.484776150462265
4.363762494082326,3.2992620971960918,23.750061860799885
3.174587171845467,1.7173256945156354,4.681258213453479
3.348509080068834,2.1635836438128493,7.837343189513137
4.464103143617826,2.8469019257807266,18.090444465236395
2.996569994339836,4.641215475458514,32.27437896242221
3.4053966849303605,2.718821358782597,12.58632840704167
4.095456341770337,3.9400162057764847,31.788374532088095
2.0789504311419105,2.553791167241474,6.779300733940994
1.5779234332377658,1.1920116179695097,1.121029152689937
4.157334567594452,1.610074162417383,5.388609869713652
2.942259161310036,3.5115988251301076,18.140978901372044
2.034569195791348,2.4139234620285825,5.927744290175498
2.3072313087143574,4.394169357311185,22.274846665136614
1.7451072171460766,1.340507731235555,1.5679447853845614
1.322318655138916,1.0268291576682995,0.6971119281869749
3.754530446333326,4.928444607604395,45.59795800734978
1.0727935419130001,2.5309546793520084,3.4360137399181556
1.5908292689388563,2.574486666154246,5.271993557025466
4.436590431998534,4.252659600553464,40.118121153108596
2.2133851727989184,2.2128109164257492,5.418955831522267
1.481108621048068,1.7978291206908898,2.39361190161278
1.0551290229769776,1.8485324637872016,1.802726062672049
4.290685313192739,4.760985826091902,48.62845204003708
2.1802528755927866,3.786394240065216,15.628904372947114
2.1848029595741254,3.364188656325359,12.363543578369091
3.6682993980103484,4.08849234422103,30.659223869901925
1.6169751702995785,3.08177469467405,7.6784776567761375
2.783456518736699,4.769088566470591,31.653753885899793
3.4225706170583754,2.969087790633344,15.085805362114472
3.4755230656974256,4.743175786552806,39.09566638386649
1.1108468128963795,1.3464355150479426,1.0069207596027154
2.656346195815003,1.4893372709318062,2.946054625630771
3.5287925167435454,2.125880626912542,7.973956765531387
4.996688619969018,1.5515126374381945,6.01399309745352
1.8650861155836673,1.7961792339858564,3.008626216986
3.0111822523918303,4.3495381926205905,28.483499356629366
1.067712118714244,3.7365483429878346,7.453588069870136
3.647358079166321,4.505223112583427,37.01527783163175
2.3551115800184172,4.8685489334535905,27.911332542461306
2.050842811132745,1.8236244017491265,3.4101475364837697
1.1146074255333556,2.2187525730219213,2.7435298163580275
2.5307002257999343,4.954712824220249,31.06330663498433
1.1369763996119873,3.0201883628848765,5.185486573427969
4.055973287324286,3.086878478457291,19.324317136144483
4.323404112349619,4.441377922225849,42.64138423586857
2.9095579152775266,3.271165981232264,15.566901335974839
2.9632978765894507,4.6051842516133314,31.422398772070366
2.8577078673021097,3.2931660184028586,15.495838643842303
2.0392014080136613,4.2940610335764555,18.800376760371165
3.769284550340617,3.582728446309613,24.19116104562611
4.540160621710948,4.931949260584998,55.21771385656341
1.198056431718042,4.768461207220583,13.620836727050156
1.2068519632529742,1.9754254950596044,2.354752760187079
3.883864318439184,2.5195831792194574,12.327966755399574
3.213074818756076,3.2401290800381566,16.86613090543193
2.428093206978656,3.83544526193454,17.859402960928378
3.6236278867441496,3.982818172841477,28.740515776793416
3.3091655788082317,2.205806120112025,8.050505986613729
4.650169774522549,4.890678839022224,55.6130997488088
1.9710584496632766,2.642669569104777,6.882642863454433
3.345292474813897,1.1278798697106036,2.127795023840126
3.4110786437335463,1.848375913709071,5.826964038499783
2.703390636824441,1.8286931811257747,4.5202296595301785
3.1353467505009625,1.2255657800527082,2.3546634084545333
3.6510867436733427,3.593224941044706,23.570075113461918
1.85214951400931,2.7875071524596904,7.1957824883507895
2.6933545774753527,1.4786638639413687,2.944438278928446
1.5181546942727064,4.032259345554593,12.34192620724571
4.272330112211575,4.133751656033427,36.50258074471405
2.190016552434407,4.250396068971355,19.782273600761364
1.8023020502769964,4.850236739255326,21.19939441620525
4.40500118384946,3.963226385258275,34.59503664368668
1.2069786017383723,3.831235134290813,8.858234816102222
1.959110236996782,3.5339356876711694,12.233371423452164
4.6175315003712,1.9616840482115134,8.884602299118121
4.973047210483152,1.600876098321093,6.372473343244234
1.0835583658904708,1.5123803750900224,1.2392084906223735
2.6840559963483477,4.346909582074946,25.35845499451583
2.923079860562106,2.0624685555617255,6.217064271620978
3.5270658625031373,1.1455066226484725,2.3140822045425717
2.2827849827870845,2.143289141398788,5.2432013832303985
3.851542445312916,2.246596841686455,9.71974744843309
4.5252656201691135,1.8391214799412983,7.653056400738987
1.7391504896554988,2.7806833755290334,6.7237297384431605
3.0572992262599756,3.9506532165626296,23.85864470116446
2.0576552632760485,3.324692432172242,11.372228294392466
2.5511896027793646,1.3841948600989422,2.444033785406445
2.3537130335128365,1.4794828872608519,2.5759854692102495
2.7689160341521686,1.9238712225224006,5.124267435159781
1.4279051628700183,3.522650479751454,8.859484991258428
2.682486257448272,4.7241534730996,29.933362572096293
4.106592590381223,3.9662999468786437,32.30150308469639
4.005717082069069,3.1325152179075766,19.653353048073917
3.916991411687696,2.229403424010803,9.734192966476982
3.246649054235836,3.2617241498872813,17.270297103342518
4.216564598337855,3.1744114243554895,21.244924371470816
3.119457868284837,2.273424163859531,8.061392596614521
2.6038482010172843,2.685994602879311,9.392818660753042
3.904680752136908,4.519151964481781,39.87212911127998
4.057018739954463,2.6579817015886436,14.33114835129092
4.798054552533952,2.1931576771487613,11.539178689034742
1.5875935855078867,1.567613806347996,1.9506865942696934
1.432324088516046,3.1845186234878127,7.262713062715454
3.8107979173049276,2.651077813678829,13.391550825429912
3.3683440436580163,2.9604792479515023,14.760820218344628
2.8291459090914843,1.1722184197881247,1.9437590720615232
3.229895294169196,3.586011120471097,20.767380115123558
3.063259329327606,4.85254430140083,36.06556889877557
4.8011556381487575,3.4752742692604044,28.993053619725934
2.5553444085731907,1.4631790799863165,2.735359504145223
2.7796661694864224,3.5461643580312274,17.47754249293123
4.104540075095561,2.4157431078517893,11.976667783057719
3.7153782439575367,4.566764491571112,38.74273439191495
4.069574843467883,1.2451236264739358,3.15459777292129
4.311766099035557,2.3192323763973097,11.596147428919538
4.751686164388827,4.170315808401469,41.319555604382465
1.0973232291483077,4.017215842512105,8.854313823978721
4.055020527750454,3.0176198668055205,18.462568599895814
2.228775119342648,1.0540417672586315,1.2380890888613725
1.893041197685756,2.1839005133534464,4.514355649094498
1.4042838576511536,3.8789600177159946,10.564659743027953
1.1694924838537277,3.3134788047893906,6.420011901161024
2.14440650224978,1.309869293541328,1.8396408405815161
4.869902940998292,4.925719145568635,59.078519203825095
2.166634814813951,3.5669966815374226,13.783551470302102
1.854633511870027,1.0044880579623903,0.935659137265368
3.669553152066336,4.58131401018303,38.5090945198263
1.6544091885702779,3.857377654611353,12.308276912741425
1.5097132869759333,1.048578579521354,0.8299777403330132
4.365686551973415,2.1845681659232565,10.417266070251687
4.019138744215109,4.178613540960294,35.0887112483454
3.49500498789802,3.4351340070969205,20.620783946593825
4.111896707040236,2.1561286007907423,9.557878857880057
2.46022339144596,4.873027660782846,29.210722627946193
3.0857858630387454,4.742861326322712,34.70696540725828
3.4546162917265373,1.1932235328477958,2.459310936319797
4.162141861638587,2.1473027353580587,9.595628762127477
2.7900788864843453,3.1440165075980047,13.789741411198083
2.3183232424018803,1.3819637764049868,2.213794544132478
4.015211291990864,4.975890279908994,49.707280026310094
4.621383147575886,2.9313192576672775,19.854923723226026
3.691291581762787,1.0944568546174605,2.2107806146536437
3.4485354701123065,2.6183834910430095,11.821462524398608
2.164390159145535,1.4465513518278201,2.2645049062953393
2.568756445144686,3.0995266251225244,12.339105453949331
2.3443055911230632,2.693325898021288,8.502801528214528
3.617180701559235,3.5300740866997486,22.53760949893822
3.623873888476444,2.2692665884509013,9.330697669108039
2.240124173305678,4.451649448849097,22.196475135840796
3.216632126593499,1.0398545357011484,1.7390680667510736
1.23132132190548,4.209346546645404,10.90864397116665
4.26515384263803,1.0338101267741586,2.279220114744628
2.8394749517635582,2.2251151046609476,7.029315072230994
3.5111568301020215,1.762726863396706,5.4549437758344475
3.967544964387208,2.7240676046643926,14.720671614562727
4.2023044900472435,1.663494487412997,5.814337718728898
3.2331002520336907,4.948736034828608,39.58929374107585
1.5634056573217139,4.635448212055006,16.79674582550866
3.0897652912979585,4.513164877810926,31.467185045554395
3.3409075634666063,1.863536142642325,5.801096692948342
4.349387910890746,2.0554926736545363,9.1881909823125
3.1672578474901636,2.2186407222135243,7.795202206971013
1.6087314606585563,2.9666226907086863,7.079102289815788
4.071554234256121,3.0769602164625325,19.274094793000014
2.4375271782952495,1.0489103596472709,1.340899474719824
4.728120119286476,4.365695576569097,45.057324852868334
2.588647881216868,2.197535050433179,6.250497786584888
2.201782994781736,1.4807794785914372,2.413933443979167
3.282150136832858,1.4753502245695818,3.572059644201235
3.2774555385696975,2.1571207045043206,7.625278457975841
4.221622838784282,4.313798210852779,39.279783644164254
2.467877393029545,3.2700599161092296,13.194866612942006
1.7247574907536327,1.992020741021173,3.422045314543313
2.771087871977346,2.4388392976885216,8.241128208188435
2.021941399493043,2.50488492658418,6.343283585946995
3.8732502736317627,2.9801372841498655,17.19959047437488
2.528804385375745,4.685603711329155,27.759801117541304
3.2905571753670118,1.8947526404508905,5.906694204354588
3.2409286598031892,1.887745616722075,5.7746599701766455
4.560235498339988,1.2345031594140665,3.474895004881083
1.7813865485554934,4.217946901715109,15.846391793872176
4.966894892958593,4.039247231491545,40.518732004604566
3.7965304218677773,4.985046418796404,47.17319611387768
2.694285071035776,2.004240264420283,5.411443325731593
2.441645094603757,1.0677596859680811,1.3918729063327295
3.639086466055787,4.376366239816004,34.84894999965852
3.1152950620125153,2.6910582270167183,11.280163137922388
2.572732596709821,4.697281017224522,28.38296352719844
1.4816856205685185,1.378149504558881,1.4070798283673795
2.8718778783639394,3.631659912869685,18.93853221755804
2.261985311251602,2.7225515349966924,8.383242000857853
4.854382028612425,1.2200826947957126,3.613120869490344
1.1224563722873873,4.87647624953044,13.346017834663996
1.054546561182856,3.2094276365075283,5.431139278788571
4.736891838686414,1.291926556533873,3.95311204314993
2.7947429474588628,4.7432985542147,31.439294743956015
2.370355352115302,2.8128997804089724,9.377605976888406
3.8215383430618934,4.073313926348915,31.703264920962525
4.1962962631679055,2.560384604128778,13.754555522450449
1.4871626635861905,4.880646477973835,17.71263529800017
4.34221839556116,3.74292087087228,30.41606017919498
3.04112230653161,2.91107345782895,12.885765397287422
4.918139121217061,4.739589050760946,55.23981163500464
1.2399664056368325,3.8450316868576686,9.165998243177025
1.4383687485811443,1.4268278580282412,1.4641426886426618
2.898127695878527,2.4890505431020196,8.977490468036617
2.7842674697286105,3.659240820626336,18.640731105241546
3.6338814841497817,3.8651737852026438,27.144310476474015
2.8852391622026827,2.2247143112777272,7.140034657789034
3.6881421503225837,4.392103629403971,35.57319007406417
3.8824573898874317,4.553967646876044,40.25840681702618
4.717703825521641,3.952991089055539,36.8597468080928
1.1170726006783118,4.139320138183277,9.569944887723313
2.1273114264128665,4.200448209270929,18.766891613595508
3.097349901543125,4.114838310311261,26.2220006025034
1.737667101691823,3.7857779741196884,12.452222253051273
1.2759995049539565,1.8438613610604895,2.1690873290670667
1.709162006905351,2.3207985447945627,4.6028637723505215
4.156452759946097,2.0187058249507377,8.469132463180824
4.811535554522246,3.4489896127781456,28.617881201412185
3.0309265718048763,4.351382127609126,28.69457962618128
1.988336642521579,4.210059773430041,17.62123910365244
3.030211829717462,1.144011094882499,1.9829121158768228
1.0150907635080144,2.304381508106375,2.6951543584794004
3.188858207773977,1.3154031641613213,2.758817534178178
2.7314707520918073,3.9646804710734544,21.467572688484996
4.2770066611187705,1.588440990040144,5.395753513032249
2.157900906105355,2.4410368709665344,6.42909999138317
1.986101242826844,1.5251176680326441,2.3098197586285965
2.844171371361496,3.923316344093813,21.889327544381963
4.1820109027836745,4.814942863836999,48.477190352488485
3.674485514287439,4.620453768688657,39.22254791698444
1.6237769391833554,4.090843688099417,13.58695522772052
3.506872603843334,2.0218188677192175,7.167611932715602
2.658440932014919,2.8671615975772458,10.927010534086307
4.821307366155853,3.7211017207785133,33.37935250628792
2.5807237392195628,4.068329918855641,21.357177159452434
4.5399472390754765,1.8275165749988318,7.581296102490801
3.7034182799770634,1.2781007074110855,3.02484357478764
1.7472007388746817,4.154667822775108,15.079447234253596
4.018299698538713,2.4431428742580397,11.992509174374378
2.7209167860434573,2.444807960566826,8.131576765605448
4.9312140506286415,1.002883177296872,2.4798450855905525
4.100340205148971,4.3876275849118045,39.46839013053171
1.6977351569475432,2.083778619930062,3.6858962110855544
3.695277745679635,4.494862608631834,37.32930754337986
2.568328123500531,1.970164248226168,4.984543373266965
4.146670508931763,3.2427309929819517,21.801751101793446
2.778739176593517,3.539640864403332,17.40749138959961
4.855814776491168,1.0611934972966175,2.734143325748068
2.138148922051061,3.362257273236943,12.08564514052702
2.9842831223058437,3.6335292629828357,19.7000510442519
3.496110102860065,4.005973570863086,28.05248024546669
2.3138388740756977,2.703145650650543,8.453606171510899
4.411522218126512,4.10791337885159,37.22211356272506
4.982164148263584,1.7781369706739958,7.876231276032785
1.2674036950281922,4.020044017107603,10.241099603322777
2.7606571209425237,3.626570173357605,18.154096717761306
3.392282497156867,2.0087565931898377,6.844104726529201
4.79255699520839,2.917100682429412,20.391075302654585
2.274320756296952,2.5092518761210387,7.1599540359275835
3.0417631526398137,4.682130164131495,33.341287386636914
4.914331430561013,2.4505840897758526,14.756170550582192
4.166595513092434,2.81349471817043,16.490869485400964
2.439051437103604,3.8433591316943607,18.01411368106833
1.6032830750369311,3.6871719176179027,10.898506491253729
1.4789741571542772,4.060506904254771,12.192453173516157
4.336218784538927,3.9385214014165357,33.63160628567908
1.2996848644783277,1.821553535332281,2.1562144144967315
4.72925431077333,4.2169041579925155,42.04846377518415
3.330695768731687,2.9656379302383327,14.646748520788329
2.484903460456004,4.044939021735013,20.328413356867408
1.032612923276039,3.3104414774007687,5.658214272123229
3.8967489401078197,1.5220446812186195,4.5136432874678745
1.4007308602476005,3.0967887343252025,6.716574837130641
2.6762812288664346,1.7670125932823835,4.178121274603294
2.6153754499793394,4.3047179907347655,24.23223420715699
3.307490906654957,2.955809791392386,14.448462332560284
4.784290606758909,1.9177596370106693,8.797836841693975
4.88597356945608,1.6185242779729383,6.399699089179636
3.9627424625671295,1.855403645271084,6.820915414835388
4.379536589462404,3.218322926500278,22.680749474667795
3.9223045933698177,4.262858644004377,35.637988578441814
4.279530152965515,4.915599431366449,51.70339554243734
2.1275252562202494,3.306046562460512,11.626865819605612
2.537865916708594,2.9780667559804037,11.254016169884778
4.070901339434581,1.200917596439694,2.9355332116987127
2.002765222552651,3.9925901369482566,15.962815898309769
4.6812108025105665,2.5642959260314995,15.390916699977918
3.199320936645305,3.3455346601929734,17.904363217097888
3.8267881722031714,4.228252434462664,34.20788649465125
1.4793136021232267,4.307071630119307,13.72127422243754
4.09101428522831,4.121347837011667,34.743977921921974
3.0681573506563145,3.3444843407895615,17.15955285470017
2.131387394793384,2.7053483509520087,7.799715939104185
4.865286241700073,3.111679306906167,23.554184049726594
2.2194579582487997,1.0145480729146938,1.142252685503841
4.538516633236772,4.624736046311952,48.535313280326214
4.1193337073097265,4.840824348278604,48.26536875237313
1.5252955925200578,3.1665618546741774,7.6471563792966935
2.6272338236247563,3.8677584356056034,19.65112485655086
3.45797670475769,2.9287735951889275,14.83076893060135
1.4366072092209858,2.0595767188333984,3.0469406423438885
4.108056265610401,1.7915485992978923,6.59270396836585
3.4847349477572136,1.1082932314315248,2.140174164138077
2.8666796812900373,2.3136237499619203,7.672460126850886
2.0669103745162754,1.063552556037875,1.1689866751105802
3.5922952361561675,4.536616470514797,36.966314756260374
1.991105861700952,3.2850675850561015,10.743677739933847
1.4452713699141713,2.136477813574309,3.2984976451720587
3.3751183929131416,3.5252988322776417,20.972533186137188
2.3308970757594825,1.034473806758852,1.2471885028117087
1.9527169060533476,4.780532423158361,22.313198385645272
3.9883951308864964,1.6724177533936113,5.5777329837001215
3.426106673779146,2.251707420569561,8.685499573310885
2.4099051340089903,3.640372924082093,15.968411009800882
2.4015167712429157,1.384938816241763,2.3031212554108786
2.103991449691659,4.289952444191621,19.360605277423307
3.1911336837626436,3.868867386788261,23.88265966192532
1.3448060469552177,1.657748695070548,1.8478514158035961
3.3308895788267514,3.121924386999063,16.23211087792402
1.064174368094855,4.507737913241599,10.811852536045022
3.5716552194830125,3.875347729745982,26.82013055516344
4.327753559724194,3.438911104013286,25.59024391909245
2.252820888881355,3.6727962256532285,15.194637224103918
4.016232057363652,2.1474145857737823,9.26020497504736
1.9881846151665914,2.8299833647075556,7.961492282966962
4.1097362465529095,1.4656757654381445,4.414278900205811
1.3724342661717315,4.266656640343729,12.492142964821472
1.419827866437453,4.966813915696331,17.51303753381587
4.968816322842288,4.371164117536711,47.469774915411136
2.197845399727282,4.321476326499139,20.52255465466912
2.2866873041708367,4.353205760673882,21.666819995830735
4.536676127325835,1.9034363844508868,8.218347746308275
1.1224596119410126,1.0994498403294748,0.6784089498836047
1.342424310448913,4.1239334057763966,11.415188826515196
4.39685175132246,1.8412069894753151,7.45275864232794
1.0028376169961764,3.956572439225275,7.849443422055896
2.1848538343764186,1.2332761472551588,1.6615486287436698
3.7249244271837076,3.6559393242712566,24.893469439314106
2.9487538184908986,2.7989906978364796,11.550783156314262
4.595857876864846,4.130625464245282,39.207416878845194
4.4715542198208444,4.62774105751498,47.881374181209786
2.0884172897017845,4.816928983463443,24.228569390080686
4.718292418037013,4.0375682461543665,38.458700863795954
1.4306201882456495,4.43117941643477,14.045364786705262
1.5714000135511381,1.510416866051322,1.7924638675970361
2.815975714857497,3.3495317881232025,15.79672715318708
3.670295142608039,1.3666578433631122,3.4276035944588656
2.9550442413872235,1.6577847022753178,4.060600344166242
1.184410749769646,2.628292925991414,4.090909547286616
3.704058154505494,4.413710411035106,36.07908137456894
2.5269624471549235,1.038731542718391,1.363249766669194
4.713344356496755,1.9520891715188662,8.980457864146532
4.722789861687536,1.0115305278293918,2.4161651454866444
2.764109415429003,4.106318999525639,23.304007086734785
3.552816474959918,2.6878778483361887,12.833994081923752
1.9193010841921039,4.339918391522254,18.074913977514807
3.6558082385431545,4.70860225761265,40.52634381746322
4.822991048603278,4.221323000376921,42.97180817196155
4.5555285111848285,3.220097936329715,23.618207538141817
3.711735554031501,1.4912892993130415,4.1273455885171675
1.624482164801364,1.2765592220948578,1.3236308680938147
1.1871729896862524,4.649547587666126,12.83232662982011
3.5304298008925143,2.513479011206642,11.151880595765846
4.116928552475954,2.4689345064836203,12.547652234946503
3.1270634395688472,4.780317155920664,35.72893894834501
4.723572931194632,4.506839165922687,47.97166024460535
3.1327941542610342,1.5031479243180335,3.5392016439943412
2.228677726146779,1.665850888327582,3.092356293989257
2.7394509839319454,4.54622973506895,28.309766993246754
4.927309020021005,1.37042698468048,4.626915922092673
1.751212688728177,1.0902311463525889,1.040749161725338
3.652913611071205,4.839240732665434,42.772423672855766
3.6966219499387787,4.293875885321954,34.07799353968752
2.4576342783341825,4.782581334277448,28.106837913893784
3.895739425426702,2.757381744613664,14.80995356429412
3.2943629851163183,4.312476751648557,30.633384892906125
3.441932821823409,4.706824068767908,38.126621694328335
2.6521575868704854,2.8605733164594014,10.851143237862878
3.7386113405290895,2.360464851646259,10.415386708179991
3.4961468593602394,2.8586583094521574,14.285129035199184
1.8677030150992446,4.065068468976557,15.431692262754288
2.6068568206094227,4.636610337252478,28.021306542944053
4.719411068252899,1.205131259419225,3.4270979267682704
2.8579519415106724,4.167524524302456,24.818827137901785
3.5813141260079266,4.258886110155969,32.47913639134391
4.85650935074823,4.149682373760351,41.81421478917661
1.2528697489764613,1.6910143507802595,1.7913090250679493
4.226385012478208,1.4030075191703735,4.159671733942373
4.2929475706452305,4.395075324393154,41.46276249464716
1.2356309220024975,1.7906079475690007,1.98088739281808
2.6595204612458847,4.422009464507299,26.00235455596622
1.19982389731504,4.390342917498125,11.563369360541447
2.9807588629757817,4.421860674123375,29.14116818148374
4.020570548114636,1.3731354658602046,3.7903949098047893
2.451327745663629,3.13821111572245,12.07079009800516
1.6969787210304896,3.8804141413365145,12.776225195925687
4.435401456305041,1.1273927157357613,2.8187294173174577
2.648995559320234,3.0639879525052773,12.434414523667561
1.8272539256463967,2.7409185502046784,6.863745439990694
3.1541449737552045,3.842965431117478,23.290810985605734
3.4907768869591322,1.7408644809888192,5.289590171698982
1.8766826872162659,2.5286186115101876,5.999672054382533
4.731562169968571,3.228546985747785,24.65975613821255
2.8407449204612716,3.6837834562283245,19.274824366756857
2.6279806676668245,4.4459979560559955,25.97351267225657
4.6303550043046044,3.364824822395501,26.212546375270264
2.211651624529096,3.2642148385099117,11.782682966733992
1.9683665762124454,3.0674045830674364,9.260151894656952
2.1948009025529096,3.6446560770633445,14.577338560028926
4.710733654621781,3.2797342147142423,25.335871938023967
4.605385412698189,3.580246773437689,29.51629956458873
4.107535208689937,3.1273890476806963,20.087001912734262
1.4429290190376962,3.98023547583341,11.429638760741723
4.234108854525562,3.3494320258069448,23.750587696631207
3.04866525068218,3.000474517953706,13.723333910488517
2.234928578625425,3.3060255306274424,12.213666563395163
4.505037214287308,1.9010836134905724,8.1408700830287
1.6060732376410378,3.4629548461566957,9.630060316971752
2.055173298912989,2.739260011709299,7.710543088704454
1.438776872346235,3.2931283179409054,7.80154754262906
3.8586371828058024,4.912360844669755,46.5569446338818
1.316247095756554,2.6688685290569376,4.687721384451539
2.813287866464282,2.1596366121224615,6.5606299208697925
1.1189543517534024,1.3190121265338242,0.9733744686235488
4.158693553293715,4.3908675437651725,40.089219034831636
2.71938342484914,3.85355490511075,20.191266117948796
1.4356064449996753,3.363932586605745,8.12269173456522
2.3714777208346467,4.5424127576762015,24.46595897491741
2.6165022957789574,3.3547565766480147,14.723570845360493
4.847789857816235,1.7096673657240955,7.084953984585294
2.189587885973473,3.7173635097612396,15.1287291938604
3.2558610287849326,3.7315180781765025,22.66767429572593
2.624757722194601,3.4338419691857966,15.474614371920781
4.4489781474865975,4.504781993495788,45.141692042259535
4.873229459938271,3.4319947503490886,28.6998809372252
4.572454430580578,4.3840183092396945,43.94041039147233
1.4670988908666431,2.6579913791064915,5.1824668066655155
2.8427608882370734,3.3590489072771677,16.037733417578867
3.0121140486008375,4.666035482225912,32.78970353144703
2.8966041882874527,2.724579468869118,10.751229138112642
3.7976896988363364,2.450303955165008,11.400644486192135
2.4172559421012085,2.338290186395521,6.608295498060283
4.602141631376032,3.538592939953452,28.81318035632935
1.2158128359865268,1.3905660680844414,1.1754928286500252
2.939036020659615,4.372748520090379,28.09855045076903
1.0229412206590567,2.9887698467928323,4.568836637877903
4.477022265956991,1.7162569272767758,6.5936192484019625
2.483694685079278,1.159558889941943,1.6697591498178055
4.514859357958823,2.388207789557513,12.875332448574081
2.1629373776135363,1.1869061172962505,1.5235148314518634
4.722697308513582,2.5309891622566774,15.126577841710974
4.301993435253562,4.438341358200828,42.37221334057476
1.718904407259822,1.8838003213307228,3.049941172576987
4.932341845297916,3.4862712046305693,29.974055734305374
3.4251002572807963,3.6637170428111605,22.987256518602464
3.6013557339695814,3.800255379467551,26.00528342347545
3.19236470765382,2.8461029767785293,12.929559359563447
3.2602594686200943,2.202242851396237,7.905923124739367
1.9081248581224681,3.588755641318219,12.287529402959647
1.907679875952835,2.3268044212270658,5.164107370361111
1.5176878318903384,4.935121189477558,18.481963163625306
3.2418039624737784,1.2392904565744507,2.4894474535422475
3.8753431060374774,1.7490508361339714,5.927683789413279
3.751085524474981,1.9803519441689246,7.355492019290799
3.6224597127401057,3.7872314099782414,25.978690352087693
3.0193582825420493,2.0194629136750386,6.156819458318633
2.376964240443136,2.572429200423553,7.864652064028808
1.6814855086511216,1.9554081964326318,3.214681831524277
4.930984724810667,2.340488551372299,13.505687720144959
2.9710362069166925,2.409802094738812,8.626620714170318
1.1615818945951846,3.374405564843425,6.613241702021514
4.1894202502661875,4.333209792903879,39.33175849854712
4.825273791098224,4.046591507690527,39.50669472896242
4.382033405946199,3.101477645818513,21.075748088869315
2.486496518965734,3.8476390222402377,18.405452588842248
1.6152725480755858,4.095102026420372,13.543947736602846
1.3953226446306428,2.8522915141509197,5.675870348469707
3.4375794005690405,3.7075305738474,23.62611016714205
3.726642072333601,3.3742477226976555,21.214930526753424
4.559017601673963,1.9329487849172549,8.516908228643345
1.520121889903396,3.431365889915758,8.94916420399322
3.747786510796697,2.850298935933362,15.223891126396374
4.756377875013728,4.345299768034764,44.904083764281026
1.9727035302005431,1.4620678794865016,2.1084674374697983
4.064317795595875,1.9554305289487321,7.770383359671982
1.302484994558403,3.4204445050511114,7.619172921016078
4.707722885579036,4.100122752360155,39.570780213550286
3.1036507032721854,2.1489231197969034,7.166128628545339
3.0240271908742273,3.84475913942223,22.35084630443945
1.9121924056110244,2.4563497870436266,5.768753942620534
3.4227615297372758,3.1069163509081683,16.519837377269045
3.114153675582867,4.036185685333833,25.36601938697053
3.5901209709121584,3.23625749261157,18.800319278590756
4.119872807286967,3.9936820986524144,32.8549488826206
1.5445498941848972,1.0258547989816234,0.8127252172443964
3.1875300562883058,3.06118662575468,14.934954621771675
2.9095625435742622,1.1579289977393818,1.9505700946449296
3.6970289372986787,4.662729624643316,40.188640964438356
3.6635086359556808,1.5964493544708058,4.668501634208155
1.784667902460991,3.3740285143103463,10.15839075017368
2.632171512488134,3.90612926907479,20.08063361616123
4.795859254719929,1.168115865660833,3.2719622090166838
1.1311948204350752,4.051481158984245,9.28399845337226
4.028534675512903,3.3966745790624704,23.239404348992128
2.4894442043647413,3.049410854822255,11.574554523237426
1.0881098264223557,4.83853228028693,12.73708427215112
1.0373166202242814,2.5536631999186477,3.3822723617024923
1.0535614143286076,1.6291337822942378,1.398116496037392
1.6980312885207782,4.0220485772136305,13.734419744329784
1.796876522726996,1.2159421046080103,1.3283546272674598
4.855572896403211,2.2708647801617796,12.519674341616136
1.8597818695115809,1.0650528432049038,1.0548102128986612
2.40296774065932,2.640315442177,8.375863215272759
1.4558469200683266,3.934518057370294,11.268569874503951
3.821245486634736,3.5554036142799093,24.151981216230052
3.494375992178633,1.4641613379071976,3.7455664557985777
4.130716356750968,3.3404427268689125,23.0464182217678
4.835261053785869,2.6688425218991916,17.220106289754497
3.5457116216048155,4.197164060161888,31.23095797650732
1.8160078506354216,4.07107273432203,15.048924009767308
2.8929421109407194,4.712017343210453,32.116152257387355
1.2099229810045493,2.5231310592625547,3.8512999982478027
1.1629851825886033,4.656982814338155,12.611114138340456
1.9889221294589303,3.598908065903474,12.880398205811186
4.471143102796045,2.13174492561093,10.1591892381233
1.749383830380172,4.293762062325076,16.126163594354914
4.574452136572369,2.3903132060101173,13.06828851173601
3.145154703629012,2.040228060066231,6.545901248850822
2.5581466733096256,4.807186816553775,29.558163409211495
1.5626027382802592,4.259411623288559,14.174828357086446
4.029779455847407,4.200705286648543,35.55459283135572
2.5707980774369443,4.484607337423636,25.85156366575277
3.181462724101995,1.9815218069715992,6.245893228617633
1.851743397048013,1.7109079973282504,2.710217353475123
3.1891380166179615,3.575917888384074,20.390054875321656
2.499898291990173,2.493582397958777,7.772125261440971
3.6698874763285496,4.481313498852186,36.84965332882798
2.848104959799161,1.8533892445818299,4.891693880478453
3.1875531396141077,2.743686457412768,11.997655769042764
2.9951273633729976,2.816340714408504,11.878338200713598
4.307457079975123,3.612161705982606,28.10123012550665
2.222222321357232,1.8649840467659429,3.8646284998389544
4.492579080762521,4.706214438154155,49.75184131481567
3.522168974617994,2.9392271539343167,15.214107968746
4.778786541814611,4.178700320008522,41.72247748889454
4.691400139966264,3.1041290030223982,22.602267160202153
1.2385227519731,1.3376737225534083,1.1080883401854187
1.1414267251521109,4.638047823034379,12.27689342720511
2.231098471864298,1.5992082934077514,2.852980542622804
1.5688355833723073,4.399351214828772,15.181850293267415
2.0569330667119052,1.7028994115251441,2.9824155495404163
4.229430102844239,3.084752254975247,20.12298655954788
4.179240085274637,3.71818900084587,28.888849658431862
3.4746291372168354,2.2764030345444954,9.002782815280556
2.9193774108427046,4.2398200215457615,26.239471915722433
1.1361908804731833,2.513252392294816,3.5883393919271045
1.3016427931559988,3.746134162072594,9.133315840419078
2.877837067463373,4.784834659954788,32.94352573744057
1.7561158109233457,4.721863991053082,19.577178665050685
3.2797234392337473,1.5893658630322407,4.142428200536326
4.964562266075662,1.03770284076429,2.672987806680492
2.8154189977026682,2.6184790710334043,9.651865363220214
1.0691160612538444,2.163130799350718,2.501269113179872
2.7449353186565717,3.061054442341308,12.860096491496531
2.687444491999948,4.964690509836169,33.1202699749947
1.8064412719467402,4.174225680134855,15.737860902421744
4.662272710973598,2.8257342939153385,18.613597660641915
3.254462439789504,4.204002728542827,28.759097054911894
1.7754832347717824,1.1116798019371181,1.0970994825489182
4.087346036701421,1.118402023169493,2.5562733904226906
2.017267676772321,3.120535262172766,9.821814398654203
4.475685924479457,2.314345948627598,11.986328141093914
1.3890433393001635,1.2035954330049972,1.0061132371949175
2.2037411380645886,1.0067695382120307,1.1168393739101192
4.144428827903097,4.719146114670666,46.148919658551286
1.9966428318996345,4.8204205883580205,23.19745030650984
3.1156607868331783,2.608992882959686,10.603908253543358
2.0513629867591976,2.887982582688341,8.554638439817596
4.559385828384891,2.8572209631156382,18.610755561134624
2.9705042874614445,2.3027921913639675,7.876072117616828
3.2384277767180305,3.0494902725732067,15.057702935021888
3.6388304734443757,3.940145843797869,28.245965368853103
2.753949319148861,2.7626385122528063,10.509306821024483
4.170767685155575,4.613665285395056,44.38928729495372
2.1068726969346514,3.174544675634679,10.616251197913648
4.378906218935156,3.728684182537151,30.44015428953612
4.6196475652558435,3.7333808194645,32.19462957161274
2.3129396304108982,4.762473252179847,26.230067058095464
1.7367531565590149,1.5625207551036455,2.1201163285826703
1.0999712215700597,3.5207179677595737,6.817321893811036
1.7741557810859518,1.4679153253137773,1.9114536184582394
3.180043201634657,1.2512648312801176,2.4894390676326594
4.044810108297391,2.7862387865749225,15.700186422923291
3.9705038397462933,1.008412401616372,2.0187938860948274
3.8578251710932903,2.87583657001774,15.952948044863776
4.628637715200272,2.6312003247873643,16.022527374926543
1.3435337156818545,4.499044140797981,13.597500454255753
1.1798539860860675,2.6212695053349537,4.053420118832862
2.8750971390656956,3.170068227755659,14.446403658788027
4.22258537044802,4.950502437787803,51.74245140562297
4.521912176097484,2.734991362701199,16.912353432706475
2.8972130436768246,4.872789582963103,34.39582670915319
2.851479146058161,4.004724341302513,22.865750432930078
4.426616774017479,3.2185932895011047,22.92842022173653
2.9488940171836138,2.0637297040614735,6.279640750344022
4.11108441296742,1.1104310128988182,2.534600777226243
3.2299565536249015,1.3269211427937533,2.843524098052143
4.942993931539366,2.174675988399898,11.688242140624263
4.819400865966678,3.2612486370996168,25.62895372418918
3.642790954157437,3.8017919254208556,26.325761454423333
1.183807694270529,3.2766459292691343,6.3549215226725755
2.443866076493641,4.338017744480496,22.99482218372573
2.9408037133760745,2.0610999323430015,6.246462549353393
2.675051101367204,3.0555287553035537,12.487480913598638
4.208274143403342,1.645375976311481,5.696450554625293
4.440029331046951,1.3780924758117719,4.2161161474593305
2.668997261729073,2.7500614952154656,10.09259726000432
1.2212058806116493,3.0798398425017623,5.79182134592109
2.965663947115444,1.9092149207002849,5.405073219252829
1.0427691651559772,2.837998413582574,4.1993539511123394
1.8440145337737217,1.0369889779987744,0.9914769559513883
4.356602717924336,2.519705986113955,13.829857265983264
2.479645336546153,3.6689060424795166,16.68909368059536
4.173063030483806,1.4946109811696147,4.661023432471769
3.1647001725111927,3.6912102986078716,21.5595728841936
4.043177031971224,2.8114231975766226,15.978838589492087
3.3995264886840872,4.113981243155836,28.768223785339497
1.3585290913473513,4.20101516862571,11.988019657376222
3.1963716332703647,3.69899493089995,21.867278919030014
2.77927475111885,1.1590781746545447,1.8669253065609765
2.6558613430039006,2.523552203061957,8.456681772492638
3.678178191179117,4.260415154845617,33.381558665600814
3.7566613252856436,4.934517702144413,45.736346639747005
1.6955184320534298,3.9914362334255356,13.506129533176624
2.7227373928320513,4.1741172033238785,23.719473166724576
2.5528696291070565,1.134815433753193,1.6438005004621412
4.203139634895421,3.654987292497754,28.07472851217855
4.7921630574736,4.356678214632385,45.479173045798284
2.4596820936274413,3.027876276368318,11.27522544800807
3.6634884961750886,1.21979921353548,2.7254708064390374
1.8865123662915924,3.682326974796742,12.790112351755031
2.0381581328735043,3.713836079944859,14.055727948875482
1.164906892590749,4.4254570699021905,11.407158697716003
1.297914748866586,4.925659815338942,15.745084689261422
3.9411367458354802,3.4779850048256895,23.83674325139159
3.1811161315814562,3.200705422267429,16.294496281685863
2.7306764250376427,2.339935876412134,7.475636186281065
2.2897028344313455,2.505340717350532,7.185925651633196
2.21592125351617,1.6574252874918596,3.0436327500459934
4.535987084398444,1.6583001401672353,6.236890058175168
4.0740939863143275,4.248384486600974,36.766194178305625
4.571387827591933,2.8729791141663443,18.86613811385683
1.9451024277569289,1.2045623994049857,1.4111431931042735
3.340661683393738,4.950558703239217,40.93652084066317
3.18811719694997,2.097713458702983,7.014498254021022
2.1952614805111574,4.428921877770548,21.530410042577014
1.4549303614841111,3.751778446440504,10.23968458902383
3.610921572712412,3.1364063014266783,17.760398076055594
1.563886876257329,3.5525397907886638,9.868547629435819
2.0253604143965265,3.6417854892214425,13.430774085139577
1.8537283888987917,4.914785135688183,22.388509287681497
2.773538655172429,1.8985521159581458,4.998610231284601
2.7869288832769907,1.1488330172393408,1.8391184790984747
2.8430280045607517,3.852113906861664,21.093535752147464
1.3112401382823955,2.4164167397647773,3.828211385474728
1.7972361377802342,2.2589579097131414,4.5855499104708395
3.208425635945638,1.5572138769871713,3.8900798196320396
1.4538946960615147,3.9007378392044303,11.061053247275703
4.327900866063268,2.249421639458787,10.94936784511982
3.8767058235886505,2.4283166493181283,11.429927772904396
2.946417990429899,3.6278206286771657,19.389025146178227
2.347309195475453,3.9022874442913316,17.872232994797567
3.077230352939508,4.568367752325734,32.11087399274516
1.2732667481278708,3.0465912173029452,5.909051476319656
2.0233818858077193,3.296110383534814,10.991358081868201
1.2515158936096036,4.286091140952289,11.495534713186618
3.0389123660021107,4.965807493908761,37.4686408650673
2.425471116640658,2.8249140598132456,9.677798865707029
4.399174732728204,1.9830047858492108,8.649454955002376
2.52974228519925,3.2328770797057724,13.219793426421703
3.608034199007802,4.050602564703603,29.59919612955662
4.103520700111229,3.392504552227934,23.61388865280036
4.804277787355028,4.569096385638866,50.14859319213321
1.9561987774891136,2.02332254247983,4.004176641499795
4.444908424597695,1.0829697135873948,2.6065463068295918
3.381198008998867,3.509060832122752,20.817204237429262
1.1863722623698285,1.8987871449331597,2.138668900706478
3.631487738956981,2.714720401411343,13.381500046974686
2.546327673011187,1.3821182921048423,2.43206245794532
3.9870554288240454,1.466028742137783,4.2845700487056035
3.5441354180910007,4.413934113190677,34.524866200866256
2.258370917483895,2.8436291029970584,9.130849352129216
2.5192970662350347,3.909205795812669,19.24981026383878
2.459807880998283,1.96552144310914,4.751456584061547
3.422244606307282,4.270187737888162,31.20146531232335
4.189910823549244,3.666115448973989,28.157043922810875
4.291740031635119,1.9205357890276873,7.914950819384286
2.572998542122466,1.1214010203874563,1.617824613058897
4.981283362672793,3.8154391618370975,36.25770555904451
4.206509671897864,4.0310368845520745,34.176331235969165
2.9519860554611985,4.871057855098214,35.02118859804309
1.5695368915801042,3.2627301413218572,8.35418027141252
4.6719298314677005,4.734631205069936,52.36470099116496
2.0195689684588434,2.8195729281473483,8.027778063569228
3.0282334197768277,1.6773007036421594,4.259721547087117
2.449937674669735,1.1678147282210336,1.6706017689565034
3.006412760777185,1.6596249375614294,4.1403639097052665
4.998519275397722,2.0039939376253817,10.03700596624033
2.735352130116116,2.921857713939175,11.676195906298922
3.1128761089589516,1.354032330480627,2.853579057530092
4.845341578094412,2.7907890104045263,18.868979436748468
1.0121071369500019,2.4550580613194737,3.0501417765411465
1.4632867916517585,4.132243821955388,12.49313217816896
1.6394533767363364,2.0002607446200846,3.2797617664997785
3.3589065875354858,2.0167921212192215,6.8310930726400425
4.801069589789844,3.3870552011757824,27.539278289424495
2.471580067701106,3.665848127466033,16.607093304121772
3.9949516331642494,2.85334424375296,16.262595922211855
1.4258528031806104,1.2456310385462905,1.1061742407789619
4.857016693030866,2.8357421497294872,19.528688469237878
2.1438315558606194,4.422068940983703,20.960984729790088
3.5665506352901657,1.9543301278380651,6.811052891144175
2.539342288254956,1.8119319670090706,4.1684540995205825
3.2815700339148512,2.8047377454847506,12.907323644498831
4.437963138235929,4.999278449820935,55.45852931774243
1.398022886065183,2.9208654146137683,5.963584510145505
2.3054569427874343,2.794560380285994,9.002311059042592
3.3957799548458367,2.620848402162865,11.662545369232465
1.1738091961140404,4.067202407136033,9.708655340039753
3.23794935560839,2.365765811015158,9.061154981210207
1.4119008345498107,3.366571952788532,8.001105578568946
1.3022926303085103,4.2999919766813495,12.039650437796471
4.438969344306611,2.9995620762014563,19.96953068407579
3.362836706521514,2.906650949494918,14.205664294255754
2.4430361054743526,3.2770123653046914,13.117650331657835
4.547930181096456,3.66925003259206,30.615292053246694
4.558029218353058,3.732032162899752,31.742261481495213
3.295471643829581,2.1126588523604406,7.354384485507842
2.698830340649145,2.5223965936249355,8.585633207177196
4.538397518448164,2.8695038712789835,18.684701642149278
3.404131614194416,2.27915059786817,8.841427552865053
4.70222018234904,3.3546188639505066,26.458141522776934
2.7554669909133453,3.911768880284434,21.081989459460527
4.988176861574934,3.6482361686146128,33.19538707292671
1.8227280166233522,2.6894335059360333,6.591943794236558
1.116089491607708,1.8062050232967293,1.820552112752568
4.070349732114161,2.5592920553932124,13.330346171912039
3.9720149364667376,1.515155407177049,4.559269217877913
4.090648885636645,4.3957121764361435,39.52034290212746
4.2795046927875955,3.986717246632417,34.00904064061725
1.3649516891286098,1.0506659772160725,0.7533843993899896
2.5310329973100427,4.172299601417628,22.03021746640087
2.184992408594306,1.5469836155932826,2.6145163665858173
2.0239646146675283,1.0611556236190425,1.1395439497797148
2.282400964187451,4.950519697849867,27.96813660714805
2.233093903971703,4.0248530290957065,18.08743748381618
1.4646882764746283,4.899370208813749,17.579063055493716
1.3983395055610512,4.715943257320708,15.549619765927876
3.6240959910631054,4.081964884521546,30.193136143598267
4.58009624385299,3.6303538410747236,30.18161825755875
3.721930982926731,3.453680928972089,22.19743254118298
2.0466963238871774,4.750469876855224,23.09386118214465
3.6274530420767994,4.080709177964216,30.202513911833012
1.5302721534159787,3.4589534476881716,9.15436266983409
4.876521029800509,2.3624877294349282,13.608781110867504
1.655580818953077,3.092657063955807,7.917424313844704
3.2933680504814045,1.3110128535105976,2.8302459112060108
3.7099205486444284,1.9825386460378187,7.290846200860109
4.979079592990426,1.3098042220690838,4.271022360177238
3.1091414367409067,3.2025551961298695,15.944236597680451
3.9777217018033917,3.3127022488747815,21.82575139963878
1.0130137704229099,3.0720650244318994,4.780201029770199
4.072900249734435,3.9526012351949316,31.815575410053324
2.8345974904124054,4.965700618792784,34.94801130832982
4.627971095785555,2.7610375532411773,17.640271675965174
1.8340962696310763,1.783548973775455,2.9171731647892383
2.590082806544439,1.8867144337464676,4.609947686957062
1.334797550405849,4.435789040477304,13.13188807293211
4.822650297130083,4.612322123355556,51.2973626090896
1.3208545496269992,3.2407066233275814,6.935925732948678
3.717334037001374,4.962779920366577,45.77745299333595
1.700826713760037,1.2857560764564573,1.4058767335740736
1.6694550683054854,4.071555136394644,13.837746806700205
4.255564415215615,3.7795980110833303,30.39613723184659
2.6759636375981914,1.5440309169374817,3.1897907655947124
2.3165885223954112,2.224577471006748,5.732102846192107
1.9734775762509473,4.729454717216857,22.071118557419698
2.9284386365270194,1.3340841740271823,2.6059891124696284
1.5253942005317853,2.2689350706317915,3.9264152807388086
4.864237009742189,2.6304262413284722,16.828173809376672
2.2673478442228934,1.9958742202175124,4.516005830118841
2.9679567795345347,2.7622123499626006,11.322483644245784
1.4791470584107826,3.955928839359978,11.573862006208392
4.510159508644411,2.4974274472984557,14.065256831122495
2.97331848287733,4.696046893454545,32.78508280512543
4.971855659778996,2.542360544882162,16.06803601195153
2.1153952808555285,2.9857483737120254,9.429050122620938
4.350458691151169,4.905375480308703,52.34190988687474
1.183507486938172,4.7478108094116624,13.339139786638619
4.337644857712435,3.425442674854702,25.448219599108086
3.6790805731960803,1.5417417576501586,4.372527747115768
2.408442972343184,3.016743203902289,10.959306116145362
4.692589728101138,2.1833595083224786,11.184925444347924
4.278744822331154,2.9875565780142552,19.09495627606089
2.874696769398564,3.18867755217593,14.614476190876024
2.9271347571522672,3.0929419594397225,14.00090992598804
1.7441418295685351,2.1230858099891505,3.9308538548543637
2.0499346896906605,1.8353688569655393,3.452683310683891
4.8113054077437925,3.182803029370066,24.36982751634879
1.5998586950834235,2.623717417906013,5.506628107249384
2.2802642434901577,3.6169344489809307,14.915453326426446
3.656551836854549,4.06055456544221,30.144802348243633
3.834976050977536,1.4206697196537372,3.870070784178537
2.3426620240130562,4.7601261875382,26.540956682517905
1.8172481747628888,3.50017501271371,11.131758243624274
3.6339300449960614,4.500199534348679,36.79680470031673
4.825779505682171,3.8427077523189284,35.62970217069952
1.8620290237984305,2.800316448981902,7.30080373065039
1.5318897152405966,3.326084568155912,8.47352430152192
2.356996382828277,2.7896199486576623,9.171048716814614
3.252504258224049,2.22157230265704,8.02617791824523
2.3900058589176467,1.3807469530889804,2.2782278523174435
2.731844813517702,3.948955817882248,21.30053829390657
4.043411073797562,4.963548042658495,49.80837351410422
1.168387615882526,1.3988211732312252,1.1430924181425368
3.855144772763737,3.127729849641516,18.856850842607013
2.90062348873374,3.89645184404884,22.019121618865082
1.3723384858975276,3.245921071048257,7.2294816135572555
2.1929067305142276,3.3404697291223235,12.235035844383601
3.7897894183766527,4.2917983364655115,34.903075553306905
1.9355136678553628,1.524293510695974,2.2485546548879545
4.230624403261638,2.7892406942894765,16.456840507308424
2.9798800634459752,1.344263268261078,2.692386798950735
4.536091110167382,3.486241773132085,27.56555736835628
2.692922962700117,3.9844224539368365,21.375913907880985
3.6761116929656645,1.6586028277479037,5.056424250939075
4.647846527283964,1.4606592986051745,4.958149744279237
2.860456887250634,4.082363519897497,23.83574660036154
2.8242915532487816,1.8862951724371673,5.024569271503236
1.5355182487046304,1.2836797803954676,1.2651394189331515
1.8625530293310941,3.669495661888297,12.539823046982045
4.130641679956916,2.906636362175343,17.448935282833386
4.298862966324233,2.1967960322959663,10.372968923460068
4.084948500689018,3.24549661975793,21.5138884433317
3.9146449778904575,3.7511273680009563,27.541399659030066
3.9967555902699705,2.799172600702457,15.658023926176982
2.626599239407944,4.864270473325337,31.074149402992333
3.8129881524916094,2.1768684208584457,9.034410474853205
2.75120344959954,1.3999921275167688,2.696149058368572
1.251943215052088,2.8380159071320197,5.0417845825215855
2.2468060237586784,2.9933683315301454,10.06597629508818
4.3315406880128595,1.5814207711331112,5.416356980776189
2.9284921538894473,3.7845804954783993,20.97246907943676
2.494357710610923,2.0376777273064985,5.178449389462673
4.039438528973379,3.4489364956577138,24.024889766504035
2.4768715460067465,3.389630611739958,14.229126312466
4.9471150579653,3.8305101094538925,36.294033954257046
2.8646112203304686,2.927553614486453,12.27567573063643
3.93867645881546,2.2948833675086164,10.371499442832935
3.065710132972813,2.8201482960302973,12.191158728489196
2.1754207795203517,1.1499972224483535,1.4384900417711206
2.3355227256512565,3.4259745127111527,13.706367034088101
3.327601496168004,3.866918701942133,24.878912825818905
2.4843657417078755,2.5658515143754896,8.178027687783787
1.810062391952115,1.8415907575091692,3.069373948715932
3.1345503711897904,2.726087214788907,11.647286260551137
1.528573843033247,2.5139965639012516,4.8304299398714
3.6316347749659124,3.113342025993896,17.60053376000325
3.682240876516697,1.7388568280189078,5.566854228724881
2.6694450578274913,1.8529580735662763,4.582707901790376
2.827055178520569,1.51637445162268,3.2502532920042553
3.884449825841658,3.851736443904699,28.81460337554754
4.073955336424062,1.3855032939141307,3.9102218033264293
2.0639169953238605,1.8342058228671196,3.4718293258875956
3.456509014137096,1.4061033287126796,3.416977907404903
3.291965982235016,4.8768283154564545,39.14716144276722
4.418742867889657,4.4307433895594315,43.3732465485846
3.9396929759818957,1.0089955299349684,2.0054455131997115
1.630816865797283,1.8680474965004703,2.8454504491180574
3.4445487350646364,1.8427186133206903,5.848175316581212
3.4243554869048887,4.552004370336949,35.47759634085218
1.916717389384277,1.7963268683432219,3.092422461302449
1.0706725148588845,1.650636643189444,1.458577877833002
2.4044110595086403,4.408806810172633,23.36796314281434
4.560272008851516,2.540332250115421,14.714374181147036
4.746740736927467,3.533719711040842,29.63669112179892
2.7460247209585726,3.122173773197948,13.384082022741714
4.890483356657268,1.036935470425305,2.629209851263666
2.1322509313396383,3.8146147858947392,15.513496525281674
1.2688307926444042,4.195146769730254,11.165239236402755
2.954677189601835,3.088600506318336,14.093002219648403
2.3145619221363614,2.442843929302087,6.906058468978744
4.52381378319383,2.3101535590422357,12.07136611108918
1.2240406679646538,1.7855663198406058,1.9512720442798945
3.0980681450541034,3.3917505353062216,17.82004412300555
3.9531849769881178,2.661323831802346,13.999501991929092
1.6489762169979367,2.3847437004273346,4.688865948045824
2.7019862323506665,4.948223432514258,33.078951801687595
3.4987989719545243,3.1702517964711587,17.582333328744546
2.690674426993372,3.2072213344114733,13.838500053863129
2.7164481263818354,1.5359716907944083,3.204334481328256
4.268250948712589,3.309069847195942,23.36855284030922
4.630898752361302,4.689077795851405,50.910828718952445
4.39838178949082,3.3584550613315014,24.805158801270498
2.9543968689364126,2.280911396311708,7.6852087569784615
2.8670015662647397,4.43061707677899,28.140147443955232
3.3544998737574723,3.475724249585807,20.262284644427666
4.919075370952016,2.7512069669258388,18.616584522906688
1.144515882816584,4.540968024144741,11.800182273676397
4.1950156512406895,1.3754422419498233,3.968152059403802
3.761858380079545,3.837185054149048,27.694780966849894
2.1565719289710636,4.153650290938,18.603463668230333
4.420319195034141,4.7466812793814945,49.79706869031871
2.7035983889717343,4.251167090845575,24.430285007640062
2.7386088805037776,4.179418556434609,23.918379356368042
2.907131150570059,4.951466492909322,35.63709690619464
2.5277966331181356,1.0567387328044844,1.4113911416853058
1.7867937898407762,1.2023972856427827,1.2916368091368622
2.322259429693593,3.349762122466884,13.028927705867824
2.4127780090343065,2.4906949426470586,7.4839081379442245
3.1912694988520505,2.961558216923864,13.995036457655528
2.562563648141412,3.5539454479889607,16.18326627165336
2.2807928996654514,3.482416311158409,13.829842470887414
3.301550458917833,2.265185869737315,8.470238344668067
2.440695604638527,2.147215648544342,5.626456305231941
4.35737148879168,3.455703023236792,26.017611091718518
2.306069572456211,1.7831099358051041,3.66605224492424
4.23858540298987,4.12592737033088,36.077305992183796
2.0767100085032095,2.1365061720071337,4.739736123917807
4.491650688217582,1.2383704109843743,3.444110777693238
2.8053458202074495,3.4284230237312325,16.487135812542615
3.409386622548784,2.9454802663309185,14.789670282276365
2.176195184369233,1.3578505938851784,2.0061888964160817
1.4831352158743978,2.84509479055339,6.002666735103431
3.636645515760529,2.352787457513149,10.06552349654909
1.97217507692603,3.350182173582371,11.067571015092753
4.959729112740203,1.5251942444694824,5.7687042873999514
2.106897343779263,2.6759923547373785,7.543677552266428
4.2586585777995545,1.7030100113703721,6.175572575263304
1.2333392510941161,3.559877337281116,7.814885601916485
3.883708176011237,1.6387325217464808,5.214740949014666
4.85881308741865,1.3533440775230758,4.449555727916622
4.781369808334711,3.2476737289249797,25.215473260124444
2.8821793130789723,3.178236343228564,14.556715028580784
2.8141664744412993,1.2671479989732681,2.259302971194782
2.135080197061285,3.6681984782681507,14.36447803409651
4.811992495592224,4.805907738608369,55.57069189227791
4.678006672505432,3.621377745885253,30.674571037536268
3.6561680574831494,2.9953073229331517,16.401324867323506
3.4682978967123876,2.5850393236457565,11.588326017225755
1.430786815235467,3.7234171207284152,9.91809620259905
2.5200135527099428,3.5785331896214942,16.13552051174316
4.706803450502543,4.445422692549336,46.50741400722015
4.887890570569439,2.098983471661347,10.767367007016702
3.0292855645401207,4.776043229510538,34.54989388238626
1.0827580664065697,2.0295866177409905,2.2300603367007468
2.0085282239346007,3.1479931200906894,9.952117439675828
3.281948002561916,3.7819445557883644,23.47102282403842
2.7424992811909763,3.198487810477068,14.028328483582944
2.59425469008372,3.0998702224842,12.46435011231876
3.8962705827216926,2.311258430184401,10.406774169601531
4.114822605260505,1.8520359440763192,7.056997176472699
2.456208423390976,2.47459512194552,7.520444762488222
4.420819140378418,2.1372567174312573,10.09685533226815
1.995424028163976,4.529510744106899,20.4695261920672
2.5897251295201436,2.142216739671348,5.942244161810943
2.563913844244145,1.5471913186311177,3.068749731939445
1.6959242562777508,1.921213137469921,3.129879024501114
2.6335678827071054,1.965568389371299,5.087340892128112
4.649456021096504,3.6963638305774587,31.76300422501032
4.1721721943737755,1.1066351002687402,2.5547070755423884
3.7302963204535873,4.614739268464158,39.719856725464105
3.9163193571565627,4.808147119617057,45.2692812352395
4.214919579250198,3.873089871770526,31.613635824961793
4.676693898706647,3.791788812206967,33.61996300340231
4.819635897711834,4.218075737288942,42.87587356685231
3.4810142170208946,3.9360840884334416,26.965255344528277
4.030220876626176,4.91758074074725,48.7306103742509
3.2148278612761296,3.9384609177174013,24.933360035918422
3.5852449132366733,1.9378462831107721,6.73174228390964
1.0850847271101154,3.1696821718897756,5.450860772675623
4.805196562846628,1.4511351834733253,5.059375413380538
2.7508606887974576,3.5370441133263055,17.20757035849066
1.5406871862596327,4.918280445561092,18.6342128967302
4.5410757550961875,4.471243533675107,45.39263579198934
4.882373178435447,2.940575238643487,21.108898287738764
3.826716947414029,1.5751570718578973,4.747271595571426
2.3148809635042054,1.9882068935230932,4.575323625407465
3.011853958709948,3.9809696107553676,23.866110037012284
4.012731143361398,2.7191927887170584,14.835085941406552
1.2105148432158614,3.89280117693812,9.172011048481
1.684450004199861,3.50790910956232,10.363937709002911
1.3065045127630484,3.4841818129979574,7.930170729756508
3.715128489024825,1.3047904880818115,3.1624626644256386
4.065354725017086,1.2861110329023524,3.36221420160724
2.698456180977016,3.23701673112007,14.137586096768736
1.695936546630111,1.1588385892144522,1.1387424247395954
4.411002954302254,4.609235438004308,46.855992074928245
1.0869820935841554,1.1329293979378705,0.6975865310547023
3.61719441200818,2.781047922450444,13.98810233204245
2.9578042587514006,1.7479595069466392,4.518582015462018
3.9967006304550114,3.4787760369059653,24.18380113826898
1.7375446842275575,3.337864970518595,9.679290271372524
1.5773462785469792,1.7566061667057222,2.4335812796756815
4.942372459512683,4.382026857251949,47.45211183570297
1.2555756488286827,3.190184911974621,6.3891723268906855
2.691652478694698,2.021070647860384,5.497332189909598
4.630726655431071,3.56673421401944,29.455109794558407
3.491102402130185,4.390012781830091,33.640633195887
1.9018117189866537,1.807604859229078,3.1070233980630393
4.86498419258,1.9900636683600594,9.633528354053386
2.518942769457095,3.7033350333846276,17.27326007078978
3.474547706445761,3.4671637164236415,20.884158549773876
4.227885061989384,4.368666320523108,40.34511200796378
4.416723081980104,1.322278105221078,3.8611421329802726
2.598934413206615,4.040524645055555,21.214892930060042
2.039451450282308,1.830914843758285,3.4183747107297404
3.9576054064922817,2.716196597780917,14.599060111491783
1.6032304006648235,3.1291694549282716,7.849176741606463
2.779031550220953,3.893320373411018,21.062201653192833
3.562342039141194,2.422883523918697,10.456123247247064
3.1561146980582087,2.9115747790517004,13.377614584219423
1.5898557502998143,2.840413821291286,6.413438887832063
2.157538443333727,3.8686322449253248,16.145200465415623
3.20173985848154,3.0758986188644686,15.146074234700672
1.4442544428717836,4.3459520315056,13.639032790733156
4.6461551798561285,1.4498511367717146,4.883267803897938
1.494554597680624,3.0728028125402336,7.055879780320897
3.7061915534763,3.1296765399577056,18.15084194974484
2.991941178513668,4.691034152707497,32.920031720140955
2.5488416507127,2.723707167636258,9.454393783313634
4.343373690961528,4.193467913964721,38.189489195478885
2.5856327246151865,2.955428691072448,11.292180466969688
2.208656434028942,1.4263963758971125,2.2468735022851725
3.1413974450213535,2.203606881414426,7.627129676835127
4.79553446260344,4.209355786001597,42.48526101410324
4.086320152045495,3.769706074815877,29.034701978056827
2.156116232613055,2.866626487322982,8.85899368991643
1.4459397946445876,1.3067443872284703,1.2345295832816028
1.720334151991398,4.35793756623441,16.335966098622734
1.959415219480619,1.3936647877769723,1.902887599823765
2.3224435404518924,4.375078141262334,22.22730442200252
2.8130646442682394,2.2239428612340717,6.956598944822188
4.488231720536266,2.461827001947864,13.600671050629892
3.5862650798672764,3.241478394745432,18.840770276426692
3.1484909097562523,2.2929646185213306,8.276889456436948
4.982978584647897,4.402338133740843,48.286510149616305
3.9354556910578755,2.9554139679425724,17.187063223187515
1.6387537262444853,4.079405872612243,13.635702899347926
2.754101715764846,2.9742540367376793,12.181649500686529
3.3578279583825483,3.7841115971967656,24.04120969886513
3.2509056263463143,4.5227748925640014,33.24943820088291
3.473829815267404,4.645592414735761,37.485279247887156
2.2428930722582217,3.3627564654190643,12.681464391314195
3.3077746979641267,1.3689770496765976,3.0995472417774903
4.728574815806396,2.799281130995023,18.526496667316298
4.663233377751956,1.635450735611181,6.236373079359466
2.833822399922871,4.524368336006968,29.00404309739071
3.750171548426289,1.9958820109841104,7.46948856375676
3.3693412857694534,1.773029610650605,5.295987912185067
1.7983438743365774,3.1438393271774094,8.887168797693066
3.2198929841554604,1.3581372512843748,2.969605539923945
3.0161287136402217,3.9095185124348184,23.049760829796448
3.8946840196302026,1.2045657335711515,2.825551595768364
2.4964740609901312,2.5471153520520047,8.098307983234374
3.160494265960711,1.0304145259269708,1.677833864935222
3.2723680684540097,2.4502457470350283,9.82316499239772
1.1989458641908768,2.7222236208309454,4.44239502761928
4.21614612860904,1.411551541057026,4.20028868245276
4.049772084759118,2.3954622864702406,11.619281204823547
3.1262481232554635,2.8955713060445905,13.105752947474452
4.729858533098421,3.2830182883814274,25.489702098646266
3.6799771213172585,1.2895638017151572,3.0598546062606373
3.6543241498818038,4.886298540577081,43.62516351956648
3.7007023987705425,3.819066535704127,26.987870365228485
3.830286353433838,2.765621502578914,14.648283406290213
1.943237595787048,4.557017310988645,20.177031185010303
4.662627305572872,1.9401095474356462,8.775123002601806
1.3033104834831715,1.0513087192689508,0.7202419710604063
1.7518016469986653,4.365977605764522,16.696211679038292
3.983106636310994,3.659594023412905,26.672133561105625
4.158463826149508,1.6660219874287732,5.771176941653998
2.321021854530792,2.8232593422954775,9.25019273970697
4.4908539696938625,2.821469891890627,17.87515342265261
4.461245130042322,4.799395089595739,51.380591177052786
2.3587361126796136,4.3111554684482165,21.919807194578627
1.2774379152693802,3.842481929612683,9.430472958393285
3.733093020872948,1.2133104415702216,2.747784606906288
2.064446664785007,1.7964734942832146,3.3313119245938063
4.737289322576531,2.474355407990887,14.501872230838664
1.4941740787718585,4.423173555716862,14.616357714041786
3.0906468882671563,1.9515622959154926,5.885511752863809
1.5932229950658492,2.502283405047449,4.987920946635837
4.467488988532718,4.239439499650498,40.146748638326144
3.7110740515387204,3.8904072097800353,28.084050647500906
1.2989773614424336,4.093648864483763,10.88410599815245
1.6909462054230646,1.7235707233289568,2.5116435967284803
2.724535259751134,2.924634059683688,11.652134897691395
1.673937203098673,4.758703018174371,18.953366919603706
2.3271624537693025,2.488153587565099,7.203624646519125
4.379289021565672,2.444333644776222,13.08261569246534
4.96130364110244,1.4491708987880032,5.209607694781092
2.8082340015695872,1.4904241174129318,3.119055027208763
1.090264799425189,2.023632254464628,2.232364876621951
3.8941675141827554,3.3535686895909245,21.89772746262672
1.3175702145170072,4.964060573777031,16.233715008620365
1.8710322242206345,3.7339672619126736,13.043444163728427
2.284682174201002,4.301537040803598,21.136989493080225
4.693384304624136,3.8135702555896187,34.12869044051384
3.779191202466053,3.393508868412365,21.760398594840144
1.5576674739012883,4.016601693728264,12.56499412376105
4.650683310707286,3.214591535825777,24.029147604954012
2.987471937603712,3.2579508008672415,15.854877179374219
2.7335437515365695,3.650956409384974,18.218362077313508
2.8897906485870815,4.39474149084898,27.906351073942123
1.7236295863086553,1.9953569536877893,3.431271967527736
2.32543289675171,3.530992338097455,14.496640419801677
4.672678189280766,4.155873493304484,40.351577174135386
1.443289614155661,4.561094454494097,15.012797368370341
2.696244538580549,3.6821482919871302,18.278132981012796
2.1994775730571545,1.242856015853837,1.6987566896402053
3.7149244792706377,2.6650134126155844,13.192247543793926
3.7042441540195115,3.4059948724966276,21.486099775474162
3.9347978233125813,1.1570241812620194,2.6337666735125587
2.876635404848002,1.9263920029221722,5.337577071445499
4.116674223490972,3.6169431977138977,26.927738510119728
2.8982478923581754,2.4888093508418474,8.976122949980132
3.7644638962374857,4.473728371084766,37.67145236958481
4.8152873180885845,3.1645958113230934,24.111748655012338
1.6028295688688465,1.2847216276962885,1.3227428439132627
4.915873515429128,4.991658604375742,61.24356373419813
4.705506520772662,3.8603889229719,35.06214694151234
4.202853717737968,2.8252496603290065,16.77366408904728
1.7180252447920963,3.425590582391776,10.080230369651897
2.3569778366331953,4.525180411513961,24.132221343842073
2.80745982871915,3.2413645084360834,14.748209563051937
1.1200063750849556,1.8346542556902672,1.8849462223650353
2.3082976264061394,4.6966306674606795,25.458606501192325
1.9316503040364252,1.0827456606999966,1.132273687166417
2.8612853389126083,2.8608784300761547,11.709274318845777
1.1497735489475276,1.2121403958315495,0.8446721345513355
3.10446554996029,3.506347697876883,19.083885770869685
3.6379254331633217,2.593011067295778,12.230171249962032
3.5367878864833293,4.07753665990926,29.40185743698669
4.408277797882054,2.1025620309849082,9.7439847153511
2.4403778615030047,3.1184607625642466,11.866090297041502
3.3189999837757607,3.7736264967968913,23.631706271976448
4.360081943498672,1.692278980592957,6.243219098211281
2.0814746328432596,1.0483449757892753,1.1437986065868446
3.6172990399562943,2.9549947759493125,15.79311698423884
4.743718386812867,2.8627338374974785,19.437967253230088
2.0951962111354474,1.3185436867851599,1.8213094951901905
4.21283528479434,4.339842729081933,39.67276470214416
1.224967814424284,4.624561011930639,13.098926619308356
3.3187261348967243,4.203680956532163,29.32249455713885
2.0668403831376843,3.6486012658152323,13.757190518929407
1.0388938870916826,4.672923361234757,11.342753966396014
3.373798234209103,3.499250433636677,20.65566403245907
4.972408427153758,4.948087227754375,60.871147969511824
1.2603668942422646,1.5763820435465097,1.565993481236765
1.7046354909163903,1.5984161347130286,2.1776157057526007
4.53324790290409,2.5998675610195296,15.32081696687335
3.942367201604399,4.553884362915504,40.8781350489236
4.766860344907164,4.084582088417049,39.76469814045528
4.46157274953233,4.410137032871228,43.387252732146685
1.2222384718919233,4.228928564037439,10.92915668083434
4.431529660988645,4.330770944825826,41.55794784026316
4.785370139792551,2.59110164403279,16.064027517029952
4.258711422886582,3.6357331497823493,28.14700672851964
1.406122282054389,3.8536522278997647,10.440904735107136
2.3696120034984913,1.2081857825629547,1.7294765872005724
1.6513438760493417,3.8697818303932023,12.364611831221241
3.5374380280280375,1.9554955406764574,6.7635157302317355
3.102586659017513,3.671537864716334,20.91172928055931
1.1151066934645866,1.9510424150553942,2.1223638946142582
3.10550368317493,4.59713827916177,32.815361094992994
4.045762508147238,4.300498038167464,37.411739149406635
2.850754009521851,4.681792857682867,31.243101353066855
3.8719504244905036,2.2734104572626768,10.005884814611985
2.3379338219082375,2.9972454453036628,10.501391168440586
1.503130151157401,3.657404080895663,10.05338885541672
4.968597500761868,2.07351946881562,10.681200213272964
2.395830442257832,3.7148958639577287,16.531770646820213
4.125934595881288,3.797154517121219,29.744651435884546
4.518910548271103,3.818309713433064,32.94170346821025
3.2424451383863326,1.626899083109564,4.2910529120354015
4.017191805029794,2.429441384677938,11.855105493852431
2.0819859608146474,4.9110742228373105,25.107345370028934
1.8920335064509528,4.798983273302282,21.786993303544747
2.8817078802757172,4.229102317432157,25.77011421330898
4.976758095393816,4.524733293106747,50.94511022150612
3.1902693288082458,4.616149821910488,33.99046803155765
1.253070556788464,4.6945538497653905,13.808108153728897
3.922056294089697,2.5139924050711153,12.394007364578451
4.144699199767066,4.531985380529437,42.5637635599696
1.709724974357281,4.236667008723329,15.344223712703334
2.2566123598332095,4.198691331902941,19.8909196883483
1.565548607240113,2.185046095336603,3.737298330774379
4.522665702485968,4.590532900599316,47.65304978795133
1.3626852150923585,3.7005177972610044,9.330191180271036
1.223342256688889,2.2649175186685118,3.137781973507763
1.1909441568426806,4.145286107120399,10.232233072268293
1.0123284977563292,2.1909580595227958,2.4297388360384846
3.9766369425832027,4.7001156270233615,43.92411614887002
2.292719289985944,2.722826832926491,8.498865043572
1.9361988396840273,2.0065465318113316,3.897789943875245
4.817939362370799,1.8959906148188055,8.659717021776885
3.0169804366900292,4.479792828945688,30.273202004055722
4.2773727266636286,2.949696333940856,18.608086539997743
4.069531426158893,3.9546713971916465,31.822567511699347
4.9208459831113505,3.8482228636306317,36.435959257571646
1.1526929309206904,3.6288621038547815,7.589699216203171
1.0705746408701091,3.7444162032503474,7.505077616227027
4.315842908439034,1.4586553698750864,4.591356583313362
4.035238897910193,1.0514516848580904,2.230580484349097
4.873624530324001,2.269545735615915,12.551624839121073
2.4765022858259376,4.170564139973187,21.53765157477872
2.79436998139603,3.5844592274209894,17.951518915257907
3.0828593635790615,2.604600821137064,10.456974856953636
3.7783784569179963,3.5940304168748827,24.402760484433696
1.040204380196037,4.670650155393539,11.346015168736672
3.4766181990488745,4.952993198352077,42.6444450139474
4.623876239362687,4.574419603812881,48.37803274841809
4.944901174845783,2.114133382445061,11.050766145579248
4.12133340021375,4.42930823385895,40.42774898390271
2.497604088566587,1.9748379271823482,4.870309039164827
4.983702723219315,2.2249527860016465,12.335698108939473
4.865749947491004,2.7400121666491173,18.265214360901975
3.79786112418299,1.179696805945778,2.6427123323027897
3.6833428359453215,2.322079854229713,9.930393300316746
4.7382405750939345,2.4838570892333864,14.61639668769112
3.0121668924332403,3.731515471957268,20.971018744942903
4.153958459022141,4.8885108874442995,49.63469150940289
1.068191204386153,2.366854105182189,2.9920026850146653
4.855926865820896,4.009890959573005,39.03977156213231
4.993647594413096,3.0044045035890536,22.53744622862755
3.2271248730765674,3.07446794352095,15.251961956721598
3.734476360749581,3.5543923062794835,23.59013571368728
3.2597643185780862,4.75319464374844,36.82369833520996
4.028948802957267,1.8821067151112292,7.135924418296243
4.533338956555775,1.800116186056953,7.344957219619328
2.7141858379130235,1.3856375105451786,2.605606612113788
3.075256077407173,1.2645492786775616,2.45879774499329
3.174568890755002,1.5451761830151738,3.789751828906193
1.914177357068529,3.5773284346791074,12.248130588112748
3.7693859607325555,4.061356405101357,31.087286704934556
1.030787260204197,2.2408529944264184,2.5880089863650535
4.2333165957599945,2.2113164556662763,10.350290732661426
2.2320080642870375,1.7535215164169564,3.4315312809144776
4.4600642290823895,2.1989769902597343,10.783319852090267
2.202502736049425,1.0387002379217596,1.1881381013742938
4.349232143650823,4.966529322302492,53.63997925159445
2.0105815808523206,4.617417574914023,21.433347596814816
2.081397678060012,4.238205348762784,18.693432776828008
3.495828356820473,4.679442466203193,38.274394525843235
2.2448616603658156,3.696296014493261,15.335328204701348
4.792897689949107,2.312163151704622,12.811651431899469
1.8448912348272954,3.5158931447411215,11.402815747740059
2.555368101996944,1.4395623626165954,2.647795505422657
4.697736059739235,3.871129211296871,35.199293922390346
2.6922212429216956,1.2293844867520058,2.034493038845848
2.4652318870599426,3.5521346795181,15.55272984924981
4.3434436929788065,1.898727387438392,7.829417093114867
4.792097911545491,3.335914087024142,26.66400621487249
1.309560513771543,3.5672126935599855,8.332082960182388
2.7333181613603443,3.000730932058092,12.305926065882426
2.6807060722461373,2.1861480632684276,6.405873340618363
1.3575381930233048,3.2238100048377163,7.054413924583148
2.142464696517889,2.6395088483858244,7.463283226854637
1.0207117497609905,4.902147569147618,12.26438795007491
4.764554869666359,1.2162431075311804,3.523977455268906
4.4666244527736225,3.6505848952880604,29.762838552785247
2.8738183793079215,4.716637913519512,31.966449170725642
3.7368904862440013,4.42562051203648,36.595586983974215
1.319916400715226,2.268004118190103,3.394721158099472
1.0751033194890378,2.7999872299749833,4.2143665710150895
3.266373317432526,3.9805578491817837,25.87758258882624
3.7935465656981138,3.0626294374755707,17.791162599590645
3.052769049100322,2.1185020238757537,6.85049132492745
4.93467877122111,1.8545408536016992,8.485974081852346
4.754806397805876,3.6033937001708387,30.869263833036555
1.8303555364745225,4.326483695760533,17.130719518105156
3.6374391496833063,2.7464126627097425,13.718206206789473
1.2405451899147097,4.706841602297422,13.741741045091572
1.1952934796897963,3.6086543933298585,7.782786854952775
3.9479439992253345,2.432895006709477,11.683897062708542
2.446103755331439,3.4059699804115846,14.18817414731304
4.436248064862669,2.2179995677048314,10.912110158912377
3.3085496219043002,4.932966294735411,40.25538208581065
4.632103964022457,2.8373209130503794,18.645121631235604
2.9305144105366567,3.4401757025962474,17.34103896202437
4.950016860923853,1.9452548483739278,9.365472553184025
2.5807235406604256,3.611145372906854,16.826796085792022
2.992496375211009,2.569768431852658,9.880788809767374
1.9427366869031597,2.268960539243592,5.0007809518148365
4.578633872130016,2.259193233646672,11.684568486377744
1.6735871410481784,3.8044063597748803,12.111338228377896
3.0711968199347544,4.902126537211334,36.90172673771173
4.453046926567765,2.1546384577359543,10.336561443753103
2.4500244541126306,4.6742021731450025,26.764270434161517
3.7752709447441744,2.209210982822883,9.212818540248081
1.2544188233393352,1.1130378043076559,0.7770203577513047
4.7187588725802865,3.949407911840851,36.80118249288619
1.2344552920691463,1.2793138427685897,1.0101818669164229
3.0621468995193175,2.5464557404755963,9.928149079613199
4.257011174688187,2.2888573038374425,11.15095929283374
4.852229918795274,4.254435978377527,43.9132278397384
3.9613783922978723,2.3535264959442657,10.971209712287507
3.1839239214426143,1.635882558210247,4.260268099495898
3.777406958686781,4.133989449953981,32.27769461182318
4.921507183634889,1.1592118165628995,3.3066918633318645
2.1904691552516127,2.672873603413319,7.824633245284184
3.948516984005917,3.9276873677976307,30.456348874611187
3.914686093795112,3.21482914035602,20.229387801140064
3.7615284203770605,1.867443978831611,6.558877452579041
2.045160301405015,3.2474421093616495,10.784007819073372
3.4791824610528996,1.0460710138402072,1.9035730428836544
3.1820045025553374,4.177087338032091,27.759900560035657
4.485395374613726,1.1927199373461872,3.190418779931708
4.59668004691977,4.811620312436911,53.21045580911203
3.0647448199976854,1.6234284559586412,4.038598059858238
3.570963747897127,1.4906017341759825,3.967150623530831
3.8674668780660904,4.083262944417382,32.24120777179851
2.3690938555311245,3.799577060508007,17.101050312087263
4.7694186569854775,2.658558418238154,16.854965431997556
2.7756464737871993,3.4746429399810834,16.755389175420472
3.8992447264665584,1.2090000713530293,2.849726301884707
4.7865885183182115,4.734309335634782,53.64254336301727
4.117088288888037,3.599688190877486,26.674110827664272
3.2514574716875666,2.6103242188395415,11.07737831196979
3.9827997015525525,1.4921541531483373,4.433899594721341
2.9516231151144545,2.4833598161860713,9.101442002670227
2.463795308308021,4.512127366120438,25.080565740387026
2.281944910640059,2.842861492866946,9.22118132227321
4.069968466849513,4.069235960174801,33.69665537095012
1.6258891744421855,2.841559532326483,6.564089019790543
2.6670895010326867,4.82160637781683,31.002099086477042
4.170286549615419,3.547949767992819,26.247674190443195
4.741784775398353,3.7044320446843453,32.53532182651853
3.830171407158831,4.251714496032587,34.61915010843843
3.2767501353378794,4.8208365293861455,38.076598159912365
2.4251131498659095,1.9883491749236204,4.793881756053882
1.6135341618547017,1.5657520224390113,1.9778535527884973
1.0246460343346948,4.333301796288604,9.62014773865142
4.537349321642202,2.8057464410982202,17.859490365804078
3.1744125715429172,1.1184774551240309,1.9855820763762824
1.9869082614457798,3.281489968530592,10.697689338410834
2.7158073860333176,4.826438134732223,31.63169445937219
2.1488797455345616,2.2393513360097845,5.387987619644852
2.9156547310844148,4.237184419774006,26.173441542106108
3.609600354749028,1.4154425293093622,3.615876644423823
3.2146817495225064,3.3836315467925493,18.40238531057058
3.3451959018923603,2.3908935705011243,9.561192203540426
2.445240926159739,4.606731160798494,25.946417219279894
1.156122400136148,1.5978209447565623,1.4758086096468026
1.1154677452756347,2.655541019525241,3.9330824403192532
1.4375253493873799,4.141721526987529,12.329552287497382
4.055653704333386,1.943331476420036,7.658163597614309
2.1042290659955816,1.0118284158092767,1.077151432187253
3.4695979798996293,2.9036741451477224,14.626651563212738
1.9993823445291068,4.840732278534204,23.425452328165985
2.1480725416323874,3.5860838477266106,13.812103610382795
3.906282289914112,2.8077703856895577,15.397733800978797
3.136368202244212,4.229974712612373,28.059025820308175
2.748042371738483,1.2817347573365994,2.2573024448162307
4.531305843131664,4.8409120891717565,53.09428446641253
4.307310800124755,4.582896837831292,45.233102527048985
3.5897189956661637,2.344925575865608,9.869350765758785
2.969874525114012,3.229272434441407,15.485223438295424
1.636250883093485,3.9719309818606376,12.906939818186562
1.7819845179050682,1.1538641350841305,1.1862692695805013
3.181882367452453,1.8161877934045054,5.247780110830242
1.148598726311577,3.1612704771247295,5.739335935878987
4.109765094785622,3.155326155212883,20.45858149663555
4.294576964244136,3.2350059102821485,22.471939216683598
1.2766159774315544,4.834630845702452,14.919590976384876
1.9132450138562298,2.3440304733481443,5.256142141302119
2.174857031047806,2.7297522021611043,8.103024785219198
2.537045051008268,2.399643288754501,7.304517926314235
4.249680974037577,2.4917920873114308,13.193193668038376
1.6859773938550506,2.2657762081361232,4.327686331718944
4.4753905018491125,3.618207045607091,29.294613340463936
1.6855523850653835,3.4100980267482273,9.80044928412556
1.28185810468988,3.407971339019625,7.443922197972495
4.104266368810843,1.4771256171043992,4.477549577090822
3.1011191408514946,1.7512588440767827,4.755422836140883
3.599427315629911,2.117550492745871,8.069952196680742
3.8757907568189682,1.9782471503946453,7.58387951263362
3.100829119458319,4.702902645110659,34.29097353766848
4.822089903122468,2.5585706102083337,15.783383946720704
2.8266334228217387,2.0483570154566317,5.929946859010677
1.9210076034267556,3.6398845730848928,12.725484065005839
2.873729430863638,1.8745345960946427,5.048970117228408
1.769222255935658,2.41981023790195,5.179824171873504
1.2440178496194885,3.0878792957005823,5.930854192923677
1.5960096469294083,3.4623183405645315,9.566201158543226
2.5034757983919147,2.397358531129658,7.194148185058044
2.9612431597590976,2.92457707000569,12.66398000342875
4.537313052155806,3.8396084142126394,33.44587930916135
1.3377013620728047,3.3695087994636674,7.593856102499935
1.6391273322602928,3.913330136679177,12.550923178549295
3.2677325358951155,1.7750346954766778,5.147901153999013
2.2296360960411743,4.127329862455785,18.99076022477117
3.473433522696377,3.1884831443226953,17.656200286507982
3.13778046007157,2.620325442873325,10.77216572214024
4.321368052484658,3.071347238816467,20.382108079062398
2.452499263981886,4.156890879547075,21.189277004094624
4.603607375468232,3.0053942342288016,20.79079897638717
4.363351806783962,2.4748844440314186,13.36288056177069
2.1605420481879705,2.3443860452164205,5.937327191296746
2.525714858243635,1.3014277264054672,2.138919468162385
3.2263797197765687,2.872226334490728,13.308306764087064
3.9956386665976105,3.560504536433421,25.326740376258883
1.2984057825691102,2.2673474078618563,3.3374639464467286
2.093876184843619,2.508370152915491,6.587251585186655
1.8463972219756006,1.4379957408769797,1.9090194000768754
2.8131997223533736,1.2016774601625126,2.0311705946433602
2.8996670312583626,3.90986444944854,22.163662965700972
2.956988481309209,4.319623033916418,27.587435690426165
4.870366649040209,4.877375074636331,57.930058919569
1.8137953794589614,3.699941160396579,12.415034500433348
3.5654748070504843,1.9501311370247891,6.779770760790731
3.5248252781479827,2.574202850449144,11.678663156695674
4.059659119333755,4.158259529756557,35.09803119847904
2.8591519792038027,2.147968144827045,6.5957307409576735
4.111330696887097,1.323143710163547,3.5988723974597616
2.972991992136211,1.0819809518084549,1.740215265249343
2.2561599508755794,4.2772090970259775,20.637679032180028
2.5897141908523555,4.064251414312714,21.388630210878077
1.2822803676519174,3.8858877262571747,9.681295905983431
4.1643156893417554,3.5493497412393586,26.23078213408228
3.1018867778028176,4.616462769383803,33.05328442485328
4.592241592779738,3.284475448590618,24.770043645372436
4.459832500044419,2.01141502441717,9.021773758149825
4.722250738700325,4.500912468844423,47.832180775248126
4.861280342966731,3.1242521514621577,23.72536084218029
2.726736450274079,4.9786218166217004,33.79336536484902
3.661561358699305,4.759060375575047,41.46472119258426
2.064478022754815,1.1046139665395311,1.2595091545505677
1.0389790684077287,1.92162106111246,1.9182813412678061
4.892048580640083,4.274605946116374,44.694382001672665
1.3103737282649686,1.4958804502734826,1.4660843386703555
2.2302421077282633,2.2568611916360504,5.679782597186688
4.893628175571976,2.4570890305112107,14.772117669641247
4.525080959321336,3.804963360093664,32.756486767622306
3.335812193651012,4.842685822849551,39.11507659243676
1.4128600456195275,3.950133075396744,11.022817110198455
3.209496262375656,2.696015624977864,11.664112192926007
3.6236929097020205,4.28394381808055,33.25132255389581
1.678696470181591,2.608471201705744,5.711027800543547
1.6344528288696574,4.655750287016479,17.714208532259057
2.3247976307642957,1.3153797048100069,2.0112100580670496
2.310275517082554,1.1800557330925825,1.6085657539640932
3.6668526704520445,1.1358792195282876,2.3655262622039324
3.8765160221823054,3.169922948483206,19.476414087298348
3.1612982829884175,4.4358395152959025,31.101915029024237
2.124512622760919,2.0031296316388123,4.262333533733836
3.393428338508913,1.3057342249040498,2.8927990219428765
4.631717919153857,2.6203296188853296,15.900982452182626
4.6314480895835946,1.2201352947510347,3.447488175608451
1.7566103827144541,4.8951349962856945,21.046253443864835
4.806399163959548,2.152751372526796,11.137240278461325
3.463201639006911,3.8739531908978986,25.987022372743116
3.977915461335315,3.3811798920271654,22.738515533450514
3.505351004810681,4.956965922799819,43.06588566685855
4.10876703466011,4.078036789166974,34.16518688699384
3.9163188957295922,2.9706374151395942,17.280143542505147
2.672830093508434,2.342199144029719,7.331435068945565
4.833783837958837,2.2503025295482497,12.238805876529106
2.425328260196729,3.6781952314837425,16.406278730925855
4.36595791128217,4.086237593303467,36.449936746499745
4.653350259208198,1.9473751346330848,8.823380095946627
1.4457450504115124,3.276831739400901,7.761935000856858
4.849235802254292,3.785983361818312,34.753672909558375
2.88525197450992,4.845880276573536,33.87654503489716
3.3193688584759964,2.2143129736313596,8.137734728156298
4.5021411328839775,1.4920111902607913,5.01110231685703
2.657336296252995,3.542721687141839,16.675950437901662
2.3453213261247754,4.940669537308558,28.624899466624136
1.6395841453193554,1.8874018097852985,2.9203334885277465
1.9898641674627031,3.674445222510672,13.433122980025042
1.0364387107094464,2.69304414424581,3.7583790149662346
1.6446621251268878,3.930501357154111,12.704061767957981
1.6740196117906168,3.6844269719504177,11.362409882488619
1.598886636242892,3.249354390461552,8.440765547369502
4.854234194988327,4.919160176711224,58.73171166191954
4.057745025359368,2.6092113010181848,13.812530819921863
3.836912768604084,3.802794221291155,27.743265664732167
3.5460656517530253,1.3766035320453356,3.359963311571462
2.6494183578073387,2.086344594101126,5.7662388431810845
1.0861651718753724,3.554666772511418,6.862204661420805
1.2882688426419597,2.9922699889209596,5.767373283619596
2.939084326954161,3.953555612978009,22.96982865735367
2.874478715105002,4.702998192442742,31.78913605760042
2.744523276349298,4.453720684723143,27.219671287778826
3.522412803226912,4.585639826067271,37.03481132622706
3.632902198281617,4.831673215529082,42.40517090721916
1.9506728687525499,3.283287917421277,10.51410681566315
3.3147451846146727,3.698442214491961,22.67032926118405
3.863914870095377,2.204731903584863,9.390941323694735
3.9156835102681926,3.3345832228914265,21.770114244295872
2.69879445454043,1.5214774670153548,3.1237111167736273
4.673707569950413,3.146076333639572,23.129702739761367
2.1299961116549957,3.092509509457341,10.185231452062116
2.2328189725111427,4.304295526915398,20.683673876525244
3.2183927401999624,4.98371392233531,39.968261099220214
3.200831208965749,2.5365586087410397,10.297281374020253
2.6805772075817242,1.8691785525749376,4.68273847042281
2.0401913722691254,4.556339079721155,21.17741679134246
3.716643475975291,4.420180414325146,36.30788063041137
4.032150767090418,4.951171661657878,49.422275219407005
2.190755766660453,3.1772520756894105,11.057763880008721
1.1838406972133813,2.0066834007262226,2.38353199778428
3.74553581225293,2.0515255052386747,7.882024844470337
3.839601456308782,3.340576148355698,21.42391832169014
3.4931949348897984,2.350487683613327,9.649588328097572
1.9213076359019823,1.276343504221297,1.5649557350622092
3.096911773013879,3.7449246897548405,21.716259085141953
3.671732156634843,1.2788124876547395,3.0023044807285637
2.357357823451764,2.3058666747663255,6.26706066946429
4.17146214230579,1.4896971532508814,4.62864940487596
4.355966935278432,3.970861000387398,34.34187069189976
4.935989572335723,4.018974676931451,39.863440381380904
4.158989376842008,1.4273135602337987,4.236396485516928
2.2224784857382294,4.279861904751953,20.354811377053206
3.6706302412236056,3.6462771950627952,24.401133733086567
1.4967280015376714,3.1920647832880973,7.625288535242907
4.072930630735547,3.99867681300979,32.561891616085866
3.7537615086605456,2.92995152953239,16.112300488792904
3.4853471245584844,4.796555830001401,40.09359973263717
1.499560092884138,2.4789871075413767,4.607681111963839
4.224718550219811,4.911287974903344,50.95168908192619
1.3254207319208162,1.8993808044102218,2.390825355325903
1.0851908610804966,4.189465090327834,9.523427585981972
4.0348171765152365,4.074863934963893,33.49809336074
4.099279660020468,2.548200824046898,13.308982549652749
3.7091331085942003,1.3381791760477548,3.321015924461277
4.82526814803823,1.3560145663899794,4.436292436053709
4.5447431643705105,4.231384884513107,40.68594522599078
3.4689182333971593,4.537340507995711,35.70810575361053
3.4720318690604093,3.1118952440896237,16.81139083795544
3.2095257306985694,1.5647301896943886,3.9290702134279
2.5201119237550333,3.5083855164991333,15.509737676619299
4.589194812931474,3.807143950501138,33.2586865827224
2.6869528120740767,4.631197919912931,28.814874128790642
3.6362944871665315,3.263782723354066,19.367409274984205
4.848950109443079,3.211440866111524,25.004465712921345
3.239905134364376,1.556987636456685,3.92710602299295
1.5082403052493065,4.038154940741876,12.297207567623042
2.0648806571865963,3.2127182276718242,10.656393156843563
3.0523630695411437,1.9445734795654914,5.7710509920097515
4.701875763095844,4.424728428354502,46.02718296485842
1.8209820912203982,2.780285664544945,7.038085199450612
2.446943000794127,3.235121669381014,12.804867668714762
4.893320644859651,1.620421240293421,6.424355031723799
4.505247694976252,4.968662516140094,55.611892714552845
2.4110857535761068,1.0891615452525176,1.4301028103528266
4.5177193579704555,4.466203595674891,45.057416546854036
4.828345202017285,1.277117115111797,3.937583412567133
3.0983733422356834,1.2294755755192117,2.341766359510619
1.0979760367364961,1.9190453535277676,2.0217774276487512
2.55841674939523,1.9029787769613695,4.6324333936721
1.3058849939415995,2.128345127159662,2.9577335158704936
2.369041839792488,3.15340400111571,11.778824849336559
2.2380773512453755,4.854619863769912,26.3727582516112
4.546755991721161,2.314873943481942,12.182217387840838
2.722993921911077,3.6014588673665338,17.659304464748587
2.0495138998827436,1.9956114090324792,4.081058579930688
4.2956038571639805,4.373338893871632,41.07905960485949
2.6876240236622086,4.291491225134797,24.748847322458015
2.9817359942826474,3.965954645810686,23.449558966598513
1.8968943491372046,3.1906384136040598,9.65535677976187
1.6762441301209043,2.7935636261987917,6.540702696229473
2.768592667610291,3.106928582397785,13.36261973087729
1.5804837704370867,4.937575236977532,19.265819961222633
3.359746987568889,1.1480039844764072,2.213927365062996
1.3726682826219334,1.1781640212762627,0.9526801479500425
1.4798540992534241,2.6297738239760915,5.11712116664698
4.907421999805488,3.1818418082633944,24.841657965680525
4.586977150801026,3.0834483870866376,21.805695726551146
2.140351324328429,2.214163255706476,5.246556434609254
1.3926073761332272,4.605745482853637,14.770614553159962
2.832006375039936,1.3799533341797474,2.696454095494032
4.641836336346202,3.4680530715546722,27.91459285715609
1.2144855682114906,1.6604259109567185,1.6741769821347807
1.0086411152604309,3.334397248066518,5.607139349438024
4.888795304219694,3.555119513696225,30.894435780499123
3.1348882672977236,4.341747606362201,29.547532420885837
2.298179117149384,2.8283427884507497,9.192168271271322
4.324223286242113,4.510063475289326,43.97880495173015
4.4208863640987595,1.6584351997812727,6.0796190903896505
4.57934804776246,3.232936076287137,23.931388230125947
2.110848466630747,4.422887938629893,20.646143117843167
1.2220995303602527,4.442667751234394,12.060470543069144
3.632350888361765,4.555134953149331,37.684286401536795
4.421930161542749,4.76604443019656,50.22246870140692
3.3033678250491687,1.886815645911752,5.880115766722101
3.42007563042444,2.505480014624683,10.734642859650698
1.9470629365733823,1.9063297176736285,3.5379038868648967
4.616542716886797,2.2294018625550422,11.4726457048743
1.3544215267647552,4.686048132139527,14.87090304752499
1.7130462393967996,2.9704347846417476,7.557517022863377
3.895863685357463,4.981011750863505,48.32912024952003
4.822489314029571,4.674848561733239,52.69584486571377
2.428132150402864,4.53605527363313,24.980377648743115
1.4482864154649517,1.3816335754515015,1.3823251787180302
4.142728820150364,1.434328454839092,4.261414099145086
2.4080741024299064,1.9409521440850583,4.535963034521773
2.3423530599025075,4.674986605331398,25.59664836930004
3.491777856536119,3.465763826068756,20.9707778558522
2.7821448669589057,4.074036594615027,23.088706110933618
2.2565598029923684,1.8767367885406814,3.973960870593369
3.9457460626494054,4.38047738181789,37.85663611988641
2.6645607318961497,3.0016560810420065,12.003765132990795
4.291638504497733,2.9556391677348657,18.745454024888087
3.0349746206706083,4.068814802597715,25.12238770934868
3.896116419429626,3.1349945750283523,19.145888135865015
1.9679490336789391,2.4730829324211063,6.018125105025636
3.7649144197891107,4.289169494463686,34.63151813908973
1.367108562893446,2.806167923285158,5.382701789255173
4.612404166802969,4.112684995067919,39.007512239719624
2.5380358322496117,3.0506561200784312,11.81011874267646
4.738915060650452,4.227187069816789,42.340098489472176
3.865704524887916,2.460445203837723,11.701082859675015
3.783485344568838,4.2228079534677345,33.73375777109735
4.734997876957969,4.620820997223939,50.550805819170414
2.3284407832960796,3.6472241866658,15.486744031256018
2.3504677274063863,4.820389612703288,27.307917414947262
1.94100521730001,1.4436193873567436,2.02256328247643
4.515605720001979,3.0052262364116133,20.391086277716596
3.7718663360236837,2.4282931645098387,11.120608026615121
4.366071015197498,4.432584272153072,42.89185231513669
3.432756086679292,4.4173963124577185,33.492354458328585
1.8313006273258083,4.309480839263124,17.005114351685485
4.009176613311553,1.7976749376775856,6.478098096320788
2.938609814797975,2.940170848033564,12.701559984263817
3.8076523864459517,1.566663678332528,4.672817796785354
1.328838076860837,2.2892634042066495,3.482038750058247
2.489167114629906,4.406464166566247,24.165987394797586
2.392222641808711,2.5124123186091647,7.550112609359711
1.997122063312605,4.508093197641946,20.29366026271665
1.877686177294092,1.1520971361985852,1.246152541948851
1.6744674117098826,2.452551814109435,5.035969448694391
1.0128607941097405,4.0074843537028295,8.133237154594713
4.039804234515181,1.9747049720316778,7.876526957852639
2.0442812741923473,3.3367266766476344,11.380253120328645
1.7228321128999622,1.6893891949086037,2.458512308488112
3.0681156857347345,1.2728492691497513,2.48539654571724
3.2194135188573507,2.139586586383797,7.36896511891221
1.1653256414886455,3.670431635484151,7.849673369822316
4.888843897900621,1.731212044694788,7.326165152343642
2.336471856028303,1.4191394708302916,2.352776735234082
3.8690012640796474,3.945388281702504,30.112608415761425
3.9626118078088792,2.3284571351327155,10.74207124339036
2.9449791446844853,2.5896655605356647,9.875056529255243
3.9140342836288666,3.4214221866069585,22.909096641819815
1.0426660595599455,4.006144679127934,8.366975553987636
1.4227596103110733,4.565032565271712,14.824815328952575
4.924276782707258,1.1681132355553348,3.359559596932687
4.532202095978268,3.8677631678148927,33.899946932626264
2.847255414222926,3.2954932893850417,15.460989849493807
2.6159298325173177,2.61944038926029,8.974559356410756
3.3537773756047167,2.5244506972518175,10.68656229234216
1.6501049194760644,1.2078394826534842,1.2036494103458304
1.671829316660427,2.489243810963315,5.179607045796267
2.8085269132738753,1.120360961066119,1.76264368410402
2.7686868383967247,1.169613891564464,1.8937771673060881
3.8687160311590607,2.0600299087861105,8.208880036360261
1.1738610840029216,3.147955478551053,5.816260806301412
4.021040773725106,1.980913497857049,7.88931876240887
2.8545633138955506,4.247265356426595,25.747109196034412
3.3903623534300467,1.0200043021530822,1.7636813738606913
2.9624698930614746,4.430654805740392,29.0776818386333
4.469153935190583,1.8457428159576525,7.6126820502006805
4.094910344295691,2.291568166886642,10.751769944679584
3.343812791856353,2.8319747320400643,13.408824524004201
4.729248370659133,3.2731084852948227,25.332784412700832
2.249730774841791,1.4312675795124488,2.30431698719661
3.711679425518652,3.4908213627032088,22.614954273709323
3.2584835048314194,1.8460456374287606,5.552267707429477
1.5845807285325169,3.431767095229857,9.330823740892466
1.0557437013407962,4.966136498592004,13.018645705214402
4.4874803315221365,1.3557054928391867,4.123853929096186
2.200476870314699,2.6974314987125516,8.005485246067941
3.7469834325416005,4.670651974765679,40.87020281081961
3.5033023300466986,4.6197173171335155,37.38336797192106
3.3597895427683597,4.895903985280919,40.2668690827352
1.3578235174396744,4.117331581261137,11.509196835498873
1.4519960639821963,3.2444968762759188,7.642407028841857
1.721325955863731,2.0337710030524114,3.559895289416864
3.0703629022381054,2.59413475986059,10.331057540490628
2.3332725368669016,1.630826206111844,3.102778953335856
1.8275418364792078,2.32603130195831,4.943885929659876
3.2770636321120086,3.1587114966181855,16.348382898837706
4.690919472002591,2.454280771727999,14.127862896775358
2.4785086630344426,4.43348998372924,24.358576724930252
4.129006571823102,3.065170392041061,19.396564821344796
1.9091321387664877,1.0246408947222174,1.002188380830675
4.064040940605649,1.0628765596819711,2.295586898274468
2.38974749869065,1.3521709270129736,2.1846667955199157
4.144051968155594,4.697705241868883,45.72636979372743
4.544210676769439,1.6217426104005468,5.9757485875746434
3.5590760302568922,2.3827702238031883,10.103494249701862
4.765448290797476,2.12580272448575,10.767619106224801
1.908144248052805,4.962578648848755,23.496112462967396
4.058571227781108,4.067909461001845,33.58038980641687
2.9674034002507295,2.8637144421285545,12.16763052695557
1.3461604914213203,4.497687549412776,13.615870391603847
4.520508846660957,2.158110146759385,10.5269980177786
2.366780632312904,2.2696984685818338,6.096272062422197
1.615860487404578,4.172077524616078,14.063020349873861
4.034874762406055,1.2079671276254071,2.9438135206390164
1.881747384517218,1.0458263219242414,1.0290831371548161
2.108554561559214,1.3512288392097789,1.9249198868314403
3.842390716721436,2.865113925700662,15.77085794062721
1.3944415113910718,3.2429760319808976,7.332596464318972
2.570817144346206,3.2723346014143253,13.76437832235968
1.5582994187131747,2.5806134235176676,5.188798634124591
4.894992811846334,4.612880975420057,52.07947053439956
3.476767642755915,1.7265506274169389,5.182082308707084
1.0276990328366518,3.4244157589788915,6.025719706962617
1.5630486242352273,3.8405884835424233,11.527577308436278
3.8009115644599993,3.327391833875981,21.040965400231944
4.595287248244369,1.6649449109043286,6.369163607740636
2.1837460647437865,3.1213345781200097,10.637823655773772
4.96535415154624,4.099975713485382,41.73330722151115
3.249438427493394,4.970482177655308,40.139814233387476
4.8590423602759785,3.0844550515918545,23.11413157910371
2.634019623967256,3.846271098778201,19.48358155463224
4.918820316785933,3.1246800814555504,24.01276001153373
1.3169582776111715,2.8285287153045093,5.268211533995382
3.021590788237426,2.684957983858891,10.89132305208703
4.798301980517326,2.4154991550183356,13.998173140002605
3.5447117795398384,3.6169765303248833,23.186879994227567
1.846616288576309,1.880277349501974,3.264303233438442
2.439226082233401,1.8101794701831926,3.9963666840024117
2.078085251406726,3.2473841921102604,10.957228260252347
4.880968643240141,2.474016032158581,14.937607412937771
2.9572852066682698,1.3989609321593748,2.8938391510337733
3.296800069722189,2.188365158930833,7.894092273194558
2.175854240319584,1.7088641683297867,3.1769829945021746
2.353318685315115,4.092779818005353,19.710040194817275
3.7577681378513974,1.7549277223943243,5.786533251849391
2.0943583711163427,1.634581497151292,2.7979126924872553
1.3594139078039054,3.897613181876238,10.325692413435682
2.1278842717984694,4.064392593201967,17.5755656556859
1.0296357128702778,4.9535543343215505,12.632446395433636
1.369002405308931,1.3721005373619093,1.2886829552177583
1.161817698634514,2.977708330059444,5.150771738230493
1.2067162290544893,4.881414102559391,14.376940021203284
1.2085978864788438,1.0959883933285948,0.7258781850165051
2.567655247683007,4.795743075015274,29.52694620235048
1.5588548606842676,2.10794726812488,3.4633403345667717
2.634174873167497,3.5374480042669676,16.481424191316034
4.895456595943117,3.687451811326765,33.28249809315282
4.466860789434852,4.500385948881224,45.234723735371134
3.9271041651082244,2.824111943109687,15.66052222272536
3.973823034981713,2.921772126923529,16.961771589363913
3.781603367117682,1.997927565765631,7.547540606640052
2.795941370171678,1.5730951287850337,3.4594577978059364
3.78836036184682,2.7109173514659006,13.920468209729917
1.901526785475359,1.6308153341442675,2.5286110091380323
4.305014715955353,3.6515042042777592,28.700420165649593
2.762871739065911,1.313068254934978,2.3818002260539797
4.711151989022314,2.7149171447034957,17.362420892636806
3.35210738672329,1.9855683325076736,6.607810851814532
3.8883335597224087,3.9471510203622966,30.290120719585556
1.2587119924521528,3.6157402320329566,8.227934344890564
3.108814517156401,3.978273415600187,24.6010742026398
1.3126263304612773,3.237192885197103,6.877779850321578
3.868680466853282,2.927753987447111,16.58066815053111
2.1536196960077567,2.408262939757276,6.2452067964979445
4.436522404364059,4.3625571669720316,42.21773654297301
2.856131377597437,4.2080627326918645,25.28789012570369
4.700436148050914,3.246086021837229,24.764422845986843
3.7890762277379153,4.946046751147167,46.34680289505966
2.8543170135535663,2.248549295516011,7.215676210471474
4.567533256282264,2.0944030057971914,10.017797012132894
2.7925860485444827,2.543416983092134,9.032577615246279
2.5300115171786035,3.264148186460477,13.478210535544696
2.1521702110488787,1.0289268996669714,1.1392411482032567
3.5239916740256034,1.8845631919338262,6.257866398602856
3.4537376298513833,1.5933673449229513,4.384208214137769
4.946344722726342,3.283965476902692,26.671752362804767
2.4591997504484153,4.059846496846356,20.266699902855517
1.435859347756502,2.3231309623609415,3.8746215565436275
3.282361852073981,1.4948884896675008,3.6675332238172245
4.7698267646165995,2.0966193863850653,10.483632895344833
4.381299009469314,3.318099381955348,24.11857679020243
4.870124941414588,4.661570441600804,52.914489424584254
3.673183869652817,2.1315370806653022,8.344464225477294
1.4351423561961791,4.886301052855879,17.13268494388875
1.1700928899330667,4.457343067115213,11.623648486792456
2.8474730703605973,3.1591433892772396,14.209156794359632
1.650864337075601,4.514696270004558,16.82435665619433
1.5251516085161727,2.2771465684391794,3.9542579019268
4.68005597927808,3.845191672332103,34.5984814936948
3.387894604638129,2.0972582252736016,7.450813765199996
4.992837262442851,4.226873270306696,44.60215773449585
4.054066432483421,4.797732080057412,46.65872309724317
3.1060233091928113,1.8459023479939876,5.29166276919896
3.46507274812849,2.4688673748784646,10.560339554842015
4.060861128937249,4.798776107286441,46.75726696670311
2.7781744784647215,3.6327374237906214,18.331480350260858
4.4200231930229865,1.9242259782358224,8.182889747624348
1.3033003790365223,2.169054598360193,3.065882411032583
4.82735351115351,4.318639594224399,45.016635420815604
2.736613293806263,4.877576969835285,32.55305107022808
4.583102666310488,3.412630703969016,26.687517557518003
1.8373980493473225,3.0843892560928703,8.740003743519743
1.8269785736446824,1.5331697722869322,2.1472566420250385
1.9555616349208185,2.5592400831723383,6.404180605614733
2.6856207181287495,2.202717717079661,6.515269321899583
2.332868684055476,4.924395032044479,28.285643708563867
1.2811409271422458,3.6749612689416273,8.651122114734344
4.402690140011319,4.54048599179853,45.382958672559795
2.3990370041537568,1.487022393588798,2.652418013493002
1.6746890172217026,1.9354476577805433,3.136657056000345
3.855914991960755,3.424487113284641,22.609373465495263
2.481365664353266,1.7969195182540858,4.006065306606831
1.2073533607948086,4.756429507809175,13.657352823940451
1.6371464817249586,1.426661675978119,1.6660941273922534
3.083123312868901,1.1013141410103202,1.869749091175017
1.773789825592309,4.414621397274729,17.284590373967713
2.3608677328229826,2.425849680462658,6.946554267118124
3.51627710554764,3.68405819274641,23.86195709904036
2.5040461071148403,2.7298660793483696,9.330287150594996
2.318565768812633,2.5221183186882574,7.3742921133729284
1.3342531214200672,4.3803507889550755,12.800472894088639
4.424155978227019,1.9308889341878062,8.247361321799145
3.4627006990884133,1.7320800430273984,5.194226391924947
3.158912988390589,3.720876057143626,21.86744664590451
4.173083726506064,2.4782978208382596,12.81545684765139
2.434729547257842,3.7618216072599653,17.227296318213263
4.9609218536802295,3.883038604966878,37.400362092740934
4.974041426868135,2.091734074890254,10.881589659975305
3.533336367421991,4.7215567810779335,39.38450772488455
1.8340275895379237,1.6819649683424873,2.5942376693749387
4.979175374887374,2.281459872864305,12.95845117596562
2.30408880288545,3.7860440429053623,16.513553634061473
4.99195695642195,1.3943938627843218,4.853016428896766
1.2722713496291718,1.5573776093954614,1.5428993806943037
2.093753206721004,2.4263708387304295,6.16325092304639
1.9661485047367786,3.5849552951036308,12.634376376282457
2.4764294655414782,2.1652378015050378,5.805066086417787
2.3249231004564765,1.1166020330858424,1.4493571774095064
4.9856744722014605,4.877508130310941,59.30481113710468
4.358557300522165,4.191438828297443,38.285914816730084
4.324853353751683,2.065364736073377,9.224331576886023
3.9583018655526057,4.540575760001428,40.80381482687018
4.928308939312288,2.1373528804852415,11.256941015439748
3.277241781999746,1.5304463308556184,3.8380859533900917
1.859781299523437,3.8586882791933665,13.845583801800425
4.563523141105389,1.2487650446536969,3.5582112498103573
1.7820789391835605,4.536516669731343,18.33757757736995
1.9608859691734586,3.7417985687785587,13.727237650967417
2.217247003278903,4.1820402951744065,19.389227529377994
2.1507914390151384,1.9024650829572103,3.892258652918079
1.288660133057955,2.664938430219195,4.57596566137539
1.8998509233588683,3.6152395065945684,12.415484642918488
2.603678264832458,2.01885741604776,5.306016755035247
1.2533928301464488,2.902392312168814,5.279216107515719
2.31094194823372,1.9076003860557766,4.204688660168085
3.9158827405101615,2.8378700904269123,15.768293845932833
1.589807785418274,2.138047778829166,3.6337030718318695
3.3448377520365047,2.876962590541944,13.842466786289624
4.919007795730844,4.26910301189773,44.825050113709665
3.983159513870544,3.015134818873867,18.105527202502625
4.239933467323748,3.892213220737335,32.116062399520466
2.91825709257125,3.1399946347673726,14.3863746516173
2.1567536468297224,3.034537644150953,9.930145321228407
4.85437865404513,4.479968066981052,48.713966204503116
2.8214803960461348,1.3981496299748835,2.7577465224633504
1.547976561882162,1.5612907063640882,1.886696023694844
2.1759690864016195,2.655390099730328,7.671484093555541
1.2551876335825565,1.123093891247228,0.7916091149304728
3.3284580506718995,4.230767566527392,29.78869136686531
3.2907247703382487,1.962880713064438,6.3394178752395
3.013752358665745,2.387084186489938,8.586438015155323
4.600560877764214,1.6719212391857772,6.43002136568578
2.141537621622712,1.3135796607326973,1.8476025083863648
1.1680656127589657,3.054053632623921,5.447416250203701
4.003003728980735,4.772564927229503,45.588960501417354
4.514564662759804,1.2437766741287328,3.491971558011173
3.056596276686484,3.6189394731724183,20.015697242492216
4.416820220538476,1.3996249446146876,4.326164953683582
1.069473309930026,1.0182300059390275,0.5544108704557398
2.9708160054754784,4.89087224084115,35.53189712825149
3.4654668519774896,1.7738817277463812,5.452316696713965
4.893399978369449,1.658903962577813,6.73322626924659
2.5197584962231616,1.4656550737946166,2.7064030495876428
2.9819796536109497,4.9874143232674335,37.08733068210315
2.6296344799440217,1.1572938223784628,1.7609728477757496
4.859654550787035,4.402232924972831,47.08921364025082
3.896658217459017,2.6749267834473534,13.940749311913848
1.527601556094873,4.1548993530449625,13.185636910178031
2.976214175722683,2.5852687152901135,9.945933857388257
2.674002052862212,4.388250880445204,25.746288886589358
3.275600429065972,3.9983730045293693,26.183490219725336
3.3367139857291197,4.147602286376504,28.700085890032955
4.991837420439319,1.667172527711037,6.937316793900101
4.560393356661083,4.480247491984248,45.76951595282011
1.9677038609069815,2.3844996230612283,5.594023137619905
1.937228977673454,1.9074336180712068,3.5241130076957172
2.0912309492065804,4.978260426834182,25.913568691274914
3.15152059078786,3.9580700187681552,24.68636231034053
2.415043607224022,3.8852859288878343,18.228081084939717
3.3597895314583757,4.285404768505973,30.850753375103743
1.3864358731195634,3.230276711994032,7.233512631709123
2.730232660606571,1.3558451950589654,2.509515455276783
4.983406949194965,1.0175180751147486,2.5797678331879172
3.03842544243425,3.0158850481465778,13.818094444451912
1.6592244258108613,4.850680863779253,19.52003273584983
1.0798367618964098,1.2896561711605674,0.8979992916275259
2.605397664733731,4.308411358603541,24.18122779411842
1.669120853510083,1.7938475643465752,2.6855228872870174
3.987808530047459,1.9129043478946035,7.296100556406388
3.0247733100788596,2.974102764072593,13.377494398802435
1.5536514243400945,3.8344723772235367,11.421807040824598
2.999660380840527,1.7931597693139807,4.822586927977841
1.0253353687909326,1.8267604738786423,1.7107996591781691
3.787606308942655,2.2499736228574436,9.587153681807708
3.75009616718661,2.9945960585331086,16.814691608039674
2.7972927976667146,4.0025592559804615,22.406987495461674
3.7610203883002633,1.3470579055498142,3.412307982148489
2.354127869643441,3.637045541776411,15.570319757501471
3.171172200115051,1.421264118814952,3.2028707545067774
2.1481658419180487,4.347821004406507,20.303977500635458
2.528885191997563,4.330516994150036,23.71256924970763
2.8525695358772616,3.8518843906460867,21.161806155505293
4.661240373146869,1.3450741587658088,4.216615124448974
3.411554064052619,3.282312285971231,18.3773149841885
4.89760846341173,1.9734546205482757,9.536924744149355
1.675752198887888,2.9019450673884553,7.055993574013694
3.023848217777341,3.748644283077571,21.246062501866756
3.2762397068016917,3.821353222700357,23.921039049533178
4.560602763821115,2.637699994274995,15.86510852530725
2.7666619222784523,3.6343564248850746,18.271791495389937
1.8643786514643486,1.4572464606613607,1.9795667202304588
4.816198863429284,3.8901240580196426,36.44192567639328
1.1428170528856154,4.124599947881784,9.720987405373785
2.679060748750369,2.921975791392787,11.436833347557407
4.392604567926114,2.8285673827419884,17.5721609029595
2.316952250470065,3.882930755307114,17.466519760273204
1.6155142870878212,3.922985399537774,12.43123255575315
1.1793698152408507,2.3487432001236646,3.2530525889490156
1.5576448567081354,3.566069191956142,9.904167594443232
4.951293409052901,1.1000202556607728,2.995642834384391
2.3795722708796174,4.0118886754624485,19.14990618199997
1.729299398629097,1.1376811958180562,1.119132104711167
2.2002925508821756,4.770470231106486,25.036453695168685
2.270546422052778,2.366303711421386,6.35684116004759
1.5917701233552615,4.604581465799966,16.874490756345093
4.649126081800073,3.328869379187788,25.759346268040055
1.8106953743520737,4.373408104040558,17.316312200030374
4.115952822282619,1.9774377279522586,8.047222775428036
3.182400106672499,1.9270612279693022,5.909024788423902
4.776193067358852,3.262414861014904,25.41734897399264
4.767429588143608,3.767116491559465,33.8276939149149
3.601644241565397,1.149400518105018,2.3791049133197153
1.7117321771591416,4.713910407573311,19.01815869986158
2.3046095495676653,1.0913641367347284,1.372482191983832
4.503875754323989,1.7449115463340363,6.856511971383436
3.701917247060196,4.512731788842375,37.694306293159876
3.6242554440451813,1.7868232614275001,5.785647892926264
1.3110465105164906,2.506686181042191,4.118964386352372
3.399028665512446,4.451583671374252,33.678590939382936
1.6056535814291633,1.707708850143205,2.341259297077412
4.388783215670193,3.331392680000799,24.353746884410466
4.107841538221962,4.079492915770176,34.18188849067915
3.455943120750773,3.7481421266347925,24.275528389673042
1.5592919406128232,4.1970894238478795,13.733900081606238
1.2895968674828437,4.311894220203899,11.988370882307938
4.814000703534633,1.24253065700309,3.716125560744602
2.5037026681349994,2.222760514562908,6.184977201519065
3.6359059103597278,2.2812975788216114,9.4612064569892
2.869411089504451,2.5864319176484516,9.597649346066778
3.7997556801325834,3.3778179384815394,21.676948845923192
2.6370094906868076,2.3545595437701383,7.309725233591823
1.3132804515319512,2.302806028226656,3.4821076991901316
2.6237121693452026,1.7481420644563928,4.0090330835706425
2.6566412977880782,3.9216520174267857,20.428714209832044
4.97149377796649,4.842787220315898,58.29719781187018
2.3120858280185326,4.884022766664794,27.57587587038209
1.6561380890721562,3.162759133872532,8.283212196229131
2.7265841676362483,3.4980510227261803,16.681734028231347
1.9694307375121998,1.3281840257141537,1.7371096038326734
4.319216834571286,4.915709564130051,52.1852108375506
1.3752885689124903,2.4557421248739324,4.146955333270579
1.8962919665138065,4.524775344760899,19.411953942316263
2.1054694209585207,3.7897455774547186,15.119556499949876
1.4840524099874086,4.122988490905401,12.613728758916158
3.631163035810572,4.2594125368872575,32.939360458230645
3.1591313374142556,4.03162929417147,25.674315293747895
2.8847427136981816,2.4791400709650304,8.865009788201998
4.574141017859173,2.6792544383639565,16.417516879748938
1.9003806526386695,1.809944918440173,3.112729067503221
2.09329484356497,2.0133518905282526,4.242675163274811
2.940681825471016,3.408171574114586,17.07894113092981
3.1911479650434176,4.2535125645112934,28.867713476307053
1.392058695876869,2.8182295519873897,5.5281558877445915
4.403202699376543,2.7319068939329765,16.431244987253237
2.6634636086009102,4.242394295753879,23.96838830648789
4.741014780903615,1.5173777947051867,5.457940065042159
3.3099551189246994,3.2422913758003933,17.397874414945253
4.601796157955724,2.1320696516319595,10.459240715111854
2.738145788286666,1.4075313780554999,2.7123313441455985
4.596544461569993,3.131244752598057,22.533855263609027
3.4424099683922758,1.507742230491877,3.9127922842736167
4.545823316807361,2.529133278193933,14.538713832288694
2.2537366002180903,3.021442487040615,10.287309966300104
4.399095235722067,1.9623981395866443,8.470472081618112
2.8499454815773637,1.234604320221464,2.1720116044074107
2.6810561736208025,4.992317768102275,33.41029880750354
1.4129054814184894,2.3856765824420125,4.020742398102003
3.1541546535778,4.0962521343889495,26.462224489924655
3.3229130148028276,2.1305296660723854,7.541611367572661
4.03578691509103,1.4891937015799064,4.475078044529853
3.205516714724248,2.7782832210884325,12.371463618374644
2.630185975605406,4.883153150209484,31.35863517657628
1.283259945584041,4.801206619130979,14.790587856098034
3.3231155781236397,1.4658642328612905,3.5702855072718873
2.2098979991959857,1.8927211118482679,3.9583617905022215
1.8857711599391402,1.4288570476406477,1.925025808576088
3.7662495411835755,2.7838997923961433,14.594401620197118
2.4785685933734514,3.8772176808666052,18.62993397468727
1.079240640745045,1.9307989648122308,2.0116962671404766
4.746085242871376,4.672005740075763,51.79791443382268
3.5839249268929785,4.645093153284137,38.6649776795142
4.9795845277002435,2.896649122308455,20.89079155706603
2.883386780648901,3.1398510382459115,14.213171508166514
4.461820786343128,1.1845480565489197,3.130311061060345
2.9309240515598427,1.0103478014706941,1.495947563261558
3.007832736324899,2.0476839841917718,6.30593591836369
3.686099611621435,3.795291142287181,26.54772225185018
1.4256773109884358,3.9795566420385278,11.28913387877311
1.8041783136165086,4.1279554552813895,15.37161388265085
1.2165606197634946,1.3983297309159362,1.1893863273189986
1.0334616039632212,1.9874747712800676,2.041115587428747
2.22845453944628,2.7257716314724627,8.278520295082595
2.6523572600450156,3.99742828722796,21.191582447149774
2.165159473104794,3.7619913492878787,15.321295150216452
2.750310923851626,3.32476117049297,15.201019137979735
1.140052690570971,4.198306215395817,10.047156150668094
4.815065388167268,4.027253597767812,39.04722274218978
4.672100870539681,4.907560148518229,56.26178117448669
2.5388570949747185,2.6615476805584874,8.992423715062284
1.9194554117138183,2.445004167540036,5.737295777372707
2.640626261034369,4.284537941055966,24.237338506218368
1.0784275290571048,2.4362026523740443,3.2002786431882067
3.339909260194445,4.896857314968124,40.0441953759746
3.752377336152961,1.2250156013494022,2.815527334622577
2.94900306340966,1.6421897644938697,3.9764168904181463
4.361982423157697,2.463686631134367,13.238075368099032
1.6075856293930508,2.725463792051156,5.970695912843554
3.1816739817027275,4.229555493840597,28.458705130255858
3.2728354829768382,3.9002557232770494,24.89317802188971
4.211911615152881,4.794325441670566,48.40656607656222
3.3170717440250943,3.3003332301630457,18.065103479966062
3.226768888340272,1.8124449771220585,5.299898192977224
2.3929817725925484,3.098919088015414,11.49026034695375
4.059293947170458,1.2574901034730703,3.209442927386025
4.30891521705078,2.5630505063505806,14.153123027207348
4.125868606674944,2.9200458681808565,17.589955646892133
2.9079548803121447,2.8970133808423264,12.20277687514715
1.3083481901432656,2.7398795638644646,4.9108456972726175
1.167388656870716,4.155970844927603,10.081623111815857
3.2511015620200263,4.641247143035004,35.01627391458411
3.0810018692102408,4.317857994918365,28.72094177650624
3.1460989008412312,3.0885889373215947,15.005919020585122
1.3677654707706415,4.565829254999578,14.256764409901654
1.428052071808049,1.5667752950829295,1.7527802777936032
2.9690977674283836,3.6558255987721013,19.841086104234936
3.286312183701402,4.850203168058465,38.65437745566258
1.7268819849721213,4.449815133891379,17.096869656524614
1.4294247859076563,4.524097932024624,14.62834881414608
3.372725668263557,1.4070364943902884,3.3385796818646982
2.7355296798993307,4.8644023293842515,32.36461245672686
3.981289915129099,4.546820090661321,41.15374372156632
2.5436068707162547,4.154704616205895,21.953324595344256
4.844859158901315,3.7727744814355444,34.48044425068898
3.6297285207705707,4.437397331634418,35.73557578779967
3.222806712122754,3.5361210478500174,20.14923260231999
4.17107434110207,3.6402573094164845,27.636440087418077
3.407559357078286,3.007000871943644,15.405668272954044
2.77848776357939,4.537293656880612,28.60041065189048
1.8136240030989832,4.653327604288533,19.635615401586925
2.3554121420098513,3.0041295626245756,10.628555188645862
4.61708940906351,2.80013943945923,18.100793180875996
2.843406153885696,3.3252732755279566,15.720399821980381
4.484600640628518,3.3506710185903934,25.174297343199427
1.4351211624191746,1.5768271853707576,1.7841311284347146
2.93243848690977,4.252451065163538,26.514141184271978
3.3897199192242766,3.8837317396731605,25.564203641340534
3.938829480174158,3.26035196277497,20.934671743330156
2.3601370233142016,3.0782585398166193,11.18194644702576
1.6692097108532042,2.503188675224118,5.229595251508196
4.19291741742536,4.6236693053720295,44.81876062469926
2.406248577240419,3.2122662116429135,12.414623511293382
1.4189757550506252,4.909462895841876,17.100662808350148
3.0411423814237915,1.1107951024810068,1.8761807273992657
1.6223727094541989,2.6648903568832742,5.760753962422495
2.78556867709541,3.8933343921986876,21.111898388784656
4.361103729220293,1.1562051225634797,2.9149841605506435
2.081318572521063,3.329821772444474,11.538531534560581
3.218933456076602,4.789218999493503,36.91572453081742
2.843657114361848,3.6380920686953306,18.818915998128553
2.014521980672281,3.2765662264139555,10.813839402286645
1.8537134414597771,4.6730443523711385,20.240088603683557
2.319814006390815,3.0177567971924595,10.563106152405522
3.6747005458811297,3.8954383715253917,27.88076167112683
2.0593275480553563,1.0190030316930816,1.0691690679434305
2.3672365744361596,2.8008303680625444,9.285072085321833
3.450121858427875,1.765462030689842,5.376766821215053
1.8986178128539763,1.7143798451677177,2.790112148927967
3.817038868283839,3.71970594376663,26.406680084908725
4.928737290853035,2.2204793645262004,12.150640107640134
1.0052880718873247,3.7711209669068984,7.148278442939519
3.008923690048515,2.847407755036318,12.19777182404022
1.8715167248192262,2.936513132153925,8.069146707921364
4.282511441322287,4.713940375936794,47.581344139762436
3.337107279922665,4.662331341836508,36.26990700300761
2.424315317144701,3.7788722891833104,17.309460787713
4.67418028664852,2.8296028137042297,18.71226766496059
4.626230424328508,4.531196862641954,47.492291710319954
3.981118560030744,4.418186197657935,38.85645221400782
1.7956344712545196,3.012388584617523,8.147229023734925
1.5801265902105044,2.7243807620768608,5.864047716180786
1.3690861434753514,3.153092287570558,6.805721040487036
4.469155207658815,4.7636553561777575,50.70795641962655
3.679826207468016,2.0793656409817696,7.955345384041079
3.9572187214250536,4.861317092719384,46.75929552512462
1.9770314970489236,2.59275152533914,6.645159193977066
4.359805813979756,2.2997040297375553,11.528718711329219
1.3284427272630133,3.9528397143485794,10.378420153928573
3.85380298274205,1.551534354702874,4.63855067554815
1.3913165039654944,2.919349974227985,5.928819990217562
3.1430159159691224,3.9729330845007005,24.80499165779405
1.2313860308780051,4.035177829022037,10.025120103621594
1.0330577257767408,2.4729680525160656,3.158868928739945
1.496684548218631,2.869005874066599,6.159750964497034
2.10394200757206,3.6311197075512847,13.870269591796161
3.059356487899946,2.4312676287072517,9.04202337202022
2.4912557050046855,2.4460823765921504,7.4529887881801224
1.6548492544718507,2.4577363679531206,4.998032028208839
1.516724029013913,2.2476475661194737,3.831183910940432
1.6384309710169664,1.5712850418046815,2.022591163125158
2.7055724952346414,1.434685739157164,2.7844712777187475
3.2982843327208693,2.224923995469268,8.16372667373444
4.151968076761577,2.8414795281451846,16.761507392602514
3.897859931249018,3.253521509982829,20.630207576796412
2.3846444349536995,1.5654250767194853,2.921851971485202
2.6463915667434583,1.8956810908396053,4.755045362430338
1.3680536646233104,4.644495615427431,14.755375041764513
3.4470565656665944,1.1979153306251549,2.4732650495621704
2.8221124313107224,2.042879237976551,5.888839332647467
1.554677794742525,1.7699583678879227,2.435210470520993
1.3560261159578686,2.0311738088583917,2.7972561272085055
4.04329222149033,2.4542022958615606,12.176594700498978
3.3682543229330943,2.724850811507901,12.504327465314109
2.3063558439934195,4.607918173123753,24.485322905129006
1.3237981735961077,1.2352894859762702,1.0100183680733505
1.1154307027505288,2.198507230543082,2.6956803655015995
1.0691772765177125,1.6231894506648774,1.408504203244789
2.874923889706866,1.9088040650032005,5.237439972767557
2.741475063175253,1.1830760690625395,1.9185788097970025
4.677094511335218,2.04866011341192,9.814902149103633
4.781364170500089,3.8781591703770606,35.95614197938587
2.4753260456861135,2.0091557863170797,4.996082955390549
1.01767265621966,4.121539650748064,8.643648039198146
3.586036783068132,3.3055120466947403,19.59125388772311
3.432325978103577,1.5472122186858313,4.1082636286930025
4.5764448368102215,3.518624448665735,28.32983650814607
3.6045020299966173,1.4859399260725628,3.979401715441518
1.4916346146948882,4.3478389473982695,14.098709252597086
1.0241249454902088,3.346728803360196,5.735403697653465
2.39327802920644,3.32804381125772,13.253824875400385
1.8470355780881342,3.7928500762202733,13.285460663641178
3.8067877250194924,1.4600800522698894,4.057719292841046
1.5037584248075349,4.534856051047016,15.462335404414246
1.7204104824214377,4.179546304609234,15.02658756675489
4.213300538729152,2.240025235372016,10.570566559127844
1.5220389287704066,1.078107133573806,0.8845443322498575
3.7634978238764907,1.3313324739507246,3.335298625890491
4.744749698557467,1.7018049891236346,6.87073022029941
2.7168190424543117,3.258976840868609,14.427572503281095
1.4311161124131742,2.9362985465931777,6.169433622061575
3.888690881803489,2.059591171062316,8.247749630704568
4.832328006949505,1.924245321298403,8.946378915553035
4.489331218067366,1.9177342312158507,8.255216994451615
2.31636680919186,4.197255407952336,20.403662557338652
4.9420362624347405,4.986944956718302,61.453281939792625
1.110914522951758,3.7581390546246873,7.845061262778362
1.429668068842766,3.2938227477026136,7.7554262246076195
1.3547175333023995,1.1434791672852778,0.8856768016720421
1.20441050688793,1.0964381988583427,0.7239571387101057
3.405032392033591,1.9905944276882037,6.746162840031246
1.4701029057201294,1.5613637115848507,1.7919500649892535
3.5080917478564277,4.311383367095242,32.60425125356195
1.9313330330676046,1.8292333123485038,3.2312114304355375
4.685723940310601,2.6851713679541285,16.892375164749946
3.3713290959325546,2.693566964577999,12.230007039490602
1.026398938009252,2.1638990404574456,2.4030355018384917
1.159490512920725,3.9641492581868967,9.110394855795626
4.376261778425119,4.460744726521227,43.53996127665404
3.174901999964333,2.6028459376888495,10.754674107694951
3.219534629438264,2.460713781668246,9.747321892110413
3.062928033649772,3.6618881520906075,20.53605162636049
3.5056884098309165,3.76810994845184,24.888025898809246
2.08043438131305,3.5532338680775806,13.133231892422032
3.485250645320357,4.6516487036965835,37.706640353209906
2.8266279652389343,4.876544174360513,33.609571919551186
4.940422220544404,4.801110491030369,56.940001240810304
1.3894997400288909,4.792290786654757,15.95566093577913
2.598859580581712,3.1636953715215244,13.005951713960377
3.8664316583957743,4.892967860396098,46.28338015123805
1.9447556728756727,2.796242952575732,7.602997653163447
4.509550016064214,3.9085507034568363,34.445676046135866
4.426797291747343,4.588313821190937,46.59784883776905
1.5800669229650532,2.3678862656403794,4.429627054633326
4.528672562729781,3.203615869261692,23.2392334075957
1.546079549800754,1.094278690301823,0.9256732719230962
3.295832421039691,3.7414850229219305,23.068701426634004
3.5450327714326892,3.0470890081685367,16.457374035814098
4.869538705497801,3.812995796662705,35.3989580961294
1.5733380244306656,1.2888928452568256,1.3068497795531115
4.910990391824486,2.179450480864647,11.663612981179792
4.919213069421378,4.723940870801391,54.8876382621993
3.158721120602166,3.921713602400241,24.29030889650563
4.466100114360435,2.566257883259779,14.706152036283239
3.6625365907560066,1.8824482625764452,6.489303320174828
3.5517943667666967,1.0103129009095815,1.81271536392697
3.31474432801314,2.305024926202737,8.805850190995729
4.92029290176737,3.320973000083947,27.13261488806218
3.3996131295624417,1.7876558432870633,5.432094640341848
1.3489393944307073,3.8201824592430467,9.843071835179696
3.052619891123302,2.1127228670017986,6.812833887222061
1.6800348304773869,3.4821636317040183,10.18560055653031
1.3487184292104737,4.2580883263684886,12.227020149124337
1.8234959126942125,1.3727212440516094,1.7180646739613656
3.3489019960661497,1.2672198602205564,2.6889107289719756
3.6618021620831613,4.857297606579488,43.197071782572166
4.888524953746227,2.7653666523708322,18.691892879659548
3.290542587443524,3.212310435568488,16.97745302337572
3.8968982826949623,3.313897619976535,21.397707597911594
4.103817690698158,1.708785766005232,5.991468758584448
3.392680490677066,1.7690643601162703,5.308847280526349
3.4148942543208913,1.1833352048347798,2.390907831558378
4.022977822439524,2.046651984938587,8.42569326639273
1.8006896171724196,4.310814190268112,16.73121470369913
2.547606062798864,4.374651736550007,24.37750463579069
3.2589997539990145,3.59203108774067,21.024927425826988
1.4588871544688162,2.445608604028731,4.362803088827997
3.9760126080902993,1.3380076734272848,3.559057179799241
1.3184850356106308,2.4439912474999144,3.9377170120253666
1.1680438002784475,3.5917543261791565,7.534290824649227
4.447695611882695,3.587580491681774,28.622553087061036
4.536549902646155,4.459137776081215,45.10217432065866
4.0941007066757695,3.8401318201996113,30.187058116811766
2.9774311884019697,2.3722911069572885,8.378141659136482
1.1478435264414393,2.3825299227019783,3.257837522820939
1.420857056671513,2.047610281194299,2.978619277316468
2.0571645778591496,4.2592661103986575,18.659869043558878
3.073089005519586,1.5753726348673598,3.813394516197561
3.727464892352297,1.428957746206641,3.8055930046192157
4.832002625762771,3.7471497744219144,33.92339197393178
4.42523963973199,2.397977611194088,12.723220279902074
2.161110826766262,2.8932077533290097,9.044952363885583
2.643590832008318,1.580167793198422,3.3004309646937617
1.9441831113827632,1.48533118358338,2.1446368715924415
3.2659295217622812,3.7471374422669737,22.928521911510785
4.649636332367321,3.692364332493477,31.6955348547775
3.996096301087843,3.0168569111928507,18.185086632573103
2.293463001488519,4.391247193082813,22.112483056552616
1.184996389119783,2.7976526098466308,4.637400493361442
4.7523978210933215,3.981967843727748,37.67717128968835
3.926530063137337,1.8220920788931698,6.518078274791501
4.101238020626824,1.3231145584138515,3.5898795354540582
3.2234405720059067,2.551991273388167,10.49658536662356
4.941269291289963,3.2840054889211148,26.645033824464903
4.460931290870013,3.1749862495289864,22.484292993232142
3.6465508715342496,2.951962911185448,15.888177178588126
2.489322500210204,4.103445117737186,20.957932024253402
3.9854544324714,3.9237214952639894,30.679211945091172
2.793644070316074,1.0393296941577908,1.508855841053891
3.0668722734980705,4.332077205883676,28.777831774557335
4.2299135443064895,3.228985883690528,22.05127919675579
3.578226177730476,3.9805616661501304,28.348266415986128
2.6272714422230714,4.725001663958407,29.327759152287026
1.195647247100002,2.526320015016434,3.8154854191768943
1.0768160928939228,1.3317370099900425,0.9548793034601405
1.4256349125390955,4.685704516197902,15.650496619221084
3.3037844744753597,1.6643970893096842,4.5761010660225665
1.0402618629191496,2.1218475163612913,2.341752663444464
4.0487622918775745,2.734950391308038,15.142277127215278
4.701566697290116,3.932352794139485,36.35109970156611
1.7148423707696208,4.4083558194077215,16.66278123187186
2.6791621020332346,3.6777688976426948,18.11915194911401
3.6548841577156272,4.604805562681249,38.749509955139956
4.884370428906976,1.6425651004551205,6.589064819067359
2.014828643561057,1.657285176087143,2.766958287742978
4.112186449113901,2.506884457612714,12.921455536836255
1.4899000343653794,4.652982552211368,16.128351599909553
1.3802873404112623,4.024658888732432,11.17886378038179
3.3204966398418314,2.8924384768396303,13.889970062429283
3.3411883495990584,2.4126790099996835,9.724562112234098
2.6195409684619877,3.970343106315238,20.646729939870735
3.2657325615971677,4.842458100862331,38.28973531380257
1.7656412857349584,3.4473187587578398,10.491446368068075
2.8434081749651154,1.184047438018676,1.99318411307103
2.8720059776758053,2.167682047949844,6.747556126089201
2.710613230767861,3.4715928628154145,16.334097057403753
4.878511337133238,4.543581586529258,50.35631998803416
2.720754201314769,4.278337144515405,24.900571976168706
3.459421239876246,3.3512666005382665,19.42635891828555
3.5648602501379156,3.0523986214681536,16.607146281957824
1.3707923689778938,3.468862588068685,8.247377534596515
2.847781784005462,2.9243244252214224,12.176649785828104
4.584889127595487,3.028276544929681,21.02276849825895
2.957212302399479,2.328149881642912,8.014462116279462
4.715678298269969,3.8352485649255224,34.6817662295976
4.7335882726313265,3.6617931806876656,31.735701878259757
4.432631576660432,1.496011175081208,4.960224299999096
2.88020541633363,2.532129079925069,9.233474387119589
4.3682324538206085,1.8966752352617133,7.857089366560157
3.4030841047319376,1.0333346467627411,1.816873410174807
4.666444671477188,3.589979681567066,30.070462400909097
1.6390642430296278,3.506396998444428,10.075999845058623
3.4924589598921343,4.099537265403825,29.34749199729732
1.6552247515454583,1.4511160324400398,1.7427346134283959
4.660874006442673,2.830464410039586,18.670363113129888
1.1366181173392667,3.149265720630592,5.636417966073926
1.9611750613847567,4.245679726506424,17.67587112187066
2.344464313304684,2.9449845336737765,10.166692014294162
4.245748879804312,4.99682974745085,53.00458185245979
2.65519924616695,3.696814384441553,18.143556069779567
3.073413985575907,3.2798932855307483,16.531432761715287
4.344036477674901,2.407698265837823,12.591213490939921
2.7641294154404714,2.8412860017589017,11.157278670071522
3.542830994877715,4.83601801111597,41.42821859876927
4.480335983402133,4.882176015794912,53.39584372436956
4.039132349993063,4.469103096156456,40.336557882019015
4.495718339544048,4.541553518052421,46.363687664077425
3.6908935732522847,4.611650928819616,39.2477152697931
4.552988897971986,3.189337453550646,23.15621331408984
2.012574711689603,1.0796373376712758,1.1729454283740726
1.6934159986935837,2.8916822369169566,7.0800250982274635
3.9376493755509885,2.6003364026819153,13.312699165274843
1.6834580533496206,4.0324190873823875,13.68685377661414
4.96687300112859,3.0180538847869545,22.620752021957188
3.156094494671364,3.9029778594494386,24.03876640821719
4.50299781197668,4.161849630754892,38.99819532443885
1.0451156198935347,2.8102168858616836,4.126805692654517
2.9801119765470028,3.7118878770104335,20.5301577138118
2.3899329691988904,4.381357635306353,22.93892882899945
1.7439020524935565,1.3644138102994545,1.6232458691161025
1.559309664158142,1.2337320545605053,1.1867085520195517
3.23955770015323,2.8465917093820696,13.125204666589449
3.49249880773016,2.2659923074708956,8.966503725402966
4.2405276086355785,2.653771862626236,14.931968652850585
2.8141481490268205,1.613924554277058,3.665079666697589
1.9442746152828145,1.7240472685451222,2.889521617476296
2.8715028665377353,2.3518697841650127,7.941559672633261
3.259609625717896,4.65101887696481,35.25589956436262
3.9188739744497085,4.7052953007273715,43.38155058699592
3.2759783408356986,4.763151888249064,37.16206916404886
2.4417111175222206,3.8185159258643466,17.80137288576266
4.1228145251111465,3.982280420905473,32.690945296442855
2.130017239175277,4.73668645820159,23.89474490330563
4.970663506006215,3.6248852635014055,32.656745202116426
4.921184843730895,2.1994668271962605,11.903495569083468
3.0245154640771545,2.5705672496794607,9.992720815392826
3.6530180020779244,3.3294413755882752,20.247180817045606
3.653657816986238,1.491569255803486,4.064290308790825
1.9628604021495168,4.802096389207278,22.631907758938507
4.002570797931311,2.805819135182685,15.7553614976299
3.471195465325038,1.7007392064746547,5.020240477047468
2.077691159341503,1.7620767857661832,3.2255268063599343
2.938616483895041,2.668009095040272,10.458936498546677
1.6224985649947135,2.1050430539941853,3.5948128983487826
3.2942976415507177,1.792221184501424,5.290735527846986
3.703978798711255,2.458248219626019,11.191542881285788
2.727724354802725,2.1830247410504935,6.499617528367254
2.9060546906531624,1.7646527791599116,4.524726326569764
3.7486382803163596,3.1595436525581473,18.710795842788777
4.182757867400639,2.3740359295997235,11.787109118200043
2.452448916316846,3.739186845501707,17.144479659434353
4.489353136520632,1.8611343530920728,7.775158015504518
2.4397201983929175,4.489743696103345,24.589694024971948
2.122644725152224,4.242793850715801,19.105181884243446
1.7916435047398829,3.048598480845914,8.325724991842558
2.7424730429385167,1.0238080541811452,1.4373067172733587
3.3865505218847973,2.9823206220132614,15.06039027904185
1.3431662757030574,3.9563930278746704,10.51232160926372
4.143715608307956,4.913644837865538,50.02273922495643
2.8415084732169515,4.555845240913729,29.488785448280368
2.116753305778643,3.4175672569704507,12.361591598953584
2.4811328459902393,3.6515496506259875,16.541482994567865
1.1557650733236264,1.0856484898130652,0.6811112217797053
1.58195680139597,4.437691831704315,15.576823697997144
3.663341217949769,1.723640330648251,5.441776132997859
1.4806116584412319,3.992627626501634,11.801271015943334
2.412455015245511,2.9013216971994633,10.153622197854984
1.0362473448625895,3.5936768750647774,6.691315153151783
4.241739214007202,1.2817418858788772,3.4842966400036435
2.5978304505423035,2.4263509440533575,7.646946311922254
1.4567682529409351,3.785052870487618,10.43528640516164
1.5806776096742219,4.117436658370201,13.398838717035193
3.856549570819729,2.65773306634119,13.620455819230399
1.0243561932861187,4.559770056699694,10.648952417510378
4.994126179290137,3.2037917456488643,25.630558598950866
3.138679511722818,4.416618145885882,30.61235081636043
4.863519402613994,3.2395034512747687,25.51981672309175
4.967211720757893,2.131104613195557,11.279561443788673
4.556081878949255,1.7546142019190545,7.013338571651413
1.4484621323594524,2.6940199823028657,5.256283432596239
1.1785852626158766,1.8499256317466322,2.0166918826548446
3.301575348126942,2.849265931822083,13.401616565127378
4.354432927293471,1.5679387864429741,5.3525387079604485
1.3982798364241504,1.5173810356498514,1.6097313539543348
1.9698172356994244,4.1615084118479375,17.05679740796022
4.023522220425083,3.9532570072048387,31.44028739444601
3.5117669143983603,4.994871828075672,43.80708788398527
2.522613027153839,3.3114484275979277,13.831097091452401
2.4959313036887902,4.950390787101716,30.583106694813054
1.5222123343101122,4.46366510489249,15.164512301233538
1.753591896739748,1.7506279645865432,2.6871150264562376
3.1842245185225235,1.6586542795431405,4.380114198595075
3.7504474753298336,3.561826007068702,23.790221917450662
4.655573099103009,4.118011809407564,39.47465380167007
4.448048594804782,3.2531286994808637,23.536507385574442
3.8023992701911515,1.0595440865911483,2.134350726469237
4.366234159077046,3.7635874299556678,30.92295910229575
1.145805830994414,2.984711419793976,5.103706917151542
4.7960903428812784,4.065951674451172,39.64439409208172
3.6400259423072305,2.687486512357546,13.145196117712155
4.121586626463827,2.8608120149567564,16.866038163094217
1.7150956288524433,3.2444302271414855,9.026829140521444
4.608137841845897,4.311616708316328,42.832730267873224
1.9008006141374016,3.7334256070673764,13.24712309210337
1.8717816614965948,3.189079802845719,9.518224993230172
1.7127020718539958,3.7007024264771142,11.727897379312644
4.2055168510769825,4.013916804304132,33.87865148554561
1.361809337778547,3.8054247591340564,9.860355909478685
3.1534713942297747,2.1589665513969867,7.349380419127055
3.719977826479036,4.113710324056105,31.475871875304197
3.7302605784230334,2.5314136173112183,11.951857292480188
3.5599573680816063,3.7442536176154975,24.95429573467991
2.7622582062483056,4.874601177508745,32.818026013957365
1.6707042918280548,1.9767338701748804,3.2641191245566152
2.702968604378654,1.017252865215502,1.3985205398553058
4.490146148704017,2.686956443436427,16.208832492887183
1.7616490908138647,1.6055824856503316,2.270673295619133
2.063857008489183,1.939593818945112,3.882139987568975
2.6866247670971943,2.0385489923606963,5.582379084972417
2.0312442614211603,2.3857676271154835,5.780806575961111
1.2275441369569569,1.678828502178368,1.7298951787443946
4.524307687849457,1.3648221198149302,4.213803136324027
1.4450134290044745,2.8901532709423545,6.035088420234488
1.5368437745787231,3.9356541714204933,11.902373815299256
1.237306192109569,3.5327170545078665,7.720846185899619
2.676367168705876,4.741424708699936,30.083850042660387
4.2847865338023166,3.7260430910839673,29.74369650435
1.4372490892972634,3.6623875786245272,9.638970502282842
2.4145714574512156,4.591463962423786,25.45144397304596
3.7607436328301493,2.972610659569851,16.615744094595208
3.400076063568392,3.1972295774236072,17.37825962171072
3.9538593066172867,2.492976126858687,12.286479349125337
3.3945026979661446,4.990706144047172,42.27369023041747
4.943500632184735,3.2893179109082786,26.74338016953951
4.734489209120088,4.004413532958995,37.95954308183887
4.621079684914435,4.036551108753067,37.64734666701871
2.790541577505512,4.7592094018719715,31.60298679788259
4.470471306714766,1.054003081824019,2.483173572281365
4.79056815765025,4.540573372577613,49.38310848965027
2.9822476006813425,3.913302782067128,22.834978419047914
3.8877399460708832,1.978149127285055,7.6065069921192645
2.5636032014604866,3.8661869969925715,19.15960367668504
1.3883668031310124,3.4207720799629895,8.12311315312842
1.4720540538665086,1.4499156149606645,1.5473167113263966
2.0977589568897193,4.992642643195087,26.144873932018292
1.2100135825915568,3.0964806086125347,5.800921372754575
2.3543848024687892,3.5669257530457523,14.977371041830976
1.043235474402588,1.9103201109845154,1.9035515672022072
4.535134726511682,2.1267158508039663,10.256026481700946
2.1926313551344965,1.1313365632261996,1.4031990143401345
4.787292067432071,3.591923796444933,30.882621399904338
1.8550001071700275,1.0260006441995513,0.9763582724680256
3.1699592896141926,3.434478559756552,18.695854016634264
3.7269730590492434,1.2652757973555806,2.9832981534353324
3.688106415322855,4.744657688546011,41.512913815233354
1.6292835392593839,3.8833614580894427,12.285202122809036
4.472528405041311,2.882741374882637,18.5837979330681
2.009967859431017,4.151502626478722,17.320871957011715
1.8978533642129403,1.1883035781732838,1.3399465291503516
1.5714183555666166,2.9309791276766957,6.749743627870803
3.564624146195578,3.994021244849982,28.431808819336478
2.0686814752139804,1.6568829710440016,2.839535473571554
1.4115078796908858,2.65110449411374,4.9602892592022005
2.3950462591691415,4.213233888408903,21.25763998974366
1.653565141393702,4.491626768391111,16.680099445578573
1.258479637370042,2.9764890182013115,5.5747419151649575
3.4806801790423356,2.75119571751339,13.172769668421942
3.08198248919423,4.151365177431764,26.55718551173197
4.4305731747551995,2.126822781470633,10.020572285698547
2.7272750298934083,1.5749039871387525,3.382260903855848
3.9889910448468915,2.267661025553336,10.25626745274815
4.997326879311139,1.9027504006309934,9.046308755709061
2.837351427927428,1.575692784869935,3.522299060616321
3.0140632998146097,4.796121412972047,34.66591841208326
2.09719610201539,2.679837399145819,7.530536773529699
1.6951142486057984,2.1786582933091134,4.022973928728214
2.2425997698756923,1.7250806289149443,3.336879889123795
2.0310198596567424,3.629329109711186,13.376327044284325
1.542856805271788,4.366158199083774,14.705999934377221
1.8424272089149998,3.096964250346483,8.835532470475371
2.3146672947159765,3.243715837254806,12.177108679698085
4.442234181080191,2.411481420551788,12.916334817042927
3.0673976125324613,3.392636197863461,17.65284315523241
4.736260555217537,3.506532618684988,29.11798760562008
2.8943658627166347,3.76462575013305,20.5100655624735
3.2345704678291116,2.8768900864262013,13.385455690198475
2.7462277769655885,1.253085618620478,2.15609578868559
2.095394674514661,3.018319973163921,9.544790387595402
3.9944353283971563,1.6708343652386546,5.575607540113887
3.993344678124652,2.71190730901307,14.684409418482062
3.494791157705971,3.7015649147020016,23.94208523902934
2.3319724094895222,2.1294254466160507,5.287109332390681
4.8031285465768345,4.555445965293645,49.83747299935202
4.950953084390635,2.8982343705148743,20.79341494566943
1.3781491112527662,4.8413408442914765,16.150929904647484
1.0414208112282406,3.874020579723671,7.81484022774582
3.5589470892671784,1.2155624790759472,2.629336123844575
2.533052750627249,2.0960203729214495,5.5642321024906645
1.5222493239743646,1.9561001915916183,2.912312574860615
1.1045350388948179,2.6004673467564827,3.7346706743432923
3.50377005568153,3.5382196873491303,21.93184613372016
2.2825178935780652,3.365395022106138,12.925766051351312
2.4281054457794506,1.6024569116368976,3.117527323964071
4.046754065919627,3.647115836311293,26.913856373727704
1.5791892228248843,4.094125262068869,13.235075645169482
3.2373590009931585,4.529989894431846,33.2166119613609
3.5758642086011694,4.181396259333964,31.26033843002
4.514722370372849,1.8983497339021946,8.134924088960442
1.4225360817528112,2.321718096207203,3.834001407697259
1.8450637884407257,2.1549356667665815,4.284005387703613
4.557200518191427,2.828677711075573,18.232032200852103
2.723983502026725,3.7388148665217957,19.038923947129952
2.72009147590275,2.323984749233509,7.345477982286627
3.7697995034453458,1.8881544826577437,6.719907657591975
3.0608537682640633,2.5354932803076493,9.838695368155488
1.570369630235112,3.7631596270012544,11.119292982290611
3.1909429857743805,1.8775475914198339,5.624332107717788
1.8054860404718358,2.697031482773189,6.5665336082591175
4.176249241926319,3.7177760749158852,28.861763966811186
4.945049720721901,3.1828941624054194,25.048692559060505
4.3957473726480885,1.3099374635181276,3.771410929801752
1.8890851098068366,2.294692196187966,4.973594871591611
4.948642332364601,2.7857757128543383,19.202084026477095
4.578689396167547,1.643301434224393,6.182237089280865
3.6450138900398903,3.89148221941536,27.59937789002642
3.78680195084421,1.5519444713374977,4.560316160515593
4.14807313006532,3.969387896883474,32.67860365239575
3.705852097838484,1.1001838035372975,2.242789845387768
4.263003355944435,3.8183419794243165,31.07673062260525
1.249798988692803,3.289206954843537,6.7607141360234415
4.015110219390683,4.951489896011131,49.219734910326714
2.127189338461955,2.6976875056899314,7.740329220652111
1.74123759562154,1.089634189784154,1.0336880210569148
1.8725073564426538,1.1045194408362322,1.1421950287867702
3.3507932477548867,2.8733828791538545,13.832626017398217
4.103901789451422,1.614075070941949,5.34582113173059
3.883499526423721,4.957495897712176,47.721928737387245
1.4436345775048083,3.2882025853645107,7.804487922529649
1.7588616184365575,2.5749091849164647,5.830764608876575
3.521476535218817,1.3360806122282347,3.1431139581025844
1.8681050615241284,2.176783199903632,4.425900593803661
3.058404323612178,2.305891508689553,8.130975330361618
1.4863481193514176,2.4090887228701434,4.313165588287461
3.1420901889295796,4.966727377943398,38.75513871777395
1.1741881987533151,3.8493983089245445,8.69948248110108
4.9969581548764115,2.7222932275135925,18.515929666187617
3.890724786828569,3.0714571996689717,18.35225571054814
4.1131627047091435,3.8610371555974554,30.658708450118333
4.057389731082118,3.0765712460240233,19.202186505711946
2.24411345999939,3.153127553724591,11.155727422965658
2.3636711125563274,2.6999366503361597,8.615176918030627
4.078491424254345,1.8372875207937165,6.883729692163093
3.8310902904070927,4.370989347972692,36.59753948816172
3.7067199110501443,4.126836696217962,31.5641677340259
2.8445353189909466,4.065265976163721,23.504946408317835
1.6468400388763205,4.214857739116179,14.628077857431787
2.163633302747517,4.608990534051879,22.980807992853862
1.2266660311174968,2.6467198577353632,4.296475057218488
2.0078644536829477,1.4036257347768704,1.9779123398225729
3.272304068748037,3.5967908120199827,21.166742036049204
2.5799742233065777,2.1999425691798815,6.243211650578517
4.266742213535519,4.236868327661157,38.29625828826684
4.995789430650651,4.741602906655346,56.159662620670964
1.8779405184823958,3.2261514275682885,9.77285225515638
4.348850315460122,1.3030440947038127,3.6920084717787063
2.527293674236543,2.422602520981306,7.4163470459731275
4.269939422815508,4.734465248773059,47.855690220900385
2.7022562427498578,3.044761877545312,12.525734436479254
2.101820238547602,3.023357028398936,9.60604122329854
2.68226572234603,1.025799482977956,1.4112266059179106
3.3701582125305145,2.029810832833514,6.9427483770499965
4.2506756298926796,4.719422092848742,47.3375320259292
3.300911368199499,1.249964536924658,2.578690682895836
3.865019061358168,3.3662046803165904,21.897910853267597
2.813430995397217,3.5742813734654577,17.97147602719119
4.1027704343027995,4.871969433447539,48.69185626257318
2.300589701623265,1.9602362748198967,4.4200381630722045
4.5163645970472714,1.7794882888036896,7.1507116736345395
4.61394850402826,4.248667835619483,41.643603735239545
1.8560064750237948,3.797484010997995,13.382627794979024
4.109345046997977,4.507487016609126,41.745684082168836
3.203403806412963,4.189965541074786,28.1191762680645
1.8916327406154338,1.2403551540403939,1.4551204283384747
2.763026139088492,3.174495338607103,13.922088341954142
4.3059928916619885,2.499025074964801,13.445734782142571
3.44541191384125,1.1770233711158058,2.386609297249075
3.042560539502605,4.357168927589004,28.881385836760142
1.3510996030217615,2.390712100555173,3.861107827650959
3.375046044926508,3.576011137731666,21.579800829429775
2.2450562210515037,1.7215795633422375,3.3269894415436863
3.812550500406039,1.4251539041854429,3.871766368754387
2.493455420038747,1.3699322731328643,2.3397518873782124
1.4132955666982694,2.8671084751531337,5.808864552452102
4.3480373812510535,3.065750696305507,20.433226289507655
1.0919228469846955,3.272951507893504,5.84845427915849
3.327099277668968,4.67854772341788,36.41311997425386
2.802610912601172,4.5685985064459596,29.248176842756905
4.817129076092209,2.4559293604183448,14.52747142974474
1.0185496676899652,2.5091116696091893,3.206211712944133
3.3013617748337616,1.6139915493162391,4.299972080509663
4.354809366647852,2.262325165436953,11.144207906479473
4.710761387032166,3.6289417524378993,31.018522397289342
2.8296809742486038,2.7254701007562834,10.509700095702119
1.6403302898642993,4.6378602841164955,17.641545598164306
2.5603867228363733,2.4986410973156494,7.992512581913263
4.853062522751442,4.237012642682598,43.56175925261217
4.513145153488925,2.5842390959088055,15.070049920604871
1.1391823211525423,4.926145263849856,13.822215813174505
4.762017408783846,1.251586793945941,3.7297775212833812
4.704891758370109,4.308832818466524,43.675604896525975
3.463430249033489,4.194075698529707,30.46133827443383
3.837163439391326,2.02098625867073,7.836227275402928
2.2719866207722266,1.6791121632782975,3.202839597387815
2.560818315483977,4.642378860995403,27.59497034327583
4.006268655126811,3.9989539560664626,32.03338850076865
4.063759640404506,1.5405497906165762,4.822247489821618
4.182536740990379,3.7777758603096916,29.84572570629088
1.6931492096990453,3.3360229959796683,9.421570623303452
3.7425901973506446,2.515159329822409,11.837862298195505
4.821642646999978,2.4750334909656972,14.768187039103228
2.7342747693210487,2.8263834676509947,10.921299762589467
1.0570931199278588,1.0025306425370473,0.5312250696711631
4.496111846465382,4.900936971400946,53.99646705867625
3.8498607905194953,3.564212395550271,24.453565019669483
3.7799235442599532,1.162464884656747,2.553951850971969
1.971426223056298,1.7522742238514493,3.026597565197183
1.450285547177983,1.2232369543743098,1.085037402102236
3.6395574101031243,2.569290076387266,12.012816900242619
3.42858206230451,1.7760056850264925,5.407210244576924
2.476933931452888,4.922744662117163,30.012283954646552
3.6353126853900206,4.783871635384395,41.59784303928323
1.0167415654981213,3.9387567490505084,7.886765053086502
3.496881216140005,3.145025234206814,17.29414728456883
2.1152794834412494,3.366696681301558,11.987972643171139
2.3611297481036675,3.4003239168114585,13.64993042061266
4.097545296509784,3.711823300830538,28.22723604306196
1.1199216532048815,1.0341519640996752,0.5988614647320347
4.772399983111111,1.2692341575565749,3.8440616347118377
3.7478166486471185,1.1799982382318883,2.609222159508985
3.8928985468407764,2.5101887789914534,12.26466972947076
1.2869565476575384,1.5154142940943673,1.477735296918552
4.562053553106974,4.5341136754639235,46.893774618437114
3.2956532145775492,4.741956159630286,37.05327333211719
2.1526669631276616,1.8218052024664977,3.572323051314888
2.5779296201623696,2.2062295458202095,6.273970229479291
2.718463525936242,3.841679394056518,20.060222744066742
1.8740639631199612,2.1511318879478973,4.3359921806474855
3.117697356006894,2.417638926448262,9.11143619502131
3.1285291774844297,2.162464858789766,7.31489895547739
3.1016193681532833,1.8836388208685917,5.502420407790897
4.001664828398747,3.173820451803895,20.154657542232645
3.9538430243156233,2.3559446468457343,10.9728537840652
2.99058144851561,2.4319998099094176,8.844081022125959
1.3752617125799933,1.198337199181545,0.9874461907311405
3.8826604717700515,1.9333588652981661,7.256452671389195
4.17775983994205,2.7749553084425993,16.08516281600157
2.0350524712884694,2.134173988926383,4.634525336225083
2.6575905435931353,4.670213234653378,28.98220970766363
2.69031721591515,4.698320951174015,29.69332672443498
2.9479404416174906,4.1357692879324155,25.211652766043805
1.2749218298754292,1.6190879258621371,1.6710691818223369
3.809115046504486,4.493268480012716,38.451991044448825
2.3584362788921815,1.025514478335273,1.240160068360267
1.8045501782926276,2.058024428847206,3.821554154185373
2.0073181764866592,4.303690720244921,18.589526547154467
3.533965964389627,4.2362855700063555,31.710480562451828
2.354718450441177,4.911616988982661,28.402592105043645
1.5678920430388064,2.3662362063752767,4.389371617443599
4.179317065827091,2.533917466232587,13.41714937606414
3.4796710155663924,4.278156806307352,31.84355800780778
4.208460951425147,1.5182233654490704,4.850255849301759
4.862139941230381,2.5445082582221428,15.740016679653348
3.07983451560893,4.654901125247207,33.36708804163644
2.2946899230211972,1.7092541646054928,3.3520254419387694
2.6796763630182814,3.7353028710112297,18.694075530690384
1.0688823764625797,4.492918727256564,10.78840014655626
1.1204418292023588,4.790187293961175,12.854769897377636
2.690672762663234,3.4198654195002174,15.734354051642523
3.0389555330735822,1.4477283068811788,3.1846996627041166
1.2127468033940585,4.120359139690665,10.294619195485616
2.762909717652686,4.857860404570906,32.60068757389947
4.0239135830036385,1.0090167046393135,2.048402805797648
1.4983018998274802,1.6316902843853245,1.9945493659744276
2.7713958840292956,4.535124457887047,28.50013990058853
2.88238351621426,2.8891657648477027,12.030029433348293
2.512320113137219,2.3571667790749413,6.979520753758814
1.1374993442138432,1.615204075519273,1.4838020364851785
1.4151849097794371,4.080909588760872,11.784119550561087
1.4358935996304711,4.543234365847381,14.819124461295877
1.7746636916634526,1.9626293372306982,3.4179258845000673
3.478704508226527,1.213632218630142,2.5618974350841808
2.9646953073511066,1.32617798306537,2.607076034602627
2.084146392818388,2.2333958273534904,5.1979204202043805
4.693340443749085,4.6868009634123045,51.54720043583776
1.5913479572378324,2.853216665336505,6.477458800485031
1.9619980003533524,4.339202083351413,18.470911075130036
4.093289952672176,2.518271223996616,12.979187893222326
2.196815111972728,3.1644161293340893,10.998936398537271
4.0938255956666545,4.5896217821166125,43.117456845383145
3.908949841970867,4.787363539549743,44.794316877934655
4.547228617030617,3.9719827825285954,35.87001087048445
1.7070184452487256,1.8906227446137005,3.0508297642015094
2.3022494443936345,3.7760560072879374,16.41342577845889
1.483618622519077,1.8084827494829212,2.4261688440677367
4.607374555945447,1.3484082546700993,4.188575315491007
1.877514137371564,2.099544481643885,4.138122859171329
2.7017050976767716,3.161336087624769,13.500482321728017
3.688863612039365,4.98654725164222,45.86300217969646
1.4265431070294419,4.455288639699253,14.158152791136636
1.0655312264491372,4.576624751557446,11.15903901730508
4.947892252373743,2.7345273226098015,18.499277714655573
2.800100336344349,4.439464851090381,27.593376186581775
2.155571684257274,1.8153690605105508,3.5519131111279143
1.8303378195244013,4.868549157595936,21.692039002830413
2.481782890708461,3.8776546406351127,18.658298790477353
3.5226187930097885,4.290609520727352,32.424526016904075
3.9015378379025103,4.299680092560651,36.064350547841144
2.1752667596158255,3.7057469247416583,14.935990940128574
2.876602326762571,4.049413995099748,23.584908228885443
4.814011637704834,4.5486966649717475,49.80249412505814
4.897505763066134,2.4039438531323354,14.151210789744077
1.9136988743440018,4.989764621694392,23.823399011978367
3.1053463516902733,3.1956872449241893,15.85654588578293
3.911305994972917,1.5238121396846425,4.541032981841256
3.4323052995446828,4.963284965709946,42.27604357350873
4.365400278159492,1.9175538774171974,8.025816508853618
4.9671135198914484,2.5453346197686386,16.0902895313613
1.2705875697632778,4.79923199053663,14.63248522666115
1.0252986252814358,1.3533660685461357,0.9389683351799205
2.4242712819841192,2.3903238724951303,6.9257166420014
1.7558204914575923,3.085128484405865,8.355965315178924
2.506466091747516,2.640040360421132,8.734800106314536
4.103188636304516,2.9954042110785197,18.407820029027352
4.2067996889432955,2.9612115219643935,18.44423719012248
3.793821771094741,1.6061399341585374,4.893433483663178
4.593261333615288,1.8398149864286677,7.773909203300231
3.947987317217549,4.119881321099239,33.505427590176346
3.76949251264333,3.5431224333580973,23.660570322866572
2.654124522633732,3.722480511541626,18.388917504160542
4.788138490257667,1.8503764790060693,8.197037202976798
1.2502444157024013,1.3492333332214708,1.1379915880828055
1.112034271027189,4.51765747729946,11.347881092325437
2.7511267632607757,1.4026092586775647,2.706163355080772
2.546395447776849,4.942424944298347,31.101119305122737
1.7474728704819555,4.65145367493131,18.90418011475045
3.961668978425116,4.165097018659068,34.36358243273197
1.0276215312768082,3.3791158989236303,5.866909310571284
4.322946943730551,4.8655545165166645,51.16990324103178
1.034427461239913,4.411039111048581,10.063565155799747
4.88853502112172,4.934955011136722,59.52715556459397
3.671720907837221,3.9197024021703952,28.20628287268844
4.752809003287039,4.385921675502406,45.713251168675946
2.8961036222436776,2.0524726979655443,6.100127028515116
4.504997582046052,1.1758733694858146,3.114480931224908
3.586705434050106,3.700175669217041,24.553330024236075
2.9284850216560967,4.301937464550329,27.098247016075796
4.523511886675138,3.3996153808070066,26.139983619297617
3.5939474916950522,1.3256680151508355,3.157993909515631
2.0675865132714266,3.3883034820206257,11.86856736483782
1.191649187629619,4.439022800863393,11.74067799679698
4.495362344430306,3.3567648667813113,25.326580083537046
2.9012888920325977,1.3845055358075697,2.78067589903012
4.541905337739244,3.715942874849845,31.357840061810585
2.6492604782456963,4.3685415314449845,25.279448949412686
4.694892737491463,1.564900533725596,5.748693526555024
3.2916480583487386,1.7761935169572292,5.192350008415793
3.4543387174754914,1.3434005294703542,3.1170656908628085
4.257092243828838,4.2166883557006996,37.84653064563956
1.7443773524351447,2.321522910161156,4.7006335032899225
2.962173614142994,2.8369742455900813,11.920412930698955
3.9534158056874467,3.6693218750632597,26.61424304248341
3.4724730978229172,1.0842865309529097,2.04125386535453
1.525883715162366,3.481531597694544,9.247665760885074
3.918895607821078,1.9053599211884018,7.113572310659865
3.865730027919525,1.0700751363880934,2.2132479543755332
4.079981655140982,1.774492252249344,6.423569534362877
1.641699094743084,2.0337969380953216,3.3953045962997743
4.112082313433699,2.8815854724803125,17.07240936742297
1.0991179234079027,4.552747972934328,11.39099113027948
3.4203818454511747,2.1483451018823034,7.893192399500652
3.8787430829244114,4.256082267068665,35.13023430583355
3.54694004774402,2.5339702024774438,11.387459867654469
2.064059177121868,3.9926423629178327,16.45178289234898
4.057560379746381,4.808868620973607,46.91598297559673
4.866639903448146,3.683419652388829,33.01426392724499
4.62060958779376,1.013915477335598,2.37505015048981
3.7846411440774,2.328454876773445,10.259598444217358
1.344161308799038,4.572921753457944,14.054290793722034
3.2229578452239918,3.435340196086705,19.017968840474364
1.6904805235423725,2.574693819035285,5.603138488079487
4.293403413171287,2.9655319259851534,18.87890970434866
1.8729738215958487,3.525745582339573,11.641358199688623
3.4614251313509667,1.03751900408633,1.8630180712895286
1.867564222915032,1.0778571045561431,1.0848455882787809
2.3535646785900033,1.7775139644565483,3.718109575884033
3.1916251022064945,1.1612333215705863,2.1518939042236105
3.590923322404259,3.5518836612434748,22.651324450892414
4.418302046564563,4.813487118345801,51.18527420664096
4.864520293118856,2.4272253462874316,14.329473081590265
1.5698323682999376,1.0109062410708458,0.8021305171139186
1.9615933852892393,3.4207379950823875,11.476741920276641
2.4806351876480783,1.6737283090819166,3.4745840979357663
3.76963102574445,3.0207413360106874,17.198712020398712
1.2953758113628733,4.870622625291398,15.365077360663856
1.7967461993243101,2.9871727294987442,8.016363665690207
1.479657695021345,1.208632971150322,1.0807372891531015
2.7907962238539463,1.905355303328093,5.0658237676415006
2.5821588000620226,2.071311659085218,5.539159250372485
4.471733270513054,1.7431627479874563,6.793940950019398
2.782071239774191,2.3187057308361627,7.47875871292952
3.647713095139731,3.2769061935134762,19.584779894205443
3.683155064799942,4.075859333360173,30.59344488280207
1.0649067140271238,2.356113007194087,2.955791549929845
3.9857758939657004,1.4981941141170108,4.473207595335554
1.7541485308451032,1.3188427012223056,1.5255356771584583
1.9305258922579482,2.140333827693249,4.421897446493541
1.079188593675524,4.217994240247849,9.60017866397755
4.372872728379065,1.4182214106845117,4.397693087788723
1.730680619088298,1.4019971869412067,1.7009095481621848
3.7559003591130824,3.4766636216218636,22.69914051422995
2.4653504475140977,2.181921256831593,5.868496009097304
4.0317206899589255,4.700894163883142,44.54730022176626
3.9370810692648837,3.5158020895417454,24.33286248226058
4.636919223974035,4.440689466999556,45.719381201344575
3.984674625539606,1.0698252041199359,2.2802817902257275
3.899599594785309,2.382946690676667,11.071811277204665
1.5623266898856443,3.7373744206606356,10.911264261385242
1.3396035645777804,3.9037980965894907,10.207537751411465
1.530639865989679,2.81527864330094,6.065768010120709
2.559226354874215,4.603766280083526,27.120971296658375
3.2586096596843896,1.487386224821063,3.604540047012069
2.8173596863801853,2.0598368267673677,5.976926801632007
3.6922540053883868,1.3761129355653932,3.495986357227536
4.620858702259945,2.3587453535087186,12.85448874677602
2.677820093286479,1.1627335087210735,1.810138382903658
3.295436328071854,2.5057825899291606,10.345934014502346
4.290861759108516,2.948568965714582,18.65250253050188
2.1140320710413594,2.1782901078293615,5.015485905826158
3.503635894807574,3.7258622627703666,24.31882363802018
4.2182380421444305,2.663359796529265,14.96100499500431
3.6452624853516125,4.823013716485491,42.39706613282001
3.1554349168120366,3.244494517159268,16.608228849002167
3.4774160098997706,3.8936140915446047,26.359214464326925
4.694177952814467,4.418069818843765,45.81362990987319
2.356854118953213,1.4173397331127489,2.367285459901953
1.5052827214739395,4.769822858276419,17.12350172757711
1.4818807457300434,3.3812397332371154,8.471009856969998
3.2521135290658627,4.436813628996012,32.00943990787289
3.161747259927833,1.478096790160527,3.453845471952956
1.930012385529945,1.1049784024242628,1.1782506266055022
1.2398830048851797,1.1601019609374759,0.8343399389065856
1.1740455821928677,2.075307774320275,2.528249843263476
4.537173946411755,4.2865556463762395,41.68428588788516
1.4918311328821061,2.040943187168346,3.107073319872114
1.2998816344056472,2.305876528528845,3.4557785882610754
4.270433127921214,3.1258528830169614,20.863107622760342
4.035774334568886,3.893287303465323,30.58650012026439
1.7095783374750515,4.393181032157445,16.49746479030757
4.450933688353606,3.492658746354081,27.147724764401474
2.113330806961933,2.0071067814524497,4.256752942592377
4.6303775621321055,4.554299362532705,48.020818441872315
1.893041304568737,2.59086029785274,6.3535739086873635
2.679312403570933,3.3596292366110196,15.120845046252168
2.0151070427464886,2.689728422425592,7.289285986615573
1.1502891738332797,4.802334860446416,13.264226088533094
4.340170215714691,2.2758740945568356,11.240179105480758
3.533419378678619,1.115577980530921,2.1986953498019686
4.640913258903021,3.9070606777606383,35.422056188918454
3.6500212995666255,4.891027305381452,43.65817505181984
1.1022709437866332,3.9840431086350994,8.747952610900981
2.3983110458228185,3.0396327350231838,11.079438162706497
1.8717245519814245,3.903516848272851,14.260148820676678
1.8461411308242899,1.4110892294180641,1.8379930146796597
4.339152086873007,2.7901799865365415,16.89037590918408
1.1798618277753303,2.9514447709002747,5.13890366811093
2.892666597864325,1.3398763146933739,2.596556668012811
2.0196133524548383,2.668945687661414,7.193126696884308
4.965800147321382,4.491460500050186,50.088083026808775
2.0166023888609885,4.557816520368504,20.946137884971336
4.5501861689135135,1.5410876430024345,5.403234876803815
2.1349319229381614,1.9233105605288547,3.9486884365880943
3.2319014331014286,2.6981025339435627,11.763728998866139
2.612016532187877,1.3958990016285737,2.5448015404737037
4.483645677971044,1.5358107918989385,5.287820683541898
3.788489875106577,1.4588047625701663,4.031164123436867
1.566437600413769,3.526905875340841,9.742509606908419
2.977839790842284,4.5303366610983895,30.55851787905403
2.2076061366077186,4.737575345237415,24.77444059047303
3.9932012323771815,1.5108635023698227,4.557657243187865
2.680048352380953,4.627836473311596,28.699124146114347
3.6048011260864627,1.855084012896432,6.202667196516176
1.9245447510018567,4.907213519968272,23.172235243252373
2.733935026311516,2.347804165617735,7.53497700144971
1.1022509473437028,2.3610861466908806,3.0723744950103162
3.007255259645306,2.0373266752844157,6.241107175777131
4.113098018529097,4.600020672966364,43.51696817462692
2.288823278201224,2.27023252623217,5.898246916996376
1.4986067786676558,2.543686639579435,4.848248981224996
1.0272242686416817,3.164640767255973,5.143800453646717
3.7548606614292392,2.9816952442356057,16.69130661389447
1.9740955233853539,1.7568664299921801,3.0466015376154347
1.3323418546389738,2.765128390889224,5.0934996212333
2.737289344506223,4.482740938034114,27.502868589589013
2.6565108045805834,1.0542687560795216,1.4763327813445986
2.8065902793581112,1.2247575839201454,2.104986407245034
4.499361572075723,4.502956529228347,45.615916804858195
2.683640799401813,1.8793342279328837,4.739171632473117
4.804984965100158,2.723539561491928,17.82089099063969
4.9023480155685135,3.9350520038832886,37.9555330506746
2.794477303605815,2.8025946873849614,10.974662662928198
1.8286915287742995,4.0590627520506075,15.064752059259387
3.1773718855895035,4.128600271570155,27.07969236972168
1.7683718932191637,2.4050329599205003,5.11429379717885
3.2107053559527965,2.876665005156161,13.284616972121212
3.684524597895114,4.959787575847029,45.31871815411513
3.0616174384630375,3.6965910635351604,20.918172776063408
1.9998843188937059,2.1461874413966098,4.605854113049
2.2218398055964514,2.975945582704112,9.83858673454879
2.7702704594342897,1.7586612712189726,4.28407016220423
1.075979303524953,2.380960448887526,3.049848626756087
3.3365036657091465,4.992516699509123,41.58154894551328
3.9903295654647297,4.090529380374084,33.38395628598397
1.0420287758736198,1.0516630017697408,0.5762393440879581
1.5094296928063051,4.838538790548014,17.668974647516606
4.702273782265317,3.9572530760417526,36.81845553020127
2.153261329894923,3.3464160166698576,12.056648670040948
2.9628573232587954,1.2866103441457746,2.452306901081734
1.9370192915846576,4.4752267729225395,19.39697672960435
3.21470056325074,1.3309226686905595,2.847188199266344
4.251510657380198,3.9125713301939955,32.541518362984995
2.75897092938976,3.6678955461620575,18.55884939884462
3.531995188878951,1.2718986912063843,2.8569007201644983
4.255420370841753,4.736585975683345,47.73570292674407
2.070709302113063,2.856910768221301,8.45050164773257
1.99687103527463,1.1475124701482686,1.314724782442552
3.718164535252434,2.5738408590206188,12.315781925688242
2.893669805446324,3.0706369039281145,13.641932839853075
1.3816189224257065,3.517915697783758,8.549271965241456
4.161800524337809,3.76906291838419,29.56092636417933
1.1850867155037745,4.792530729039571,13.609743698411984
2.5585682777409144,1.3635158511536352,2.378413698267928
2.858138075873461,2.0777154358062875,6.1691501765641865
4.330800768722764,2.1569871546646793,10.074727938077404
4.96100965896302,3.055353088964801,23.155965270992336
1.6365919462656242,1.681222449596857,2.3129208713747396
4.669825004290301,4.90748805651105,56.23272287365266
3.9297123431454883,3.4269868269398938,23.07573991373517
1.9265022873373918,2.182114702825644,4.586640318830239
4.732592827038777,3.8117172475783727,34.38036634426117
1.7024195238823965,1.9677452905282862,3.2959025234173662
1.7506848326841409,4.9927083474646015,21.819780021434905
1.6220643647297952,2.3230225320372067,4.376681388007897
4.944981518239053,1.2136354587252525,3.64175890245982
1.7807442579234762,3.2385611801722374,9.338470872964768
2.6895457854996043,4.896770851339846,32.24545495587767
4.472858223476507,1.155741429484074,2.9872839120457844
4.400203182841101,3.518979842063648,27.24434011229294
3.8941974016584564,3.8062995034432614,28.209402245913576
4.847806731116084,1.1604577778683502,3.2641791702620804
4.338161976278469,3.3087891498715827,23.747284414573883
4.3154759663786075,1.2675061752332373,3.4665612205344667
4.922029754135883,4.356865767825049,46.715671804338506
3.040200125985634,3.382142577615323,17.388255000693338
1.2889077182179571,4.375215688643548,12.336465939052442
4.988519835611923,2.007209063664326,10.049094413576983
3.1445376255091064,4.912136621693255,37.93740969708664
2.033782400142188,4.078333247498265,16.913750065286234
4.178988587562964,4.726034039701382,46.66968613629736
2.094764775996344,2.611389849611727,7.142474363399604
4.317374092566615,3.278783195612762,23.2067907637763
1.4816625708173596,3.8417005123690546,10.933679152844618
2.550383530982601,4.95818206971381,31.34876531172108
1.6686421464193062,3.8999725971494854,12.689845194495257
4.708483690020277,2.1436121754696087,10.817913511380606
2.1213202846153747,4.526813228772429,21.735087949940354
3.483168435636332,1.3076906624462241,2.9782045708422924
1.933103534565387,4.981700587832709,23.987244558088673
2.044451295430326,4.888287036921772,24.426439789920433
2.6645233597776516,2.704962299733835,9.747920294168255
3.84433763986613,1.2459233429297747,2.983830668149561
3.3607024931782727,1.2994955605977592,2.8375901823325256
2.130846171150607,3.1698105681433875,10.705050511905815
3.37122889700366,2.613585036700124,11.514140255004946
2.518398888059766,4.474020355588603,25.205216643909935
2.2743772876378077,3.343780160362668,12.714753571285158
1.5504519847507514,4.419261270211706,15.140062986906205
1.5784357389339352,2.3732333134971966,4.4450615806047376
1.5910929242697618,2.653614984124418,5.601977632134583
3.746770187328122,3.009449949758787,16.96685350925391
3.3878922814697487,3.1409798469145644,16.712056589155683
3.9063369856468078,4.246049479943695,35.2135501178731
2.4209598757582294,4.387750933786204,23.30459342688926
3.942165748972707,3.791432553522107,28.334239069878333
2.777509530724475,4.130364973983877,23.69203800060579
2.400298916756564,1.5064570022977968,2.7236344224682374
3.0670294309515675,1.0083363808285073,1.5591892128057867
4.556789423714756,4.104373193570705,38.38156234128032
3.1502808795649053,3.5923984792737507,20.327702184667192
2.566544038519211,1.33229648937222,2.2778257173430636
2.7627063770686586,4.7723653704157405,31.46096980219653
2.5731447123798294,4.752138672119643,29.05443445727879
3.0830486997367763,4.590292847238913,32.48113342561565
3.546646287275414,4.161839384003348,30.71556535517713
2.1383176599431075,3.4356852041102064,12.620279004756274
4.832186500197094,3.0430642906456584,22.373604027557075
1.6820174654979811,2.1962793512995136,4.056725877365861
1.4809082276245094,3.046869097180672,6.873940083856438
4.80987930388379,4.77183177215953,54.76138605248524
1.6384678838712725,3.9944884491187946,13.071645960561133
4.991930845868554,1.2458786501533483,3.8742715018341505
2.7903716015532387,4.37616830017131,26.718992585652355
4.959784363849089,3.9377249962199725,38.45241000934553
3.033321944403667,4.450249881337198,30.037051965647265
4.1597541977956,2.932428402754398,17.885146738210057
2.6212413070139404,2.101450623481538,5.787824951716439
3.159801447397168,2.5641230535272364,10.387415998552427
2.184352668937044,4.607653285510669,23.187415592461402
1.3184234339087402,4.356654859642751,12.51212947330712
1.7070144152320257,3.564969791445154,10.847231307138935
4.825693008242242,3.8889746357653503,36.4921890399698
2.7182364804334664,3.5494106430055097,17.122600952937177
4.2254623789165695,2.3008416832060274,11.184529440618471
4.147620693474887,3.884974044139327,31.300067932106472
3.09170018275938,1.4937617717578306,3.4492927660259363
1.0492262449469827,4.050269642236344,8.606112588144484
1.6888023022597451,2.376883994251647,4.770509763083742
2.7163735991219418,1.23998670857058,2.088303253679805
3.022085208301382,1.5130344198752983,3.4591892708425713
3.1966232136099375,3.603112776636244,20.749955257433456
4.155743122719775,1.6162251432103254,5.42778225142311
3.4815483086946615,4.392354537622748,33.584369976722954
1.8645893759451622,3.7596804388998435,13.178169079012928
3.135378219151827,4.222447906219131,27.950433104921895
1.1675444575349014,3.3777810893577773,6.660493836912377
1.339025637669204,4.2776838165734095,12.25113309620286
1.8817077049555961,1.4875896649885298,2.0820371404942892
1.9265154257728416,2.685780293124348,6.948378389168885
3.8908074848890855,4.50771637259629,39.52964475966382
2.599780555507368,3.806774854495573,18.837405186915692
1.8006792983635838,1.5715295890601566,2.223573557729615
1.4757453640014817,1.988006464867663,2.916198059474958
1.9024232486804986,2.138323284783894,4.349345209941887
2.1110578019284034,4.086594782270282,17.627603826759504
2.599517056334674,3.9278369062310317,20.052548186581657
3.3898410143418056,2.469233059935147,10.334120001074396
4.274676662416574,3.6314038899456107,28.1852819363747
1.1273641485144261,3.3423793788808798,6.2971742431679445
1.9968934954755428,3.9584000038315548,15.644592788447515
2.2267841571959073,2.4499480475731223,6.68285252202863
2.064799852148127,2.6314850358301656,7.149073699081216
3.6781899939359315,1.2445903555566913,2.848767627426073
3.9441669916061524,2.935178374170435,16.99003589698778
2.404689030707505,3.1657426116992866,12.049808100280252
2.226932510628948,4.098002630555789,18.69913536549359
4.860090438403532,1.6809431573889935,6.8662626230614325
1.8334768967315695,4.3893037877136205,17.66187170776927
1.5934651012586527,1.8383622475516472,2.692618009910502
3.633557809248526,1.5918750827991701,4.603838159037234
3.4050194675792285,1.563765680876997,4.1632544883825
4.300824800028405,4.300317064679887,39.76698914288901
1.1981679587318341,1.3436334826713,1.0815568227443308
1.8678800954202819,1.784064525813963,2.97262491962014
2.908728468419099,4.4274398356998095,28.508772767551697
2.404261413069657,3.5269950208841734,14.95413798984582
4.056303493807092,4.568790448085317,42.335327550989355
2.459911088096539,1.1963056592012729,1.7602474701793136
1.2542044041794465,1.6514243771991555,1.7102346767438779
3.7463386383501565,1.7097742904930238,5.47588855256563
1.694603712783798,1.3530630892288014,1.5512230583097566
2.5090334024261534,4.277027847228052,22.948832874625225
1.7727249427117302,2.2296752346365554,4.406508172449999
4.805277783507879,4.940681191255782,58.6492097409288
4.785015101881228,3.9973529067348186,38.22947205459615
1.7057689595521337,2.876287416898457,7.05593829463309
2.2978895198304623,3.1421143225325308,11.343396516966246
4.022121292067007,2.0568954517722107,8.508433389321876
4.851795420479569,1.1994316486995995,3.489984457282724
4.256986845355955,3.2572272075929525,22.582312868500356
4.2913341698474525,2.7438628073306286,16.154262098898876
3.4061836545375814,1.3145128487800162,2.9428473548028666
4.477879513183888,2.110979365187419,9.977239199157166
1.2562763726864317,4.985278423929072,15.611118950771406
3.480701916204686,1.610325287362222,4.512986790282325
3.587483830906711,1.6306120959201724,4.7693728584869355
2.703500145991586,4.718485989875493,30.095512367229777
2.6514278111137806,4.4250371532895345,25.958742747323125
3.531645168534469,3.51910190873562,21.86808504870547
4.666247546775505,2.3649568396301213,13.049209917918693
4.536898753178835,3.591962897709277,29.267981781413315
1.580949666584469,3.1485781787562184,7.8364074737097775
3.1201589352781793,3.8953440019956216,23.672185452962054
1.52000350129595,4.094820247379101,12.743369526425298
2.4181097766057844,2.8393530702420047,9.747310867137033
3.6249018868592073,1.6813891344793404,5.1239246402205545
4.239938044251703,2.4151183789450923,12.365348495110227
2.634802619848626,4.139929843749492,22.578966227870154
3.0959896604506136,2.659153368114438,10.946021035242511
4.66779145643433,3.1921440072405893,23.781891862275366
4.846913909852416,1.9956849757760406,9.652043841236868
3.306792586058581,2.380811296729841,9.371884090731465
4.870510380615938,4.399723027888411,47.14060509078297
1.0960098755913963,2.6583210424463584,3.872570472839277
3.5121660068833354,2.3960227543270842,10.08154088546514
4.775423865291668,2.389667547991367,13.635055232144495
3.315663433030898,2.909961011380548,14.038308576307687
4.414198540645492,2.1352387187362587,10.06270495754262
2.006459160296489,2.069422057743989,4.29633835477845
3.320990471297485,1.3552836197294322,3.0499871709601014
1.810930035296726,2.603592669015688,6.1378709941761995
1.0992188171416815,2.2548557231680717,2.794419969730259
1.4157151014277285,4.570451182588265,14.786453374236466
2.006416156044302,2.6249521999340475,6.912478909499019
1.1271204560175732,4.198418207829115,9.933715776825661
3.7973579412366427,3.2472762419400003,20.021195689213403
3.5795806671024404,4.0589040961201945,29.48626321372751
3.2136117028939295,4.657872839760714,34.86090527777271
2.0200121543908374,4.795457443048241,23.226515962657828
3.6253506165284537,2.4951503569515885,11.285309167991572
4.042764909816258,2.3996339957408352,11.639612005031527
4.383076488320905,1.4823612421908745,4.815674856445618
1.8374738821727714,3.2963660862375,9.983022589279944
2.2703441110556817,4.465732946426652,22.63847606383632
1.4109921402025245,1.9376585880194646,2.6487996721418328
4.592107951264287,4.347259583295955,43.39235693838415
2.790349057676058,2.070952648051129,5.983687121417357
3.8568414321217133,2.173048834818578,9.10627498850097
1.9254798827163047,2.3252445439237266,5.205305912820641
4.463421984110898,1.5131466558835034,5.109754058246125
4.981874570985123,3.1057104299134495,24.026179341865
2.9139710503085277,4.130997061139579,24.863657184571103
2.7178262064704097,4.252012381363828,24.568617967281515
2.4069224308248227,2.2905541953720547,6.314125972439304
3.056576102924792,3.428113275685202,17.960381013505465
2.2315239938343394,4.165095375839981,19.356260868545867
3.3830855544239298,1.4816928338767843,3.713636109351638
4.909371579421687,3.928719764930893,37.887679938562925
3.960419093182376,4.2663387690819,36.04307414826762
1.256060497650989,4.845399643538044,14.744829937946596
3.725372154397446,4.083588667987711,31.06158752922872
1.216773867843575,2.2950523688598916,3.2045354321410726
1.2826854295748102,1.3910089813482993,1.2409378580425436
4.513484567362688,2.1341582610138605,10.278629454393567
2.236151207081866,2.533624273001017,7.177209005813314
3.5081552967805916,3.384689647606971,20.094931064212076
1.6188492100592144,3.7381946319561674,11.310979649831
2.440300640156262,3.7999443938338926,17.61845498180253
2.4430745142250827,2.067114284851529,5.219581629703646
4.453577202825734,4.5162169874995435,45.41806102948613
3.309219218699193,3.9652196411065583,26.015371958433317
2.895453843773805,3.150733007291448,14.371756684941559
4.749598599096486,4.658147615242184,51.529200746311915
3.897674935915089,1.1865793090973362,2.743905579946093
1.7518604097371,2.702322623057965,6.3965219794968045
4.659371225465998,1.3760416469974444,4.411237841913141
2.683560722239659,1.0845522992372274,1.5782741006425554
1.205771552573688,4.359375205555047,11.457333041405587
2.279626102974966,4.176535975850451,19.882275116087126
1.4810437354781465,4.362454557819273,14.09287889912868
4.468698203159825,2.218950578515966,11.001357776544467
2.8114468425041905,2.2340498699699247,7.0159358243734955
4.765625194274596,2.7577236739278903,18.121384784290946
4.021763903415347,2.0268165394838498,8.26067346693479
3.333272728510736,2.5232906600334357,10.611466656362515
3.315506009676594,1.8209008304813414,5.49657820863732
1.383410744595384,4.90031025963635,16.609949216373114
3.6499627621591673,1.9707084749794643,7.0876653952242075
1.0144142354403605,4.073116771431691,8.414708219514244
1.4050089007735491,2.1837250404952573,3.3500013967308018
2.7769716679842498,2.2604088122813066,7.0943961656296475
4.455626098085816,4.631012262992503,47.778290362652115
2.4342236760213685,1.298509983469836,2.052206564837998
1.0570022814629034,3.905471411001441,8.061073018168589
3.0456294466910308,3.6308215144516907,20.075060719613823
3.2353350388569964,1.7948631618961852,5.21137054236099
4.633614556473793,2.0684667442852107,9.912586604919548
4.26411024230749,1.3515048561432526,3.8943380644041143
3.5129326424134257,1.3295315548180016,3.104824991249623
1.5366887350118965,3.25564765534819,8.143867626048504
1.1376553988406908,1.396422174195863,1.1092111063557508
2.5885064751796762,2.8498402755385297,10.511393629104456
4.228789711238766,4.249144275514806,38.17587924260194
3.077472201533022,2.7808863203414687,11.899552090810015
2.6506745820123805,2.757712889440611,10.079164095762247
3.7983534123400866,4.347524872420392,35.896286726943636
2.7163223528807854,4.721636172708481,30.278639027295895
4.087379608620471,4.946981295920882,50.0144520353744
3.2848905442190315,2.0145593174337635,6.66578077201599
1.9007578773776395,2.5155983951654393,6.014221534652715
1.132185598659643,1.7979249612282664,1.8299143150777866
3.738329617690199,1.7922055200011053,6.003758535962643
2.298998016719265,4.057771142375204,18.92708355929391
1.3592436177619156,2.511101721089796,4.285444926521889
1.3009006964137542,1.3671871044855655,1.2158221672654543
3.8983993779556405,4.270153695840404,35.54212150158052
1.531502811994402,2.9867801902564253,6.8311579518818935
4.487244704640753,4.689359337418524,49.33745968691543
1.4480081546181118,4.85692979403246,17.079087508262695
3.5135120209159356,4.942759210662977,42.9190752793964
2.3123947588635994,4.7032786714072055,25.576045978524334
2.3670298245733226,2.271386405504501,6.105985641794187
1.242641354395606,4.273169661473819,11.34530249039818
2.36251973486514,1.8507377970854888,4.046087200623697
2.21665439450462,4.3823082048757485,21.285008424991517
1.4490838321122537,3.3378188058955267,8.072146397249563
3.6589703576582577,4.244089490224978,32.953227838788344
1.4195985485152924,3.549243242335953,8.941432023432188
3.8684815546053293,1.2421002652219029,2.9841719495528345
1.1900215088094188,2.2356812545497013,2.974024803232884
2.7160903528853564,4.630016057112597,29.1124805694269
4.172941115862363,3.822337298835741,30.48388239564515
3.7119627586445945,1.5489481354109222,4.452945369933312
3.2936837797104155,1.3643245053100217,3.0654007897095226
2.548635832318095,4.84548863757591,29.919404691623527
1.7372374391164382,1.384454441286863,1.6648937473002459
3.872097230363432,1.2563732086323132,3.0560017036013
2.910779970523802,4.650386685616216,31.474404012815317
4.256418429381926,4.575303724009893,44.55066364292934
2.849066180207156,4.458330308099866,28.31502988676967
4.342098956925309,4.3688783243757205,41.43903375271354
3.704392174798386,3.6726071626237666,24.9825011583542
4.439950881920131,3.979726885569669,35.16047293424497
3.9365790435342745,4.585456902278569,41.38607233005153
3.4643612191116064,3.0987133892021914,16.632440943115228
3.3857554828118825,1.1728521210853113,2.3286923150694876
3.875529928922095,1.9266232766753086,7.192745687870093
2.670517041807173,3.4753560703211135,16.127385694994196
4.12124735180983,2.620620145996516,14.151642083978725
3.7307938198144672,3.84994022854669,27.64898717313519
3.584724324380328,3.0029047985998703,16.162513289998483
2.645534811507288,4.736486361633901,29.675364850556488
1.5922643615150953,4.123622352325151,13.53763963459889
4.288597742652016,2.983405312385717,19.085776527271104
3.810692584827131,4.162234523695334,33.00859305633538
1.5621996655904424,2.967696009928818,6.879317762689868
2.483467378069907,2.304926173829952,6.59693952999292
3.623508368126075,3.7681739505224963,25.725342103915366
1.4103038991946204,4.046335478863623,11.54533356434294
1.1980290177570385,4.255236991454087,10.846380783080692
3.5312346336126494,1.7376017488573292,5.330857453260998
3.1690223225515193,3.1354155965611543,15.577061385740667
1.0546196305157869,2.2152183502353693,2.5876106858287904
4.593545436713882,2.2815194657512294,11.95546239756743
1.1816958024428956,2.9185453668181505,5.032787508122465
3.2739427347894456,4.601170333271591,34.655941755113545
4.3383477802745585,1.209873861277683,3.175225374352042
4.535252741820763,3.5975048444719167,29.347713705369284
4.982110880158054,3.445204662912106,29.567421049277925
2.8968090616779985,4.572810360512483,30.28699995134328
4.41986243402231,4.707415769660949,48.971552520133265
4.914016728228075,3.106980929991166,23.71831377840793
4.608282736596372,2.389558498623297,13.156623753005148
4.479726206358012,3.380737425419942,25.600258962236236
1.7476081809276067,3.197616373921003,8.934428788823736
1.2728228467280536,4.349467824126364,12.039548798439196
1.1949858992593243,3.8822547359641244,9.005355083872603
2.858348295148902,3.221463266450264,14.831720022811657
4.343876713177561,2.7710478887333645,16.677676962735347
3.5512615277453388,2.541709002484946,11.47108017379708
3.746566985481874,1.5666111059821328,4.597544147215645
2.700027906821941,4.77160175760671,30.73736519363295
2.0675520000120873,2.398980856742862,5.949493717738306
3.9446846382690905,4.484319652858528,39.66207379855
3.8150837786087797,3.2510612670195003,20.16157202763888
2.8271503798359543,2.8700391514577412,11.643795155860417
3.3673293915110416,2.71987506541153,12.455280618477362
1.63389535144497,4.957698166783819,20.079569932824462
3.0892160576965284,2.5419094389831924,9.980181411195169
1.3433022833149155,3.981518859811147,10.647344639418755
2.8620979675780998,2.0935252792781216,6.272070312417946
3.5705018425036186,3.71602042701028,24.6521868712571
4.246568747913466,1.238869119698668,3.258809841271438
1.8559352026632183,4.63686939645827,19.95182104878249
3.970804438712315,4.99598817159899,49.55543650837988
1.1292081278116388,2.83017264007695,4.522409203059073
3.8036549552466847,4.899707877882743,45.6574333545092
1.8458723729790525,3.6588696257977937,12.355648471986779
1.9881421871211007,1.1747718059979313,1.3719063788170305
4.51581448972407,2.810673630023267,17.837210407639997
2.1240734121859917,2.928257833891915,9.106639709651068
1.8201272095516257,4.727878811348611,20.342504377120488
1.882720267426655,1.0577213621087895,1.0531696939572666
1.544543713775425,2.2823201165517437,4.022752606811089
4.7520480553976885,3.093269346085261,22.73454693249265
2.1688080513103514,1.9202069666500705,3.998408878824986
1.0202746638119486,3.8329981292594177,7.494873739191403
4.36848384908172,3.026553819709946,20.00771723911816
1.1270714860109639,4.30024877693109,10.420981597405824
3.733094290939627,1.9884165985420688,7.379955166491372
1.337496097955845,3.547097712507536,8.41412253669452
2.5265325414329816,2.501554699069553,7.905237239883727
3.2926387372929677,3.0872845109705866,15.691606029236034
1.606959685739461,3.0775439149925066,7.609979793131189
2.5304149787529933,3.976134325104182,20.002480209870416
2.669661687030372,3.8310659811613963,19.591401125950878
2.523979699588787,2.6933284418656727,9.154497207077222
2.970412606763391,1.9329619717577926,5.549238666615258
1.6974388766896933,4.915975612322557,20.51084668962793
4.362170531649821,4.091299568489832,36.50860208085732
4.902283418591892,3.0262144722689306,22.44749212290087
2.573981367020601,2.4749915334051598,7.8835683684480715
4.206606466033163,2.960928193297311,18.439860868505374
1.471518726339153,1.629968569117462,1.954763663386553
4.551717861339544,2.411166942316551,13.231220291550757
2.6747605838995887,1.0046523590585705,1.3498531854357259
2.28835750874404,2.5875521394474146,7.660764265749902
3.8502131099296015,2.862906919798695,15.77862771014699
4.62586199336981,1.1759295906422547,3.198345041666568
1.3510896372859644,4.105864614211047,11.38841847577188
4.4805513877107215,2.885413466930297,18.651663680080084
1.3411624293884454,3.016622807293332,6.102297879560217
3.566365996128507,3.7931331046759196,25.656185101172646
2.7612322727093663,3.9734017075228403,21.797058670669344
4.9499555532489445,2.62073306603675,16.998745827943686
1.797034804987859,2.9538285521153025,7.839656987643488
4.192651834430997,3.0326443706751727,19.279766656787586
2.06050309245524,1.7147800171394971,3.0294242866598715
2.3988877991991453,1.241567196520457,1.8489297014631034
2.5908046989343005,2.76243180081948,9.885253483796184
3.217487115538038,1.8834533588957836,5.7068513549267434
2.4143543556858966,2.8763572113612783,9.987496853095715
3.1229908081516826,3.7373919810362963,21.811122110973535
4.192743875856154,1.6902967774765338,5.989550963749078
4.852216949101972,4.17258229038902,42.23962323536881
1.7110539408544838,1.4912404950947025,1.902519349044843
2.543964855787811,1.0921213199984132,1.517130300740801
4.994294353031131,3.5054663234478016,30.685679027946616
4.930670409834111,4.239227718705267,44.304666304689384
1.2603935638077215,4.19844777285012,11.108455799327018
3.904778840406349,4.425945723537972,38.2453476597445
4.603266129191457,3.2774871693714376,24.72396318715283
2.955563640072751,2.932383083121548,12.707254565987272
3.5425642388569933,1.1632132672580395,2.39666002713077
1.9746396172946166,3.4723792299577148,11.904527155311417
1.406265264079757,4.752842874699877,15.883425413790786
4.305784295983218,2.028700355482851,8.86049703148363
4.114045865782469,4.442167730632001,40.59093351191731
3.7263934625653854,4.633068860566125,39.99412722667783
1.3885117589412874,1.8317686373339077,2.329489752381638
4.345111040215691,2.4148667882764285,12.669434807163942
1.4640510075755535,2.3284415499443427,3.968778790060555
1.9194755954424951,3.1841123906816735,9.7303704912255
4.277653237821049,3.0259942483028537,19.584467918614227
3.148415016446284,3.028789421151417,14.44109546323358
4.494150779545681,2.3190733905906518,12.084999279296987
4.128097408465157,2.253219628843035,10.479172579463796
4.732901445726226,3.602095701434402,30.704919255728804
4.989575042389328,4.20391296850406,44.09009108232617
1.8952355714257036,3.2451899246259988,9.979607052121322
2.1099021597618233,3.3128259959279798,11.577894074347931
2.1520175369609196,4.25009678614928,19.43629360409287
1.5511461620169138,3.338788855483328,8.645709468520229
4.5253726509319465,2.6515962179202512,15.90886271015091
4.571419751559313,3.832477821005836,33.57224665252841
4.664915311784334,4.637300767682552,50.158471899866264
2.247436137153805,3.4508109993628473,13.381343259328082
3.398020994549414,1.41036281057269,3.379541294774859
1.6559204688837972,4.46815874995421,16.529764587845317
1.3753336325670116,4.437730113274148,13.542531071701776
4.888002392529215,2.5412792323550595,15.783604459933674
3.318972314149146,3.1824626484739067,16.807389488474822
4.9458300554879395,1.158918147616105,3.3213505923217532
4.354336618283907,4.957622489040844,53.51048786492969
1.2792810948840723,1.5424128505259795,1.5217287858598645
3.8033482826645058,2.995725001941263,17.066324106666915
3.4152592361083873,1.0982207953750058,2.0595531539338414
3.216319768424681,1.6126524825912947,4.182257834171238
4.73907135202079,4.722804225482701,52.85220832204808
4.667359751952968,4.606198832977199,49.513843892864685
1.5668881354768271,1.993527969876891,3.1135271927868757
4.6363748985112965,4.602316279728283,49.102258913151694
1.699150602052942,1.4495171871126407,1.7850427293292546
1.5381730559256956,2.778040646855646,5.935432843966993
1.8269270735134553,1.1201000769178857,1.1460534428747378
1.1110290444939501,2.1953911432268147,2.677436825449607
1.4587133163052761,3.554694971647877,9.216045954103137
3.562003609508348,4.581085984410683,37.376725081881055
3.260200285374145,3.9790294607626358,25.808846509538768
4.932572380252625,1.0735530799549826,2.8424348261370107
1.8795003821830787,1.3301251552771984,1.6626369828323881
4.442626978689804,1.9680992258412533,8.604068018076976
4.481426455349036,4.722244668660507,49.96699684002959
4.582190976802296,1.5861003015939579,5.7637413774708985
4.316192663641573,4.626764860659529,46.198266908416606
1.6326270816186996,4.633089768425998,17.522595291437103
3.117794456595108,1.1163157696357415,1.942636769183904
1.682503822054647,3.167215561617142,8.438811945568283
2.9843865720811302,3.9881656285612257,23.73402820497786
4.089799836430499,1.4316278458322675,4.191141577476474
2.1693875718541507,4.934916616133087,26.415983824463787
4.896783507527244,1.8179817637293882,8.092076001872726
1.5837545300186342,2.5276918840081164,5.0594830166750056
3.958622726153847,2.360347708165254,11.027221218344197
4.455882403962713,4.677160011782199,48.73805357330281
3.374448603827972,3.306223576542214,18.44324175821505
1.284273833611521,1.207053413049227,0.9355793235002076
4.343864158900323,1.6360185560854057,5.81329939363493
2.9312638298885827,2.180877210365847,6.970875750718328
2.239898703289529,3.6272506818595494,14.735114832385381
4.247270309831563,1.5050729549385586,4.8105530663794696
4.8143392089643235,3.8562473447512704,35.796161234254704
3.360970736727629,2.4081707272271404,9.745615692554978
1.9652998208607846,4.8606094674109865,23.21561943030857
4.611561618864732,2.242697012195479,11.597362422323593
4.181011330103846,2.662561095148664,14.820078790142162
1.3126117137867026,4.077068499055699,10.90943593257153
2.9655110625203083,4.034637958654619,24.136744491015914
4.6852363352833555,1.6225092485748744,6.167027273659703
2.2337411816081234,4.4472931619929925,22.089931686576506
4.602011767090257,4.511446556309733,46.83271796871673
3.685205361012999,1.3116509358495971,3.170065571508279
3.746495224342515,1.9800795690019575,7.3444701982901135
3.542977886017547,1.513525386646268,4.058054409701048
2.889793768425152,2.221166847888332,7.1285174998887
3.1242337026843447,3.1511925885741405,15.511843344253558
2.914016081847266,1.502868525438176,3.2908184748658296
2.2240768481200757,1.4050505838966387,2.1953497188756526
1.1698865746967932,2.653110348081576,4.117412593628262
1.1060285123575384,3.512108685094458,6.821379649646729
1.5636279544945522,3.3076251999980135,8.553345490149816
4.428266258214698,2.070427262101533,9.49125595192811
2.6198040409029546,2.5911610887270804,8.794833835897023
3.0207691699331582,4.79258707239096,34.69185866825646
2.8498633860584546,2.2496302901864262,7.211346240190112
3.324274932296096,4.672479328982522,36.287890008191525
3.095016820158106,4.803843482570155,35.71171571594259
2.596569689264111,4.551939958422357,26.90066631144309
1.5226215062880857,4.930742948460721,18.509159104783663
4.960916751307594,4.220013124310078,44.17326969575332
1.2332305393194969,1.325572092518685,1.083480201212415
4.790289001255342,2.102605934812319,10.588818192771654
2.744421153166479,1.815560785959033,4.523164162798718
1.4207954864984673,1.3835279537239535,1.3598075551831894
2.9575499492515473,2.369239161159096,8.300798992267998
1.241843782630586,4.066550938627291,10.268083818584683
4.151648510866785,4.743817404930503,46.71394129285793
1.9600509891979385,4.864065790305556,23.186556472356997
4.7079387707072335,2.779879286511203,18.190837125503265
1.8817805014561135,2.070816143791274,4.03480037525159
4.668308464751393,4.6271014093238065,49.97439955892324
2.916660641118039,3.085060006589858,13.879797723512997
2.0014731540403976,1.3074168544889657,1.7105978911047655
4.67542588591291,4.982120694195244,58.02560402370825
1.6398677919602642,3.8561562340306828,12.19236857615926
1.90736551203775,3.2391044462731537,10.005846463984472
4.068349896423872,4.599395794119241,43.03183529048106
3.587338654986041,4.556767640774597,37.243985482264
4.395177605331373,4.152934216771339,37.9015121502787
4.787599375723799,4.4255554560652595,46.883862159120774
3.8835714914919217,3.745110333686177,27.23519834276853
1.3037820125679054,2.1441605817620575,2.9970197490577544
4.301176237492463,1.7031538559530581,6.238282048141369
1.5511821910898331,3.3940149217559767,8.934295428006207
4.218303610103927,1.9783691128777132,8.255102783901998
4.225925390090166,3.11487272391602,20.5008770493406
4.2244532537623485,2.1288009733635684,9.572175076063155
4.063621904783204,4.897971502505017,48.743398397835705
4.068056289586968,1.9597965837637434,7.812300688152358
4.110387560657829,2.9492090883549547,17.87573484642807
3.4362412888504497,3.416931450205409,20.05978105422183
3.8185089799610776,4.93094273587646,46.42198838825098
2.8683043888971396,1.0347740859552492,1.5356290877885332
2.935839026827906,2.7111977001121557,10.790078854495672
1.547410575876739,2.583448262175742,5.163867641971578
1.9585316100971513,4.464690325618145,19.52015546411604
1.8178689283957197,4.7555353347073535,20.55565863477351
2.461347870169847,4.465530838424792,24.540826689166614
2.877664592357542,2.616844760551987,9.852945869635555
3.847469955978115,1.8810466572038722,6.806821740074142
1.9623963283121402,3.3853271147004262,11.244962368085018
3.741049999629325,2.981062235173362,16.622854466135813
1.8031774031159138,4.902505565051717,21.669288478038926
2.5004498693319945,1.2511759517271401,1.9571536997328405
1.443505486463208,3.7020401469304236,9.891694423082416
4.175393512870146,4.8127229395788955,48.35586295143631
1.3945446125450598,2.3696865142072023,3.915472792906864
1.7706142640599989,1.916308754821137,3.251059593060254
1.5786096552119924,2.618576135237009,5.412216614992054
1.0632447290444489,3.1029614712237574,5.118656768425997
4.569164935447981,4.590819920297065,48.14900917552731
1.5087660203246758,1.490155407463409,1.6751551045960156
2.9503517134621764,4.598867964592891,31.199359466899736
4.55334529505488,1.7200693949975165,6.735851855951834
3.917200618749332,1.3182266230187745,3.403501729691042
4.1914253348644035,4.066459176886025,34.65489378007085
1.2709534406066734,2.5427542135828456,4.108737641402352
2.258667372596742,3.6152451768856726,14.760388670024046
1.2348420720397644,4.953971718214516,15.152645676123814
2.7652808834445093,2.539070369500434,8.9137147175102
2.7420532927799957,1.2899997623515094,2.281524601635847
1.2246719002656916,2.4769571674939344,3.7568750479721755
2.163879304703433,3.320129901144489,11.926504862460622
3.1487557425677197,4.777336182381727,35.93193326721988
3.569237605709401,1.5528196410689032,4.3031600141019695
4.316062683140705,1.0982894994696855,2.6031033470350398
1.4764221600246907,2.2710183632999135,3.807341662272102
2.288941730468987,4.362603690123832,21.78192538846365
3.2353950084314667,1.4770956860202298,3.529511286206264
2.721197565835836,1.324462806883251,2.3867647344998013
4.098744982408676,4.463195826233283,40.82373976716007
4.953917605970189,4.315666043391035,46.133291813733585
3.0275192698697926,3.043483172992906,14.021637342897364
1.27432066876167,1.9358308905073671,2.3877209114116944
2.0092848952497477,2.0101349160030155,4.059400851156927
4.315226216666273,2.762299919923472,16.463237129327098
4.249452692743292,1.0466864393492759,2.327749265507727
2.6904910399607136,3.9708698482662057,21.21157220001602
4.771333701591617,2.45134083900106,14.335643657240848
4.951276048723662,2.654371849782902,17.442577866189666
1.8675790141073496,1.8441762609194647,3.1758051163898586
2.085527215516834,3.2990147832618923,11.348916202792095
3.7386426097002903,3.231569548056851,19.521400419364696
3.8492055648367067,3.703229947328162,26.393833275390623
1.3916425596603528,4.685349604198308,15.2750172811473
2.797348016159358,2.422949812914596,8.211175632331916
4.997570597066345,2.6483171306618694,17.525439651076326
4.341802498110489,3.033443708855358,19.976157290697106
2.7590161724435656,3.0637401456114035,12.948757727677362
4.929946303550164,2.1669186028327796,11.574370743348469
3.8097645775075977,3.626070742400175,25.04613338677838
3.579173365709025,3.293118875039947,19.40740887369725
1.8033877065061112,2.623603970872635,6.206627312744261
4.419347196579352,4.958237265194308,54.32287378153185
4.482722834030839,3.595129340917826,28.969495404189743
4.704641767760423,1.0072620831506742,2.3866104399417174
4.389716868953361,2.1094556401704883,9.766687861070134
2.8568747418812652,3.1475490433558946,14.151621854241464
4.222425648317094,3.021356360360438,19.2724052604205
1.9551503850013323,2.698414648251189,7.118156687387318
3.593357283698799,1.9845395900712837,7.076034463955024
3.811795717023515,2.6510682931281826,13.394960991707054
2.3958587347624563,3.61500943803608,15.654892250259527
4.2026897480693055,2.188647905477095,10.065819461951666
4.461551621187725,1.9628385988160963,8.594588856866729
2.739546706977521,2.279194538450618,7.115599642501239
1.738328634110077,2.7242672036048425,6.450617531957912
1.3821041142435466,4.9440572487623005,16.891870605391702
4.127054438361444,1.4347220809427532,4.247621070844249
2.023894139702749,1.8966099097351186,3.6401043029214004
4.6922320693550965,2.3126325831574603,12.547660748865686
3.4625430862881013,2.8121509246412404,13.691229192087674
3.3074680742898575,2.421019643486407,9.693091035111769
3.9025092259724263,1.2265080728364963,2.9353153448123437
2.955256317210958,2.5770637686617794,9.813309338420847
1.680491307042252,1.6669474396353716,2.3348021646867574
1.4304551872140907,4.268164852203994,13.029466437356982
1.6407503601832185,4.096744884082382,13.768618056136072
2.310593039870919,3.5993017203287208,14.966835077145754
4.2606870921595865,3.8043585324537057,30.83276857838526
2.6853194491308803,4.412817653116962,26.145558626260755
3.781015301516793,1.2610377906276944,3.006316099264801
3.7875529311308203,2.529383860147749,12.115970331741257
4.124237170144797,4.4878859477268165,41.53337845316205
1.9513118398450273,1.0372659982334462,1.0497284501696336
3.12925081442207,4.406153116179203,30.37592755442185
3.1278193647074284,3.1944823115095904,15.959256095046534
3.971640090332134,4.025980989203311,32.18720972784563
3.122945199529808,2.5755479481453833,10.357946096621701
2.4015216611221195,1.9493262271909577,4.562738347326181
2.533431185073882,3.8372546948572595,18.651783628189673
3.4268748142045,3.151589207240303,17.018741944333716
2.711081219622172,4.240745918469974,24.377941942309477
3.588888629127795,3.8674930918220776,26.84040588697331
2.239332672775126,4.384235115568487,21.521686133432098
1.8038601062212831,1.6621477804622895,2.4917939454378897
3.1980414515277493,2.2765626655426705,8.287304790853359
2.2690639513267934,2.4437819796881577,6.775504789151753
2.761661621548207,4.932951060758771,33.60114546612204
4.129173344432399,1.0723021583100873,2.3739276546708075
1.018595481228071,4.612820536899461,10.836895031092629
1.5791049964352757,1.9008162565614914,2.8527340587723713
1.5689220753046813,1.6835238195990883,2.223360618803705
2.796155867429758,3.8805824972656113,21.053544481899767
4.513857343972525,3.1311370588951557,22.12697221731897
3.152629552677114,1.8981453715730585,5.679392547410734
3.3289093318228398,2.3484962971655188,9.180191283595953
3.182167512648899,3.2124656766307917,16.41988209602247
2.4379584074869065,3.361780230850875,13.776374314465388
2.664297656201566,3.3158937166977527,14.64717770652232
2.125003207195956,2.3480482081416003,5.857922378157253
2.3045620058338945,4.5094597490430575,23.431896025099796
3.260412288969715,2.737892698855257,12.220117252316543
2.2052392630045574,1.5961832339165967,2.8092553074017967
4.694618585143855,1.854930089275995,8.076541151183095
2.4150526224203115,3.2304352071625995,12.60139636662013
2.173146384598464,3.1207824779435924,10.582444118431832
1.7245527689485511,2.257919638127315,4.39605840514036
4.9701418866461715,1.0038681678858068,2.504333469984559
4.228012244475565,4.522786458143656,43.243258023406526
3.2498010133209143,3.8865285441132675,24.544291344583232
3.34323868258736,4.292073633902849,30.79439778869784
2.9253736709220632,1.4610675695340256,3.1224245636176176
2.00847518212212,3.2266905332148452,10.455651611213797
1.51805054038998,1.393434737809137,1.47376928585283
4.22071920980561,1.777760075993755,6.669645679694577
3.030701804996714,4.920122705261928,36.68301977370157
2.484769893384211,3.6680038493081994,16.71536045016037
4.932199648114828,3.134671990745424,24.23231238327199
2.305023498013423,2.98551317749118,10.272670217543435
3.230932015645084,3.161367895840585,16.145366258424982
2.8651369497509305,3.142839820773993,14.15011222079906
4.068230888571759,1.9932235059048748,8.081418500310894
1.8991069569375085,4.827369348597317,22.12791457419417
2.221818441454256,4.937625956173194,27.084133529999548
1.605474278852732,4.690126628471203,17.65803987656185
2.009020340087316,2.5698118308647464,6.633717706145014
2.224909796497699,3.854604908381719,16.528831516317545
4.851075277205936,1.8736935245452955,8.515401505600806
2.8796256799397675,1.5043457787137182,3.2583774059139956
1.5269789383341776,2.735485832105679,5.713102169208658
3.4468590592973984,4.576520134936967,36.096432767292576
2.59092330050701,4.92757679323916,31.45512123981491
2.4591567827820247,2.942370993445975,10.645132791204366
3.353475341000376,1.8923024004530453,6.004076292803246
1.1713970058537249,3.5964719784881845,7.575782118275892
3.0444499641865552,3.2852394121300676,16.42906673469459
3.4868203647854115,2.654305329563889,12.28291188508574
4.383826918322594,4.104602079387581,36.92882802127987
1.280636888806657,3.8775906466349217,9.627641940089303
4.946992748067894,4.938794639161116,60.33276292514063
3.1101981566342145,2.9229275141969833,13.285997144926059
1.0722103990277927,4.153554607954314,9.248895416039005
3.8166949746786507,1.2402566523095477,2.9354898810758865
2.1779564555408872,4.631285480604792,23.357281877604773
4.36076303195037,4.282733712571401,39.99213924788036
4.320847861773819,4.5068151245482575,43.88119696683688
1.8834828783193038,4.387515020564318,18.128793977791595
1.905127167537012,1.4346763735844665,1.960658097052966
4.2934018996232455,3.291351284686991,23.25519696178455
4.889974451865993,4.081260667074226,40.72539093306786
2.75484549833036,1.5993340155878402,3.5232673541427117
4.580028576225068,3.476316665797992,27.674313283133888
2.255017505830357,1.9694164944473482,4.373156947066386
3.9602131669238,2.133661377398332,9.014456751703895
4.0210553593121805,2.635707884102071,13.967047428518317
1.4500737693625716,1.312970653023891,1.2498852385885568
3.508481451178675,2.0052672273888,7.053971510643832
3.2281940285684634,1.0762301126284686,1.8695621749566356
1.5919120506410045,1.173540189090382,1.0961879122485816
4.305230056853675,2.899702112499452,18.099773404845557
1.2493667851187844,2.223886255355915,3.0894779620305024
4.8584098784626955,4.851498427326842,57.17628651184086
3.0990402206383614,4.860416536940762,36.605319069142766
2.7946475290624773,2.3802302801840836,7.916532459544288
1.24875114522046,4.188754306255623,10.95508315653645
3.283640429703572,3.749041869314674,23.076300191110573
4.356992749876003,1.3595955957702777,4.026950949998873
3.686015927805771,1.2657543525572779,2.95274587055584
2.3841951637602956,1.176482321089206,1.6499949611075895
1.3974844264835689,3.2904998761868764,7.565554057572474
4.7785718624840605,2.9738315422907937,21.130065968858496
3.358368269835188,4.283586204618872,30.811535698861466
1.0738205753946062,4.3306072619586296,10.069301042373457
3.588391575110195,4.527738091620104,36.78175325958422
3.8078578716690115,2.836327804816578,15.316642618948928
3.2691336415036676,3.8745473103620878,24.538308128987836
1.6884549471782897,4.63333911882865,18.123733057874723
4.758838212228564,3.8752027969351457,35.73220478959632
2.219404939898026,4.1374768219172715,18.99667970962823
2.3480177793347927,3.478942144140352,14.209074723218109
1.5437588429683422,3.538703418488464,9.66579975941958
3.9300277142542126,2.517285583243398,12.451755789271354
1.3611047121068043,2.2883068490908727,3.563609128851068
2.4345512195326977,2.4258576358465453,7.163405577146814
3.5011260850519834,4.180324338093648,30.591284481362962
4.074473829976206,1.7493295614118476,6.234258520020851
4.774717282543374,1.4948253922192527,5.334559934325091
2.4052944401862475,2.504200369377865,7.5418241567889615
1.0194208404017635,4.860000245657476,12.039157458058561
1.608022510392097,4.817656232870122,18.660949739781877
4.890460963462171,1.4273382156709093,4.981654322917109
4.175824022201535,4.809442913335188,48.294952244832515
3.806238489175047,3.470867404137702,22.926726312182314
1.2488246419187274,1.168302511917489,0.8522795833962552
4.384542084082641,3.953195895996093,34.26028085970105
1.2216307177548336,3.9422992840536066,9.493123505824594
3.5658806776403607,3.748293721665392,25.04978726194569
1.1786436165808558,4.181100164547349,10.302287290495864
2.6767399234785607,3.5920708248857443,17.268951227374824
3.656942093243291,3.6340967384292444,24.147993794745354
4.93439839290481,2.9556849237364435,21.553633194672905
2.1643515930791932,3.1114657569831645,10.476781052569734
2.146098804869618,1.2691614493750372,1.7284366278527437
3.1922040498825877,1.1418229301499898,2.080933343687869
1.066239772270845,2.5599133326551478,3.4936179248661916
1.7499226555666323,3.778761623164887,12.49360727700987
3.781455502895921,4.038454140803081,30.836090371290325
2.8583412182187624,4.826097808353828,33.287127154044924
1.9928039774853716,1.8957491054475644,3.5809339052624196
3.0439884230835714,3.225173821107288,15.831397470340406
3.848104652859118,3.236076569446973,20.149044540228942
4.95392619771591,3.672150994546233,33.40108677898292
2.7319443414532723,2.717065758807574,10.084216249159908
2.0634288664201947,4.936517788690795,25.142063493692387
2.3328330163883977,2.3691309618329512,6.546841015184862
4.000358494948091,4.6139512665256905,42.58090849789661
3.900600314261529,3.2578471935054005,20.699643993869458
4.636551729214198,1.5692370234566688,5.7087655272836075
3.8540378017108607,1.7189533845881328,5.6939568711333255
2.3542065096254725,4.278633308278584,21.54887967054749
1.8341095951876367,4.232613865098023,16.42905516014175
3.3863452253560005,1.8309980062930666,5.676452105762403
2.6863350915834032,2.3160187484978283,7.2046739447277375
1.522647957387412,1.9904888016852529,3.0164003729722255
1.3226805678837485,3.889463781351547,10.004708533905026
4.353555213306025,3.008428021781345,19.70122865425911
4.326634649161742,4.8793503764288575,51.504388870245066
4.689559427849068,4.556529313431371,48.682221185301984
2.449622660831412,1.157585013136599,1.6412509339113328
1.0032072387690905,1.7989039692314512,1.6232171465723915
4.821653520896136,4.517719223898271,49.20446064084529
4.295437811245961,1.9970787586948155,8.565797929658874
1.799800974099207,3.150050906342275,8.929551192127647
2.272783877687128,1.1734335797853332,1.5647507507330511
3.488612704272216,4.281330337275088,31.972768182939326
1.151562710632323,4.254860357653886,10.423851610322028
4.178918619569157,3.0799879950519107,19.82129228012218
1.9856466543465858,3.268381131637875,10.605651740268966
2.5158323385186203,4.83526991493523,29.40987267015155
3.386084877274671,3.290116616054468,18.326959811492987
2.684813004165248,2.1091176268662855,5.971530428613178
2.765756101140904,1.4040647378305278,2.726202729994766
4.147216191511005,2.9783063668746625,18.39354417056521
3.4090805282573253,2.170430076578111,8.029691544580393
4.874766681092394,4.879716663008743,58.03808175636057
2.492511208997937,2.011139624484808,5.040708345176118
1.2743501081211286,1.5364968740848806,1.5042572958643692
3.730212154035595,1.1052376911171091,2.2783209883784905
1.946832518865623,3.634889299704097,12.861184669680853
3.1481344937708546,3.3531321222241717,17.698017265812165
3.161073861080216,2.06265368701571,6.724457960028995
3.8633843483623944,3.36392813305181,21.859052758931355
2.5583612305034547,1.0512480764726906,1.4136513028715834
1.149698831574093,4.347449800584194,10.864837777167814
3.1629802733782206,3.876121917727628,23.760815663451346
3.814162696212046,1.2662277863721654,3.0576860909998516
2.110036244699133,1.1964927732532256,1.5103586229160286
3.352343814194608,3.2756364565410325,17.984979599299884
1.4587633605801051,3.8716328004025073,10.93309626668172
4.420658800419746,2.521818363475467,14.056739809967452
1.4900670742335769,4.795944038075968,17.13657540606547
3.030587978184565,4.384694645044746,29.13235600352984
3.661550308872711,1.0322077930116906,1.9506047487197709
1.0456068792665572,1.0137039042082212,0.537230517058816
1.9741653587926087,1.3564948407820605,1.8163093723375756
4.6941470174758475,4.1108905946442675,39.664184471367854
4.943987627011706,3.1527527879915493,24.57124805866521
1.4039956911017386,4.2914596738586095,12.928431867228799
1.1724674405764324,4.9874036113490945,14.582091746517534
4.509664035746921,3.679661062026719,30.530212511172774
3.609537994324616,3.6271800805414243,23.744326608804386
3.0985497876753616,3.899526840679069,23.5587536620401
2.9846456913368864,3.334601645900572,16.5939855645774
2.987531432859197,1.1235404242469538,1.8856448226210294
3.081548252489968,2.6396304409452074,10.735573091589517
3.399266935782363,3.84081536978835,25.07275956681792
4.9911008475219685,4.715079277608071,55.481008628321334
1.4531931278669141,4.751604445087455,16.404911794917364
1.5137006807485847,1.4384406211732808,1.5660076829847591
4.83935839624991,2.3391895548344612,13.240019445547272
1.0703610916962654,4.482294581430345,10.752293462639335
2.9873937916750153,4.380230786739453,28.65869860288532
1.0905674097600229,4.75049882900262,12.305547758641582
1.0574685140582587,1.303866981583076,0.8988847754806707
3.0090519411154735,3.2456376975966457,15.848923412494988
2.1510526524655424,4.820091654860963,24.988008114966526
3.1068001217683916,3.1859387860497037,15.767330538318458
4.862849468603487,4.961734776322453,59.85878840299047
2.3607168671113357,3.6259291936177154,15.518600226107143
4.11661104452529,4.6797899690542835,45.07778456007671
1.5877492139332428,2.517953737085128,5.033237268303005
4.564242947978654,1.6715238685938476,6.376229240122192
4.073298546058391,2.423858050073057,11.965493392379615
2.103564275249883,4.07132880458906,17.434044357957568
2.827854422772255,4.442944796668009,27.910581641605482
2.3810615715599437,3.345133898914594,13.321945204824925
3.8408941043280347,2.638200981534317,13.366512014162062
1.6773402109312099,1.0618040854496669,0.9455400891139369
1.1109737769848866,2.4523125558622527,3.340607531728241
3.825703289378915,3.9366327047123053,29.643609326435005
1.6182628598135738,4.210411587039332,14.343930609722284
3.197429798577621,4.937113681397014,38.96882195743426
2.963047166078596,3.857629329134907,22.04700288312222
3.327085114146572,1.4170762236190102,3.3405681657419484
4.781632615905376,3.284125881590258,25.78610818204129
3.2374606653365796,3.1974755484983346,16.54965592265539
3.373109834648208,4.367825926734392,32.175931667126136
4.873544286267819,2.1883471397482626,11.669368452894398
3.530963772753435,2.974116285362308,15.616336415364621
4.044976159268253,1.5034261052253735,4.5714096904739945
4.68518723299387,1.5281221009598176,5.470324245855212
4.6132650177060714,3.934012909678912,35.69850016096679
3.445068444559729,2.961549358878282,15.107959413140309
2.3750909419732795,1.25798135684727,1.8793110079468134
3.6529923283832546,2.0471308844155955,7.6543794081116046
2.2137684521431558,4.738840449578351,24.856866059041288
2.877289394728969,1.8502710248555836,4.925204243748791
4.402756084381441,4.431198558224676,43.22520403321694
2.2576882387440547,4.844574434325296,26.49386023375548
3.6454947625272616,2.7357637151187255,13.642176159887613
4.296031576182598,4.03482205784492,34.969243881433336
3.0862875021753022,1.071244826358019,1.770858496337796
4.548998692752179,4.00680875770141,36.51598710547724
2.38670994747957,1.2248119454757358,1.7902285309561026
3.414534420014573,2.9860770963334917,15.22311513772577
2.8870410591349702,2.923547310479889,12.337956002251664
1.6021710992659748,2.477076588328378,4.915387572693844
4.449086489564371,3.187884102233929,22.607154411755857
1.4578825384392804,2.5987496036476982,4.922904498996722
1.6047376694329225,1.2363771953634681,1.2265239237951988
1.6831327006653716,1.73486691928309,2.532915454836044
1.0721865152974521,3.6187640631679954,7.020384244041556
2.4882048623267723,2.397819085122327,7.153012169730026
1.2846037704333995,1.6629091961734757,1.7761362038350912
2.0119173961289962,1.4595253480975483,2.142907545218488
4.2398667616839205,3.537422330738622,26.52748267224685
4.281422656980282,4.084127373474941,35.70727132971165
1.7661678217275578,2.116360261476798,3.9553158430083526
1.5175026280591468,4.080384727915291,12.632859994708868
2.171314216693104,3.8367178933899924,15.981311450363092
1.6231967533671607,3.640280318578051,10.755010159910068
1.9917228136283494,1.967137874583563,3.8536165874045154
3.75734422020908,2.6480621102277255,13.173686453227447
3.686085986149504,3.924323197605266,28.383438153510443
3.368554611277122,2.2320072935906534,8.390827941667128
4.750065919134322,1.3489798303933296,4.32195811222875
1.3930687888281983,2.2381162341803598,3.4890552066896747
3.951535126835228,3.7960499765204285,28.470801548211107
3.6266339745744056,2.4196566820872074,10.616496704135347
4.565610449759843,3.3144927339793395,25.078583364256495
2.178685726443071,1.096824159177094,1.3105047765946232
2.206581107664444,4.361028667898926,20.983009778286323
4.10816811127496,4.533431289208412,42.215533979061064
2.726863063963823,2.1477613178924146,6.289344243657961
3.277780723221022,2.6530143738298717,11.53530566564962
1.8625893433030107,3.687245788995219,12.661678875769633
4.710787577623463,2.848780088605304,19.115311336066977
3.6111841186231985,4.136314005080126,30.892043453411187
2.5471637421892668,4.454251492479104,25.2683181739273
2.0319384570881316,3.834719522203754,14.939902498463239
2.4533492200195326,3.2110538298302713,12.648078385714824
4.938100263138842,2.043450591059995,10.309988729306465
4.585462978612389,3.411386500885381,26.68179536062918
3.4780224625446605,4.366127037418044,33.15088467112983
1.376677907881612,1.3579177682958905,1.269256188787308
4.8577067998602015,2.9820721440781073,21.59919644947201
1.882790433214383,2.217976116520249,4.631116624012888
4.3126054499523265,4.859915853086823,50.92924420087441
2.655482428074611,1.3199995053842484,2.3134545575935888
1.666210677043264,2.4813698646983324,5.129593195692452
2.2571328905663886,4.3825494552404525,21.676081979889076
1.8516883654305598,4.1891383133696385,16.247528283907705
2.0388269397112815,3.867896560469737,15.251061421704911
2.036022957077028,2.867632423091002,8.371429788460238
3.5707142991675367,4.785892903538782,40.89319645758261
3.7147694825507203,2.383698265184303,10.553692454533586
3.7686969838142037,2.0700319871128423,8.074494392853637
4.680069107006068,4.332073499292354,43.91510274043608
4.089076633502378,1.132426877739058,2.6218967870819405
3.6736275561301333,3.7840219342802657,26.301009533634076
4.729977981946352,4.975159537074747,58.538709873982356
4.742922179030191,2.930378262152056,20.364013265787037
1.3898588593406487,4.205775520808377,12.292292386699636
1.4139765103368802,4.894564761440793,16.937150924023847
3.189032230290896,3.6651348882704124,21.41947580131986
1.5155965703397056,2.7859369965896748,5.881609672767483
3.2041047239517604,3.089008484965215,15.2867410557218
1.6851444306364147,2.410432361070606,4.895499745245716
3.870372179154721,4.2712018270791265,35.30391923006471
1.5610305623816996,3.0434233832031956,7.229464947596291
2.9424122386489304,2.968423788354424,12.96359125570031
2.987324547629475,2.7946475236645245,11.665584183589187
2.514163706251413,1.5933785222890222,3.191548693148881
3.3210438523824255,2.1910807712172873,7.971891691854922
4.529869667762421,1.109933600930102,2.790292353973471
4.289133570233648,2.1724026713918025,10.120925586054554
2.060200530461437,4.329161434527383,19.30576702271609
2.2847345833736012,4.803270477378071,26.35602104854502
3.5219977871354757,3.734573102101904,24.560715413503818
4.008491063547433,4.227903479451958,35.826225256113354
4.945002267437248,4.854508231088012,58.26758025219307
2.2540518084827843,2.668542050450948,8.025682959878448
2.3960504138460195,1.1366357163261274,1.5477775863016534
3.053039994895612,1.6983732973997028,4.403203972274913
4.714883828462286,1.9262266342124081,8.746932358291302
4.098281218300325,2.572176866404276,13.557306545232969
4.524996482902078,1.7827936644300846,7.191018638681455
4.773168715300269,2.228215278784157,11.849256084673238
4.101291686225085,4.3439199695618615,38.69495026649808
1.3779713425948281,2.6865656378495135,4.972847044996188
3.1127442758638573,3.6180137823142227,20.37294821670779
3.9285449698221515,1.1236939095562177,2.4802633000900633
4.44186791041005,4.497206093595052,44.91808419489726
2.051260266077316,1.7455399242587264,3.125002326282581
2.985484480722742,3.5767131802721086,19.096468133283427
3.0316121924508344,3.6351394804415507,20.030224097245004
2.7984423916025767,2.2200785794977587,6.89640992846565
3.454171227980426,2.4004192644334945,9.95148914691876
3.1991051106606205,1.7550612578212075,4.927005792950199
3.2561259433999563,4.267793738330285,29.653642174227343
2.899536362043578,1.5288073871568395,3.3884736198099916
4.20191095878609,2.1424461625979294,9.643544397833994
2.837271757318069,2.186980494015985,6.785170393612202
1.7780870185761302,4.999830007114169,22.224576447175103
4.576190029129024,3.1988990637929318,23.413973823911086
4.602152220681619,4.3165168938361145,42.874382048151965
2.9041748390028284,2.5863178370452604,9.713070766062962
2.870694594619658,3.2239681189993465,14.918957368354793
3.8789746538896166,1.127338794329571,2.4648803964962194
2.8964213539647856,1.7465772996162512,4.417813394530358
2.075595880531276,4.590593889751828,21.870089130158796
2.7564310864712636,4.01773924185275,22.247470380377496
2.1963867385364977,3.48950944826479,13.37234505106758
2.770875040902436,4.250645841223671,25.032071358671182
3.5783433619137077,2.319990684114586,9.629960317524228
2.506399029244787,3.935104705080681,19.405855940766937
4.058952478611999,3.3981177476485205,23.434776608874586
1.4457435599076276,1.081854137038757,0.8460551844618039
4.986210782993653,4.842454380092816,58.461736870853485
4.906424400650055,4.843789246516108,57.55798653769231
2.2887494189029165,1.4991173276722987,2.5718136641944
1.4020571185033126,3.0499610392028305,6.521151566450461
4.477219197236055,2.1117414769156024,9.982972198015075
1.034134188652931,2.430705764216534,3.0550032902613173
4.283269159224281,4.118203300273402,36.32126243771038
1.910060329872921,2.3678634710963786,5.354641562038279
3.722806890359253,1.4183184545339338,3.7444498721080772
1.2054293279466037,1.8513369289696637,2.0657734254986173
2.52029815153565,1.2787968201245086,2.0607486338018046
1.0454414019294913,1.9073520091000415,1.90165356453286
4.771537950552485,1.1142699011404011,2.9621645867343696
4.661628890502114,2.693396829028924,16.908628795808585
2.714022469609605,1.1844991957950564,1.9039387968086412
3.0529937614412184,3.7308249092295633,21.247393281910004
3.117369076366664,2.0126013504612357,6.313551783034647
4.836541388856361,2.959107865733913,21.175150501877223
4.146299528871492,3.3292139112667782,22.97809803730816
3.43326029697092,1.654574581053084,4.699475953196367
3.991662621847905,1.9197719697688145,7.355685026447958
1.6692770752481243,1.4435532834761897,1.7392582467101585
3.073483753141741,2.6731661152166746,10.981276348448484
2.852136000047758,3.8390300621767124,21.01760668756643
2.1484318679039354,4.84492207448503,25.215360556948724
1.7224367736473503,1.2199387372678991,1.281708714337814
4.733717193145987,3.530362959249567,29.499253654778492
3.8881160246459032,1.1383539299691812,2.519206933489033
3.2714480585389065,3.2594576012136236,17.37803653465957
2.2214424704179616,4.272515974238566,20.27554166340728
3.4531769710775087,4.956686979438484,42.420113623360784
4.531464009889261,3.8797176165084233,34.10427118666812
1.7937171820852837,1.583855813758034,2.249858778778502
4.587354428645057,1.296368026934371,3.854685256579434
3.989779416634695,3.0738445643836467,18.848756116737675
3.760948923363039,2.0521516677777205,7.919291872055441
2.243149990931542,4.936922553763163,27.336376504339775
1.496912152581087,3.6491148759104735,9.966470584282213
3.0872192391518176,3.840987858269854,22.773162495387513
2.0207769726841622,4.16069066515599,17.4911855010265
2.712583035903317,2.4041273268964534,7.839131968208417
1.4399010256599336,3.667027330029249,9.681238937809109
3.998585848875459,3.297730140148421,21.742358690722526
1.711439613837261,1.9264637476370385,3.1758008906460113
3.6471218358551356,1.741218607703157,5.528749017842634
1.8419875528244352,3.818387506950253,13.42816584370092
3.4281854499744933,3.87004681083437,25.672416379593894
4.759767751296874,3.669828590823037,32.05142376755173
1.934070964034368,1.3012560864116267,1.637449658686404
4.153484964272872,2.59675231283317,14.003729112103516
2.7311195525760614,1.9915925174313265,5.416411950724534
4.839561706575724,3.8744584749101594,36.32436720140912
1.93774281302412,3.43301766793303,11.41874083604474
2.6897306578391325,4.723523875682484,30.006201908815452
4.0675725564216405,4.905201132767072,48.934927883422624
4.32578770591465,1.7786230891038444,6.8423149051814285
3.2115063291046315,2.8642145463387334,13.173157327613165
2.4660957833929467,2.7466785079791167,9.302412711285232
2.4080961106208285,1.6570850094098328,3.306232553560116
1.112930213606337,4.765829804349027,12.639066383572263
3.3858665221630155,2.6696600631066927,12.065679001426723
3.1147049791096966,1.8047441526277699,5.072455061925983
4.37585204294932,4.499144528851161,44.28865816776922
2.1337260157070475,4.242378656101431,19.201162144025208
2.580499318237317,4.7132854438145895,28.662973172807472
4.672607182659365,1.259353485704107,3.7053102148731174
1.2759097329691564,1.488623643612482,1.413708208895425
1.871391315617946,2.136111989291964,4.269555361590003
3.5619159349989613,2.805434164718565,14.01695996327757
2.06617988530741,1.766738664737642,3.224651315188857
4.043744967356252,4.226161683840185,36.11153739468833
4.481505131217357,2.9167928041351456,19.063606375025234
4.0112350311499245,3.7638498877229374,28.412712859645218
2.950912354903778,3.3814536413346015,16.87070341185586
1.5998355919098235,1.0826345908793926,0.9375817747261977
2.7087488870111507,3.391807833072751,15.581211682801205
2.659588304723785,2.9102516362511603,11.262777459916512
1.6325760664760645,1.918980847539701,3.0059704732676247
3.023490048440064,3.7884268372875596,21.69683352928403
2.044306234144334,2.68068925702784,7.345289294195142
2.0598166021353563,1.734872881535538,3.0998014385685106
4.34614859661974,3.320966722535272,23.96644522224542
4.948616484516704,4.297785640671266,45.70285206701807
4.638100682596493,1.0959849168960751,2.7856037024782463
3.69481377983656,2.534926098626964,11.871160164912544
3.101173833702866,1.7824417559342214,4.926367543326508
2.578697787191575,2.9704191181948514,11.376427796116245
3.18744685801559,4.364499805788832,30.358612174529963
4.612467327534549,3.7053181355422513,31.66316407097751
3.2167739209835355,4.505406173634071,32.64813993043572
2.652932420095982,2.0805631865832876,5.7419315514453855
2.464713962748936,2.8525191060031405,10.027522697480007
1.969334887931569,3.087846325324846,9.388602151301235
3.448888829016549,2.9271426090406565,14.775322300037992
1.8844087755488523,3.4625116163954357,11.296075867748224
3.0482615707917318,4.759585229742865,34.52712774298711
2.122988091064399,4.110213933316175,17.932730286213523
2.472651213135631,1.5254723430146013,2.877011122388621
3.6598781695161824,4.06541090454018,30.24443867496993
1.8739050533241999,3.656169306011027,12.524782229224343
1.7445163589256367,1.2173705875646168,1.2926789002699453
4.189374070451294,4.934818497193841,51.010726938629716
4.832244767556451,2.404223979180566,13.96589516212297
4.905110280914168,3.4376502389267563,28.982921171633414
2.821515076285088,3.185356259002588,14.31424359703583
4.861816314666427,1.1917242895605984,3.452392252262824
3.284960336794939,2.541608631256652,10.610051400951605
3.5198066827439507,4.347398388607987,33.26194920294774
4.192577949266122,4.997999584096257,52.36529825643323
1.4454769872647852,4.328468232385704,13.540966235193197
3.855579574567265,2.923091106037395,16.471925837681994
1.3004525329356915,3.1793006379446713,6.57245624590284
1.5559539032036325,1.6812656615811963,2.1990718370516795
4.904467750208557,3.6117597424024193,31.988921143062175
4.283348657277864,1.5930494776950042,5.435155328477176
3.464924442056258,4.418687131277,33.8259713811082
3.9805070927924575,1.574510387236495,4.934003651986416
2.9137877344622902,1.4388453905844925,3.0161724923847624
1.9192821298129021,2.100687068773818,4.234786774770005
3.2796200794938093,2.065771045722362,6.997741783599377
3.852418199163169,3.16508337714025,19.296286570380197
2.0723553332427103,3.200619245549991,10.614566253358554
3.581866175153639,2.6327474973797296,12.413600864409597
2.9003612704581774,1.16008671432789,1.951654817007432
2.5385193455211947,4.409723917018093,24.681598425382365
4.384168318872597,4.764108583171147,49.75314360225349
2.957993757553344,3.752452016212953,20.8256014325359
4.321652291112359,1.96153622989888,8.314047361189152
2.18844913601167,1.0058911297232274,1.10715498127039
1.096349614945384,4.461480966783114,10.911316714451477
1.9269307767738884,3.481840240531461,11.680294638368792
4.117817082337041,4.99849439817255,51.44171923180143
4.126504082157393,2.6951684883347973,14.987324960952458
4.659943640434246,2.7604419242395535,17.754477576779607
3.7681140109737488,4.038536000192188,30.728542125366324
2.5121481092973372,4.836800825236589,29.38540311411029
3.7932763212430776,1.336151523043966,3.3860698009692305
2.5770243792956555,2.254748269130436,6.5506539229092535
2.525625756077202,4.1362955918765225,21.605391306486162
1.4258475558945842,2.603049537546089,4.830676625593575
4.00601692582388,3.8008532568898805,28.936432676596517
1.2483253143708009,3.784625007844011,8.940122946524285
1.885941107181944,4.754912319654367,21.31980151155671
3.9010870525300385,4.447653783422645,38.58491897783289
2.9796312595525887,3.368277397962653,16.9023942840027
3.7409499353896303,2.5676177668938767,12.331407365141594
2.445484758801245,3.039759814444089,11.298310438854259
4.888812641820987,2.3119532984292444,13.065664801561711
2.4436896326930184,4.486350339118531,24.59248527034979
2.7757980112922644,2.1902803955409964,6.658207053931648
4.599070421296351,2.606951988822074,15.628098144878104
1.1364519447729462,2.2092441741106366,2.7733744951826536
4.522132644982885,1.502424303305883,5.103857046131229
2.734474231235075,4.055492103173279,22.486970988300083
3.8985107751459256,4.4475720855720775,38.558020937837966
4.926840581988424,3.3984131414936356,28.45056289086489
3.6342292952577915,1.966913333796244,7.02995877265531
1.8684558981359927,4.517138325188933,19.0624902936318
1.4688633039988677,2.4717707595997567,4.487120847936394
3.6184452132793488,4.512572685577894,36.84176485541721
3.4469440731680856,3.8765639301316215,25.89990328606358
1.6169879269192693,2.1309924742690494,3.671475323470824
4.582707570504967,1.6995879542799663,6.618802743840554
4.208399646569925,3.321971270336595,23.220882674948005
4.797246855054828,2.3492013354482895,13.237395639647232
1.7200873006013584,3.8917352114102886,13.025879652051374
2.6574785462847186,2.987574591797107,11.85979783617537
3.842640603196799,3.0561893739333748,17.945695503962583
4.068239673756169,4.476939610877755,40.769840049536604
4.62060755893259,4.327290837624657,43.26146865072162
3.0255260431180067,1.2473285274411658,2.3535997551708006
3.7506495392394723,3.7213078680284988,25.969745418864722
4.232743141141527,1.6444361490100716,5.723029035212548
4.610973209051109,2.8415613066046372,18.61558394340329
1.159436845808929,3.314603427164337,6.369132036276816
4.002948631507084,2.4757423383971777,12.267636775998795
1.054439949438882,2.4367044421267487,3.1303836458480623
2.878342026221958,2.792275688501732,11.220933621766015
4.258485924249268,1.0597447555733814,2.3912653588769373
1.1419222275141583,4.273357535928632,10.426654699244319
3.6633300357027503,1.4535632567135242,3.8700263650621767
4.207831975457042,2.20247369117587,10.205865783799332
1.2450978152822216,2.7616438293621197,4.747979211322026
1.1910296756218455,4.923379375751563,14.435079859954767
3.5815872453273117,1.3345387069334844,3.189391909796899
4.987600497739283,3.945637787482331,38.82362579262801
2.82847184394695,4.125314348007027,24.06777588808636
4.116724785464976,1.1478971800131608,2.7122381253292955
1.8428136268008388,4.17560433357848,16.065346562934128
2.191334183452652,2.12566220593536,4.950705809863119
1.749143118235652,1.1462551827896674,1.1491003971835847
1.4137711221947091,2.011074921643524,2.8589437554532218
4.400038815874443,4.5967382451338565,46.48641557716973
3.549509648269599,1.6658029595103394,4.924766273960559
4.337494254154647,1.8117596754562637,7.11885415219889
3.1875621184539265,3.383324613589832,18.24382920288362
1.3612401949566348,2.1771873302167877,3.2262377279396803
3.951845799385738,4.645199318147755,42.63622070879183
1.7314450966811212,2.5871823565079914,5.794724738522209
4.715694548118686,2.137735024760238,10.775152279130628
1.7577830716160068,1.789264812030634,2.8137436261935425
4.978766579159688,1.0224439839230208,2.602380629693647
4.680758852665019,2.2417939913180462,11.761905161120042
4.064285800092598,2.413957609915569,11.841685513810223
4.776097276897512,3.994610259329945,38.1058798833824
1.129919497143057,3.69300020819013,7.70506259473018
1.6827652291208968,2.827675588748701,6.7274843968867515
3.4686364908338887,4.263958838254142,31.53223831519258
2.8324992990420204,2.621763126474628,9.734792919546065
3.9100043066170143,3.2025580191818652,20.051240813617685
3.5603856232163396,4.9373382844447145,43.39631084459313
4.204936510023179,1.9557971285370708,8.042240483705662
3.217497588121106,1.458763222389286,3.423401569881877
4.816170755280959,1.6606432155332764,6.640863470409748
2.540486037258588,3.3454538013364363,14.2166375231895
2.556766751837653,2.933251221768655,10.999162921066503
3.080605160215016,1.0781923943689766,1.7905999615074304
3.4666023278408935,3.3805462894973455,19.808327271703583
2.8420483784795607,1.582266956438247,3.5576317125851675
1.8765811717677918,4.210060777315515,16.630836342243413
3.2156353172502343,1.9989833185706813,6.424733742985909
1.6400017985719364,1.2912949423541105,1.367304454590189
3.549102794929837,3.9151957996021673,27.201669195104465
4.481128650476981,3.00702953728702,20.2596904260852
2.3018192828431645,2.7865963746729783,8.936950732850821
2.6426106064347685,2.336440158154745,7.212943037091208
2.0631541847333392,1.7373703714125455,3.1137698652991097
1.7100990231429978,3.990417332805835,13.615321462980647
2.3949596648985074,2.99064023449698,10.710174614957877
1.694621924984665,1.161156924720149,1.1424170032297931
2.9296464228280694,3.2807803126364474,15.766653141196652
3.2457503081316164,3.2062357675812887,16.683071865360226
1.8765168343932799,1.8267743808798436,3.1310665162689326
4.603288301639387,4.4784873071209,46.16372817209938
2.521062181465999,4.343711810402415,23.783489218587054
2.2645795225059695,2.338131618476352,6.190068998789496
3.457143445061997,3.909545457790095,26.420433465464004
2.6945765909413733,3.6390742595612884,17.841952252492025
2.8106453233601747,2.6584957350501823,9.932257844010913
1.7468072746840364,2.494316205832571,5.433979716644235
1.1296810405768518,1.6932720781765682,1.6194939813664238
3.857663017853168,1.5490639075504822,4.628422140074633
2.3562611054863467,2.1332698525291662,5.3614839553303275
4.152016807838584,3.159141479814723,20.718926943157143
2.9150357075853224,2.6168066542235584,9.98061158010206
4.791145477644042,4.547797560109732,49.546343690630735
4.508786107806829,3.4555271749096126,26.918959125627474
3.599002969284167,2.857947677207446,14.698085060072957
3.9144212885471066,2.7201001946700227,14.481294045528033
4.048963372245545,1.4376473966630123,4.184259558502055
1.9309854807711044,1.5503330557977826,2.3205932610348934
4.4305906426998565,2.643088065176358,15.475863752121727
4.450493628041066,4.385521078040806,42.79771607870804
2.4446282725400144,4.935216197797917,29.77112181476824
2.2630198704452886,3.964285713629902,17.78231365722649
2.5670810740722327,1.6863531684271131,3.6501159043171314
1.468649957738084,1.10581983289699,0.8979601234246831
1.5660282378670036,3.0450980484817163,7.260594043306152
3.6587574350740946,1.5051289012615507,4.144298345851337
3.454134496784701,4.661000873210418,37.52041359145652
2.354987405464827,4.798339963193262,27.110693200092463
1.6641689928594312,2.25741899211114,4.240253089724265
1.6724149844938858,2.2542878690337806,4.24945077081449
2.381358112234997,2.9083608782248427,10.071433806555676
2.3660477534893927,1.993395123342804,4.700892208526789
4.951747495756203,1.46919119912465,5.344229884172181
2.8660084939349626,2.7484705769794417,10.82504378642036
1.0775241642471132,1.5814950747216319,1.3475122131214043
4.974726259228669,4.6177229445564105,53.03895237958067
1.6540792740800043,2.94169841834972,7.156861589075593
4.916714507403773,2.0642784269883707,10.475663598212929
4.026774858556391,3.113701502293809,19.520067052310974
4.001247188282758,4.683791163297267,43.889479668466116
3.020532618556248,3.7127185462311334,20.817932176719108
1.188615905352231,1.2510391857733465,0.9301508087773105
4.929242900211696,4.794301388534153,56.65012701445756
1.8792580381806863,4.667296985423139,20.468560158702388
3.8960467647844235,3.288278316713408,21.063537141879717
2.151434830659203,4.091128934328727,18.004643775491786
2.9186134630686524,1.7118970022870634,4.276631679235311
1.7654817168731487,4.176533508838592,15.398030270569786
1.8730177819942266,2.9130209990985803,7.94692538728099
2.6785828679523527,1.6446615972980445,3.6226651627227215
1.522279598282942,2.1806786171491384,3.619493170150736
2.525871246864765,1.6453430272207132,3.4189608170719326
2.019791501048054,3.010295246099576,9.15155154739916
3.5390553620394285,1.5305391730623925,4.1452073527899955
1.8502993161777987,4.794066477182032,21.262782486407723
2.177186023848623,2.937847121089526,9.395587182822963
1.6190220018611732,4.900369858039386,19.439293403766737
1.2151232390597229,2.7590939492400324,4.625123232892601
4.662465643815626,3.3122751077569896,25.57634318173632
4.605835208577183,2.1488491427518914,10.633843259483056
2.247252791486148,1.9503204098931883,4.2739935671197635
4.791120471854287,2.4769854501234776,14.697856627091653
3.625570983406314,1.5120806439018577,4.144730765781694
4.313048528858619,2.6562942284138784,15.216217461040054
4.880149535515507,2.16898133478332,11.479283018181059
1.6982056227808444,4.840988182143599,19.898865828187066
1.0858254452653715,4.666154421319383,11.820837126529947
4.24951202883806,3.2139708091449055,21.94789749382816
2.6365907883059125,4.432274503587161,25.89798852369971
1.9633008018440696,1.4528541019427679,2.07205298228005
1.3818522759446972,3.64805767172876,9.195069440542392
4.756648097615255,4.237629992210489,42.70877301623653
2.9301298651876357,1.8124164972951733,4.812523758975129
4.644649213820662,1.8428852355668237,7.887139190619651
1.7776899299985716,2.4249601248807755,5.226792026137296
1.4658905364644998,2.4301667070179307,4.328562364157134
4.081127591060665,4.2575832274622005,36.98933040508634
1.516294409651775,4.251329136053473,13.702600513174529
2.98362840299879,3.6018449136995287,19.353733462023925
4.293116802189223,2.2722453450752873,11.08289333711414
2.4224300560280643,3.0447330899867437,11.228447298207094
2.3045198942854475,4.0550985212677695,18.947559792869352
1.2509841815670786,1.0293112011944485,0.6626973291707698
4.294518914649704,4.301322429761102,39.72725167948391
1.1066322209053405,4.282515065488667,10.147781658479227
1.8845879860309531,4.391269144449511,18.170485645709903
2.410600534553604,2.1972048153637282,5.818838948827175
2.5533536010283426,2.3463658536022383,7.028658229075837
1.1867311683799646,1.7790668891662702,1.878048947544785
1.4086746681848972,1.2928046432573206,1.1771898685812265
4.288154289178294,1.734626473306435,6.451375902655619
3.9570736159750086,3.2865268695635326,21.37068823574365
1.4719717124076923,1.4536162332626903,1.555138227209696
1.3171999307289726,2.113640694921813,2.942280189056031
2.1022549353633546,4.674685105983672,22.96995307351608
2.926862419078335,2.788243695998322,11.377157508379849
4.652074113996688,1.702658337447735,6.743287063071853
3.364785020341426,4.2522737991223885,30.42073950541276
1.0317883786384479,1.111914006264961,0.6378272034544168
4.263536832406729,4.067743415685593,35.273383899416764
3.024797956941326,4.39584957945789,29.22483186802736
4.247027946559978,2.7136945430946766,15.637850099649722
2.6992350903043616,2.7710792810734,10.363551690664348
1.13616778083943,3.4060289169948748,6.590359950100304
1.0106918175569373,4.3083000250856305,9.379952366794102
3.489419464902751,2.035959732464422,7.2320521989042525
4.498367129243562,3.0715122531726347,21.219219518669462
2.1330518761954367,4.557582057238233,22.153401337925285
4.056048307189613,4.910995481814049,48.911636323642675
2.2556378554190495,1.046483427603221,1.235105595215533
2.5633839688012654,4.283537969900429,23.51737856066962
2.921129793996536,2.935954526935665,12.589819632500452
4.224123642317618,3.356981982155781,23.801517479148913
3.7979596992374107,1.1616318355641102,2.562461611437867
4.115504859147504,3.93445865574908,31.853935411086038
1.72919400738602,4.243766177664856,15.571004152955801
3.2306199297354277,4.2598391237889075,29.311785110891925
1.318793805390603,4.146681227139361,11.338306794510387
1.9713847129527355,1.0453876194808287,1.0771993774195614
2.604551628104533,1.6082765675241526,3.3684060877838524
2.467527778499695,1.5687777057589036,3.0363712632195154
1.8319265549555914,3.4337191382458374,10.79959826802413
2.5822811424512233,1.66647899906036,3.5856939480093004
1.0534970633098384,3.3515411751462336,5.916875786334937
2.012120420777167,1.4975584968434354,2.2562725728984394
1.4186537533668577,1.9683310032337058,2.748164226388431
1.802427281635416,1.4087791002740389,1.7886013606616193
2.6520024230560626,1.0693760416062799,1.5163687324085668
2.740722733475463,3.2493679380401344,14.468812487237138
1.5035670280900666,1.805744751757921,2.4513511107853074
2.4059453401919133,3.1113843011654807,11.645632287318026
4.241544553304677,1.4548938975932888,4.489073147440899
1.1816510415922132,4.51271131535807,12.031903785902191
4.3132500445956,4.72255738375438,48.09823360154065
4.845861260536846,4.903322206936989,58.25347604886065
2.4810568275667593,4.420031022006377,24.235799499965868
1.0423593387577155,3.773098558250701,7.419655914751201
2.5598942901973984,1.1380276101345488,1.6576683042842695
4.953830606470381,2.9482077257506183,21.529171444924224
3.401087742495657,2.5985961326165317,11.483265763151367
1.792548377231236,4.11882923829898,15.205071390157082
1.6729127276450644,2.9019037054094077,7.04383677687057
3.9294746137843326,1.158665556632739,2.6376713716898292
4.035561136999192,1.3505484368632494,3.6803935811680186
2.067064867280176,4.602745044417811,21.895655334194856
4.421430630326806,3.375625323481607,25.190761283572556
2.572646318145196,1.7591959672466615,3.9808749033624213
1.447565390734101,3.4005890073596303,8.369827140218336
3.5771147960563083,2.956567933303711,15.634305952308756
3.2504355338226785,1.4744822063330396,3.533382333846018
3.8279151183604845,2.871397389929641,15.780432645002838
3.0575064296902656,2.882278150151236,12.700159120549293
2.393742573391045,4.730941089937241,26.78813806905745
2.226761891067778,4.638573820910459,23.95591313738513
3.390614826521733,1.3964398672906397,3.3059245629930025
4.393374226556553,1.4495589446723516,4.61572538738067
3.755891014085022,1.0885414996207943,2.2252200660963064
3.6877612698079285,2.2237166070156906,9.117834020777927
4.841071628173007,2.5896934743481004,16.23335318817322
2.296583042589463,3.2310086712503296,11.987494067051559
1.2555773752789317,1.280305322595594,1.0290597402154293
4.564555173139626,3.4087558968475347,26.519190905676403
3.7617825812110346,4.498231401273603,38.05811564061006
1.871991328799517,4.917201498545116,22.631318030430382
3.7052103707306077,2.418120567991412,10.832751419319505
4.210644366513113,3.262133521975062,22.40381783547666
3.2328254082100236,3.636426378762828,21.374789874675756
4.973072273779767,1.69499336132083,7.143824524997565
4.86047739408715,4.783239107337947,55.6023457893556
4.56111703807266,4.507090599929095,46.326959421891274
3.2060960981608964,1.4422420187642526,3.334439396293097
4.446816100042828,4.731402098007479,49.773581277804126
3.186024661796364,1.5889313883550247,4.021882942196524
4.884160902030656,4.146265658942509,41.983072264424095
3.7424366054911617,4.60723806661221,39.719682143525965
3.175539472546966,1.4494036573680553,3.335540556292863
4.425808699376367,4.903556318831045,53.208985398926735
2.9296094962716834,2.3106294807751016,7.820605143849172
1.1112800849867455,4.339139875482003,10.461665653124584
2.5367913829827424,4.669740104470453,27.65923594738581
4.4249107446505835,2.9981201843398577,19.8871521195589
4.769441033942644,3.648987065648646,31.7528079072504
1.6403396333328337,1.3318782239334146,1.4548989124953875
1.6620991978090318,2.737842296737313,6.2293653296374005
2.0698012631859166,2.6328082684735064,7.173599366853479
4.702425774627445,2.847063198394195,19.058388194991856
4.8244438558153036,3.142775019287316,23.82559997998943
3.71079654735556,1.0800867186792873,2.1644840993763435
4.777222920303151,2.79004907776328,18.59384460332873
3.2776769027973036,4.963194751910693,40.370002740792344
2.6930753609253566,4.340925295808337,25.373661095419756
3.3494252287271484,3.532906138791657,20.902801208239353
1.3170024845355925,4.053938090495141,10.822082062315438
4.638070196047071,2.6815902909967675,16.676010914760433
2.221368974709214,3.8121822973595045,16.14128206637504
1.2653178059144246,4.907473704237608,15.236512992094818
2.498135540761453,4.627393725467519,26.74600424218735
1.4654366081340728,2.927349699198328,6.2789388411627955
3.1521263424814747,4.793612083471833,36.21590928157934
4.571920632014705,2.6810077899839415,16.43103189140389
2.889346973537284,3.4580090050575416,17.27515458474193
4.970031562396563,1.5039150043181788,5.620510138718563
1.9074956571895982,4.068569058672793,15.787630235302366
2.195592822982169,4.392186730031371,21.177924602195446
2.371833807162886,1.1750693210235723,1.6374997217939657
2.6908832762010313,3.0622008420119418,12.616305798869426
1.6206992133036615,1.6953671436708828,2.3291633628138007
1.361587830029328,4.521361860315366,13.917274665750073
3.8195556526627126,1.7132579529898524,5.605680737866522
4.732408881148765,3.409595727392215,27.507938287183723
3.8191945435969976,4.168381538250076,33.18002531302555
1.3557513172584765,2.9754436587163844,6.001412819978966
3.021587538040479,4.732899992548443,33.84229763038405
2.2835837834909936,1.6119799072933247,2.966922505997713
4.97621485891648,2.806636854762917,19.599345805518958
4.345990747548821,4.477707197588543,43.568256821778185
1.627508681834147,1.738102627037493,2.4583524678094846
2.3344428393137178,3.713841359602512,16.09903874755736
3.922939450183591,4.9167067060269485,47.41657861432949
2.375631837988997,3.1218416786971552,11.576329780381549
1.3499488324543858,4.629685979266414,14.467396417577312
2.973287429845975,3.2975927461352743,16.165939060153896
1.995220739966701,4.605600803968869,21.160870987992688
4.186607980620594,1.1917774502510636,2.9731897641286893
1.1452507954562772,4.879181209008843,13.63215457691015
4.762985030003545,2.3614243694616928,13.279976374192273
4.263884241394597,2.1582284378136,9.930479779329163
2.37436134565994,3.9322796092327703,18.357164524175175
3.225871240224637,2.7523564749667147,12.218739216953846
3.5763957171676863,2.2115168026003187,8.745729831973597
1.0298415551518816,1.391818349145173,0.9974830668861947
1.143260963313141,1.56367221864414,1.3976770032953236
4.470398936612575,3.1805735813919824,22.61138579638172
4.63594402619402,1.8138478776797302,7.626230199810326
1.0930396489767107,2.84127824973142,4.411979173855419
2.4229106581906055,2.179638188080061,5.755409393835112
1.2180604998321791,1.968812336814211,2.3607364641042037
3.2813882534454946,3.2643158471566807,17.48283948434133
1.372549618616849,4.347559894982858,12.971470296629695
2.2928129403235413,3.37570607922525,13.063750583822772
1.9081719598595321,3.1176304427985704,9.273352769491305
1.6586787987762195,2.6106211525538945,5.6522323061689645
1.202447541979363,2.9618746490970294,5.274356639697884
3.0557017252894263,2.1711729473113155,7.202276693489757
3.1001626778045765,1.587475634233403,3.9063272588418894
4.149057547272374,2.0505503535444647,8.722888869039098
3.7689571020922568,1.9305755274737684,7.023681216025321
4.903649735201353,4.7316586176608055,54.89290973999582
3.3426769996813364,1.8312962382487914,5.60507752793354
3.1805329791119856,3.6006561880913535,20.617367689701265
1.9312294072915006,3.3342440229970953,10.734915565767162
1.3303397325993163,4.839435883931615,15.578371176129522
4.950265536636052,1.8491858413682007,8.46368748260054
2.3787885267691222,3.181636878612336,12.040015981918746
3.2502797927357254,3.5689894750889706,20.7005215000944
1.796026140399372,1.8743504818319598,3.154890294503132
4.704918420842738,3.5570155745937555,29.76416034014089
2.6839199148746,1.5971894107642508,3.4233586574581056
3.2089369488095314,3.911369709422973,24.54646316039722
4.923623316401169,2.9634475474801594,21.619682583025412
1.7647390737566915,3.8151682380050924,12.843337456779425
1.7157601270459142,3.181583117986192,8.683866181722667
3.8224727322350427,2.7674329150451973,14.637557172580006
3.451551400196098,1.1932921081333578,2.457411500544773
2.9494661085674863,3.5771378372395044,18.87055896752722
3.11307707780487,4.115875890627054,26.36843892692212
4.9561358701814875,3.0427963837938803,22.943464151240924
3.185590073259173,1.8076663246540359,5.204708713169131
2.1204373088422344,2.789977741172378,8.252716344733281
2.2586047564803944,3.7960282353198016,16.273055699363503
4.982897639665355,1.5972275085136038,6.356024063760136
2.414342778392615,1.1592056199306007,1.6221458123663461
4.770028906634792,2.764678987157935,18.229738489555245
2.7746868705705983,4.699722326305163,30.64279544190993
2.409610004245734,4.908747672191673,29.03074483907172
2.2824833834071083,3.682419535086174,15.475481145683826
4.174355789107921,3.2011521434126466,21.388094671702664
3.4891048996147718,3.9063426395564504,26.621020468840694
4.895097652658857,2.194307315978355,11.784909899074258
2.16357143656352,2.098593744829596,4.764287836521476
3.4752517246680616,4.389744849948361,33.48380683482554
4.288267490718215,4.092840796847435,35.91712578495626
4.985317226166499,4.084719703484615,41.5898470761614
4.1781059608135545,1.4051038911963012,4.124452698334724
2.7925675488488304,1.9614268037918055,5.371776104436579
1.899308427865992,3.815278706938934,13.823500647466831
4.067356427205178,4.3591132380579865,38.643685421260685
1.500198535638456,2.9537823323874552,6.544488645197104
4.010503299397408,2.1629437573698054,9.381220322829973
2.9425253518501404,2.5414368157853433,9.502740099191865
2.91427546635586,4.290420642942642,26.82256779276623
2.6791695930116948,3.6188842159583925,17.54363513875006
4.8732820603556615,1.9330282046686391,9.104748097654403
4.665153237769102,2.8760852319072017,19.29476183540273
2.731422552014798,2.8220920541448637,10.876802609133984
2.142854392410104,2.5359229461187542,6.890246715337528
4.7842625063624435,4.114089257849486,40.48856872431599
3.079951285439274,2.9993596204545967,13.853864402587025
2.3228784795693587,4.415391731958257,22.643052574361988
3.7258418841357925,4.762565168735335,42.254823081608805
2.9311363976088414,3.6091505912122535,19.090444444858335
3.3140864259828478,3.0744499151680365,15.662773919077388
4.9330594848400935,4.3756518747355315,47.224990747843314
4.215776940129583,2.4676571316995806,12.835632122203252
3.1495676817518397,3.4386396522103095,18.620626268025223
4.270556329389452,2.7185350343988834,15.780629642962722
2.611761174431373,2.660309494377023,9.242038953547047
2.580910766530333,2.8653203339434556,10.594716918992265
3.2105915990054608,4.75902821281961,36.357300366841635
3.772445759207013,4.4218463038148705,36.88079675291879
4.058812024854369,1.9252293139632557,7.5220094403892785
3.949745639370992,4.303568399959524,36.5760289533575
1.7221621023730713,2.704027156415154,6.2960204517806515
1.88415520746381,2.76821361090176,7.2191468909474485
4.050711467070704,3.214506276245248,20.9281032776616
2.3228967127632627,3.0872902646759246,11.070183774689093
1.6070215140423767,3.77064265384739,11.424111870086398
2.750809861992659,1.3865856986309573,2.6443808904073896
4.545472032832427,3.656872142903794,30.392648448545337
1.3242585691448454,3.473974341546537,7.990905764997341
2.0368262730030677,2.094284305415089,4.4667872611902215
2.738421031324826,2.668902260482452,9.752940280187005
1.1988740972831642,4.133655532520892,10.242645626229672
3.166504339505783,3.5783445986035334,20.272831675266215
3.387067705105384,4.014736687468104,27.296566058331695
4.606047165990196,4.292625475066738,42.43697143475581
1.3977407942875715,1.012301391924817,0.7161703104976263
4.111339057390497,2.4757399930196247,12.599791628831582
2.8089702575302797,2.6513654697094697,9.873163679500156
3.537393949307234,3.10840145799429,17.089432495697064
2.9312405966530712,1.2895048185029152,2.437066667844209
1.6052301764551555,3.7105988667206127,11.050841116960406
2.9612415465697173,3.682268888186675,20.075891293695335
3.0532329194386794,3.3620751416887935,17.25618435106334
1.0617476533665444,4.815164120349259,12.308737293650605
1.3759514476041819,2.2244820688595723,3.40432436017114
1.287099432454898,1.4979093085822686,1.4439532828557227
3.159132446302073,3.7928509710557248,22.723195020412522
1.5845650199845847,1.1649399526303181,1.0751947839408174
1.2886805099568441,1.745028995832293,1.9620973897624898
1.1516211504412373,1.6140869411617382,1.5001458485348804
4.098803952820115,1.5948244089439099,5.212581983487128
1.4211300314764537,3.8120533120919617,10.325753490214845
2.970052483122447,2.4846312781162774,9.167649992927243
3.042736707973649,1.057033575222082,1.6998552575511252
3.2155296843702335,2.078234602117762,6.944031310303593
3.9406004366187215,2.6989623947568897,14.352450986029101
2.1758094425396024,2.4863077557901856,6.725129180046487
1.0400882352141463,2.0403815040434474,2.165025143172835
2.779697510729248,1.331036341788138,2.462336309264065
4.368735014989352,3.6890238549649,29.72683242510289
3.488198856955011,4.293863033495887,32.1564141934032
1.9604837395008268,3.0702435443967064,9.240147473379453
2.4657680217517006,1.1096175922720142,1.5179899191826538
4.9545710242924885,4.898950059062308,59.45413804349053
2.2978591852951173,3.9109886262321027,17.573834068622947
2.0573606823160357,4.094509181782308,17.245831515226236
3.134395047266658,1.744898711268141,4.771601654800497
3.5448031772209774,3.872457893879716,26.578810402599842
3.5068022537696972,2.8812348599738544,14.555884560607998
3.9038349845639004,4.41118246242034,37.9814464801588
2.238010702667333,1.7403004200038499,3.389070579830485
4.939746069812125,1.3656203110241636,4.606112740092952
4.26641620396869,1.957944012630088,8.177748734085947
3.0486469916392425,2.0005024977310932,6.100358244568625
3.8105149615064455,4.095960568109527,31.964300845383043
2.8482554014957313,4.189666461412363,24.998147972609644
4.014894218257269,3.384684404900067,22.99749178294894
4.866626328866815,2.4076831057824335,14.105765397622873
4.659582020653362,1.853504722716501,8.003949854326292
3.626203345606631,4.486648206819048,36.49775866963164
3.7934255759390516,3.897075765509552,28.805755547053202
3.5851399770171817,3.781587831504836,25.63447956446351
2.6000778330790464,1.0601408430666988,1.4611119275241866
4.371806104176439,3.348987219766498,24.51646652018934
1.0049923630611484,3.201801141767876,5.151354956935624
2.4964659253741024,4.431044372381509,24.50799850438467
4.0141577031697775,1.330678659997727,3.5539459551704207
4.953438291383618,4.183902724965819,43.35507269720142
4.312038064766561,2.9303012473924617,18.51301402811993
1.4153788017980777,1.2992280778771939,1.1945751783338092
3.406279306701083,3.5975996036886446,22.043264607727856
4.134871075404731,3.289931244343273,22.377193680313713
3.942172533923978,3.6236668006063075,25.882257060380557
1.162415384797193,1.2758662732158905,0.946110076985567
1.5529760047163323,4.697861187753679,17.137012360893586
2.110312876147532,2.684038064401115,7.601410638689057
4.99926717812755,3.2819407121110817,26.923890432930357
1.6199337286357998,1.271475338341682,1.309432555383894
4.762073462729312,2.9025669919939916,20.059984793409754
3.329346045473122,1.443947990410284,3.4708196124006103
4.425603562731329,2.0980850052515763,9.74066645469949
2.0605553872738276,3.594067529687565,13.308428108154068
1.9577002023139403,1.167705074914252,1.3346965116586946
2.2313441907289517,4.8660020530383505,26.416857075789835
3.3332563223535003,3.458157607352289,19.9309629139473
2.8603501931209476,4.391329704927929,27.5791770286085
2.341385680709873,2.8233454258498325,9.331919714634997
4.4259768594455915,4.511153907963899,45.035442242463795
3.540297836713108,2.5937700957943317,11.90893052799656
4.16887982340211,1.7477952244658432,6.367522334701087
3.969387619037439,3.6231669266858653,26.053747612463816
3.535154031614548,4.939919729051686,43.133840649720874
2.7300727530047544,1.5246343831569042,3.1730407106889036
1.103256865016446,1.2124711879665377,0.8109414463607162
1.5857345159220206,1.7952692257546792,2.555404506727158
1.5366341711860554,4.024063220569573,12.44142372270986
3.030354148782917,2.422955112737475,8.89516744234857
4.6839287872550015,2.075899912395223,10.09236872450032
4.67946584626536,2.91162260875482,19.83519398851472
1.4786114445466976,1.8042069236284886,2.406560354313078
3.5180295115178994,1.6063052206725343,4.538638829639508
2.7419204251118385,3.1424233135406108,13.537991195895042
1.8314379822462752,2.4542987509907244,5.515908760835578
1.5747182944223668,4.103351416569229,13.257154009866
3.6749799209448875,2.6524808355246763,12.927944661294134
2.4833724993161024,2.417319850224999,7.255713210987984
4.920080828195699,2.9495076691268802,21.40135649228957
2.521443503000221,4.009038499933471,20.262811285747475
2.271490739149888,3.0915692765974274,10.855227765685953
2.3560615381858834,2.9474577091667955,10.234150490659633
1.645542620042964,1.970275869147637,3.193987529925165
1.4606106600086664,4.261590886361159,13.26318967049273
2.3283939927524666,2.650801318629406,8.180518486126353
4.3574757227230485,1.9111367912160397,7.957717669243511
2.884983063003119,3.8920811628902134,21.8512883772029
2.885382981234019,4.847055885813749,33.89452284271802
3.6447268441763714,2.2883739720746354,9.543089320770754
4.403741414381001,2.474885015169137,13.486581030278167
2.7934384018328493,1.7023706755102181,4.047784311567863
3.893695853594145,3.1217267949871648,18.972379940947686
4.147844593946406,3.0889616967469546,19.788711953117595
2.9299651411625924,2.052656473936223,6.172555511900336
4.799234160790178,1.1657400743727142,3.26095944182956
2.3529245227852487,2.880800841001129,9.763476172494288
3.1520279319956908,3.574686332965922,20.1389090923119
1.7620350249853507,1.461655083562377,1.882237163203098
3.276866977985119,3.9309276121700347,25.31738867439004
4.564251804468427,4.70011589488843,50.41464738623857
2.315291894964139,4.014257362957331,18.654610304776146
3.575252426438658,4.929827502941297,43.44503597066424
3.255118019575758,1.7568291438029822,5.0233772931185845
2.053877393481839,1.1790022826588649,1.4274924204691928
3.626619737168813,3.3394464041017935,20.22185446845417
4.398339481508222,1.2973801021056177,3.701631796228313
3.956120337133466,4.014244623676796,31.874777845569543
3.905270202081431,4.955659356656017,47.95390562158051
2.320765758738718,4.258263597444676,21.041000962197135
1.288514892503347,2.924515762112544,5.510200217547749
4.902179577108644,1.2513181950898575,3.8379095900337896
3.825010571148223,3.3537172815339606,21.51074944259875
1.595323158566322,1.0886758941037118,0.9454006301388024
3.2364527675827586,1.7257079788286722,4.819188255947386
4.016069674371434,1.6923479881935983,5.751095535144045
2.891993132149595,2.9588073781217306,12.659036369357372
3.015382734815928,3.648066756624271,20.064946316438068
4.728093279488293,1.730606751283287,7.080319042037374
2.8874095147187835,1.715943813339051,4.250935487173155
1.867732535083293,2.388451170270226,5.327425955822238
1.2585591399106772,3.23825759610205,6.598822068580077
4.084649581482228,1.5951275821163073,5.196556558548062
3.7868537029365807,1.5625409567533795,4.622866491695513
3.7838160552254476,3.4481496607367945,22.494287141320278
2.5441919504988717,3.372636567180581,14.469681358470845
2.3492809925844087,4.827052803575638,27.369638958865686
1.304797949928851,3.900708829762701,9.926595767522775
1.7756840828823952,1.6307264819040492,2.3610106923230423
3.9768123383568517,3.5016462024665094,24.380894194962625
4.6764389274116,1.5766944520141841,5.812732672716857
4.894342945226794,4.4882438828788445,49.29663742488259
1.676415889970884,2.8971334992932514,7.035399907469778
4.185135959762743,3.156351728096373,20.84732616771446
3.1267947266556506,3.655195061583804,20.88769376969428
4.006238891167577,2.7711599888517653,15.382610612455567
1.0370449457534385,3.7332560246490964,7.226751691872268
3.832570502779041,3.224455430356734,19.923833958515655
2.396188553862429,4.733972376851485,26.84988516146703
3.9706252518857554,2.3125947074877455,10.617639101001386
1.6171407300586615,4.371411170858526,15.451161624500592
1.3955655093919273,4.417437351221988,13.616360149726358
2.0113809864846663,3.4759419553145396,12.15092599754732
1.3654966154365078,3.5857024268828375,8.778273800123674
4.012332616548333,2.3318634201986335,10.90870385869504
2.956432827079461,1.5507530404972543,3.5548665579329843
2.0430970771936177,2.8534521385406424,8.317641383175625
1.2623567999259402,2.5088658654326155,3.9728943264342504
3.4002972533239793,4.199724333013746,29.986685034791677
3.086972907187324,3.923993418600921,23.766178949195513
4.663386117943278,2.237860912181546,11.677168882756003
1.3612272065083357,3.7104992410446074,9.370555109815198
2.61957429684314,3.458058704567002,15.662657390182876
4.8493958910840576,2.001198112275037,9.71041550424385
1.9276642987327572,3.4873493847361745,11.721746591668024
1.389326135157523,3.678604046636184,9.400269361128807
3.3801581202124567,4.633704933347378,36.2880616988095
3.233468210105133,4.722046618042828,36.04949128100124
4.774383145153012,2.36010383298105,13.296872151064848
2.992072076028541,1.0460572280613567,1.6370160777542466
1.3118964381075129,2.734782433480753,4.905859661252403
1.9332264391737848,2.5427326020006658,6.249627220923586
4.991284030037207,1.575048085219708,6.1911299902839225
4.6599755462829995,3.0252438318378787,21.32428166259576
1.6541300038323898,1.9854935545245636,3.2604429592900237
3.825044010211842,3.622252542579792,25.093653257446718
1.6130900246875672,4.840266406423643,18.895880828118298
3.1447318392878953,2.239195063709705,7.883834125507879
2.4515724536541135,2.375940255703253,6.919676143721451
4.971757737244803,1.5123241089994526,5.6855137451968405
3.3016093748317386,2.78859549595685,12.837094448576142
2.9304689790893317,1.6696833044952193,4.084842744039537
1.4096642129511427,4.651222977643085,15.24824981981496
4.881064274064078,1.0307552667220317,2.5929590369014477
3.4081373931897185,3.9807081670153432,27.002736487465295
2.674275322625839,3.744406923706942,18.747449844069727
2.052588232239982,1.0543597120559323,1.140904898231171
2.6557559050440944,1.7048270492382156,3.8593913125630954
3.5288907712631006,2.595321529143533,11.884763914372472
4.361187583128835,4.533413610680176,44.81521245340157
2.7797169555384875,4.172404789882108,24.195993050478048
3.3901485046016426,1.6424122620582424,4.572493372278838
3.094996172889488,4.119717211113203,26.264245692548222
1.0050023003618254,1.4216452185617907,1.0155925761504845
1.926434072290196,4.740402823397776,21.64485353787777
4.846448180909036,1.3993601324464962,4.74517869051569
3.974124968131705,4.184843151916008,34.79925083155637
2.6107511913299204,2.792566551370575,10.179877522432246
2.6899485334767506,3.0977148708818314,12.906154399430013
3.1230152858326297,2.2099325000973806,7.626093610749017
1.3561078417818382,2.7741336319632697,5.218179167948021
4.965849776628053,3.9276884190544137,38.30342754736959
4.296610704844845,4.758373449062351,48.64218303337647
3.0435784519661717,4.1167282601238036,25.790449203598996
1.1892807614927503,1.9676938582582193,2.302339995595092
2.187591871598778,4.538098725269293,22.526005436540686
3.5875702644897944,3.621836794104368,23.53033839192205
2.6347974364180415,1.787485252710126,4.209225293196774
3.4919263170525627,2.7695431575518112,13.392182212783396
3.0018476450801903,2.838402072336576,12.092232286980064
1.8927942048256399,4.700830134324959,20.91329762964889
4.979074360801881,1.944145275620078,9.409705803629295
3.9495746140508214,2.973128937778232,17.45612387066209
1.6726570146259854,2.0649440573847917,3.566099703866107
2.0660333352943034,2.051176256941586,4.346235856455747
4.679084983839668,3.2744279161288894,25.084289590441628
3.9928995584613753,3.074628340246691,18.873117419310198
2.3356555401706762,2.2514925945987616,5.91997460818746
4.631578388895088,1.6290950317772874,6.145990174325117
3.842333313812722,2.395195453939589,11.021658689618425
4.778641009547002,3.9162384992916697,36.64482695353305
4.672717818403537,4.5920695939671,49.267041327396896
3.8217618840377945,3.425899156726231,22.42759883833133
2.500635806955236,3.579554260838795,16.020584246468637
2.7328359069514803,4.549238443367374,28.278798971946664
2.019671927429404,1.7022737210151169,2.9262378456513445
1.2367892039386748,3.158061217155333,6.16746620631168
4.124038153073625,1.647822944377232,5.599042579215734
2.072178627150007,1.0532171407111623,1.1492990064683037
2.111135490147433,4.287287823032237,19.40221853537212
2.719468570509339,2.7472094697007026,10.262132032099036
1.3782129157826608,2.410841515418425,4.0051947937467265
3.8399314754658778,1.3803571850542045,3.658275757152514
4.573051873488635,3.6406281348974217,30.306010829873028
4.524543914820015,2.1491993803948013,10.449565330315432
2.9113079482089024,2.748411838584255,10.995671876577957
4.8432763649926365,2.465586363391123,14.721419700736671
3.545144945841352,4.534997864330516,36.45508997124664
1.8814874165941142,3.3278236246252066,10.418181602675821
3.2783796427926992,3.0756358545119107,15.505974978082719
4.841558774842078,3.3834388446379564,27.71225552624949
2.196661518591726,1.329513105022178,1.9414150476924905
3.009615317244897,2.199660650995304,7.2810223591055765
2.8024771326383364,3.567160962812204,17.83025257568209
4.089161692219668,1.8810990012057776,7.2348177199679
1.7718569557892918,3.7752300439867144,12.626573271199373
4.450421994737949,3.144275063459715,21.999472144441295
1.435480470663681,3.7859459093335928,10.287648148221855
4.524887894999791,2.6217755384101467,15.551376739774788
1.4948388698006507,4.033807850447037,12.161714392769213
3.017460666409922,4.854003389409767,35.54772178329603
3.760513820792204,4.3456556056260425,35.50813024986742
1.5379813589405376,3.9485223130949887,11.989201768659752
1.410112749300077,1.3926125710159774,1.3673650212232153
2.1503941250388223,3.3151248338860464,11.816472341533064
4.221631052948767,3.0344857150034055,19.436607952348634
1.1322131414838572,4.373288238446436,10.827156144070337
2.0601148360428754,2.3987244095230187,5.9268255329626784
3.478089441750626,2.825743406648536,13.88596915497754
2.865054775850351,4.056545987280224,23.573048043254314
4.931661473900556,3.092695799263481,23.585097216840143
3.8458536095291627,1.4541266703587343,4.065998679960114
3.2248538228328814,1.919385193888381,5.940244468829698
2.4053301592203375,2.250642892963629,6.091971794729398
3.972249643758876,2.7321301588833307,14.825498654602018
3.332455883051423,4.615123039613218,35.48958988626871
3.413343224534676,1.8742522940304158,5.995233008944093
1.3471095657363654,2.8545014236469934,5.4882445178974155
3.7963108906219607,3.9879939551123997,30.18844601896807
3.105801397539461,2.5264677098250528,9.912225861254393
2.129600889274128,3.1893023691599964,10.830777018827018
3.445179289965516,4.869368839029354,40.84389740393766
4.914810981199538,2.84448424954637,19.883090578217786
1.4584296418525726,1.5008874055671284,1.6426752492076997
2.5208018822940432,4.665029859259293,27.42948000375433
2.3207102829872097,1.5037374447438911,2.6238255664473975
4.670085081965819,1.0750076452472528,2.6984719183116366
4.692956729427964,1.065119961107413,2.6620340224700185
2.4733839370306305,3.6241083252188155,16.242911611002423
3.044956386582853,2.456372320686204,9.186275602196767
1.5547384010856278,2.8363264567195206,6.253739141823832
2.6948948066596667,4.966220905609372,33.23256702717281
1.9550984050488633,1.7744907002450399,3.0781237869953095
1.8307139539967223,2.090523493000197,4.000374046890657
3.1393976143121547,1.0320034481760914,1.6717780740133181
3.11554072108139,1.4813743439718277,3.418480240499581
2.7256796387674203,4.600919825741133,28.849224622581566
3.1256816720410305,3.4908896559651845,19.045263830676184
2.5491061640639208,3.5964388322779604,16.48554404637929
4.815174813793801,3.1061662540326345,23.229050455677463
4.357536298971009,1.1143924798225182,2.7057481070688407
2.577626954745752,1.7022316108595539,3.7344562105278447
2.956767645833999,1.2878053619070955,2.4518147852272105
1.0214439846562335,3.6581212040817745,6.834405472886866
1.6972528081290643,1.4052264978704487,1.6757498967451627
3.139222039163466,1.0229665752445718,1.642536111398785
3.7969495441633576,2.2172359460945024,9.33315873052252
2.6661933786855148,1.1916501694021013,1.8930374600522653
1.9708959410513556,2.8646695085141634,8.08691261670363
3.221696375570599,3.257017827034794,17.08814356833614
3.3222859607301194,3.172660031863529,16.720685964508803
3.673435086633789,3.697363553936659,25.108842124902015
1.3542777146804292,2.9644752311650864,5.950773063273204
1.7684453380431617,3.1800825244950865,8.942077413622028
2.2348544190460933,3.3342593047202302,12.422756879183598
3.5114685736821403,2.6990954351073073,12.790728239456714
4.252651829424202,3.874767362063379,31.92427903160781
3.0449913394919155,4.923003112968901,36.89914361972178
2.720861004657803,3.405388003935161,15.776460134337762
4.844189604564593,3.2734524116900445,25.95393430802716
2.1568734350861316,4.2883652668795005,19.83253391092511
3.3780625742216825,2.9198937410283508,14.400308253083189
3.9353626264311687,3.2226650353523105,20.43549187851664
4.00840092725871,4.224153563434646,35.761897515688666
1.6475536463779954,4.391482306769939,15.886632294076362
3.8931162445274037,4.294253907533264,35.895732065815054
1.5792387025570132,1.2679969620463836,1.269562860432121
2.4878734123071915,3.050800996921592,11.57779998287966
1.3919843754025925,1.5989724249554351,1.779452145970217
1.227510416878415,2.8316222927741976,4.9211413131916375
3.54035364116511,3.1185319367411797,17.2153969724972
2.8780400416150678,4.34666558462267,27.188127215998843
1.9697361144677572,1.1945482751758933,1.4053531228526586
3.9518793486495993,4.851947919795327,46.51638351525196
4.56083711698818,3.3086894276691825,24.964712799622394
1.529240185092703,1.6385490257676008,2.0528848341973
2.232545944211494,4.637979657026451,24.011986377141554
4.827296555756675,2.2075098600397203,11.761948897170162
4.532875732938635,4.639091775265163,48.77640028330616
1.2456166402423814,3.6922308612020944,8.49047723117091
1.8551491904352662,2.607728745487288,6.307738408382536
2.5829026719922283,4.090388844031606,21.607635065262464
4.530466322344343,4.033910209598632,36.86085162589181
2.540660524810616,2.2399587306012965,6.373774259376396
4.279472147418806,2.2246885057524137,10.590065113644856
1.5239826530621676,4.18727954976241,13.360230166608645
4.073695702371198,4.239807190136839,36.61430570266099
4.119235869245163,1.3825764062417831,3.936995764676299
2.5108693183410726,1.2686789157252796,2.0206800739757775
2.6138130985766215,3.7609315678904602,18.48567855614857
4.303870770201906,2.7605254595951023,16.398825351841836
3.438502650889114,2.2535338812499783,8.73107164072154
3.5774967900439902,3.3682643378501615,20.29371660822744
4.926259199856387,1.078002226010049,2.8623753192580366
2.5757781222522445,2.729371019592525,9.594085982030835
2.811391693255444,1.0912270106993023,1.673869424110601
3.2209012807832886,1.906606626564098,5.854227758709331
4.711287365137416,4.269201663461841,42.93415690780616
2.1091635221516283,4.265667810389048,19.189087328574818
1.1863449853013246,3.1940906893245806,6.051673498821755
3.7094398595711495,2.949446589075422,16.134644865592325
4.688509724810714,2.5134137298102055,14.809240694120787
1.5103359504965455,3.576408871866263,9.65912733724503
4.139292590280706,3.968635748490909,32.59707341149985
1.8713191302179695,2.2180753840432903,4.603312579642287
3.9896475566368026,4.965859095290379,49.191868742017164
3.7203396795497343,1.497524003900356,4.171576223566224
4.1681372747374965,2.0029821551977056,8.361153148094834
2.710500646613337,4.78121624289894,30.981061369633764
4.942362718555778,1.3946323507118188,4.806446245399553
2.256831729106293,4.594918753779108,23.82455824718939
2.362210458382402,4.085992290654735,19.71894510854975
4.603102945666036,3.6786459572908483,31.14559818885356
1.9741597245115785,3.8598730767899654,14.706127944146807
3.8550124882783052,1.60466939079507,4.963258906544648
4.26792318470538,1.6603328252304048,5.882702784650336
2.0807236810085774,1.2901524557592574,1.731675374582151
4.033329781249834,3.2055722966700024,20.722630810781585
4.152421574633227,3.97476216968963,32.80150259122708
3.348020726666365,4.303994172354124,31.009980383067077
4.747413365884652,2.6552666790341006,16.73567924408702
2.6425367296874165,3.7909185526672777,18.988031535978994
3.075490974353819,1.0699064542133434,1.7602569835572388
1.5979511295307183,2.8445523252343863,6.464893149704251
4.96011753813721,4.260002223693552,45.00716150443038
3.5411435329949703,2.2030117700067735,8.593046652018039
4.87635720905765,3.7623040616187238,34.512251990287346
3.605412443412995,2.2413242920367193,9.055957046062371
2.4394517721609517,3.6220353084725985,16.001754387678336
1.97683372216692,3.7354097985839325,13.791663509067831
3.0973461940386704,3.0155217805708583,14.082659972208317
4.952429135141574,2.846832645758625,20.068372289142367
1.158214116635372,2.1007924894305545,2.5557900230191817
1.6217958357843827,1.6718222642098621,2.2664513145622625
1.2041041754234927,1.1012901044638501,0.7301927903571818
3.108319766376421,4.3522991029225935,29.43968521443027
1.4370071953239951,3.8237229881498997,10.505138707544523
2.750589655934301,2.388266315206189,7.844428633953276
4.546797845359494,1.0087752542935173,2.3134732932779025
4.003918943552275,4.186467423173232,35.087361671252076
2.6324978612577796,1.628603973939271,3.4911540409514665
2.19407521680248,1.6470081255230888,2.975863452690658
2.8331640708782575,1.8235059475923001,4.710381669395635
1.487646450136336,4.744197260717684,16.741532545106477
1.1944664734678305,4.770197703061871,13.5899145693962
2.1239799081733124,3.278213464148052,11.412869934294568
2.2084835135989387,1.43515724497439,2.2743805956084735
4.636212677562056,2.7559187444758937,17.606221928837147
1.237596900586293,3.302509148239009,6.748966556015288
2.601594232909635,3.1830383398669144,13.179329166129897
2.1652527729198803,1.3297067094381751,1.914213294026801
3.7795673747313177,1.868102373459898,6.594979353670555
1.5957810034101576,1.7568061709969855,2.4625836500925575
4.72335809758682,4.605229090722073,50.08680804160287
3.916781877818352,2.3429324818449087,10.750259252863971
1.718724471342171,2.0292759286126967,3.538819994721787
1.4047464909814216,2.5440117029420843,4.545756515536773
2.0628601227710117,1.651364329246113,2.8127140556736943
3.180824012903594,3.974556081653714,25.123891218965433
1.9217500868396997,3.8281690845602707,14.081507053418813
4.27780748633332,2.5498089070863412,13.906137148370071
4.456234704281728,1.4207679928201729,4.497636888915564
2.3018495219266564,3.864537372910638,17.188657453111322
3.0339924278611528,2.1445499843825697,6.976809149585105
3.4359573922656326,1.1376595053635121,2.2235268270092337
3.7904148068364805,1.825184257478238,6.313499824753374
3.9078800891757774,1.6930587952552472,5.600867697433322
1.2268777089622942,1.3364808767597554,1.0957129087027655
2.7497111452217418,1.6114163153593206,3.570035965242233
3.3544957259087513,4.316880479965745,31.256280559772232
1.0976243929731138,4.711158497516386,12.180894597724622
1.8943208442875075,4.957810566103019,23.281094830009188
3.981154276574051,4.694282460945743,43.86493075346087
4.333058482140398,4.695267683105699,47.762304046742564
4.960278710473709,3.969726572767382,39.083844136508986
4.087625619304767,4.210134779550122,36.22706206500673
2.358634935753501,1.4575939800721316,2.5055545544339184
4.777620355067302,1.383725426084227,4.573845422570601
3.062727870438133,3.7652375618552036,21.71016779127973
3.3739971219451412,3.2845103059558083,18.199353887292425
3.2042870799473024,4.858994960387875,37.82633985883656
3.7295142844767333,4.0706225577938415,30.89896618961668
3.1874386760179894,4.124174813962895,27.107281997729284
4.380706727138423,2.2882388725172227,11.46877155633207
3.9052233243063146,1.9089179676363197,7.115254036780612
2.9168595577196137,3.6178079960724685,19.088708762936488
4.2913379277903765,3.1328529027822656,21.05924160593125
4.175220743025369,4.752382356390093,47.14896845887392
1.5852135560829175,4.5791070963228195,16.61955472183488
2.5638004964503307,1.318887559104553,2.2298198378843823
1.5643460185685227,4.749428953702301,17.643535535527413
1.2197398356523204,4.566267624905763,12.716275696186942
1.7083990348934823,4.377395495147979,16.36782205986017
4.70275802213528,2.068314277404935,10.059020587248913
2.889492367980545,3.8875100752663716,21.83406562176645
1.0983025962113153,1.0475865965842188,0.6026593251029152
4.960332925988141,2.935084787583575,21.365946354090653
3.508990785763329,4.521610641354625,35.87059302622102
3.1622676418966345,3.1472863274511464,15.661780701349088
1.7058045081194577,1.5602610912951729,2.076317761925969
3.4424321619146068,3.30586835639203,18.810767078166503
4.136710962897103,2.680798521800482,14.864610449231126
4.108592062273637,3.621744621178434,26.946271094042338
2.104233314314552,1.4462390900707152,2.200615096928042
1.7363288145942808,4.785888319109691,19.885068742854124
2.031174815960891,1.6618379119907156,2.8047530721165863
4.479722016524817,4.4467405979129575,44.289896003691496
2.454547726328957,3.523634815457873,15.237835123374822
3.7039471033930305,4.057589195380615,30.490948259661426
3.561639832492733,3.3540183354369066,20.033225007909643
4.982324773653586,3.467385069091783,29.95064554816393
3.49099996524315,2.789901055520114,13.58618272347246
1.6940888902500317,1.5627191602085122,2.068559763156844
1.2741409312780982,1.2779736717899923,1.0404741272460867
1.0791177349150058,1.7558951537829026,1.6635505215356494
2.9688547867600774,4.813792518156385,34.398039852419664
1.8911868832536252,1.809043557330631,3.094585589712089
1.3389149630696564,3.0608132009354763,6.271864265924416
3.5482017918231943,1.9908559888212256,7.031662327740971
1.2762867646625784,4.151441634462168,10.998061475242071
4.9617418820930785,3.844031279004383,36.6587791824094
4.402896891088467,3.8406041878853676,32.471894081774934
2.338938290027706,4.772950196832828,26.64173925440905
1.1847571812341653,4.094134841040039,9.929414450442504
1.7293467691812872,3.540428681522671,10.838365485317361
4.906900557744244,3.298251108865969,26.689761645982657
3.8581378627605494,2.7910070152008544,15.026907142681344
2.970074979764797,4.489404164821387,29.930558985544785
1.5326301640341868,4.66599108982156,16.68380800290611
2.9815622912993267,1.399383664351895,2.9193589113977816
1.2267693557388153,1.8465934236685762,2.0915848738063887
3.2160565712912788,2.1795927027731934,7.639138329248234
1.6038160288905403,1.209450847439303,1.1730080707677712
2.370206023179758,2.3274392554742906,6.419671594239747
4.7292229533635775,4.7586607267878405,53.546276720466075
1.1469874264609632,2.0916653342691096,2.5090716247612286
1.365155795885126,2.49188299999827,4.238454410262236
1.5856342173765805,4.257834044986798,14.37310088427467
2.8745026798088085,2.766906463034599,11.003267666983026
3.054119224903799,4.428068859876628,29.942270043730918
4.169475089035425,1.711172470089748,6.104343399846442
2.7300524413187213,1.3139644986450016,2.3567214605889744
1.0360196770600907,2.1044570009806183,2.294130513614104
1.752427250698581,1.3407172077391931,1.5750138212680416
4.027648556835507,2.472327147732927,12.309302591322929
2.697033406310531,3.2162171353806963,13.949127792911968
3.397386854119017,3.150317490243352,16.85868340834045
3.018528103938297,2.268121588226428,7.764221070810076
1.6141887903805596,3.1892615805866034,8.209271399771048
3.825838785210834,4.401699018721461,37.0627257183716
2.2674038622835972,3.599770748584481,14.690905787218854
3.8821896651746552,2.993166476179124,17.390357030021764
3.0411945300450207,4.458550275820253,30.227452088886313
2.3284567017360978,1.0467809237670846,1.2757035674828585
4.744771693066559,3.2460417275367996,24.99732410216681
2.3599888363960124,4.998282228330699,29.479594326991165
1.9640413833789792,2.8628562042231476,8.04858821239229
4.126084601792349,1.2443467748034922,3.1944124210343636
4.4524722335483995,4.98882670612375,55.4074369445222
2.8734315298393165,2.0315944426515182,5.929866137372701
4.309396255412561,2.0338771797067383,8.913245761543703
1.045279661571998,4.019493580242728,8.44394086737535
2.8518690398544555,4.096145823321496,23.924914872486085
1.8893295583420486,2.6440133016901712,6.603968526944919
2.0697037194732557,3.7328610142202865,14.419885925122603
3.5823694341521213,2.5734261096187803,11.862160090415975
3.2804293112633474,1.9956191293029084,6.5321478282852095
4.044156672638444,2.595926693641501,13.626453071854703
4.6370985296190455,4.081005051495318,38.61451575682736
4.576610015849875,3.4336542646458423,26.979073959493537
3.1003600189808904,4.83877807869656,36.295563308455485
3.6933270814063537,1.892591774468912,6.614570830207416
3.579826928353506,3.795710197278564,25.78802770649089
3.0177308832895537,2.3961840837630484,8.663449934927515
4.297463923165797,4.455344528120362,42.652533275270926
3.528801700256899,1.2864397718957425,2.9199551115810145
1.2953879274255962,4.117338330815721,10.980015682415457
3.5527344326029526,3.593505509918039,22.938730532865684
2.825970354247413,1.8786732862481408,4.987008700104377
4.254577704060843,4.713850642302515,47.26918342052481
1.936554478160069,4.8391349682838225,22.67436814008405
4.8101566050916436,1.1294216084121764,3.0679014549563846
2.7213900753583826,4.270211512019204,24.811874454025983
3.403916213407542,2.416933419399195,9.942102573279168
2.2891393362434993,3.3287386659930704,12.682405474063433
4.571130233101375,4.789149959411001,52.42162399665996
3.1747785501847274,3.406858776211843,18.42433002035435
3.922436677017298,2.006667515312508,7.89726635469994
4.737723566288205,4.225823950973255,42.3021579054067
4.553282415507763,1.8190687201618259,7.533430819252052
4.279567890662015,4.805374385868822,49.41108414213805
3.3413430100079187,3.3089218679558643,18.29212204422098
3.500244984923192,3.902225664232896,26.649754222985223
1.3293903987348354,1.1841371420125824,0.9320228271913041
3.249988374898259,1.7212044804201763,4.8141181831123205
2.5361648986021397,2.7387912568887245,9.51185798224747
1.686020944047406,1.9798442066986488,3.304418186860238
1.9776682806328028,1.5238926420152086,2.296318880311208
2.7939305270194947,3.9349939780477263,21.630858251374278
2.3636183381442177,3.1780262145994893,11.936096069780097
4.907598962110276,3.431767202208697,28.898460606547896
1.7792311089028874,1.7530014089722745,2.7338009999444837
3.7474289123542235,3.1030273803446704,18.04158226367469
3.392698186600534,4.349548470296641,32.092502281399234
3.0961158286302917,1.663884976162711,4.2858187916639325
4.258175697670507,2.267833982822854,10.950049915687355
2.242459140974547,3.3912677175294084,12.894921257076675
3.789181426062806,1.9108366673982693,6.917712949966481
3.1364853400702204,1.841899917633273,5.320412721935616
3.3803497570176146,2.220934439440029,8.33687173240234
2.754961427774676,2.6519491314474157,9.687593468660793
1.7273844672785117,4.0110900129953,13.895808827103833
1.1967524262416944,2.1294520469739617,2.7133764434104424
3.694332235609863,4.351516150093439,34.977370165679424
1.0847494546223557,2.602889408289349,3.6746068233084794
2.84972755591899,4.657307406459575,30.90602527068293
2.5125477411043087,2.6666036190378004,8.933080657335706
3.1281285152175706,4.118498372376334,26.529703050282443
2.8605855639511244,2.119734774166519,6.426699533400806
1.7554832963042082,2.3008988971116526,4.646883425342526
1.1570849970346995,1.1729600038344286,0.7959791171442274
3.083716958029172,2.939556987630695,13.323191845033381
3.2107840860031183,4.977548457438817,39.77517503002866
3.090040527327672,1.5559978533455983,3.7406938597575263
3.311998376133271,3.2788088892089533,17.802964555357693
2.5094704836337636,4.281512663742285,23.000991740578147
2.4614077265210392,3.503445891061955,15.105823038618624
2.1557666714503156,1.8136587427181312,3.545544211201016
4.631977018627463,1.695742990188902,6.659727530825161
2.8452801635431464,1.327551515861923,2.507250960425188
2.520325883694425,3.555801898495182,15.933156390346905
3.9940263401787317,2.169773663473386,9.401773751850834
4.418591293936242,3.8629676005661806,32.96825556820546
3.776280101061089,2.0164697452689184,7.677461107505772
1.1398580858215386,1.4431890655423465,1.187045177925685
3.4261293113727747,4.4107760369230595,33.32757908248224
2.1538931365594816,3.9036843510108614,16.41132114606837
2.3910267072705915,3.0300820197055063,10.976482773691137
3.257029371276563,4.24053134886317,29.284123896251806
3.421042349058049,3.204129111088984,17.56096875528586
4.741820538512475,1.9030234247336542,8.58624716598356
