m,g,z,target
2.230581397170053,4.711819100918496,3.5298939897755854,37.0995248200487
1.2480208444295218,4.611747940513814,1.3004510121284656,7.484820652986203
4.955140337360718,2.710467319142201,3.888334211617088,52.22322895006721
3.876361185202307,3.0432227904319356,2.8674488296144864,33.82623490200458
4.030278558312925,3.3328004988614897,3.9670101998644287,53.285334789670124
2.055032421350989,4.80932122851127,4.415166501387889,43.63646386758768
4.256928476333663,2.1231547963110904,2.9627964635088038,26.77810437924868
3.2760823527962066,4.1813812695971695,1.5492142393177857,21.221987769329644
2.8377908756558683,4.9005600101136615,1.3497127884503382,18.770137867733435
1.5228249664990336,2.8526291344889345,2.850637404012479,12.383325286564615
2.272906224221236,3.8498370980828844,4.933421179777804,43.16900761657335
2.3885591912710917,1.411326318867105,4.783398780235485,16.1250116469474
1.1976557754944537,2.548596908154047,4.547636087835562,13.8809397514576
4.855380986739556,2.793800605053332,1.781448996870858,24.165295676338804
4.859002472338842,2.441587336956814,1.9138509685583163,22.705313366261027
1.4426684068873556,1.691796131198981,1.6589971550046219,4.049115732150589
2.3571525468182557,1.2601061396994027,2.3004692330425707,6.832997257105187
3.2536298515727027,2.6587919743850112,4.858632578707885,42.030694008256596
2.9472745840509336,3.2152816174052266,2.0450752780712684,19.379783242634787
3.2596931471724604,4.771295342275467,1.296863967489641,20.17007176524593
4.444215307736394,1.3142244867983788,3.6694405665203194,21.432088974842454
4.26148498437571,2.801592078111007,2.792947508044802,33.34483990855362
2.640405517071603,1.4019591984902147,4.792811012315573,17.741744082494243
3.092423240609251,1.8712482745237131,4.982289333572625,28.830972099849554
1.754241855000152,1.9922891422982576,4.0695796411252605,14.223005856583496
2.8241912346118463,4.036769363626514,2.6379459005019097,30.07418885915376
4.049814090697582,3.1769853036103934,4.518102919161301,58.130815094022836
2.013632897836217,4.0028164764202145,3.121663535999052,25.16124161342413
1.9832104915609916,1.9588367277223946,4.8850763149448415,18.9774738773527
4.9871685408088275,1.2054138360892797,3.162994155431168,19.014661870584998
1.9039768591855974,2.1557540558280066,3.1829568136849025,13.064464818753432
4.850128017402664,4.226184459349123,1.9229378545983389,39.415487233134535
1.9944098945612594,1.2260912745806993,1.0190828711072686,2.4919924595686966
3.851959248590049,3.3181489478936195,3.3270496016819298,42.52426703245695
1.1795295332954496,1.6303636271386126,1.2677896828198127,2.4380382241565206
3.694917091378415,4.575550247537999,4.301586016341427,72.72381252645091
2.665735272312819,1.2744393095425455,4.777658323994061,16.231223761353153
3.0547115700478376,2.824049002568325,3.51196169176441,30.296482458858325
3.0424700854751787,4.780756393219165,3.8500424202675463,56.000054018277204
2.5196059276570675,1.7054683290207882,1.0790509437896696,4.636798562991319
1.071790575353719,1.3313139626484833,1.5546616548529903,2.218330792470438
4.230877627068748,3.4349542029549456,1.821025249039005,26.464724826775047
2.649873004529849,4.330419251914301,2.821219468874535,32.37366570833528
2.1392770211603818,4.559217465469348,3.49775976335114,34.11515206477819
4.581709846456331,2.572964451480669,3.1395769226544683,37.01114292478422
3.0639481564392446,1.4206842434965394,3.2469502591439747,14.133659097695274
4.933403745432932,3.3232025517443247,4.286629739551488,70.27800822926636
2.8240644147185345,4.4813769240591865,1.1878744480508971,15.033379207571324
3.845245030570569,4.29294044652376,4.936588733073355,81.49028394286547
1.3601288714466784,3.0026729448265668,4.046975024477635,16.52793569619205
2.7315054937858503,1.501861771804677,2.2175132799034247,9.097001590439382
2.7792922285823956,4.236498834165735,3.1040190953505205,36.54817439794903
1.0369464501823829,1.40952074691812,3.1842846391718114,4.654142579272803
4.062820858825269,1.3054079901138675,2.494858011268051,13.23182577777236
4.051999843468877,4.351044023183908,2.5522700025748746,44.997616858028955
2.0171278516540854,3.1845836458072423,2.927406764034059,18.804819035940852
4.880219915979582,4.927112285163448,1.7827727074458282,42.867467710190084
4.200298279167205,4.6809124346976,4.990289432821211,98.11522054233671
3.504902583362658,1.6893888402856958,4.798019170137969,28.40975911349558
1.5848371109364892,3.0572005867434955,1.4730663314786874,7.137249351600074
2.630485126821351,1.547750631836235,4.63641163343641,18.876385036776902
1.5905228423951434,3.5845256692293748,4.156047532686818,23.694748934069047
1.7983927288620376,1.648794383021618,1.2919861323096864,3.8309712199249204
1.9854380716172066,4.541933738679506,3.477337898185201,31.357687898599135
2.3383031227093647,3.3801838064570475,3.6087650438420713,28.523297640393096
3.05600933197009,2.760302488096535,2.3524513038182016,19.84412688057595
4.09481901238771,3.3085852245273,2.9242952370592286,39.61852054941253
3.743737751372527,1.92115539627379,3.9918188012506217,28.71036628114215
1.8799428722115006,4.830069774390914,4.97063709652986,45.13465356501914
1.214950483635818,2.5329955001981856,3.3759329801522315,10.389312577476318
1.9336196470909761,1.96091366725399,3.8899951897484444,14.749543802904306
1.295693230110044,3.7102327464289324,1.9360954088080486,9.307436863453999
4.18098144920017,1.0849139311915472,3.6193653681547753,16.417459480216316
1.2742949601986528,4.326131746929242,1.0732483327264712,5.916568938351448
3.9577634891798654,3.559451663558806,1.0379784446324969,14.622487952737467
3.8934550065630664,2.371795368015696,1.5417335836574333,14.237105708320902
2.3245781436231,3.1328593283269046,3.657041788824106,26.632685938664473
3.610682678233699,1.185737313275054,3.3396887304237546,14.298280089416354
3.0268620196725884,1.126034786494241,1.2225257589688892,4.166798027696304
4.929280509999254,4.244603394790177,4.713775454509966,98.62557333856996
2.52336176180196,4.453276039953506,4.317222774076038,48.513610050862816
4.7386074198550165,4.075280892335137,4.631529338901295,89.44018685305004
2.157364863425796,1.7242659015093795,2.651497156503264,9.863226507033348
2.5315207834282543,4.808906971697088,4.679986590387728,56.97344513332448
3.006279857755153,1.1525516272681244,1.8443587927197704,6.39050539468448
3.6371052904462715,2.1779396771897517,4.120604469131017,32.64093943868984
1.8146467037999718,3.368475806668439,4.180552300539311,25.554016899792842
4.923075571469974,2.0181141309280357,4.332958178976096,43.049362358045656
4.859747746504185,4.095347639280675,4.881478092192518,97.15291704808794
3.5464144543971696,2.149126152867535,1.1412720874794338,8.698424399284278
2.7988434896332537,3.864902335145694,1.4377000169810685,15.551970197048233
3.128914121605975,1.6875516697748814,1.0415439304579843,5.499564688685027
3.5224564938837704,2.915444111307504,1.0046770839217638,10.317556472890416
3.5969672649929176,1.1397101962178424,3.756447280406317,15.399556630402909
4.612555401016438,1.2151366156827565,4.772368530132224,26.74857659639895
3.5940780690173066,3.329985917397008,3.731996479686899,44.66538982412903
4.940231104553746,2.9238217258518984,3.550015056618709,51.2776778546399
3.7577783374018936,4.71157012393801,4.340727678562288,76.8527404527261
3.1552275087047708,4.42911962518451,4.527942254321343,63.277450016594415
1.5920097086508305,3.090787037855748,2.2767331322187907,11.202808746698306
3.7609756334953697,4.432834734644254,4.482827097018506,74.73672249011614
2.915650471226048,3.188925462140305,2.474217256730106,23.004757481191916
1.0334578247633974,3.997169869875824,2.1483519183457864,8.874640858519872
1.7807851492123716,3.6482545328112423,3.9919991029109494,25.935050082197293
4.037051895844788,1.84796491459571,4.900948235004341,36.56269242972228
4.343194982017615,1.154213692528165,3.1163885542065755,15.622378278899898
4.395389879743401,2.96267217818336,3.315067713143293,43.16914097656003
3.3686753968238685,2.1882193821363125,4.7516139926774965,35.02605116532144
4.368575708071333,3.1961395864345077,3.016383147563307,42.11648424246433
2.9370336563485018,2.9400208309225375,4.844210470996446,41.82946739797699
3.143570607665765,1.2210470416176218,1.9680202820977257,7.554142710082527
4.584387326576186,4.140255006718215,4.957725020457111,94.10026128136296
4.8142102204112724,1.2631107108081312,2.832806378320461,17.225957047744394
4.7134065445671345,4.895878871691991,2.4314815910164227,56.10951965267875
3.5405584512489656,3.092379334617104,3.690341150596288,40.40462188893329
3.137904450173867,1.3561724911249158,1.3091594911199698,5.571180181683514
1.2916390345583677,2.3748535154133514,2.900259167819152,8.896410140645965
4.320479304120505,1.8898392337660788,2.849051566000463,23.262538223842448
1.044238577558544,3.385962731701665,4.8661768361321585,17.205598892473358
4.268299014714919,2.3106945287922094,2.8722585108493455,28.328325062590693
1.3745393676257875,1.9194698883026717,2.4027084668439556,6.33927460697811
3.2388488392261645,3.9842854773216247,3.5116277141029184,45.315794194750495
4.312162330660397,4.922127191236813,4.059274215757858,86.15814175187131
4.085499932631382,4.025097749898073,3.2757951101912206,53.86893253792129
3.048215924928808,2.4983399505791355,3.7570298201121055,28.611584038973184
2.122699676091303,1.1681358460187279,1.1340480763266667,2.8119874040948476
2.389070811702629,4.968817322804142,3.1837921702059955,37.79433977009912
3.7290092204775114,4.98368425648219,1.1246136185750308,20.900049520983263
3.3943431199580916,3.0692070075768485,3.261417823175706,33.97726070823087
1.4315184344547727,1.9693943544411447,1.8020515516537228,5.080387565890837
3.841336333399749,3.2490437345852983,1.6780059190918464,20.942637708802692
2.042342589151521,3.1354966155316455,3.3166884286507803,21.239270974020965
4.27270372004382,1.0422469637666278,1.6862413849447453,7.509191178531272
1.3566029346392416,3.38903672048676,4.472585888331043,20.563058729068526
1.4869053388838136,3.008154890710962,3.343888952809748,14.956685504186806
1.820223628039864,2.8644392175524933,4.747851647504927,24.754918400224394
3.532002541777876,4.202850958450419,4.947868709506612,73.44853942672991
4.585625827412592,2.8082293524252036,3.94117098090569,50.75238614203804
1.7745397428987433,2.205020976629769,1.6057692590272241,6.283210289527094
2.262851207985438,2.8330135509645156,3.4061553621164005,21.83579976942581
3.4924162035087747,2.255263224721219,4.718526849770088,37.16461715437397
1.2230676734194437,1.6480577571079813,3.1774282533816818,6.404698175854557
4.734614233190362,3.308887196357629,4.686837393556884,73.42542135526756
3.4107232947859067,4.5122372195705225,1.1526298061230067,17.73896418261056
4.636866651274709,4.686108530035556,4.697517190134753,102.07169509684614
2.851682043479071,1.074766752251528,1.9155064082809625,5.870822274760399
2.555513290900867,1.4349642515912424,2.782719778719559,10.204428822546195
4.303378611481047,2.209214167578673,2.690217339028727,25.57612490238508
3.7055007884816282,1.9871248336429215,2.212937481994854,16.294506269250945
2.6302649829311076,2.881477561743875,2.0000004116723344,15.158102179598258
3.3353239320897465,1.9815991672660695,4.83593212583502,31.96200591219962
1.6354906881881455,1.0033273558622322,4.159053361779928,6.824726029036967
2.1179146092761454,2.0100668929120498,4.17963328060837,17.793325979872634
2.0604422864207086,4.908023489586766,2.635273552622641,26.649728591091915
1.6673476792083428,2.146834733985753,3.29887804281979,11.80839963940527
2.5727479352922646,3.3583204545982217,1.1201585959481806,9.67829574424894
3.0558560527125906,3.12437975742117,3.5555213997801456,33.946890933116286
2.0021491100268394,3.63175006818004,2.818385702743577,20.493342522525904
3.3679404510619717,1.5029650159720496,4.900546291162831,24.806058971154087
3.9217632551311605,1.3266060145716398,4.493040771684267,23.375649926050087
3.6122794444764117,2.7968818924292695,4.591767047394432,46.39116875615515
1.0416437887760495,4.482486671134611,3.4242665950945725,15.988429436720766
4.849752320594387,4.743042097334106,4.384337331071963,100.85106765426248
3.297877010401875,2.217677744262948,4.204139512963197,30.74751434676941
4.588872529062786,2.3214763901369726,3.6211740792630325,38.57621984404003
2.946207972783044,2.51143116445179,4.3152301682108,31.92924467323748
3.109572173518595,3.907618248694935,4.25364833483622,51.686170119323435
4.780311187109126,4.046090301441113,4.990224912734584,96.51878811840761
4.505826168563335,3.793334115210344,3.979708286389981,68.0215884078305
1.122233638121271,4.443504933862178,3.32354533512025,16.57335969824133
2.2468863476251495,3.792019174979541,2.060685637079118,17.557528185043015
4.92714790846815,3.543604226951876,3.776586268429292,65.93867566424143
2.1913867616534155,4.76369882078802,1.310037852638466,13.675624705141777
1.7005800389473085,1.3737558558353324,4.1893644523385625,9.787116931906768
4.063377637520869,2.320248344476354,3.570717527028661,33.66488637137551
1.577965236193584,1.8300229457710921,3.2242597174565337,9.310735379088513
4.203925988802912,2.0723176139279214,3.053497257338525,26.601670767299147
2.2431718005339008,1.5303516390111103,1.24669627984329,4.279710903787279
3.1845894275095414,4.896672679915554,2.8752128701152713,44.83575910709487
2.980019247145536,1.407609369064578,1.5774720833435998,6.617026899780844
3.122428746228179,3.4559439209044296,4.499793633317827,48.556997007724824
4.537124560774499,2.852873536325112,3.9682445496948984,51.36433281163915
3.4777680397497965,2.6725583086395366,2.3241211149626277,21.6016317178455
3.2571283397440456,2.070393350135769,4.199900793601479,28.32218578960359
2.359887216643704,3.2990889641626104,2.3331555515403504,18.16473092101237
4.8019851129129485,1.7604010423696832,2.058690321912251,17.40297311390992
4.4599029723594015,4.606943214534754,4.2258233509191125,86.82596288048606
4.8035726336316555,2.6182538295374247,4.1577272628038315,52.29162121173633
4.249277381808641,2.521735889005457,2.5992865681637984,27.852798899443073
1.1959365066590322,2.0297308941539645,3.894234434297121,9.452978669574208
4.075888021191835,3.0456904855436138,3.346424007419199,41.54215078647859
2.0970881819283904,4.181116745514385,1.5788438063595898,13.843571709577509
3.23132096141945,2.199274670303961,3.450953424978513,24.524415654196826
1.6803812945698873,4.243569943883414,3.902620578156069,27.828867527493383
1.4099255938071322,4.9964320547891035,4.598811935653094,32.396778751074386
4.597045359713087,4.978541756196782,4.864871379855574,111.34027910920084
4.630338155178393,1.671887023700736,1.690017624621372,13.083106287395701
4.430398408005801,2.7806953623446424,4.40261655528397,54.23842343239525
4.287277099418549,4.073190114582237,3.6157477898848462,63.14142291588926
2.047615057807224,1.6564170230285495,2.557963526505498,8.675856246015464
2.129480082307358,2.3670808713739544,3.3357244294739297,16.81422457851752
1.4326383676780172,4.784473040098057,3.8386035429338943,26.31139953929453
4.926478552273388,4.58887608730218,1.1870594658032925,26.835852896053172
2.0823776255948916,4.088458666275953,1.488140427407549,12.669603255440963
1.250372522067448,3.760690908026577,3.2666836372745744,15.360810746547074
2.6919396385073155,2.1736438019859747,1.2115767002803008,7.089320446369481
2.497191943694432,2.9462790187494843,4.328734642865944,31.848337144485583
1.2038437431909705,4.460981845012284,3.697247412927626,19.855420518247403
2.2354334706623344,3.983079588814607,3.9340240335270154,35.028193686616596
4.914698271360875,4.942283076190083,1.3886859112045733,33.73094483310167
3.1526844413181183,3.923213008976415,4.499473655654608,55.652426589832345
4.445604886548425,3.353681384129585,4.699142961452736,70.06019133160103
3.687461560098157,1.1859588784491368,3.0268036419975655,13.236750419918264
2.9941171990142523,2.5884380475397277,4.311203494230969,33.41220162351561
1.2775159696624705,2.529631304275366,1.7761832037036012,5.739992483320822
1.1037284528810307,2.4223507739306207,4.472120294199141,11.956738955660581
3.7786226151703843,3.3582944927423357,1.017109236953341,12.906839073668744
3.5717249841967837,2.5337625355763134,1.8155607074265787,16.430648206291767
4.919072038277615,4.841566692021104,4.967265799935098,118.3004784701231
1.2514080862454113,1.4404659517001601,2.911778983905233,5.248804068657344
2.357992984766001,3.875244909761576,1.342099156074772,12.263834086400927
2.3199526197885065,2.0207254852494834,1.5033150299876654,7.047521893824604
1.771355038727798,2.124590895298468,1.177720369958776,4.432238478782981
1.2733826148740701,3.1584110026440415,1.4945019124412666,6.010685922535048
3.8058188298844797,2.2521496672371843,1.566764161423019,13.429164311918996
2.2384376994339297,3.821141664140777,2.435991847199258,20.835982352084645
4.70818495877566,1.1973754458057133,2.6381137590296198,14.872274151254656
4.117925077054061,2.3027332750117817,3.372038831606502,31.97530122967077
1.553073766675808,3.6264084131281744,3.9266725764971757,22.115333195960797
3.581735003916772,4.01275501745224,1.486939987129594,21.371230993333043
4.826219211766887,1.814422272725567,4.013488630870752,35.14531576137363
1.9069130916475334,4.16544076653841,1.2712973607916558,10.098084693351888
3.6299278557829595,3.9457009995228387,1.7431461190113495,24.966401981154853
1.6066409979176064,4.271395793192275,4.995330655361374,34.280954155729724
1.563705542498791,2.9844822630120342,1.54231130468327,7.197737758115079
4.218006699778485,1.007421300389634,2.1573072410520475,9.167066789241067
2.743280610564068,2.3181169527448557,1.5647154493652247,9.950409350759935
2.846868386249107,3.322701251424574,4.647791436963095,43.96482170057847
1.1491620813856378,4.408967563187332,4.095567333155083,20.750676569724895
2.5087503204086516,2.8081488915347905,3.2616859619485106,22.978396354582223
3.7505239164815234,4.775191278622397,2.9034474561238306,51.99920248802754
1.2484917411105796,3.357689484337595,3.41175866943567,14.302254709265936
3.35025782246075,1.0441073126135283,2.255681472815219,7.8904385109548985
4.867351988362321,1.370264275278783,4.232685445154139,28.23014337843251
3.9674028097199403,1.2783329182866066,1.1272619518950124,5.717091167832345
1.348934116672075,1.7378654735951118,1.5867458192061603,3.719754318272679
4.038742567085083,3.31031243091015,1.7733686752887277,23.709052016716353
4.021511752943193,1.4702727215146338,2.4550070356223106,14.51576681733298
2.7335632631827758,4.198496473521699,4.072091325579378,46.73480462486827
1.8350904869610947,2.3900833267185004,3.4135882258634402,14.972063417282099
2.1169503198978488,1.12232114162798,2.258871745495234,5.3668490878083235
3.9344953775978677,3.93854495048288,4.634376567955717,71.81516547192282
2.496793506252931,1.3783416228466385,1.2991241778787463,4.470850652930067
3.0895687551698603,1.6846728762489387,2.793295164669697,14.538857424758756
4.539053355345528,1.4850022279437587,4.185648739371764,28.213383516236334
2.5049620494878058,4.081520029964904,2.2167171171460582,22.663832802448926
3.5094225631315235,1.3495201826660015,4.457110158050719,21.109036742706774
3.0201020530607656,3.1180260787676564,4.830620577154561,45.48877995061955
1.4415579188020815,2.209190760987285,1.0630380902570455,3.385432356235332
1.335975324234715,4.901538056755458,4.005820084234974,26.231447433356106
1.8058867215565595,3.2900244953531863,1.3800811146221479,8.199629874013596
1.5266710391911973,3.998605955963738,1.9760887418417528,12.063144207906513
2.4767587725858364,4.136592815709729,1.3871433588357345,14.211758870189387
1.8293606607377275,1.6217033366806621,3.598016817051785,10.674165565279573
3.919758933443749,1.6663135334794954,4.809553996307308,31.4138297014642
1.836222919698248,4.109964419553556,1.3951606452771936,10.52901351805187
4.5835596805731535,2.935810959379573,3.5256551133892646,47.44285372999486
3.0372854448318005,1.610954172209226,3.5045715667580413,17.147615153835368
2.269985494070649,3.835474519058167,3.3591571792395825,29.246406316081185
2.902466650224865,4.743175215206502,1.7012466900093974,23.42090645963922
2.0925972488845037,3.457420855250947,2.405362810233778,17.402774362876052
2.673922249822427,3.620315044659474,3.8591054532731226,37.357842457462
1.9977107136420789,1.905117992982508,2.1926215338256267,8.344842658546664
4.621062949742775,2.218610470879625,3.2228111595905253,33.041351403108656
1.015946365897877,3.24605416389438,4.3736000029198205,14.42333214043342
2.946219854148389,4.9382057385462685,3.0889265968165964,44.9409159678664
3.247890155056966,1.0211027429007826,2.012576414274346,6.674567883820021
3.1595909798868425,1.5011867436667696,4.656936470935264,22.088483464691716
1.1218764414301328,4.438172739853833,2.4049674349430354,11.974528718743134
3.413894270915553,1.5522995305548997,3.7668278517893046,19.961876568059036
2.3807457111428767,3.4623495905379893,3.9137326660736087,32.26079636733347
3.212405407407818,2.6018900550931208,1.1116617933821975,9.291631317837929
1.7380470220794848,1.7635673567485681,3.2215988806237563,9.874725665997245
2.1380867277571705,4.232231440676895,4.21290714991451,38.12208228610647
1.962116068605516,4.996874888318393,2.7758452153617212,27.215631489021884
4.422684450264053,4.77001706694961,1.8840347811363771,39.74612585568577
2.4705435816345345,2.3095108315014143,4.178795359870358,23.843149762991338
1.6241677422940883,1.3344672033223288,4.321392772337333,9.366180579066366
2.2614817743635838,2.4494721058237605,3.528581343682996,19.546352373569846
3.566100695838025,1.059668432503205,3.6239834180295345,13.694614166905914
3.268370898676072,3.7494251867410147,3.6104979162118824,44.24489064353453
1.0506185753182677,2.699882914321497,2.258423992939401,6.406126120271628
3.824994744816615,4.215825615541672,2.7647758698409226,44.583423216464304
2.80460256184792,4.542471751698349,4.587136704458027,58.439332223315894
4.816438908920435,3.738248444294383,1.7867835787149384,32.17111920156892
4.713771157986182,4.31536154593664,2.314176404411383,47.07411274827522
3.0286344222476305,3.5464272223136364,1.7419023092610102,18.70947930035191
2.0722916621335745,2.78579625189937,3.8390856684602706,22.162973785785336
3.278908655308829,3.493783717003364,1.9292955435129966,22.10161939107456
3.179630574681032,4.971215249066153,1.8615581905955443,29.424957817703163
2.2196995544555396,2.709376033431026,3.2261225698370812,19.401903632855824
4.501777588868334,2.1434209640169892,2.5399808710511547,24.508794747539994
4.153700419587201,1.3285393221088566,4.047055756309595,22.33308769576467
1.5399208732572092,2.9942212849222005,3.7321808122253826,17.208577610410448
4.871504059872876,1.4215618751641794,4.633690477429202,32.088975875284305
1.982997820900363,2.3282500562840505,1.6016246686913767,7.394564617902887
4.459238851631514,4.4328352646742735,4.173326153595545,82.49443536550324
1.1691240190862775,1.5253476861174726,4.182307590922676,7.45839535477272
4.207513505119192,4.233643604433617,3.993774984111778,71.14156365685163
1.007398869554844,2.540227951394153,3.743887415683689,9.580693132494343
2.3298615042442297,1.7637388433842474,1.7590212361973436,7.228288331119707
4.767446742755555,1.893119573421806,3.5881368522820494,32.38417925661439
4.238774360374645,1.5021405396621184,1.887568970415427,12.018594845642975
1.8976822958423578,4.1309279737913975,1.5545665844032923,12.186541083638655
4.091715068544012,1.226333557696964,3.206412102633838,16.08915868735572
3.5242038101868447,4.089163364898949,1.7658507351170796,25.44775460315893
1.9398011686205048,3.5896028563471165,4.843182393139748,33.723639919631005
1.408761669565036,4.732431061793475,2.2743463002655355,15.162765395944653
3.410190929369285,3.7656158758048934,4.978790849326297,63.934988862713524
1.7503053078998216,2.356555801374032,3.9328833440722035,16.22193296769836
2.4226463134573097,3.2380530252211592,4.411035973586963,34.603065216984355
2.225416456332046,3.8981330881716327,2.700607921397271,23.42769141274589
3.520296309316671,3.01568643174034,4.973506417637815,52.799290298790844
1.7710439412693613,4.2935290890645135,3.8318236437682227,29.137296883346515
4.83354802140942,3.1104901498210813,4.8683369865155255,73.19400317552834
4.704586880974917,2.561061338347499,4.889612600289783,58.91364927902499
3.7382838638399876,1.308613954967754,2.1296248177553467,10.4180616393969
4.544553825684259,1.975185377010206,4.830177249056863,43.35729519031348
4.055024819369402,1.8393066364695216,2.573430601111654,19.19376244976089
2.571640806848697,3.7202743214637004,3.2936798763073525,31.511324604664015
1.4470717673145597,2.215389429468017,1.7544502797106816,5.624464948798787
3.5050825348582757,1.73601987684884,1.7206903097035804,10.47021633552564
1.0225434068072627,3.695945519178058,3.590758956060028,13.570428649833817
4.4448637660006725,2.6310603892758953,3.5223277760712977,41.19258422082888
4.328682211317648,2.0843012721349368,1.7547749391237684,15.832067046947554
3.3885842317094004,1.488260810198792,1.5128742740615175,7.629571885531933
2.1876170898496268,4.657993971732125,3.0919152535923264,31.506329556863996
4.969431203253405,1.699701483365884,2.5574068564391186,21.601263828720683
2.8433295716644866,3.9797536939562796,4.192017847675288,47.43583168598912
3.0714439144415735,1.2417178226211574,2.713762476206361,10.349928203328494
3.769692628727843,4.614078000440108,2.6780431832935565,46.58096141907245
3.02319713034356,4.891605333306995,1.1680655817692145,17.27368929914534
2.7135173684724174,4.172097777160884,1.6473485525620006,18.649731444177977
3.059132556491554,1.4250976756018239,2.1344315308587962,9.305188078274245
2.1421032437743595,2.007011455871643,4.734714676669743,20.355607256438777
4.18476105284325,2.292642308542595,4.528912928102979,43.4511163492569
4.1822999856526355,3.848835434549178,3.80929387214726,61.31814396904786
3.4671169185756785,3.7470528294682497,3.6631463223720577,47.589656504561695
3.873010460476611,3.0306351836646708,1.7979496189215682,21.103760462196888
4.422364292325318,2.8941824408976937,1.5834545981094608,20.266839796849176
4.793718433187646,3.098278437695294,2.956372469959229,43.90885532369624
3.494323482737426,2.6470816242370296,1.3701774206472774,12.673811586317182
3.160950057105472,2.1619036472264774,1.0388334603709644,7.09904448920984
2.326191636393714,4.261090728868059,3.5410669386528255,35.09945781569064
4.865516576994981,2.61030731576948,1.5727520169643765,19.97472679361824
4.488689334796164,2.8921676847699023,4.5667061178272075,59.28517172418
4.721283992485495,4.650981663592633,2.042560945428172,44.851789556228326
1.6138632942733566,2.904595869639055,4.892475443422834,22.934068960812763
4.160207457721254,3.6389822415210524,2.296133454237096,34.76098310621122
2.744024599280852,1.1446497948866003,1.0596696825591314,3.328366516775183
3.1248894003431595,4.52799734800674,2.1438767733605824,30.334764933050973
1.098805120170947,4.555694752158326,1.8150310578555242,9.08572007614427
4.307017105874346,1.6835265722379322,3.5166690243335843,25.499288831350448
3.764639437821898,2.670022263006667,2.956876427221885,29.72154936282758
4.515622403961315,2.3149428371687946,1.5070760457243053,15.754080400252633
4.919771947510487,3.0229490461771884,4.432324439430927,65.91850380288147
3.204807274305617,1.6751032730303388,1.706964956482134,9.163641917906679
4.746973395911739,4.832197929066,4.086929550627742,93.74727746846696
4.0229536311755965,4.947970716180871,4.957275254369691,98.67682822134229
4.365803170051881,2.8607687413161953,1.977050501228807,24.692477492521657
1.2694241450749195,1.9592336354576725,2.348752911062977,5.841579801325221
1.750604976208026,2.214820489573589,4.312723752467722,16.721619310108956
2.391634464629856,3.793114259244261,3.1110394406304316,28.222549617083658
4.651167963271513,4.944709286601746,1.537000587846301,35.348974568581596
2.9742057168218388,1.2246442007866025,4.604474203367326,16.77107798885933
4.608234585948644,4.225248380377845,4.1925563491750655,81.63299518011935
3.308288517205808,3.2168083353040244,2.619726746864421,27.879472808261195
1.7500903791172195,4.351078014496928,2.229499549285648,16.97714806949324
1.6156510844178316,3.523654443236301,1.2428133205401974,7.075331414613477
4.200193890891175,3.719302641279288,2.8831380800915265,45.039784064154894
1.5531487162260311,3.8021204584596324,2.8841381790175453,17.031581522755822
2.9745374084634832,2.3677214929461146,4.956678865062919,34.90927537976125
1.9995113040405164,4.028846191848649,4.639425241617447,37.37392695857591
3.182236130469353,2.6806895000155673,3.697118316137666,31.538589376780763
3.456896613468109,2.6600963646131484,2.652637737462715,24.392802787631794
2.0042867461817226,4.52620222771498,2.4615677641157356,22.330868007138395
1.030367833805414,1.4648229048832468,4.248481125817655,6.4122597679763045
1.6123035597913766,3.4374909881199676,1.8559609536572474,10.28625333827631
3.405511085625615,4.91961825137826,2.5702329116018423,43.06120540250529
3.010606418897088,3.0723036870686826,2.7151103079916417,25.113405194419745
3.5334255018756506,2.1498304355654434,4.8167514872929145,36.589324039638
2.3541485058110663,3.919920773236224,2.4128173378908917,22.265660878356304
2.0555590422572356,2.907690235277107,3.379554658432011,20.199358093686737
1.4350637947399245,2.343930172047852,1.3756075848604419,4.6271165517540425
4.881258026410473,2.9242306318377143,3.3934724120389856,48.43816812924962
4.230373795440345,4.131837262436182,3.0151217307990956,52.70196424627373
4.922053411531591,3.6741724732645684,4.78695007473083,86.56947012839342
3.759757099809559,2.875469872682377,4.013000754386283,43.384825119644205
3.0973230166317913,1.642853310356836,2.1590502511088308,10.986213574366301
3.824897982293599,1.2332551219258665,2.8050191109664886,13.231485600021294
2.2384595295255107,1.1113805877901126,2.1632433128712085,5.381674460575363
3.4162601581838445,3.7926821423449266,4.536026508218853,58.77233789160287
3.851740004962129,3.2141280681555937,3.739502384340343,46.29498589810633
4.079964560044699,2.9646599165875807,1.1151969998348736,13.489096594731535
1.6293204318755543,3.70778889542544,4.954790275456333,29.932761109869222
3.1515787103415853,1.2831811108366837,4.347869859719655,17.582986890494094
2.3848521941192593,1.6477970713154586,3.931051905788908,15.448060901053237
1.7527358770015673,3.3388971076905807,4.876919518683185,28.540731573902935
3.6425670051720767,3.749530568425588,4.499294005904412,61.45098109215073
2.321612776857005,2.5032860049832357,1.6025882939799283,9.313699523867161
1.0592682999221,4.612811160726444,1.5662310024370973,7.652925185287245
2.91621675230372,1.0667950859987503,2.6540654236117924,8.256812663855365
1.4925245616815066,3.648131336871588,4.332891064267692,23.59226958408851
3.056177441573379,2.6982387058581687,1.6777715933461872,13.835401623438278
3.937767213291899,1.5328306451203857,2.038143940953755,12.302094683125965
3.5893375492008284,4.467652170971682,2.5597346182514396,41.047678298450265
2.069933365361885,1.3461317206654022,2.145291900735606,5.977647708231882
4.04305479983581,1.950782383769449,1.17528142643254,9.269585738224867
2.301247565273506,1.9232646572203498,2.9655285022628664,13.125156648022838
4.123113523828677,1.9987594654733107,2.0282313773920904,16.714882314115254
1.0603974779082956,4.4523168858509585,1.4599501748920543,6.892754135468128
2.1479748488522517,3.884718522392461,3.419606769108103,28.534148441160927
3.714611813479786,4.837307073937986,2.7048194649193484,48.602138212211976
3.191863920543901,1.8777037475339369,1.9921744429254011,11.939848193526531
2.7709593026829866,1.069476601261635,2.9721922818806323,8.808020902724518
4.998629273185665,1.9185899182579824,1.191529465586464,11.427148541073608
2.490102793412679,2.9482559439461187,2.3612839233084295,17.335272325725523
2.229121266690223,2.02553152218834,2.4294828697903297,10.969492680426521
1.7757856662884288,4.593911899897899,1.4294752913595996,11.661377683093233
2.8003291612393637,1.1545846244696363,3.3277620578420697,10.759376834145254
4.368148786474781,3.743998266135982,4.10974045310407,67.21209877568188
4.851843398786173,3.537063265600122,1.7936332338831678,30.781036864040264
4.768631281909568,3.019778782223572,4.880771924197763,70.28414831070776
2.545757803861262,2.397659120782359,1.2648193677159534,7.720279609361367
1.8826345091897623,3.6806636565738353,1.4721608310708745,10.201109435098275
3.765443722374842,3.273910128878291,4.336750338045103,53.46226270924814
4.716724288175134,1.06197873419144,1.3441554744952238,6.732956616145194
1.2479717163705653,1.4548721745328788,2.733658935682652,4.963338664083954
2.199808346048275,2.369570355763086,2.6825934855863434,13.983288533659238
2.147502002174107,4.978519605776327,2.864614286749641,30.626682245684588
4.976984769817757,3.9622438627468184,2.935921535986854,57.896453014109966
2.1170746242810443,2.0833946435223214,3.5578105898866488,15.692442043087148
4.505042118684953,2.690660976514884,4.759780498912219,57.69587459375447
1.012477828609537,2.8783315266547165,4.529998394535891,13.201533570470879
3.0585079887123032,3.814778099370383,3.204407340575816,37.38751650995352
1.8760041505298308,3.338438172091478,2.193001140560873,13.734599183863834
4.657926028179658,1.2226607577966426,4.315490946582746,24.5769944021212
4.634213239702181,3.525068363908889,4.156762496695966,67.90453329872584
2.8285999782063973,2.157852725177682,4.160310380637865,25.39329550403976
2.1539047583121413,4.471875893865555,3.618537720471038,34.85373638551978
3.393514171115437,3.849026630627331,4.058701365962431,53.013646846587
1.3221888297334394,3.461156450908655,3.1563086243065626,14.444222724194578
4.9930252689076955,2.5400331329078734,2.73008405307929,34.6241534519112
4.07632398629467,1.9395788191316656,1.694089739129756,13.394069227485787
4.7833678020016706,4.758665208542325,2.3128872182195273,52.64697026783461
1.1306427514970712,1.0963049094063981,2.4190735050923955,2.9985122446964803
2.5420055755558866,2.2433564505968087,3.5856722208935046,20.44774263368177
4.295763475259477,3.1028134472675513,4.662668990332639,62.14849432213203
3.6021975541845626,2.0221222747662053,4.745132509354308,34.56394337371234
4.37508978720102,2.85138652878685,2.148136294832251,26.798155118828266
3.525806351386657,1.4911115372753039,2.081245339605453,10.941877911542468
1.646910093101749,4.547915121405962,4.011459635461263,30.045862017497885
1.9564861791403594,1.221633538535857,3.2350186565030263,7.73204763995564
3.103963515885607,4.283352271924352,3.888776385256552,51.70271769165891
2.120990069431506,1.1477136502424283,3.019711569348702,7.350851425604643
3.844663561186888,4.341920545955384,3.9770496307156056,66.38977918575391
1.0097104313562335,1.8856257232448161,2.5915383435801975,4.934123050265143
4.737920492863229,3.7200527928176585,4.037839304716975,71.16818708735745
3.9044567733148727,1.6707616835939323,3.726140155834198,24.30716518777637
2.7784509658031604,3.7626098471542213,1.8482240096667981,19.32175327693859
3.6728062308430744,3.428065422484058,1.0630947465487859,13.385022023969874
4.042819659201843,2.621993595987083,3.6678911016344737,38.880552585986855
1.804781384975242,2.0786753576536783,1.9808514204572538,7.431272240307418
4.794728725108651,1.1418064931895353,3.6617296412852265,20.04669693736432
2.106763107248369,3.5729786363181018,1.5839466209676605,11.923030798813924
1.771053516670405,2.4433872949277284,4.132436950008957,17.882582284577996
3.9955927612211797,2.6478522137657543,4.117657212378527,43.56373916710523
2.980686933535034,4.08527379244242,2.049645361732864,24.9583721341521
4.753190222553171,4.60082448391249,2.455711100717245,53.70294892651734
4.01037215179811,3.4976962604386426,1.6126135281673064,22.62023264810942
1.2165714401818146,4.002745007582583,3.6244309219149544,17.649620365245973
4.369676511214959,2.655879624981445,1.2213741467948624,14.174455906590715
1.5448656287610327,4.625672977282894,1.673861301597304,11.961485159456982
3.1824682335501926,1.8776799773938855,3.207940139107246,19.169549565544663
2.695078244729208,1.4992691307435617,4.268209356080893,17.246329964619555
4.950908584381377,2.245023327177281,4.991499727332819,55.480046587889724
4.289345924964964,3.9016152142531064,4.285707787969788,71.72293691509924
4.0004710839289475,2.0161392868411583,3.4997616409969754,28.227351727446237
1.518392502825027,3.1719117139128294,1.398823273850192,6.737022395759558
3.0087819997528813,1.7989013539032523,3.160812367173538,17.107903299900446
4.604396458002403,2.1873667267066983,4.621106264301641,46.54148841756518
1.0460757916265786,4.050097572386841,1.3604647656892355,5.763893349900973
1.9187621709041096,1.5210987360752424,3.9990703955957834,11.671793683718256
4.767425091901892,2.137082552496181,1.8572877542296276,18.92275523744759
4.431591058131923,1.7286260544588536,1.0923148690444409,8.367747706639559
2.2918026080357166,4.2183836112319835,3.908727032187311,37.78841034290988
2.231053551320485,3.6108808383669952,2.7465880097478554,22.126701196789426
3.5456782618870215,1.396742881848966,2.8533872365455175,14.131117443036505
2.690450401949661,3.263571594751542,4.315212080970301,37.88962262305352
4.854570308892335,3.5028829378708797,2.589630318282991,44.03664156534048
4.798709925610153,3.1541278712408958,3.539875454506303,53.578651228381354
4.2995142335136585,1.22986362264421,2.370090341983754,12.532601989290294
3.1611074122131693,3.7722843438242464,2.7809339281271304,33.161513596272364
3.0091547032357755,4.084743437489683,2.517939280698237,30.949565225876608
2.9619612683271117,3.857172665285306,3.428154995862102,39.16597162063208
2.9299766951932473,2.2302481463716375,1.2223551406823296,7.987571457551667
3.85355252812592,4.368056789919169,1.130616034360632,19.031135423672016
2.8295862319871623,4.926035464779156,3.1732826509768732,44.2312512474625
2.375137210779385,4.798712239258336,4.559171978128294,51.96361855289165
2.2743578249346488,4.857485752793717,2.426076566975716,26.802470820286597
2.5821354917992716,3.158312979202045,2.0782649383914635,16.94864967802538
4.288749860133043,2.930901055145474,2.780922762198277,34.95592517301799
4.586963666173716,3.800754488576877,3.6118654237310883,62.96898275597819
4.7556369159868765,2.928672141268157,2.65058008969346,36.91648789307516
3.592493829493589,2.226214631259486,2.743457211393314,21.941244382355936
2.4859435249944957,2.322076796383602,1.540319980829905,8.891576841733176
2.331186356430687,2.5093040681214833,4.045827200590217,23.66669496271747
1.3405677541717012,2.805374335966666,1.9784080524051637,7.440385871334913
4.280047300435903,4.056299539665903,2.573785948172169,44.68389393773523
4.48772905379299,4.326001737292371,2.5828636527453788,50.14351783852527
3.6110848307408023,2.125046559693898,3.5099102724064397,26.934080576379262
3.106901642246259,3.7540964184061845,1.1623639380760653,13.557357707726172
4.74463792293385,2.7536273890444756,3.68699342503389,48.1704398161864
4.010202559845127,1.5466095954807249,3.4709092454033175,21.527334961293736
2.462806216211604,1.7434053355406283,1.7473692570509458,7.502626080298625
3.5167240177174977,1.190181507395999,2.2173006882856767,9.28060048449345
2.2236729635676937,1.463740698850578,3.0568605726350486,9.949716228904716
1.2393813453329101,4.673808756002735,3.7933710376252567,21.973600123110685
4.706178280541012,3.7894276834692437,1.2687141344925155,22.625895501398514
4.54652807024663,2.7653486514120393,4.70010778553968,59.09321091707452
4.977848408877751,2.519673357482437,1.1139581268437482,13.971877746727015
3.8832943856291875,2.721565580641838,4.72003603487269,49.88436324170972
2.177040369742555,3.310507339231506,1.9150542317480963,13.802002907388106
3.715226498451133,4.703511044352087,3.978853459296522,69.52890794323885
2.3183475180329616,1.385396845242251,1.9884030552362497,6.386415244702832
4.5310371818146,3.382579024219853,3.4504752092597553,52.884023423743855
2.707410119094097,3.8084937768511433,1.3817479539676754,14.247416757712905
4.692147551429937,3.0612217754119193,3.2525314339699047,46.71839960701195
1.5219904591989133,2.2494131901456234,1.9109035874663638,6.54214164998815
4.8551100552828945,1.323305500866871,3.3978506843445673,21.830490157807006
2.6626468486990467,4.833469877541032,1.4041743317238788,18.0714755846423
4.332449519431751,3.1297816533436786,2.1227357636873965,28.783492481106133
2.4426377501430223,1.7651950548528919,2.908018524496946,12.538596753599919
4.642810462914079,4.615025263397323,4.751188256888101,101.80222641179655
3.2308773119181735,2.8219017665640194,1.8070700975825376,16.475452733023573
1.9639794190424444,4.027010919895979,1.5889860755306353,12.567237746696863
4.23343743115819,1.2238459261369385,1.0250249125012267,5.310731106061664
4.839102892875223,3.4782157863614698,2.2070369634828886,37.147619219729116
4.369824866425692,3.523579437707101,1.4340305528002553,22.08037795001255
3.5771586428393376,2.4876733493202736,2.680659187215008,23.854655931833708
3.7354199186279207,4.5789351704370365,3.4329501085975807,58.718021933347465
4.033115045309517,4.9002448808095105,3.7025763065071087,73.17494620469317
1.678112232630237,4.012138141810993,4.862480544088911,32.73819699273504
3.4886724171631176,1.6020388268696633,4.339052766176771,24.250916733613984
3.0474894125703504,1.0917806860251584,4.028486308924949,13.40353969055579
1.512557111623349,1.1536985434563594,3.334578592083663,5.818956141939119
2.4253836263809623,1.212947342407177,4.833140020132945,14.218433981481637
4.15187232225489,2.0088164845385097,2.2938249167064626,19.131301640836504
1.84973521632554,4.294753206296228,1.4442864313967139,11.473637082378122
4.893550049037494,4.319029707394904,4.294895307314974,90.77427889588725
1.974627327839686,1.8143351767467784,1.9305077237921555,6.916306125644907
1.5616322712280577,4.889743831657708,1.5770886714617514,12.042620337945314
3.994361327060437,1.4597699211249697,4.631413926857029,27.00507303790036
2.216553460488155,4.494491913453829,4.927855602140789,49.092685211893155
2.6319869749569595,3.454289077776413,3.5417662108984413,32.20047702644143
1.445228185749397,3.305211204873433,3.054780160925545,14.59202619717615
2.4612073750818126,4.767297453553073,1.7872952642753255,20.970885200514818
4.539503129536467,2.6809094577940455,1.5234375363339732,18.540230054400716
2.0104839485616446,2.810931412180688,3.1709384927451802,17.920027711026947
4.783816687124982,3.4238633145871336,4.057694182898382,66.46151861420864
3.6791900951325323,2.3195424229047172,2.9908536417173677,25.524057158130407
4.257372131045088,2.23538582312978,3.00884629139897,28.63479691566062
3.2542435649287857,4.784961912181596,4.0243594974547605,62.66503829084794
1.201388137680317,4.872901742661813,4.990441899696325,29.215276274765227
1.839034356238995,3.789195042231905,1.7448859010289675,12.159167370595078
4.153172577475479,3.7515902334263163,1.5030338303004087,23.418772634092164
2.0881123208164345,2.7267255394504777,2.729809791163889,15.542743106944048
3.8897907679709305,1.308042842728109,3.919825101311871,19.94412097032237
4.910558308384344,1.5353783328441661,3.054396056071012,23.02881707776543
3.547369873408653,2.7640163689044788,3.8362410617790452,37.61429909753466
1.3913311025388007,2.924312695904464,3.0644517339999116,12.468295567700581
1.5240318695532284,3.9212874639541666,3.4269346177613915,20.479933795702546
4.973982528566393,1.3987128017838089,3.7043463390366145,25.771778475414763
3.2879457254072015,1.7990722137678765,2.2452907518111545,13.281460149851194
1.4779071810163873,1.0127616846748015,4.769882074263428,7.139405738473379
1.687366028865978,2.4818792681719244,2.003180770317206,8.38899808295663
3.424119352304964,4.238717239223201,2.255259602061203,32.7325530876635
3.3154627107592898,1.3187723125642306,2.516613141572602,11.003489376226794
1.8193120369182108,4.85678468359522,4.319798425755423,38.16976841832332
1.212939340736841,4.939804259317903,3.590422987667729,21.512676096766093
2.729814096920575,3.416877315240686,3.9275180682739044,36.63368859106894
1.4586253511707126,1.4877282404709273,3.2257948853242833,7.000097891691713
4.505276174034103,3.342993258238901,4.136909374523971,62.306438364183755
2.150998238884173,1.072906655944553,4.421495431564892,10.204017034577108
3.506072559536557,4.957223141634844,3.176019460909283,55.200437912229326
2.1548500782554068,4.764158402644696,1.666990408803525,17.113402063294227
1.9645426429721735,1.9116647245672023,1.5603156904345314,5.859838708169005
1.5422501577850944,3.497912341761757,2.1508889521046703,11.60330569183268
2.293274372561271,4.1572684268614095,4.4092654788661205,42.03686625531413
3.7693835504193443,2.683163785072124,4.799841876793018,48.54499324765003
4.666142242427846,1.9918921371322695,3.9940510830978875,37.12251625087399
3.8625824774632247,1.5086363897385153,4.048435639328206,23.591175666339684
1.3658360458271561,4.988985244776689,2.3149153214975,15.77414755002552
4.003307019861374,4.074754464588082,3.178513765182668,51.84948402902385
1.3975482592053878,4.321846838108927,3.2494987978489607,19.626938700999922
4.015449349385497,1.9946555141524778,4.4593394652660745,35.7168037998994
2.981552693570612,3.759122098697823,1.7076299180638097,19.13915133099581
2.9248721772611157,1.9849706003046492,4.7238260330674375,27.42551965520786
4.945221589932881,4.741217617322841,1.1291790322880004,26.47515133369446
4.331592324071047,1.0539535645441775,3.6153816138376254,16.50529145050935
4.406504459991412,2.7844164227236985,4.738859814408267,58.14364608928821
2.5406076482046194,4.427559214620535,3.6554007370898045,41.1184726545692
1.578014873095705,4.590805857889205,1.3171141749415671,9.541649143283346
2.8481927741604895,3.040169275520221,3.115424743515117,26.976425976071447
1.868299473059833,4.291420320778707,3.3795385593940606,27.095985461967985
4.22014930062837,2.691733688075318,1.3698850874055974,15.561234364766884
1.4653493336974965,1.4523403401917059,2.6995813815141294,5.745211166485204
3.532267906491029,4.538632053030209,4.6682466736051484,74.83976372891354
2.3786215763326806,2.1333675307122335,3.523735409706156,17.881103856153082
2.589475619409293,1.5556837273508566,4.64884232923655,18.72742007142521
4.1226802333695,4.593195309300118,2.6959882975114815,51.05197717248881
4.498876283569164,2.0991899325551207,4.545207994421547,42.9249252198038
3.3302393510945123,4.773765312844047,2.3046932606068715,36.639508954526086
3.396729717272705,2.7085889395587786,1.3500812403537883,12.421212572127516
2.7825030038517276,3.997770489223885,2.187855458297556,24.337284914002776
2.5647883756000316,4.258739625803513,2.6122279402711293,28.53275423497838
3.715722497866914,3.3835939576773506,1.054335658755443,13.255631054991133
1.831460473436243,1.231670541721415,1.0013773364545515,2.258862848310754
1.327933055180817,4.014566434447429,4.10983889099246,21.909861299567797
3.545445890138999,1.0099813564048232,2.4501597896377265,8.773616090704541
3.4771365040763107,4.435006492508174,4.791826879282348,73.89535156075189
3.823145224089608,2.2818269509147227,3.907270613564146,34.08607471471493
4.296327033618912,4.397968464343663,1.6661676870678428,31.482423069128654
3.571734971912221,1.8336716883227986,3.5249209201323293,23.08607934422336
1.194538206352731,4.193825323315831,4.487163471823035,22.479273650354518
2.165768010750363,4.962955750062651,4.670818458424872,50.20480973759886
1.7682295897271212,1.1398454016075679,1.8400172096433356,3.7085700811600213
1.7672552999157176,1.583656119732591,3.2679097664911505,9.145979685562281
3.1781531338274505,4.898997982333524,4.771170785094753,74.2860116688156
3.4596576655455165,2.6558034263356003,2.828708414675805,25.990655723945135
4.284346896919043,3.3680254233518507,1.0279499242104162,14.833100787786556
1.4723522527406847,4.9084182122191375,2.110674910312977,15.253680014897679
3.1184542911225797,3.1698384915011304,1.9477731103356426,19.25373027325731
1.7725881321316628,1.2492083484670111,3.4294136864641245,7.593860100407979
2.5494561006410663,2.794407949476017,2.6605815865456575,18.954569600023977
3.881533099087938,1.3366658357490087,1.5259681036170711,7.917199667192483
3.013752797108684,2.0938439548513035,2.687630308911085,16.959828995268605
4.999082414226097,2.7422804873909286,3.6223043133160573,49.657757465922124
4.2689910816093075,1.7977342667962013,2.224654166568359,17.073134100659342
2.1172822562251903,4.085409718794938,4.280686725348728,37.0277925206012
3.3434382475086832,2.879141099445552,3.960732422598948,38.12692313730769
3.203046738320709,2.3538610380222873,1.4145440788725887,10.664993162607292
4.527841921828113,2.5468340020275972,4.515425902182542,52.070364216777854
2.0331379251808666,3.9411397270840256,3.9733474866479237,31.83795918183802
1.2063885116095099,3.731828438697947,4.624165372412078,20.818154147734862
4.558383740514257,1.2682512963562553,2.9505135614746862,17.0574384494969
2.6133660003808745,4.141472427776149,2.3742603708478196,25.697055039539983
4.544979747266851,3.201892586853452,4.306777465861282,62.67453825118568
2.2248755759246275,2.655423927028534,4.805165900297219,28.388861703197207
3.2507551316704038,2.669367963806991,3.1427330100943753,27.27094503508372
2.8499297557687413,1.3772076849403545,2.9589829279385813,11.613845725041257
3.1279948134210462,3.0743778187835518,2.9417556258157833,28.289798560364385
4.252340075124164,4.0541196090786595,1.5313974821452283,26.40051966988958
2.4351168359006756,2.9357422019500983,4.765053272759775,34.0647714629478
1.97372355522196,3.8075420282588137,1.9026462633846335,14.298454001460103
1.555359565643987,1.7284329286075426,1.465987872604956,3.9410660517000533
2.3505763987792037,2.857493011922337,1.17259602837354,7.876040979399046
3.6114238060839536,3.2235804385043783,4.820215215336132,56.11557243328313
3.426328895785176,1.1683409976365091,4.528956348908188,18.1299580960043
3.0749784552577752,2.3386750962787186,3.3918875897751013,24.392337430256426
3.8688665727752847,2.745604750242753,4.4154646232023005,46.90273621726675
2.460716466818391,1.4725375724475485,4.552589013652575,16.496294693388275
2.8981428266475784,2.7199826273528367,1.4606655230592875,11.51427753498647
1.1072971922998662,2.8807633629515914,4.796827389646726,15.30121349407156
2.1879242439358233,1.5244696708136956,1.0873785766998791,3.626868767003158
1.433137593691824,1.4975378411760678,3.9733607965983544,8.527538646293433
4.247215587690084,4.661440030570953,4.999003348969664,98.97097195723134
4.835871136211413,1.748515329906576,1.3857231806773926,11.717113741725123
3.393244315297419,3.6640953135311998,3.5782850822371017,44.48942885908494
3.1002244059357853,4.902661146000634,4.829876155610593,73.41097688452665
4.268485420905437,4.523493155951872,4.514571601084125,87.169445888377
4.437972647869642,2.5967073737826634,4.573614391321211,52.7068641540528
2.575490745991653,3.8733332782285577,2.5457723666108647,25.395947990059224
2.3765609202094886,4.122395021422403,4.411515339639003,43.22015798228881
4.205522734557876,1.5593537449143335,1.9946526311939352,13.08072775371466
1.2112969770361253,4.558131868173385,2.73616057115018,15.107030255078985
3.584497061242319,3.518521282451376,3.155796529204559,39.80131354534766
3.425347237532374,2.390758776385269,1.369208050132181,11.212689770104584
1.0994288054460672,3.0410304010352265,3.335902029733936,11.153242907470538
4.911181827823845,2.579376303537207,2.3901853449539927,30.278356519651524
4.538957379692405,3.2060546422383642,2.6932658971871133,39.19279687770518
2.8362218304653473,1.067830427807165,2.507500134620421,7.594224863945886
1.2300396981832038,2.032821896527299,3.1896335374599536,7.975524384429874
4.14167732678108,1.4524823277665502,2.9137675682815964,17.528389802140197
3.017864676701757,2.471554185285381,2.0031093098116606,14.940823914651341
2.5800728256187284,1.992298160012166,1.3682468321967316,7.033164086674863
1.0251550772121796,4.192873309210087,2.653870667016339,11.407252670380835
3.1133998631765762,3.88214956920528,2.323235961761424,28.080218782264232
1.7678957746183803,4.487901867336356,2.9794095741233013,23.639060866346394
3.324251637366634,3.045566369972521,2.462201062708502,24.927887383428
2.791025656766326,3.861567460977559,3.77997145790117,40.739526367581576
4.5851917754099825,3.8401671726818485,4.529260035271468,79.75077107468606
1.592601628548255,3.4688833393450356,3.10533157412954,17.155557235890832
2.1049700369976985,2.3519396009259967,4.606334481122426,22.804867499270046
3.727991241425426,2.1350312704495824,2.9302103840812674,23.322651704269937
4.364446192552339,4.834498436907816,3.4097575071639583,71.9455707122884
3.290738091677247,1.3277100680156826,2.264251308505528,9.892844763838854
2.198344436210822,2.386446639052742,4.689382251433001,24.60158577997319
1.1699813469708031,3.7623151586967056,3.898939357386016,17.162501595138966
3.8981128049127802,4.978856910221076,4.748422664691859,92.15807975516088
3.358195828768097,1.4028044288413901,2.404866354856646,11.329065627703535
4.102998203928294,3.6237109790975732,2.6962225288588817,40.08765128298059
1.3790311835668554,2.699795708318639,4.704437297089725,17.515102125606887
3.536235765098424,2.5577271936284545,1.867444312719611,16.890522837453318
1.5144563449818396,2.967346580181442,1.728257996101894,7.766647740399471
2.5698522524539746,1.7833165145464638,3.2350357264597123,14.825715705608811
4.8818087347567225,2.0712113191755375,3.541522587110023,35.80924685390264
2.963791170322418,4.18109448544204,1.3104003363310053,16.23833802703473
3.295261996102883,2.4968995781021484,1.8943531115523808,15.586620497164999
2.7701902962810703,1.840276082980143,1.8809300398471986,9.588821365432343
1.0767982051290446,1.901436916275919,2.9845324181106374,6.110722260937453
4.169783723189359,2.268716735982366,2.3135412983995582,21.88623514177716
3.969055544114344,4.937051832313815,1.0206820486992543,20.000706645110096
4.760621238110577,4.587815900746218,3.6823946228519358,80.4266426418205
1.398947633945712,2.4202822513092745,3.6388331711474553,12.320536484090482
1.9861926011355,3.735573613161858,1.6541409261955713,12.273012194178982
3.4198502201810093,2.855363913951278,4.26986875609512,41.69491361911892
1.78477302769817,2.5369161339184885,4.021304377983375,18.207740335241752
3.110294450124136,4.873856024507781,3.9062262675531865,59.21498142326437
1.025384119606843,1.658488515161693,2.612765711142899,4.443237456041726
3.8774217241371116,4.465868092459701,2.9024455235513393,50.25890329839122
3.066409379833744,2.6721733035205912,1.377569574625967,11.287773799488939
1.8443844181821687,1.8397334010301862,4.761279260902858,16.155856700819403
1.971764076049035,1.593978511224702,4.599576585097056,14.456237233878532
2.988208027031328,1.098642289475169,3.780534039375974,12.411386293331445
2.6219480888932303,1.62420918571955,2.385113134495936,10.157224120226187
4.2034567629023485,3.4420374209029547,3.0290472061010907,43.825634633320895
1.6014281171846654,1.3932396949887345,1.894970830223902,4.228008171981246
1.0916943051493542,4.8094720111979985,3.782977163548242,19.862420233850386
3.3415127466052947,4.197705076058043,4.142941437952157,58.11173459874538
3.1523590064392533,4.661524138611226,4.28567606153197,62.977142312313426
2.4042327401439327,1.5630599942246488,4.262887077514751,16.019759176911258
3.382229442961226,2.001784571135977,4.295054152838281,29.079641442265505
1.3314922791457242,4.712855377519663,1.4940223526707257,9.375185304486267
1.2736247169511206,1.0382644171161703,4.236449564159628,5.602108159744761
3.826863645315757,4.208523960252717,4.018815620794238,64.72482336567066
3.3717689494703666,2.7577082598495153,3.311152157548833,30.788268492275563
1.4653326919179217,3.9770554773965867,2.2015651537583643,12.830081960204527
4.649363863086466,4.0865709680951925,1.9727882444616802,37.482888624878946
1.0876696986711436,3.1381432392009225,2.4659611302995597,8.416974653312417
4.597544774826407,1.8763913198280813,2.034510201409709,17.55129858368759
3.9311835899705025,2.8735407205575445,1.5158357578968595,17.123511499521587
2.624304300728316,3.6133052130831143,3.1970083530717077,30.31535168376101
2.284864127595839,2.2830637668885116,3.5914816500581868,18.734929915554613
2.866067414422289,4.252003902715502,2.3843281287618816,29.05668586940648
4.593854229881128,4.42379126843754,3.4003700976647386,69.10317880221096
2.570087090171199,1.0799780138694763,4.95914826740063,13.76479815254246
2.3326108107791077,2.024166604901042,2.2044877648281376,10.408693790476152
3.2302596187851336,3.5458309052211883,3.3745388478528016,38.65181404443513
4.766938648543202,4.868649606706038,3.8604121420310133,89.59458356956038
3.132335228633328,3.8635411907527266,3.7007754633368015,44.78643744710895
3.435073478810564,3.0600423932474983,2.1217564810704514,22.302780593352182
2.5498057714802975,1.4280140058386834,1.768352801447703,6.438852575531516
1.8953898969707939,3.225530270056734,3.656142100918248,22.35232740319045
2.28705745310881,3.6069906785811985,3.995869563782061,32.9635060594406
2.938216376135809,4.56113717258479,1.9921652374860015,26.698217453109937
2.8317412626336482,1.464050698578434,4.251986962472142,17.62794186284469
2.8601557951225907,2.5371834157102353,3.6407217116131285,26.419770326449516
1.9340394932897729,4.278457177153225,4.049268339860998,33.50650158948088
1.7594166512732987,4.48492566837945,3.472829779669833,27.40358894044028
1.7844089180296416,1.930122228835736,4.9077798873333425,16.9030187808024
2.6931233697570525,4.014584309857751,2.6161343815491267,28.285045380026574
1.0074646117558075,3.027945999244151,4.191532043422216,12.786471538560475
4.208377436126903,1.603198686644729,2.5376088179106633,17.120904570226056
1.1853241639256336,4.258574720036873,4.550264924685635,22.96878869850005
1.531902178204927,3.3015874126245395,3.3891802016591988,17.141487035479976
2.650610114851837,2.612674845953444,4.074846667865785,28.21905631903223
1.992741869779826,1.850525577412697,3.8094639951555784,14.047854852908653
3.952757246652913,4.913556706762241,1.2396701006265274,24.076992792981077
1.9087970913139203,2.9940542945117996,1.7218125574823193,9.840231303564094
3.160919106116089,4.296236954919978,3.317048994877026,45.04571599851282
4.752326383022627,4.413938059463025,1.1377509718939969,23.866004013785926
4.205222512174447,3.8578376169430784,4.7860164471550055,77.64385876133913
2.024496772815026,2.2755880260624544,3.0063660938509376,13.850089934058897
3.90544528463562,4.251331193411163,3.3501267061961655,55.62329731137974
1.3775657437232178,4.065394414739469,2.753835711413171,15.422438540339165
2.0909494236578317,2.623735713792146,3.2012261527802166,17.562242566616593
3.476394389337796,4.064146524369188,3.5241255791115806,49.790876693911386
2.757839601232547,4.256836637237807,2.090524544683119,24.542073830049997
1.3742475073234104,3.8207546405385444,4.72942734330028,24.832626991159547
2.9129422384933985,1.2383875690755692,1.55884753518152,5.6233109281904445
2.195645832149883,3.732430746862789,2.288254401781564,18.752464525084104
2.477777465889752,2.6752416009254087,2.4155454505865603,16.011813454180245
2.4930314270793597,3.7087068544904844,4.844127179150113,44.788425651180596
1.9844884402728855,4.599408223147085,2.614654107513537,23.865183335044545
3.266511700636871,2.04790008041945,4.095954405148523,27.39984429056252
1.7423197357146005,4.86318529262685,1.3644168856802832,11.561009511229049
3.413238999435663,2.393071466654211,2.7761887224494513,22.676256115506998
4.7757301010195645,3.967463633918308,1.4123841738341034,26.761199275060537
4.1655582218193565,1.8116654069266116,4.903448615589013,37.00435419652256
4.265027001186288,2.480433157256777,1.6229497885678588,17.1693714630341
2.076171589021038,3.463253314854092,1.0611677086543847,7.6301228111962764
1.0179488320776544,3.968784847357194,1.1417470389652817,4.6126807583396605
1.6220007045414655,1.217203368093073,2.273947987540566,4.489466246239342
3.559678224714735,1.8654571155471302,2.356610540135014,15.648900432059884
3.6014393857746447,1.3293452912274843,1.7285831949476749,8.27568969195678
3.378186495589759,1.3270071678204274,4.945234733312283,22.16888247697505
3.771178503023723,2.804423304251332,3.7016222482930856,39.14828611690175
1.4755729873685506,3.131095657206584,1.430724395388347,6.610175869599137
1.6153296947166318,3.968254391207829,2.923556689146161,18.740112847265006
4.050507862073848,3.2074306112202913,4.2047260525765715,54.62663577829983
1.9072791296130753,1.9525606827360398,4.758840885266498,17.722295785994906
4.0941120441133005,1.7968767498361595,1.61732697935861,11.898051501072468
2.277156534294849,1.2829430226774279,1.011444284513186,2.9548961305384966
2.4129681882881067,1.322560770991792,2.9798603312035867,9.509619536472925
2.043270353797913,1.2608688964731543,4.022696582253252,10.363657259652044
2.4547486167663286,2.827424442979343,2.141478284203244,14.863178957836762
2.6711906242584207,2.8788948546948285,2.7671929814610587,21.27992694657204
2.786631628738802,3.681764281062675,2.2516052785582104,23.100841498938273
4.86934884563742,3.348391764329038,1.235899840908298,20.150713596792606
2.325332728673901,3.2686042578815493,3.1597930877272367,24.01629951121426
2.743437116898006,2.224762085765569,1.5397866732561627,9.398080080140018
1.7327315307556255,3.7785825646868525,3.7476335217616135,24.53676534776874
3.834725049411776,3.7381635734036607,4.370343429009063,62.64812788388671
2.345562112702114,2.43982601651624,3.8282296219491743,21.908052619664197
3.517162860165001,4.479048449712634,4.495517715624443,70.820330993936
3.430343624779725,4.847827216890616,3.2590167075398946,54.19651311964065
4.662831675803185,1.8292482368315808,1.9586599227540429,16.70634402080609
3.758162913120541,1.0766649885252542,4.75134907782894,19.225300291137657
1.362303520685641,2.3700329737812154,3.759964786747607,12.139814340677107
3.7312847448094124,4.473768507033224,4.84247831265185,80.83502647700357
1.7841017466227123,2.905349478036427,1.5363096187143355,7.963367314033836
4.826464614941081,4.582693882999566,2.1664660937196945,47.9183517315079
4.598014050705229,1.9093290962271445,3.533154571107946,31.017995066562516
3.61943150282067,2.2133284412773957,3.965733920907027,31.769457505318588
2.7850592880107086,3.718728489079819,3.717673849318227,38.50349940145177
2.29327486191674,4.818475828466028,4.365833512606841,48.24285101350881
4.848895128340896,4.407610794949039,4.5516883007147655,97.27887586084042
2.5543555715128763,3.3714030421343844,4.429358696186009,38.14458354418857
3.502178595263854,4.50093662305235,2.958486756837841,46.634874964757564
1.5388208480816226,3.1463860880509418,1.9903974783033083,9.636956252172158
1.5458305282483984,3.697341219968807,1.3535368133612828,7.736089482752504
2.332583566568387,1.1434869634397855,2.428315075438408,6.476993562066345
2.0987305036490467,2.4482083325025674,4.14681368458233,21.306865751585043
3.066262524776438,2.5190834241848807,3.425142634614208,26.45638775291033
3.8584032115317544,4.07172707050557,1.4954193673322798,23.493583797730164
3.307681379945412,2.170110690123882,1.0329666533101602,7.414670504276441
3.7394774067360057,2.1569135025883424,3.8920311992175067,31.392070123683855
4.631294756217889,1.5587365414609842,1.9757395969478826,14.262801659290991
2.779216959269737,2.675371323125897,4.708987093693875,35.01337853395594
1.8951966933300306,1.0664643503570717,3.6732547858651348,7.424234579044899
1.1932631306580586,1.880911305489808,4.799624174109672,10.772382629879896
4.723288918095239,2.65791041574434,2.617486997511428,32.860138056078675
2.0727369721729807,2.737607089155101,4.201385376358418,23.840086697387996
4.654217311354822,3.0146140802863632,1.0519221133421452,14.759171027659017
3.1260377706371663,2.5721158567157145,1.8753856045154764,15.079096687460945
4.992345977913201,3.770279938347817,4.8861105123131665,91.96901977674806
2.7658345804377733,4.263643451706384,1.4318645381594135,16.88530909810032
3.3878384060148194,1.9626653033704282,2.6196817562935135,17.418769315635604
4.570977151349592,3.119674851068279,4.843771155798754,69.07199486528117
2.369457517257814,3.978565100915764,2.733519634593051,25.76900163206731
2.0102521595273344,1.4632979411756217,2.025203236891403,5.9573334799194315
1.969216766148262,1.272021566408848,2.5421033613723067,6.367679617370761
4.038204518850405,2.7744622741369485,2.9106945737763326,32.61097402773753
2.7466399185828982,3.566312394466817,1.5905522890741985,15.580057694933494
1.2966204976937004,2.244656184717702,4.297932708182765,12.508992258266657
2.496024106821202,1.6847228691805527,2.371964636639617,9.97436959165499
4.725850257745243,2.911621887118402,2.2969037680621485,31.60514099717437
3.0787354698888647,4.768409558141787,1.2476217848061317,18.315925755655996
1.5928530056638204,4.834868586762181,3.4781219663311704,26.785834483692547
3.4988696911676045,2.8210566861533537,1.13078934635482,11.161467252840412
4.468997410199561,2.82199235373679,4.228671268132933,53.329788410771336
4.584903345606411,3.9623130283767245,3.638414755745361,66.09843417631237
1.2186523476852096,4.423263377411663,3.8815483296982602,20.923176909168934
1.133646611374902,1.4332000200900907,2.413915251550421,3.9219903293261353
2.160162425107211,2.428993343977933,1.7348384755931088,9.102732442763601
1.639816598367874,3.697109899516666,4.128603381231997,25.02999728411468
3.120001220665435,2.3398033345822613,2.989270212373226,21.822238299645928
1.431784752248919,2.1198450802617805,3.622115562953466,10.993707020231545
4.837610792741644,4.383087952481748,1.544878239404973,32.757093916080734
1.719692899926275,1.1656282038426142,3.7103533123203323,7.437486868550196
4.365405013942613,2.4039760406812727,2.3180920273298202,24.326820529379017
3.433939954871212,1.0305421410277114,1.1423583392722425,4.042600347699236
4.052195691363033,4.857330898517514,2.0424902059903047,40.20203925480451
1.7097261028011785,3.7665453462473546,4.600640712091486,29.62702615364392
2.924029480090253,4.972498686346787,3.2452472394262264,47.185027564350506
4.101014153713131,2.4110122081985814,3.931364755454174,38.87174324851334
1.560390466742,1.5450820657056274,2.957458684519516,7.130229786856563
2.498260581871048,2.4680375548591162,1.2732482310245938,7.850595137007954
3.470858464751856,1.826926862160453,4.721366680429433,29.93820766897796
1.1673151164484419,2.023684324589234,2.3673076119389167,5.592237040932661
3.139954766399828,1.906471738374535,4.5213790980589526,27.066037904158065
4.228771529122814,1.216866544206849,2.048425392767089,10.540891030042848
2.0198890482534866,3.8440924515538657,2.2466183143823506,17.44418297533977
2.1525761789114704,4.159347257962658,3.469774648312785,31.065974396843277
1.2821979210230983,2.0585946608760195,4.648898340775935,12.270887086042277
3.5229031134696682,4.315188299449334,2.6133102773345644,39.72751747474695
3.277272772712498,1.0003634011253921,4.311198452492912,14.134107790915353
2.1705353907478693,1.0070572550593937,3.0818300051036855,6.736428633757714
3.7304551951506397,4.995145607107416,3.5906206412501813,66.90822423386707
1.8201317841372262,1.7633486567080534,3.2340668006673776,10.379824511473425
2.6582490309930424,3.4086633402403654,2.639307918082526,23.914969689036102
3.9352516338836336,1.9728118916258692,1.8246647883679925,14.1658055569889
1.9053816662044838,3.3937228530056656,2.247250279065533,14.531478311611435
3.960993441119397,1.9683337319225371,4.381761129179004,34.16265041313918
3.266493411168287,3.970583139709906,4.502632406271912,58.398618492716366
3.845749242046378,2.7886165079409384,1.125648424540123,12.071813711641932
4.8507120360474865,3.3254617657481935,2.5932629777373593,41.83155532707557
2.699957687230183,1.4899911414844755,4.167639975306444,16.76605318749821
3.9359248129170665,2.585956095488781,4.299182109546718,43.75762907945206
4.546381803925803,1.4299941361335797,3.82237173990153,24.85038279431992
2.335777752892708,4.326605756378861,3.578605577161645,36.16535028468549
3.896161482327385,2.1207384931351623,3.601405633871154,29.75747705844598
2.4777664143758322,1.1431228251784762,4.963625772975313,14.058930672908494
3.7956187511718618,4.093960171688716,3.0240285413440016,46.990718177639394
3.0653694785466885,3.0847092012185704,1.3109781363292652,12.396312236164547
1.2929082006730752,3.0610964602308424,2.3201276642642523,9.182408041235094
2.4857495164181462,2.9485523215889065,3.6856797692885968,27.013683115760696
1.4360133529171861,3.2574633915331352,1.8005495799229654,8.42254047187472
1.0179520090200316,1.1774226137666948,4.346113854877537,5.209076983908984
1.3056399391065194,4.912219462794313,4.591667750396363,29.449074001219735
3.791810544100243,4.544898199857892,3.382002145776439,58.28337182120243
1.3258503359547018,4.612085020304292,4.4179541470079124,27.015500116420373
4.80423832874294,1.4630556388430676,2.49187612231941,17.51506827935349
2.9089680829137627,1.3348028911059644,3.193973254157358,12.401875577617357
2.443202746401328,4.395581711267017,1.794303711474516,19.269561020165234
4.486986966540953,1.2428079369929916,2.624434041549689,14.635059368536858
3.3100690711520127,4.419694102969622,3.8103856597160326,55.74400939949541
3.714207740623379,4.403353270923752,4.1887637760249845,68.50710088238871
4.530216034119462,3.341236816762195,3.3808878797326205,51.17489256508754
2.9967945637972293,4.658586276298987,1.6518825978889278,23.06164556746636
1.0333996688603904,1.8771386110996269,2.5652809645032137,4.976220309644904
1.8059969509635345,3.687939881228468,2.3118423217004227,15.397813512255077
4.916412325014211,1.3437640035746816,1.895172864902591,12.520455569333606
4.232707152631551,3.27838215458161,1.7098215638193794,23.72622196958043
2.2845557084929875,2.0563317447042615,3.4255410767220265,16.092522031393667
1.207590252239251,3.879597971750938,3.2997208440389585,15.459075652047485
1.7560507688051832,4.814298697360291,1.2842228044252129,10.857015983208367
4.822690154876748,4.970154146776095,2.0340942586731328,48.756249736333146
1.2299589115025586,1.4346310938805606,1.4731308581156073,2.5993943449182066
2.0017260328426825,3.8125395799390396,2.029394361617542,15.487647222612992
3.4055841917694103,2.445173776614413,1.301876823223917,10.8410474748044
4.47255459977088,4.909608923942569,3.409929636431469,74.87691937967153
1.0620130589407846,3.3328733472448984,3.2147847513126093,11.378907500130104
3.2292288893621137,1.5031400829783546,1.0138793847193819,4.921353683474254
3.2728073787434337,3.3871679757769653,3.985047081780241,44.17643207885374
1.6565498751393934,4.183433726367727,4.456598371592605,30.88452360065524
3.2194219319296016,1.8734431240711404,2.3738522670145517,14.317661778227412
3.2425399172255895,4.090623412065298,4.252116974788997,56.400120798962725
2.3633268343566045,3.5571257665358416,2.1353730705162484,17.951335682943093
4.267025811956873,1.5321632655327182,3.8127060633738328,24.92663421778175
4.845053559721084,3.9346842628434997,3.795881798274201,72.36376438462504
2.474831797502392,1.970988103134688,1.4331248685476452,6.990588246982874
3.9002672757949575,1.1660294523953625,1.9422527473190012,8.83302854462478
2.7898710657752344,1.6946388096282687,1.4917918094903264,7.052928794584361
1.326246281683623,1.6937529824507749,3.590833029296119,8.066208867980079
4.497047848255713,3.1927512205024056,1.6136308223031182,23.168438743207183
4.868953426049019,3.488176285219263,4.935183088272776,83.81800398978395
3.3716227969977752,2.3947190254436745,3.188648579062716,25.745433241629144
4.264335750680232,2.5453552221105826,2.5721663991592836,27.918935265091964
1.3082052650613512,1.4440942105038457,3.7756827615976967,7.132912830435877
4.520548134924786,2.254561587591417,3.3434200256028532,34.07564936296621
2.4704493565354806,3.6529036795086607,3.231493735785376,29.162012688906195
1.7738007672299143,1.2836262549723765,4.8382101629045025,11.01610734665182
4.778591489616812,4.958306207906217,2.9241253882870684,69.28340775054146
4.8656540706672295,3.4542247686673844,3.1142348260619106,52.34114031632919
1.2923917478700044,4.6131203618891945,3.7365119033418646,22.27692960358691
4.9011956523803635,2.917815646750359,3.78316534767805,54.10223562723582
1.8963886347025185,3.2939272426237634,1.0645540890450258,6.649807576274368
3.080115684121276,1.101831551598389,1.9577816775254182,6.644258067687195
1.4282964382477523,2.0754961345018477,4.298588035499391,12.742836405894947
1.7383609051135394,2.9554967345010383,4.6301602275954075,23.788466704729185
1.7360469754903356,3.0620875999926613,3.3342768889381036,17.724775595759382
2.079127304576463,3.1014338036808544,2.855459477622873,18.41278997493772
1.3196552637407253,2.8466401088770548,3.9144384244284676,14.704915202725394
2.0638944496048426,2.673197318897249,1.7032452271094884,9.397139643217056
1.738353097859708,2.117957816058806,1.71706904117318,6.321833590109329
3.3976169285405367,1.9401263529091426,1.5686035250948929,10.339930348184138
3.6733988344161617,3.2803472251942676,1.1253846893208168,13.560912148120314
4.679031518716963,3.8160625913410495,4.4893244765131595,80.15903057466558
2.6851408332139997,1.4312032491633913,3.6555207103168184,14.04810133204159
3.11587297863875,4.918033733062676,2.303414993536806,35.29745861193473
4.449963717158964,2.681419587350699,4.198523056039571,50.09770025152019
3.9673559203260584,4.063220284493787,3.480649422510889,56.1089077058579
4.482250459130714,1.918432270552271,2.778671897613575,23.893504901330523
3.7930762719849715,3.5969713670062817,1.2664408395863842,17.278795450028976
4.818627110191715,4.533571334769437,2.3543102166224332,51.43129511233686
2.6565489702949936,2.7977705879325465,1.3155884965373468,9.777999115700595
3.711552152985732,4.795995735907949,4.3656584054090946,77.71128793015113
1.5719096815765945,1.3283310953409604,1.9084241737807925,3.984821181230697
3.0255121334653086,4.821206827628579,2.8484821378702003,41.54972582383995
3.9084379914708998,4.102450772638507,3.402856828264825,54.56200003972078
1.5231294054120141,2.3546223185517348,2.434467715158342,8.730961604657933
3.0053414880963913,2.4322253814821644,4.932794195020394,36.057087125031096
4.587357114262329,2.884202024804874,4.465037462866208,59.07630645096522
4.9808716748955755,3.1385729518115792,3.6460091846267884,56.99743853598166
4.157504969917602,4.447134192232039,2.6263116234724397,48.557829661936424
1.3735559842091196,3.624758570888478,3.713375584861949,18.488187137489874
2.5444918585432794,4.405787258114371,1.4684481961275773,16.46202353735926
3.2117821661327612,1.1811357456947906,2.311042069689772,8.767055316214167
1.6781405226877424,3.403102615570042,2.844647037085433,16.245450393436723
3.0194555046769116,3.4208115230332283,3.0777290826234793,31.789827327001255
4.214090290115869,1.465531512281748,3.2743117757263698,20.221763537148338
4.188721557225761,1.2010590958946201,4.8848855329310314,24.575381015213978
3.9530229379087527,2.1216249490854637,3.039052771398471,25.488025304466685
3.4259549014917696,2.553019940884561,3.8157003025959466,33.37414167049495
4.711270443759586,2.8701960965144937,2.189626037016681,29.60871455324889
3.027211009355197,2.1777286533995053,4.851346075707896,31.98222808048502
1.840081505699096,3.3664842500811774,3.462772534113126,21.450509465804245
4.92234488456757,2.673069521592565,2.754745462389614,36.246307438760674
4.325034115855624,3.334424449096321,3.2846893845885763,47.37014631449293
3.9568863790278614,3.1617285592494886,4.570195261633405,57.175887903490775
3.662172518833212,3.859545516340691,2.448781290964055,34.61186211120597
4.3939117343476894,1.208081912295512,4.049591177763273,21.496061314118347
2.549305518586761,3.8805104938744726,3.645520138960586,36.06369737807573
3.023474503373199,4.547147982881,2.8863716508347226,39.682374289934735
4.984957897964663,3.256810447550576,3.098862634897547,50.31022999029244
2.454840415166497,4.303094855970677,3.0612292272600743,32.33702299092014
4.688237525030798,1.7444351387758688,1.1388369864630703,9.313780452283858
3.5503930083977857,4.961421618271746,2.4635637179778893,43.39566657820884
1.2397419899869853,2.6602294074943367,2.19310503490334,7.232856237046951
3.3352720072399307,1.450403639588684,2.437778271174113,11.792729613857938
4.050614956827825,4.118594337710471,3.1689023074218863,52.86628961717523
3.976952963464595,1.505049340816365,1.85918644513742,11.128179870063017
4.549240388283186,2.6269432079136528,1.2829348120971553,15.331835812251185
1.6509274276683032,3.4501581998941027,3.0810071448739764,17.54929592788372
1.2605686915160303,1.2975142707358147,4.970160185240021,8.12922315634787
4.212223576908945,3.2650174067029845,2.9505747799619555,40.5792056728383
3.0115877582385626,3.028797964602802,4.4802758403554455,40.866795183527444
2.6455850378524155,1.1947064164954204,2.3261383889560694,7.352219604784279
2.156321135504172,4.470753403303883,2.904471759394548,28.0002116200757
1.76402693705877,4.337604969966305,3.6864635580717957,28.207536291480807
4.191645859093041,3.1889277052886524,2.6081809725837224,34.86317846741536
3.6039705881354047,1.872588141245795,4.257701634418273,28.734174910336268
1.6597322468902131,2.8789927301806433,3.8858146139365832,18.567809744261762
1.9671711488564205,2.4209488299093036,3.310658907926726,15.766750484136756
3.13277946989974,3.6126933814065274,4.4924214574770875,50.8442002396467
1.1657833007631986,3.9041235588128718,1.4269978932082696,6.494784055122869
1.6453032732700241,3.1985587426957096,1.5709579776090363,8.26732214766215
4.993597622327759,4.856182090843365,2.460576611745424,59.6685383130254
4.459189398130553,1.8984241427736528,1.0741242710080656,9.092926846465682
4.598924692174055,2.2849661512348507,4.1490888965693005,43.60023287515991
1.673027694489004,3.5378448735955534,1.7211490972280665,10.187330823901995
3.661597649454153,4.774429389381426,2.7666530276709658,48.366737317887385
1.342134377767442,3.083767329010456,3.229195838762046,13.365093082548952
3.245671391250375,3.2742158231804583,1.3865151500320487,14.734536189878794
4.22062050004058,3.4559186609469035,3.187676993324275,46.495842801703176
2.5788281294003195,3.1941871463435563,2.647125236236432,21.805057932841297
3.197993739542976,2.576325132317103,1.7665101843882498,14.554403969343685
2.0133333401467843,4.768543544076673,4.3599030888432955,41.857980765556285
3.5065051668635254,1.5496671400074358,3.676072882720833,19.975470641982575
4.607895066950444,3.5312830795957644,4.113969366512311,66.94161220307176
1.999173901959634,4.546697020379734,4.311373104542495,39.1888209035134
2.6602099468793585,2.7425429678531428,3.5209822145504717,25.688171073616736
3.325083848490185,2.299452307334987,3.424374084134231,26.182324994241835
2.0934028626344503,1.3067961497579637,4.43358898164904,12.128751247990875
4.660550136652745,1.4873217856831955,4.791166318955675,33.211108446879855
4.574561718127871,4.887559324319076,2.1218074414813097,47.44030814896183
4.1049200225871285,3.5391772031568736,2.538160168167907,36.874490837114195
4.3487951970955745,4.680762371050106,4.7675141130520995,97.04597698714318
1.9760288242965438,3.572414959738201,2.6888750411419577,18.98129306533713
2.9351681545341677,2.3235447707812127,1.593860818581589,10.870122202704938
3.4360503264890476,1.6272494988507087,2.0940146879889454,11.708287718876596
4.424087726853843,4.808131921798886,1.6255480443964463,34.57800359429939
2.5993755656882658,3.681276943196608,3.918870284550393,37.4997533685316
3.471729249559861,3.233366625635393,1.1982209687741863,13.450477896564935
2.5685490262721435,3.875562041545018,1.9517831422707226,19.4291640772618
2.3058277359083683,2.085833902149068,3.5401983130678687,17.026844572127953
3.129151283848854,3.2789528186933654,3.224237590959523,33.08177206136475
2.8928100250429747,2.8626486921368755,3.723113579321616,30.831471523509993
4.723740047663069,2.128562864711606,2.7733503371774093,27.885420980343092
4.547287970895249,3.381775125580776,1.035433897290733,15.922804467503159
3.513085779377009,3.5211153201871697,4.2076283115371576,52.04827872972401
2.2768994293862335,2.373951539301533,3.1171413895217204,16.848925083147652
4.022090605104978,1.122889844337545,3.524289244244807,15.916975512310914
1.695016338553812,1.9654317157308427,4.424579508981856,14.740216161732132
4.703752329695046,1.90634570738515,3.590389500803477,32.19494388887824
2.2545695042507585,4.266812776724807,2.327019448498119,22.38552211579738
2.2682889467787204,3.7653537998754834,1.7265618546025419,14.7464101087971
1.1439016728965874,4.409596947440929,2.7307749717804843,13.774425807471722
2.7124516731388355,2.6982811364283283,1.95636396084734,14.318544064009387
3.84281682395058,2.5903044566113986,1.6904546097766318,16.826895986598558
4.193256267611082,4.789532810807204,1.1450363186634656,22.99660997167284
1.3406562133613416,2.3477732906475883,1.9451267420768192,6.122397000501141
4.591307236274601,2.2548775414598374,4.392761007908447,45.47753242643937
3.953692948815387,1.3865824522307975,1.840269521105204,10.088580673760362
3.9273615148673806,3.8924737255629633,4.333493346237481,66.24676934027875
1.6097060301027395,1.221096766693412,4.697091214369741,9.232634565923096
1.534363024040546,4.146947533898754,3.9425011089602977,25.085830820708047
4.577151674165725,3.1998984021591617,1.5340356147544654,22.468130412740855
1.673065527245503,2.9369265886868026,3.122855652335215,15.34468410555134
3.508359647201025,1.6796809566887902,3.160670199192392,18.625592081537107
3.1362909917961215,1.856299070968587,1.9760127522467115,11.504136893641286
1.5694956615792206,4.989263033556878,2.0630175130934996,16.15471999098315
2.888185371616138,3.3747272665405177,4.28273919327269,41.74316478937491
1.462922837315666,4.280201232170368,4.672328264670599,29.256269962742486
3.5319704634351776,2.361791138665377,1.2831317323000917,10.703598185526893
4.569363927564639,3.09112287814645,3.62108865833106,51.145941374663614
4.923167645286847,1.8182892961304886,1.7784194519390217,15.919953937723847
4.960949677338182,4.116965888640086,3.076622317326061,62.83712064272342
2.3565701237362657,4.179165064622636,4.109031319725359,40.467776599129756
2.0723367272264346,4.794482742579234,1.2477884800697145,12.397755162965485
2.394875831384446,4.673192687811691,1.636129273013104,18.311094528430328
4.4354637419869025,1.9643189830675496,3.457498672713537,30.12402984146987
1.3477939230929916,2.1302773731136084,1.233979051778522,3.5429696781058535
3.0906917478445743,2.3195256378468025,2.90981977098992,20.860319705384633
4.815740367303775,2.319079567638877,4.345446285495305,48.530313865516625
2.529991412840018,3.87809857267567,1.4293264106297543,14.023916244547921
4.183941454309911,4.389681770414404,4.893786451409063,89.88012140004618
4.744221708073809,3.386372857539397,2.293283900288844,36.84321946399407
1.0852626075272087,4.201753577357778,2.453257910134264,11.186870896599281
3.4483107518311633,4.868099866747027,2.2687851746284537,38.085463988374684
2.98880882243962,4.7608917237072985,1.9880312930402457,28.288482911790577
2.192855321550903,3.9203984514286305,2.6162160067890174,22.49126002497989
2.8795936055967983,4.628330802964983,4.406318639488762,58.72614485911881
1.1479896351968408,4.951545174495118,3.5767482532796633,20.331390710762996
2.9257769101005056,2.2107524057166055,3.504769883069671,22.66944160575089
4.111509943690203,1.6045673609617257,1.2029084628236575,7.935821287306654
2.1239942434531125,2.967364411324022,4.55274415395884,28.69442090476643
3.4318564936430715,4.865705500734739,1.642495666267585,27.427054592052862
3.7329793267362468,4.882299551983126,1.6096750232218957,29.337169632284
1.8049651582961643,1.5653444677865203,2.836635746674777,8.014608584056846
1.6244415213078227,2.711507982206482,1.3270932129169988,5.845429096889255
3.7102289046333956,2.9431399921415355,1.7312275081110777,18.90452495839923
2.1683608036701747,1.266581826410675,1.827020361895816,5.017740391144328
4.701921493010561,4.720221431756466,4.85032830929068,107.64872295117125
4.319226801346405,3.254499395815069,1.9245884364506884,27.05378763828202
3.0260641603347893,1.600510135308487,4.379962816290199,21.213238961280936
3.8425150263429946,2.833122557754201,2.418942595761388,26.333373482452306
4.542406776378622,2.962895214723445,4.704338553427384,63.31416509683542
2.2431470859711684,2.094873783999279,3.962039547425058,18.61805975300892
1.345142590363901,1.2944144170578058,2.0840558651132746,3.6286996395050206
2.3130972727709804,2.503279695582523,2.7261475659840215,15.785292500473103
1.7112183152521245,3.48712138942545,3.565513678626649,21.27622588756491
3.534387018085306,2.9329128106992424,3.8937246669303125,40.362540547053335
4.878084786828794,1.2632853703227607,2.699768792207642,16.637090697326887
4.975993794659182,1.7384680995244852,2.8233733899084963,24.423892129346566
1.1911829050067761,2.6311095517556704,3.643331103091151,11.418683217264258
2.4943762586816005,4.260141794803843,4.875435566875491,51.80831169527635
3.568598219126793,4.848269673603681,3.046271875045818,52.705153642582935
3.7587270147400527,2.5196975053527892,3.7317123287651977,35.342506674726586
1.4582711082889679,2.3766940656482354,3.6127167150625854,12.521185849647043
1.0118428707966998,1.9719447494118505,1.3549439480477843,2.7035172698215333
2.6015689937900146,3.2563732383030857,4.019577614850285,34.05257387721023
1.9076765049742668,4.479363547667772,2.728597860068678,23.31635057682146
4.764480888217768,1.2783155519389906,4.824277319253666,29.38230933444333
1.3661021820516686,4.205209415745069,1.5723166148297723,9.032559204586875
2.220228151249175,2.8615612661350767,2.407301805612265,15.294356010485144
4.478888235626224,1.7195954681330412,4.214688398182394,32.461007051631064
3.023433907767222,2.0006666435392684,4.01580168555412,24.291116025799937
4.556206529388241,2.7439329207770924,3.4609808944462284,43.26892387976165
3.1890823451443446,3.8456657531718226,2.7032392363950124,33.15291731272581
4.928169200571121,2.2039255099217545,2.8804255374578007,31.28521721441904
4.934589895760253,3.9232534145695572,3.0328843394812868,58.715569167066356
3.283771072580185,1.8020410975704557,3.1443673451942047,18.606763666681495
3.6176717976230863,1.754454035220518,3.9299591371255422,24.943603453679053
3.6275964490205026,4.7382690258445495,4.057239883587247,69.73798090624197
1.5753849542818577,1.9246180847087517,1.2784150221026782,3.8761727221716513
2.4942833587473627,4.957878579756008,4.429481231019102,54.77653309937633
3.000767310229182,2.352466473253511,2.908708155672756,20.533165676549366
2.1339300226117968,3.2637856115106807,3.591244317797762,25.011903760390066
1.0984704181272904,2.3004685035921026,2.676876569751002,6.76445798778248
2.376533548543146,1.399148886396255,1.5925739965299779,5.295506444332088
2.6039802399520355,4.720041513890049,4.084846406922224,50.2064176002092
1.6929845975126039,3.094871633612656,1.5250409891513335,7.990559026179907
4.704461272776376,4.220758233417262,1.97110930194113,39.13912222822192
2.9163685052359574,3.8116248763420866,3.4549843289807654,38.405960776881756
4.843344217647406,4.203151905283081,1.9223831458152865,39.13455247624059
1.302693582041834,3.7544542173029165,1.5059817093987213,7.365611082339093
4.0534625325805305,3.633824635216097,3.6885081724635422,54.33014673141013
3.582876081463777,3.960619272246661,1.5820725189509797,22.450254621763907
4.269511245978471,2.704400081090355,3.1519071724035785,36.393390765878905
4.991574392306853,1.6786584694011615,2.2402072478670223,18.771029490294637
2.706785638643636,1.3815075385065598,2.477635284717781,9.264980294787952
4.205102909662595,3.3966320842171127,1.973519144591989,28.188143898885183
4.281481169918639,1.8638353570687807,2.585334780564441,20.63090946239602
1.1455768767311225,2.1621231139664987,4.418127701818042,10.94316438387294
1.1897762745377194,4.03785504903529,1.3250519946915875,6.3657407720007635
4.194364003321555,4.4510973730862045,3.429387831470381,64.02503361334819
2.559841922475483,3.735344154730484,2.2423305426658473,21.440919253143623
3.665385466713701,3.5459211919410984,3.786448554476559,49.213107997449114
3.127292345833462,3.9483957866356936,4.530270829855714,55.9388234356783
2.8448079046429737,4.859169142631087,2.0050018478234364,27.715948131050684
3.327086206932196,1.9629628629858593,1.3373816344619942,8.73436812697369
4.894288198495611,2.159140460799882,1.2695000356882273,13.415385358053458
3.937914975573821,4.933629918316431,3.048697347482075,59.230747961425855
4.114194146050139,2.3847313683706437,4.814597847529052,47.23721271110727
1.1891123810060886,3.2058189063908022,4.067935735207749,15.507292197742844
1.697829539273604,1.1613642306773482,4.677792817022213,9.22366484447736
2.3248636134479126,2.516343237008556,1.9846431200378043,11.610469535839044
2.262888174078053,4.965216923061415,3.811684147461734,42.82705643016187
1.3076289878969294,1.605062262618557,4.076142776398796,8.55511420231797
4.141339961083404,3.584225358875885,3.5844772651502113,53.206172901545344
1.3718673241904997,4.304144763536339,3.8404734488459447,22.676903329942974
1.0714567469950182,3.925333625775042,4.660220638871751,19.600073389077153
3.2043423817573715,4.9653682237068075,2.8328828281147054,45.07326167605901
2.6654578879883664,2.95346790036119,2.360001640486266,18.57874549064681
4.336451021412824,1.2996039621480637,4.717915283657146,26.58860857418128
3.3357431673133,3.1678439688344304,4.525308696528565,47.819452311917196
4.644239151380898,1.5998512873532404,1.0815124100252747,8.035736689529093
3.458731350358986,4.941657316456315,4.7414678355400595,81.04052854118535
1.5178402266536528,4.996248855048253,3.41027510302098,25.861846802286305
2.895737160777442,4.790581056040944,1.9352585037839534,26.846416070947182
2.022814461977992,3.573310496181593,1.8359265478277744,13.270341734333396
3.613050605541998,3.9385459579340387,3.6420327867821083,51.82673061716149
2.0192952447992227,3.9108804569586773,3.5492232792678946,28.02900526319378
4.886625237948951,2.9642834980544337,2.246048142321625,32.53477673436787
2.621847886252199,2.022422384572356,4.965065245132948,26.327178296871327
2.730569572980563,4.159155944224041,2.3230435752588017,26.382491508073166
1.3064053823579354,4.921298444612778,3.200716397873881,20.578080356872803
2.211450920108423,1.221695342554146,3.14977841440206,8.50981709947395
4.945561321857875,1.5274475447492124,3.2095497674767306,24.24521335514095
3.930688630555925,1.2716115223836928,4.408658883649812,22.035839171151288
3.5226726693950847,1.6178363540267502,2.862401995307323,16.3131378469984
2.207590085459522,3.8051286707023997,4.408702142721628,37.033822469159354
1.8961891929040493,3.7429308524267335,1.489692574471953,10.57280260516926
3.4869171952948292,4.3713473961338405,1.8065116914275445,27.535802152442695
1.0832691578071247,4.492502940428746,4.7621671563121435,23.175514474177525
1.2655606558224748,4.069637461644477,1.3075367996074054,6.734302301012345
3.5450748833855257,4.5139423844597335,3.917599013578682,62.690452768987086
2.7142873833007797,3.707969085608012,1.954717871097699,19.673245712105533
2.377207353591962,2.651787803900807,4.059733133239584,25.591946550564252
1.8734635819255039,1.7270964887483444,1.358929365417255,4.397023027502853
2.3891278862806344,1.2575455129765833,1.6143536787848651,4.850224009703799
3.927933267352232,2.1214100335572197,2.9910695521002517,24.92385588086545
2.071793777488072,2.2686125193939866,4.002416978299278,18.811749238029524
4.866231695841638,4.275848048589681,3.299042017177439,68.64404908748561
3.967320594030356,3.069816724484296,1.9765320135525455,24.072078856146785
3.9204935273409665,4.512044638863328,2.6569524949777845,47.00000652988993
3.506855527986311,2.741353727719213,1.571783680402349,15.110391882210191
3.7901785900398646,4.757027909666583,3.6871917248192254,66.48001272744773
4.4124554609137085,1.3234397049814457,2.3026853667663176,13.446804651029877
3.899211230869291,2.2127537619342843,1.8248454975324955,15.744756587008437
2.385652786982637,4.464662434202189,4.667506921995999,49.71424344151743
2.321119970753514,2.7703833936922972,2.0686806048406132,13.302427670637861
2.6426206456570513,1.3942225084911222,3.0665686145597006,11.298469039141283
2.405516089412206,2.665961564870662,2.0048368424972054,12.857045612034154
2.243113340936747,3.4641463135130524,3.441764126915665,26.74413456937802
1.3212824739516602,4.893314303622095,3.4891385503882795,22.55885233714425
1.703133353965471,1.206206093195413,3.1311999239452724,6.432517404565945
4.924234524023255,4.183743948850356,3.077956784984559,63.41125431207359
3.2499067064979297,4.121539299600808,2.1027787891728438,28.165919062880366
3.30793756361103,4.220837186913627,1.091363444749013,15.237906587819971
2.034760725792147,3.8853391463524076,1.1728933609302437,9.272584682839915
3.861483362977387,3.4464801987386497,4.973576214416925,66.19096810521785
4.629161820410898,3.3427240875936794,1.412475254291723,21.856657230114614
4.606761277408659,4.539215876515614,2.68770713171682,56.2028694098663
3.4638320429054854,4.719977601726347,2.152338151637049,35.18902769743804
3.8883864321870654,2.324736324752662,3.7162941212247014,33.59334105110919
3.5550752608585,2.9395757904496476,1.2132262051250673,12.67871511228407
1.3577065547936495,2.8876103068425114,3.6328857840194164,14.242828407319656
1.8268590240420184,3.7617260491915707,3.217240105465321,22.109334645784266
1.0374737950114472,2.7808930837016255,3.7800440555855452,10.905819094973774
2.056910880407021,1.5550327961367825,2.809869368360065,8.987546662870647
3.278980252064268,1.7443339361086299,1.4321911979432094,8.191613092992554
2.0135468613216587,1.2534762480231847,2.827949697158995,7.1375560294651805
1.9461221223293634,2.7766707738711203,1.2048749684322506,6.5108315673081005
1.2137994365655964,4.087564629756992,2.5156215219306675,12.48121503687283
2.5587411971103458,4.925402454476703,3.9034509291854653,49.19452914767217
3.225698926891011,2.2721421035693194,1.255146881485342,9.199280693850058
4.412569429953844,2.5253944630811955,1.0173538957103685,11.336861168481617
3.0412017033510037,2.479644733644072,1.2053484495191924,9.08965293672995
2.9888902415889365,1.5420364575472791,1.5284299141385924,7.044499421056345
1.7977282637547187,1.3118932952639328,4.8476253691943345,11.432773736277793
2.931483279542197,1.4201156925209033,3.2239097538433485,13.421282695385017
1.0365019050972273,1.6323851278065749,1.8855772520448766,3.190340699055601
3.8059088573943254,3.158184987417006,1.2401979487018449,14.906886925679427
2.729594412141744,2.0952379656043556,1.194963284541335,6.834174081200297
4.883989204796665,1.1649354420101918,2.7759409761450455,15.793805355503563
3.9404329536048524,1.5062784648789034,2.8016366857133814,16.628804407750827
2.8670258289806547,1.692603529113466,3.4718198375938365,16.847832180697946
4.454903712360336,4.0804136546179155,1.9224052361793547,34.945193903146034
1.702243520566928,4.072922358246794,3.190484531285051,22.119966470783268
2.763893230252346,4.17928339409613,1.1613890156011402,13.415312621586763
1.92517896800523,2.3040990235511623,3.591408215496347,15.930779265923743
1.5998588796226718,4.769448019673401,3.3409891518548496,25.49322984328233
4.099512586516216,4.536299574242272,2.4461524062966213,45.49015991474915
2.7584163414670813,3.5974588526541824,4.023535918715114,39.926710877710285
2.408223657195168,4.147971898914976,3.935672839336668,39.31439651807332
4.613099204381852,1.5715525146853624,4.1515316469770145,30.097473792275448
3.9758700609604003,3.0955427490612974,2.753046326694202,33.88305087252381
4.563120843273436,3.445929558158543,3.403565980717764,53.51832833937923
2.1588906179740985,1.9380751530521088,4.657584621243386,19.487763786642333
2.470019212755662,3.4215782278790225,3.591171296654285,30.350295673630924
1.2524546906476122,3.7422302408288175,2.067978122498045,9.692559317605351
3.09108107845828,3.9801965296103967,3.254310553116456,40.0381412989118
1.5486884516672292,3.6797970608039225,2.441049815348286,13.911199228481408
1.7463991144859237,4.138873014582444,1.5466259566342537,11.179204455441917
4.950057900724609,4.741500370572087,4.647827342619779,109.08776758091956
3.2847797125392524,1.7684041024771466,1.6103182875571993,9.354045724680645
3.2457046584795544,2.0698096591228885,1.14011635130547,7.659291219176353
3.061960748846972,2.3621060647565844,2.9114963635622577,21.057910032659475
1.2938315666725613,2.6601969013192237,3.50738299747401,12.071874681392554
2.5796903561312146,2.3149234268038064,2.651229851611776,15.83257635435989
2.304378674877883,1.4673011228811705,2.8696633009974146,9.702955534808407
3.600238981920429,4.17935716899332,1.8504732886704316,27.84348793382831
1.9887225318502453,4.3441516109972635,1.9940369653889594,17.22710786351968
4.793909467111126,1.203504835353796,2.0483845597692723,11.818140837564163
4.458215504963428,2.9277418661817536,1.4458145674088914,18.871500687995628
3.0248493087845985,4.779719484120283,2.989929908536722,43.22820084384707
1.578773250465785,2.482846579886342,3.5173805605184034,13.787610399503137
1.8055405461601732,1.5529482827298482,1.608609607922646,4.510398320033353
2.57491315514237,3.1734972432301727,1.2128663875330377,9.910913185099188
1.45524629120527,1.8106073241648155,4.811586478064433,12.677951022546162
4.37869693225845,1.8718750331361984,4.412587076373155,36.16721162551342
1.438297741349459,1.9485359950375472,1.9533584566671158,5.474433421598402
1.9722471242513286,2.241973450970047,3.910655471906715,17.291845770044755
2.882391436303977,4.131154209724121,4.05994980504282,48.344272573960716
4.9871130781594015,1.1585541106234807,2.3971699962833783,13.850465546745747
2.605034283029221,1.1006182803443942,1.4930351714667944,4.280753332582025
3.7522787075830606,4.7799095571952925,1.9587522648269893,35.1313047769025
2.593648447355886,2.179284763745317,4.282619068836246,24.20664152658047
4.693160137202234,4.608491531257663,3.6787351916367106,79.56511482247592
3.817543695627071,3.5352864768984467,4.189417171003647,56.54083749828299
4.544521656446512,4.481095615436441,2.2825425513518747,46.48269186168248
3.4950145242742,2.6317210062271132,2.3618925063507024,21.72445850192574
1.2843567336115003,1.916322400147307,2.8456255340124144,7.003771880867334
2.466382045092822,2.54505387513969,4.240563120720527,26.618333520397957
2.09754569710027,2.385045616040242,3.2805107048083118,16.41154923982749
2.53010584808385,3.8227984975057305,1.4768470020640048,14.284189491666178
2.672191460323791,2.686472723952795,2.610327254920245,18.73893760782677
2.7763845968706375,3.044626824722036,2.5693144995838364,21.718556827066333
4.385361792632224,1.4289007347805267,2.2031331595944055,13.805375864026093
3.6090854119837994,1.1743417553848539,4.628598748470505,19.617388678004396
4.14989063992029,1.7139600231677217,1.2336025774934405,8.774302609554072
3.170128030854537,3.476650384651644,3.54811691847127,39.105311029123484
4.647037782329976,2.1228147524368906,3.7978814279079063,37.46534207521877
4.9081981819100875,1.7814508895114347,3.0863321763636953,26.986005911781117
3.551331277515392,1.7820855787269356,3.0298002761479643,19.17492804490221
1.9363956993576807,3.602439231424185,3.9094688663556423,27.271468980195593
4.192872494109351,1.0240533407869932,3.1475727455786635,13.514812054825928
3.5861705020545953,4.280283394597388,3.099300788211946,47.57372797611288
1.3199601786283925,2.0549272604912643,1.5682499455589327,4.253755895071099
4.019438158049639,4.017783445902074,4.218858791446573,68.13132979167236
2.7816660728591316,2.223166597096913,4.544714756240506,28.105002779989785
1.0230623513276251,4.306597434031744,2.4160688565519313,10.645000532450904
4.844359401893303,3.589195660295588,3.8970359000620105,67.75914174038252
4.995420409499209,1.964014131503387,3.8767180497158646,38.03477649040554
3.451786726197202,2.9086150540257654,3.22871716214771,32.4160582494687
3.4367975072161094,2.6974119768033624,3.2671052903467945,30.28756485159156
4.858423188994746,3.3867561432358153,4.753237969154236,78.21117776170514
4.778583331745363,3.0488282738813264,4.0743757290462685,59.35990582806398
2.8741358037778975,4.649553114083931,1.1068917907698181,14.791889865647747
1.560818103421262,1.3350322255455302,3.345234859362316,6.970607936140959
1.9834073603634983,2.9461519866735224,1.8696218644645817,10.924984926095714
4.715372024461679,2.4914200285936654,1.2374231496912018,14.537212890918118
2.57099504599929,4.730883860553656,2.910702743727993,35.40310732632133
4.492715515103079,1.2896800922082368,1.1960815825098687,6.9302949512863625
4.331714951221685,3.682485297066284,4.559922792839821,72.73750181422918
4.644842821900764,1.9804233463316652,3.9876578032201393,36.68148781176287
2.3533291955732287,4.6091580760422755,4.571537897706433,49.58686021260082
3.366321224138823,2.7509869289700313,3.7789423261569954,34.99567268811854
2.3907973203921706,3.1880002475317593,2.0956480906848647,15.972741489146474
4.007539680495906,1.0547622871142797,1.9288820142969123,8.153387590376225
2.64180826804878,1.7536395077780638,2.4506773606775845,11.353447472081625
3.3063660913140263,2.8126916187333375,3.7977744246198735,35.318497755667806
1.6870412386791047,2.8998501988798004,4.103010924357394,20.07261411755215
4.80289488895607,3.8024313093909754,2.9280694639550138,53.47438949337094
1.77814982618658,3.791033202883645,2.8168239793683245,18.98828095220942
1.2778329797474854,3.7554692475194815,1.6951182241437235,8.134639209253884
3.6099720018163017,1.434518461394302,1.5001839693364691,7.768809920942395
4.16683316602569,4.1571329969533455,2.4183015512103605,41.890012081218664
1.8066558766318188,4.693671059477922,4.310462605809944,36.55206944226898
3.95044745806748,4.095940140264923,1.341036053833914,21.699031238836668
3.121512331546274,4.468230358223811,3.3813648475425286,47.16204662918315
2.8007515162786563,4.809261737433115,4.83743232596917,65.15802257365195
3.5453016893383333,4.662207641207797,3.7948959894764664,62.725580134328304
1.2315894381032408,2.9999761882831564,2.4894479849904783,9.19786052886871
4.847120549371276,2.602466980815877,4.827181401870254,60.89234068308223
1.532080863772789,1.9299806581959107,4.503081481792146,13.315100544138474
4.495512378315061,1.668901642563657,3.4061345169593693,25.554755804527673
3.5224757718283786,4.957409945480967,1.7023016879013686,29.726198815272628
3.900306519526404,4.913651783401995,1.9139935448164378,36.68120412365213
3.666202654664086,2.784177712398558,3.4315127512009727,35.02668503614053
2.07761085169426,4.089779017750738,2.818281824408214,23.94685405143443
1.7220040053502395,2.4878588155505192,2.7241943194989875,11.670728634835971
4.635493656441925,1.929214658194319,1.1704506868030138,10.467179332694489
2.4940875792207384,1.9430931606599238,1.8754836724322805,9.089052464755625
3.211598953263256,1.4129191252423245,2.754997337152178,12.501432919738214
1.7477818242929373,2.5853020510701787,3.07012581272966,13.87249837131144
2.568367865661713,1.233496258586853,1.5302854870089524,4.848054837484785
3.9549496705624985,1.1378379523212017,3.8711719706459666,17.420629375770172
4.821737288027488,1.4259857887979894,4.5529041099983845,31.30453414060232
1.4322783668358783,2.3650346782863196,1.466848907807671,4.968786397693682
3.325907156708448,4.555827598363235,3.217368037001731,48.75039577084164
1.9197250253452123,2.959101167007485,3.6453078746648995,20.707756682991622
4.360846418416217,1.1299494089580806,2.0281072311370316,9.993571054688173
1.9134443137105177,4.4752132509810645,1.06126871000798,9.087719682913493
4.814438006823846,4.190654172567257,3.278805183209116,66.15200848862919
1.1819298938079816,1.5830637155107632,1.5411289379671418,2.8835606292477407
1.4142583421400383,1.0053304580780829,4.87522523489482,6.931580549648735
1.7610091061785487,1.1449649102719426,3.6202509056207886,7.299488851748282
3.2055344427419334,2.101274292017978,2.511401711364126,16.916066380157538
2.3900878351575616,3.161542183909463,1.9769197197538682,14.938324040651894
3.1654891435299106,1.01693418829637,3.817067622054396,12.287499986414005
3.756985884734243,3.390035431505635,1.1437568806790868,14.567248218745336
1.72420360017357,2.3553318144195217,1.8758500029186282,7.617961161505468
4.36540645082279,1.7646262311134295,4.036644601857196,31.095527685152852
4.169652335128697,4.117408422908122,4.632557535440112,79.53249659939115
3.2157021984254057,3.5670479002192077,3.8191057855917734,43.80729647566453
4.436084936347543,1.3504051065485738,4.457834106415565,26.704707599056846
3.562626306474075,3.549380190054355,1.3217657611429043,16.71388036566322
4.746810407668672,4.339590157578018,4.088181428374716,84.21331481333586
3.844513881622452,4.57352543358933,3.341214549728034,58.74851534410157
1.3692348859159647,1.0961261705093661,4.194683736566596,6.295608670253015
3.13770716892272,2.055699453625088,1.4786165711129922,9.537347341561098
3.2036350262227575,1.7905937994071026,2.364307945666658,13.56263741025416
1.9404076579091925,3.772668471963715,4.969477476969162,36.37913338736497
2.8669531902166656,2.032173730257479,3.2572820602870087,18.977403970264266
1.162528847988558,2.504203463242181,2.562060005921062,7.458691551462826
2.14160586889171,4.659145633079934,4.208726330442401,41.99489704682901
2.3572069472357975,3.402631973098952,2.961712193893927,23.75502787538469
3.2904927000444655,3.344135472726801,3.497190706953339,38.482573714652055
1.9475400585052816,3.456083994075455,3.3006592933841596,22.21628229207103
4.914050131537318,4.297513010227413,3.7409960259209902,79.00308122473588
1.0523241449001728,2.6996350435750394,2.488317422886811,7.069038917132723
2.899551333894006,3.307737688704684,4.9939602967024115,47.896849613361425
1.750109280429947,4.468376432797609,1.0373444766808757,8.112186363147211
1.3097595292110498,3.95198815499378,3.7326724210895303,19.32088782559012
3.938535351894412,2.5817416906372412,2.869324299411309,29.176095521356494
3.425439419925726,4.75694473785402,3.3584166428476974,54.72414322614513
1.9738811610385243,3.575303400466455,3.7189588329892946,26.24552563225683
2.3093102341364427,3.870043359708528,3.841312900335995,34.33031559251408
3.547620886373195,3.125298679310858,2.685767298818947,29.778108857950443
1.204691566774088,1.234150347786216,4.415091392295106,6.564227707992597
4.457481301186274,1.1935047488510073,1.4364174277469028,7.64177677095556
3.8334385028141087,3.3261842233537955,2.1646234450827317,27.600513231622184
1.4982969285628798,4.3228240510439235,4.467776004977544,28.93722223730044
4.36243265859396,3.3856021140339796,2.7816533449182153,41.083521236592595
2.7029731897341165,4.424047823510595,4.7946981313688255,57.33539657051499
3.4509655407292783,2.8010934204529203,1.8859001953478804,18.2300106181123
4.404468389187562,3.871451770424514,4.273601638721706,72.87211726299738
3.3424332793811264,3.4350832453626006,4.528350950209376,51.99242697659755
2.4018186469449967,2.890406898586185,1.9780595427367853,13.732150602030604
1.62722490890686,1.0870818888419143,1.7936805715329691,3.172889503663006
4.924754542904683,4.430670001752022,1.0816887054727142,23.602406686393
4.14111080737214,4.7355902952707085,1.891697823897578,37.09733719782434
2.583081761519006,2.561460032016779,1.4478455648274693,9.579613267133956
3.5389065612596355,4.558808804336653,1.951239249091778,31.479729910381877
1.7896516199888013,3.223393560940699,4.276891121945763,24.672322110127503
3.0204687453741563,4.242840064927131,2.2476292635173407,28.804191212141706
4.700429422459616,1.650853817949729,3.614590263678697,28.04821507703711
3.6208240475242643,4.7089923596655145,2.6690055929833827,45.50770044055645
4.528958962879703,2.5613642636995735,2.872511041270377,33.32202901103677
4.571010831689959,3.9228270852361566,4.520580826241817,81.05982360145882
1.648206623059223,1.1757565969855062,2.924464067832749,5.667289117516069
3.5231662959191294,4.6688969521827595,2.035475040162843,33.4821403537681
1.5925632711463673,3.331498920420577,1.4398001654894528,7.639036612137755
3.789357980329959,4.772458848217757,3.1526853625204736,57.01491190647069
2.505943857897615,1.6102757288977747,3.897399309652242,15.72702176895543
4.266139647576075,3.0750620942918556,2.2027998787580736,28.897748115841072
1.2491044006533962,2.6829669932709654,2.5827007633954944,8.655420249747324
4.385734395890613,1.2289323277453965,3.7111726076461,20.002369680282655
1.2315598216344847,4.006636019545825,2.8794656452324245,14.208469665221967
3.055107879451196,4.782056975619306,4.534271473239739,66.24434569864272
4.121597112975978,3.07529957366244,4.721384747314135,59.84424025946492
2.7439778206815193,1.4051361560618227,3.0509451698940717,11.763414720244413
1.4426612162343306,4.953231286078526,4.4950139720411135,32.12062669012643
1.467932930566474,1.5417032671728634,1.7478884326311142,3.955676017329987
3.4108847996111193,1.4382710202038065,1.3525320240336356,6.6352201713826835
2.6261785197977887,3.5339223322983178,4.883689838343578,45.32411361121909
3.961695655626527,2.010310805639164,2.8090924548968594,22.372285327663118
3.8700234373444116,2.4146839922269,3.0991092225334693,28.96081508368811
1.217375079955223,4.063181418260617,2.7391674184803194,13.549061008374606
1.6885908018661113,3.553915875267256,4.893389691270555,29.365768134597097
3.336075383291471,2.6272650456141045,3.407087490770439,29.862284544598126
2.8986729805686515,3.5141615160869417,2.596968219367968,26.453770148193723
3.2884288511876747,4.594107716147945,4.849442635850545,73.26245202121513
2.4281972832010212,2.0241490382301017,4.671898566624899,22.96253654061655
1.6050468464908931,3.182536544792513,1.8237716843500045,9.316045063197707
1.0126455440818671,1.5264834699584422,3.881430818333953,5.99986407372381
2.4306267236281744,3.7924292040892813,2.800860353055663,25.8182740756595
1.7060937662791846,3.1974165702245476,3.1913960484111548,17.409360580106142
3.5026416041693373,1.8554708935328237,1.349961111558327,8.773464150558747
3.475233826216409,4.4141790066651865,2.7807435620723657,42.657452141426305
4.177798822626116,2.9357256594345773,2.644900357314779,32.43936222866019
4.665419478446761,2.2951044319931517,3.1209898211205562,33.41838839022074
3.544686578331886,4.537071828307889,4.676701582165656,75.21304203998638
3.4623801239987664,4.8775879458923415,1.2061901901292198,20.37021659262798
2.286898413706902,4.749515354186213,2.2767070877462268,24.728816324508866
2.67623227267149,3.6578642128786067,3.8530547379360556,37.71868661241958
4.299977685139409,1.8127100455561216,1.382673544855061,10.7774048356197
3.342098311221118,1.4987858823046558,1.5939471823112212,7.984224518670782
4.765587577985101,4.483852923115865,4.912947316781556,104.98081035444801
4.322064493664177,1.2060544250640741,2.794268205420246,14.56552821198578
2.054618526188145,2.3559458389617602,4.7480688642777125,22.98335954769652
3.952981270038738,1.2331080584767116,1.5576130715686554,7.592511801589944
3.444420185193995,2.9167692396443377,1.2852114740312368,12.91197840581871
3.3519710911965412,2.4111884145080418,1.372326708823251,11.09146539421244
4.681987355779622,2.0356839138680463,4.393126044207613,41.87108792718296
4.633123989687817,3.0099111317762426,2.383667803089893,33.240942285225465
2.7506356565196035,4.382271252159696,4.923620070653468,59.349471734554065
3.1159787101912193,1.926010022123441,2.6451842144876383,15.874825009911646
4.4843961778108525,1.1244112559241413,4.785227891842409,24.12858110132167
3.1217395383837196,1.7702396119910553,2.6752129564690823,14.783834041804758
3.6107807562467897,2.9666721200907347,1.806623574023435,19.352556424540538
4.276279149279386,3.388325114048917,1.7098437110737983,24.774650565356012
2.1188019263001796,4.648259383021851,1.0767366387456958,10.604500209894804
4.344314273678378,1.4778088344578753,2.4171459624099896,15.518236642461803
2.536934653097267,1.524455485867834,3.4979788079429683,13.528236975217045
3.502411283553576,4.619855027661772,2.0518157159893504,33.19967580631703
1.2029650989681215,1.788741525961782,1.610107303471771,3.464618634085967
3.622159629637215,4.217565028711471,1.9509375099233872,29.80387492763592
3.9502202918279177,3.9363265816019455,4.326212568438013,67.26982428113865
3.9452333135989606,2.479250179628699,1.7163589893357534,16.788085562646934
2.949349620561936,1.3859190916449715,4.474903855865968,18.291437768238644
2.6145606459519968,1.8132737505320895,1.1576874285474927,5.488496755824554
1.1167351481161822,1.7762708115028851,1.846179158392431,3.6621253750940075
3.9083056629867716,2.64562548771442,3.930755852950335,40.64367384160581
3.635647843814837,2.8237742790785183,3.1369028446085183,32.204225281100676
3.8773293626783807,4.2469657227776425,2.2437590202217192,36.947721527565044
3.8575516281592908,4.333630162578309,3.422519094781828,57.21494336262047
1.1411809669831885,4.213140097577124,1.7900420418486216,8.606442105482293
1.9064257945072325,3.0657215346773987,1.6397740120731146,9.583775002079628
4.422604868965097,4.062528589197381,1.3388660430635575,24.05535092585222
1.6903603915547682,2.082175397765454,2.5651666142596454,9.028429214990659
4.625346513563114,4.2290076219923645,3.5846817373821525,70.11861757593863
4.956988036613491,1.0148126936214106,1.037843172637407,5.2207812215686396
2.104719322537708,3.1615961896294515,4.869105675190699,32.400356434059354
1.0565139295134744,2.1449112224312423,3.7298725261757215,8.452370746498147
3.404629559582168,3.078918426757954,1.7212237354757667,18.042859803095322
4.0284142654795865,1.90299786094968,2.642115054898331,20.254622393442364
3.551830870226668,1.2610624299338462,4.769265865563401,21.361925584772568
2.7002675006785135,2.755449822002443,1.4136315462911702,10.518057106213577
2.394666648372576,4.717055907018764,1.8863305526169047,21.307568250230556
1.5447594450689568,1.4385927514713934,1.332211375698396,2.9605463502024745
3.123338362605101,3.338292485476664,1.6536544489351996,17.242021565391575
3.7057347857629064,1.4233201424346458,3.1583210178527685,16.658396701099218
1.6367013705216773,2.0112833039016924,2.1693232193133873,7.141130329673499
3.2788944177512795,1.6648618211692683,3.0588549371734404,16.69800197269782
3.4882164622680616,4.584689364672162,1.3301649319448936,21.272514914399647
4.568209510430245,2.5277593208793223,2.8650841644909075,33.08408427174844
1.6404777863448996,3.5324682375676315,1.6162411572733268,9.36601354119938
4.174044422828086,1.256525742539223,2.7066768908372967,14.195963441811642
1.7281080352352296,1.6432131248092796,4.351751004627275,12.357448889900715
3.871271524291389,2.860566402878657,1.3786123482934332,15.26679348155658
1.8000258007080183,2.0385726354158598,3.7420094151908336,13.731241208535064
3.4707553341710558,3.0242783525091768,3.1400756721881,32.95989919873584
1.4303644489233656,2.4018872603309322,1.7654949098505153,6.065488669824048
1.7023469209580933,2.4577614530223353,3.5510584594235386,14.857495933793478
4.044894606168857,4.368996956095737,2.4419311441427727,43.154130056505686
1.7964709877581067,4.374910762370533,1.76847110349962,13.899122248223467
3.9356118423930564,4.552446367147554,1.0946067698847575,19.61169933767575
4.70373164492166,2.360210093156596,4.231883284129786,46.98150027741544
4.7152146498314345,3.778957038067228,4.455935500190465,79.39850372768232
2.2039253950186173,4.237833444384545,4.003786148466659,37.394837121492074
4.762759651158717,4.551382757934919,1.851365114308026,40.13230476638795
3.8633672156739003,1.8972269132475725,2.8169127126023064,20.64708076384757
3.1450143315717125,2.0420692666106213,3.5680827354570956,22.915430161879843
3.3494233624007625,1.3146564271181114,2.103611449588889,9.262918439956898
4.21113649875129,1.8908040954197456,2.2364713634481097,17.807755933449428
4.8179146518264835,4.671025316363794,1.348098001484261,30.338408051237735
3.064552892632064,3.7072297566596526,3.7287351431717353,42.36216620505398
4.057190095370784,4.013751929273058,1.1424010865829937,18.603492838397695
4.189171910001895,4.068235111464551,4.106449503313021,69.98431452816702
4.6858528799372134,1.5675775645374217,3.652096444942771,26.82624744141438
2.5126925629452095,2.128661939670646,2.559585222197814,13.690384432735636
1.4390414462909251,2.2598945953788014,2.4086816220019105,7.83323011532784
4.773927615146828,2.2187777129848274,4.949933719557677,52.43110470837671
1.3832238040813354,1.7441496682411008,1.1068899592050379,2.6704266394166134
4.297722540285836,4.72689040718015,4.052425448009138,82.32446961112286
3.693411675308274,3.4861907279086295,3.6512443214999735,47.01319381526288
4.51553618451528,3.093487760530397,4.236884609746339,59.1840069706419
2.4547636067880463,4.843979595530905,1.2173784835008528,14.475634290760123
4.35802702156662,1.0138426602050838,3.0864264594832287,13.636923794167597
4.631413797425122,2.760222776323225,4.92403030904178,62.947492941258155
3.7420896394120917,1.5232577291072316,4.095356563318111,23.344216197226945
1.2786955708777326,3.134493811248437,3.7925151206608985,15.200640872287174
2.0892672371144743,2.6173047235419045,3.996232695867885,21.8523954766793
2.5614714914789203,4.130819738308396,3.364600152656843,35.60075681638832
2.4408355173170633,4.433520099584282,3.4500635159097865,37.33483931101901
4.072889430899938,1.2616110335723882,2.0437078025342963,10.501392759733756
2.2114806638479823,2.3452307701353297,3.5087052549903257,18.197662968860808
2.6990988906453746,2.7064585278058675,1.9482861735906378,14.232228958891703
4.427608862745016,4.89282560906655,1.5236177928959038,33.00692152809591
3.3339774924520458,1.0555027208982537,4.339115794058006,15.269445305342888
4.212244009908099,3.891751588883349,4.046735595420095,66.33816623104472
3.6159068885382153,1.6239101749218916,3.4752584417165333,20.406397803818805
2.0656110267719887,2.754652678668821,2.0439193198347945,11.629984624238269
2.5349200872352093,2.9277517633470675,1.2491756646712977,9.270903043295961
3.8187239741452736,3.103628217151806,2.69763822885212,31.972137120873995
1.6846179475941954,1.3496055633869468,4.655742136860859,10.58515450597565
3.778667623872079,4.504981539500994,4.831161112068786,82.24002411696917
1.8634092512258462,1.4444680688839346,1.9879853294989736,5.350931215728993
2.5702045840541925,2.3742072929325513,1.9472715655540669,11.882637563695331
2.8309230475802387,4.356619961358672,4.721974331369488,58.2373175844363
2.087063040901712,2.5013628191665025,3.343271217358464,17.453553714913767
1.1779474775245609,2.694717637377027,2.3292983906467297,7.393742442005519
3.7956749351729764,2.8045847498574195,1.5348511808064358,16.338939055477905
1.0141496132386472,4.090720278625406,4.295217561031847,17.819149832546593
2.9361897087004563,4.485229391923834,1.8303142185755408,24.10429451518448
2.608711244831186,2.940960443613158,3.8650355500097637,29.653003324968008
1.7187583377312405,4.016292841451699,4.506158128994951,31.10617542718997
3.247890510136337,3.9029976873195396,2.969268112400984,37.639954394850236
2.8253060562394903,1.5447215840447588,1.034600386557932,4.515318102797196
1.3165180421617362,2.824513350606829,3.817940407423695,14.197098402124553
4.537871789041551,2.455566064063993,4.638610859524906,51.688244759259156
4.663770670105959,4.369363674930675,1.4438297251847358,29.42194365178668
1.5233697334602105,3.895923985346523,3.3758005439694143,20.035148980161054
3.151095821902574,2.0768507147075312,3.0292622414654926,19.824569343581732
1.3604621347746195,2.670394238325892,1.2410897783628934,4.508842237609035
1.415490684108232,4.2712031536136035,2.3274813174711197,14.071598905706189
2.526798900535243,2.6374979251562483,2.188781027622163,14.586971065559512
2.190739660199703,4.77420310419536,3.7641512935116967,39.36939421279029
4.826830861167007,4.07144227489121,3.071355568164076,60.358780938066865
4.087605233070736,3.656095891618515,4.320173483635071,64.56359599733203
1.5837521202819347,1.0248688957194845,4.725068101102761,7.669438941724091
1.5770988723318329,3.936219664555408,1.5137984835907807,9.397369722554657
2.8774235773831447,2.994974345585083,3.749725745954163,32.31442326446294
1.9564331230372476,1.2506714767178453,3.86218559603004,9.450208534721778
3.021648994991467,4.196359364727739,2.010843044764206,25.497339109105603
1.4740615949899047,2.031508188827149,3.6743727837873332,11.00315989716104
4.071924827312782,1.7090546011940266,1.2520747027572585,8.71336547810278
3.8376600242039505,2.2274434210417127,1.0370568155942093,8.864938553703373
1.0363846923427706,3.748157108189166,1.1019494781260022,4.280558727998988
3.0025003101208694,2.184753766563317,4.225001432903952,27.714842714900552
4.6509964890969115,3.2905819454599747,2.853239396651745,43.66735976265708
1.99986041341,2.560954221773683,4.61454210577981,23.633612591873092
1.5488994247934231,3.504890996532785,1.7471494746357266,9.484791670407576
4.097094266654898,1.2811826858113227,1.2106970846414513,6.35510183153642
3.21855445756723,4.6805058317127655,4.0631276008730035,61.20883503515728
4.731151892202755,4.454014636356324,4.956895325244657,104.45477045184866
1.270947857240679,2.747622099450368,2.971741023463351,10.377570527727515
4.796818287576914,1.01168059932853,2.154129849481253,10.453664731894202
1.4802274773605322,2.400366640776585,1.3689828040965901,4.864117273434649
3.3622436157128637,4.419633074332624,4.249971496422505,63.15407956403603
1.729460186341774,4.574636701028143,1.0442042074090172,8.261380349192338
3.555073707295605,1.7821319505169213,4.920168086134713,31.172268294123505
4.191312975087475,1.2078762490281605,1.4315557969463417,7.247376332647456
4.777416781458673,2.228037422362565,3.1063526057658963,33.06483525993614
2.976034510428382,4.494238558550906,4.981515367395193,66.62781311338239
1.7095586450693157,4.326345170770062,4.4111912257591,32.62579134958024
4.465654694134022,2.102061688993548,2.9588532344421923,27.774996898564265
4.374212398648856,3.358412153619031,3.0818006225894545,45.27290877361178
1.2278295377731263,2.3630627035119844,4.60746417816236,13.368272511672064
1.681526897570635,1.8065050913228942,2.934497840174822,8.914085652041994
4.188253549323029,4.278289438722684,4.668479454984288,83.65243354947035
4.637577798828326,1.1174338354555218,1.6805092841413534,8.708712268230478
4.622435138620947,2.0117410894619687,4.249121242095912,39.51318478723012
1.7070284769296062,2.909614183081124,4.582627590181371,22.760968444531603
4.724717695566145,2.0901570034482306,2.48311891870632,24.521796991490604
2.024792091766226,3.826050301279199,1.8683710941307958,14.474189391668341
4.851718563551772,4.239888761030959,4.550061031426047,93.59815435428717
2.834006410970923,3.472427254808379,4.8599936776166075,47.826619936716305
3.3877240397441004,3.6536246372638774,3.524065992487153,43.61902820405419
4.4088669059557635,2.7705974471089454,2.0187150745507316,24.65899908102409
1.61676118008302,3.8692837994778713,3.100969960229172,19.398762097143646
1.1667880025351303,2.8959873261998075,2.9828256310338794,10.078977554253909
2.1407618939358133,3.2446516701419683,4.6453647614885245,32.26682745333747
3.6063102140013874,4.830186861742637,2.035763492782102,35.461274154588395
1.2891093560613291,2.1706102920233974,3.55487981316635,9.947101296032255
4.90606062305048,3.2680855786687784,1.969839123065956,31.58326975301177
1.6829664199121344,1.848870281488467,2.056107392836868,6.397756208666186
1.7632405111774299,1.1062729485698606,2.991852716475737,5.835983540813889
1.2795947857480074,4.076655728807438,4.664739209106013,24.333460078511358
4.031046334768325,4.347603151248963,2.7129568742928463,47.54562659114353
2.282565547086731,3.1952232990504497,2.4220843901269298,17.665004111047015
2.007503917136888,1.3506811664488074,3.0465521595736638,8.260719272471599
3.382055291514917,1.7859992132618236,4.810734215937969,29.058509232034407
2.862187698565498,1.6296271254831822,4.067437466934269,18.97174333737548
1.0490063889427987,4.544883257676999,1.608320729925885,7.667848527185025
1.5691260411790418,2.885176248555034,4.924407065892602,22.2938012017545
3.8424512892790545,3.1803844636183,1.6446633742482821,20.09856334372948
1.9965538937034712,3.9498349904640797,1.5373711436495734,12.123798666951053
4.578210055967612,2.4700802401231003,1.7487146442117498,19.775420334854687
3.514533796324461,1.0971788420451443,4.964305589330426,19.142720383041237
4.282284555990918,1.935327608177837,2.0468756851721843,16.963735085856083
1.0223863810978755,1.6547716607796232,3.222600004409253,5.452046280666262
2.0667366540701466,2.9750491721076875,4.120880241376094,25.337822157349258
2.172291217401973,4.063951467538376,3.8053565686946813,33.5940153568844
2.1264732464356255,1.24395804460638,4.547166893158516,12.028363674562865
2.1795467287094823,3.3716716150174864,1.7244540643876891,12.672522896238464
2.037242774432637,2.351545013166406,3.162195922456476,15.149031090004687
2.5509253555017457,4.836900821441804,4.703152499316117,58.0301901958554
3.9707554188070495,2.1398837007708607,1.9028098138235023,16.168088981916267
4.248327020135621,4.165004865833605,4.637601153373107,82.05911865842766
1.5738678375593977,2.1981452450930954,4.7159193619002036,16.31514795350442
1.3935711488181184,3.0607657068221514,4.832085057648192,20.61075039261539
4.758141973355283,2.901951093285776,1.4052754399049454,19.403896144099527
2.5978686136705105,2.2667602751886946,3.151886707266719,18.560658265615974
3.3895402933689622,4.755149824212622,2.152575992204971,34.69472890472993
1.0380620526999929,2.5583755367185077,2.361660277276708,6.2719853301173245
4.020346636597331,3.665543079428137,3.0491518651722798,44.934600307441265
3.7635798339703936,1.662069010399685,2.7411290276061484,17.146665023557905
2.9539624149671986,1.7329979266831486,1.8737030987939312,9.591881028112788
3.703041488960412,1.3587763239044204,4.3826215426376605,22.051620912471897
3.217661956503368,2.2022831581449585,2.925831407103439,20.733034520368165
2.810227705673029,2.563515734219917,1.0358037325032536,7.461995282682273
1.6957065012649544,3.179097139889406,3.8285484386893267,20.63899898656234
3.961723962121825,2.0887118005822374,4.452489972248076,36.84390744731861
2.6492680941153472,1.9295108321372316,1.740199390751235,8.895536427550468
2.0221467695528568,3.7669680161276595,1.2350945946657879,9.40816288478648
3.2116998095385205,1.3498647527356833,1.0026744782177928,4.346955196137834
1.944592563906371,1.3458385337534358,3.082213082599455,8.066483298564629
3.3595416314860747,1.9914984527790698,4.74110298771876,31.720453659412826
2.8230014215747947,2.3527988035278637,2.835395898581695,18.832570170868124
2.2212781891241025,4.744279421489395,1.740291100248165,18.339821780085284
1.0020203431372123,4.794483346603993,1.7663160326995055,8.485682226563185
2.212441179562255,1.572814459859388,1.2545680174291682,4.365594950453334
2.800119700303176,3.726293159424722,4.631264182748245,48.3229202440207
3.7540860092132755,1.9588530789409009,1.6425107099474419,12.078535833036828
1.1626554442376364,2.6593095435762213,2.849625126535906,8.810643991905058
1.31965748156732,4.1448490025686215,2.1305883347152133,11.653851583964581
1.7751570490445618,1.2194842453865253,3.3222663232592553,7.191962582920131
3.810612463444919,1.8878936210005497,3.421528220209042,24.61457995300292
2.787630718027219,1.0256635934437144,2.439114245362944,6.973845543975894
3.5993897082010418,3.8698058090489944,1.602243166446332,22.31754765197463
3.704740764642345,4.429369601618566,4.416690785820473,72.4764211717235
3.857742764151898,3.8340444443450985,4.729093347905285,69.94687154463175
2.8471349962714205,2.8739987797236597,1.1173759177264375,9.143110025961803
1.409963281523423,3.7604958440846636,4.955057379723225,26.272512291216547
1.9256324094173722,4.342982638234698,4.1497972043236615,34.70470472731269
4.14234616014875,1.336263767117952,1.0321556229579376,5.713257046012985
2.5487364889164073,3.9762522582126625,2.846041043973528,28.8429730559378
1.9492950065054333,4.275590717088898,3.1456627555560064,26.217172772786864
2.233973019493599,3.7803426845175476,1.9250197866019754,16.257145457666237
4.741751929183134,2.2021263990322115,3.25144638367824,33.951398625369286
4.903982747743097,4.789830807194493,4.613167707802312,108.3598387076752
1.8458618444366452,2.774118429611448,2.5600092368129888,13.108884062978952
1.2266047040852297,4.534405195617725,2.424214111500711,13.483291601077234
3.8477339341501824,1.3710870920387133,4.349554817684904,22.946417144425297
1.2227440007724524,1.2981104056337278,4.343255016323123,6.893860671500314
3.28604408394745,4.010640482754008,2.2215538016833154,29.278171749391014
2.293237905586469,3.973832396908282,4.372889255687858,39.849890895510136
4.127840790821755,2.302507350391141,3.1698012206016077,30.127007250207036
3.8016885110617595,2.373003044989699,4.077934334061979,36.788751887707726
3.957238875573649,3.022437308866148,2.9544512944178964,35.3367336674585
3.421007268096054,1.1912233602418314,1.4420968002824242,5.876809480057691
4.945295042454224,1.406365009696053,4.518576171191628,31.426199822082634
1.598072256637912,3.951888998655936,2.7565790016923764,17.408910522400628
4.847210259147554,2.531635369243813,3.5727487975931047,43.842518604553796
3.328267869889366,2.436516982475115,1.0074099798630152,8.16947153851047
3.7276805248821465,3.89439828663666,2.1067338731551697,30.58360868918704
4.115231603162846,1.8785583789015252,4.445125100310644,34.363941100403274
2.0302807069839175,1.9006102632637987,3.463869119554689,13.366282379093008
3.861545349594221,3.6394807275072645,4.392987304915036,61.739130908147125
4.872077064201058,4.359618376056149,3.3053591166127254,70.20713886836229
4.385904699944154,3.608299944183607,2.793696648274325,44.21209241592961
1.3053821751234547,1.5885051735147244,4.882785515414438,10.124974994775497
3.685461957809916,4.2133744914840445,3.865826686488592,60.02945134925655
4.259011888595795,2.214485819516551,2.5516865677019793,24.066286552170364
3.443805011666731,2.8448992571892973,4.111320423092284,40.27975044607207
3.142750130532427,2.1230113677860722,4.955398557319838,33.06288623676538
3.3799890666939674,3.0976994227861496,4.412309498810993,46.19771958963708
1.7519290258066533,2.4329718132292713,2.3024775708648413,9.814066441738015
2.0000036233686553,3.1087997518609685,4.9734460375676965,30.922951637494094
3.8223645243455597,2.315351768329135,4.9361653816590465,43.68564836900292
2.072161905526754,2.9135985343494526,1.8458787493864102,11.144396762298616
2.692819786984723,4.429567506447027,3.9264176218672984,46.83441552134489
1.1818760946218418,2.6800257162693146,1.5843563129921998,5.018382596570456
3.8602058376992163,4.903748356648848,1.4372971745704444,27.207285292843444
1.206244151944488,2.6792588529388834,3.8783071191821064,12.5340693323746
3.4678513762787033,2.2984882366704045,1.6297022629951963,12.990056212922465
4.470119071400699,4.762244801616288,2.5131767744529596,53.50000783242586
2.313986877568807,4.004298101455564,3.069483973598564,28.441510864615136
4.365704377708834,3.749455583641016,1.030806661652416,16.873289351602658
1.6933213543652479,1.1819101552915443,3.0520483224146804,6.108228217587213
4.414275610920216,4.28505802918151,3.990580407031096,75.48353297379302
1.4703246653525661,4.043201039412967,3.1717214862226477,18.855307664926478
2.3950764118004275,4.431375357919584,4.3979067119436905,46.677106326637414
4.1646591496892285,4.867052085808803,4.061829607799406,82.33171422681924
2.923612709057099,1.8235560646446243,3.5660429443903676,19.011900385757023
2.670100877521493,1.7916164454888865,1.8130489859932495,8.673257653300004
4.107625200267025,4.811288742297583,1.5895016412802945,31.413274656092778
3.12073175446982,4.316918706608514,1.2556586017483489,16.91616398463947
2.1763824816013244,1.7330083636431683,2.374742409760811,8.956789927083468
2.211355624584555,2.976677682726901,3.2373439850255674,21.309793913718142
2.7816443092668584,2.900862030331534,4.383844373167421,35.37396953747589
1.9541116965200773,3.5850663997698486,3.1293633502608964,21.923131051508253
3.1271220224341247,1.2869559795667072,3.9559183690362287,15.920468412225663
4.401225935020057,4.919965491771967,2.6657446749055276,57.72371455940778
1.007503088206433,4.718537166734625,3.311554188004955,15.74293245748632
1.5072565472600257,1.7434516170302463,4.168192619330755,10.953296878289693
3.354445094557568,1.2345891515153724,3.408454184288055,14.115641012041788
1.5748088021382096,4.088259071343934,4.434054962636491,28.547449590793548
4.76964786553585,3.8986659643354624,4.913609311704029,91.36986133783446
3.0301502931530155,4.183814033646882,4.260043362342122,54.00706319534687
1.0268197075725376,3.8804440915185237,2.618564460860362,10.433713214996787
2.671611567795395,3.46501990942182,4.1842676672108015,38.73454939427598
3.0090503314066415,2.7780018795930936,2.3926741150799686,20.000715791008936
2.6584919074416624,2.39073182011086,3.8736166027533843,24.619704622061874
3.9252131293916452,2.3345912156156983,2.278993846137949,20.88417108750148
2.509033842561083,1.2367005102599347,3.41091625153015,10.583811966083399
3.7762481054025376,1.8131480474322417,2.173817918418454,14.883907120982101
1.072878183098763,2.4354996398846294,1.2955873160880023,3.3853624386731247
2.576472616428308,3.8393329505749745,3.962559674031211,39.19738753377054
1.2262915656988689,2.4333740883248276,1.6427469335278313,4.901999759351656
2.12519210066306,4.221424431565989,4.9231856797959495,44.167562058858564
3.8824567124712224,3.222534775413273,3.634283613996178,45.469800726562966
4.87114760602606,2.5278914282819347,1.6487666959952052,20.302471685295547
1.8238406279526012,4.400268817310163,4.073069769431456,32.687969498657
3.5964621638974266,2.3391377077635167,4.3256719120821,36.390235174853316
1.2887613556725461,4.211328054020916,4.527781039229488,24.57406455922988
4.920766747261991,3.7753952557547663,1.3476746748077622,25.03688371554054
2.3514292804801267,1.7324857327837497,2.073829636054298,8.448403836835558
3.1004856976684874,2.227355219746157,3.823970738088997,26.407894522035793
4.896741543588106,2.916004767462392,3.389493132499958,48.39830699465614
2.401956343396998,3.6562416560735427,3.7836332930323127,33.228370192709214
4.263962516799889,1.2896853452530461,4.07154459572943,22.390115774896245
2.6112025215441887,1.4555725636369963,4.987418778860988,18.956155103062954
4.745125400053997,4.0217552132559335,4.306710927507531,82.18812065294337
1.3399822154342602,4.63489879934896,2.768460675090238,17.194028775808746
3.250148755477352,4.151276082196373,2.2097726049108752,29.81483711599258
3.9810366549534346,4.865110921023011,1.8032390069797422,34.9254665187111
1.0516097077827289,1.9904811724248503,3.0275577526878457,6.33731211711907
1.8680244162785873,3.1526469830106745,4.891618716172836,28.807826309588506
3.150633115999958,1.388540570165976,3.362038671245866,14.708185937075083
4.498091270333528,4.789938873523653,1.523422366454139,32.82302187115765
3.690193164227831,4.159752334096101,4.9390320419837845,75.81557232722444
4.302282086801503,2.412987828619213,3.7009373371689773,38.42074177899221
3.243833166538998,1.070351255541944,1.0667055968131844,3.7036454631395777
1.4842022551588911,4.819860066538951,2.3808379771969457,17.031674882343687
2.3242278260351763,2.8616182492388598,1.7558435702605277,11.67820822827268
4.387042729560062,4.560942957641018,2.0203335631148813,40.42495859895114
2.927885485044365,1.5735672020320695,2.1147962208007893,9.743341110225296
3.1142229140441966,2.4744695065352493,3.533976774929707,27.23300044487057
3.88406688465074,2.677672404335663,1.5441573154631976,16.059635575351244
2.4578049569185856,4.59645321572075,3.7770537612559645,42.67007697623361
2.94822803001963,4.101558065217915,4.999837091973357,60.459672335776645
1.8437685174642033,3.4199751178391877,3.144162134819479,19.825962235749977
3.468411865764535,3.4808818910354233,1.8865033230492285,22.77600373984566
1.1935969392004862,1.5442207817332498,3.061046230053589,5.64205061487055
4.408702878415571,2.3216799404271105,2.9850516521787975,30.553785843708482
3.395573092136222,3.1815093392170937,3.381211377762794,36.527387137152225
2.8495178523878746,1.2733138451647168,4.464914281252979,16.200184816083556
2.9589297182431555,2.992254100151193,2.586727815819469,22.902550724032274
1.3292563353006561,4.04401804962873,4.057209543642806,21.809678446595328
4.690991479016455,3.9626997927741443,2.323231955327763,43.18653781976152
1.1417191795588857,1.2997247810561166,3.975728817263646,5.899666331983798
2.2697038989965104,4.0784676316829,1.8881795875072003,17.47871584202964
4.083337756682273,3.7899494032672947,3.5369346613369426,54.73633988140115
1.356605331508621,4.232615156454996,2.7907466308096094,16.024434467408053
3.321493543341824,4.292807805365403,2.178129231919622,31.056928420982974
4.881304857176854,4.0134779155727625,4.314403928507439,84.523527243398
1.3989945011406402,4.247739357345219,3.2440416528309415,19.27792515100963
3.9485069390043313,4.38936109142745,4.791721809702492,83.04735627556205
1.077249421879161,1.2747163661277385,4.575691236470437,6.283281865513831
2.718355866759918,3.459727519344202,1.656309918616067,15.577214826426337
2.0503547287616715,3.3906758845291476,4.937861180677806,34.328447106842574
4.620825470150512,2.4341072672343778,2.965029509305245,33.34942101094702
2.3215559243909416,4.587387595033989,3.83648684257434,40.85811240518462
2.849215830498719,2.4023899295632245,1.4023087503931042,9.598701614547005
3.272970676778741,3.540829983065463,1.0179535865881233,11.797097408192569
4.582079577350495,2.3974941441766506,4.5958622962759055,50.48788641099292
2.1404815622721904,4.5057155035349155,1.9672527950166403,18.972974745136803
1.106999854319247,2.762006017197398,3.7474877093119954,11.458094540078966
4.9785943531702745,3.6622144548029896,3.5953586858454063,65.55302514049997
1.1105924790218933,3.1298797108515997,1.1390134106776042,3.9592343834391848
4.319851027142025,4.784941408665593,2.017929200611747,41.7110688912132
1.1756104174645947,2.9019663070497725,1.1461628144998213,3.9102282226549208
1.7144954537032393,2.06169111264525,3.9929224113672217,14.114022580806955
3.0618575129829657,1.3358180567953055,2.2581193841860587,9.235899212488984
1.182392880770045,1.435662901954227,4.215795502095949,7.156387039437778
3.3673401772410947,3.124121737980955,4.521926131519111,47.57057539027229
2.605534213688667,1.3328812867000344,1.1469664987220538,3.9832630156795323
1.1939688473266457,3.3378776467717555,4.201520486171122,16.7444117178971
2.1928056686338198,3.4056315610286276,4.662747628978796,34.820877962134055
4.039596234711767,2.4314730942714142,4.033568686857936,39.61839555979216
3.1219446495964887,2.754334256908649,3.5568889874415337,30.58525836288223
2.6189311750034645,3.7980372130140085,2.3226324609102025,23.102756058563955
4.951957077206327,1.8217591886139801,3.4184419625170586,30.83869922806128
1.5297788577367748,4.239964811863583,3.634381087683756,23.573353600345314
4.4205076742578875,2.652731289337839,4.003543931706636,46.94723371722605
2.0353010928029924,2.3267823864920483,3.9805153204361514,18.85053728548758
2.5268247853576034,2.4918218471840023,2.2688018341899987,14.285277525587222
2.0036523860063884,4.769942300188992,3.3287772439616163,31.814143628098552
3.206812940309361,3.8852169216022197,4.30677598665539,53.65882789876687
3.4076328465637333,3.041693722420922,3.593815182195354,37.24980609111783
1.1791323054903917,1.3742300002013668,2.2076180445549594,3.577222046195828
2.559874471382613,1.6747344287401638,1.5765753366507416,6.758951750369778
4.590407841805108,4.1312363799914245,4.272146293961393,81.01723811371313
1.5148355330630237,4.442915857910811,1.5088248915058418,10.154824268877581
3.169061811446552,3.9859983358089264,1.9848928006798037,25.07291795798141
1.2079420519877235,4.686476407688388,1.1442691854117415,6.477698622641608
2.1581362473472607,3.5107657690047334,2.9062526063038936,22.019835690000516
2.396699233157178,2.5047857768224087,4.421016232535083,26.54032489095684
2.704174659578011,2.2707409268337213,1.939732295347326,11.9108875061671
1.487713727352011,4.43472247952355,1.8556245763511527,12.242664084027858
1.0045291138342205,4.962035123341503,4.980524539449474,24.825468122890438
3.3815932563477906,2.8760258736370816,1.0130419362727632,9.85238969876973
2.0917831501974455,3.3094774358835766,4.446003550121625,30.778389396626658
4.377476819605741,1.6591491230504012,1.0606814638360929,7.703609430725506
1.9395260652743147,2.1296233933905175,1.5135663120311413,6.2517252313352
3.347190746467108,4.498829269835468,3.973055877914253,59.828022369965
3.897020301973415,3.125726131741067,1.187597071115599,14.466141530167178
3.5424761294545455,2.1895991987259356,4.150846110644553,32.196464956696275
4.843110558712423,3.255307701961782,3.4665202789591145,54.65251776966315
4.443365014242302,4.438162612662668,2.502126561581981,49.342877796564665
1.113990458571661,4.619151939662112,1.915272269231345,9.855399637401609
4.233243814668219,1.8417639219075905,2.2149472211546932,17.269136645613937
3.645694277519312,4.99048330625363,2.1597139494942295,39.2933527534452
2.5382264094261786,2.2798616077173985,2.0510380423171535,11.868957080628986
1.52082422227907,1.771673835307726,2.5464172974762467,6.861078181180595
4.075194470555438,4.550657479451328,4.3840130142467135,81.3007067892927
4.489607708766408,1.1227896401631257,2.5643786892024134,12.92673812975086
3.945841878413354,1.6253248330783463,4.379372484218045,28.086119159503276
4.016054256817849,2.5682969149900767,3.429041271115481,35.36857103853865
4.3218131525060635,2.415545045435952,4.294583182681366,44.83344864524077
1.3589918332318294,3.6647665573104695,2.247436962228563,11.193107677589213
1.4314106583004205,4.13605694062065,3.429996367980634,20.306936736333583
3.7015760307793606,4.135629900625425,3.341676539155195,51.15554907686282
2.984952359062253,4.5060699887508315,2.611494770532936,35.12566034220444
3.3540714779023473,3.706308314011602,4.501058336899224,55.9536599415319
1.1675870415535314,3.5447727075853654,1.7865502265836826,7.394228886696669
2.226791608338189,2.0256599649833773,2.303212243527058,10.389151545665447
1.8112096113488807,2.950059180327715,4.927970252515163,26.331010122269443
2.278172550990208,4.324141430852926,3.998943118146926,39.39414976604429
4.003294064402089,2.7002605153767307,4.565848725103384,49.356536583849575
2.2679939109781504,3.2141077319974354,2.861758750147835,20.86101009325201
4.1977313481044,4.83750709694922,3.2028400322152883,65.03864787104615
4.295632536667556,1.4505075268423702,2.735581825340645,17.044992704173254
3.3978688702654827,4.750162533005721,1.7468455312478555,28.194836969115514
1.9916158949693847,4.820906928513841,2.1527399560773945,20.66930636425912
3.763413183195756,4.909221472096212,2.9220105058368593,53.9853970748141
3.0209034438137086,4.724928735090157,4.967668660464957,70.90628433386158
3.8392544978993293,1.701558117860877,2.2749280701742625,14.861455948636559
2.997308442042802,2.9620384826026225,1.5226745913783577,13.518522687920669
1.6012980536681076,1.5943300092572574,3.259320635026186,8.321037565666863
4.681877422639581,2.830053364240505,1.2217159836040792,16.187691519279834
4.514459598578128,2.815067635169909,4.244552468060526,53.94193369225823
4.3586173221326945,2.2237932221391463,3.7814195906129062,36.652028244823484
4.682705611796167,2.219451574325964,1.1686155185073162,12.145465891143516
4.516249725391717,4.685257389730056,2.257841050286671,47.775447895717235
2.1595356406454056,2.052323313035947,4.012050603646643,17.781670425270278
1.4400623870708236,2.476272587426998,1.062185783394583,3.787740709284401
2.8408912319122335,4.114160310752906,2.5882524608030537,30.251189227720015
1.4186130114169702,2.5031921821889314,2.6076697076234914,9.259994198920303
3.663533204968245,3.3729757797421476,3.7911151642499004,46.846843327556364
1.0917332268259883,1.6411614640814771,3.8450668959265095,6.889246734187292
1.936861943033572,2.205935854867608,4.003477239440416,17.105229653874183
4.113953916615398,4.370286684175603,3.773698054798284,67.84791365112225
3.9144126808393205,2.031770749192847,2.4390992392663726,19.398617691360148
1.286406463512833,4.43737336921168,1.3618473262066932,7.773786494092152
2.8694816810205155,3.1744019377028034,1.209409255891424,11.016373710160599
2.418904818561484,3.468554416599217,2.072045833456176,17.384677946333237
1.9520600036818356,3.436127726236543,1.5649633060561183,10.497034414880462
1.9487986854413477,4.567394586512626,3.6556084578422,32.5383243712734
3.406399184762902,1.805224334237057,1.1441857833591182,7.035958457666724
3.411830706471277,3.5048615272882797,4.730243957619752,56.56422971865956
4.999793987476918,2.837575683784197,1.8913978881592675,26.833817612957315
3.47474863325641,2.2596932672224255,3.405450529880944,26.73914154307829
1.696242580776726,4.888212961413444,4.783501807786744,39.662859523906164
1.9324629693405448,4.962499361626351,3.8267421022736934,36.69786840578473
1.3475630993061603,2.2082962668638446,1.5293369057113697,4.551029150896565
2.9384291265051954,4.589848222771301,1.3106503796589042,17.676667886124267
3.1318537519594076,4.816777267698209,3.9161297441884,59.07654795670895
3.8264234705672115,2.8565681836333807,4.716324089844084,51.55149532984988
3.226313876066496,1.5000931915720956,2.848830979125409,13.787690922293873
2.278516130268584,4.681686430891437,2.582313135836518,27.54630387748335
4.319765397734109,3.213995829108845,1.4580641800050702,20.24333727823324
2.0582740762934835,1.362853489824074,4.613124909906709,12.94039666242912
3.3538731485138316,2.2297929739390314,4.962129998446131,37.109005270418265
1.3906744653737215,1.607484921015041,1.8762898956370297,4.194423983635253
3.794738247375658,2.472257770460911,4.794949501832726,44.98415976316816
2.1507622847776005,2.9072580140263815,2.046106391078965,12.793936782611189
3.043801704688273,1.9088792818185443,2.903655461236133,16.870964178617157
4.1515946995376005,3.959924642598987,1.671073916279013,27.472458787769586
2.94492627811774,3.20655664645492,3.166231373327772,29.898953772912293
2.6200323229345854,2.393416386541124,2.66279944425299,16.69795809887612
4.063533294212216,1.7270653949055643,1.7259457203934283,12.112665894374295
2.9308897482101406,1.162631974169178,2.2811164136690016,7.773009416678763
1.9676881492499971,1.539670167103683,2.949020083550913,8.934323941811193
1.5293674972303197,4.162064691335143,1.2825937850935452,8.164128158069595
2.2544696193409717,4.238052380160763,3.4656103109287484,33.11238281769238
1.2231808086908558,3.613827068473849,1.9114276769222096,8.449205931272628
4.21337853190165,1.5521707219764513,3.194887454475879,20.89418950450369
3.1707208182722892,3.538552714862021,1.7656446927906577,19.810114570799627
3.714352201896273,1.2059217669859206,4.193698946102174,18.784492521066394
3.964473431594849,1.928146627752985,3.0401120244517723,23.238878001507757
1.5431907364741106,4.448711749631137,3.649833160173453,25.056873888078588
1.9198883449051052,4.990049153680115,3.1648031803394994,30.319881673002744
4.64909382801623,2.833733138401971,3.3496424371609907,44.12916503038624
3.507059878314947,2.4992656276882865,4.169639585457187,36.54720038763533
2.9838310768841696,3.325963082256043,4.899698745743142,48.625159145497534
4.818087665095025,3.1817233045900326,1.3450765109900353,20.619783231052942
1.5375870677583974,4.688522628398134,4.431785932882681,31.94879690936127
2.032969149460664,3.660930457716015,3.503498883826004,26.07499602418702
1.102978786329186,4.368340414189735,2.183534616542066,10.520677684923722
1.3249345612866406,2.9925812711040147,3.3726690988935015,13.372546480105834
2.595698327602391,2.227889343208305,1.1961344243004017,6.917160022266796
2.0525180257580233,4.3082038350358065,1.1638471785452253,10.291511909892376
1.3517512310315856,1.3652077589784097,1.2434182673004455,2.294630516506772
3.714247076314903,2.4338097404430883,1.7563341752473653,15.876858239198624
4.347452364681639,2.8413174409532003,2.8583314826114186,35.307517422528
3.4849221636514507,2.1566634294162546,4.529229543940013,34.040802359853124
2.128921677980314,2.2383521939007696,1.739832324111235,8.290782102903469
1.9795917745702045,4.89436830874026,4.185159991560254,40.54939259767945
1.552222182451081,3.3291826497790904,1.2923883700415093,6.678586409804036
1.6450829529353954,3.7374514456024284,4.057593607291173,24.94778019454302
1.966686717291335,4.601412080430823,4.732934947482293,42.830865284562755
1.7374709547272742,3.5088212354773147,1.3974274122677048,8.51938125801208
4.830648372062226,2.358818462802284,3.648100810343295,41.568731821418616
3.849701147232899,3.775989520901867,2.51833203702061,36.60756037112112
4.203274238744614,3.281638330213692,3.3402942830410507,46.074769583405605
3.3428543436349396,3.079014666389956,3.087376337969502,31.777430874863526
3.9242655911692,1.1436344419537967,2.617318323755034,11.746329095682556
4.066823318516898,4.273994643214044,3.3534337956868723,58.28798141023874
1.6683602763652128,1.9049812349754127,4.7233757645584795,15.01180933087475
4.275637795774307,4.592484120610443,3.7334359880062387,73.30899745477227
3.5376531344758413,2.6805547630262354,4.748125060923182,45.02586674880869
4.714324114457234,1.4797163819947858,2.139818642297245,14.927080885078329
2.3536111796042976,1.4490130196967814,1.121478064435597,3.824703642181093
1.2922013524958995,1.603829374803254,2.611682307529071,5.412634504540372
4.043955005312078,2.5799926588643842,2.2518899463423443,23.4948105270445
2.4487205060203223,4.000602905636093,2.76590638532036,27.095810172550884
4.129671053627204,4.939644568773256,1.4158544212370652,28.882166105481744
2.874459285011496,1.4392217096761644,2.549829791989092,10.548605578897405
1.1435244059258376,1.2970253876589908,1.5080851466943064,2.2367620082172524
3.360567390382467,4.512997809722566,4.282171214150428,64.94440754539588
4.639581095139054,3.8044861762439934,4.454073275682982,78.61983681700463
4.124538471300474,1.3166326681258456,2.130382447232752,11.569046337003002
4.209049484461346,2.868091234653341,3.5809720332312285,43.2292721235644
3.0062675416594655,2.7102283920093204,3.8630642470449796,31.474979029935593
2.927492449522754,1.638303001695745,3.328818558900562,15.96541215986454
2.7439869669385777,2.625198114161135,3.3176969918840316,23.89906150351769
3.7970275531939564,4.62196969469772,3.8727235341715764,67.96531544037373
3.2853361706592414,3.9823240168828433,1.505983313854148,19.703191033337248
3.1564432599109633,1.2460750627001036,4.88676597631277,19.220458039854726
2.652744435643931,4.45593690677218,1.2608438866323506,14.9037570418564
4.7599741086196445,1.4766938135199799,3.267157471635063,22.96492932119071
3.8610773502029128,4.595574276796648,3.694667744260193,65.55769583920095
2.7867853134256055,4.2633840999829715,4.357470743928994,51.77170337576361
3.984149464387854,2.497257751001966,4.344079446909733,43.22119313437511
2.4596659203971054,2.867480035008644,2.4513125837300738,17.289212862231846
1.0427350355497902,2.7536548817704105,4.157466760378767,11.93746909844975
4.034218806907639,4.165738729153109,2.605433848179605,43.785622510987174
3.084284906793862,3.8092994374233906,4.285787038828005,50.35356088935492
1.5397134689420144,2.149457022638595,2.9452801011982515,9.74754565826965
1.7664661548609724,1.3728760004877616,1.4271006398563748,3.460917403916576
3.8481126470922855,1.6521248967158915,4.577818887118713,29.103770648178777
2.8677427925563985,3.67161002739295,4.670580479240611,49.17763101322363
1.550482145110585,4.117073404846925,3.919668103504488,25.02100066866578
2.8401053738998003,4.907748650148042,2.824098220395818,39.3637588889358
4.465558474475385,2.0269058760437657,3.6303105499799937,32.85890903428047
2.414523154588279,3.3228087065062644,3.4837713389354663,27.950292436090624
1.4167711536146346,3.985542479202082,1.4918068840884922,8.423639162512579
3.210670339242389,3.459781567483215,1.0957685022283803,12.172035464910266
1.8968322711839392,3.0940414391236604,2.6993194302146226,15.84197547449468
2.7915622869017684,4.216150037735424,2.810612984702037,33.07991830254921
3.0930637924110527,2.861876291241346,3.0489084489685414,26.98883372858805
1.5044006606534017,4.411613053874125,2.8152842293491918,18.684572946611837
1.6565393477911563,2.024085002125932,4.521647692407928,15.160978224655363
3.8810120402406234,4.146989504105996,2.6312463509019928,42.348637010749705
4.777697580506391,4.144832703174942,4.4990121585304665,89.09284531428099
3.600301978749112,4.583475114996247,2.5140589451454756,41.48673554510917
1.6047184123166196,2.130110191187934,2.8811024646141825,9.848262361259472
1.2907411153362065,3.986370324586103,3.5074652307482532,18.04721366600258
2.2779368002178813,1.9495979539759145,3.3402678002429798,14.834332806665484
4.407213669314702,2.0287177680592303,3.514325339405757,31.42155712974782
4.153939441619888,3.420289766999826,4.114999259365297,58.46457854190417
1.7854456321613652,2.0254653163992593,1.208995452593153,4.3721606214795585
3.240898217784572,1.8724090364084685,4.57101882598895,27.738254617019013
3.145218819037907,3.4863302817808393,3.7981484243811954,41.647729094657855
1.9204025454239546,3.7600024750306638,2.9025914309961798,20.95879513244195
2.4589180639479693,3.450113990043887,4.485992828436325,38.057133750712254
2.169625089144326,2.3464019238630907,1.5760877091359742,8.023566984334595
2.3049327975805616,2.2552582401530255,3.6169582986305735,18.80174020987599
2.801333854218547,4.888176209367284,4.151674027605811,56.85058918006592
2.5511362180809596,1.7309322532872073,2.2332190977608457,9.861547069575844
1.3417278407996704,2.2937038897220545,3.731734500565388,11.484511321591091
3.4912487176809437,1.942401658471809,1.5460774562600035,10.48458094725914
2.7222405333284216,1.1961970873289411,4.484603680113368,14.603377292646021
3.742856638693001,4.377580772127029,3.4509267699393287,56.54225233538772
4.70561794041989,2.8428414226909253,2.335068375998202,31.236969964886022
1.671977596361335,1.005873386270003,4.76569231378708,8.014930689723096
1.4639053361091041,1.271804435350278,4.643590234989187,8.645442333367757
3.8458146339626467,4.63012993315923,4.735747606792302,84.32766493627386
3.4019260224299264,4.899764472170458,4.955140565243186,82.59543570740682
1.2704973872212797,1.153147647948642,3.918219502633411,5.740470054103761
2.966742956557375,2.0588227074865917,1.9290445525478677,11.782599817932546
4.244273998634431,2.4331382936772976,1.623385729372926,16.764551171401013
3.9594669082510148,1.742044952938579,2.5638919337274495,17.684622403012497
3.7950530959210766,3.638880273243126,3.5192186589585144,48.59950822059446
4.618805186245844,2.060403404136936,4.7349488395439625,45.06062325910839
3.0932029414223536,2.291044313514024,2.615888491904335,18.537925444307415
1.6312848585075397,4.260947587776434,2.077785767163816,14.442313376000126
3.98806675137334,2.9913786716872246,1.079878062834975,12.882748558864622
4.253974747378761,1.935478528323444,1.2599059385711953,10.373406294722695
3.6092326943051143,1.9813986116953246,3.589642217608248,25.670711233247165
4.26600497623453,4.223124728299357,4.079769084545507,73.50059397016679
4.050992115526087,2.9779870077151394,1.729555326905015,20.865012818797158
3.8460299123782957,1.991056542289492,3.778261380558294,28.93265244957087
1.094929760002223,4.664230300396774,4.664295471869783,23.82057825992475
4.517216112096218,2.522919167216149,1.6139873350967928,18.393921437757545
4.766981978422728,4.4390605975448505,1.86685535696272,39.50438035057477
3.666180993115225,3.626783279785237,4.41540354257384,58.70916561668808
2.455695020732162,4.370914391734322,4.450183895959842,47.76663942152633
2.5237005330081232,1.6015726827773515,3.541144852565523,14.312917377389713
2.071150979201083,2.317438568073042,1.9782051513798575,9.494920163942076
4.603953081502217,3.977871333908498,4.645654576757285,85.08020659282724
3.2527781771097217,4.992927467431668,2.454492091334027,39.863125030624154
4.017118957373629,1.328961224349578,4.779901234978991,25.517958401117255
1.550966508933847,3.109589430128175,2.5328812927066906,12.215754825994194
1.0840216313839597,3.776005459861785,4.949516955161375,20.259717179916
4.489390033872143,4.107254197585787,2.8993619018927514,53.46152564438825
2.5036020092908067,2.064430506164761,3.532750822699544,18.259066303493697
3.862063807336565,3.169092559845929,3.7624844471512646,46.04994140650834
3.61597860431081,4.085498565579768,4.519176972990218,66.7621421728042
1.639591510131463,2.4924711684026137,4.87204840920889,19.91028144097735
4.127500020694221,4.371534513021297,1.6841401491058674,30.387797588970205
4.890525240484807,4.60220152059434,4.213227263984722,94.82787577981186
4.283394382148135,3.204265882196129,3.6837407689352575,50.55983743833502
1.1686983256149865,4.195317467036986,2.6718098611098533,13.100045391245652
1.319624929877702,1.1735544795828377,1.2969107764210293,2.008463140680313
3.1280185915974563,3.3353873384751904,2.493803508655448,26.018235066313558
3.6022338629193738,1.0341193981074333,4.970229771093949,18.514801302870247
2.264034143813499,2.147831649451972,4.946639872332653,24.054343229643525
1.4578340830793128,2.384550063499028,3.311145502899801,11.510463443237196
3.7825406278827374,2.9891213110972985,4.598638909255174,51.994385748634045
1.1063430971216972,2.748091047855215,2.29917520795548,6.9902549491457995
4.49469103234085,1.824751321054864,3.3644800889495436,27.594434136595716
4.4478231645796855,2.897057773508058,2.9107431775392785,37.50667425073336
2.768096494650612,2.100770906922687,1.2575465277605744,7.312804819054886
1.0899955022122514,2.990969420253212,4.223946904847281,13.770671843753648
3.5124087023194996,4.598847408497877,4.219223918990556,68.15325753668922
4.273710601632825,1.0073377997770052,3.1585599475741732,13.597822413656305
4.370339956079723,1.0741509892912187,4.263843909368721,20.01621011347351
2.7497018022137856,4.422859470459807,3.770712428415287,45.85768758635571
1.673026019355612,1.9550923389312156,2.0188141633628,6.603380336422708
2.105029822912366,3.7200582095680095,1.72949865280781,13.543415943836655
2.683154627181864,1.5059385533944223,4.944347633333072,19.978457363271332
1.4841806458759108,3.282558087735732,4.341450912957775,21.15115456943113
3.6951244204800253,3.0770789599549473,4.979390341100736,56.61661231391927
4.505121295374827,4.004786189179209,1.6614045807093536,29.97514043546642
1.6309918108123633,2.1065325272049975,2.330382174794244,8.006580963715367
1.7455553834557556,4.620660712057479,2.526814865077342,20.38032644274129
3.8020943943299383,3.465625800267869,4.02506456407667,53.036812360240376
3.8222799798498786,4.081831396721725,2.673614605750927,41.71347421117294
2.5786437410602407,1.3999593409424955,3.433191927689802,12.393810472896979
3.3706160578727813,2.8331074939881256,1.3549511945815396,12.938859307059191
4.917642965955575,3.0982283713313428,3.9824084462323914,60.67589925059543
1.0945585650168672,1.611145360964747,1.5133467946100208,2.668776409754411
2.3584200915024605,2.3191802157584624,4.473331982567766,24.46734205437571
2.5699059382781257,4.296630498751816,2.104796262665909,23.24102611650658
1.2165569385703399,4.894096530171685,1.54478618118356,9.197575190931367
3.7263003024106953,1.5867071671344006,2.4324666480360313,14.382074347478314
3.7500195281412787,3.211005371524867,3.7771914966436926,45.482420042419974
4.353881866410718,4.504421279841047,2.31649038445791,45.43035646846828
1.6029158344601702,1.752016278103905,1.493756602529877,4.194968402255382
3.0832481451535974,4.283247387380906,2.316874216630983,30.597369706287633
1.181527413196818,1.8938389966126596,2.383163062880264,5.332619745088974
2.061608239546638,3.540442700110289,1.919858345950486,14.013057283270056
4.790384375304193,3.7539037385734124,1.4118310227670654,25.38845158665433
2.2499189138627966,4.407547677824465,2.5903467354802205,25.68749689548267
1.3930991931444723,3.098881405133079,3.3326232218175407,14.387098364130392
3.0160057834641187,1.7079957236979957,3.187934427541544,16.422086253763485
1.544451789592637,2.9653973355304593,2.023129739823348,9.265758644658248
4.234866927249849,1.5331680762464028,3.893034141489539,25.276547175176
1.5950836151346675,4.4870078167939935,2.4944404607718553,17.8530911529562
3.596319432196803,1.5375897166503742,3.1604503142809124,17.476227621052175
3.564351815889056,1.270639598567672,3.4159895423495956,15.47103904788439
1.5159819866740323,4.275975136580691,2.345419957035139,15.203718795542423
4.358998148648035,3.6028703782117386,2.9953402509852176,47.041535008293174
1.362531806013513,3.4057233138992613,3.652325284912218,16.94827339933717
3.8730272005084068,4.6928046985847125,1.225243796142013,22.269247381965258
4.206373424896938,2.6192452913993716,4.574310754059928,50.39757754211669
1.0653477334993697,3.1070733982685126,1.2723251453667728,4.211540770686882
1.3894463862290753,1.3482958413485515,4.995226091044705,9.357980553248554
4.027732783569828,3.0209212427141954,2.854171730676967,34.72803042955976
3.721907751714743,1.8031751915603844,2.5251784015246455,16.94710789853968
2.8366495568167767,1.5994986744030268,3.451882896423264,15.661942470315083
2.280430709801388,3.115340365141672,3.03753564478356,21.579618671336302
2.940694129719709,3.8669815671865804,1.1683171556919554,13.285647044248767
3.1952707505132865,3.4356582824503072,2.7719725995071536,30.43032273782822
3.675106495928577,4.135825019116517,2.0089066225386096,30.534571864283308
2.573732079138463,2.0853625654959598,1.768123796216556,9.489811326268764
3.0189632740146197,1.4768043616117317,1.9732444610332434,8.797548881197207
1.247143563801155,3.830562142249908,3.981819604419421,19.022191192445796
1.0036704045977407,4.9666056289409894,2.9139777767150212,14.52569864684669
2.5707475082069853,1.1071848914111948,3.0714413323114145,8.742221351991057
4.1234198376429525,2.278969418818763,4.918110145203906,46.21620749314835
3.6033109171064344,3.07851116072307,2.898696229374292,32.15475282455874
4.655758655014994,2.7045226689651107,4.278742070649083,53.87622929623256
2.7703340382173014,1.3944940517766407,2.3134732177931445,8.937442904929105
2.8351385471471975,1.3103519081491184,3.7785541515881715,14.037439026282957
4.3135351873128585,1.745711701706655,1.093642463352713,8.23533428584806
3.6859924785992284,4.462345207422118,4.134635188434789,68.0071860705731
2.606690999132836,1.9787643228589245,4.635689334111997,23.9110114433951
1.8710296377730344,3.772834116537843,1.0951896064571058,7.731035921228743
4.134384899147854,3.8093446601460363,4.073806991141863,64.15959638124451
3.8077497645509246,3.6538734900343806,3.256287220246611,45.30484106561286
3.893960255704609,2.1713104864395345,4.218151200302323,35.66445463468739
2.7418362227688147,3.932629193895653,1.850432422628364,19.952519224019905
4.304785730164885,4.015956701724665,1.13608400113087,19.640430602021315
2.7575238750086726,3.0509976669990446,2.2910535638811726,19.27508934489749
3.9189320115201642,1.0498704375715309,2.9950456787460062,12.322728682216276
2.3889756736283694,4.299141903053259,1.9718834064753556,20.252318096781853
4.56472563726448,4.877780421323692,2.381119728719385,53.0173674109504
4.423229429360745,2.4262333633001876,2.8357794152280724,30.432980138724304
2.0310594268996374,3.763174600248798,3.4610840838682604,26.453866017986055
2.7030756986540636,3.2146583286278227,2.7198101717257797,23.633694770535815
2.7770924454657018,3.9147211802911412,2.56212364925147,27.854236440019786
4.0203807463211625,1.3927521799080682,1.2045182534760817,6.7445723398226525
3.5309438769104893,3.8436148392497707,4.527835312561548,61.44991667011269
4.450696382201201,1.587784568540501,3.8156770540753784,26.964424508092222
1.9215055213078425,2.538150319490435,2.3125555715405546,11.27849506090855
2.769021554089468,2.8753135481182786,4.727445009077313,37.638996206371154
3.6178834214084095,2.9791464338013696,4.456199442553977,48.02982885253905
1.8455882761498774,3.0506658658520402,3.6303308331879784,20.439754239193263
3.8725412457013744,3.620881782357123,4.1556086085669275,58.27000228725978
1.7803409960274776,3.7758518648141712,1.584040178172092,10.648399419732803
2.1759338831421635,3.1423109415338963,4.31799285803402,29.524107113293585
2.4208560777130925,1.4907194542760864,4.408324797816061,15.908838578587496
2.1479056161908807,1.3644196339043178,2.1908565726080815,6.420621971847849
4.130058520567131,2.3236481565002776,2.111061131590477,20.259437521229444
4.984551581532212,1.448990096306495,1.2837072272808632,9.271660014750353
2.631987183006339,2.713877409975509,4.338368302497874,30.988489990704373
2.7606754461905867,4.15659016834279,4.639222767538744,53.2350646380535
2.782876673251842,1.3828224859604714,2.036667680905282,7.837554344651873
1.2063823807395853,1.5671859276862943,1.6023257814196885,3.0293979664434305
4.288582650521976,2.541390012134658,1.3497759574983563,14.711155673724857
2.2679020495718647,3.413784985056821,4.537225085832443,35.12778629228711
1.124569173833835,4.1255815860794325,2.985404586853258,13.850790180851302
4.983045716752211,2.9843365208569783,4.096955821384164,60.92617956225648
2.0437774859070275,2.6929228188384315,3.6083209213479677,19.85924224862979
2.293351953380219,4.427614876939277,1.8611198463245855,18.89795837023159
3.8898175547572262,3.8090775442885763,4.53213210604196,67.15086424538556
2.6981511191880885,3.2937709563636504,1.240421032938651,11.023735580777993
4.774320673836852,2.2282920275499443,2.1471915991948323,22.84307109453849
3.8593007280418448,1.220230755890757,4.418912135346805,20.809706492120586
3.3731178255651812,3.5490524287354575,3.283543688065581,39.30852300496898
3.4972942156155846,2.7947461965965488,4.482609047867756,43.81324365301765
1.4984065380113183,2.0861370294511836,1.6709546849563446,5.223206109989304
4.708046244048047,3.091495683438399,3.8834305842779435,56.522961833731316
2.635264908524299,1.5520567748115819,4.269431691168171,17.462320393546214
1.8723254927440065,1.1471258850904085,3.728179220998808,8.007357375431491
1.462069044939145,4.44722837323454,1.9620521828430508,12.757567293762634
2.7629181237840386,1.7238011748102848,4.547435701368238,21.658169819714555
3.783859177265619,1.8254241660185393,4.159261537876276,28.72863494207703
4.938522846745871,1.699151130837656,3.1053043345367755,26.057529951905664
2.8863597322855905,1.5535134724169217,2.2524204256888254,10.099850328997164
4.0972050260695365,2.8315403632872402,2.8433638506951096,32.98700538085153
3.5117840212057327,4.390939877963895,4.7333482648515535,72.98838408497056
3.2231836364640767,4.582815065642839,2.4106666001674366,35.60856993447767
1.0949134269749914,2.9666870879570717,1.7866217430599414,5.803421816408023
1.353235950814983,1.4840764593941156,3.470610308928275,6.970046183427587
3.31841485867731,4.970820188087821,4.398564521816949,72.5553931543689
1.481369216664592,3.172406159306492,3.3184848007117673,15.595235339781416
2.7924818136744953,1.1179844548734792,3.889707677294059,12.143477777177777
2.3240441102066707,2.8677251217234856,3.1716585144207334,21.138214915598653
2.156445394404571,1.389485589589457,1.6586662067312297,4.969944157239959
3.9968429493724598,3.1694044756559885,4.968257493060571,62.93595790151082
4.515811777831976,3.8402073462833908,4.194328944615549,72.73659948956885
1.8679030038837987,3.5949486367473082,2.530155435394311,16.99003260525219
1.4992678102015193,3.2838083945487857,2.400057136316898,11.816221029658351
2.01735009805765,3.9953619823844746,2.0691003348727888,16.677039505555122
2.01116005566372,1.257061841355252,2.284204807375826,5.774818237802122
1.58316543049435,2.1029319885206683,4.466521364509833,14.870341460611037
4.538892907110528,2.561933047455726,2.1517966804844835,25.021822846889503
3.4343622341796514,2.2730557873313844,1.3977517169016482,10.911544517917207
1.1615255308735701,3.1244602431698376,2.491903468327289,9.043467406874116
3.6800582684662007,1.024812590589368,4.378225349428609,16.51190794459487
1.4393228548362629,4.690490445649209,2.147048340494254,14.495002675119482
3.8817698227917936,4.313271664127491,2.8747032915448862,48.13152454944662
3.451219318846919,1.2949732778628649,2.809073769420532,12.554415847216417
1.5119644994669157,2.2079251652136236,1.1881189399216057,3.9663027648033915
1.7068688441893896,3.785738926350062,4.579784232674712,29.593465764714118
2.2644910837146592,3.2393617245352435,3.805068772003765,27.912103826258285
1.9821372580339696,3.537552904375915,3.5896532235050165,25.170344768916518
4.072276049920902,2.989928269103753,2.069114432510516,25.19315098779312
2.6874723124772317,4.963097715602329,4.29279191346199,57.25806427647676
2.2373461552619864,3.0275516598273366,3.4157992167238693,23.137534479483563
2.811036421111559,1.8181945188078275,2.0206750293200377,10.327692328617935
4.699613060800526,3.4011997405995227,3.191233790049395,51.009710785690416
3.1186247072787947,1.433837779185711,3.665883868986033,16.392373363178685
4.488550816376979,3.295790938851174,1.7214239392474742,25.465583984027475
3.591812704039091,1.2951746935283022,1.7670547402170405,8.220382683251062
2.045685728336912,1.0869795125142798,3.2014546542522755,7.118813718455423
4.568205496845357,4.170652393095878,2.1867167243519625,41.66219556905962
2.0865120801315307,4.408177291958138,1.203567930289744,11.070075011793746
2.1138174400440297,4.396424533935026,1.0099714009343983,9.385905464258368
4.671086705839817,3.926344484183136,1.8796655355263319,34.473621405227945
2.2379662022542592,4.247005545162294,4.740869623586407,45.06032955993105
4.125918308148329,1.1882043648445775,2.5606180356138526,12.553261284293812
4.389616043097698,2.375073277338175,1.242307309543952,12.951873328823241
4.8498360469650255,4.235922084919919,2.5140754024442757,51.64797746782035
4.612645831515793,2.7266797449243043,3.096193867483945,38.941474153666185
4.387980290391726,1.6122285536176206,3.2544280489643005,23.023214039530785
2.701613887216099,2.1434526577196453,4.3830891736067485,25.381511553352478
3.9298041021088115,2.7551474121500448,1.7038870630367318,18.448308292203254
2.1389077169539985,4.115983913487533,4.1029986138801,36.121608923478675
1.5123758146805213,2.8924182610833946,1.184442066348431,5.1812511194088735
1.496136975243425,2.044802222257089,1.819527001238248,5.56648661833334
3.1908644681863576,3.0885634257644874,1.5280600639190856,15.059318124894226
2.2192771786814283,1.5347594465244123,3.029102600140293,10.317294947017276
1.0694508443281316,1.427891092259753,1.6460430063806561,2.5136053374306973
4.653478510885411,2.5541702449386148,3.475563209199942,41.30976698776521
2.4961175883545588,2.7734800745280044,1.1796756187396462,8.166814556541084
4.333029981289997,1.2675567161359522,4.828796000182116,26.521492054882863
3.7489972212851814,4.5222334106048,4.291877854516417,72.76381254958156
4.973341785858242,1.613829567934773,4.288298606374406,34.418425049580726
4.48836291390308,4.467564385891003,2.4921434528908826,49.97258588491194
1.6577985650945006,4.995598446343076,4.693418553712144,38.86946536286254
1.8640894099534773,4.017717226014918,1.2390423308459937,9.279663973003695
2.5299797350428634,4.024071704579089,2.692910825527379,27.416040027053196
2.898056159235722,2.7980116713312686,2.7011806143401813,21.903319745439223
2.934225115116694,4.656711490376042,1.980905677787237,27.066777857852763
1.3996270044143047,2.3168313134746845,4.866975578277132,15.782140106501874
1.2481979457467451,3.635870308543891,1.855653850447358,8.421487612217202
2.5499470558790325,3.2470391871698427,1.7393889080231983,14.40175404131174
1.2073612150195858,3.0088017202818107,3.0573616369248984,11.10650972305483
4.6658522164842005,1.0136479092839958,1.0649040466525097,5.03649706728014
1.1366220202510386,3.7348561414720645,1.339618481529674,5.6868408504549155
3.9975085712124003,2.223464348120389,2.9696853537859274,26.39550715896554
2.0453988787225894,2.2488374754679588,1.1405204219024125,5.246131222729016
3.9597550255068987,1.2539444209713344,2.268803818857267,11.265320466963404
1.9089996296896494,1.7542745909920199,4.578401027928705,15.332650901334919
2.3750294373119307,3.2556706405247517,1.8447815157773286,14.264429220885576
2.9909562255143287,3.231236670988214,2.2819988688347395,22.05434939956341
1.7172865184658375,2.9375680303214544,2.430898949463531,12.263024602373306
1.7437487605289137,2.9256715346645974,2.222621466745333,11.339005938690326
4.130141830110908,2.0789454959151232,4.985765828163658,42.80947934047786
2.464140696524782,1.0393702790661727,2.9992204146999524,7.681467171735863
1.9349602712681677,4.186846923277292,2.1751995099248798,17.622123153275556
1.7971487796068275,4.402955498149444,3.6990310849955645,29.26956777280001
3.1558257115025405,3.684343570810965,2.7919061830683045,32.461901285623796
1.7014830122936684,4.092174405923462,1.287932337023816,8.967570501289684
2.8209439049865006,1.2794046743321266,1.4052571028246432,5.071753906599801
1.5549815276554715,1.4234617220519614,1.6973291832310902,3.75696462406974
2.3230311412064957,3.7811609353009974,1.7460092276901062,15.33651658993594
2.035966022785854,1.390859524498572,2.342612548307066,6.633676063059069
1.8008422281441732,1.6238569949331878,2.5950071201497193,7.58860591753384
1.9506120838187475,1.706774945831167,3.0552498786032856,10.171708481743147
2.4924473386241304,1.484505073678124,3.454094376703091,12.780324385686033
3.6795568373313117,4.559525598487394,3.7892850486991394,63.57296254752603
3.9169101230371477,4.292332040889466,3.8145668507243076,64.13308730778884
3.2027817869628468,1.170990578639048,1.0955468399571253,4.1087687747802235
2.1823082178374578,1.26950810991285,1.4883973928175527,4.123542435643609
3.7999488836899737,2.275961216467199,4.9592254165686125,42.89004095491638
3.119907811352539,2.527959220657485,2.3913415834283107,18.86051039727333
2.4506302909730016,1.9565263385031648,3.4327044649231695,16.458866055448787
1.6013229348181883,2.844496863455045,4.88919644706395,22.270084790216146
4.40124392829131,2.463407559496758,4.365810399762077,47.334367668350325
1.4877240200236441,3.304414402337247,1.3587912801526065,6.67989494743993
3.2599028673436172,1.7144281946447277,3.0944700592402614,17.29458898486176
3.1473993269799982,1.4769794290268443,3.028801853880263,14.079821749630062
4.347269768974403,1.2677364636927617,2.147431099789418,11.834905964495565
3.475726495264592,2.409495346864958,2.147136035092541,17.98172067623421
4.75924233956423,2.2558886016263044,2.8288084646530387,30.37099444031961
4.1014402107897014,1.327590052830649,3.2752663495592955,17.833927547223684
3.7270889483419194,4.88623425130111,1.2229014870330768,22.270784433043328
2.0521098350040026,4.743318648841829,1.716427618877293,16.707381779603494
2.985497843286871,3.506525004017471,1.533077022545951,16.04935843669277
3.3556625913879405,4.434260695272756,4.940604842783266,73.51562070349648
1.3765577351734852,1.2915066360856606,3.3876458856788956,6.022670172083114
1.4679512038259879,3.6995154352663944,3.124791400069797,16.969830082074612
2.1605270332408035,1.6048635806204175,4.233503904174396,14.679044633183468
1.1083346874870879,3.338667398701851,1.1599159759507818,4.292107710732337
3.6896394572450166,2.5077071855345023,3.022764954405312,27.968239682930523
2.846911884274297,3.247125404789038,2.6674715572240206,24.658853712599164
4.571659787990232,2.5436147611208795,1.6576042979019165,19.275520069623898
2.22762252313923,3.5541982362038205,1.2230793944213914,9.683623526532665
1.6704564440092957,3.309238690428709,4.487580120386895,24.80706959029098
4.813076102157236,4.309281540127044,4.241503797182219,87.97260609956594
3.673304520256555,2.024637644217771,3.124019176860486,23.23367616728071
1.7576115632183051,2.490437701387097,3.4036012123402917,14.898318451119323
1.0855244768226489,4.262365555385301,2.288704301443596,10.589610829115783
1.2415986041137437,1.4421094032640336,3.586570443664244,6.42182977652267
3.701761995796048,2.9643758807299854,2.1087065399929807,23.13970981838175
1.7081808113532655,1.5048693135802367,3.81775402391854,9.813876059748006
1.6507342604169621,1.1944001353785616,3.2657558222332663,6.438885743988823
3.8034789720723183,4.344831732971862,4.734182833461766,78.23462542623929
1.5011880864037157,4.353900572361088,2.7028327785836397,17.665779013130532
1.2298131052369672,4.238805543845402,4.307046447404172,22.452368713725466
1.38418083089531,2.8057707441531523,4.62871625555819,17.976517919450345
3.4105041344766196,4.351681710317649,1.302702162245449,19.33396095212058
1.494490860609861,2.6139624254172196,3.148319112050167,12.299043846527235
3.453628026986341,2.7298899675897794,2.217719036171079,20.908709413029566
1.9650229239719343,2.974949168489816,1.3567513887472584,7.931356034307117
3.956680808468384,1.1649318924395553,2.8408641114244113,13.094291717435347
3.2377843699602202,3.911109155374196,2.1512791702238947,27.242353951060924
3.3134612993042065,4.931661986717545,1.8201058149471776,29.742114572729577
4.2996136917790935,1.8012351397863884,2.456828625056576,19.02719248327139
4.3227889682600225,3.371546189314052,3.762952871860658,54.84309143079777
1.6468351272126274,3.2337127224472257,3.511840238109542,18.701924865027483
2.889419823552972,2.4324972764604045,3.3263551529166695,23.37930665592077
3.7240942799482193,4.207114113910441,3.7102442801814375,58.13095574692905
2.6127599923832183,4.843568362815059,1.1284118614743242,14.280144229075937
4.429523762111042,2.775281744212706,3.8338661799832385,47.13039336929422
1.2337487991479392,3.0596276151078303,4.867657112470727,18.374489973702065
3.0111437584228633,2.612241097781495,4.362325620997758,34.31332690756987
4.150622976094624,4.8881576443422485,2.528375405131082,51.297954314421204
4.818900802979219,1.7263095205349255,2.0277834846330687,16.8689570979747
2.1891660298352176,1.0605685276312196,3.28792776373494,7.63378111447901
4.646197946004257,3.0402439725845105,3.427785448996221,48.41944147469346
1.8710856489490975,1.0098897709962742,3.8591558876742735,7.292223367645095
1.3499796690559345,4.050064848150425,3.0276740507820823,16.553823626732672
4.5356203645678015,1.0816952645874545,3.575336457446254,17.541169390143622
1.2212954859163259,2.5130445008306124,4.384201561492097,13.45585948898277
4.966770814219041,1.5907974289243483,4.7347231309595195,37.409645175390786
3.0837430523105325,4.828224234420131,1.0429902013316354,15.52908417181764
3.9928737918586803,1.7246258841061426,3.5289050971744387,24.300793897120734
1.705320935409933,2.833561840295536,4.075652041307492,19.694089986622448
3.267259503926176,3.8580272540000653,2.302772101198087,29.0268481117667
4.157298687786511,4.929734451162355,1.2639089521589826,25.903028537179534
4.289990824314851,4.143227657719262,3.482120041148386,61.892624526321455
2.142285793159837,2.2848293593056774,1.0734722806849595,5.254386471413791
4.4260980155098135,1.3351589725930766,2.3723914919908777,14.019753043484107
4.69514804940869,2.3193846905101023,3.5881425031593412,39.07434980432286
2.682947382480888,2.446506384180324,4.155075254600394,27.273281982835464
2.8955945599985013,2.1084894092109328,3.1206132391977963,19.052375072907456
4.602109729981953,1.589411040514067,2.0836762535323246,15.241350036036263
4.488856541275503,2.9962073897824504,2.227069191318546,29.95306761997398
2.389832175784725,3.9251092527751914,3.377200380722925,31.679329648478518
3.441332670169508,4.847519601902437,4.141188179084841,69.08300127923955
4.767691806655817,1.1410968469130358,4.454097570589449,24.23206390514366
4.456012121621335,2.4792828685357216,4.542918655232871,50.18886836844056
4.894679017272292,1.2762729852687662,1.0646282182576572,6.650675629699665
4.290914424959796,3.3062955487665624,1.1354503286926256,16.108669311180567
2.15169419068315,4.999292275423714,2.2998353637978464,24.739209753989996
1.3923879615434598,3.3167910649994132,2.62956466423081,12.144013174384456
2.6925666494630636,3.9326209565653234,3.8259732557449793,40.51263407808695
4.224272209978112,2.5437262279928436,1.208224260825307,12.982843324242227
1.110175142638424,2.6041125378962393,2.0569054250594188,5.946556795738573
4.370361293963132,4.405032683175067,2.455211530164055,47.26671183859676
4.771850190976693,2.692074001304228,4.737723964950035,60.861625646639126
2.5351905957952137,4.938569910672825,1.892884779576823,23.69932629246379
3.7606948748150537,1.4922962587334876,4.338564686223296,24.348332588286205
4.059729924264531,2.957779098504527,4.930773836586507,59.20766873855184
4.581874262875373,3.8465017418475864,1.9234491647177676,33.89922840463593
3.58551255680842,1.9101013115702656,3.4962517755017366,23.944752394914634
4.726244086340469,3.1182659024135235,4.501009337311583,66.33446131028076
2.8752200179105785,3.3643935734798855,2.8666432159713158,27.730105504423403
3.9074626050558674,4.0521139202561915,1.8410378789992663,29.150043091411472
1.0513984456353556,2.9466591615361177,2.390801502218742,7.406972885125459
1.2746915436839736,3.2171751225725274,1.352057462735596,5.544660457565792
1.0919708724937647,1.1177257459982433,3.374110469974608,4.118182665766844
3.282760923392734,3.5271980653990402,2.1716058408797068,25.14491106061109
3.5123810101355355,4.9156164746273605,3.3348509322699096,57.57792866032849
2.290828451289957,2.4436860096584825,1.1392357095243684,6.377516050021739
1.7682883935194011,4.185274191855327,1.3452212774834353,9.955675664426547
2.1586510272466723,4.684315504173579,3.150151394871136,31.85370867138286
4.664466655663327,1.6173115469831663,1.298666753595239,9.79700664560872
2.250327075288704,4.3173800959980895,2.407777140992081,23.392800526451282
1.5276602719750123,2.0412019439374265,3.5854117966000274,11.180257363989973
3.178607400448307,4.065241737498372,1.8504332543464042,23.91094225138416
1.8210755816689725,3.437666012785656,3.661799945457006,22.923781767659417
1.6792780095680855,4.624634252079127,1.9288057185171708,14.979195095845496
1.4018450604903396,3.0788150165454677,1.508955346617178,6.512683904303785
3.0006693293122595,4.497218443440746,1.2363918598033545,16.68469451370603
3.240440168745134,2.4712261451058106,3.4231424250310654,27.41204689713258
4.93170475404109,4.733447383923664,2.6410083046907444,61.651605340407286
4.915023406659551,1.626269187631078,3.510835952529382,28.06264233570201
4.871511097268239,2.347791898839043,1.0073858686552821,11.52176864266323
4.443710451765539,4.874805838673555,2.421957355162731,52.46498675587539
1.3328906644547005,2.8596669089733897,1.6653340021373935,6.347625928828364
4.101141150844124,1.3113082029833594,3.4980801058502125,18.812185192415654
4.135178034515922,4.217943478701743,2.163158430008151,37.729695173260126
1.699375849491576,2.679448823149014,3.4783401967534475,15.838241625094136
1.2175448326234877,2.1970539743315327,2.539534027882595,6.79328327127113
2.0760826410206414,1.0297126126325282,3.8687610549408946,8.270515441166971
1.7968652540820886,3.2158029307402196,1.096122961398501,6.333798062829949
1.4085120629788292,4.808309950759116,3.0053716346455692,20.354067436286616
1.2736709651955689,3.4089252976744557,4.1006404739379505,17.804362455329894
4.806226745423988,1.327135292237854,1.1406973336146895,7.275952927060322
1.218036277581469,4.2109863355960435,3.3878785908079636,17.376883678446475
1.672115459412192,1.871297853015327,4.445700620785326,13.91071313825933
1.8345841218067056,2.4034966430820774,1.3328822297416498,5.877233267206249
4.743398603320161,3.709398331425144,3.596617775925158,63.28304675560151
3.5551740290807485,2.445519295830266,2.049748877007986,17.821022385469146
3.5439037295575937,1.696482590858308,3.887817777620109,23.374225221527006
3.298475529345978,3.407298204394671,4.995241172156032,56.14096480043168
2.45264140013091,4.975732897702397,2.9494181149146943,35.993779933325406
3.795282710623823,2.7719683687701657,1.7582998853113456,18.498024486193177
2.2760901934781046,1.6427286726765127,4.752202086856038,17.768477056236677
2.0449132310286875,2.835921438141233,4.3346046360739665,25.137296730114233
2.36218716654073,3.6651166070085464,4.10277238579409,35.52053725378154
1.6336410922766262,4.203097196007633,2.628677604803581,18.04942650253602
3.526588006570738,4.297860019650651,2.2831553192767275,34.60528653137445
1.1447846043023016,1.4492467621235505,2.8384866736948884,4.709263359947358
2.450370326873329,2.6644995174629065,4.903845805304405,32.0172610158605
3.262219037529016,2.716935819136084,4.177632584846675,37.0273591991497
3.036554401183771,3.757256913792139,2.796971824843128,31.910973251611022
4.956374898869633,2.6411763717806886,2.2356061622834242,29.265560773741733
3.0974065356640796,2.80222598037422,2.7874460319333463,24.194008748511543
3.7887682092152843,2.349276722407806,2.408064955537825,21.433860985374306
2.046589017362847,1.5485721010984501,3.490947416715714,11.063827023855284
3.0231081065141443,4.569947827054955,4.997519716399938,69.0429653866419
2.432594124735147,3.815543488643761,2.3730474365813063,22.025840052006743
2.602427466112804,4.074818186013871,2.0962962324194283,22.23000310762784
4.86670406394878,4.198453777673392,2.748434046930303,56.157741627886914
1.5290748616492458,2.3605413415439918,2.563537729615553,9.252946967049942
1.4240823748000788,3.4524419100435164,1.2687681561588677,6.237976889907092
1.9944725204820442,2.759405114561247,1.3334654884042747,7.338804221548172
1.857016231709808,1.741710995122229,2.2369631351182657,7.235201327103418
4.948702911040949,2.160652916789766,2.65506352179211,28.38907920369808
2.79506526709236,2.264235994861034,4.672275345248801,29.569370040163232
1.7613904637514404,4.887581279903319,2.1937396008056615,18.885770530771882
4.0615182777854715,4.973327765422335,4.8961551909372005,98.8987196371948
4.55689463648511,4.394129496903625,1.7481030633148857,35.00329051559414
2.814128957142641,4.56973743273954,3.2823301014568442,42.210208539749836
4.94991425788677,4.8972999516975895,2.9153174070659746,70.67083563828662
2.621530585233948,2.6764607358351244,4.910071667970367,34.451143117566744
2.282574220950296,2.899962289202821,3.953427499525194,26.169235613034825
1.598636722476435,4.066122325785534,2.0516942269272205,13.336530462333348
2.692225243782021,2.393889594937501,4.406837049994906,28.401580027728745
2.263886266937668,3.124026168163587,3.337315254173698,23.602961694852787
1.0923731933994532,2.2450988429382015,3.5737701107110227,8.764620422386573
2.2197773435344526,2.5625072134119113,3.300072413085966,18.771456901205177
4.255201012697816,2.6015410115255486,1.289635948878034,14.276373056370861
3.967659490294769,3.6473355556620137,4.62209516864599,66.8881211497392
1.2647111685746988,2.1442794222650843,3.6055235674735044,9.777798212210305
3.3959347206983233,4.6645752458420695,1.2127062879640147,19.20998677821722
2.8077107754968447,2.4947631623885997,2.8267644483552234,19.800279100754963
3.2996396759805475,4.044657469755052,3.698535577371384,49.360331317015586
1.6634200133794632,3.9143126980161376,4.497808694393628,29.28588945136421
4.620921668010306,4.268726705824363,4.555007171702437,89.84957409411818
4.557286834979522,2.8652835616194903,1.7333865600139426,22.634421389696588
3.992816841901372,1.1516551647481306,1.207593846258515,5.552936914244948
4.9994308526455296,4.03480962577323,3.0108707849598324,60.73453795821987
1.4365814494835698,4.894513768938429,4.624170847861325,32.51424546817864
2.5558508866927845,4.460237834068762,3.917642203941233,44.65995689202883
2.5952879261471793,4.913735212657602,2.576397793816106,32.85566144571361
3.6512791422551785,2.13475186932373,2.9110541156443097,22.690429558785493
2.725642380522929,4.265689511453306,3.743831249614192,43.528567947392354
4.621618445165853,3.9002879600847375,1.6822471141709752,30.323585544007248
3.5324943624872494,4.842864300164171,4.352479460651514,74.45956725043446
1.8469489389445792,2.5846108341123544,3.741548370575392,17.860820819080267
3.4311638374694127,1.8543939643334175,4.156083721390411,26.444036543622328
4.927199964015527,3.630941231134235,1.183631301285431,21.17560607029646
2.16392701748981,2.690437752571839,3.1186751588786734,18.156649030973856
2.028289807159111,1.8592496056163652,3.907720804767376,14.736394297622875
4.665368201972877,1.7887007327090707,3.598914247339406,30.032750527441653
3.962379282434067,1.6051156349312983,3.079305200822437,19.584617992083768
1.111021976154717,4.333711224785132,3.7624917751889404,18.115827537812073
3.6936976019725285,3.853413167105197,2.0170642763961477,28.709567648053895
4.0954765181242525,3.419404695136942,1.1185334200230024,15.664044510697043
1.2588715057036137,3.0405425201782466,3.0553667714022135,11.694881773743367
4.516934361602514,1.6926540418591989,1.5930036351273071,12.179480068694385
1.6814759093211387,2.2557010048967077,1.0804073075331884,4.097884329786908
2.947141420308524,1.7802535388756309,1.3956880513298429,7.322699196247341
4.9193745303090495,1.1999827074126128,1.3018357644060061,7.684950496982923
2.220899607470204,1.7424651062169234,2.218786840248654,8.586350222131887
3.052405460641809,1.4742936271377927,4.790144550072633,21.55633028337159
4.200148902305266,3.515997569339789,4.706376836781288,69.50242395498834
1.01008095587225,2.7997635055231345,4.592355750518495,12.987126025967617
4.043281136314484,1.1888727756410251,2.786807190467407,13.396034093783534
2.769824463260628,1.9866286406369875,4.156257028577237,22.870272328579006
2.6166880533513637,3.9498475913788447,3.970432370901488,41.036479227200644
1.3891632399844478,3.967526663413027,3.872207259680324,21.341833697467067
4.0604177020691905,1.3911336733468889,2.2798833602297703,12.87811219898536
1.2575686980362142,2.880621365023533,2.407310941960552,8.720674689629126
1.9766297233103303,3.8636512471818953,1.6417318869945454,12.537919383574788
1.267420500508992,1.6233953470258715,2.715608736932865,5.5874316261075725
2.0322922564307704,1.8635590537717945,3.6962680639599244,13.998863598408617
4.511409621292824,1.1582886395107828,2.179795276078613,11.390551849478133
3.7584541607686157,4.587587141397938,4.066751245855521,70.1198846508676
4.245425555610408,2.3771235426592026,3.7104549679032117,37.44554433776219
3.2325327667532786,3.214213739735991,4.691377803231164,48.74365572914278
1.4369346628409398,2.5264357344829564,1.7390602831457818,6.313350683969478
4.819105851611285,2.160325142266126,3.7186466624570955,38.71421881367511
1.065358342627417,2.899006599690329,2.992200148451191,9.241352906667526
1.681282502320169,2.8629557985154186,2.9073804523742828,13.994494064127975
1.4443861594051355,1.6423300519456658,4.85222211580885,11.51024137315852
2.5710767787976625,1.943813462179214,3.550726647686033,17.745444037507443
4.636892318246812,1.8446793091034452,1.3533567159386863,11.576044015343895
1.8876518381846887,3.104095141318188,3.302652749317462,19.351731622425255
3.497742534088629,2.8899403982002085,2.2814667727747615,23.06167632152451
3.421421575482057,4.224361299647438,4.939168777128539,71.38739128173609
4.264596190457603,1.3245329741730059,2.1391021131328936,12.08292850798908
3.850078540606353,4.672893909068126,3.0518714342369444,54.90624510297142
2.4170404026626047,2.2384260824623614,1.4653315354020986,7.9279803276990055
4.455002708310177,2.0691499098423907,2.8905416633047833,26.645210916417152
2.935720393185993,4.725665342572514,4.301986744095357,59.68246066751141
3.0741438049310283,2.1688629293654587,4.490185362765475,29.93784634292052
1.7821563674788794,2.740559276330105,4.703126965667883,22.97056670356408
1.8455092227418644,3.2529575642227346,2.8009912717355006,16.815367884934894
4.332912378524715,3.4344368866524517,1.7214035767566536,25.616403036896944
4.048232647398457,3.724675025333059,4.881055310975473,73.59826541723744
2.831542483776413,1.3408874255868763,4.5627799206198265,17.323870230698326
4.560990036034102,4.745545362523009,3.622085803571155,78.3978200485016
2.3840831165573637,4.529192455913218,3.151997815240715,34.03518183877589
3.0548102914955813,3.723441226112822,1.66027966165902,18.88469590374568
3.9262115810847305,3.8198884060388143,1.300600777970828,19.506007409537478
1.5496831828254973,4.970095417199796,3.5722104595138617,27.513426748878622
3.7634233335749316,4.712823237224153,3.8034785027297864,67.45982190253461
2.52384370461802,3.1652976840821316,2.9868503090459964,23.861100744792207
3.6699982755284326,1.5231600655982258,2.297662559267981,12.843921790858055
4.369452048369181,1.4760199998366597,3.6459694842511565,23.51431053010352
4.58736330459068,4.959189329988247,1.2966959615794011,29.49931853590686
4.479299679153851,3.362139119169474,2.2060717092840405,33.223503207026866
2.2690111590949202,1.585469984468903,4.538539406322281,16.32716444435912
3.005196004315275,4.301326051511731,3.9747610303974303,51.37906425702734
2.9449343240084334,1.0085914590344767,1.7752105526211155,5.27279359262927
2.9052052929469285,2.2761504045480048,3.579251693482108,23.668461131463694
4.962626603979212,4.989943705962018,3.6507388510163072,90.40407630033727
1.5314679978656818,3.7875767857257823,3.418926127630453,19.831660964644392
4.227538903137264,3.7635840599981383,4.077567233909615,64.87694095114824
2.2797627480439955,1.6691421113426288,1.0412263229312817,3.96212438978539
1.5462024049415937,4.684519779356423,1.345456077293412,9.745428648420585
4.7884563266611835,3.8060405740299705,2.8033870928103277,51.0918953520114
3.1999754120080257,1.5454291507789875,2.282078232868976,11.285642004698767
3.958945906225833,3.61722036378839,3.0374132964355507,43.49691186610924
2.6416879433092033,1.76276270084748,1.5218910911725314,7.08694302568046
3.7773754295762183,1.6208490592433682,3.9794312288937412,24.36428820490726
1.076297458772503,1.6089775919613625,1.7632821885033914,3.053543640645933
2.852945046627793,1.7388949876181026,2.3479511188811037,11.648119386060275
2.5342465759014283,3.8709902946492867,1.9204801181545244,18.839994267333086
1.7713707423621003,4.301679563228055,2.331499068125295,17.765718221892136
1.4079085708581829,1.4617225782143652,1.3895699858768662,2.8596957701422197
3.0650038712232623,1.4818236598850798,3.9316960646047954,17.856958526463277
4.746289751055542,2.06772176613208,1.1062730551019193,10.856971093629305
2.2003726490132927,1.8912786287233736,2.394377591551988,9.964244886489231
3.183353497836218,4.994652937925756,1.5645207531699232,24.875482431341595
4.305742225317243,3.288878139937957,2.0723412501396714,29.346551852951556
1.8895954571151652,4.003504450127021,1.1852780464830186,8.966632951184526
3.90385201692364,4.977870133785841,3.769487562802372,73.25195559924437
4.453774265231836,3.210722874858253,2.541205081909951,36.338813150969294
4.075673801537653,3.5476576159824464,2.4959200512042874,36.08874563765531
1.0462109351098627,2.0188799109747864,3.5060369414346804,7.405360910557982
3.7634745359035953,4.313197073232357,3.169539769599715,51.449894571037184
2.7690421961976175,4.825180664778779,3.7882952291945178,50.61590073611947
3.768478094724119,2.2254593193328156,1.7242163568748206,14.460303752642375
1.4421047294390306,1.4150871359930974,2.5215455876934767,5.145727792246356
2.648631665637375,4.982522192260928,2.960567739405879,39.070215898255704
2.842336036300809,4.747797995275699,1.5754198237202166,21.260034255515667
1.6141642602084874,4.01213178888395,4.410440525227602,28.563070204190872
1.0224897787497005,1.2900161843343514,4.886293827168309,6.445160147515604
3.320903687528251,2.875722854466152,4.376145792058301,41.792186326302364
1.583746557991657,4.457259375851619,3.6935761888285867,26.073579250016813
3.661379732540057,4.511531986896591,1.6623192453278697,27.458907049747136
3.8918123064609764,3.4483393983364112,4.618326059916491,61.97927368685212
1.118908837241361,1.352051630255012,3.377322072515457,5.109288880147511
3.76120650324547,4.269188487891816,2.069893591160708,33.23690133517313
2.5194340018937,4.280593132817112,3.774469021306941,40.70640994278902
4.613606826652254,3.194821327856897,2.302718761686539,33.941267417011396
4.017707234517841,3.5304177601315616,1.5013935933255174,21.29604444913638
2.0980743887313564,1.823934693409734,2.7523293941329796,10.532478344696235
1.171384114902117,3.3864186936445613,2.417979408928494,9.591633620495335
3.4155269445406957,4.99047345265889,4.801449208491146,81.84116530778643
3.101949145024482,1.0300357376562954,1.1120995183226938,3.5532897178850957
3.606196622754126,4.1477903896866195,1.3040182413646373,19.50517584424446
2.498169354057953,1.7663951808071396,2.4968859001680523,11.018144012171637
1.8143415135149548,1.6567154123851209,3.385296255623858,10.175684451828495
1.5995362781247073,4.894966571703098,3.890627807007543,30.46235754514976
3.2959376250564696,2.7433460325289216,1.0320876994842938,9.332031093930274
2.4320884851842095,3.798024169859487,2.2196656099093808,20.503341681903816
2.7442570352433715,1.4376317524550095,1.7710615298936934,6.987246940550046
2.238300709131189,1.0701879436748212,2.1971535418080257,5.263066940229057
1.6280044315879163,3.6375597998043068,1.3358493136314675,7.9108508424240975
4.989466827149101,3.0489698198201567,2.680646631123015,40.77996353868722
4.200674421955986,3.046009408593302,1.2152320404746093,15.54925100728276
3.4458108845004527,2.179714553212341,1.2548650237599213,9.425145795466843
4.934055415582998,4.868280914902174,1.6828530299003464,40.42274875301118
3.8742409500583115,3.036248931838356,4.938745228160651,58.09525005287451
1.7473595199159235,3.794082568002498,3.24713891352159,21.52731752312697
2.1165943972233774,4.488716821320452,1.9291275230907656,18.328241025824727
1.0541028512135786,4.8625955326025405,2.604737558674291,13.351040309478318
2.499761416780965,1.1026977299655263,1.6808868803131447,4.633333151707905
4.620642461973526,1.5957944023660056,4.988673797858526,36.784462049020426
2.085624218731118,2.854893303981429,4.2794598780006385,25.480908146271595
4.52507629916507,2.1676355963278104,2.656484863098293,26.056706808176365
3.78721508107808,4.676767012416765,2.7254175735055632,48.2723850059023
2.492370786618805,3.3887845110928017,4.144386139812019,35.003930931278624
3.504381325239706,3.796134245019507,1.50901188126246,20.074538909776955
4.575761385702896,4.550727247714632,2.7466621656268537,57.19386168123856
1.005346758871803,2.9336380931933834,2.361354728483942,6.964399107539563
1.6713259896252919,3.9412043050758294,4.36461769352298,28.749899047711057
4.116783851425209,4.198552606366058,3.7526044428813936,64.86201746508893
3.1530240559918,3.9756892739087166,4.323479550808518,54.19673544748771
1.650658724604428,2.0606987323883055,3.3925997630680573,11.539963178300544
3.8895990681860364,4.71400412329044,4.553191254179858,83.48543002206655
1.3474043057497296,4.488958475806294,3.710223166979247,22.441069553254486
1.3450319301693896,1.387343096863856,4.331635872502927,8.082922477500642
3.4728922179675457,4.263389903198002,4.757298860454694,70.43796375160585
3.768860021432303,4.634544173447868,4.964724340153325,86.71858313922073
2.3350767796956475,3.7477468808237515,2.0661603683590375,18.081541126424177
1.9857763159784527,3.301333216026234,2.2208706644448193,14.559382494622202
2.9718359655385256,4.5802426908425815,3.3693298495104345,45.86240805615674
2.3890493061097557,1.4593784052496415,1.132504958865189,3.9485090786801735
3.923688290192595,3.6624007523539195,2.7248674948937865,39.15667001372263
2.2670180091300294,1.9007431919052151,1.2147213348882455,5.234257368563984
4.723899903903985,3.726011505219013,2.7394459541762344,48.217824842825955
2.8765292203667396,2.597956940244672,4.0872547028561605,30.544459244658892
1.6669510312029914,1.9929558880930553,4.659113210724508,15.478318951495702
2.579181601482348,3.9196254603078793,3.542909190674153,35.816777834092285
2.8957924966646282,2.7608461872919006,2.349196476352824,18.78144449184575
2.420836959044354,4.2956905663422384,2.3118004164282917,24.040797416585814
3.04041825025019,1.643393572090058,3.9473211107672554,19.723199697115508
4.573881611544165,3.969469306204994,3.8503745152839115,69.90694792442578
2.8312434333906635,3.086086855789287,2.7328039503796178,23.87777379984501
2.689278241556661,1.7690984646305252,4.604677753340323,21.907205707244284
2.3697767663261176,2.616633470526836,4.702095640242924,29.156929584880583
3.1860935639533987,2.709400188541167,2.0159174601993426,17.402210929034652
4.238733627733147,4.015841867707426,4.911831004662719,83.60959979951804
4.335385714310426,1.2170511575000154,2.941111466576481,15.51843996023089
4.396522004172959,2.519834842398072,3.677220730193654,40.73812417337984
4.740676323327579,2.7045570028174506,4.976841978003396,63.81022779885553
4.4570667871760765,2.141928110435001,1.6005895997567658,15.280375368271612
4.408524095234178,2.829301979865106,4.146040159425369,51.71374942290997
4.0184467647621105,4.31377542619803,1.054443237046705,18.278432829199918
1.1890617486052553,3.6589675441402476,3.655218469977016,15.902899160794377
3.750698312221765,4.020888633549463,3.635401398310115,54.825998212945834
2.541447838229133,4.736019539325834,3.2437364545826317,39.042736311385625
1.3496508592001177,1.0815929130279645,2.7077255567819627,3.9526641294959144
4.5493167831285435,4.024366131275757,3.915857847122347,71.69198120231216
1.5885977510700307,1.2771504168848997,3.0638967761694142,6.21627362145931
3.9566271219145843,2.885246778055353,4.937970847233256,56.371113043227645
1.7669796618641342,3.2111475188746,4.97649102926874,28.236771124873258
1.688848869437669,4.67904999757398,4.114203194243185,32.511290623038015
3.2241455343188625,2.7567405129771854,2.6514065397958566,23.56605293983961
2.371746485109438,4.946799606979058,1.9102629145322587,22.41226390765096
1.4339923012593596,2.1507847806847513,4.722223596178549,14.564323651971405
1.698171291305524,3.5707664950849227,2.6477121046024084,16.05512556857677
1.095989999197796,1.9179187145921075,4.038925261640626,8.489900589851162
2.9733769638124325,3.427256845654386,2.8161572385257445,28.698125119259092
2.005626913931125,1.9306511233614452,1.3038244687684601,5.048624588129144
4.234151238942898,3.930883266998831,2.8582300590659506,47.57225035365405
3.527988059482881,3.534010418766994,2.2250035175320524,27.741224951284813
1.3740685534624721,2.524136429072426,1.5695968687654016,5.443890097412884
2.543482126547473,1.8998595342730584,1.5881190449392104,7.6742021801297655
2.0091180516306055,4.698913477790025,1.4424665934557215,13.617853822945376
2.4770029732729557,3.870029974165655,4.010355303647929,38.44356973586603
3.3347487463123704,2.5245321010663653,3.143540535153619,26.46446264684135
4.124264344520862,2.290384583910723,1.7303928471263497,16.345552944629297
2.4305775146842454,4.556470551753966,3.9947652011656807,44.24144484029576
1.2259782848691376,4.695902627435826,2.431430448260482,13.997926594721154
2.945522058323698,2.065836204787601,2.1263017548427277,12.938474118033518
1.5711673637481316,2.017229207217708,2.9773074624751152,9.436292251753944
1.723568523626969,4.0467687953627065,3.0603295269555257,21.3454413653989
4.861329483416926,2.775852434609841,2.110048525774971,28.473698047965357
3.4738133525999375,4.151152455099114,1.340975087056533,19.33730170444011
1.2118101604368094,1.9213816166611002,2.8072981585078316,6.536372008057699
1.627640943326154,3.6951001922788973,1.2803535774520909,7.700425863770236
2.3919610964389157,2.5833787122665526,3.7102191661486748,22.92671081152928
4.649445222611334,2.4072480262975557,3.0433258167146615,34.062021983973565
2.428663764449872,4.507608714909534,2.3363054135185015,25.57662396380667
4.265409257773956,3.3793707750716364,4.0283312601039665,58.06597565610995
3.454700943005372,1.6795393886981107,2.8409037453335064,16.483793727509273
4.8168031747789986,1.4909822947058773,2.77900882561211,19.958197352136523
2.052679971482618,1.6149095671489793,2.8803761227781775,9.548137276403613
3.926410458931054,4.851829431875943,1.4221617082130873,27.09256996669125
4.524187858697965,3.5000564378381753,2.685293675138536,42.52139129783768
4.31954760713875,1.448827723561946,2.566726054472321,16.063291170137692
2.2300085749053853,4.744271259341142,1.4059372069836567,14.874486084157528
4.403372507075899,2.1321219428912874,4.796761376475522,45.034524391419374
4.717888190282546,4.623629148539744,2.6705577000118343,58.25491903809588
2.3101177681054557,4.059695378881023,2.986648556557744,28.00990844779226
3.8684029412191365,4.937412203277318,2.71602969103794,51.8758951948359
3.808561203625713,1.2802109537827584,2.5157664575492724,12.266277918567578
4.9817710596696045,4.4994165901226815,4.8847389799996215,109.49173370478907
4.896603501352887,3.207749097471996,4.903926833599298,77.02634883617186
3.5943419655807363,2.6210252360704644,1.5259036601215104,14.375326279647654
3.1398031246515323,3.321286772207426,1.9454749418406965,20.287775690425043
1.2530981195951618,1.4452977012061732,3.9386906930416594,7.133362051036651
1.333264576586851,3.4000694777553675,4.205401189934628,19.06389184106916
2.0950571200763033,4.892919434887983,4.080971753236083,41.833819845745815
2.883682818735864,2.031383421795413,3.3849139878190715,19.82837077390717
1.941533786788069,2.634495064694813,4.701972667047355,24.05040765775434
1.7153619756575509,3.2169498658463755,3.6625931492475745,20.211044130528528
2.3295064297657526,2.6879645929843776,4.070793810588068,25.489807914352422
1.2046333893086336,1.4302584656168746,1.9112433260743464,3.292952039399383
1.957633975737132,2.02173441086307,2.744683428386083,10.862951912658557
1.3225606485328156,2.795875618537891,1.561257574357632,5.773085662837532
3.119079402431457,4.989925260782706,4.356632931192547,67.80651775018075
3.0752060800707666,2.1399029586204503,4.878995430091704,32.106925119339564
1.480730030173092,1.9540465201189594,1.0257302859632422,2.967863767387962
3.8441046754052746,1.3291956927354018,4.481015115122412,22.896048647951094
1.7847152669966824,1.6855308068408212,4.408866290569449,13.262718790793963
4.493469268038771,4.083794549483079,4.827140397840992,88.57998276493846
4.019321261324747,2.273154706666551,1.6530622399370016,15.103267695338516
4.838575079959055,1.0208078555844788,4.984236503683734,24.618417322173357
4.816569647153244,1.0978809589868113,1.2776568072343113,6.7562748817007785
3.1600561180654023,3.230888777089455,4.418371631775395,45.110645825623806
2.7360569214659174,4.829022144720132,4.41517056281367,58.33535038670168
1.7412994974916614,1.7041799538084415,4.871903516290391,14.457313746546909
3.9951037762690653,1.7021387719924932,2.506536470455212,17.045002033191903
2.1372205797683796,1.8876563357411436,4.737443661750299,19.112448837168387
4.993143733994077,4.33553101128971,3.798940959101126,82.23920606700209
2.407691110331356,2.4618048302197755,1.7083033267870253,10.125567551927174
3.7596649711500185,3.346729151839046,4.842281182823066,60.92839210905132
1.380244203035216,1.332474694278777,1.9145753616384793,3.5211730351820725
3.376876599735835,1.4254945689467444,1.2171269389557788,5.858907379307273
3.0310585867135598,1.8796186823447742,3.0878910132267174,17.592438739941382
4.46732568305458,1.819740740048486,3.543659273837278,28.80773349518269
4.560455178778037,4.800468726328013,1.7632318691450632,38.601240657322194
1.9424446949589353,4.660563938538701,4.824936868347025,43.679611618754535
2.9168232630450626,1.3865153511844555,2.7101385050678295,10.960396970747006
4.132745557965647,2.848430376271491,2.6081401251730343,30.702602994959314
3.3367260766457325,4.817384770663617,3.3964239618003704,54.59511522355304
1.9231845879411562,2.262235630965726,2.9886800738296038,13.002840533862742
3.2602678593997143,1.965028708616488,3.076383127973853,19.708909857058828
2.087952075766578,1.3004147154169576,3.1754255113184477,8.621926793874431
4.050923827123875,2.479100771425608,1.7170194225005777,17.24342233006141
4.887815882194207,1.2564372889812332,3.527574662080133,21.663661932279194
2.948177162954449,2.078074593375435,1.7451353716752354,10.691627802046991
2.497731792473979,1.880561398140455,3.1846950352499874,14.958952042480162
2.077249555599838,4.929027539428942,1.0911776090158711,11.172371416798676
2.2169971685262486,1.0507801246609598,1.8036818419172227,4.201814942642712
4.703032698958908,1.5278326944806513,1.8987303854211919,13.643226780874226
2.7347882071248346,2.8989001992941295,2.0495693016635013,16.248735537355465
1.1722993869644873,2.216404570083824,4.021102922012124,10.447990380398423
2.050219456750085,1.3629217616187024,3.100806436073244,8.664548427683957
2.599216211886466,2.101453066471328,3.2175324745727996,17.574583483198023
4.784272273321288,1.1876975091019868,4.813148111965524,27.349598756394553
3.6074882174435943,2.854370325760498,3.2249618910740336,33.20777869014479
4.24988003547901,2.14290232568663,2.1540595696587825,19.6171881123873
3.5952748148256903,3.1281708018196857,3.2141832564500934,36.14874173078827
4.145618540300289,1.1520403076045156,3.8269503868799033,18.277207584339042
1.7532915155486353,1.5213613250408349,1.848890555096471,4.931711998930245
4.425544192616323,2.614028893955887,2.8979396051822452,33.5248154555807
3.9766881025823966,4.650665669925829,1.2636277767552326,23.369844015526773
2.8395620774099157,1.862641829039093,3.717968017808097,19.664656686915343
3.6313485149830025,4.434517968879785,3.58397799807649,57.71380208044994
1.3905648063042784,2.1743829202711678,4.169235410684555,12.606185091549175
4.854783022659935,2.2269324132692527,3.279098564439928,35.45123197942814
3.402902719245668,3.875673002933462,1.685875534055695,22.234233882332422
2.0396357419541387,1.5276192266470217,1.434783381589388,4.470479085009688
2.9843012940975417,1.7056590478305655,4.421830996547933,22.50800636603694
1.912915251779185,2.7377031013241537,3.77177354979809,19.75275551515248
2.107316928002445,2.1953832402018336,4.2404783849189505,19.61801463065571
4.695960087340403,3.1055364440545667,4.320686816907065,63.01062900270975
1.8265658940012948,1.5389999470998017,1.3770060509648667,3.870880798987088
4.457272370218059,4.561357582037665,2.7896747208430748,56.71747128800888
3.354294401532768,2.5176288047679387,3.6650823000937947,30.951136984663076
1.631853503654499,1.8799772202095615,3.5048602948300016,10.752376590487168
2.9702944150770967,2.849685386860622,1.7297611836505182,14.641398501317175
2.808466324303699,2.7007044683678134,1.8338594426146595,13.909525964163564
2.5068035923825343,1.0622436458265723,4.871537831962417,12.972107226962773
2.194281106903866,2.2979237732775433,3.6371387662523293,18.339511051365744
4.581900037911662,2.5723291136671764,1.6731869600931986,19.720440627134977
1.1224955003692605,4.692252091790217,4.269915201729967,22.489779405442018
2.185652470855792,2.1039336946933966,2.5148530646671268,11.564471036574886
3.7681469461948023,4.773835262187481,4.2986346959479755,77.32604509948217
3.4223816385556245,4.633009237325882,2.6467901000663585,41.96730728947218
2.796783030914964,1.1017712567239837,1.0893965498219762,3.3568830381597836
1.6305929692695296,3.699544161745806,2.3613155292463253,14.244519516484237
2.02358124310173,3.8169077891956955,2.477154016713001,19.133099190790976
4.773520886332072,3.6257413389797906,2.180949275159859,37.74689301112678
3.943594719817737,4.852516044594298,1.9837528858924984,37.96180273247044
2.8041257233703862,4.622688197832112,2.2785051474773543,29.53534828794295
4.047773618553784,2.4512033193580063,2.369146311834757,23.50647100527031
4.802248204745972,4.518144819429479,3.7572786551540998,81.52262500084932
4.063271334264933,4.510906457824925,3.892654360823046,71.34860542481884
3.980904550668591,4.373211928604078,4.922733371091188,85.70153538135203
3.0128738332295497,1.3384882753492091,1.2383425470008627,4.993859408517873
3.72398278376839,1.7337689673687002,3.5240214203042255,22.75293516889416
4.3353163853604055,4.868446148298027,4.011704841486685,84.67206279348235
3.577400045439973,4.197174690986634,2.1670977031385306,32.538913349843014
4.934256137408709,1.343859570209347,1.1248524307934553,7.458837224999572
2.7938269276685794,1.0942112789214904,3.5042417613421133,10.712596495728251
3.0882884188599844,1.3810030062829455,4.689156114616532,19.9989488036443
2.7588428942076613,1.0628383646791537,4.7694416045214565,13.9849760848171
1.9997352109321644,1.6052879543956537,3.8928708516622508,12.496702658183667
3.5791111425702025,2.366250939207552,1.0862397620569082,9.199446124328281
4.169790800357928,2.9850804324268436,3.702055291974548,46.080077974165114
4.4254026428493365,2.9888315047445486,4.806824664370291,63.57882598619645
3.0838829755335313,3.938768508815377,2.4050724791952445,29.213696646236667
2.6353919258077094,3.248026020211709,1.3056538439138916,11.17616390798894
3.7887051402498977,4.588724087797476,3.4744605045684906,60.40461651964329
3.1651999104415207,1.4544754199970393,4.706912615160192,21.66923934905476
1.6926032590794575,3.915516692447878,4.459487240809237,29.554878494566804
3.572217584218899,3.6682317544720586,1.5539813408789214,20.36293944725893
2.2866475756851075,3.9920896843001636,4.477251335707743,40.870598661345916
2.130658134209291,1.9992203026022173,4.854979809246805,20.680539018462788
3.893057141719202,2.948327629712702,2.96207471685953,33.99871710412052
3.891955987326449,2.7103051036549455,3.3016620447285456,34.82721287261128
2.490077490571901,2.6394547320262536,2.073727139392453,13.629461333727503
2.586738365290945,3.1871729277200513,3.1069018787292553,25.614487443881703
4.969046485596788,3.3219047083568936,3.759068018116517,62.049803981875066
3.1724979676154863,1.2944965227174001,3.4246957303831715,14.064497916180846
3.1097993870260208,1.9025597100795566,2.3762278271257964,14.059139709154199
4.943401686329059,3.6014948695688127,3.1810640177654923,56.634505265465336
4.561547619908136,2.422678239321432,1.4020501443715663,15.494283496826045
2.084471390687386,4.4711085981184056,3.1846480810676825,29.680595145889445
2.0490890782759634,1.5184046660319837,2.504150861226963,7.791280811131839
3.7887510555538833,1.9955601640608451,4.990034895876237,37.72806041983117
2.6437698250610313,4.304898680659386,1.742813136499088,19.83523730352124
1.6075725228795044,2.2277040136999573,3.053878094926487,10.936535289787493
3.394597929801797,4.1995237624145165,2.4232869398169132,34.545638711939496
1.1893185874567065,2.7984783982443147,4.191404968424415,13.950179285526758
2.970151027865581,1.0359268199692697,3.3440225611224603,10.289086278309988
3.0451022820518103,2.7369968949660475,4.735682997772949,39.469244449958275
3.125806699381537,4.955942911100035,3.7953727103720882,58.795331480130415
1.5067096927287351,1.6552020366364077,2.4379874983967955,6.080118847175386
1.4663637277580452,3.2929742295791704,2.493203189933422,12.038925173793714
2.4663918726788694,2.0802497321168434,4.462839917432029,22.8975420003615
2.7929178703882993,2.7383106186042143,4.038440870285958,30.885497680197872
2.400325265239426,3.4139567320750746,4.604989217453314,37.73607502706047
3.9597157602039466,3.7752718026392422,1.249156163335123,18.67363955290446
4.70550511018466,2.4343628394318553,4.633058583745087,53.071254187666604
4.786576464094564,1.5165988604691063,2.3735239494509583,17.230161358136776
1.8040695843402763,3.9335728858046037,1.6707197691805336,11.856161264008163
4.004704780582312,1.6928945166668288,1.1154416626697947,7.5621844527248125
4.724411982709835,2.9276801850210825,1.6585268367650028,22.94002564060959
1.9192352326912125,2.7170699842188832,4.256673109139069,22.197258122946636
4.033990169039811,1.169529159077328,1.8642931120945754,8.795490923052565
4.631161448138068,2.6136092630496837,1.308964568870909,15.843767955495071
3.345530997302384,1.2119810011784433,4.839100642364384,19.62119819330774
3.859997767399471,4.333839026569677,3.764898813739887,62.98152005472786
4.423892437216593,3.2155968415767986,3.843729652489865,54.678801468558994
3.73224404757084,2.9050119173607265,2.6203861259195924,28.410785663766504
1.6150485420295455,2.1160321403848936,1.300804882559186,4.445493691999504
4.28624897153907,1.602323770928412,3.914384285640976,26.883829277828237
2.278436770995959,2.95176502963245,3.932925009058619,26.450533117741163
1.8363629734884315,1.8956440163159822,4.1123864601928215,14.315589366846854
1.1961960643298397,1.501408593911608,3.529192705078212,6.3383561652203655
2.2476078358640055,3.7037404479667884,2.098959598348035,17.472906829129627
4.521852170341306,4.881403984098132,1.265381625517111,27.930752422909958
2.2536160839790935,1.7269848045016292,1.805348174630593,7.026344203633534
1.760033545570535,4.273416481636325,3.239118901071821,24.36256755344267
3.0222132591439292,4.347348149268524,3.095354512533197,40.66866571534662
2.2060778733218642,1.7327746722383033,2.4390657775955167,9.323660315792802
2.6910273587878843,4.134949807795634,1.6415747257580935,18.26623380614577
2.55167205912112,4.996099320742312,2.168012686386718,27.638708196829896
2.4902787009325817,3.180264006264628,4.574456205314833,36.22852079596391
4.298808685771768,3.3954535488611692,3.7827751053389367,55.214918248182435
4.519091101481267,2.5206458111458008,2.266611994887293,25.819040823866708
4.482234055727785,2.188462534430702,2.023689167221594,19.850774412961
2.9711184746491313,1.1929517888591512,1.3992430458272613,4.959478589741282
1.9970597295065864,1.1062445827665144,3.2761262807031297,7.237737781617857
2.8554401435738237,4.85407543057605,1.8912348655579754,26.213502166961465
1.245282774030422,2.4939549040258546,3.836448413836793,11.914777584925508
1.8959626456313705,3.2593215986388624,2.5731464463197393,15.900892271526889
1.4163543914904846,4.710001270721527,1.26102752708956,8.412353704528426
3.1324195452524006,4.907107971399807,3.1679139289701865,48.69438806722932
3.4230879221846218,2.3155286469842657,4.5645275295222945,36.17962350879004
4.475578497219116,1.7574790795892836,1.425189468774203,11.210163509817349
1.5642209526638617,2.1620663967651077,4.293705385037596,14.521095032847528
1.5094625740492158,3.4877088882086773,3.7757972659455032,19.87793404485329
1.616150262060727,1.4309498623815875,4.5714620399148,10.572100234893778
2.354441825409008,1.1516035948348766,2.572365553708586,6.974669955520347
1.593458795821323,2.198733958187344,4.9339258664201875,17.286463023195942
3.6018171382670467,1.1505131960787733,1.8630210964119946,7.720244190905149
1.3431284270546566,2.5345980459142026,1.4049735312429523,4.782938307364388
1.4341539906630505,4.677328403443721,4.789875735138633,32.130530476327024
2.4302543443376075,1.882624035676102,1.723190086306304,7.884034474398358
3.694996535587966,2.6989611023612787,1.986278279156596,19.808461900068576
3.226709796808071,4.935326536630984,1.4284040142891663,22.747143215898582
2.2377639456279717,3.5025666922931755,3.2512565588852893,25.48308055363404
4.77521820260399,3.082419421346029,3.2235334529681947,47.447915249394434
4.4161359207477915,4.525845556481131,2.851560710380423,56.99342855798326
3.0240426749870366,3.4826645023163536,3.959347008506676,41.69875814002315
4.839943801745894,4.652260559079333,1.4143888734761556,31.847341174520096
4.371584891592772,2.221874957061659,3.406517187717119,33.087893170946195
3.91577866189085,2.8095452956320504,1.7990254820893314,19.792082318006457
4.716405018854035,1.2120795451611635,2.9555229001344676,16.895713779156175
4.05835148585982,4.32456530152888,2.3358804897343877,40.99611817849326
2.0989829332298,4.9287092767083,2.532621218377079,26.200667165578317
4.705024284912641,3.90779681528037,4.1058949414541885,75.49212959500606
4.292469977839724,1.7966929431229905,4.874919085306994,37.59659723965764
4.132191103924132,1.0912527544102462,3.70322419915773,16.698818986624524
1.7830754450584836,1.4081687749246412,2.9353132811686304,7.370193478122212
3.4254472710125814,2.4536524569497167,3.196837875182268,26.868965553284042
4.392555402201506,1.7563409852971779,4.872727764418001,37.59224237992813
1.3412463808178727,4.521746292027104,2.2753404472710677,13.799429793221908
2.2111756577678907,4.0929898869525765,3.4555676599400886,31.273991740955573
2.3447750379130174,2.5559558633875015,1.6545499309036118,9.91595186543945
3.9713029381603437,4.607351985186828,3.349792600566846,61.29179326736998
3.9871823561222723,1.5630952177788489,3.8481381707195825,23.9829272784175
3.1272032082925887,3.7836145129312326,4.887208714113047,57.82609589857725
2.6903677498475154,3.755611010215306,3.259205387442559,32.93092891649821
2.6436339757301317,2.1700605641223842,1.105500713128638,6.342087163587576
2.402442981532082,3.861527802038367,1.7022746832603581,15.792173087103938
3.4311360409257197,2.749419601162539,4.359609900021226,41.12695844745888
4.499798588679992,4.119332639986265,3.6837263822471784,68.28216813932987
1.6866962960965828,1.9105967673533506,2.755726012201924,8.880592976608117
4.333918801405737,1.9761497068146188,1.8151034588422825,15.545403419688737
2.0367453282516585,1.5059674193270514,2.650398215397502,8.129492515386847
1.2028873179783552,1.3328640133346865,4.702643859820013,7.539679387049628
1.445847686031784,4.100584600424528,1.0197916799965068,6.046162079058819
1.2636542724410686,1.0016358108975405,1.877846365357168,2.376830277722191
2.429247799985124,4.405702881224068,3.1066454632704206,33.24900986122731
4.480825357399679,4.3006768879678,3.3274112921910057,64.1211523322049
3.2732843726782566,1.466613894982002,2.01462442943481,9.671495370833464
1.8423674945620596,4.187539749805074,1.2517315921615082,9.657093107752587
1.4457898670146627,1.810548482930543,2.3193903841121415,6.071404773997745
4.8008096039921675,3.3558641664486655,1.1671564149641807,18.80389934197595
4.101107217456613,2.491382692037731,2.021666206271903,20.656227972169564
2.475943044111297,1.452217478195557,4.029336778897861,14.487914604666923
2.179630545594426,4.067048721056316,4.164918193674056,36.92059880354643
3.8619985554056115,2.7627110146952654,2.8008797012624513,29.884226701945675
4.433285077286808,2.450311109721663,4.823026512872172,52.39218819570183
3.2795900617871077,2.0495030907458665,1.9852963809953197,13.344229120246018
2.4220934845821183,3.983026943670536,3.1310040315215866,30.205621253492296
4.810735009463009,1.5569229236957605,2.42022920060927,18.127380250502252
2.0744144148270185,1.0658411958218155,2.9165032387754395,6.448377988074176
3.368016840696228,1.1150483684062924,4.7336608848158495,17.777271419597877
3.226921761323029,4.773402043925372,2.130718606339525,32.82030018046216
3.5093549292862622,3.318915646824014,3.914385764547692,45.59184128083249
1.8916209414054541,2.641969447327963,3.5363773292468883,17.673416078738867
1.4704237492933432,1.5234136658195014,3.0206970184313917,6.766553540982004
3.5451270797714676,3.135049881659607,4.551111064857406,50.581732096914024
3.5028848045965315,3.829125261781743,1.798876115234961,24.128297800753842
3.218757286942155,3.9831550244902814,3.3420592996462606,42.84790481670259
1.346146784934625,1.0044853214772633,1.319071478544855,1.7836282530549576
1.69239073883573,2.443946881627447,3.301572195401531,13.655675904566866
3.435781413338068,2.151733051579977,2.1736240045870576,16.06935104949969
1.8595110896792635,2.1976493282401606,3.8345444517966207,15.670070272322903
3.0491713203903354,3.9967703760923325,1.8014026614063305,21.953401695713286
2.0219212758333067,1.659329579092597,1.1109299637397805,3.7272075551021553
4.508807525093101,2.916058192248747,2.006567804501745,26.382243374794292
3.6896069815838435,1.6284680253127228,4.705759832086174,28.274120294154777
4.269267488134288,3.082414623202451,2.474227756042091,32.55997756391617
3.2786984229482314,4.880806245814329,1.5461590134252927,24.74270607420849
3.0874547365966936,3.0159459613405555,4.557157950269591,42.434416674361394
4.239458413090942,3.48300803598259,2.5909607367763052,38.258301701716235
1.2167848768458311,4.357138666828123,2.351210674375615,12.465414657739359
3.164205947972001,1.6834150369566814,3.0270130614219934,16.123905333007446
4.7907111714565636,2.212753586727776,4.20310264573599,44.55567607886491
4.092504887116189,4.764314538124695,3.8245828016586167,74.57164100606727
4.561686230569886,3.828736524482142,2.23687391569525,39.06810948382382
4.833649407189387,3.664235394894704,3.6536288440488107,64.71171948220137
2.5102188427741896,4.676824462184802,4.38809222316028,51.51555716468644
4.067715456663501,1.54793358315239,1.6779343087592942,10.565202913163509
1.3198821615713916,2.7924805681165914,4.340495810518248,15.997961982902128
4.84978868056956,3.648624924029818,4.744079995486171,83.94677948274676
1.5427657392129244,3.4724031994426787,3.3663183416801012,18.03371977232071
1.8773908599664368,1.0265223945189894,2.1007284680244913,4.048489789890927
1.4132249899252005,3.964876592557602,3.601910080789541,20.182448341667502
2.375020741218175,4.528604145847978,4.32617597002467,46.53031013198687
4.930913374298309,3.746668570702397,1.1776780256267814,21.75701052262503
4.84038694591913,2.7321229208700695,2.9457940372179334,38.95674786652605
3.6198838660144936,4.974977330239577,2.5491787333803493,45.90775237808987
1.7568356703819323,4.765288950550707,1.7509421413924464,14.658589261211848
1.3976111840355703,2.454966867528855,3.3226469877601787,11.400298030629168
1.0393370390223442,3.201370465177524,1.5429016757727494,5.133701220354229
1.5681682683468954,4.940482433268088,1.6712351922390045,12.94790765771855
1.0897912104521148,3.6733740921626503,2.5713183717360177,10.293529471707183
3.829769703561365,2.240933288350076,4.507062515509499,38.68077520257917
3.9473099581980127,1.1585537408508317,1.6648201773047582,7.613506886198421
3.804905313133411,2.354560739549713,4.9414434721387295,44.269802394598166
3.240280784470179,3.83848630661304,1.449668769661673,18.03065169221851
4.5521102700301865,1.883576663797804,2.8399058918336744,24.350059332062944
4.700673347567908,3.3989778551746612,4.33206502369147,69.21550225764948
4.462773758191396,3.3354260933994526,3.026052272700437,45.043550771442945
3.7348177413204957,2.0007204287171563,4.00488845864058,29.925832767726618
4.657482864341418,2.966941188126515,2.268314843785352,31.34465818343624
1.4762801878727005,2.266955685933514,1.309808768652525,4.383486926727968
3.062216375739881,1.1073547902748895,3.3078389699779716,11.21674954278263
2.942655503734727,3.8818034558505983,4.028904287285761,46.02140940573206
1.836875583815599,1.3856675356584223,2.4834129418382425,6.321028138553675
1.176127880722332,1.7656430962292902,4.207696515855341,8.737795460806193
1.358916568822437,4.971671050969487,4.239668605689927,28.64356641489078
3.2886708810230134,3.6274992280288814,2.9950141346575214,35.72947361257776
1.0375837043008138,4.328612862939382,4.239479324216223,19.040765725572026
4.878909453582999,3.874833252925438,2.338229554870473,44.20413758229004
1.75536602786618,4.624698271679257,4.219130636127369,34.25106382354266
1.8732481275749993,3.404428220070548,3.193438655614573,20.365640207818778
2.8798285385226374,3.4037123319722373,1.6945875359591862,16.6105298913197
4.0531095921319285,2.537725046967409,2.8009207411442145,28.809368090841946
1.336064149553441,3.255152545845756,3.4929980214226855,15.191371909071632
1.9091348467858538,1.2213666730039332,2.384883579243337,5.560961053053962
3.8338276278529477,4.7423569508951715,1.7320276915719361,31.490652071270702
2.8150236655766636,4.882636933585519,2.173422323893376,29.873121532102278
2.45946350068479,2.09161390564174,4.643142997078337,23.885479347828827
2.944851584236435,4.1489679919379245,1.7127328426371893,20.926332519310826
3.2890215410456896,2.048373404403965,1.6968080200561664,11.43164039769404
3.3926953967496036,4.9479421082530965,3.0586888494129494,51.34578276511803
4.7324515329529575,3.9626326624272536,2.1315966225591403,39.97376115817645
2.5296061402791303,3.1295243470997876,1.8040191804441563,14.281452905552047
4.392514304958869,2.8226961731242755,2.937988991721184,36.42734200251171
4.565840860710839,3.3657417676226875,4.205460710786468,64.62717056710216
3.0836258358928275,4.044507177349692,1.589024162130141,19.81790704973623
2.363393673650872,4.087501102202813,3.5484221297261733,34.2790857558974
4.29660961313785,1.3446879102433313,2.2662651697367755,13.093571382534579
1.8316136977096868,1.5457768068523632,4.79102908849681,13.56467763407103
4.979659068450219,4.59171031466604,2.651828192190433,60.63445444867785
3.9387912441010684,1.6610962096823636,4.870756559077593,31.867953522267207
4.876845650171415,3.9443487575949323,3.7147189911247542,71.45626052066437
2.3648284249452334,1.3960620790595772,3.055624970596333,10.087984770939897
1.4961388547998942,1.3904896191773135,3.4994606258068037,7.280157317076635
2.909054516597335,3.2206379398477925,1.4110743836234376,13.220371909144054
3.6422114238600027,2.3583819387119527,2.9843313479495173,25.634587494758698
2.5301454442717297,4.259963536161747,2.4488507020892945,26.394514458683545
2.7100742797470048,4.0050146996232066,3.164624814289072,34.348481167969794
1.139988148542904,2.509905628795911,1.9754689385946462,5.6523355313029695
1.5827728247611752,3.3416615799005642,1.7298638163906652,9.149407381590834
4.750250924234633,4.85797762928417,3.5504628499981483,81.93265617829127
3.0677187369921177,3.931254833129465,2.8096652894636893,33.8845187495148
1.7540160651188543,2.4969581158181473,3.1959714986436545,13.997411230917406
3.003987171337567,2.4545390157051,2.696941495358143,19.88563844027151
1.7777208243332252,4.5075384347410665,2.58430306864599,20.708395062913045
1.3676944892038505,3.7687716810372476,4.052534789136814,20.888905092086688
3.570581335038951,4.153329282774511,1.9050635216893834,28.251711043183146
1.9826555364973943,4.3408354548605885,3.3898402619352144,29.17425834065872
4.109242732521302,3.3349503088163486,3.9763426088790252,54.49227754491806
1.2149508998325267,2.688619330391743,1.0003170637590357,3.2675761763685456
4.507858264101048,4.814767301380508,4.142620455796029,89.91262980548171
3.4936438111101737,4.466738496191494,4.292924378265651,66.99191475828411
2.779435447806203,3.4114099340133244,1.9534455352264737,18.522167564505185
2.2705267746060755,2.543945861245172,3.866089307086403,22.330907587224686
4.731473761790642,3.997425630886731,3.882189316856439,73.42662032447471
2.548121158820847,4.054524959369958,3.4690944668163293,35.84067486324104
3.022330286524708,4.409038552404246,3.330996434960701,44.38742866668472
1.012183838734607,3.1221737556222693,2.1597309868944743,6.8252117061372575
1.1196037809606314,1.7242910211772329,4.4034095426035,8.500882285412786
2.8174147597218466,1.6985070792689339,3.3942208031072325,16.2427005471847
2.8482637561479556,2.0591118865914013,4.19501594260509,24.60332280991615
3.969371541824687,4.04196149243835,3.370064994218606,54.06948089485834
2.379955048236681,3.949839502970244,4.802616144900226,45.14670714551165
2.230594417521625,2.176701416315709,2.0670316445479044,10.036137348532913
2.0025361550193597,1.5177826866190518,2.3624072333553086,7.18033528524378
2.92032784999393,4.7426581293879995,1.8272682056264986,25.30787774075088
1.2761547733774576,1.1356538821870306,1.176332718173887,1.7048238627540406
3.7401524166101825,1.4200899214121834,4.952869373915409,26.306436376339356
4.991232035803375,3.4991562597294266,3.7455775438917853,65.41688944010271
2.1832699646952802,2.4268168346104937,1.0070932565604958,5.335979189171249
2.633724593610578,3.605552898097688,1.5712272321243184,14.92042618298555
3.8009279854272937,4.443217100078464,3.409369879382035,57.57862573725169
4.711614402299197,1.086230662649621,3.0994236922906295,15.86254062126717
1.8131171074408887,1.7949808936320135,1.625512917668794,5.2902489653547855
2.335204012424661,4.421401506780311,1.5277015213559282,15.773326541304941
2.3623255895591893,3.5670469664741087,1.0149293626077753,8.552328995136858
3.3660603262301962,2.884963383505808,2.0137761572970834,19.555701299010632
3.650379105575966,2.6653959388668422,2.7595076576403383,26.849197229346046
3.421597573281661,1.9643330444533649,2.218077061844282,14.908044565613126
2.268145205181217,3.1340462790285883,3.8474639123267647,27.34958964797201
4.9198877804917,3.9042710064595183,4.054673664682559,77.88450406604447
3.6748252474770235,2.1480434088395715,1.104002066785077,8.714643617782823
3.992488264642931,1.3548554403468303,4.510653986675139,24.399230024674473
1.4738349012958976,1.4573540685818878,2.9820673249046723,6.4051802893628285
2.2549921781577136,3.821600661771677,4.360621924582858,37.57844260426204
4.114844176780673,4.587112811704069,3.6367677779317176,68.6449171530243
3.1715545244409875,1.6162269590848388,2.129026342763084,10.913286679229731
2.775638531524354,3.2369955612346586,1.9895546567993443,17.875610627971255
1.5960041569019188,2.3819045064179756,4.863753353577548,18.489701823155308
2.9818246023146218,3.0655736077642355,2.479333769751473,22.663596940947933
4.5557910886776485,3.007204314315359,2.2940731504039173,31.429248626147082
3.1623974399981734,3.763732112950321,4.632074789465207,55.13288478758157
3.7691150593618663,4.385922500047126,2.49600662425821,41.26160168004847
4.978799621405938,3.6694998175082407,1.0417107625806188,19.03174760072466
4.940436608982818,3.4219756178691227,4.755009693547168,80.38844883116028
2.667036286763082,2.805476229843584,1.4737969722417903,11.027401264395944
3.483531092772898,1.2251895142058773,3.04357988687136,12.98995563873293
1.2584891359151795,2.3674970966568543,2.8643436851412525,8.534224290651643
3.1639662834042728,4.522861874380624,2.402936411095556,34.386458518682986
1.4366240016526053,2.636732384692306,4.57623825296474,17.334758604859864
2.5595915262646884,2.2373236275228723,1.4830627421129687,8.49295841075906
4.4734042048798806,2.4575426812433503,3.676455683949372,40.41741616302062
3.884906188981299,3.179682988429472,3.87170466955543,47.826277758445634
4.599589733580137,4.876996396813549,1.199493212426551,26.90725071762363
2.417822929559166,2.7749226206568105,2.05949565070229,13.817715555962147
3.608998693932488,1.9388000598533859,3.2046601527827083,22.423413708501254
4.921558625966831,3.794253576318925,1.7494664258830244,32.6689087091362
1.6642333455861849,2.3423094779586093,2.0445178818753784,7.969836438507941
4.560794575757027,2.8974690392518907,1.8249735115255223,24.116588927838674
1.2801787094777577,1.9861402585902828,2.93184305107731,7.454546574479711
2.2050712181631638,2.916372089615596,2.601991781081685,16.73290996831645
3.445786414895202,1.0585321633928837,3.809226319198616,13.89406061924902
2.5267455658186995,4.799742566698402,2.4380362874000068,29.567841551073677
3.556527176455968,4.806441174781016,1.1646563871628062,19.90891423922398
1.96380456160224,3.2911852415416054,4.72417674879379,30.533509815817002
1.4587171033096613,2.923116683500272,2.8696810023798447,12.236320658471646
4.538332914516973,1.8148178521554357,1.8410720360993755,15.163525124555951
1.6910093439115572,2.2824324302703958,4.957607020676187,19.134452271657292
4.281680850836342,1.2310775176102893,1.8936617739149249,9.981644659489316
4.25473647103463,1.9721392737057584,2.023790040905139,16.98148642436695
4.542770375541089,1.6798444171488138,3.729746214737566,28.46224332969739
4.215488492561767,3.5768350638969784,3.9108538927105516,58.968273657648474
4.31112300118121,4.183772481463612,3.0038375327289977,54.1794899779328
2.283863294634974,2.743522532936052,3.36398991997765,21.07819034281477
1.4254293984509538,2.656203682704149,2.181573376429307,8.259940348692728
4.876147772438863,3.158888195537164,4.759733514604568,73.31515410778195
1.0264564748382163,2.354044474521381,2.3342375185773814,5.6402745881824785
2.9125560670136004,3.3096960333276675,1.6898383670771455,16.289493103620554
3.057544277186282,1.3820546482071951,3.4471665713815334,14.566668617053399
4.49656076408991,1.9731083045609412,3.128591466241494,27.757493541728742
4.405022772370326,2.9807469111428593,2.441236748321122,32.05406839887152
2.475683600613802,2.215293733461817,4.340040848679555,23.80237405962118
4.3721205691562375,4.836962607203652,3.771278910818464,79.75419070549356
4.560026746191227,3.8196751867569536,4.5146099215921165,78.63466755949698
3.3442905293314102,2.8610492938740393,3.5343051323261916,33.8168678840782
4.4210948422628435,2.717784534533961,2.10336016970031,25.273099093380527
3.5322746243925325,1.465730179631922,3.256851073347074,16.861895422606395
4.553229515092264,2.499395978613037,2.53222595299451,28.817550620762937
1.0608060785092306,3.0934893281095457,4.689624562206069,15.38943577379364
1.824152878145914,1.3380109798638364,1.687282309583007,4.118211653633349
1.4004381430910353,2.0428843745531906,4.868241129462653,13.927712673123558
2.8153303946576957,2.3163242388738783,1.1951144302544012,7.7936017747714486
4.343811776198324,2.30801584631206,4.114452235519423,41.24979642879595
4.429200716120258,1.6239526303500589,2.4639769489039383,17.722923343507237
4.0987965884304804,4.790606654686737,1.951099760539663,38.31125290730495
3.9272356345067583,3.036740363981074,4.726048645095686,56.36283237019697
1.92199625499827,4.930764802184607,4.743674590838685,44.955384206639124
1.3693965174932794,2.6198124964288803,3.4051919067876923,12.216337458988761
4.088889035028352,2.9298690311787063,4.968752038082632,59.52519902695972
3.952981989497296,1.3649002276639535,3.797424946569443,20.48872535590673
1.09422402402335,1.0946961312498558,2.831252759518641,3.391395749444625
2.554597434538884,3.2669336640746875,4.361574051386828,36.40039011797614
1.0737854328312393,1.174699530041043,2.7657306887633815,3.4886242204737523
3.0156930821567385,4.665812242110691,3.3335332913427056,46.90500587795593
2.9114238515132858,4.3539069209850165,4.141583070759854,52.49899052540585
4.918121552892229,2.4041753166659268,1.1719922250722274,13.857667058868735
3.6428236380367216,2.8578138299671676,4.844631776154539,50.43509614108358
1.7288946994598335,2.0062655232419364,4.539338196648932,15.745247557392734
3.240816990965003,1.3122211945630213,3.2528501712182596,13.833294249596541
2.6472600763304963,3.1752802233989854,2.5765241410086372,21.65772747206803
3.8938090818088797,3.8903958510613568,3.2080133718127573,48.59645806134856
1.3141743987171601,3.19843249939585,4.634264798944885,19.479196455494993
1.7808664803428247,3.8253912398336047,4.517838007328235,30.77782127120956
3.7308297467008535,3.8116088109860544,4.766829343007617,67.78652284892046
3.21158434152462,1.2920105146568868,1.1912956729553041,4.943163144485986
4.600417977316574,2.5096170510535973,1.630657106111339,18.826404937397186
4.299779646089702,4.186365093766342,4.6692382721181565,84.04837801467677
4.172720719933009,2.27091528910596,1.80007866330108,17.057356909320596
3.3912133304306393,3.0270393821850186,1.0744541702664412,11.029633401669654
4.76922044977562,4.240373126345121,3.1280581845804143,63.259578470550046
2.370940971000987,1.3439868228097382,2.6777564843235857,8.532706979979043
2.0018136054703284,4.85620213613411,2.1050961927273617,20.464085332140655
2.2792004771659062,2.991001725981839,1.8778960364114763,12.80179110026822
2.945914267627456,4.898983544467766,2.614142812449093,37.727271217836005
1.1493036230130245,3.5538996593632715,4.465663604183074,18.24004655084652
2.392417063883947,2.5818725462955685,2.720714101172905,16.80562229027957
1.3582294562840338,3.522161034279626,4.372122149280173,20.91580768278008
4.9434296741627035,1.5682171099849453,1.1982197907943508,9.289044354220586
2.151934511866502,3.50042561342027,1.8485101933705792,13.92424811836123
3.270662734869171,2.487993087820052,1.067366883586407,8.685576630961714
4.93021613796269,4.92555170529193,3.384212277426833,82.18232771998495
2.193514870147409,4.173541987362376,1.5607684830129291,14.288408452058205
4.0712829024791555,2.759945967907524,4.267610689653808,47.95309641250147
2.8022037638822423,1.3616329078982425,4.1674368718446235,15.901159022049862
2.2449115700232936,3.659136589959329,4.120085349795271,33.84418593703984
2.1781884994751506,1.5043912883005834,2.0365106266690347,6.673335372556324
2.7906894710342214,1.2943704562346765,3.492091018810353,12.614082302253745
1.1805979046669055,3.915606407388251,1.7178643945001544,7.941269173832336
2.9867796107632767,1.0143671753989891,4.996150483995415,15.136793141793195
3.2038691989406556,3.4828307234868587,3.9725821308198084,44.32819309276399
2.011428208999929,3.0003992929741465,4.003636050259713,24.16229498708243
2.047838389175334,2.207724696084685,3.339133920294252,15.096436105898226
3.7624443785655144,3.403277951784764,1.3139190354701222,16.824265491900967
4.396081109943942,2.0790682639268736,3.0603743789068325,27.971065057911126
3.9360684633921488,4.0120205796739175,2.008254812908771,31.713531958085046
4.403719742692424,3.1512316242590233,1.823119732129185,25.299689432315734
2.1278104318820157,2.156880025065394,2.2803122765750645,10.46533771629627
2.077759106959983,4.143409003339739,4.634893359071248,39.90182376682208
3.160646553695604,3.8748749514476897,2.859315784174499,35.01835539471343
4.360321516432921,4.675671802380544,2.27418627262295,46.36481881555218
3.6287482167483334,4.257844382113569,4.671884156388558,72.18362455691053
4.675138194779405,1.8114106030330492,3.682256605443031,31.183539497077632
4.8939349267455174,2.8425542660075784,3.240866242994949,45.084583500654425
3.601200176014867,1.0157612548562187,1.5583521629816781,5.700389269996066
2.170830541163609,3.0917622189975793,4.701449228435537,31.55467847445492
4.746771619363137,2.7694970380765276,3.5900555586617124,47.19548046911295
2.908117290563904,2.366763826115802,1.5626459334252214,10.75542131794177
1.2086396071570342,2.5776198430315884,1.79555940939346,5.593909906434726
3.403639655742868,4.70982166228718,3.981241235371654,63.821430077363246
4.847805141121202,3.559008339718474,1.7667281140708426,30.4820296123071
2.673874028803656,4.444402613438889,1.0932855522939682,12.992357023293781
1.7449497824679336,2.640057324727852,2.585071052285885,11.908821191206405
4.092356668775228,1.21380731915432,1.8624266512390277,9.251292391008151
4.897883898194886,2.401943427542016,4.359978968217265,51.29271113911334
3.5578781919286864,4.722166681297577,2.396921601345449,40.27042540066264
3.8101047100852656,1.516376248822779,1.808878708185003,10.450891319009845
2.163551104889686,1.6659569931510196,1.5350452626658657,5.532891192096552
1.6369440981796024,1.5126117110689545,1.7169317113989275,4.251227329658358
2.7597946122817802,4.898808370076146,3.6131237597178574,48.84836716598539
4.53176368603471,4.845187676659307,4.311276260747471,94.6637515562508
4.610673058292047,3.8989725631570824,3.634778967282398,65.34201349805073
3.4597017391245313,4.359345869109115,4.853993032144045,73.20810000777188
4.837015069455109,4.56713339143522,3.7117307746911745,81.99693222403234
3.6062753099534053,1.534999636202612,1.4355261958020664,7.946543725409754
2.75246127717823,3.1232559232065364,3.276624830351356,28.167967316746026
3.975210353456017,2.343969976893715,1.375383894199821,12.815515904751171
3.9950006052426885,2.4479529651577963,2.523699134798744,24.680701376012873
3.7396477078050228,3.7873607952401604,2.110782643611595,29.895848586627963
1.0882988918765482,2.665152434991223,4.858629440057556,14.092369381531205
2.3831238471823264,2.7910165152707513,4.807225352764389,31.974480737539537
1.3049430683848935,1.1498708000555697,2.4212233255929783,3.6330841703110397
2.972761121223464,3.986852314121167,4.607156871273649,54.60383690408339
2.338686450697005,2.9846277746541228,1.78891479887348,12.486819459506478
2.3691084842841774,1.5284863922981144,2.790665207180803,10.105417538532842
1.42389248316328,4.74695279334539,2.4920467233113723,16.844118607624353
1.4658586708315204,2.081157906296305,4.336962263742498,13.23069862098295
1.916068191111179,2.160739716789735,3.803999311328088,15.749031281698171
2.340457000249638,3.8812484995596925,4.971216242188743,45.158007462504635
4.032003466068765,4.011084310492016,1.9401374713077804,31.377272617662364
3.3953168560185913,1.9170012086725703,4.642604753062985,30.217908923823025
1.03867701107237,4.70504182399597,2.400846372174267,11.73298130563413
2.8751693288411326,1.9930180437168645,3.745295215303108,21.461531656678012
4.271126232045063,2.0749251277528935,4.30183396459272,38.12400179765269
4.813459916969313,2.3014722805406236,3.9048318675314673,43.25790147623467
1.6714604217156461,4.61953623647042,2.613965468836962,20.183399743296306
4.045468437761398,3.7523195991707192,3.8691499044798165,58.73327190454882
3.269880153452281,4.865012918892835,3.015356054530393,47.96831182591809
3.7198670920629824,3.6557016798808033,3.230775952499839,43.93443170313838
1.0523735512991674,4.641798488788525,1.3913690667244039,6.7967070466872315
1.0541833009781443,1.8619348453300613,4.754641641822131,9.332508662203196
2.3236154734717687,4.146666934615199,1.6099009922746808,15.51181375357379
4.963580109829846,3.170419906184374,4.042910988795795,63.62180723491567
4.640288243267609,4.547532079060845,3.4475413855945973,72.74953443000433
1.6235086518758797,3.8526838407562707,3.390037859292498,21.20423101389491
4.532363527196992,3.8255685214121495,3.33462287024476,57.81858323344259
1.777994032398586,3.743193271812152,4.380521115617373,29.154012031364864
1.435963485834288,4.903934628154646,1.18199363871602,8.323446801063447
2.8879508522906225,3.290456261550197,1.9228993621749453,18.272689551993892
1.240142982600985,1.8248628676636693,4.964585098980298,11.23530725821347
1.8471171393303374,3.09823552264331,3.4518991333170495,19.75454194529103
4.394029304705508,1.075839924236603,4.135314220543018,19.548755763920607
2.5623789133097183,1.9207668122822739,2.587154017608699,12.73327969320887
4.817555669223693,3.8788068227500627,1.7837217183945437,33.331280080562195
3.4280652649482777,3.715088773184038,3.2951096638392126,41.96508916976982
2.2021660951866844,1.639043983401455,1.1903625859612932,4.296550770474446
1.687738139620544,1.9084717037959495,4.401473311891298,14.177147662998621
3.8425596506855038,3.3720384128808734,4.857789041867097,62.943629548458105
1.94605310048805,4.127223930463792,4.425296739913944,35.54308475355108
3.440979710608914,2.649014287803099,1.6245661419517994,14.808252473548325
4.648781557455605,1.514253642602386,1.9952905316816447,14.045716820760791
1.866801068009119,3.2114478235838217,2.906310697569341,17.423722737067042
2.7266696027869406,2.5142281375181286,1.537682096102455,10.541532613717528
4.576525619040591,2.9850015548994007,1.6255885204250191,22.207060884331984
2.9971194345278134,4.38500264105743,4.262102497314251,56.014156280807995
3.0337461582134795,2.423501961555086,2.0912709818282393,15.375630236144934
4.749073091616167,1.685342432878342,2.3472363303247947,18.786843936494314
1.006276295204609,2.511665443015631,4.701496240420303,11.882699806941638
1.394120748281726,2.7189782069879644,4.149864348358285,15.730409120890732
1.6656976584807022,3.259134112743647,2.015000241152899,10.938896410601895
2.9581314969678316,4.950724079616912,1.092338034920596,15.997173458507202
2.796062352309092,2.9847321877385715,3.6241040685421897,30.24495072568222
1.960871313671221,3.156478308531736,4.449654844513724,27.54090624318881
4.2798475688092275,2.171184146555917,1.552897912358946,14.430051024954949
2.2715814052264136,1.1505435403079187,2.9983946666885517,7.836464312007398
2.575032758855322,3.4817940050514733,2.836619313334892,25.432373152065058
3.894468150201696,2.9839110450877864,3.0262191295706256,35.16692544331675
4.325549022692622,4.426687724822388,1.4884959742770048,28.50150472908562
1.715788672233598,3.2119341336418064,2.4245477097497306,13.36168291931208
4.651410992956313,4.822208136478027,1.3505431301354833,30.292779562065
1.5085966021593356,1.314079963832842,2.277505266863762,4.514964175657839
1.0941950123607533,4.400633519416166,4.257328941646456,20.499682767250768
4.581803086768732,2.6326088071826805,2.1130421792285654,25.48771584084447
4.336003174746924,1.7598816885441804,2.459967393889002,18.771648555791582
4.959563697801331,2.9499554742343927,3.706057799250128,54.22144928048194
3.7771543289691154,1.8603297764159419,3.6616132744927663,25.72925084682336
3.043843861328137,1.3747125229259725,2.375218947174879,9.938890565555976
4.859631994522578,3.792195412155256,1.1849370233901357,21.836818297531295
3.2033535995430333,1.2475750962265542,2.5096192791901024,10.029503157897246
4.991122372429169,3.2269837922163953,4.068275359167182,65.52474544061371
2.827866846646346,2.2687705568390877,1.5815665220739268,10.146984506346712
2.062296868450652,1.0610437059330313,2.671373701598739,5.845465505267499
1.901000457300226,1.0244431512590384,2.6284443607084564,5.11880838839949
4.308438528579801,2.2765765981744734,4.0746292201675764,39.96596129961455
4.868330187211784,2.9681173498258353,3.6460025654404453,52.68391778957075
4.26639939852733,2.0264050254198946,3.3904861463108755,29.312289240876126
3.0420339282276943,4.996111980661597,2.6564502995462758,40.37364056865588
1.7508908078814232,1.555839664562567,2.986687859035119,8.136052427008124
2.6694058557569895,1.6351776245175902,1.3934842445521833,6.082492852021599
1.3976816634491445,1.5501683972216407,2.533558935802314,5.4893150580447365
3.9520026104182886,3.119045241418993,4.290613036127003,52.888134050326016
3.2819673054101512,1.2144632251099865,4.018698236666705,16.017842360182215
4.457821725651833,2.824789213554835,1.2615004756702386,15.88532707540331
1.727840846730012,1.5624709052766614,4.430639140521499,11.961401148539803
4.416531129383009,2.8759367675540393,1.2912102175877136,16.400518672931767
1.9886856638792958,4.512888484741596,2.1268649687487136,19.088010409667373
4.435661264107477,3.7079835522285247,4.295664539896129,70.6523368766368
4.17689109468303,4.868762967397693,4.74501925829099,96.49610041190711
3.567937810737242,1.411535771771026,2.426860377386987,12.222328605693688
4.6285044605311985,4.704046387235779,2.130850194160481,46.394361353026426
4.87279084440166,4.439567735166683,1.9128758585181105,41.381406066678245
2.7459236603691703,3.781540102874405,1.56297306122041,16.229631622016793
3.1634109908231944,3.8582530795717873,2.813685045322615,34.341701817698905
3.7319079910203987,2.7179120136679913,1.367943517423576,13.875047763135749
1.6094509364085088,3.977892737035669,1.8549160814132457,11.875586752956664
1.284465471302016,4.814877053753667,1.7936632849611382,11.092988294709354
4.434598285960378,2.214723093778795,4.385991396547599,43.076607637105226
3.988632400432317,1.931410293773066,3.282134794935109,25.28453480733472
2.0196594656982643,1.4825232031265614,3.1042119991189447,9.294606797118304
1.127130038366377,4.255136089758436,1.592266341683767,7.636655392072872
1.9479636627333905,1.990587410423418,2.97593943832084,11.539478788886978
3.2979011691186306,4.346930541265847,2.7918700516116406,40.02354359375839
1.2410732612770246,2.556971125774325,2.075424663890462,6.586128748669881
2.658954630323885,3.787422497492982,4.206018838687269,42.3570684882615
4.2807111195200545,1.2026985998353705,1.509737250165701,7.77273921468564
3.2107356905601696,3.9996470492683858,2.840603278028677,36.478486248810626
1.5676691737056392,2.9548459692543543,4.3024808491064865,19.930041879085856
1.7728339692081678,4.399974545202951,1.7146905564844364,13.375313947888943
4.484693104479756,3.2275912544364456,4.396969329512152,63.645059251977294
4.038325278455322,3.303968332015651,2.95746561809563,39.45998156220326
1.3650836895793694,1.966472192471913,3.665651522919444,9.84007170752329
4.759743991503962,3.0974183508698125,1.9414490919160503,28.622625510220093
2.304458155919261,4.501657815826373,1.0673811862307834,11.072886548455383
4.694039307482224,4.977852504056905,2.4737905547894994,57.80317223781124
2.392189835790536,3.8817219668193927,1.3387014823478873,12.430935422307643
3.810425760126278,1.7786998585071503,1.2938325392220702,8.769084283144648
4.5061140801489294,2.3976949761764574,1.1733663498403537,12.677386907827234
3.4589380959581653,4.791929238303963,3.527150656549238,58.46247485263159
2.5785057757964185,2.026780896271107,1.5794634220373607,8.25438047876845
1.2155647026667782,3.9436618666059835,1.4352224522879298,6.880135182244943
3.9388037158124605,3.1136647893613896,1.4168041389114125,17.37584810169452
3.860183448284123,3.993279889646035,1.0135310526984798,15.623371309908686
4.015631094489199,1.59922285534766,4.035316593365834,25.914355343142194
1.0070828493037105,1.988569817952559,4.2807821012481755,8.572927788166655
4.289271085275074,1.6270629002941344,3.8886685551277242,27.138682845822125
4.032558750701792,2.7187847592242895,1.861678239787922,20.410805895288938
2.7363013352512775,3.4957060625145653,1.049863725998375,10.042266922418015
2.733522515880015,3.093423539684737,2.753451241486929,23.2830264673609
1.5961099043628724,1.0038884481432895,2.159681436654344,3.4604927578673523
2.2065786169889248,1.3792092969688752,3.0040174355537537,9.142227626312787
1.5574684765545928,3.0769625221199077,2.4846059490062262,11.906907847782103
1.8343523762147633,3.4347441855777348,1.3894436207988252,8.754232825828115
3.5995622291334324,1.31859409654747,2.3211052038368445,11.0168043896851
3.4619556767560584,3.7999602840007944,4.770175198444223,62.75305753264795
2.344276272672356,1.461674407591389,4.238251375009204,14.522659216514255
4.667291606188792,2.3362471145442893,2.205904997681877,24.053070184017216
3.505130850584597,4.57987015615098,1.4002757082901085,22.478687803755893
1.7348080937492094,4.325109763832659,3.3116797876795614,24.848313098016753
1.4534685656939845,4.192101201540101,1.8932288569090838,11.535608743114842
2.6868524937751883,4.119735367048968,1.6678042525295034,18.46112748359087
4.9940877988230445,2.6501899453715887,4.064544494910715,53.79538962759645
2.517479396361793,3.833573532438147,4.498963517430248,43.4192376870182
1.8321143750416904,3.512566824249827,4.95387444875905,31.88028337261028
1.786205694310123,1.6838798014198662,2.6507580741965495,7.97283268002739
2.394828067508404,4.748599168790122,4.756925976361239,54.09613595849617
4.907575727027552,2.926399015760554,2.381472003032308,34.2015691780991
3.8463188185398023,3.3213072105538006,1.1360976296632272,14.513427300104478
1.0273902059101627,2.2065298963252014,3.0918153876721632,7.009044086321666
2.2544717694451877,4.264437521968849,2.0088319437504487,19.31301879587649
4.629879901442451,2.0114709364988657,1.3174452648416266,12.269194983320764
3.348382598629999,3.019450394012234,1.0615280404846534,10.732340575891762
2.5640157150282987,4.535639062950155,3.7643045058728273,43.77679041509054
2.9194619509767623,4.191619617542733,2.3643214449881107,28.932849314202308
3.831923558882917,3.3758211560974316,3.560087639950752,46.05289718294688
1.690139718485662,2.966159111908779,3.627505105935932,18.185493213659374
2.7913324947600975,3.5621689313760747,3.205454863366331,31.87247203383385
3.6457632450659934,4.9159989336761125,1.0821993306061484,19.395791336032808
3.36512359867363,1.3125976094512173,4.740133358555685,20.937421177775384
2.75807042036818,1.603761137175049,3.061119196134818,13.540206155328827
4.100274387506175,1.0671526571892502,3.7122717494871518,16.2434857156131
4.694725436184697,1.8876074508866774,3.9047789943446745,34.603365467450885
1.1096397114191947,4.764214752490049,4.513233718824242,23.859489347422375
3.2627910633051442,1.9609707953136724,3.807194418089121,24.35933594724447
1.6186044165423747,3.4768865970318985,2.163878250861014,12.177666291719698
1.02022135501245,2.767249437937507,3.774577270847314,10.656412864502613
2.2087562022563856,4.477947483637374,3.0554093470194257,30.2201197450924
1.1028750261853704,4.227727298024316,4.051807288912352,18.892178925199037
2.473942563054854,1.6483656464557597,2.034126597195437,8.295090828728696
4.489980157792419,3.7370990461343343,2.8327054360013677,47.53138246343334
4.080950641687359,4.324495584284151,4.326761543110538,76.35891715950206
4.843216858687758,4.631800795681608,1.566364699767763,35.137970628450844
2.535841043879369,2.5264444796928505,3.805579463097525,24.381059837425674
3.6491124677874276,3.027409574095931,3.0433884716087976,33.6214020456843
4.838589567922435,2.2582138073532687,1.5968613892282049,17.448217383056544
3.8021390183208497,2.447502093566705,1.611168118780931,14.99311677727987
3.1460500490752468,2.9762316928034687,4.733668067081041,44.32310385638839
3.60939968669792,3.5807578008881213,3.1788303110632796,41.08443023782303
1.0102407843327694,2.3859015700403075,3.8009244090263774,9.161501414640062
1.638234989853907,2.4394651345425626,2.3482786554384076,9.38470106794061
1.962962611435214,4.967686621209555,2.08982356420011,20.378670191693317
1.9444718482578356,3.6585018000686027,3.4926417635741043,24.846142731775547
4.179271839908731,3.9220537994556657,4.540113616202495,74.41849597452605
2.8633101443463502,2.7624041834747692,3.4048544006029324,26.93110419623061
2.9819390250173403,3.128940760839977,4.097923690516426,38.23490069073233
4.956559313818098,3.540053710692179,2.3331948112692595,40.939370537193376
3.093402992142292,4.15195343919655,1.8662283151078274,23.96921165116122
4.96203568274384,3.5446544560831756,4.79929823035638,84.4134258745321
1.7190391447345723,4.747376179821781,4.948353636657817,40.383145316514316
1.022617643515908,4.312970907985425,4.884414838302604,21.54281004808347
4.655102238674212,3.2395819936883177,3.215510439525416,48.49177975951678
3.8652427316875566,4.399739036077948,1.9603056552206035,33.33707427863999
3.349316881157984,1.8225353482353057,4.172226547103399,25.468307259438443
3.5315181706699015,4.320265836944818,4.250313570948096,64.84744772997112
3.263994611712092,3.970153948598831,4.816751547983577,62.41816921828751
2.8962625932765427,2.3419088326027984,3.143105207719162,21.319000408986465
2.8575695063892255,4.894408092665157,2.9489804227830536,41.244768465949655
4.048887399484873,1.8186805387905483,3.786401563373245,27.881670432502652
2.1593036344051986,2.043163044466415,2.741874208503221,12.096626372689322
4.416608967807035,4.5838351404937185,4.424859339433874,89.58131001970659
4.1652381312317726,1.9186746158995116,3.9600428314488876,31.64761951708241
1.7690345084878958,1.235510344661101,4.886127113000409,10.679414712728
3.4828419510590924,2.4570230538323568,2.4833740875508195,21.251282451483227
1.9237888892304786,4.287212516980887,3.227976315439228,26.623353806608975
4.447660404752697,4.897931242549335,4.750190445240119,103.47973927314918
3.701426719971701,2.43636383184458,4.186613627456081,37.754974579799786
4.35143019219143,2.7270277183946234,2.1851973255674713,25.9305801441265
1.9753784925248832,1.6962579717157835,2.1710112601510914,7.274519269253123
1.1175623756655861,2.204736537497379,1.1155602123944286,2.7486629463195205
2.210523219659577,3.154182781049197,4.365471234517171,30.4377866500334
4.601959921301094,4.129231752996807,4.45619750728334,84.67915619510494
1.003453798166745,4.4633968039805385,4.4298999756557205,19.84069127697952
3.8540386446540897,4.550275818435993,1.4065130603124678,24.665933527735916
3.331739477387178,4.447886216923103,2.0823746166610717,30.859121962397566
3.520523756826918,1.4067202544631217,1.9425056568867336,9.620049620899879
3.872993717389353,2.2840397189030828,3.575557655003964,31.629638602673417
3.8484223167356624,2.7345734346616988,1.7333878886032141,18.24181607841215
3.836863460679944,2.6467431672339505,3.320388704229819,33.71918529804793
4.174704781828151,2.4628343842020213,2.8540222246992912,29.343933401184632
3.0763460364258313,3.148047662078825,4.938550687770094,47.827314860690294
2.0811702222814907,3.190633694371441,4.406205907237865,29.258316860632494
2.5935315663971306,3.842844439979034,4.429155670492593,44.14334989166431
3.1878205622558187,3.490043205564891,1.2228458594900862,13.604932406480389
3.519257740039916,4.660696183328335,1.1797638467854714,19.350712088082606
2.0404040839572835,1.6222314461186644,4.083452264114175,13.516258305249705
4.369739181968264,4.441483364760016,2.2478978600711126,43.62748014920362
2.5057622325789657,3.1714961999922244,3.2972276613261036,26.203118997605245
3.3939529895032083,3.5842997099109306,3.6395883435228686,44.2753909869626
3.6726145396393766,2.351190554971259,4.919011648566483,42.47574732778659
1.7648843309926292,4.6108037238181225,2.3310348743353138,18.968878448274562
3.076784112766243,1.8278030284995412,4.470745821080952,25.142380592781045
4.012149728445404,1.8707133641569826,1.9632017450302217,14.734971907602016
3.102774613540854,3.1729884497544587,2.002051711347007,19.7103352596631
4.613728973039354,1.2143532568477418,1.8471403006275855,10.348967060016774
3.744231954584858,2.315932786700704,3.293748860723992,28.561379433537223
4.742030922528928,3.5638776401573757,2.265227769733815,38.28239002310669
3.3921904923585346,2.049862866168047,4.465315714745103,31.049685907735025
2.9836288325799023,3.6192206341599533,1.5155487219255868,16.36551804375155
1.3444544458211354,2.8349018797830148,2.56349199160038,9.770484239836204
3.2632548711208593,3.2469650852128744,1.3763836365569153,14.583713179949557
1.4472710566303104,1.9296458310411881,3.0111936809168016,8.409422505287296
3.436576724248507,1.2592310597082754,2.690182583175595,11.641614882652169
4.445284383062457,3.681501680988397,3.8252689117589855,62.60175720484456
1.5511314945966634,2.740124726118662,4.5980116532872914,19.542900246676947
4.146589523969704,2.770730493489772,4.5527969411038605,52.30745755891668
3.945135382056543,4.782868830792101,2.0161699052521653,38.04324109827594
1.8215189355221488,2.7273040731290075,4.945909647554201,24.57046805986674
2.7434659933987566,3.5514091818374784,2.8640131990046545,27.904568393809992
2.3251773801952336,4.54250342222117,4.102157400752882,43.32750418694382
3.254425971074754,4.1970077877272995,1.7429233412762848,23.806330475957278
3.337173777875889,4.078503624055179,4.050631809828095,55.13183451448469
1.763012233284162,4.282475918044957,2.9524364726532357,22.291064933625396
3.2651519939168208,3.438634868708285,3.3206567711928363,37.28322346033884
4.9905279655999655,2.4394898474813926,4.9187954983542,59.88310012846948
3.487130650765623,2.478551484046852,2.905381065026051,25.11130398539472
4.426051675610405,1.2458490417090071,1.1768335552581441,6.489286456544706
4.286440990844981,4.694075198048951,4.154935953289419,83.6009525293284
1.6963817205950633,2.793778261659879,2.044223077793516,9.68821581722171
3.989900309161189,4.083182547119172,4.2700598166028945,69.56564238303584
2.5012671864866287,1.4359598303224468,3.3912628691298536,12.180463975234439
1.2709020712927277,2.2798685333747586,2.262128677573145,6.5544944106488146
3.6825502429845938,2.9379602499311095,3.129443573405113,33.858032824028164
3.332296988741024,4.87677035451821,1.277630430509633,20.76257686230256
4.13047095004418,2.623922235773652,4.657920407159899,50.482702397284676
1.009405314728637,2.2566799405578677,2.1944348733844334,4.998713568192969
4.28890954562225,4.327714344860979,4.617740190343692,85.71068546020985
4.390678187639515,4.754275935162017,2.666127752358451,55.6540721597135
1.4378130109997107,2.475052107463182,1.7706311910740897,6.301078153500434
4.91053887565683,4.397908131098842,2.051627521647736,44.307150759506605
3.8756928424912487,3.2217079054487727,2.981142399209103,37.223588200513674
1.9251081420171716,2.2737472987221197,3.1254997847538806,13.680967155227432
4.145033657117752,2.667684753949196,1.9122951945292543,21.14547774707619
3.2754375475989215,4.56169029548394,2.360720550277983,35.27278087625733
2.785730906634921,2.7222257683873474,1.584092037987403,12.01278527702141
1.5618025343361621,3.6797648175977713,2.4675925790327002,14.181417456944642
1.5083126106468518,3.904674111261723,4.280875868673903,25.21208658820481
1.2551969177820848,3.808137652417959,1.2893584955497799,6.163085443200468
1.3722627892375203,4.511324911539166,4.151361882154932,25.69993275659852
4.418538024362309,4.321984617297402,4.949375334279997,94.51749504291433
3.0322659517696344,4.032780917774444,3.8977122565157996,47.663035055412905
3.0228333848878353,1.7553988408295407,2.985902189914381,15.844027756953885
2.3478616139742576,4.274803555771601,2.626851802647571,26.36478472648964
3.2356280609370147,2.71386742919533,1.9575885852069175,17.189713799327
1.218622411675066,4.549293057009217,3.951645003466832,21.90740806852295
2.391736062381364,3.6665344122832266,4.238151515739466,37.165972064287324
2.228101766196627,1.8665579580578595,1.951906829986502,8.117748391120788
1.5007590017141261,4.243606035927909,4.749360884551562,30.246922011407605
2.1453017018337297,3.2268349547309834,4.997060894727549,34.5923265418985
4.679256462264455,1.3647677705251482,4.1429574881266,26.45733422646306
1.1470350435597223,3.4872577819349933,1.6346864406014041,6.538757012000221
2.4795973244566367,2.0105855673514954,2.710155634584752,13.51132533539071
2.96474319772322,2.5228777925720616,1.5593014642047787,11.663083420223627
1.1934217907893339,4.758371584396744,1.4697086707450722,8.34609979175624
3.6249196955270993,4.576028596571189,1.7750904447377867,29.444732005385795
4.168663478534517,2.243587675837966,2.0297092575044577,18.983387625100818
1.584034162128479,4.537679449710208,2.77788593357617,19.966997587409235
2.322047695150478,1.1953285239439047,3.1368925274578103,8.706789778692746
2.3999466815735704,1.6972977053869638,1.3752366976535177,5.601922163969646
2.0600360891032676,1.9428622414302517,4.002363142981311,16.01892349791919
3.55446805799337,3.856259727514987,4.522589998234988,61.99092413354887
3.082866584365843,2.2004425981247557,3.5664688535310356,24.193751179224137
4.028436823914409,1.6484669046078473,2.4040585064005517,15.964738980863743
3.100062053520266,4.240700137834182,3.7532373401504677,49.34168539347356
1.1864305046919785,2.3177295485179683,1.2786164538863254,3.515971538879643
2.7423455935910517,2.329412352161582,1.3044954882848945,8.333187230058806
4.750920356630613,2.1115584044671096,2.8916625309205974,29.00871263895851
1.6243916662507707,4.745268086043373,3.027013770208954,23.332748638643064
1.4875176823083818,2.9015887339455513,4.024780559518364,17.371615166609114
2.3664114759081256,1.7686075299659056,4.438691412614588,18.5770472399987
4.971281007427262,1.6175765020998663,4.19119625560855,33.703200169518944
4.2430463056076455,3.606177130079495,4.403192895461549,67.37403187342271
3.38062796395753,3.7122517088099354,2.6963721349467593,33.83877445714339
4.2292497512387435,2.4919748238540316,4.193117369618937,44.19203508895864
3.1649924568223655,3.207354190833637,2.6770511841774374,27.175420706540795
3.2712938830913685,4.121656285421697,4.829296606913484,65.11412569063823
2.6683325287897066,3.328303749618319,4.63678775912535,41.17941020692746
2.728291327855414,3.9791478372725435,4.614679807329493,50.09823088726703
1.547808999071746,2.1497831882673872,4.910948677691595,16.34095466658678
4.714611874468152,4.758319496407309,3.389328749890083,76.03494576859796
3.014867619400656,3.2102814145478535,1.6867636861645532,16.325466289864302
3.1815758002362795,2.4224088281247065,4.801513833819291,37.00563830230686
2.9704508891035233,2.849200762149216,3.982310138514805,33.70392718147164
3.196806159790962,4.293141940271442,4.63260607235375,63.579472865584165
3.3134127770549515,1.542650698613572,1.534668798013053,7.844365233115544
1.791072150645046,2.046211129580717,3.3610001938265586,12.317769164393164
4.118825242415831,4.013634237233774,3.571881030837857,59.04840127852188
4.0353208946274695,1.486557010757506,4.337395180935201,26.01888240072721
4.702009361767233,1.9065840862342314,4.858063394373712,43.55145120513229
4.292127834127072,4.038210657065935,4.792760830438651,83.07060550919007
1.741014799490979,3.331179790728761,2.52760173558423,14.659163233817916
2.264942493166898,2.6020646940007244,1.7653221208798646,10.403973398470463
4.901237902995774,3.132103379695305,2.5074300731095938,38.49201991961723
2.429461266911979,2.1461722601389663,3.780988121915968,19.714232298870566
3.9798624295632137,4.257515298908598,1.6853031206989528,28.556324106379794
2.7374572404155466,3.042972127243938,4.1485441004012,34.55739758822951
1.0558922079891278,2.3048370311680673,2.365328804452846,5.7564048254498275
4.30828964726569,3.4802581152463277,1.7293999912772104,25.930554306575917
2.0488170931013014,1.9517662647561185,4.538539189134987,18.148765357626633
3.72619747218222,1.4026727991094812,2.7350316862512223,14.295014630357509
2.1072035696050517,3.3612354081955447,3.6789590358603164,26.057357733235772
1.9052151806750994,3.3587032889332233,3.9068337665209953,25.000034355185843
3.610737462743522,2.548332253096995,2.535465677401697,23.329729254946667
3.0936656236209035,1.9385480552636216,2.3901412206628057,14.334201484461587
1.9012588731921332,4.676112509253462,4.268901059136709,37.95266657493753
4.6755711578126675,2.1019876367002133,4.501395544830992,44.23968286156122
3.724188266817554,2.6663552051740327,3.822120757366992,37.95369264171217
1.3392751277862986,1.137289856295432,4.819066986333198,7.3401330507440585
3.6652980618300157,2.2587609217731424,2.8682829144819086,23.746606116404497
4.976400558078771,1.1608279463865583,3.15045257149857,18.19936063679843
2.4051108293550456,2.3782190246182853,3.216081334460428,18.395600366871836
2.7367490460963033,3.200504499146939,3.6225632171216255,31.72995020038581
4.631023516001475,3.067247235930188,4.758796380803355,67.59629501420807
3.444711359001638,4.633644661666182,3.617586685784356,57.74235732669728
4.4391427113178095,4.322117238358172,2.8579567997138664,54.834174522743254
4.258485769124594,3.403889370785786,3.856686968112403,55.90427598805898
4.698100009532265,3.124079525571945,4.750864420539063,69.72956803815443
3.836848888855756,2.7975768725391514,3.3926437781031527,36.41623022963057
4.813383043459142,1.8248223079992187,1.454660344261868,12.777109148486106
3.4027848899800177,3.0936474368609765,4.937520236713269,51.97735825053207
4.172700996588581,1.4942204168803666,3.5394621990477573,22.068316826152227
4.448080628918176,1.7580304532965232,1.2396120400765493,9.69359410064783
2.002598313826219,3.13213058663993,4.538427407474613,28.46682949049627
4.043352687383435,3.6128048072185033,1.6292814604450307,23.800289449056038
4.590724887921313,2.2563726882337676,1.1461963095622933,11.872744099992612
3.9147763623918057,2.3017718032840953,1.0007247101207146,9.01745215337611
2.3608277240061937,4.029119811618715,3.448042586184172,32.797980220145824
3.187136481374653,4.096854053011014,1.7249616298727704,22.523225936660886
1.082342879539624,4.7708629176767126,3.155097390043642,16.292006392287522
4.191730955580949,4.4613826214289105,1.3250570544207583,24.779780191497572
1.9664645455677836,3.395608304019868,3.6698482188481507,24.50483656473707
2.8331493573491637,3.5208998239376936,3.3065791011675167,32.98390382320172
2.7157855572092404,4.861578150564942,1.6738144265321027,22.09937811105362
4.379292792647277,4.145508513842612,1.2231558426712108,22.205654995132566
3.877749446701848,3.4331449336598556,1.3250007143705425,17.639570034030807
3.957824402661093,2.166918370394034,3.7795448670749017,32.41444414210062
3.8467094088018903,3.618106889831843,3.076403026410689,42.816779930776335
1.0803694386303673,1.5225568015021809,1.8617109215123118,3.062372672253175
3.794003596652675,4.785689043413679,1.9520277860687125,35.44281516654013
1.6684120453425728,4.539559426857723,1.0171876179710293,7.704032165425108
3.997818048590039,4.521020208829537,2.0583874097192574,37.203739043773744
3.7350529081419532,2.652058616359854,3.0865846281161797,30.574408638221996
2.7003606688232615,3.344070162353648,4.2974233975294585,38.80657359874404
1.4732596798891198,2.369691528423073,1.6859364282225764,5.885892336719849
1.202782687387058,3.99116567317671,4.903693884697784,23.54020688539905
4.275026821446988,3.855440541924211,3.356815770094211,55.32741256367359
3.858528887321104,1.4028264531971906,2.03812559103132,11.032060755035339
3.5660505988505964,1.228088547554012,2.9885200413230266,13.088002072973637
4.486742750053473,3.8030689558658004,1.5558868483460713,26.54870730317092
3.3431271266322864,3.0914592294913104,1.669413116446092,17.253620297949496
2.307032905221442,3.652773203104545,3.6973020237043457,31.15741547739318
4.423455988145379,2.4621670276983694,2.2574388747113905,24.58641575862249
3.650007425569052,4.387220440596092,4.765836342280456,76.31718261301785
2.646287886113944,4.831345727268847,2.064296536911139,26.392303033843046
3.3701451739542705,2.889885528922834,1.029387197282976,10.025545491441571
2.0575296950719575,4.312001754452147,1.8588966439441479,16.492264224288586
4.859846031990905,1.9861432821650262,4.0804425577518355,39.38586196164279
1.3616461114807206,1.2597614843633385,2.589933941473904,4.442641442384934
1.5990077964655978,2.1687452657301303,4.997255707864632,17.32968617459807
2.1833932641127958,3.940079716141917,1.4050798475649953,12.0875415428916
4.653439293328506,4.734114105071148,4.297347781049872,94.67019600959102
3.9162036804841622,3.3240502099428326,3.4976267191718415,45.530907274656016
4.3538866395681595,2.4498105893706845,3.8681407504148173,41.25835356739201
4.292696997031442,2.2055912662677986,3.375512847836561,31.959136253163834
1.7627597536763129,3.391355274743073,4.87137301895768,29.121772252991363
1.9534534055489439,1.5292721510447822,4.702985639086227,14.049520074334943
2.6884159337099507,4.818449953208631,4.477801692889384,58.00543251725451
1.99693517153612,4.522847243474013,1.6525261549283177,14.925339823142169
2.7728353457856247,2.000924326877766,4.188911032539279,23.241057347858234
2.632000283237292,4.761595030382861,2.310046456909479,28.950702194655424
4.725402343266573,3.40821030643162,4.875931058213039,78.52767406685778
2.3082843829847612,3.525124671527307,2.636407520079952,21.45242222623101
2.543951776313879,3.972265424111327,3.1075426936097537,31.402501030424656
3.991850935285645,1.3218877982370603,4.489314109748795,23.689118615067596
3.2892671360305203,1.6752938073457795,2.4346181194303362,13.415936034478037
3.407264723215253,3.906275529987406,4.101325151102144,54.58746811444171
1.9852213130582683,3.5128392126873074,2.7778018603036867,19.371732596872707
1.4701766218610515,2.8647556358300448,3.456212755975577,14.556520077072513
1.9034137090981016,2.070480080806226,1.226153998710633,4.8322485945559315
2.1560195539794336,1.8750873531365118,2.923837898158014,11.82027256326921
2.4804346645827784,3.525866428652973,3.0206658779903712,26.417781119901612
3.9053428977874742,3.969299121187921,4.31409132844877,66.87477513157472
3.946682240812982,3.037655390723256,2.0424500439289104,24.486240337005956
1.4647478648651182,2.671646350832485,4.635283087317607,18.139199017426673
1.5699438559202146,2.1084901206637228,4.622141121237412,15.300262892453091
1.5753603336398183,4.987005858024217,3.30725326677496,25.982877066946205
3.6668183866675594,2.2151138485789916,4.4750929416657526,36.34858525494022
2.6560581113643003,2.7957386970029123,2.2445939116478892,16.66755630778416
3.3824480338180063,2.4988592731567922,2.4137207886887406,20.401399620504588
4.627916537799997,4.94685405530041,1.5297381068113625,35.02125468453396
3.73152244542906,4.4626190147339475,4.271345909234386,71.12800265977154
3.5642927236628847,1.4255642541666305,3.972712499272436,20.18586190082504
2.045219905186467,1.037849116708664,3.744002900296364,7.947131648495506
4.305455987185409,1.2616381217698556,1.547685847342478,8.406917168565009
1.30461190776066,1.7989974489784202,4.996809303249545,11.727478925326944
1.8188855969562288,1.5269207530699656,3.600931042022862,10.000844773206953
1.9189379233884751,3.9318153298168825,3.4670276770493413,26.158410210387153
2.2637663229567395,2.774621824074464,1.1449228531160358,7.191369716759846
1.021211087220847,2.7390698857845823,2.2505956057630603,6.295295215781212
2.04858920653043,4.7514552712830795,4.985678655909549,48.52949910786066
1.5172545196855314,1.4099367425956797,4.3443580165058,9.293593577322039
4.949228630340599,1.6175991789428492,3.7598534515179156,30.100891067008217
2.673487743267951,4.259572614035298,4.896689793906395,55.763088012191304
2.1949713624088782,3.18536885221326,2.3273798659968903,16.27255920805494
2.0100904172478162,3.1895793548279485,2.318804189514358,14.866648768101113
3.924835696780876,1.855876137822575,3.201093154460286,23.316791073329256
2.2335127242175266,3.211623648663428,1.71402766599924,12.29506716976365
2.460207739714109,4.985901328660316,2.2440408593591057,27.526197413091563
2.7459519394066656,4.033491705995429,3.3778423818731076,37.41222008803109
1.1124566787896053,1.5078957736673178,1.918557146848678,3.2183196096877165
2.909651110006522,3.603330316921545,3.499711301932009,36.692492361372196
3.9154218223102664,3.622779342654947,1.361126316106339,19.30718110862201
3.9202714179975136,2.8494323890644333,1.872463614671919,20.91644534573807
2.3011514898873573,1.63316637031817,1.147601534369374,4.312873884902779
3.3161743401793964,1.7706912473867527,3.433475006854903,20.161093580153043
2.1253112100936287,4.380949783053189,3.4201929717437216,31.845012099022554
2.631842564456546,2.443964836771927,3.2031101660929537,20.602823181801767
1.8405936286269182,3.9909011040351836,1.1516403588945283,8.459520681074865
2.7714954065820763,1.6715481254906832,1.472525918886927,6.821753082961497
3.123983486961933,2.1842859792158156,1.9964819857089138,13.623340879453172
1.8530618022851266,2.482743696685415,4.006302867423765,18.431707497167583
1.3221198922375206,3.650797678665388,1.5118073487614634,7.297179969547145
3.0662391022255155,2.7288251930749086,2.0646759778607047,17.275619835518267
3.6069712128820015,2.6844510272727025,1.871205692337779,18.1183936729252
3.744378134870446,2.307947515391999,4.415473606366625,38.157764385531365
2.433526237707812,2.0708218782751078,1.4165712992785395,7.138668519379885
4.329437871394649,1.331899837977252,2.2259199375603704,12.835494866101932
2.141621966776054,1.9538124933961996,3.7992100279921623,15.897139966513494
2.13642090318946,2.198910575787275,1.2843299398739414,6.033523288620445
1.4675421257057253,1.4920691049316188,1.2954977974469206,2.8367181886659654
4.921471334271148,3.7354058757721518,3.440739488218971,63.25349823616338
1.7295769238439238,3.7576055478193964,4.305234877859862,27.980013557358706
4.191790531822619,3.826784862088622,4.334224466838452,69.52564380398098
3.2825316391889405,4.824928455602603,1.0755991698021532,17.03531847529422
3.4829689268776525,3.679513083991323,3.0089852448438563,38.56204078376499
4.861328836918823,3.9373959394818896,4.569808723077993,87.47060102592029
2.3135470143255326,2.2934806393589513,1.4528761074037675,7.7090700065372255
1.1625344685831474,1.254613616856835,1.2824951692677207,1.8705596983281145
4.126917650725757,4.9643269005020905,3.0158930855679587,61.787712426571915
1.9651777295598314,1.273328433112657,2.2827129107596624,5.712070590346744
2.303840089809767,3.9360548941329014,4.533398561017364,41.10904429625586
1.120442474351453,1.0260329332792861,2.489260777126027,2.8616812688809334
4.114734557510617,1.8307566662614776,4.733497093351877,35.65780149662671
3.7760459896025482,2.262436307822559,3.812316172514616,32.56885932260813
1.522437283741914,4.631284998095896,2.7221464224940664,19.193421475064387
1.9472999975017329,2.8941516308488904,2.4794064920221417,13.9733931482737
4.255755635206722,4.434313260216646,3.3522572208349453,63.261631524852355
1.6884389434790892,1.1442699589136094,2.413847163203642,4.663625039336226
2.024165511398394,2.5686174895227087,1.2241115399658606,6.364531618060256
4.886325143679873,3.887950256134998,1.6413059219475827,31.18118374377694
2.8625729295016757,1.956315867033577,2.3931061762133417,13.401626341239213
4.775352465790942,1.15093912883545,4.541958795955759,24.96324144796051
2.481329600203583,4.035428645756962,2.6380479283082803,26.41537682732548
1.9533268557565528,4.577503803877278,2.3006100370303857,20.570585119995545
4.0992345907305054,4.735243023114155,4.688239580317804,91.00281837949596
2.469014213314723,2.191149835657462,3.4739782575209466,18.794153198431736
2.1154434429082674,2.9821855978627045,1.958726586745537,12.356910626206261
3.6591401193328363,2.7567192145856394,4.114082608595167,41.49966408837654
1.0421889172627972,4.230349039974799,2.925066875630666,12.89610178323499
2.7715395229532453,1.75153674802133,2.5891483677938307,12.568899897896188
4.865290527764936,1.4581334223575668,1.8378551329043167,13.03819041174917
2.1582846215078484,3.9769621603192924,1.4061467595445345,12.06954297519815
2.6579058168735585,1.1134154878309,2.264557054417002,6.701624848794868
3.658821732177064,4.5732664080973695,2.65633732817942,44.447872313395365
4.65807218640821,2.5024841454083337,4.7228032798056265,55.05254560767241
3.4457148716421226,2.9880749303237573,4.525878153421514,46.59868688335978
3.5095821953260216,4.210267797771014,2.5919618237839765,38.29955599189371
1.306544546149739,1.7635094983625152,3.6805904773895755,8.480462200329432
2.0900529441980895,3.0125694974691912,2.1064095460907506,13.262859727027982
3.9066567356898814,4.143755856202758,2.1694301418545687,35.11923785120533
4.420683402444542,2.769815247267402,3.7678787310573845,46.13570179142616
2.6984154713255286,4.758887968010114,4.169121443802506,53.53759341143358
2.926202915163293,4.929111080057962,2.3371274082172686,33.70974230009165
2.099303685284191,4.884768630062414,4.204951778057626,43.12015227136005
2.212171778164575,3.1478598621478686,4.614451964764971,32.13322884320726
3.0830609370141637,3.305361617795105,2.0956880144177465,21.35638384653148
1.5187001958368511,2.739528260700129,2.031524701381315,8.452203429034572
2.5481825111033976,1.3562405268001005,3.9030630804836,13.488784573912074
2.011742295634903,4.161751678427477,4.454908167458047,37.29814784881397
4.452743532579734,1.5358260175648208,1.9432767988437938,13.289369217316636
4.508936309102264,4.372979965136257,3.074028507162902,60.6121206436251
2.336098243551039,1.912753963254814,1.161472679918056,5.189902656950666
2.403296150267761,2.962296722528769,1.754411982527098,12.490143663789135
1.6106632540585015,3.5201320314058715,4.146977350803115,23.512313689381514
2.9401007662629497,3.480962528272224,2.410288534020057,24.667810205037295
3.6540639547552494,2.3481049782203796,3.1766335466174653,27.255915332613633
1.8417379120522739,2.017331296237545,4.841867839592018,17.989454125409093
1.8181582760317365,2.9664355217010123,2.813933322665918,15.176806692763506
1.6615134616932234,1.0030338412494908,1.3494590632900354,2.2489467098273255
4.274134004451126,1.8917543495995837,4.3775013063532375,35.39477531405119
2.50425006906627,4.3106642229037,4.142491150356319,44.718113997830145
4.190186555773192,2.64994366312366,1.8740581961190554,20.809089270036946
2.4757512722837163,2.8707267133769108,3.8591450690115323,27.427736338200404
2.0273234381063143,2.0040311433996907,4.655119666873064,18.912910062268654
1.4438703255787608,2.384274453503596,4.183531399970638,14.402154627427642
2.556246920005245,2.927187382493551,1.3209666255020558,9.88428300988031
1.477105538240671,3.8417233182375488,2.517067087327516,14.283426393632721
2.266159318884875,4.659780213738014,2.169223940705974,22.90658041672649
1.8570387377788635,4.601585521424338,1.160645284074406,9.918088340009428
1.363589725340435,3.980482072656955,3.7025357503957457,20.096417893007
1.658788268563684,3.2345980219509634,4.420161604900441,23.716435668540434
3.295792830513,2.5206623400675343,1.0795692066003006,8.968608487016164
4.82869148457082,4.083634783888618,3.334499496845791,65.75170348328926
1.6446928113997505,2.5639685993827803,2.1190916010390053,8.936083670433925
2.47168420103282,2.6018736067081822,4.136257117411519,26.60031041635787
2.6352336712983457,3.237602087775155,1.7048519322880806,14.54552056159395
4.086445560900213,1.5356018122665498,3.9921424628696376,25.051305586849058
4.221779702886779,2.0965872196970436,1.84975536508487,16.3727939892712
3.8149335294480755,2.3948325069470013,3.678506537993475,33.60730226933999
1.9666344607115858,1.2205765173915157,3.720127022114183,8.929896476078772
1.1432163642680049,2.407362155788782,4.667779516968383,12.846363167514985
1.5600237542384376,3.7753749576089057,4.976868562046466,29.31213643221014
2.0640550388672194,4.382242923208144,2.3616639197814187,21.361700257308364
3.6175107974366236,2.673916433650692,3.3242209128937965,32.15492817235592
4.551550937391125,1.9147254065045507,1.487028682102232,12.95941067905566
2.628692340067942,1.725114695386984,1.1764874496092657,5.335130328184572
4.674845946182369,4.524295952054483,2.5697880359841525,54.35201041745487
1.8417243590555694,2.183602144050276,2.201236488239502,8.852477822972437
1.3898697150389556,2.8775866346532992,4.865993890533963,19.461399095766822
3.1097746991959023,2.374849043400206,1.9154406449892636,14.14599934564783
2.895854758309533,4.433171361731713,2.494922011336518,32.02936064931583
1.831283145412102,3.1075648977058474,4.595489800679866,26.152156830936367
2.1749588344998028,3.3768930754490394,1.1158994013416637,8.195838567960921
3.877774151516124,3.2085843111946883,3.0109249324825975,37.46242573062626
4.042936288654207,1.54371620025635,4.0500606820088905,25.27702101916107
1.29493673536677,3.391297414805295,2.775102926598661,12.186907802049397
3.413147951529976,2.430420682106625,1.3808319917275647,11.454533506040747
2.311986629723917,2.247711527500585,2.3385353584439024,12.152617585779238
3.2609807110726523,1.4073582983859896,3.623084887228927,16.627670801417487
4.23734810324212,1.8981183799319536,1.355351926481898,10.901079710027446
1.5029424402167049,4.166671846075105,2.822555597622792,17.675599461512277
4.213779398489551,1.4333954296934786,3.2912542042798267,19.879215321804068
1.0649070292584613,3.5348054198901613,4.802168447797765,18.076510421839888
4.001008606287748,1.5491423623183347,4.0617880595769975,25.175498240588595
2.705840950599382,3.5141614020638485,4.016916164763142,38.19589909666851
4.373389253455795,4.194441030095348,1.676044583068777,30.74523332155288
2.0403823171685445,4.7473686112579205,1.3794438906435529,13.361910091349127
3.0580366594265613,2.108120228528681,4.221293005795314,27.213447364389722
4.822045095133053,2.2551891863233737,3.7209713341963235,40.464164004887905
2.698808776295048,2.356430677582817,1.8742310595798952,11.919276993105411
3.3345959121573645,3.090436484790976,2.0803809839113647,21.439068462617154
2.553138373801549,1.9939790563220008,4.138610068494124,21.06926839486266
1.8948438355880994,1.2278768741188322,2.1902522322344753,5.095917339795846
4.7785648144900055,3.766032196504312,4.374615056318741,78.7265740973589
3.6590862105900026,1.7679433662508508,2.1772652729824364,14.084853574281942
3.2933449480338,2.750763301501208,1.3039138653579458,11.812432686576177
2.265187542041808,2.949470268784271,3.2056251681816432,21.41711291686216
2.234498874788397,2.6032902574329553,3.854162222264178,22.419851082766943
1.5785572240510324,2.8324160821320294,2.980257547775365,13.325121516352567
1.7715304294873113,2.7836385537222865,2.6744494830415477,13.188513812491127
3.839303069749387,2.8758377096496037,4.879761590417503,53.87848489730926
2.869425206574039,4.1039077892317755,2.2688405524147224,26.71754066650889
3.3335202686709957,4.920581647196741,4.126941092560926,67.69363141705833
2.5951558986715595,2.227007619905261,3.8164498986919275,22.05691252275622
2.655424184348657,2.436653130674791,4.283244066825606,27.714078190996588
3.0723930596975464,3.785207098233141,4.508793314772841,52.43566120212976
2.2257643304930435,2.243138895137455,3.621081636787553,18.07896900533271
3.427787973669407,1.8492914991438258,1.9103822957794798,12.109873561676162
4.991790707657298,4.882812213610853,4.4694817765397366,108.93904439255559
3.283378485617765,2.9465417749449307,4.67478258414884,45.22670708214714
1.4358678005150822,2.8166627767559684,4.399699797026614,17.79394957112218
2.7063074660881195,3.8704205013943294,1.728882653585917,18.109264168160504
2.576334157069574,3.5716814799298904,2.653289624440292,24.41515985071894
2.652393662220146,2.7207963257320404,4.904515160582257,35.39403657115435
1.3613766502366427,3.2260291599739337,2.7117560115648627,11.909600613601091
3.9739989860007108,4.205343846058196,4.493614498984012,75.09743011162347
3.991721891847808,4.358193249242117,1.800356895669776,31.32026052868291
1.5292792576606233,3.1198129312570986,1.7027992436272417,8.124166219906076
2.257121944792532,4.1181021439169445,4.986479400119228,46.34961882984006
3.1897357127110393,4.436549889950674,3.512213059850539,49.70280784747842
1.4757490311740193,4.242632446258709,3.6431311466272014,22.809865327948245
3.689919248876603,3.5300906473601095,1.5052193384690868,19.60660994004855
3.4787416681083614,3.390477992883566,3.8224201460518095,45.08390544976551
3.4720485892117825,1.7084081014101584,3.4585795472051153,20.51517308085005
2.2264470733669346,4.110744222563284,3.460755004830922,31.674056446973054
2.535959742506401,3.5053280780290983,3.399213197548255,30.216866847730195
4.206135860756456,2.2606159423703627,4.635254894674768,44.07412547761307
1.180926603848404,2.366592670243991,3.359510884773346,9.389067776746296
1.1982070752724518,3.840984575884316,3.011838566131604,13.861369256980506
4.187622022190379,4.768029229987746,1.0767295026370762,21.49873948896783
2.0250260419084043,3.0602483973036025,1.421990408321046,8.812192157903311
3.2698256937864323,2.2102386746114187,3.443023691003388,24.883060017058394
1.7483698675546484,3.688361545562826,4.239782634910778,27.3407478875933
3.494225574262216,2.5936239296165873,3.243313230922843,29.393197731518622
3.8821197572698223,2.119895072314994,1.0385357829361634,8.54682395784877
3.052399158111908,4.210895894144684,1.4496641741389271,18.633019386845348
2.1718746834221303,2.731184859753874,1.8256122288920666,10.829150650064179
2.219248089564884,2.5657307440691364,2.9501439656243034,16.798099242998816
4.311724112568826,3.2082295070882294,3.507169307860014,48.51467487467184
2.89409753881615,4.628060817870068,2.742993127849535,36.739812949896255
3.0713509341682372,2.1018602251796064,1.7267562193851678,11.147161744211234
2.410669884068271,4.4556732527734475,3.7742918111642756,40.54026212930381
2.413623603864611,4.864306151816404,1.7272728877712558,20.279227224759712
2.3233535296476506,1.1254336650131251,4.048130663855767,10.584972222586892
2.377168036170098,1.007724977480958,3.867253992716948,9.264129166892443
3.4104549610052812,1.2057589387074965,2.841227528042943,11.683657638500907
4.316419849532499,3.5005018841748825,1.3709755071091223,20.714940625319308
3.518515135216076,3.67310996372563,3.989560583443744,51.56065410016381
1.7289418686725395,4.426182822879211,3.7202940548695658,28.46996990731429
1.4932645663444695,2.250177294468811,2.0427333507636405,6.863808803813273
3.371086234299461,4.235879114159834,1.6622379918387242,23.735950296637814
2.956636157925589,4.345364980465135,4.705392911089682,60.45330344240516
3.85747314711246,3.93554103382903,2.2630207879302078,34.35547043583144
2.5885841904492537,4.752402540498071,1.5118454505550827,18.598713787115173
4.2564814805990165,3.7082695983103275,1.2105205513958834,19.10707533041918
1.993936638953612,4.62531488054867,2.5231054306902587,23.269553811602066
1.3900686522508638,1.2289774478153754,4.520247694724622,7.722224023390958
4.966996391491861,4.088812989785503,2.152841134201816,43.722307570000524
1.9712079778019382,2.1211939781433915,3.843394905465431,16.070442817399858
1.2019940021815962,4.73330548307703,4.757547471357386,27.067613425248567
3.675832791602502,2.0600478083727483,1.6702159758521633,12.647528901757614
4.267631602183341,3.673703779108306,3.2753543991384015,51.35105325393988
1.194307084954389,1.2042374065253219,2.751999338030482,3.9580059895650255
1.355750477862863,1.0284936348045592,4.174963938162446,5.821489292480565
4.076189104256884,2.481264320952579,3.196300346010179,32.32770960751444
1.9396020962107765,3.2943826313214553,1.4958516187787847,9.558179895257712
4.030373689743666,3.4841749233361408,4.59246577260589,64.48982433963671
3.4205391084280983,4.731227053361211,3.5182525440512813,56.93710234112326
2.392261061911919,2.910502995457481,2.2439004283999555,15.623567336469359
2.4037583637865905,2.534943378368082,2.876177252394918,17.525673583555417
3.8300834053082675,4.6771441942784655,4.126606634711339,73.92342201332171
4.25436795764237,1.393300896802522,3.4125522949512264,20.22829511637252
3.501338125179725,4.589778383641773,1.5666673761559275,25.176918198959577
3.1767624139266517,4.6859479363297485,3.8791535107984916,57.745634958131355
1.8660912200388133,3.8365634914877376,1.2855582512315396,9.203796750140551
4.663641694958915,2.7412610477151085,3.837163140436512,49.0552886362303
2.036113880506268,2.2097270260423745,4.838941714477674,21.77163691274851
2.3676518580593826,2.780972068797242,2.5019106215954965,16.473514461304685
4.488056596940446,2.048700077394476,1.829692316890175,16.82343882410983
3.1186907478960957,2.5970206512679765,2.3626244208862257,19.135614077511686
2.1363984515467425,3.090344907931524,4.27699150614014,28.237587863036836
2.3507679663514773,1.3111920487714364,2.84579488491645,8.77161709708052
3.273830662988282,3.5439652864299753,2.5695348739456723,29.812622962171616
3.661649573991853,4.179658855081435,3.907264468231971,59.79851832020222
3.89728424632832,3.198684398862829,4.354467739130646,54.283588728035525
3.442200365359615,1.4146678261003625,1.8868746519015893,9.188268402188458
2.933386543467493,4.131262214294418,4.760348473150005,57.688706580745446
2.0818181963920215,2.9887507256561627,3.7778515533676686,23.505927027142175
1.7455402016901513,1.8041743785537174,1.1909049597687535,3.750468053877277
2.09104614761488,2.4339688479209705,2.67571152741326,13.61814401222241
4.113213579927072,4.325625778635779,1.7925938557469796,31.894229082004788
4.386096672315553,1.1381877319969442,4.3388364900080845,21.66034570297645
3.5151563612636485,1.9696277273274019,4.341162440669969,30.056252763500847
4.081907497553469,4.383349729554231,1.4599983913945578,26.122916281323665
3.7729996811281166,4.191354199242106,2.87598758661217,45.48080458756641
4.262707037119557,2.074637741759233,4.148152042661796,36.68448499483544
3.7817149502169154,1.223229037474681,2.112739316134913,9.773328278557937
1.6533684581955312,1.9529257119360266,1.0139396817771344,3.2739156922824293
4.264892461493124,1.6502628777686654,1.395858755113467,9.824324305929506
3.928895071257932,4.549493559351346,2.368692235627348,42.339148676456574
3.317223084791339,2.386207958632653,4.519443713690324,35.774036916128416
1.5018339496490483,4.666830153865876,1.8787858862820621,13.168041964127735
2.540371056189104,1.6330890738584731,2.7689247010896394,11.487305595475501
2.593690695853429,1.4306403668435164,4.248760056294321,15.765613103539275
4.507234209815235,3.354986302238848,4.826521559466819,72.98525467298913
4.087434398445742,4.428768846482667,4.921423063262818,89.08908718044813
3.8428641140413773,4.1325314078947635,1.4257876889635699,22.64258731949985
3.190069994300053,4.615446860183443,4.152862990942561,61.145087465932946
3.2950308721741446,4.863027234855739,3.387865674823621,54.28656626009435
4.402016258991581,2.2594221508575196,4.480771734843885,44.56581412194617
1.7154632080086083,4.6695778977717275,3.7216505605399126,29.812241176855974
1.5036303665817536,4.245100017722234,2.148271190221602,13.712546687237033
3.2426836553138205,1.3163608416094408,1.5922636558929395,6.796643948842696
3.724453232975057,4.438227362454368,2.6101454548494583,43.145626713627784
3.2212946917992205,3.579594497416858,2.8093619373393537,32.3945523417565
1.4713402430309452,3.7795424755476303,2.9738668670022124,16.537652665335244
1.6352862200905856,3.9006003523475075,1.970992034321919,12.57216586050844
3.608887824438897,3.4022380544357533,1.3382755858128585,16.43174309032674
1.6595135543027189,4.792176076218223,2.169154830188735,17.250596736174703
2.2110228409662462,3.43025128456196,2.2816863415122186,17.30513961191479
4.0935679841490735,2.3026444809853728,2.125483446415351,20.03487439950751
3.258307624277754,3.2318320755957877,3.96455986898989,41.748017048029375
1.1248987079810155,3.540608516758624,3.552871180786057,14.150467521517937
4.010395066588535,3.6857247372242723,1.150109910914506,17.000018764974403
1.8808390979770127,3.769334931993687,2.061221932203157,14.613058681381244
2.821827087244392,4.519936459488436,1.46328184373998,18.663397743154306
2.49696230385351,1.065956255096507,4.022442902088327,10.706345554524034
3.8945480371269463,4.593370059582005,3.8597782517389003,69.04796047156803
2.014090865994586,3.1302973016906446,4.545847220331466,28.660217531202637
3.405725988941583,3.5579562514071266,4.538671837699078,54.99701138528433
4.656620707218494,3.3844748720649798,3.078844659847538,48.5232561686476
2.792966862603768,2.383078632544872,2.061657823758855,13.722105124720628
3.9409059860572104,4.510889621554568,4.94448561574538,87.89808080024314
1.3916581660031695,2.460165576367736,4.888594640492281,16.737127981095075
1.4454551714278812,2.2261575027428706,4.534263537426072,14.590402519724078
4.728246132264759,2.844808983958533,2.2788991685625537,30.653374895577077
4.340133405722355,3.0756390741917587,4.867207114562374,64.97080919869593
1.5373317882232218,3.0342242885785136,1.3874054199789607,6.4717044350000945
1.543293201278832,4.059391811205422,2.9406465832227053,18.422656178791577
4.892446554943941,3.865967959921754,4.20390540533293,79.51284183261744
2.9143621719467965,1.2741012093502206,4.882539640425379,18.12980892812269
3.5428715897442395,1.2902650385330348,2.4261590179196855,11.090563272483816
1.2876379450539237,1.6361604204543827,2.5505272546199174,5.373405526679764
4.6857273372711505,3.055322000832989,3.7298536186999205,53.39809806744293
4.1881824108996355,3.6686812280197008,3.773748093965112,57.984040199555004
1.9132428739156166,4.183936767083525,2.020747913094359,16.175859113122055
3.772357768191486,1.3068486073335044,4.2444272744887135,20.924604124569644
2.6507032783514073,1.9970516592080423,3.6403380374067775,19.270462055466215
4.637445342268325,1.7834013131607889,2.5497097083394644,21.087185752707715
3.8294911396940203,4.415013012653514,2.3816031931061032,40.26636824014041
4.561434030276317,2.3011137067631333,1.1736668850665897,12.319251705487252
1.5565152453809956,2.960450370626823,4.498961234256981,20.73115098969369
3.416826939957562,1.9944024786516095,1.1260503315168422,7.673501646601752
4.906013123822365,1.297702980488837,3.2576789048351724,20.740168637672845
1.48843916640105,2.452072944424389,2.6532798569936213,9.683838430270573
4.453649622577581,1.715945628362347,1.4509988916363574,11.088853620414103
3.029253791783817,1.7272822210971923,3.4035907348644696,17.808867216023163
4.214917048966975,2.278315834100899,4.35873602741426,41.85655960125326
2.051238436291056,4.187000991360945,4.75460610998678,40.83511223750914
1.1104008928770512,3.9492212944899823,4.228823905294108,18.54431830946872
1.2032014401506883,4.157069852641481,4.8072297602827305,24.04476544110337
1.7197710844564806,2.528876571383982,4.052444424079127,17.62444067207759
1.2266291152539344,1.9097860782212868,2.102107756148403,4.924395963533755
2.775631522384602,3.3928457365710276,3.2812627294583154,30.900601301574756
4.465037932308617,4.3657234974115156,3.7060211238315226,72.2419182617915
1.3432681095335646,1.9570367928026653,4.086962352227614,10.743909267240314
1.8972194767994077,3.6889861251335403,2.5093023501047327,17.562146255400783
2.031151557866107,3.4722311790319313,4.068737935952267,28.6952941500985
1.1799533804493643,4.211179982006206,3.9955367939498125,19.853806568537625
3.71034201143494,1.4573806989215976,2.053949984938996,11.106489782272774
3.131923155635263,4.110086029013397,4.490757528901096,57.80715776136608
4.431517174583805,1.9768838531046664,1.9113472007064258,16.744538246566435
3.9600000513074227,2.8883626120498187,2.687429501860957,30.73859314521375
4.205580180645075,3.35129147498825,1.7316132547098224,24.40557367526942
3.8814540111156086,3.7401059665634677,3.070281868315406,44.57143326539216
4.462770498326056,3.9083017303150176,2.406349008660682,41.97118726540523
3.666911023851437,4.984081784231041,4.364000922202598,79.75728574340864
1.1345529666455638,4.025395111912607,4.923734497352217,22.486813452322778
3.969561813341135,3.1948749042213245,1.0008377123219359,12.692877498157225
2.35185657742454,2.432887549882671,1.0077407255281474,5.7660934896728255
2.970390190332145,3.8247656824566456,1.5287299017801668,17.367971444248305
2.7450737250500596,2.58630425936317,4.58291875200063,32.53687103216358
4.154520061857832,3.6591933499478224,1.3899145673843,21.129748370736714
1.5880219388678496,1.3308947943731422,1.8301871667825984,3.8680825163229247
1.3427974857445641,4.401695450602103,1.1638576750971947,6.879080396352427
3.4663843317003997,4.967401769042322,3.8082390207409316,65.57377698276613
3.691502757687269,2.201447895457401,3.7194108502024243,30.22635381960923
1.850353171425307,1.8820592714891147,1.5631890050869997,5.443765601615425
1.448861684567683,2.798203154475809,3.906028000175249,15.835855185598904
2.465957096039878,2.8118095540904777,2.851430461841528,19.771253448254026
1.8690480489523797,3.6639241419772914,3.551246590795164,24.31911517163648
4.133062670686385,4.873919957166223,2.910221926316376,58.62414093928642
4.341829153000619,3.56427491160335,4.899916140600817,75.82851856664543
4.017403438010158,1.8946987018139652,4.742528290627436,36.09903019727201
2.729362656516417,4.026510513218401,3.7453936562010433,41.161155034373145
1.4356313046134437,3.2319727300264156,1.1786139002779081,5.468675654198708
2.993620947744147,1.6809348599367238,4.199541692196667,21.132437353339945
4.671319412317447,2.949774902366988,4.54757407146333,62.662572777466984
3.028139743211059,4.545029547730714,3.1879379951681583,43.87554155732941
2.7458660353969715,4.39743862031485,1.4990119816467553,18.100235923764792
4.965055380563761,3.2720545693020235,2.727397067382665,44.30910768865598
1.2941544727979593,1.878555211980423,4.549807298428732,11.06122138180047
2.888104130101248,1.9854315770727964,1.555756765446096,8.920916423065805
4.846572260684233,2.2877765703360673,2.5189110810989,27.929369854296578
3.7691897249226978,1.785517172944644,1.1302777659966212,7.606716221684893
2.423469013137315,2.995037813884348,3.49041985973399,25.334798361636675
4.699257016719045,3.367033288387727,4.380723094143056,69.31423124691229
3.2579968630085,3.8098623220186525,2.338066706933393,29.0212985772205
3.708533897654778,1.9289648087728923,3.234803978478471,23.140595250913204
1.6131364685716258,1.461182964093486,1.3482542544634368,3.1779532859280506
4.104857310527359,1.9870207501849508,4.1399283683707075,33.767063482777644
4.590779734578902,3.8260405171636362,1.5991605471672887,28.088470254734386
2.5244021984134983,3.894416090682001,1.3845729570073702,13.611837178444938
3.028232208007405,2.6357449815106784,1.8373003838421016,14.664684649503014
1.6847196569287979,2.618760590389156,3.5406840293056945,15.621064003167957
1.0165585944068032,2.745232231889433,1.6628892920527578,4.640607552249769
2.840106395250269,4.616808038741049,2.8823984182304967,37.794659587005626
4.217699507467686,3.2077018288394954,2.012159484889254,27.222752006873698
4.306223814368854,2.3090347579318924,3.750561905170329,37.29266388253179
3.0488722903630316,1.7959475912492149,1.9519571541528875,10.688165571848003
3.372590649627522,4.853797607709402,2.917482338086679,47.75881368234463
2.6025370554096403,3.5129389048622897,3.199955987719219,29.25576936990234
2.611279674659931,3.92078667103143,3.814946547212806,39.058454856463975
3.5732426225516387,4.102973813573744,4.297556406970783,63.006134588324976
3.685528011584518,3.658745892360178,2.3093946129675578,31.140824906690234
3.653104374909168,3.07659344445722,2.398848829941848,26.960942597294522
2.639671086429745,2.8260148111389602,3.9361523511786456,29.36271087523058
1.035603870635955,4.629122148028964,3.4459758788228814,16.51979062614613
4.793339149417492,4.066341830963912,2.9959770508330767,58.39565374747612
4.551110647919825,3.32792346760549,2.69851880175646,40.87108555275099
1.667420457044115,3.71648148700919,2.3493099389783962,14.558526295356192
1.7873103273415865,3.471414037742247,2.8610247246762004,17.751211196256115
3.9353818096380886,3.5845989229015145,4.587996000077382,64.72178321103817
1.4426583715187262,1.6236682190784344,1.0714431714919272,2.5097469300483652
3.585763467721005,1.7564059366016878,2.5121884903438434,15.821904402576616
4.126960192521825,3.801118428213727,2.3516759190473855,36.89089168479613
3.6194722275328983,3.8419425601986656,4.244819577571425,59.0276307437842
3.2436014625712213,2.964024216341065,2.2007466565622322,21.158227663857833
1.3879690175446662,2.0236023403349823,4.082971174053551,11.467830325737777
2.342846219750822,1.3430523922757995,1.6546415193220119,5.206437456548974
1.7767735116730141,2.8961932418874703,3.507160666559282,18.04742595585389
4.087265317659478,3.6047983112473183,4.6955035531791065,69.18245583887474
1.7160964506131742,3.5562330798063697,3.9385051751901545,24.036062850190355
2.7061130123215533,1.0667027758588117,4.354833998237733,12.570743347426738
4.191237038389035,2.8108032850408784,3.5588760156526207,41.92620312521645
2.5969256338472344,3.9957225878232037,1.4902872003805832,15.464105838814998
2.5255081264689307,2.534541846009089,4.43501642356374,28.388566865819204
1.2083259719459116,3.1781813925393827,2.8240713010542144,10.845222051283168
1.8805124797201165,4.497402972914193,3.4843371531334184,29.4685111469324
2.0238094591734312,3.045865396364993,2.0934795637751957,12.904733914291516
3.4540212672606088,2.7484940203890558,1.9983586072028237,18.971131271253324
1.9688180703385614,2.995978473354121,4.026355750317437,23.74960658346598
3.324572579908085,4.223289328192518,2.5746687795405414,36.14997659158456
3.2722624965115026,1.9725091039592004,1.1437070835214866,7.382134645059261
4.179416361697676,3.909118320454975,2.8205766611471543,46.082110646226276
2.6138410531626906,4.777402532069316,3.0823617355411463,38.490594134272236
3.1894818713236437,4.769674613776881,3.9019334393899237,59.35929678853516
1.6476370127872682,2.5865850971322604,3.4266361645796497,14.603478128816418
2.0806752120582184,1.8393077281637509,2.3092910485904716,8.837661455389188
4.6664499759351905,1.3021828436085112,2.8983013306268903,17.61173410251868
2.495535889263194,4.7726386937317535,1.9529369398569139,23.260047544829085
1.9093767732041806,3.426647532023784,3.636041397859139,23.789750607153696
3.609392568795192,4.039653332478402,3.683068628116389,53.701699294793556
3.9453867177875277,1.9815474859835893,3.1368464898260076,24.523775302551535
1.9850094414663988,3.2320237476492384,4.361321270902458,27.980482514497528
2.9596331907905187,4.204058927354498,4.386711887421255,54.58154131154746
1.4329531084870584,3.983741943649532,2.2115813961335946,12.624846461638546
1.6773526543964872,2.5631475078705295,3.3340234494849468,14.33397460439587
4.6513849306641575,4.418779905934294,3.232209534919431,66.4330449976617
1.0598937051337,2.5613456203391056,3.4455901435066654,9.353929967864472
3.422399443150873,1.383374114361854,4.748730682897018,22.48266976411487
3.82666488133122,2.539069736601554,3.7708124206245963,36.637850717067785
1.9166996335487814,2.7087633941742264,3.653748773441862,18.969846391810844
1.9446747346726156,3.2401377310833035,4.625584555730724,29.145872962882176
2.2680482978615606,3.7922939621991336,1.3328609297441192,11.464077961326268
1.3001120080563715,2.162988709796666,3.2986423567322376,9.276203197062811
2.5551509268720105,4.4769089844974115,2.696863989862768,30.84990760278993
4.475989671928805,3.599116788667192,4.937261045947931,79.53734781583087
4.121449086301398,2.855508475635493,4.836235514683413,56.916847143254785
2.286308435132364,2.5253390542083904,3.077308478119581,17.767468211517475
3.0877993625651396,1.375421301080983,3.8974527196216506,16.55257920178037
1.7668103425331019,4.9043444087957955,3.2348017225341974,28.029707100797367
3.429102453206527,1.8228068158158002,2.9633430807369616,18.522646550002527
3.0593557105494753,1.899381107655679,4.951719119425941,28.77385767005153
4.270584498057826,1.971996208059088,2.8043742522881403,23.617252121821203
2.1211557280886897,2.090207203790855,3.6575956757194623,16.2165172942327
2.3548541591968584,4.641196104051337,3.896887693094808,42.59041034197352
3.0765052283119214,3.839358859403237,2.8713676855482255,33.91604266295654
2.2476721955586436,3.4723110021528605,4.236283409548251,33.062569065387216
4.589812471538744,3.3620716261102634,2.8580999364100026,44.10413547001403
1.3639136227736142,1.6890813662070423,1.9073265638648471,4.394024714872534
1.1840544109936544,3.9529387448558193,1.6619190515709765,7.778603075441867
2.0607626416661096,1.4715359322136048,4.981768827365171,15.107145594083725
1.45222182559126,1.4508309355387419,1.309348415107161,2.7587032955973303
1.3572673560451736,4.503473337609417,3.1945145186009247,19.52620596818604
1.7330921887517023,4.008508369362694,3.190572909174242,22.16527545938418
4.218480480267196,1.7699488655301927,1.2660307644077524,9.452812043521368
2.8419101139366374,4.276771543780376,3.4520641597830206,41.95707926463212
3.7262442615779827,4.396636723625541,1.7287475575259834,28.321971592796064
1.7110183083583799,4.887144839078475,2.678423978367096,22.39696602739978
3.047830254062396,2.648096903075039,3.830700871725395,30.917394652406152
4.212685689212903,2.9210661639570508,3.4125905294865855,41.99374751286422
1.9573007923548391,4.730035818156784,2.6973751545020987,24.972576618214234
1.3254990303123781,2.2752062298563853,2.9232800801686984,8.815980274339294
3.229204805920939,1.5839633159195778,3.5527334042612897,18.172025134331697
4.658037394865037,4.76843795385118,4.777925916956571,106.12519918901036
3.7249489816870827,1.0062671836478145,3.5678936586912258,13.373514111768277
3.1702654922522733,3.2806421392489207,1.6514696519381977,17.176120959341404
3.681302255474952,3.0642069819745568,4.390300723285933,49.5237866452786
1.3391742070597052,3.815191090623913,1.1933876729560038,6.097262866556462
2.1650434538300787,3.4129466242953908,4.607553348346946,34.04603067065224
1.8198481334260461,4.844731743698808,2.9506695533948966,26.015097496485936
4.097567605703826,1.8890032028702541,4.144460396960653,32.079442783327735
4.750525297237215,1.8789902662217375,4.339617680033731,38.73625538043515
2.1858859742190613,2.6060481490276004,4.472717578370397,25.478943464705154
1.5742749864500558,1.631715383431231,3.435848573832705,8.825900319553464
2.276841616198314,4.855945937785724,1.0911123113202836,12.063577537343981
2.153269311131371,2.2663647498749793,1.4835140293133602,7.239687414515175
1.7166521153729213,2.050204566756962,1.332959709924685,4.691335712188409
4.454072949443705,1.6501364426242082,3.590595677622772,26.39026097834728
1.438878397686436,3.6090774496124,4.969438155201942,25.80640950850457
4.940333425743155,2.720291770383408,4.1977187877317235,56.41376556608024
3.0609192708794177,2.489812272225173,1.8383560817919742,14.010321942794082
3.929142494403633,3.4886506981418783,4.64438231790956,63.66243268628861
4.297215254351021,1.3111666488340696,3.7115085346622583,20.911994988789758
3.2896847295334393,1.8217492666615733,1.3355713037664914,8.004053105144365
3.903810108375764,4.051892238063147,4.67844657223619,74.00281582690796
1.5283287361100357,1.2349117395298967,2.20254010322098,4.156966482386341
3.4069324802569403,1.755545023262389,2.9451528250359353,17.615027846211312
1.731448882428385,2.933473948677124,1.9992025680687964,10.154270095620317
3.8314447034629704,4.855065230355194,4.631577226708825,86.15620107872371
2.850821568095433,1.5644580595725377,4.259981082981986,18.999476347153216
4.83758032790662,1.1447440422253288,3.4660315909297235,19.194159448214577
1.5609480911825662,3.188141128878141,2.0339704544753956,10.12210036063328
4.394908323987737,1.2355815516944033,2.247161331785336,12.20268747647643
3.569058325855596,3.4444470578076056,3.6693592103742256,45.10901958618907
1.9873121409794248,4.005710678975069,1.8131325655322548,14.433618505933165
3.003571750082109,1.167237294122934,2.9221080047176726,10.24456282343625
2.7029126442649525,2.162420882342209,3.2836923920388164,19.192639385226514
2.7080915118328783,2.3217560591816815,1.7371873157990931,10.922613674643891
4.98293563493904,2.0762653117784886,4.903416849706427,50.73024278038939
1.4420843945859443,1.6442640947900453,1.5747713092296953,3.7340466927446037
4.142870492265052,3.8096281935897496,1.993542086791103,31.463668531202707
4.805595989223518,3.4697512425995716,3.5682978550891957,59.49859293525825
1.4649035819227039,4.341408198436175,2.7894675114708205,17.740300442180494
4.855700143064888,1.73558758601681,1.7070871497603934,14.386464816744015
4.898791168384244,4.353014892790396,1.7184072415308718,36.64419397439615
3.863258256168622,2.066070709755864,2.5634204165778556,20.460618662262593
2.972341397290159,1.2299302314083849,4.864338591531519,17.78291546080036
3.919041847060106,4.933727285774927,1.331638181996202,25.7478683555394
2.585018769317473,3.1847782944071232,3.3240646074898272,27.366065476466158
1.7823134511099998,2.1800472253760055,4.740514918757333,18.419401051803053
4.452208178951356,4.862605778600015,4.540433293658648,98.2973533307835
3.570154903318659,3.0971409426543595,4.2430026166877175,46.91603794438879
3.2765791042112102,3.4144250827096037,1.8773176903361644,21.0027429938649
2.738917177008295,3.467671970364297,3.9852751207975747,37.850813306120095
4.32667150874774,3.7092267745685996,3.1195931852306837,50.065121301763526
2.7189398498530446,2.8953480791708954,4.633185503476936,36.47372093437465
1.5609185804734502,4.467737646011099,2.910539821016128,20.297448979774913
3.4623815085850205,2.2751228890913766,2.224922764397577,17.526480700245827
3.765985198895998,3.2936710474572117,3.958407688761639,49.099758106927396
4.304999498630059,4.442336271338838,1.9036891574756662,36.406637689486075
1.79577369877474,1.3158757619061072,2.5201285903638806,5.955101872866639
2.2349803178080934,2.083462667586043,2.1315236752633826,9.925435847928366
1.3635309735603829,1.6379754472371233,1.7107303863215995,3.8207970050785005
2.0698698902140014,3.217805013048389,3.3887045916299265,22.570255847053417
1.44649835040416,2.2068219443454757,3.6366503619644264,11.60878546479619
2.7918548025205028,4.415705305957115,4.943726860067083,60.946304601825034
4.011941772310752,3.9618752118732092,1.8890707257603139,30.02642528593282
1.677659756735295,4.824931188835658,3.802726299700272,30.781521247355865
1.147216880238942,3.192388544861016,3.899166755236363,14.280160261107868
1.4772288359844157,1.285917656580669,2.9786021300603545,5.658136649898393
4.2788980772340475,1.7802813805861035,4.371591331898665,33.301220256166566
2.060939481609403,4.890519189625692,1.2582715845697394,12.682199935285244
2.4523079282306233,4.9750659376920865,2.4726787540203112,30.16765415042604
3.3716121720962757,3.164137606759457,3.3888004466286867,36.15255297727825
1.25701358134053,4.425711357367117,1.561996107968013,8.689664388448344
4.583624900382125,1.1125483665417142,3.0103064558912975,15.351071004402561
2.338595878431831,1.5084176467954333,4.0804510444337865,14.394114605342823
3.9879815523818642,4.371406197088009,3.6313114991648723,63.30497027659402
1.478396677293234,3.884503993619235,1.8955420246746666,10.885790385291193
1.319230745486041,2.7196039582134586,4.621571760670809,16.5812065659652
1.9678426800977098,3.975964143801023,3.871693425661165,30.292407879259358
1.1447270156765534,2.1410043631934514,4.616098038831321,11.31343559060949
2.165537838590686,1.3386351740021096,4.371573542931106,12.67260206910684
2.5136310963171993,4.628154477945985,4.129012208476231,48.034752103125555
3.192009393380651,2.8957239845428075,4.9783752182516405,46.01600908613541
2.060389245539938,1.742915057421797,4.902451815982333,17.6051135327599
3.198916332306079,2.223288669282679,3.987752988632956,28.36135559606114
1.0594721919681098,2.039952639747931,3.95570421426934,8.54935708906923
1.9697031446794582,3.722114618153522,4.91512854325555,36.035072577219886
1.3731388644144684,1.579424640826832,3.496269434389057,7.5826020156821246
2.734702045499659,2.744162727845097,1.443171160855921,10.830230965374316
1.212930010080079,1.8206411850379798,1.9178929739319321,4.235302867933389
2.1372638901539873,4.310418847063243,4.110097373158928,37.864282544404475
4.780519655143117,3.853047421732751,3.751935518569297,69.10903491192565
4.128029654188305,3.3466657443085253,1.5962962423064395,22.053048782103268
3.093499133616579,1.1436785097826019,2.162377452201734,7.650423265910916
1.124490409473247,3.408229089997421,4.8481921616524435,18.580797907904678
2.862059218343281,4.405920639789102,1.2702472925391062,16.017825703992674
2.188158297736415,1.94604610476176,3.740602449417803,15.928446309760643
4.227200135481814,2.1088206240674174,1.606970298650146,14.325187002301828
3.719990896022705,1.0800431247165232,1.0459070579033884,4.202193700291607
1.4819786922454923,2.3715599315409936,2.7442638940047845,9.644993410792063
4.646996484526493,1.4437646302527192,4.708924703535315,31.592972403692563
1.8088375302093116,1.4356512256009601,3.939843335287357,10.23122084330554
2.3803908593593692,3.271699482315338,3.46517636319458,26.9865285770552
1.1721966767897691,2.9777491118566624,4.507566003209341,15.73369345134824
3.5240813032178795,3.4251889690106276,3.2234383127670827,38.908977637051656
1.8008730135989293,3.825738622077613,4.096086213176395,28.220680013009716
4.553646360143082,4.052639549997956,3.553736137650605,65.58166779989176
4.990198247991915,2.3895803031873255,2.2427755221035146,26.743930607244383
4.647332816970188,1.0941635576817776,2.067636592127117,10.513812579657763
4.068622545441409,3.247398421237415,3.534524477798791,46.69968704463866
4.323379700643319,3.3256399486019768,2.2506542206824456,32.35991593997677
1.0269363627108783,1.1145082238496515,4.741420528101733,5.426693398077065
4.126004685385045,3.8756299982818225,1.8307416820277584,29.275147722121776
2.9928250920021817,3.2592748592902723,2.1761751763257347,21.22736927430533
2.839061724264666,1.0954029738748359,3.0031518483831885,9.339551953104555
3.84132664220268,4.8974589769312935,4.029607518218684,75.8079571205707
4.5008487147996545,1.9027646634732882,2.2180641564716645,18.995625403983812
4.585433343185313,3.454697184681052,2.633195696813672,41.71319996879487
3.674111127692584,4.621148655232865,3.049111308541353,51.76968302661158
1.5432258748873027,3.1257679564638035,3.008248098434765,14.511084864631737
3.3732484967782206,2.6202704293644006,3.995531857156283,35.31580002300684
3.414184270065423,4.128605469517112,2.266041547533078,31.94171342965847
2.3493344299376338,1.1865354688763063,3.7133424527570815,10.351196931425745
3.4537325106428463,3.992259906828948,1.075591117288456,14.830463110602096
4.4285060526437015,3.8363752101753894,4.731938585006718,80.3928486831063
3.240904271265982,2.289011016595336,3.9707205564642756,29.45665377854424
4.291863326850288,4.446605602961263,4.274177799329022,81.56936447087266
2.100313616142704,1.636430240837377,2.304530966420552,7.92071145573662
1.6458123461299667,2.0302270969939475,1.8431279998934662,6.158577805721889
1.1347470429929616,2.941175012804489,4.388137619172095,14.645363881078467
3.7689695433525605,4.484833370502612,2.702568857123071,45.682062933875976
1.3322133465945551,4.175304941522766,3.931212781688543,21.866966062140044
3.1130036829514,1.9126175793544795,4.066875742399484,24.214119479568822
2.2737745861137135,2.998714851589239,1.7188764770738234,11.71999015679747
2.22737059695638,3.2931033949503274,1.3056054312853655,9.576565800692508
4.306396440904692,4.423864907705852,1.0472417398870397,19.950914516290727
2.2409114062290967,4.932050338174041,2.621978092425229,28.9788566372401
3.89931332554121,4.016688874084714,2.8931351150208955,45.31323242536483
3.2632979496338574,4.593027263354937,3.3701366387061555,50.5130114381008
1.6879420472490079,3.2035684844546877,4.79456011836516,25.92628631915885
2.31042905915498,2.75843611095423,2.320145516684486,14.78668400339106
4.716226011636393,2.436053438960613,1.2974639808932693,14.906535903698401
4.910503987638813,3.7310381121737266,3.1276773459677636,57.3030446730806
2.2426869444199053,4.166140323995344,3.463868883204208,32.36413417996398
1.0059667109977881,4.801613765530434,2.2753536076321836,10.99055772443957
3.4502199776190765,1.7394781498948357,3.719245937460684,22.32136045148295
3.9089736396564403,3.854376157547657,2.426834002473114,36.564270165306695
2.8671351674451935,3.561526316525884,2.23587261938998,22.8313390273563
2.7515282472588343,4.178709269494798,1.3935959398453868,16.023338391752468
4.494042928934889,4.590738877891848,3.312490579722064,68.33991892652864
2.449664356597874,2.0179966372144005,2.7094723009959196,13.394044481045569
3.244314542417566,4.721396128606899,3.9153169038333244,59.97362671795089
3.4857931110821725,4.186614392274686,2.9552657050410134,43.12817721182801
1.3298010179357456,3.0419606099753214,1.9156362595524015,7.749136233114409
3.9990128760523107,3.7607052820177085,2.292533546742374,34.47766154216782
2.5989799865289394,3.7183445093023835,1.6536070535563465,15.980298103999278
1.5386928741304726,1.7908761622222102,4.81984958257531,13.28161794472279
1.101305301092233,2.149547949021173,1.3788704658898783,3.2642118449105837
2.67697429427984,1.8554153996058194,1.16493225529574,5.786101238272234
1.3726506525623887,4.05698393151225,4.813760838351627,26.806975531333187
3.490548228198204,1.712774872620206,1.4904452830973427,8.910661847792218
1.2899357616275435,4.291343378590511,1.7607570834096995,9.746771708050039
4.112955425376393,1.7233687078330928,4.9295989665457896,34.941681095916216
2.2633093080131634,4.137383990189253,2.567034758262615,24.038174761786927
3.228112097796785,4.580676963229067,2.361887968324714,34.92509265371807
1.8062368980731796,1.2935058846275447,3.0470938113688586,7.119163117555236
3.2381282784517476,2.526507235000712,3.2402349733672877,26.508863009141375
2.7319591802496634,1.2672911014379555,2.603536897141635,9.013933053697432
1.9258286626675973,2.292815405658673,3.559168253185389,15.715755234095502
2.8007220650245666,4.583969550353169,4.385998648644861,56.3093132317472
2.7694994299932203,2.133957453745645,3.69128168225219,21.815452416420648
1.1526191035817774,4.21596300870514,1.3313046196561253,6.469341008200437
1.4529743315500352,3.380518554732925,3.5502484056792856,17.438133860788938
3.8972891556215097,1.1934981519659207,2.6825873137302576,12.477806495405485
2.8204460892665386,2.331278081996446,3.4290575075913856,22.54689031460812
3.991224406341214,1.3182326269564637,2.1491793967859536,11.307611312220015
3.8010863414111564,1.5558085612097918,2.135918888980479,12.631317395784299
3.4983187906329345,4.711183135928406,2.472440137792856,40.74883106060374
3.6989822228629,3.6244130301374042,4.1310895546272866,55.38402785080493
1.905517151546174,1.2613743051422706,1.2070275729896425,2.901175713793657
4.650514679689465,1.1241424731494387,2.645314040252865,13.829281391791719
2.319442372751257,1.9426500438162315,1.5892441651106655,7.160919385173668
4.866354362918272,4.46091780695684,3.3593885459199853,72.92697326328584
1.5430782761884285,4.103936243625565,2.1141778578567485,13.388443262879637
2.9053296395500854,1.6720796586269202,3.780067927324357,18.363352984415002
4.225254424840337,2.297453369889448,3.684602285930952,35.76763194787509
1.139650687431514,1.3430384945457146,1.418486107675763,2.1711273802157462
2.6715941540878774,1.273353602460221,3.2809949146767243,11.161564236936174
4.114717213057836,3.063720829445943,2.7998116427845257,35.295391036180106
3.01557929363218,4.157525731152949,4.260846322542712,53.41971528307715
2.323121666564479,2.585537976997492,2.3829530125825795,14.313253246982784
2.1462526409183686,1.3075063997937915,3.8446744791019465,10.789075709986106
3.981979989856245,2.664420745636953,4.607447271002982,48.88349551938723
4.799371973549739,4.966950172445926,4.769481132287952,113.69604283059317
4.018152687521484,3.344494357863701,4.618983986547489,62.07308925632073
1.927966128495619,1.3960030194710655,1.517800838308371,4.085079809844256
1.7566695383687527,1.8745271888872983,3.8169268133248684,12.568853007514981
1.6198424840326555,2.0325752697266437,3.4255485961485372,11.278453551960833
4.519341259855436,4.162950785504759,1.9732893905805269,37.12506255879981
1.943761998270404,4.105688682844706,1.307063555370879,10.430996703914552
3.835451317126007,3.1417274519650142,4.57830411025227,55.16830216282592
3.23939730561462,2.534387842076206,4.946475251165989,40.61001348047209
2.3271846298588383,2.645849240270597,3.601053768197833,22.173055316467018
4.410423916206996,1.31488955734251,1.4043210636399621,8.143967291422221
1.396329049629042,4.9522925564135,3.189195021024207,22.053379114780274
1.285679033518956,2.997305938672644,2.5799003498649897,9.941835369064822
1.5473162462202343,1.302388979408525,4.483193948269895,9.03456663669466
1.3257078334208714,2.654898460631672,3.1525108905632764,11.095639391375117
3.367019028721211,4.060806408411684,1.5321358915050478,20.948606691045114
1.885448262344811,4.004867710272887,3.772024697695907,28.48244859532355
3.75465204053923,2.176011391755074,3.8443192419656262,31.408724873371543
1.5123369432327136,1.4376516798339387,2.583026904803662,5.616052605071381
2.4776077992306482,3.797611727439189,4.753316819302984,44.72392199090517
2.682519748692021,3.5150103880651296,1.853245779998295,17.47441158304866
2.671538856784976,4.854935274595295,1.3579261142469718,17.612502991594404
1.2737645486687743,1.2531284340137199,3.8262181214103963,6.10737330013474
2.8853242324126627,2.139881675419696,1.3128703649633913,8.105993070800407
2.007158378005618,1.3067666826968343,4.23043990306928,11.095968767354687
3.451061126639612,1.0859103017564866,3.427815449633191,12.845885208811286
1.5186402482031451,2.542685947924179,1.4719281056233493,5.683740307694598
4.9539464158383595,4.5175154619284115,1.0263333282228864,22.968857027731243
3.677186887589881,3.0170062822356507,3.632236289124571,40.296377871251416
4.491708007437643,4.298891573085738,3.198013029972343,61.751603115290514
4.758102664370887,1.0524106355333047,2.469055269956943,12.363739572126054
4.385750948520617,4.4627487352273,4.631105922364429,90.64234149865743
3.843249351226237,4.984922971972322,4.413758242135224,84.56011326047205
4.708821296727075,1.002912212909131,2.6769484730289403,12.64198121582308
3.593495567621114,3.5052987511904306,4.225904214016203,53.23065382450264
3.593258510981134,2.550566364434693,2.2612355644607227,20.72387186673062
3.1833449981471786,3.312609479299533,2.474486275148602,26.09390025101857
1.8706381135074,2.444810291741946,3.1132815368742865,14.238142654501562
3.197564338581426,2.5190645793880178,1.3110026129144767,10.559957013736366
2.582402287806022,1.2060326662974146,4.526023695097226,14.096126621669022
3.398853346874915,2.9392663486765724,2.9735574434960084,29.706241083400105
3.067623634707676,2.2373568166514755,1.3585593756182583,9.324293827828656
1.975679909483829,1.0797841517721687,3.2714787133890026,6.979071237507869
2.421429230860111,2.1016026164794233,4.446807707500405,22.629279732156483
1.9007786638429822,1.2782443804741872,2.1313906267242437,5.178553794724745
3.744883496818412,3.9278055896028485,2.2947217943802456,33.753462915177124
4.302198010353898,4.394957246003321,1.739923307071519,32.898428687586346
2.8674470567334516,1.9479760792405272,1.6075911902674096,8.979551490214382
4.325665586007781,1.747414584495563,3.7460483059639595,28.315371954665146
4.8724489905529715,1.759708558164641,4.826700967265806,41.384569403345395
1.4292191911044654,1.7671374288521844,2.2396837855887055,5.656605228092865
1.4302318247322665,3.6177141649759412,1.4325819466452123,7.4124224327891115
3.29681810652877,2.8643551255584807,4.0985696682053945,38.70385015809041
4.133686523174583,3.076030453889873,1.077896912056663,13.705831792594424
2.3694419020851414,3.580933515869507,3.61867287620248,30.70376599584565
2.913571620701979,2.1174555062794904,1.2817627936422817,7.907653892667103
2.7248070583073596,2.683678350926669,2.0602720588634957,15.065751200426725
3.9749388421035072,2.7067687158037397,2.9765374246366783,32.025280833300194
1.8723720872184364,1.0865333213156982,3.2171682343944488,6.544989884945048
1.155197772548079,3.1472701395711513,1.900079401160213,6.908155644538307
4.322866430283676,4.9285357867527955,2.796427549116161,59.579012826556195
3.128186916220589,1.917760519201693,3.1672050572580615,19.000422187460828
4.413627863483226,1.8965677673150183,4.32333196387596,36.18950657868591
2.2925370373523193,2.9427332489816798,4.73319585479557,31.93167735631145
4.452360749281857,2.24575349427275,4.756054198470861,47.555332728305565
1.2507500415787116,4.302531707907747,2.395545307858405,12.89136766676963
1.501884546038231,1.8253239252918307,2.499937258380456,6.853392485779875
4.451938959018278,3.040943625105054,4.399430566061753,59.55991069486908
4.789536685831891,1.0628934571629358,4.908375981243482,24.987399481075755
4.355521282430255,4.26515232040801,4.454574427568864,82.7524585500963
3.1727402803936284,4.3049653153613425,1.5299114589566565,20.896352057364634
3.610127569468027,4.352946019651197,2.3672753214681883,37.20099884879944
3.2427142620319556,4.769790915897473,3.0948179610211644,47.86776303806148
4.123953395465168,1.7155455965462778,1.8849779239663156,13.335898531602828
3.6496385481150204,1.7879647894980892,2.991376861859618,19.520006012190546
2.481947006432068,1.8830890126304953,2.4762820834649446,11.573466774197822
3.677498135387459,4.782328716712321,1.382543183346304,24.314793793227864
1.1388545878454819,3.6179978230259757,4.206970378922897,17.334288926224236
4.207041600598345,4.391898460381638,1.8810654170044834,34.75625671639494
2.8427922664309886,4.2046954947490365,2.3179327452922123,27.706425885301094
1.4989249655718337,2.3077309216380906,4.7825916261888,16.543536787328602
3.948937076185586,1.3039298275694269,3.385757468071666,17.433728512973914
4.983565459079396,1.8556550862076344,3.3250726757146056,30.7495359059523
2.2962486444473442,3.7307810544004063,2.645532292759765,22.663748529496072
2.67721275618412,4.717396104857508,2.7656571508263514,34.92879239077409
3.882208963801194,1.1050639300286922,4.109789718370623,17.631364052418427
2.010300477755741,3.9571342076822735,3.705557396170558,29.47781576303935
4.343957830991594,3.3582553183819637,2.394222911680056,34.92720991830237
1.074302169053241,2.912882290638798,2.0440601612497376,6.3965096831805175
1.0370091572057136,4.098066594691782,1.646773613467572,6.998347486151064
3.0404561425125127,1.7462208203509775,2.1219136654859794,11.265892816297525
3.1229745403097877,4.1416778096296785,3.6672994886218166,47.434151106755486
4.052089549847578,3.663919155323413,2.392857696245337,35.52563003345606
3.0762886364979805,2.1257733569175485,4.113237030366152,26.89848238855272
3.082309251875074,1.9380342320393122,4.440289759258016,26.52460745870566
3.3098729410329955,4.903483107464677,3.4505423499684365,56.001978176059765
3.3589283781776347,3.0725352480171133,2.1475912126878636,22.164055839845584
3.5583465322056615,1.557237756250745,1.9918886823529642,11.037436774583608
3.9191154699906954,4.941993532777769,4.356782147761484,84.38321667301723
1.4415663839084236,4.131862077302591,4.261181467167647,25.381103033541933
1.5054046116690736,2.5857060988091254,1.4794369321171619,5.758758389826975
2.2248192737754717,4.772021242390215,4.479803575210747,47.561558641145815
1.7324579917517435,4.751318902473816,2.029719795823823,16.707558130441104
1.943087144628493,4.136548586280854,1.731520894149472,13.917401131302574
4.429477006886195,2.08397317417124,3.2049282980410627,29.584408707339094
4.84039526360206,1.9659832805203852,4.294332447087328,40.86545228000505
1.8184440127692993,4.588298841394781,4.186748974331987,34.93241035100213
3.4948384361013947,3.2549736660296853,4.925119395209702,56.02622304494405
4.113458217609713,4.23854301581075,2.669987791243624,46.551422969023754
3.442743405966226,3.294837546986124,3.1471820464393794,35.699367914704176
2.625170393794131,3.379727571943753,4.698620142450952,41.687852982521505
2.3168944416604136,2.5287956366541406,3.7152294840153064,21.767353276516236
2.0727732867118616,4.941956417927387,3.8804760706584602,39.74987101512711
2.290473468369738,3.8744123320087493,1.3961270625185067,12.38956474129178
1.0012940825565684,1.008055797539149,4.1330605914648135,4.171747299030622
1.6133340228457431,1.008721127202004,2.2659484078588674,3.6876137612386986
4.557763832699113,1.9701659708805788,2.8128449658268755,25.258085406571393
2.7683587959723512,1.1695516724530965,2.711504472278685,8.779142856062263
3.4206720411806995,3.4853408293875074,4.991349892462026,59.50791126468043
3.0401986197357482,4.1171012509765506,3.2788485506155234,41.04070970490718
4.082423864954498,3.8272585897677778,2.7626228769660988,43.16457849930769
4.407434997433455,2.336435450243922,2.8118750256270406,28.955809944867372
3.9258600645660553,4.252224495345799,3.5867608086854106,59.87608772303954
1.0698371142425978,1.3142645716334065,1.7517171690688498,2.463000203048951
2.8999570132511936,4.360208518887175,4.39929995080549,55.62658428964422
3.17339707682683,1.4628753122006057,1.46637108535145,6.807311378784869
4.532679006198631,2.9964353426229295,2.2174360365533143,30.116949204726417
1.5588341046235117,2.4641282621152634,3.5442595432674797,13.614093410729518
4.15265629591987,2.2457856479889258,2.2376741609609048,20.868495320463154
2.554316632306955,1.6734891547475388,4.514753690811688,19.29886175806194
3.626003622342302,4.591458301111668,2.974857004354043,49.52733650053719
4.681651880777949,1.779313991133972,1.3148212299278783,10.952630053702
4.0649811434501695,1.6582962696325332,2.983525612743329,20.111776292380455
4.529749300060585,4.719112703658249,1.234145485417872,26.381584427535845
2.545066055878606,4.27601488494655,3.5398552922762696,38.52332598032403
4.347816992758863,3.4937347447209093,2.2625094440130638,34.367788352227784
3.265802092540353,4.790930241033177,3.132876318460922,49.01770346018374
2.535234776053634,3.1431199098892715,3.136467347275006,24.993087159770077
1.363114125657137,3.64290178646661,4.9039493617866565,24.35149663903955
1.3437126362356016,2.219939481999147,4.715722193279503,14.066814133310142
2.2938974356955115,3.6047179836508434,1.3620334822371434,11.262455107565552
3.674791894063529,2.654585243739736,2.5366813385589344,24.745449070152677
3.487316248522568,2.653683982819957,4.876452443778925,45.12783820614322
4.615032990136715,1.4914301236618699,2.2741945355353494,15.653279221457312
4.90505475531014,3.879513440713311,1.1958432112624142,22.75597054909151
1.1356749226171359,1.1586942789910109,3.8412459780690336,5.0546957194047675
2.13668752394976,1.46720532103559,1.1051849414289174,3.464709815358417
1.5743940963741658,3.3192596266743344,4.153653935955189,21.706259278042427
2.232596683722167,3.0642596378179476,3.4600252667211935,23.67091828898347
4.439728549448659,2.252496057611415,4.958731974125616,49.5896555742567
1.6194519110447292,4.0716098125480515,2.6114711448748498,17.219456522211892
1.4667091265227943,3.4005793172447425,4.125373491308842,20.575963318208906
2.1684483420802807,4.628758817832533,4.209802181469309,42.25472910942167
3.172992203021109,4.969001469885962,3.99766510323578,63.02959829285195
2.902326127358432,4.397875134262554,1.913886200876922,24.42897343432104
4.831640096104527,3.8155218494551755,2.777422227345351,51.202413000448935
4.038774984948388,3.9564859315124243,2.6545949127792112,42.41871823147034
1.8646525075506215,1.2231590393743481,4.345531463162947,9.911142889641928
3.1172613321763607,1.141593468995342,2.6812968669895754,9.54178416640311
2.4866533134862507,3.432736049924295,2.270855692694217,19.384079767189345
1.114284069974512,1.0039696689403286,1.9958067049177068,2.2327237473995813
4.192505398143728,3.226545900984705,2.5331510705588727,34.26672261308007
1.6676352478159244,3.6878288715039464,2.334134605023041,14.3548190829745
1.8463537197383326,2.2695191057136705,1.375918477884639,5.765559413987105
2.680245873364137,3.7646590684994643,4.2671997533694705,43.05694987180915
2.1665105834616134,1.7032320631176932,2.9047768193763654,10.718830642688772
4.453320992229534,2.4850421681700516,2.3312249108820766,25.798944467589163
2.944633066269996,2.6953471659223527,1.653971142639726,13.127252041476211
2.9162004422689543,3.026812690042629,1.0464727594104168,9.236997909835216
4.433706783387177,2.820201010786675,2.070539801192302,25.889914452793036
3.608802391092761,3.1376546174315583,4.838897710260723,54.79168793116757
1.945609994781448,3.66232249829791,2.5436426247634567,18.124601537474327
3.194305724114478,1.3827689750667105,3.387348136049317,14.961872180698128
1.5281513081814952,1.7421716518141057,1.055136070992606,2.809090754740872
3.0449554422801937,3.282220722805577,3.982051707501705,39.797484301271844
2.7934416967475046,2.448012866943548,4.326315088404581,29.584991838047923
1.0756930548795745,1.0310095060728646,1.2814174595877725,1.4211557326756692
3.5766601414747905,3.9653239388412493,3.8650101768129157,54.81595548337571
3.2942081360745896,3.457444800146808,4.839159387494769,55.11581291475571
2.246480694378262,1.0036987598387337,4.232116674410441,9.542533877849399
3.8549512271156887,2.875375235004336,3.208011530417343,35.55898338835726
1.0315572815836132,4.26591998044981,2.5579650354169745,11.256429550612449
2.157040565230822,2.5225648999190633,3.1842951191292683,17.326624843374535
3.0229597729863547,1.4645149899673857,2.548354180563892,11.281996926826634
2.8032411544911406,1.5860855627915056,4.953052350062845,22.02216390339076
4.50568325187734,2.161341989818629,3.8968152095146524,37.94844286337064
3.013016374670373,3.722092376580372,2.3146193144769667,25.95781973656828
1.3374332205815724,2.1486914463795057,2.206687175287274,6.341426051641499
1.943836976183729,4.387827458062315,1.945113895771898,16.59030678923519
1.3330093372208518,1.7645888925069073,3.5942050551848967,8.454337544992088
2.0718824443929877,4.207952243913871,2.5759464492708033,22.458086137745855
1.768326482935528,1.5923551466619221,4.745789463615383,13.363211892133446
3.677233344481881,4.829344399988445,2.2082935398932886,39.21625964650777
1.6355744098761722,1.2727195527403472,3.226466076933105,6.716300614908107
4.029116030759111,2.4574680141729037,1.7441545485240852,17.269613307022414
4.165691295452122,2.5773041344937004,1.1771955127593845,12.638669324907015
4.415657514450567,1.9914649398850202,1.9484829940968766,17.134232912546995
2.8311109660009715,3.384783724954674,2.5768796019677973,24.693459835867994
3.539004326014492,1.6902326211283505,2.1394303044915266,12.797517023699433
4.379874156901998,4.2823551391326395,1.3336413826787834,25.014013300677526
1.838991076964931,2.7542775095887038,4.077629701457166,20.653568615938152
1.0402815742372935,3.346148245223329,2.973381040245176,10.35015018752984
2.6369298733429316,2.835335656907319,2.740847709942641,20.492170719650524
1.1187673918420642,4.880038095570882,1.5637562998591186,8.53752688592399
3.924501146010289,1.7377405708185236,4.428213491177246,30.199374766996762
4.611008313411497,1.4203549434191043,3.8198219893258814,25.017039647332172
1.4898937143105115,2.7300788619094947,1.8081774875520709,7.354811358832994
4.414220295289488,3.8725802910217184,1.7839936457158645,30.496341145308996
1.1756716799894331,1.6966800215232563,1.4552061064653623,2.9027558661869803
3.5487616415187775,1.3508026811210807,2.332324166815417,11.180408108657081
1.6228549799728609,4.234693674635787,3.3284074551876093,22.87379364703504
1.6994190413852364,1.2514391656582387,3.587353054639037,7.6292938642052865
4.25315667456387,4.77714647633883,4.050972996005081,82.30747659243681
4.2638504816672125,2.0673188284615125,4.934409829488889,43.495531718957885
1.5380610756414708,1.9762910958177073,1.9004799745199445,5.7768061339922046
3.32931020443456,2.223675185155231,2.037951259782986,15.087573702344045
2.8549502321499123,2.5262820825399106,4.203324142183169,30.316095470752185
4.497529994008325,2.3211693279596055,1.9622297107992042,20.48475333021641
4.7235459817176375,4.204619245455469,2.130104760681219,42.30539790920015
3.8195952017889208,2.734086718747635,2.6943736061529986,28.13762516397781
3.540732437788653,3.806346407925695,2.555338307729275,34.43894393005114
1.3212817112488593,3.811978616215592,3.0132476047346493,15.176817067192802
3.3017367348623554,4.860917379125917,4.263561240197513,68.4278959827151
1.5312854159924387,3.5069501773634975,1.892934143630359,10.165324506634033
1.285439494110875,2.283361281016313,1.1164385028528576,3.2768840709633444
1.9364906410845055,4.042035621251469,1.6264010114669234,12.730432973092968
4.891897156077418,3.062151677297002,3.5290858089280466,52.86475638179845
2.0500069352396983,2.5708586569003664,4.869682936266148,25.66458321688689
4.536537590132532,4.114443131092183,4.9720141800021445,92.80426518172652
3.533415225565683,3.972231085508276,2.1497088711275234,30.172328712092565
4.846776985515326,2.6033991197587922,2.108416890711478,26.604204495369483
3.028160164110498,1.2713785750754245,1.3834646105240336,5.326252912829016
1.0957087248871682,4.897294593521007,3.7905250686454677,20.33998941358727
4.97276254642089,2.435557492551485,2.7380093215053187,33.16126047418433
1.5830284586531729,1.8624801008087126,2.4722549197189188,7.289095050895786
3.9099205241089283,2.2369782822887663,2.6422609649635653,23.110290586931548
4.283507866013544,2.325656081509805,4.944491815915974,49.25685994478683
4.3917630066357525,2.456237934753637,1.577248766322442,17.014121388894715
4.947235337894051,1.871185227467512,1.4284225020185821,13.223183759588322
4.907174810240362,3.507941480298648,4.355747085075444,74.98018778958684
1.9662786153744065,1.72782990100615,3.1038537296120357,10.545017096252735
1.2765761461871805,1.8877735026984097,1.3049715940181592,3.1448335877528093
2.4210191275312134,3.4804882671727575,2.879057694121494,24.2598863847248
3.993491503481368,4.547630168761202,2.967970041354925,53.90107372506304
1.3330285837594422,4.880492365841801,2.519618538345921,16.392224555851364
4.8164746836376615,1.2272792431893151,3.1188606492906668,18.43608245861443
4.869648750193159,4.962884207263484,1.3358323173493782,32.28373137306996
4.694215310184765,4.015237882313876,2.669669314335371,50.318971454229995
4.541917595680367,2.0102047595706756,2.949770058799577,26.931944481268943
3.679334700133375,3.4795865553771046,3.7009447081776865,47.38157984115726
4.026274292643279,3.0641681937019234,4.971708647370634,61.3368725773345
4.607746527731652,1.7632391329894408,1.9725779421782668,16.02632585871437
2.048830534569793,1.31591329184187,3.1922852251683294,8.606666990307156
4.876588107512668,1.4271033134359228,3.2747387900310816,22.790200913902574
3.2331744331756935,3.6163862125166997,2.0603905617995952,24.09092593985649
2.364008814404139,3.0334515847306194,2.647399984079378,18.98478666307634
4.469551140929081,4.3978486956011125,2.8730448391923047,56.47374631651252
4.900662615155117,1.0246260032391077,1.0912543482469945,5.479566036952679
2.149381744656091,2.3545895879053926,1.2698513506336084,6.426605781685682
3.17600539490776,1.8652250770899146,2.8176795786983915,16.691834944943093
3.1581939594184356,1.2579734394373192,2.4906329913979977,9.89509587946534
2.9503064087155266,3.07470874822668,1.047044808502084,9.498092045134
3.4165830136005675,2.9024047586028643,1.9076603774076948,18.91694556654266
3.986729469705196,4.582519293114365,3.0085670135873595,54.96430717306821
4.547161589747423,2.641709146308117,3.102904585353435,37.27295360805768
1.4976310577989884,1.2473519075716792,4.834286592661609,9.030800049095395
4.085850937956055,2.6644139694610502,1.939957959428452,21.119155063070444
4.179280407698057,1.7741703285892259,4.362331057735974,32.34561730536677
2.554652754686207,3.6229451928276677,2.378149716527293,22.010648209863515
2.6508158584673733,1.3081797643058048,3.119557001591547,10.817824029713071
1.8843513500245628,3.859114032966406,2.3007270350930367,16.730718443146117
4.9176547764461835,3.7362378162357346,2.370654841731987,43.55729250352263
2.9719614020289584,1.4655966105509997,2.0581093606202625,8.9644998570164
4.8639038839605995,4.082368160358188,1.5733610490105616,31.241044588100785
1.0500944864299764,2.858087723770566,3.238553086255955,9.71974683243608
4.274241290559191,1.6137915857757155,3.861863508654877,26.638109661061662
3.964637690653387,1.5073273644488778,1.4175461716608897,8.47126567633118
3.896943314200783,4.396476872683398,2.057028978823007,35.242709604913124
1.364297692361979,3.587429563665668,2.2330147573517216,10.929092974596086
3.3070228021865087,4.122575951083247,4.484208890374594,61.13524968715357
2.7751062797289765,1.0736650709827953,4.107948504721639,12.239775036799758
4.5743199863975175,1.1066893969808977,2.259562748293799,11.438700703998302
2.7645391570966393,3.965206169288143,2.76438742534242,30.303125724826458
1.983062361627729,1.1108473331937967,2.904481816549379,6.398223556276954
3.6915413618795396,2.1535958071330197,2.5659691938650564,20.399680893441953
4.77495791499793,3.170009708699211,2.3848405230884415,36.09852718552056
4.654723204597015,4.526420397673434,2.3873602748683296,50.29985241391005
2.6149757161808567,1.1966778709566852,2.3837115350635556,7.459309348593395
3.216079502033517,2.5210398840221058,4.733511262305722,38.37866884614568
4.891181439906298,4.011453124456807,2.37402785604409,46.58019535108884
2.8586076752628435,2.0808503474371807,3.9251178646151565,23.347915087148813
2.491568721625093,1.6414131293671166,3.5906424881045282,14.684627647998305
3.6164186771584625,3.588234509018603,2.002964340705883,25.991583532859202
1.9068131906041916,2.8948580005514257,3.6637430231133306,20.223690831818757
3.143204742375864,1.7574975107209139,2.815662943364858,15.554213461647077
3.0484021025574086,3.1359504907890217,1.6766530344636412,16.028196177831344
4.039126061284703,2.693529510777867,3.279866066266831,35.68332006698487
2.1314621588364493,3.651220859971181,4.131045091861096,32.149606832646484
3.605039407095284,2.685204105529711,4.253446419925836,41.174495384001375
3.6821072730849265,4.094039567092571,1.5277367152404895,23.030161762803623
1.156958145540837,4.731456762249286,1.930613805531289,10.568368093110392
1.3955415161933753,3.886983025040566,3.4759661056930287,18.855191078376077
3.4871310920721297,4.523615386526024,3.384439046855173,53.38763021437171
2.768028826200935,4.011534947873693,2.0581887825382132,22.85421956937042
4.150183289148947,1.46614702220399,4.984280920826977,30.328247234109075
1.15688496736202,3.20023079459245,3.2784386798169303,12.137759912604144
2.2277518974406796,2.107054295438779,3.1870577246908383,14.960030489661172
1.254862845223537,1.758517894893766,4.401720146878233,9.713270429435376
2.051597887563251,4.968713044201813,3.5864324007241035,36.55937885783111
2.5186933901726523,4.873574451932868,2.3102991017370496,28.35901332807465
1.8233487909177675,4.552724867694787,4.683556130690664,38.879161363168706
2.41990656984764,2.925095163385808,3.1130517491966656,22.03560295575785
2.8103240622985837,3.323258621296869,3.9383951479871238,36.78238024564463
4.591566661171435,4.47793961996592,2.8642527962942514,58.89120936813092
3.21780146369642,3.0576238056305423,1.5186256972395435,14.941494536707944
3.9192026596009866,3.578961859470374,1.3801135562371671,19.35840685342227
2.4042837854252803,2.441539455087803,3.2853204155915328,19.28533586996164
1.7576398332371896,2.22459635636944,1.199294199973708,4.689287296846928
4.0778028347200586,1.982472795719417,3.998492810649478,32.3243484251138
1.9709995971982255,4.447682930427802,4.225684143179878,37.04395830178488
3.772664949665359,4.916764672734049,1.7341952478466038,32.16811787656687
3.1906347244608004,1.6978146322850898,4.786193087532562,25.92731683023168
1.614081240443404,4.771084235842377,1.2544165701529395,9.660158594713566
3.6437074611370597,2.4714981093891244,2.116607256328483,19.060929066411365
4.137294002493098,3.603016863444382,3.6232265568395894,54.01049646133257
2.446254857609589,1.63925800209354,3.561578534228901,14.282082537667161
4.362298649121245,1.6177835939734933,1.3575260579220774,9.5804078131624
2.0505554878002745,3.82852487220577,3.5275959172225884,27.693753985979463
3.647685330553735,2.9044270990639505,3.8237082130407223,40.51003241573806
3.571089606149817,4.335279201931449,1.6105820661445862,24.93450085767594
3.241117022141058,1.301770764693658,3.8147148285841443,16.095011938606714
1.5921625932059693,1.7917270318501877,2.611647027546409,7.450299686347399
3.969344149911705,1.0257045642380915,3.5928728444314166,14.627930562936935
4.737980827218624,3.1106762175326144,3.440936225016235,50.71363390542618
4.693148136620824,4.735961008167412,2.239857830348767,49.784349197302205
1.3472416392083013,3.324103979394464,4.333664973270464,19.40776081453344
2.8961312190378945,4.760364618181493,3.3194645673787124,45.764264924159484
2.5686362897344743,4.99725747430352,4.7148643956027625,60.520644835779244
2.654853755742259,3.080178460688512,4.833645492206323,39.52676553638235
3.6928257751829756,1.3029602838202834,1.796041079808929,8.64184081478295
3.6616306036986233,1.3382631718629474,2.7656170811682155,13.552147028808525
4.606479135019846,3.125014276176154,3.101648462626393,44.649200621092646
1.2392179341502847,2.4107999391195936,2.7693080857248966,8.273325962560705
3.24257393314429,2.5606553398875787,2.2504667966935403,18.68588294427514
1.1099894520869067,4.361805313938314,1.3087382887577408,6.336332188571345
2.3097299018766555,4.26178989452639,4.719307514516373,46.454897840425225
2.3278566768172233,1.2718573140013367,1.6425361235337217,4.8630592310380285
4.618533113002016,4.221831586832282,4.923247866990218,95.99678047134705
2.6820680426336514,4.480989514217642,2.8017326395843716,33.67211598613491
2.85360112019581,4.588554533513759,1.9620066415293942,25.690327311816773
1.9721401428663938,4.731896458534756,2.913080039344165,27.18475502016062
2.1704703673509433,1.8268237444874975,4.564396788941895,18.098138187128164
3.4416912610524717,2.091240800708028,4.670076767232709,33.61243475542243
1.6955936318544667,4.495457137897587,4.577268758289097,34.89008690455147
3.8115710028296075,4.15594586232586,1.5883052021415605,25.159838798510915
4.849794807070991,1.1035958177152025,4.397055312850151,23.53397777615876
4.359991562557923,4.678070027921857,2.949894823593918,60.16707504548969
3.3682023800224044,2.311965443707643,1.8539938157751399,14.437360405992626
4.756591590011585,4.467769831164158,3.5167740327562567,74.73621836603293
4.818560008250562,1.5468801914680674,3.8521903026007474,28.713205793645024
3.8624565364073034,3.4976234972764453,3.4344580839807928,46.39753239785874
4.133910609593549,1.3058598207912375,4.871832572544,26.29965161983808
2.529042124828765,4.7752757196210815,1.7976016365745786,21.709407483086537
4.224090559194202,2.8073280354933874,1.048439764486031,12.432826334784556
4.9272104163946135,2.636942397855632,4.590024708659984,59.637135564111496
1.0325476833512108,4.786157469772566,3.0406571994158353,15.026732692331807
3.9371776876194846,4.858542230462271,1.7662966903625086,33.78739059060778
3.002023058003996,2.060582575273447,4.05066955546563,25.057103249901335
1.995364956167394,3.35756587829396,2.082286154612358,13.95042037770476
2.7327993372297645,2.5591638165694883,1.2543062181893663,8.772217794344991
3.8890023860576153,4.108957522775016,1.022661004606391,16.34186269916497
4.906004484195494,1.440487025874308,4.716824462742239,33.333967379970396
1.107928993815956,1.390378346604677,4.990898582066007,7.688182220251685
1.7617467961003777,2.8705404484465182,2.7797790669840223,14.057802623181058
2.7482328797087474,2.1850330166598844,4.393965031885182,26.385670290095874
1.7589313610953292,3.971319872575523,2.3421651290459753,16.36067705163135
1.3274546833423138,1.4297170856493389,4.877873812660946,9.257641790759621
3.7927677527390564,2.2721093124623564,3.797837033324885,32.72817559312046
1.5692126269670204,4.253328860393563,4.507951287200102,30.087767985904193
1.1661179717440922,3.4320820005521973,2.885211681830385,11.547230262043392
2.053120126662443,3.5647060796565824,1.968770429290835,14.40897755665397
1.1883182195655393,3.009441070435773,3.8781720597966722,13.869016748668153
3.7230280254341315,3.741779972893174,3.439646519324902,47.91686161055073
4.413754964436403,1.8274123493228558,3.7111853761678137,29.933494668420103
3.0540599253819,4.40216811325168,4.996961962226756,67.18158124344143
4.397135702858051,3.652595236984698,2.3929103269932157,38.432429686351526
2.796717285440756,2.587858300406158,1.7584863917784062,12.727059400515605
2.1845802888205084,4.863627200035742,2.5186090499344718,26.760181143342063
4.482441199798628,1.2814412275064107,3.40008717340103,19.530049563907735
4.8277117249483705,4.556735092552044,3.2159122915612626,70.74557917993022
4.734789064357669,3.7652728497232264,4.187927825868108,74.66142541883049
4.155424402989019,1.963675965003827,4.765331928995666,38.88466548167607
4.835801174060865,2.0962022172433032,4.135254592833593,41.918319648190625
1.3073417773201226,2.0628729550241225,1.490992691347973,4.021028362594167
2.733248237242774,2.228858522273438,3.8500489655432792,23.454589263456093
1.8062765501060083,2.6521425478036122,2.0995249032552783,10.057780120106347
4.900817824193073,4.422029706842372,1.0889891509617202,23.600095909368566
2.427059105267299,2.866088243365286,1.9743970847438086,13.734233017584296
2.100163959900446,4.481850745347266,1.9513708068019198,18.36751463306239
3.0939152548374023,2.5706191266630816,1.6653922078849797,13.245326759286195
2.971791171228487,1.2286121272436175,3.20303589757782,11.69485635683022
3.4857251298094503,2.5686255253966785,1.1442063638556692,10.244677472563097
1.412416075097033,3.461892189813376,2.8889269092954475,14.12578997888974
1.4988726185262937,1.3539208009290409,3.602667232990609,7.311090100311951
3.0828894137602414,2.5373560726398257,1.4448456855026133,11.30214380538225
3.402416867493982,3.18307824780943,2.9805309200658985,32.27962412907614
2.7850887474405663,3.959564491258235,2.589230064429642,28.553352091125554
1.0263183994908807,3.5926900919877904,2.48380018675975,9.158377199407665
2.0606118375182905,1.2512532988987046,3.9308221324943062,10.135024865762624
1.0330481735641124,4.967804281125558,2.5590196459634362,13.13284055803086
3.6143115468747573,1.660510220001561,1.6557788649203347,9.937324525059028
2.997364470507071,4.783703989919375,2.1054070020415403,30.188387513733257
2.2448597706063875,4.4790412715800025,1.2840861989136276,12.911255031431944
4.2979162309775525,3.474628540962134,1.9794725433629634,29.560774698232002
4.7805500912364085,4.133504012815572,4.421138941414201,87.36357556041503
4.232253502078073,3.5157582921420474,3.5368247720232135,52.62646835930654
3.593734282863785,4.684174981817439,1.6202631975839212,27.274992538888252
4.4590727503938785,2.8310290496131976,3.0843541274594677,38.936160110978186
2.3497720425155544,3.4098346785652285,3.0095104863716955,24.113203787066578
1.5197418887066045,1.5115865371344435,2.8731067468080624,6.600162242595336
3.80844002861485,2.4333408110419565,1.7088616514353205,15.836418316269066
1.8151465446116912,3.2791901481391568,3.1485508114624525,18.740837724065408
1.086479554625257,1.8110889344857704,2.0946071252473266,4.121581688240387
2.8722158682001226,3.2357564321534937,1.6632296836911697,15.457709015427866
3.1963317651451506,2.3390648156497256,3.573766516382753,26.719005085874745
3.4920713010626656,1.275416418657311,2.8050054311380914,12.493059617802613
2.199586589729911,3.1386635416918165,2.2717237565408945,15.683440680984532
4.175953703671507,1.5420008824788463,2.8468262827230983,18.33163764954838
3.3819441596562623,2.3730219654902593,1.0803940094206754,8.670624093228932
3.8272504354959307,4.7572152190529575,4.157911762616003,75.70332406763748
3.430622449745329,4.8812843696173775,1.6212089677537485,27.148512047133963
2.39257610157573,4.803900129068435,4.6362434695429275,53.287576002784455
1.1475403431144247,3.1168269002030553,2.2340581939186417,7.990521561121819
4.369960231427688,3.33614634756095,2.0516421687987476,29.91053596798153
3.0412801265916003,2.1544235047770437,1.3460457276683666,8.819568071127087
2.676979881234322,2.932415288817046,2.837877456016515,22.277385511923665
1.7246726491315973,1.4049626645860878,3.9381355280390067,9.542498878533184
1.749944029558013,2.6789143570083067,3.4728242748972753,16.28042720108789
2.858776797216413,2.01376672370248,3.1957092376619793,18.39740914029739
3.198768175985283,2.701167603068574,3.6382431386358522,31.435908638097423
2.1132936500137016,1.124644982266278,1.6914824199968597,4.020154893394036
1.6566884592433606,2.0382704704806343,4.184045664104254,14.128598225051222
2.4983780187027036,2.217653237166475,3.7642838889942425,20.856150780789072
1.040763792318832,3.043605551880305,2.316184259041865,7.336917713908731
3.6187684705059553,4.659820804218911,1.923305969335964,32.43234814205763
4.514800889475044,4.116690258283105,2.263313318589813,42.0660247192972
1.0896583987064967,3.6163285481574703,1.7708798188792643,6.978263093242245
4.864200840885685,4.580620222892794,2.5319487435508745,56.414493617760634
3.9644851501498195,4.156825057996928,3.11524670702812,51.33824148294104
4.513548842743014,2.0331095833458255,2.1967405423179884,20.15847615371193
2.026361998528136,3.3728994556815093,1.5476732476368746,10.577905996932998
3.7009341068320243,1.7094384513218097,2.937615827669,18.584882548285847
3.767689301205569,2.810382328348292,1.1445959193159916,12.119722640386671
2.4904740507662106,2.6132560383392285,2.719723286443043,17.700629156060653
2.928165661222835,1.6842078781533862,2.144889113445021,10.577820250705068
4.037472340898006,4.983801161022486,2.351345550441747,47.313679560663566
1.0916812668472695,1.2687506168500033,2.1112484718036724,2.9242296247509505
4.210229787726256,2.859515323296085,2.8351830843702683,34.133383232411795
4.399144591312432,3.786600278978502,4.734850463915302,78.87220217490734
2.595331426461675,4.67392927839737,3.5777511503315416,43.39953660180556
4.032789588749618,2.4888171363961225,4.954710705504789,49.729816154252944
2.293857925802179,4.090931157391423,3.6880945693535008,34.60913424129253
3.524683996862736,1.9122076176836047,1.4090597549108677,9.49696071629066
1.3172852925972278,2.3509583290251412,1.8311832459680808,5.670959953633416
1.1294210393274002,4.4465152576314,3.1997599891675916,16.069155896217136
2.7000537173183323,2.596500962403301,2.8287509128622674,19.831501608529997
2.3462271795590284,1.7399329994153812,3.7589969995119974,15.345271105918231
2.4426903040137136,2.9536068860415163,4.018680473168147,28.993762495532287
1.6491131320613448,1.9845224232168288,1.329156427817407,4.349932885006274
2.762867514397521,3.9339164780706755,3.1160526358285923,33.86803346270424
2.803214932304817,4.741620720258586,1.52105714185217,20.217559948708118
4.18657185876121,2.077599546714378,1.6146154900733762,14.04395749566633
4.911069883012771,3.54654790300601,3.8804877676696643,67.58779264663076
4.691725100117489,3.8839792184960795,4.6620464076084716,84.9544333820626
4.191207693034411,1.395236089642486,4.141536602122628,24.218563948054793
3.06239007457174,4.672537478193579,1.729018321145705,24.74075207287542
3.280812956504872,3.2758669477519295,1.5224456511565374,16.362494875729574
1.9540274595625897,3.8042751421505674,1.2152818232519267,9.033989558861759
3.621226188468665,3.3131853432147342,4.568194061767731,54.80824916765331
1.3817015004890667,4.136840620660242,2.5816544900455343,14.756424408283674
2.5554789974789376,4.946435765976167,3.577037099053543,45.215582923064964
4.245837518522508,3.7056588663256846,1.167818676963157,18.37402165158737
3.134511538251276,1.8471903012221196,4.474865908305652,25.909649527374704
1.057364227934301,4.325626696555512,1.6157988607738227,7.390280935517109
4.186991404427422,1.385583098215276,4.136319181770592,23.996543533379334
3.186156591308585,2.2422282582335895,2.810680753932502,20.079757234767943
1.9296537722480784,3.2488933494258747,3.976534139327859,24.92984413329872
3.1697739554743,1.8461729810428795,3.0725191087575654,17.980231371208
1.4558821401894355,1.4349637031744837,1.3551721405932935,2.83114165241281
1.1508675531550416,2.7443620749560615,1.6638904141293485,5.255226935202879
4.9969244013905865,1.3099615991114106,1.7345138072113193,11.353744192320763
4.080660785250009,2.8404958205678175,2.099102887884576,24.330911285724586
2.8884718114549437,3.0883354031357757,3.628940076015454,32.37221308944149
1.696366389959953,1.3666020476303546,3.737697411119197,8.6649461102774
2.5960392685348768,2.768677607521053,3.1023283039207192,22.298281859678145
4.332894743011169,1.5438254796807307,3.393163856927204,22.697664681199598
2.046859738364187,1.6836369819818193,1.0659195689791754,3.6733387112298956
2.187120688026394,4.6838804190701175,1.361747335193468,13.950028071860341
1.9698447046540637,4.293962081468846,3.1351282561490326,26.518289444447515
3.2976976205496933,1.6159402901782083,4.52124355583683,24.093175436291503
1.7989338795521328,3.4439121949780427,3.5580811134955455,22.043630147157376
4.387165592864642,2.458840917108686,4.066387749304113,43.86551645373746
3.0703608664044846,1.0612009258137949,1.1685201533937253,3.8073539194957404
3.573767900793772,1.1865063058115437,3.9877546084490287,16.90926848805763
3.4382885249392356,3.3374047782553964,3.1197961362603555,35.799537594346624
2.3420386366306896,1.2462074714373128,2.365810130499265,6.905009702398052
4.8190965973032345,1.113548245724059,1.9189220037426473,10.297504551241879
4.920315076844816,3.1729716696924126,1.1027623463976237,17.21634818742701
3.516947380295746,3.519721247143513,4.535486339135769,56.14330872630904
4.1692388246739736,1.5018960554402363,4.890723368772939,30.624552320951647
1.86858761460701,1.3436795497625402,2.459819563194949,6.17607305547371
2.5612365079331525,4.796287077187564,4.2197188983982645,51.8368227109971
2.944209950779555,3.9472380918246825,3.855967547319404,44.81211785923479
4.894938244359839,2.8170356218454793,2.4971404221274605,34.43360716749794
3.4888279937348345,3.403451146936099,2.7937152036515234,33.17272976136346
2.889928913517134,4.528928480685526,1.81796072567853,23.793981485626542
3.467801596712766,3.1852248559294125,4.550990550191437,50.26900302565723
1.9844529891701321,1.3159140708287835,3.9842389251306556,10.404320453432891
1.519152136540065,2.2815798968656655,4.48550352165819,15.547055622712016
4.515291204012906,1.5291353959476237,2.93741680310469,20.28136965174453
3.9945037511279593,1.5111500601439984,2.8341995120297425,17.108063163767294
3.0353569674250958,2.2836959923473352,3.280075797240301,22.736936151052287
2.7884385377962406,1.5470388006794695,3.7820343237097305,16.315025182258783
1.997776309025646,4.463500609402383,3.5419772038212693,31.584079111953574
2.2039407799693747,2.224621547619665,2.8539003191187673,13.992485331871663
3.871204951889797,1.5298498963731353,2.961099908085896,17.536707038079108
1.2155841968886856,3.5147397635101134,3.0596811122130907,13.072371628871688
4.721465583363356,2.9958129202112507,1.0393399863602375,14.701077053708236
1.9968463184434482,2.4091465445480855,2.850190448952274,13.711398104904235
3.98506223494719,3.239702765337033,4.432033605379023,57.219402635458366
4.563981819551982,1.860897307697742,3.5302519732802295,29.982788260400945
3.9300497035561137,2.1220075825068894,1.7153518823597427,14.30534044549928
3.531193352297351,2.665544606854478,4.774439585107516,44.9396675306888
3.3223732107017776,4.557071779751029,1.794634679926872,27.17129524150124
3.0464450531968112,2.9836471323274956,1.58292338630257,14.388009103518527
3.2903093103084684,3.890825655368079,1.4737180222553006,18.86656741642922
1.3925725429575926,4.565045028111385,1.0293095585788294,6.543481810344148
4.893927025850939,2.552492293586827,3.412095612386039,42.622912358649344
1.7724650269786157,1.4369774896370382,1.215077049034881,3.094791942400696
4.9007825851171125,1.7309984601286348,1.8131808515627807,15.381661215777715
4.90881159415848,1.9582012869828933,4.848549727486886,46.60639906977369
2.276175450233671,1.6766742391549023,4.116122222992594,15.70878836720247
2.7002484111668075,3.2291090767904205,4.414799841167585,38.494390963543324
1.6841616341527588,3.959470012519609,1.9290041785624874,12.863347326048407
3.6521349849103433,3.9932703060653294,2.044269369674082,29.81354719142665
4.014202017443994,1.9979648806154726,2.089640860025592,16.759410041138572
1.6872050698202314,3.722118650006736,4.6304130599118105,29.07888963175086
1.7820029906816677,2.9786910931331283,3.2688421284277815,17.351133122141995
2.3612570436955993,3.9257642826543693,4.692067861895507,43.49424240575466
3.0227451889939325,1.8453804101743732,2.7526714076361896,15.354716999331787
2.181148048395515,3.32834113861935,2.8979659843760017,21.038087709248572
4.246892985707934,4.154774098341953,1.350248060016026,23.8249663063143
2.147118266283598,4.8779286656076,2.4060079386944975,25.199299459203385
1.268379671776898,4.6012711014892576,4.605672873577777,26.87943794618405
1.7944169797989633,2.091610800942141,1.2489508117486103,4.687589584066391
4.197147201549097,1.2589798536573094,3.7951797547587507,20.054199551966462
3.0176710521507704,3.4655895762381093,4.359109194887356,45.58760468663181
2.4045358107172747,2.8714686095034145,4.808844872663568,33.20290554192402
3.4886312433290474,3.8763798394270834,1.421896386495583,19.228674270044046
4.484652128173877,1.351343108667642,1.4460027158057271,8.763215678475104
3.7294570923891635,2.6857166982726266,2.1543958636437,21.579000291307715
1.0554416568371296,4.202971292043742,4.4749829529324145,19.85098403326997
1.7234328343694263,3.1160638201354276,1.8967202790944806,10.186007560310097
3.7257959848258,4.3795298811673575,2.545729535606125,41.53926668860955
2.2205244528306824,4.964004748445753,3.72885404175861,41.102016804085984
1.333154238404091,1.2685393481988005,2.3945675062756258,4.049593452192302
1.3681163698475731,3.028760208753982,2.0924296917448113,8.670393426842477
1.4086674793278475,2.4056138157783438,1.7565645703853718,5.952487837673367
1.6779993176287262,3.301344237123008,1.6577799657068897,9.183526385599675
3.756356216480754,2.629218240133134,3.155345885562328,31.16308034871004
2.65693535671505,1.2149872910688773,4.5609964510492045,14.723547359869576
1.4299114605969359,3.541432631577408,1.1672029398097452,5.910639943691335
1.1848995164482816,2.416859685248989,3.4708738499596077,9.939665952617213
3.546595439868303,4.830108176558872,4.623085788493804,79.19549201822434
2.0291975386861902,4.5234084881780685,4.245125669246759,38.9655388826633
3.199782631303566,4.656230100902523,3.503486934139258,52.19818628221852
2.904530488147784,3.761283915212651,4.7460761166418965,51.849760581105485
2.1182763351415175,3.821297472095126,1.3122776802743377,10.622315674887334
2.69335380307038,4.555645913331533,3.969246459174026,48.702520076570906
2.4266881339968447,1.5262159117182001,4.8572991345229575,17.989736147875067
3.443462162107545,2.2763550599148537,1.5810024712087554,12.39275508900662
2.042742239115969,1.4557646384261238,4.248691045865854,12.63455314291298
4.65026027334535,3.3582304128608444,1.4756260024705532,23.044328138209508
3.382085292434246,3.3261643725270207,3.6650397527441694,41.22939412403943
1.2579039136258228,3.506385305882975,1.4174272087150492,6.251840234797277
1.8216504500492574,1.8112490624918594,3.2080497143439777,10.584840275467517
2.3101973413859986,4.736686094777047,4.77859992073285,52.29068797971292
2.00899959447444,4.553382636037021,1.445695201938173,13.224849420385144
1.4517031710765274,2.16933551769772,2.34972867715271,7.399838979511623
1.633570837556206,2.6563941470446677,3.1291785235672394,13.578782355104497
2.1059750191357796,1.0934325835266985,3.536621785468303,8.143926483803778
2.250250989923207,1.2903279031563692,4.569423042043313,13.267601468220684
3.6474205861238365,3.962088929063179,2.6062135726401934,37.6634471351927
1.9178182495371843,2.1938076675578824,3.666177656021973,15.424798636588175
4.10180174861145,4.595672667386896,2.1759102751599397,41.01707972497479
2.4793766806932225,3.9349598138953743,4.9312123282224105,48.11012845235584
4.631610802702745,4.624339894714748,4.7761482885895425,102.29622517978147
3.2665853707480386,3.479164440477513,1.927158099838009,21.902128030640444
4.162110987942386,4.4821784984545765,4.15623143198561,77.53584555513122
2.812073704509805,1.6374400073569269,2.095540327080751,9.649129154754457
4.59486420621092,4.940137672144349,4.579359029481349,103.9480693191996
1.6258084575066976,1.4817563511672862,3.8225044200039453,9.208611947422193
3.8042761666754994,3.7848689148642323,1.5605217683904802,22.46946388615784
3.4527860573212963,3.511231336798482,4.535548638516379,54.98686272374753
1.26782277995345,1.8380651905517111,1.9175625951256885,4.4685745813559095
2.438149010717784,3.9104274067818494,1.0297843239026268,9.818174554664614
3.81899918278005,4.350079117405386,2.095150010179857,34.80661941667403
2.412006334919642,3.486871090834762,1.8291536975823868,15.383832239154131
2.553613035749948,3.2644784372796485,4.533421487367747,37.79157480966428
1.314607736937516,4.791947692961712,1.1856477904014042,7.469025617965232
2.823458167431228,4.205720064341486,4.921396769532318,58.43998553850334
3.5974426474145567,4.025344974630913,3.493402261464438,50.58777538147098
2.7602569711223714,4.003380588849996,3.86104463409008,42.66593001064208
3.3268393502212343,2.6956211192116646,4.867256095061688,43.64905820901452
4.4655851048732345,2.2371989030972794,3.0805757646195464,30.776190582857893
1.2753798161536203,1.1305949065510599,2.3298661139046053,3.3595223076243985
1.4533598136666939,3.8306483977751564,1.401838203975144,7.804468470443004
2.5574754176254073,2.1762065735130864,4.608897602413069,25.651256600858844
1.2088266519899653,3.377346128172046,2.2876901441308024,9.339783291493283
3.7613435281308605,4.5946294206416365,2.8546327070423394,49.333704309909585
3.9567577745261495,3.122098655179721,4.858922782482069,60.02415900976328
1.8681979615249764,2.109167068921236,3.9715979506990386,15.649452697780834
3.891832200211743,1.347036595519238,1.2860029391797783,6.7417937594095125
1.3518004493791396,3.3184618285238106,1.0358660014373364,4.646789422013809
2.791803705811109,4.719810466631143,3.6029893052526183,47.475813095955246
4.459646877249661,2.392474467526374,4.42128701935419,47.17332546346459
1.8987443062365257,3.885218808311037,3.496844994456496,25.79635522475675
4.038857009359926,3.2828555661346366,1.417861727196152,18.799406258527313
3.4167170675601732,1.289972055634323,2.319701053929126,10.224011735153386
3.8248928084233516,4.905095229345957,2.859085321463461,53.64062480869348
2.4999889379255356,1.8465210888070165,4.269890957820319,19.7110220330007
4.472202240455285,3.494522040110875,2.787039523637606,43.55643699471018
3.2311434930356553,2.840837176029414,2.2319181874317646,20.487117535173102
1.6942232599774196,4.079485940940938,2.3272364008691917,16.08483394872538
3.9783989106998674,3.6742969597204236,2.6614920481107966,38.9052090881472
4.569079154421779,1.9659831415947013,3.7549798287820626,33.72997968356299
1.75070060855783,3.6634587293579086,2.592683179863446,16.62848321020377
3.26930017453928,4.648028856712131,2.1399798708371143,32.51870944361229
4.892390639025649,3.413843669496458,3.7397555329977084,62.46086142304553
4.029875356388535,4.416746222735318,2.3912561067051237,42.56181621643779
2.8613573971738746,2.859133706745644,1.8701116178622121,15.299389469150034
2.2022530579801773,3.984561849438939,2.967671137451702,26.041354347042986
4.716229514503716,3.0640666350364323,2.997372938254944,43.31456124280998
2.140185712117838,4.344096245870593,1.7753976260572761,16.506178371653107
4.243849613447049,2.1124643962659895,4.652009510753137,41.70517785968664
1.4882173934487972,3.021999047319344,1.3051918973915404,5.869959004200538
1.5545892781761523,4.620300958085091,2.1405881924576486,15.375139301680923
3.125129884807303,2.3404714491642955,1.1619293211977362,8.498673223756803
4.190642282607282,1.4594324088292447,4.180560980460058,25.56814022676128
1.4032861524734366,2.7078188557910936,3.5509469067866966,13.493046797008644
2.8653200337300873,2.6606074910206523,4.115838582726111,31.37706228609385
1.6186232232528446,4.509179992551307,2.4854793426324475,18.140677243173307
1.2002212956695164,4.281693744094785,3.962220073101383,20.361769763557966
1.5784837630441042,3.994079445816718,4.410097619487247,27.803855381866303
1.0363155101041972,1.8355436280605546,4.9975600498310335,9.506370377260914
3.1571643416509048,3.072544841057312,3.8457551242132344,37.30585914897725
1.8267407532468232,1.1527343375503523,2.728853336105258,5.746274158533733
1.0686818992020402,4.878333290999614,1.77636173532132,9.260860265821838
1.443436704213882,1.7897336372331987,1.9756933386671616,5.103941413315518
1.6425434072382807,2.309942746602135,3.619817411144477,13.734243275687444
2.312422437955132,3.2262603978146376,2.4060277840808673,17.9501147871243
4.044991241974101,2.5079818520924424,3.49992220518626,35.50588698352913
1.8236166487878096,2.41625141868702,1.1360677668529764,5.00587393577406
2.3002100391980527,4.151992003858149,1.9816275228151263,18.92544188736541
4.063279148792245,2.931541780775135,1.892883723556246,22.54741116904052
3.997389106300214,3.917662315308133,1.3041744063348966,20.42391981900428
4.394468717312661,4.006389765398229,4.345757360716101,76.5112063321437
2.5773285381318933,4.810301622220319,4.558288550834403,56.51241999410738
1.6865833299498267,1.4081133819605314,1.7250755507985653,4.096882885930558
1.868401293582254,4.682517371428408,4.127403684556328,36.109918152401896
1.4173784257948632,1.936151042563659,3.3737362655755976,9.258405155023722
3.2169227389982136,2.8352721977306055,1.7389023989103234,15.860270734525031
1.0177500302383424,3.275759193100085,2.51634623563901,8.38925682525116
1.0969649744010095,3.9991352686402895,4.7902144003041505,21.014245766377684
3.855601394750532,4.452136430750479,1.055245915471596,18.113996223000512
4.0827085753035846,4.733614956463636,2.8820134551056666,55.69770665354882
2.9753180431875417,1.1602807016896448,4.132752288177035,14.267104422043074
4.815010104236279,4.1887428121873835,3.5167027588115105,70.92781162928875
4.727258123344533,3.2229636967392454,2.4551352909488977,37.40590439569986
1.7216121907926483,4.77939882297553,1.087820618185312,8.950883148550995
4.560874793117961,3.2003808640217706,4.590325992818821,67.00286049297101
3.4470877712991665,2.6608844187812073,3.0114265452913274,27.6217141483014
2.5918697043084693,3.619888243460046,2.1985173420339676,20.627102366442887
4.455539583845253,4.478125143398315,1.194539080795984,23.83399781244926
3.0138213114201764,3.970908147798764,4.9728603952074515,59.513241867021904
2.1549084757381674,2.6280410469575615,4.267504942347018,24.16768246653259
1.2090660543278764,2.386665487305548,1.6754210993504648,4.8346558142990315
3.7077933638585576,4.2254878899963355,4.5429346204440915,71.17522863841629
1.2204012755411298,2.593066201926855,1.243025172850749,3.9336542179226575
2.907784436521853,1.1267908027005933,4.282324790137097,14.030886262798441
2.3387476142200603,4.094853451732976,2.0155853144929066,19.30291536941296
1.6689791403361194,2.6516430813522196,4.987501637170615,22.07237298494643
4.634838011050463,4.119930276408947,1.175196344134263,22.440620333741585
1.7069744973156826,1.560896728337049,1.6024245597280813,4.269517476530843
1.9345251839841766,1.4281162167237018,4.120367260217221,11.383449001701688
1.379390883384727,3.4991064568654267,1.0895470983288726,5.258846754481181
2.3397047767662267,1.5067698046924498,1.5343804440727773,5.409299461819184
1.447520068915252,3.510797833352306,1.933525855458174,9.82608234312545
4.936679793080959,1.1499697498585535,1.9082046245621922,10.832939530573192
2.8860049813008395,4.580828227342218,2.5648943148947394,33.90865456878538
2.060499052583785,1.1740261984767089,4.119196062673041,9.964664274435458
3.1559136104898724,3.349341127220809,1.7566900504671432,18.56862006725587
2.033661645592494,2.270941162052589,2.30196629381082,10.631230649239752
2.5054927947120857,3.024150600726802,2.7941134071939886,21.170962472340996
1.9530094048675606,3.0211542353508127,2.3967516107181774,14.141655714694194
4.444250338542632,3.575680864343354,3.5911974350986977,57.06851170750042
1.5618693276744793,4.510236271575536,4.948435221639213,34.858755556832165
2.9062619171771766,4.270783408853333,1.093239298831608,13.5693027699151
3.558401803192837,1.1126643149330304,4.617925575307563,18.28378369168684
3.6417641516210377,4.192749283994141,3.754856095569044,57.33291288980079
4.8638574405654325,2.0361790868308796,1.1618552343878878,11.50664802670619
4.012600567904341,3.7664159477164465,2.5946740801917767,39.21362792407559
3.6758556115885828,3.2325058889339195,4.684413482924059,55.66125458177455
4.511742350106029,2.2185769136442466,4.617645441477312,46.22100277170623
1.7373225799984593,4.529484621313035,1.3775044779346008,10.839825051424983
4.933676694909761,2.833650382621846,3.0604805338058396,42.78648146795015
1.6414757995439357,2.8278245043027583,2.715880338089142,12.60658826127188
4.806377172746462,3.683052673261503,4.687808916615751,82.98425111708511
4.129955874357483,2.7152299991982094,2.6033998823852276,29.19395375547704
2.8764525452765555,2.78202295905115,4.2687082986146985,34.15972782649826
4.079240625568717,3.911234349880204,2.4068488738497407,38.400951399670916
1.3083285050628732,3.6483197590145213,3.6455961101059873,17.401162037020562
4.043840204916211,1.55865600750862,4.524615180122918,28.518449622621585
4.058666484217509,1.8896568553202244,2.765141479551713,21.207216479495436
3.3680974088539806,2.849802956135093,3.246027184990425,31.15671262196699
4.223127847063376,2.9296139393604177,1.2000711892973026,14.847441813690054
4.649204934720075,2.905583185377808,4.100068354377665,55.386395278641466
1.38788079648175,4.633542298471667,4.984750717803049,32.05595672799471
4.89197313038032,3.746505101295431,4.920190148613075,90.17627226496647
2.0328502478347357,3.8332343339731847,3.622976712694365,28.231652454588257
1.437848825131646,1.2387323043043295,2.790874926900227,4.97085465049263
2.690254605840708,3.7552818241751673,1.2130502303337578,12.25503916356469
1.4608661952656448,2.645245100564142,3.5551504129934752,13.738342460952957
1.3097541564079669,1.4194799740314896,4.6365810266059775,8.62019140102762
2.005611965685612,4.908861548082055,2.599882471997839,25.59654869760588
4.589029386315225,2.4890269418643696,2.700127347128856,30.84144259141335
4.068532908972156,2.5005689945185727,4.418827556417178,44.955592797038975
3.282715424571323,4.731038794476694,3.374240389946631,52.40416009301693
3.4942793242849803,3.955711957002364,2.4130661386206933,33.35427491457766
3.25238567584452,3.9479066487980434,3.0559577158303175,39.23884861067429
1.7501179820816843,2.070534091008817,2.5892026099527565,9.382438982510806
2.129486366595638,4.03004482332095,4.201560106831435,36.057475854343366
4.547686151877166,1.1487683567128868,2.9401570612528913,15.36008009111882
1.094456294070742,3.8870136100461092,4.692234662235718,19.9615475602112
3.375852452843882,1.1935359857491767,3.125222838598888,12.592152189868777
1.4626187627889133,3.1219330553122906,2.106571009351326,9.619020040885344
2.591323634728079,2.7154323693677838,3.751907488933787,26.400537457790755
1.202787269588804,1.5501016140087356,4.100123704544867,7.644444840394334
2.0627960195932507,2.4197630869300095,3.0378291879421475,15.163256538897137
1.031952433428596,1.0773637480812996,2.0046381817963423,2.2287329585598887
3.150699176342095,4.1184679701673295,1.5678338657993254,20.344296343411663
2.684333340180445,3.9710192352368434,2.3785609625803628,25.35436412382441
2.43785438949111,3.434521600610923,4.470564713795887,37.431428384098965
1.7757397429984438,2.1634401999996,2.4954806842655923,9.586904976110995
3.0943103362628475,3.874513336511408,1.1633347789553428,13.94715861861607
1.8988340560251165,4.49707817126929,4.015389810876597,34.28823748967462
4.462708038341316,2.705353601362633,4.745080970238673,57.28832705477709
3.0900015060748016,3.85316660272815,2.3196219838293364,27.61809343458056
4.760867435630348,4.138355694361148,2.244226387706904,44.21611379056109
4.4657984122525125,1.0890121898546314,4.514721731465361,21.95648641547622
4.622971796125352,2.254644116484986,1.2792808896799164,13.334144486673788
3.6532094264113653,3.2133302982253777,2.5698288745139592,30.167140299924718
3.1529052224433225,3.0055858406157303,3.1531120201436322,29.879921495568624
1.1502069370593397,3.8770190317794238,3.8033097385842662,16.960381267565666
3.6684091781464216,1.6944523633374815,3.5585781397937755,22.11992457741973
3.3122682159497425,4.567894720704253,3.8862517614539605,58.799348618178904
4.3701023793829386,2.9261487184227786,3.4758826433850776,44.448090795516755
2.667329218322791,4.547909304970964,2.382623339158878,28.903058991572205
1.8171820360377007,1.9286142062038394,3.926267533747653,13.760166381485856
2.611911994160377,4.927796669169056,1.8103135827081034,23.300494031237694
3.7375856560625893,1.147460331142475,3.9506021131033204,16.94307083588387
3.5918527800220454,4.382284214081879,4.96743731508273,78.1900451013472
3.6081297600906015,4.838787676676748,3.4717826418492264,60.61376224922457
4.203176680036277,2.7938891746306758,1.2288259297167574,14.430360731572653
4.303103453526243,1.0971377172613952,1.7191492627200922,8.116270598938067
2.446212466049657,2.7607704544996645,1.8753283362522888,12.664900711943005
4.656402188951748,2.547739028623805,3.9789955343103287,47.20400813185624
4.63912213175761,1.2166013115383678,4.965172723892234,28.02324652406531
4.06452593400426,3.2658469107550734,2.6183616590669825,34.756445465689744
3.986730925505988,4.311427107903395,1.3199108440425622,22.68728725791399
4.58574418204512,1.0401824652477658,4.838660073436063,23.080460267220936
2.5540435173755625,4.2962731082551215,2.6810012791846907,29.418274433923774
2.0205041587109105,1.2227494155041603,3.849732454547398,9.511034584643335
1.7109059156282975,4.302291040466871,3.8109408438812693,28.05163125903303
3.727146100437267,1.354096065254348,3.895385877237371,19.659677009832695
1.7740261223291456,2.863096842499536,2.1487492220512587,10.913945505006767
4.352461030308566,3.000987519161894,2.0049037687009883,26.187413922785026
4.6751856395542095,1.2217787510237823,1.3818196957492512,7.893012790073363
4.137859479084211,1.2149920221996147,4.547223817535963,22.861014301461545
1.3080583836055406,2.4015209586290447,2.65108709036851,8.327938411026558
3.978752039188228,1.049538569326585,2.5133892201473005,10.495545732086144
2.0485594750705753,2.8957496757238532,4.6840550112282315,27.786355033478173
3.4025369427394363,4.14531410467062,3.697393319826427,52.15019606702147
3.633252324488899,2.6628000739269972,1.7228363506065412,16.66779486741433
2.533584176072779,3.843637476324288,2.449435137925115,23.853038038964467
4.720780196363609,2.315251554857412,3.2162860772737734,35.15334327188497
4.825744447508047,3.945283705502619,4.521956048534211,86.09320890219269
2.8948583188225125,2.866682499941255,1.1704156049978933,9.712857384509807
2.4347714123388853,2.280037800849381,1.5826072123913937,8.785639556251393
3.460207884626325,3.8417949461077687,3.888793769423677,51.69532672996156
2.274318583997845,3.438189606095397,4.071513325729942,31.837355270788752
2.347092201865721,1.3868305947851103,3.961654664878136,12.895262292413458
3.303768716850274,4.404011417111311,4.603429229961718,66.97913641374676
2.9197163558075268,1.7819708442723599,2.185108133712002,11.36878858523396
4.4538116298307155,1.5191033974093604,1.2950072628865184,8.761760629135177
4.411965769864336,4.0754725790791895,3.6744631691460685,66.06995459467187
3.176511980089254,1.4977099860230005,1.9193616878483208,9.131351163489894
2.611819082936591,3.630917203321725,3.235146550904282,30.67986153406256
1.4972744814174175,2.0521992870331474,3.17727687720938,9.762836527248083
1.5919636435343851,2.585324372182565,1.0919228815434026,4.494073309023539
3.8539671199994108,1.548492557504102,1.3955501054458233,8.328418907002465
4.047860220805033,1.7007429055865013,1.785117149367403,12.289406152249986
2.1643789977315726,1.1146598691357452,2.3295473654982577,5.62014113442351
1.896497289659138,2.213821332873488,3.9678568140723707,16.65907126629508
1.086911184018795,2.9692179020082827,4.241818042998058,13.689518183641184
4.190788668669558,4.618708230531581,2.3322638722675966,45.14336975100929
3.7890836026998036,2.195776518587581,3.4123339561265325,28.39055300421244
4.608290054517365,2.717259646031195,1.0628138033632513,13.308470060792995
4.157869341077366,4.49574121575357,1.1049527885217079,20.654556035655762
3.058429235194427,1.82805974821936,1.5051623263217593,8.415349588407881
4.001238141232571,1.1111321843495854,4.26372312512572,18.956105726295885
4.78456002288941,4.110179899621439,1.1626504022973823,22.863988051941966
1.7095945276592008,4.724117433364947,2.3380171961191043,18.882587461142126
1.517819134164423,1.6141577246697167,2.866128505647927,7.022013348631177
3.1613231741496706,4.665023202286167,1.9438319407490523,28.666945262722844
2.173304319518011,1.4732160205009541,3.1858057164292566,10.200143069838571
2.418831861962111,4.38458861134259,4.109468003248008,43.583302493150285
4.6417737957139815,3.3653991890677446,1.994927233761353,31.163599714919453
3.373790721400412,4.789333657507806,4.5719615983212005,73.87471312767605
4.860798467302884,3.915491852142637,3.2471085637194115,61.80032355887917
3.592133407147032,1.5121863526531412,4.337421490397977,23.56076559996324
4.596078205452594,4.5127225709239625,1.9326215433541192,40.08416687525218
3.98017379244493,2.2134815928235003,4.2476766190258575,37.42220697708511
4.526952697789332,2.7358441616612725,2.6858432806906265,33.264268698602685
1.9415506058795873,2.6374663694898643,2.8153384455122854,14.41671311701575
3.5279826698739356,1.6169891191288186,3.3738900288392215,19.247062801981386
2.446332183486233,4.2932696567426785,1.8652887428876688,19.590686961631917
2.220179805687617,2.3842014451615254,3.7968412200530683,20.098031878234828
3.4179715545352582,3.7986991078360743,2.175032903406589,28.240291163985614
3.8771246864903426,2.146010033404982,1.0311527930696531,8.579550572372035
3.2696688500578364,2.9885256611247533,1.1125450854760244,10.871222355972979
2.0787656550933393,3.5716629314724204,1.5262133045571242,11.331599968073544
1.7127874700257717,3.538650564650433,4.905843393718001,29.734102659119724
2.2624361018175594,2.496546997276826,2.757676056266958,15.576121155612416
2.615560173874639,2.421688933268253,2.605305423514157,16.502195071670776
2.014191184998887,4.180784826587726,1.511764832913841,12.73042039696154
1.7989529948242562,3.0070088397369794,1.0566674684742554,5.716008389996768
2.85782060206027,2.077984258957489,3.1704678185634427,18.827842879889573
3.708783770214321,4.465321438178206,2.462715358666087,40.78481154466036
4.358776461893585,2.2595391887667295,4.467607285058171,44.00068781764806
2.647578215545176,2.326033984612894,2.180467003962407,13.428094032765024
2.908203270947851,4.387697107312747,4.669670396499086,59.586465576346775
2.9153233869852415,4.482675686365996,1.5373865742050645,20.091258445280417
2.2776114625620925,2.0125899740154396,3.6014108204038164,16.508499836137702
3.4943175978993866,4.887086307368853,2.2855252833657262,39.029987683858266
3.359190844251679,4.526628051759985,4.630626288993089,70.41241198637951
3.696190603221349,4.193609461387929,3.7164474889436536,57.60634790039722
1.508825661978968,4.148556822186247,1.7683927094358212,11.069163965177575
3.2291720493491756,4.143485295892907,2.4664105716545923,33.00063980600216
4.441634242094437,3.282333799665862,1.118973145089079,16.313426900446444
4.403197733642575,3.6916550712085003,4.813180163642885,78.23866347598111
3.589152108224995,2.407231885736575,4.286045088611381,37.03109267250557
4.028386093738992,1.7058798913805036,1.492530347921425,10.25658322598021
3.988523371019317,4.617027801067049,1.8996266349048163,34.98185868522383
1.0617697948715437,2.4165950171042363,2.115361037633001,5.42773633945384
2.6418885587704346,3.0200920750377573,3.132930233140554,24.996856757357243
2.751835676312372,3.9368827473929957,3.4993877473568857,37.911157458531896
2.5376585580353552,1.93133021927193,2.957897882337014,14.49682511383916
4.108952390204989,3.5166925203340047,1.835282476783699,26.519688889002804
1.2019096980357284,1.6119215609821538,1.1908550893913379,2.3071437830139048
4.768791397988176,1.641904726264555,4.504929392554615,35.273151763527316
4.248938630943416,1.910845009453448,1.0036137306257107,8.1484032856721
1.7172947960406542,2.423491856068707,3.6186633926410687,15.06033406940527
4.552156150298153,1.5971056618765624,1.4551929108569812,10.579651710676204
2.693206971164108,4.077179901037031,2.3590807968412224,25.90433333958528
3.235680410032626,1.075616756938841,3.1208409304796367,10.861625189819877
2.2478576569981485,2.8103559614540283,4.185097738999491,26.43843494288863
1.774089994614521,4.245238771610188,1.9782752787391482,14.899252919182409
3.26097174068781,3.348824206937423,3.705974088061738,40.47079763975325
2.9506002598087724,3.767656658898964,3.898830249560891,43.342706056140614
1.8810661925731957,4.5668307867610665,3.7587177461690735,32.289306145032285
2.001752013169655,1.3708791708140176,4.93472678455645,13.54168054391741
4.616719374489156,1.9338705321698488,2.3626326694880833,21.09390946187121
2.274333824382678,3.8890515451675145,4.992890488679437,44.1621237316016
4.550679883564859,4.426928032707001,4.281550504538259,86.25411417348226
4.927947077471425,1.0599433364948005,2.6225916280698134,13.698699995154197
3.977410484297119,1.6385023456104335,2.4374807615167726,15.88505336731629
2.7009032551785337,2.1494002254635727,3.357490081457895,19.491311255041655
3.0803636003682975,4.937336531225093,2.78828055000354,42.40637817972449
2.5585803956405133,2.644021087435408,1.8797162879330198,12.716168882290093
4.231359700608902,2.127432975757764,3.107945335842238,27.977519284166313
4.065829042459985,4.849033483012155,4.230531757837595,83.4063769070623
2.455208312890573,2.39197076628944,2.3198050729556194,13.623719937320764
4.473631342236089,3.8298197913168166,1.9919027115191485,34.12767122909312
2.4893825784901855,3.11604834814376,3.0382758896755955,23.568016887003207
2.0519929679044115,2.8442095885296443,4.974661780985874,29.03360897569188
3.1198326033107393,4.050209175816702,2.913385502558037,36.81346531795574
1.0493435895110004,3.528210518202413,3.971716313288531,14.704505521616003
1.1009150649299397,3.59201886962818,2.6517051065879746,10.48618822788808
2.5019009762671347,3.452042641519203,1.0667781339897648,9.213409484952596
3.3994834411482984,2.5703277937926448,1.7021137587930601,14.87270708827026
3.434653019971257,3.626894214790687,1.1327852503321374,14.111245386221242
1.8245026521067746,1.3210425932654726,4.464194724637751,10.759806205800114
2.002844081275086,4.587635502728061,3.917552463427545,35.99572021980412
4.102821288384171,2.539248122018315,3.8778724108327043,40.39998985902962
1.1438352149275164,1.555578628156744,3.960840087924904,7.047624223281501
3.5281988827632054,4.082194942294383,4.499872809246329,64.81074845337919
2.5601154510744384,4.281611628710081,2.6257311627713493,28.78174230845988
4.709637077972021,3.5410072662600585,1.5479162788000442,25.814381702661752
2.786607318294439,1.1291025549486942,3.9782017799354747,12.516876604575984
1.6556576026758134,4.352526977008847,2.811064245448646,20.257356474740803
2.1094707229901455,3.521510166830242,2.561469606385607,19.027934854204897
1.7454882595187327,4.886131020229243,1.8164046299789658,15.49154170515043
1.2661140423906319,3.5145360282914306,3.792785397622358,16.877149425729925
4.221060277430956,1.6482997153573442,1.0354166359094408,7.203986264205272
3.998818938751454,2.454949416946295,3.953425718814761,38.8103779104809
3.389623247635614,2.0637418057739247,3.2262687057059116,22.568740712511115
4.346309674100632,3.610346948596232,1.5196377080559071,23.84567755032635
1.330234673591872,2.574407233140943,2.3759521580025154,8.136604420689498
1.307726055384876,2.6298502788198848,3.897634116170725,13.404445985135448
1.8767085672366912,4.866575011677452,4.769820827691962,43.56345578723282
2.8997648433489216,2.3478278756552093,3.565493123239488,24.27440748615
3.250380947040609,2.2621367718991925,4.818487987472867,35.42940865238961
3.251859690047883,1.0600083381692782,2.9313971707063913,10.104521316171356
1.2649581848516234,4.793114522047198,4.391863485942418,26.628261148110568
1.541775942890081,2.731306187196946,3.4843933684197936,14.672997106423685
1.5018173972179776,4.887767941111614,1.9705654574187688,14.465004567158163
1.3649026582481523,3.4499877069302425,2.724749000381377,12.830563462057103
2.3524056826624373,4.898741182941624,3.5064605411208585,40.40784324385262
1.7997809305328452,3.6527449816061064,4.993003883796602,32.82471035726269
4.461204964089653,3.0072223568268286,1.3871422990492377,18.609672630581795
1.9601757926411212,3.0942568471793943,2.706083900852166,16.413176500735876
3.0903812979484173,3.5006604059243425,2.4168362593936434,26.146242052725174
4.1440734608876895,2.182570965830866,3.389047507380538,30.653034627476323
1.1298398248507526,3.7316125616148916,3.1624310346947793,13.333202911257391
2.4034838213609766,3.802589101804429,4.583308356177451,41.888969738988145
1.565889321327207,1.4958080482948009,4.9872697139525375,11.681531482715096
1.0340023719102263,1.4809302383987513,2.5499905465804553,3.9047632409184767
3.205992800672928,4.875732626490851,4.968657449331545,77.66788541543033
4.614489296741182,2.1375803207549415,1.8613272215045278,18.359836713120483
3.9961850247252455,2.149451871834659,3.8110685892622738,32.73558288608564
2.1261847632982382,3.403056305057541,2.716238451416768,19.653415199008094
3.345838571716825,4.864493841225634,4.221027582385565,68.70064768791775
2.78357774184154,4.158201980703806,3.478916927146994,40.26734488885496
2.9769772848912077,1.6203562303677197,2.3320328182772085,11.249175235577866
3.486447875594228,1.463964165417309,3.6705108341434998,18.73441486410967
2.3508531482088357,4.406211231358512,2.8515583415892705,29.537455159242107
1.3751034162092313,2.345268986380927,2.434990046509526,7.852812207191991
1.1356586807453013,2.342871768058022,3.366674139690681,8.957718843097773
4.155669623876578,3.6513375100944594,1.8894540515916072,28.670107906987397
2.7083482872666456,2.579957224230388,3.903974567297224,27.278720626788175
1.7019140241371642,4.661031661550273,1.0328057005918452,8.192912117660102
4.378100722333073,3.5986140469729926,4.048885019144587,63.790567142693234
2.9337601567157026,2.0242226130897727,4.385348532559195,26.04275909766383
4.2481719394580635,1.685539306641783,1.460601817524159,10.45858203736233
4.928323980177463,1.7096310849964316,2.9328409747481747,24.710991471127333
3.437197617898099,4.211089059682612,3.4325748301537176,49.68427330720788
1.847953434292633,3.013991467098455,4.756908185856659,26.494627074613547
4.986467394192239,1.469142672957056,4.196091897307412,30.739864447784736
3.0227951752124014,1.1733870211762198,2.504725429220447,8.884032231335647
4.710668107132818,1.2985562078437893,3.353035299736945,20.510742633398266
2.010644519421053,3.8058553519338156,3.3681954362721167,25.774179908473798
4.708935715701944,4.197933494895039,2.861889018055708,56.57324677265168
1.7212301603442497,1.688935371949969,4.518369317197305,13.135109714111858
4.002149768078398,1.3320115587895551,2.8686000137178804,15.292247785097995
3.4833847081664486,2.0947401376969617,3.5315600256303283,25.769036917033013
1.6933389813640765,3.7914204313401663,3.922175603855841,25.180994968499064
4.37599654845323,3.8033718681713675,2.337624866173722,38.90635803219737
1.7390884555042216,4.281863442495206,4.818955011658674,35.884537787153114
2.5782670172300386,4.528631127480702,4.805539286636836,56.109574115135445
1.8630084942564817,3.9947839623833303,2.3943912991288614,17.819817764352877
4.789271214420872,3.841623522583066,3.4743836371445496,63.92371471346124
3.427895243940356,4.875456951552504,1.072626856540782,17.92633608124508
3.6676160321723983,4.817355309056467,3.83242246021327,67.7120431654659
4.358055766315356,2.145668174919119,2.7290809957646998,25.51947691019452
3.004813630311862,4.137994312542425,3.9752344478826056,49.42767440903877
2.8533452871272127,1.6685742162347976,2.763553433537655,13.157328680449977
2.975847988992819,2.7423317499401607,3.8131382654134365,31.118115470892363
2.5625222509988457,1.2963737009151393,3.274057844495927,10.876375809698327
2.327439715202149,3.6076133274890645,3.6760676933372274,30.866111707741208
4.8975518710386226,2.752476204647663,4.625328743060468,62.35125839683823
1.8746891976124944,3.7326195042666517,1.428064011133817,9.992880007804015
2.919082455157361,1.8752178943150697,1.1826789029218934,6.473884561414945
3.9651338995171606,4.307674083793943,1.8495984571283088,31.592074839945333
3.192809808912121,2.946284784806599,4.020285527299169,37.81853231678036
1.0666866120844665,2.883146474538292,4.399624885843626,13.530666847069025
2.5167855643519808,1.3126186661345565,2.218958318709284,7.3305056799698765
3.9876570773704523,3.9457446554860125,3.5570173854767146,55.96709541746238
3.8319809566970893,3.1001577168898025,2.8495688464455253,33.8521522071289
2.5025136891173956,1.163497107857678,3.677278722494547,10.70701272285049
2.8880850173839683,1.175817315300955,3.2258400928349187,10.954502536058271
4.566798088104392,1.731819432662098,4.015471722678736,31.757842534391962
2.8825144211689664,3.901574541734332,4.894009037417516,55.03971348951641
2.4907016063926397,4.936017364772457,2.473934174542165,30.41490887536754
4.009388852887007,4.898744538240932,1.3689514295700675,26.887536348140387
2.5800903372195245,1.1131898030653087,2.5981373841020377,7.462188985915454
1.7752131361508696,2.1284975631391374,4.551003967258449,17.19613612355772
4.228548642295879,1.3331916429063102,3.7973033775877525,21.40716758743443
4.699552622670499,4.379074605110988,1.1881937401253921,24.45266066785964
4.357561813300732,1.2645482731911621,4.558360367535696,25.118148590211877
2.4684330363004277,3.0783647744211384,4.7617715417966195,36.18345106189256
2.591221763742423,3.47890419126941,4.058606300410799,36.58676209143588
2.107180378303469,3.4281046000049447,1.9703647199746266,14.233195057249462
4.946252370136499,1.1955385129182003,3.84051903086919,22.710660435360044
4.6143330268233385,3.039142629420805,4.204498927924822,58.962279312851095
3.3138973647818193,3.00904678645545,4.408433381753737,43.95945266953748
1.9321766810776904,4.049877012128579,2.6094051640592646,20.418798744227708
4.72863391152214,3.6367616668367857,1.201791810291399,20.667111063577554
3.74628919425367,4.148235905116296,3.3579214591527315,52.183749378365206
2.829221084818704,2.263750609595664,3.0384694863842054,19.4603364990436
4.679020295491114,3.976456496373219,3.5947725047757024,66.88405198105899
2.701425051653784,2.06857734673079,2.437891555954874,13.623198054187744
3.68647805033483,4.446713190401637,4.351110615771596,71.32649699349356
4.786560730573297,2.4999915780270263,4.883080209922299,58.432703094512576
3.3654289417128824,4.807836756900578,1.1950781709780753,19.336882237872377
1.5284959830643476,2.77494783947855,2.3111883204754027,9.802897463014341
4.876955038643009,3.051751710344292,1.7920374670274155,26.671352169124326
3.1715069850400788,4.785944374759753,3.9289539584830284,59.63624063287278
1.0535958734285216,4.504951539798337,4.581632098541642,21.74625104348651
1.0626016013704183,4.343488363409099,1.3871790598354328,6.402383029063717
1.3316592954347097,3.6102970562006167,4.430689958794812,21.30136446435962
4.547685459236807,2.901183354167466,2.987507147824467,39.41618150208529
1.306228868880181,3.8744142697720334,1.8757419576329832,9.492889519646608
4.045430867652291,2.7793646136497454,2.4685659822626254,27.755882974755785
3.152691441073523,4.636582346409096,4.25890347950492,62.25543079963758
3.9489711659658497,1.9523367122499975,1.5837992401927417,12.210650868385128
1.4971810799811673,2.44552539345771,1.4448904959877762,5.290313897942538
4.613746400446449,2.2893636546387834,4.048169744508424,42.7589682967375
2.936117925376935,1.6468163949737495,1.6736280222746904,8.092405103252355
1.6021076474939844,3.2574153210311945,3.2818596329573375,17.127139312090787
2.935392073075087,4.391342937192952,1.586592316390191,20.451671955124354
1.8951587359727293,3.57149928788589,1.4814324517387747,10.027161585201746
1.6695579333083193,2.821263009880868,1.7081708635976733,8.04593237680197
1.2525455917423605,2.6901602058741223,4.652703222174917,15.677508265012639
3.6999888433814085,2.68744421808308,1.2690419391926415,12.61873581193823
3.8366315148914403,2.5151368308496247,2.4074829371034236,23.231375498990655
2.2521664221653053,1.147231140485573,3.3412367332585156,8.632938629534488
3.5186671323224807,1.4343114855284966,1.4158226117125778,7.145465134521993
1.8156486902364777,3.2707091992218027,3.0958027879316017,18.38429753725311
3.8845781739578493,2.0197870187614098,4.293836423879041,33.68952890220864
3.9929876794176358,3.2656669915913086,2.3621144970747907,30.8014251789358
4.165490011091167,4.150403560421474,4.336305976448187,74.96807225122154
4.453987348243576,4.110052499858527,3.2985861302739843,60.38431958399306
2.2726725907698073,2.507485006498309,1.171703012947833,6.677175108882217
3.52529558966378,2.7888987197692554,3.869855332105818,38.047227090669764
4.621819425608932,1.24259537888237,2.9906814467041816,17.175637449757943
2.8324099221243575,3.3968040140566167,4.518274995739907,43.470962586134895
1.0069959688106764,2.3894554781695665,4.923838479178021,11.847602449365052
1.2607583629139776,1.714544821581271,3.0079578543668055,6.502082077850574
3.0116892830339084,3.783285236408148,4.107759401142854,46.80413759899732
1.8073176961881119,3.7210927236317253,1.1209666928156419,7.538721535366902
3.729780068270382,3.162737477329217,1.9298381834043017,22.764979504372413
3.9808584466284747,2.025796054714881,2.731085970033069,22.02458973077524
2.3275593236867054,4.786659276053015,4.281140982428527,47.697191020368074
4.254388430425047,2.2690150027591827,1.93710154117226,18.69936647276985
4.247418400520738,1.9565941764072243,2.736848224701341,22.744506306781815
3.8084446606507427,4.380369058659413,2.349979251410569,39.20327777373197
2.8718964644904887,1.5156398108598785,4.766738190360882,20.748470253441866
2.4124844999250157,1.117501137599243,4.046239083332822,10.908475142098736
3.7558545485075046,4.238385324524344,4.212975935265328,67.06534774134325
4.895968845615986,2.5327457409688474,2.022503765085892,25.079540666721883
3.659540636800522,4.188287974604748,4.600055476205761,70.50601648722754
1.3263655019616225,1.9037061711077814,4.8214082195193555,12.174104890360729
2.0592782206349205,1.0554210594446403,2.843499033510237,6.180076726761472
1.5543941491706406,1.704959866275615,3.085384619013084,8.176823501066938
4.920355399288486,3.7286200078346567,3.644690373741634,66.86598377091717
2.7731181710973174,4.33615662477383,1.164961088961725,14.008278166571612
1.199295453714142,3.1578694248693306,1.568996460072162,5.942132333205159
2.146736264007252,4.874334040659468,1.657971935877344,17.348868535888247
4.356021009255393,3.458557079684098,2.0792045837301925,31.32435500425423
2.2012977115893815,2.478049145245526,2.371354735841489,12.93555965388199
4.703242945991498,4.537193193718977,1.7441876100692966,37.220129673060434
1.2461936746989033,4.809059572322001,3.3736106330008275,20.218114714752073
1.884718289556607,2.3135992548992643,2.0424645302721456,8.906131515979615
1.0271944002171707,1.426902858142776,1.8007937354565358,2.639435309286213
2.8351743540928824,2.3262755575350167,3.4466718933685274,22.73216878057206
1.325850630855709,2.3903592050643483,3.2738115730906534,10.375557643533401
4.523240776475187,3.8070449372735466,4.801838962531207,82.68853557856809
4.068117840714277,4.485069834054544,4.795496349803489,87.49763185461224
2.563305707292369,2.936163848961575,4.583988764712746,34.50040840850263
4.0184347789890715,1.640644516708226,1.6404621979082639,10.81527688586644
2.7712221445500003,3.1617054782139187,1.4831188206730963,12.994773035224778
4.864017998254301,1.8938048037474302,2.45794175980777,22.641332119625734
4.775200242766791,1.9532232427347958,2.1210028559864043,19.782661728095825
1.410271175297857,2.748514067726952,2.5621918406723787,9.931440324999969
4.735526824252389,3.626050782839957,2.9348527472538413,50.39512178078419
1.2133373771671199,3.146857441104956,4.85569286556284,18.540005304350316
4.6245672898504795,1.5050076598728301,2.2316871214442244,15.532562885218328
2.962350416584994,2.585775362928198,1.239208315553836,9.49230189595801
4.600932728735345,2.359385071415593,4.487439086145924,48.71282058396492
3.7573946929074564,2.80933736683028,3.304734990109492,34.88408628995211
2.485385368555054,3.2083174286024905,4.970249551810186,39.63229872027775
2.5303095233205823,4.463434878780607,1.3972020729391903,15.779821063223771
2.568740448083798,3.2227356866618844,2.5576192321687587,21.172922189647046
1.4528681697431156,1.5705359916809125,3.1444673665858556,7.174988256046267
1.8582638595489973,2.8150626594661867,3.1637908844240994,16.550198885962033
1.0083626134247523,3.44531547706729,1.3972827327139101,4.8543381134293
4.25364964532801,1.8075148310974312,4.9163636075155175,37.79963278525877
3.2615256282247738,4.241349004199327,4.621328571422571,63.928078841718
4.157191784108111,1.5314184188101754,3.837954208472596,24.433951936523833
4.896084716711542,2.692744634855295,3.4457259298851355,45.42812625388863
2.7705154136169883,2.3889086522783325,1.3766926763055083,9.111651826013148
1.2526521688544006,3.17434408523673,4.514444648235668,17.951007476390156
2.9008247218399474,4.574653897802095,2.4714358749143877,32.796619174433765
4.156168868759682,3.3991852606545216,2.9335418492855982,41.44387050859524
4.2674993179165455,4.606322441526474,2.794251193766439,54.927931025132914
1.5766610030678532,2.022120008490102,1.0996459220923773,3.505888666608268
1.0694912521688456,1.9209297513979458,3.824830172885069,7.857798290894539
3.8748617867390975,3.8389125122865715,2.3201750294397976,34.51319612748456
4.939062600351461,3.7888645005245007,3.776031525952017,70.66253544301387
1.1419403416173437,3.1634858732790234,4.323737039416448,15.61955254001762
1.3355950451709506,4.252823177615849,1.972599129378478,11.204460824796488
4.9415632823527815,3.8615439079798084,3.266339183851687,62.328492009062856
4.254061736318603,4.679674290761133,4.6355915527623015,92.28361058473334
1.521935845296528,4.478140008920876,2.0997803431951025,14.310930721479993
1.0952878900735685,1.4018341883271388,4.894523774859359,7.515110588940137
2.842566986315809,3.5254828572081176,1.4432293211068128,14.46320888717903
1.0435540930485088,3.812923434330956,1.0711572107006617,4.262125818277056
3.8339564129346293,3.0141145736826345,1.3278087343705223,15.344136355457175
2.7174092451450558,2.106530817617488,1.8214647848732626,10.426622377843618
3.424552288596513,4.163389837956915,3.6499978489198597,52.0407429527614
2.944194499036447,4.935287898231788,4.365032906962366,63.42588140804347
3.2463014340311123,2.6937966135209197,3.2560627193419247,28.473864108461374
1.2248144009513742,3.7450043450547215,2.426321803124054,11.129381014960435
3.6266542045773384,4.120104098198627,1.655280510878082,24.733520616089073
3.91829954471256,3.665039947570461,2.7081774329731263,38.89138962726287
2.2199306588230727,1.5017415195348938,3.9345344741874513,13.11680167843453
3.679231581975685,1.9469632195556343,1.0135349482772584,7.26028384797249
4.212629337283042,1.1479344697206653,4.065163492996566,19.65840877838148
3.722718410280996,2.617349677591473,1.2863049203426713,12.533312437428702
1.5699175431400736,2.9749178381897736,3.206929123407242,14.97756386104655
4.039425765122672,1.242280752698675,1.0763504766818062,5.401235274189887
4.291276788832463,2.435948802208361,1.0136394101302884,10.595907816350381
2.978703207470459,3.6972100602125915,1.6573745385540097,18.252485910028152
4.958299814734172,1.9554321122921037,2.273123393390376,22.039337635135276
2.6078318823560425,4.809217862226864,3.779381785920315,47.399614300496225
1.0007872590561786,4.7544631708622305,4.18698396944708,19.922532936391793
2.4237348045128444,1.4683326255476619,4.204042495033896,14.961551963355435
3.6880048614514602,2.031155312095823,2.294363191994094,17.186869705146314
3.543852471530904,3.8556459312539046,1.3329312388704335,18.21295966254446
3.7149623993820833,4.925162343220624,4.9134569945922255,89.90050513131871
4.297478342873684,4.149903112787296,3.0297384042129023,54.03271448891712
2.319011800735986,1.9454345059974165,2.813076820736205,12.69115550365155
4.002144111529274,1.4488950882871587,1.9164674998877023,11.11299507367205
1.7217915664728114,4.185008910966683,3.3943292298576133,24.458562422544272
2.8450770078303154,3.9768384373245578,3.2564296532308625,36.84458544924719
2.5884795128354563,1.1588209600172656,4.639077079009741,13.91530283786191
1.0940841942504358,4.469648828616162,4.5584698684801035,22.291702339284555
4.0151175972587225,1.503664013979709,3.423578332858832,20.66947020599933
1.378250393032348,2.3701208763276496,1.4211800028117119,4.64245506247192
1.7261116160070724,1.7839506236345608,4.773534717497073,14.699135401754537
1.1535680709185887,3.982216951420593,3.66490125393285,16.83567065152913
1.6837693985816995,3.087787068170769,2.1563814504399823,11.21128889103707
1.020051269978536,4.1642456161818,4.120384387662606,17.502338181068605
4.4801647299883705,3.7314435603278344,3.901867519819704,65.22939936925447
3.4806805362204307,2.607520505738131,1.9947911168615935,18.104616202818363
2.354171206066053,3.295644897949503,4.7342612160327455,36.730823990435866
2.3534653131801857,4.287951912136764,1.909916747230651,19.274012882356196
2.5764978990078866,1.7309521167947812,3.864212964976393,17.233595697908903
2.460648098570859,1.7766455746937644,4.717500449860143,20.623494618330817
3.3003647778384124,1.9427786299082923,4.642797497841624,29.7690518836863
1.5652207612301656,3.4725163368947616,2.955876671138125,16.06594246365846
4.315694191079472,4.330699348556557,2.06869852468154,38.663921685393646
2.5937900178544036,1.9810373323375976,1.5041622066857632,7.728979347851718
3.225908439192886,3.1737708250632353,2.817790120795756,28.849363936759154
3.58873084691214,3.8119919997911844,2.0260202516718024,27.716389148078985
2.5727524499180663,3.9430697209380168,2.2914027491993134,23.245232080624277
2.809187812412435,1.0733150371439564,3.4858714535556676,10.510402729007371
1.2931550614409066,3.9229954984343296,2.0690865067059545,10.49656168418042
2.6086454619590205,3.3108826595768766,2.2220502569752476,19.191668138940173
1.7986601480581723,3.31738435881532,2.7694145089551445,16.524672770810472
1.4006487430117907,2.0925967960242784,4.309837161771426,12.632102862522213
1.9304623327199972,2.988548904439386,3.725817097248294,21.495286122134512
2.633347691071637,2.773942782368296,1.5529899286248936,11.344212221254702
3.2612036392824764,3.2766363704341663,1.0555077389127758,11.27892185647316
4.47876167483291,4.387939926950825,4.198137561422298,82.50405449705833
2.8245545401723318,4.488267389909835,1.9313882257827846,24.484896177500573
1.94028554713366,4.213516512184775,3.9820142256888644,32.55465941241807
2.2826802953909477,4.113165481363881,4.3763188716565455,41.089440798569896
3.220030802237646,1.3561281953869737,1.247357877733839,5.446930648862525
3.9773793044160883,2.5362739478303995,1.5921461187652692,16.06112983430879
2.7324865699011878,3.4617264489329473,4.67762264699963,44.24619875242069
2.5272204831403844,1.4597233665643383,1.8402350645094896,6.788705899762382
2.774514195046928,4.128805205905412,3.7649221435326212,43.12879699695916
3.570951575215824,3.7142117563373085,1.4306410997274588,18.974979639416947
4.475965877781567,3.154780244120065,4.3379498098438525,61.25483896765957
3.1383164082541395,2.2977366538204143,1.7371462606281165,12.526604493070913
1.8112925628162908,2.4427688295219503,2.261885602170705,10.007868947655659
2.49320827595501,3.5718610766128758,4.467631167542342,39.786013992174134
3.0575512245816485,2.4672469175777674,4.840548870428175,36.515812289875974
2.1883405946127166,3.1324949391294616,4.855164614244943,33.28198756713614
1.5779789014159076,3.5054697210660253,2.617502083231199,14.478862649977751
2.116083397632138,1.3862419004716706,1.4547250885586678,4.267295623677995
3.1388776479018334,4.376249265375982,3.7507767632405162,51.522586269556406
1.4522471066940583,1.5425359623020447,2.730528183496456,6.11677465662073
1.2905381887189553,4.369732520560801,4.491312675469285,25.327889627854837
1.2233589535505658,4.704963337912703,4.773331841532343,27.47462516208958
4.287056682884835,3.0939934104649365,1.958658960243282,25.979897530051712
2.8654177482552887,1.859968361913412,1.4892562070515716,7.937119560826609
3.777365283840069,1.7815029341916029,2.0796566148760482,13.994814888778402
1.7062190582581573,4.178512757177078,4.570861156942902,32.5877631060628
4.178228417593729,2.9303139006850176,2.942659040653604,36.02850720778067
1.5282462816772475,2.9649781978861127,3.4114251391101544,15.457907264481413
4.699885077096628,2.819999478959857,2.9367854605315045,38.92319554116875
3.811079092065668,2.3064622230273955,3.8206227399928854,33.58369398041934
1.808373959470607,2.061819722813306,4.187149987394362,15.611960802523225
1.5306281651801825,4.747120967595327,4.639739487282132,33.71270463676504
2.4409678267102266,3.615150226539336,4.122693766521815,36.380568463276724
2.1637029111192914,3.8555814453317345,4.281211969268604,35.71529502351612
1.0025739978415156,2.580301853227849,1.1708772347622896,3.028993304020793
1.2447787827000272,3.7283389678177716,4.525112041736671,21.000851500295294
1.1421296878923974,3.6681849303641054,2.235784298720211,9.366914256206373
1.3628560814773811,4.554827827312504,3.6791982894449626,22.83889860244775
4.416790001149566,3.4022171754243047,3.285705812095086,49.37390301788383
4.456361995612205,4.616696905128155,4.683867779681952,96.36436235671454
3.9802651768691493,2.731032908822341,4.313133864500112,46.88477948662694
3.372832481097915,2.9764492703156282,3.734680154159006,37.49269598995238
2.485536936929471,4.050864313891228,2.215933620839991,22.31128915571392
4.117353775009746,1.7314424244582804,2.853680738601705,20.34377869923484
2.8508517626739627,2.1331216836199394,3.288858506890555,20.000251448095174
1.2808148238738477,4.758931918133178,2.841036921539561,17.31700231100195
2.4844959744951387,4.532867807020667,3.258907742438933,36.701466444952615
4.644699751180563,2.6756210800973133,3.8807292666647464,48.22759440192849
4.039273356610428,4.86037450389371,4.682153994954173,91.92183223800228
3.212514327661173,3.4401186848043452,3.786252475587577,41.84350633092982
3.834008210992578,1.8055559531664236,2.678739875498341,18.54362058512331
1.9081874962673169,3.6352031884654714,2.6077127196271563,18.088788534590545
3.1095097364629827,3.4552622332991914,2.5091051806351414,26.95825651398833
1.6523671211704865,3.423392592783854,1.556910144776746,8.806975738299021
2.1635301865156746,1.8431121845676395,3.474268532743076,13.854093428417702
2.8178433749110607,1.146686449509711,3.300319473088051,10.663935564960964
4.318878100041552,2.649946247114536,4.767144750315438,54.558993510993226
1.2331978078353547,2.720615547995329,2.2020151076452614,7.3878864867238185
4.863987157363411,4.33380246298154,4.656921916343265,98.16586272715597
1.2873332305327265,3.963570315870082,1.5190475828760226,7.750842737132351
1.7640243259007944,4.745616449038307,2.791001617620289,23.36454309699713
1.6684333544494003,1.7693699668873943,2.33599671196815,6.896039523735401
2.480221934829898,3.2642685851476934,4.5952346808729345,37.203527961433565
1.6129306571785733,1.7396518585579916,2.5381476922689785,7.121884591025714
1.5148211966065142,3.4481960003957877,4.6861651700291524,24.4777169835453
1.2835289507817653,4.524020020349472,4.575023273615924,26.565836458563393
2.730367001892121,4.764789502824373,1.2374942962938555,16.099335533401106
4.767922857992776,1.3964489462999805,2.739017269712992,18.23681755564494
1.5313176981342331,4.712381878856377,3.7080804307180655,26.758078585002522
2.8909906438440323,2.706813528512259,4.354543189039023,34.07592289414034
1.7407178916571762,4.451528459738809,4.424231000278851,34.28272554775142
2.623649202258191,4.920796099180362,2.065640855926327,26.66833803333969
2.7526705029413425,3.4963282473788233,2.383119317449922,22.935711390317675
2.177526838702349,1.4025235227631039,1.952472058327059,5.96291334157105
1.0079202669144647,2.4763705464106613,2.8005198729136382,6.9900529684353545
1.9256044327704367,4.421092848926708,2.250742657934785,19.16119342402483
1.2822419454070446,2.371811859651126,4.0857516216312355,12.425737586998363
2.3506216612025574,3.355420521420554,4.750534167794219,37.46900291499888
2.3975217615832127,3.4100246960552107,2.89025121661959,23.629562171898947
4.884682517979997,4.508003069188959,3.039465097213704,66.92951925356289
3.0951221879304005,1.8015582681576707,4.974206922757807,27.736391536125854
2.5150260455719193,3.30187264459447,1.908020038225278,15.84476259955195
3.482443172607747,3.2340673970719798,2.9794325618614095,33.555727914499144
1.5182282864212069,2.6042117667793865,1.4836542047588148,5.866054143678587
3.234735418052215,2.5169983976182806,1.4383910780220628,11.711126804742182
2.529372063092416,1.049781046868203,1.0206621983485578,2.7101509159271377
1.1001484898992286,4.250451202827509,1.7797209055059722,8.3222018190514
3.4659591666673486,2.4904475790443366,4.533224427993229,39.12983954315881
1.049835024581466,1.8426497553940928,3.6399015475459273,7.041310380415865
4.583827459899592,2.66331538126693,3.92973166495071,47.9748643614721
2.728328093068147,4.591042572624996,4.4687532414158255,55.975024073840345
1.2415145359730428,3.3902723915571404,4.976697929178756,20.947282170692638
2.137326862349801,4.349890254370218,1.2312374119967169,11.44698325461152
4.561360568062685,4.2113030035211505,2.8386174531245447,54.527773229370545
4.3699265998152566,4.052480879225762,3.552475271404383,62.910940852454225
4.935935150783383,2.7708379592304095,2.598096377243028,35.53332361564746
2.4537369344835707,4.060027134615496,1.9287790538426854,19.214957016100463
2.727922936079881,1.129978477083153,4.243408505456953,13.080282127144276
2.138787661617486,2.6718149390334496,2.3287908568346953,13.307746862046399
2.7724430601580594,1.82497210346801,3.186307273019123,16.12153982913658
1.273001061877951,1.01402621984326,4.656808716006065,6.011271589045568
4.511825037100536,4.636775158472103,2.016464029258995,42.18506923459901
1.4933890950837911,2.2507777657237966,2.506601550428607,8.425407132415128
3.47821625544125,3.238717959561562,2.471930664210293,27.84620364863832
2.923392529670095,4.023546459916044,4.350448718426465,51.17174264525204
3.064287146689997,3.373949783094679,1.206565878696602,12.474384129335213
3.3362395033099226,1.96459693080552,2.703754870580589,17.72139869496363
1.1031960036807749,4.991439120926129,4.543085548693502,25.016662720336537
3.34691711068018,3.487419585481524,3.3881462164868426,39.54679596410465
4.002395635699837,3.6241601231273837,2.0487958410317395,29.71844473839056
2.118127212941158,2.3145825604146597,1.7744549681994348,8.699407984196046
2.5132235619521297,4.9457524666550725,3.334323187649796,41.44490910893456
2.22448936423547,2.861511704742012,2.714076550616986,17.276189261068716
1.3003547249514833,4.57495497596944,3.86229919658411,22.977066341408655
1.6440607051000993,2.4583383552464024,3.543976931967099,14.323540910412465
3.3236679427592066,1.6409240398138416,3.0849597289614294,16.82502061256659
4.415735325006806,1.8071127538806029,3.421784688626346,27.304923488916607
1.4491795026275316,4.541483476833448,2.884808852674656,18.986152428597848
2.866965566918768,2.077592812392251,4.284259441422723,25.518707478036568
1.016816458621169,4.737168421761334,4.256916947477879,20.504848744437858
1.3534900207350344,1.9833788608460354,2.8723183543585074,7.710691216073952
3.8173456794375937,2.841017102939435,2.9037827685420257,31.491943323961586
3.4158450781786223,2.854042162755069,4.818491061573354,46.975304926156674
4.8704635691700116,3.744856083977533,4.105978306390211,74.88969846507645
3.7280881147650633,3.651700149669254,2.4075682868126087,32.7762974205543
3.7372950262461733,4.9597595105883014,1.8917238144330728,35.06515257014522
3.1599714453353194,2.684996000596368,4.948387458975982,41.98464630742334
1.5750438947630947,1.4476234463366886,2.761756435988242,6.296999297980206
3.1419586727056332,4.173804954603354,4.3751138635610936,57.374904902363376
1.0850774010119721,1.455371997919484,3.989247939191958,6.299785499523404
3.529342970109874,1.6097114353338315,4.352470181740575,24.727356916316285
1.0961780019735472,4.639089812644398,2.8840313329092777,14.666072830239498
4.26771555128269,4.388076116657468,3.0602108961215286,57.308755155275705
2.225411854579239,1.310010642117592,1.6290802880752904,4.749279288201439
4.0222666535913,2.8128118795965436,3.7022744048277465,41.88708621865591
4.321041171260051,1.8707602635592275,2.310882731215734,18.68032587252562
4.59094711836045,3.2736164922859263,1.140906490362342,17.14668387397878
2.618511757862003,2.5435347458806103,2.1987372485351178,14.64419613214244
4.941540383791358,3.384894479155293,2.575180775695312,43.07400012775415
4.296881690727239,3.6501038397602295,4.674776042983682,73.31948831888353
3.835221315395013,1.8057245183137165,2.1701586110370017,15.02911479978559
1.5316074474968109,1.258993325640298,2.5522981032672507,4.92155445717902
4.6236504044659466,4.785480723626641,4.064956994357397,89.94282331624424
3.299260903694983,1.3036643346693375,4.419496401128175,19.00882312385245
3.7867012887270444,4.592719186745104,4.01615569530229,69.84599048025547
1.8600391520422437,3.6736684751741104,2.845746176138669,19.44545941735999
2.4590732548148786,1.9678160549984436,2.7666179396995227,13.38767480978883
1.5151575893077078,3.8769551674380556,1.9419188674545746,11.407216015428988
4.30866352480982,1.5069561323098095,4.0620121973655525,26.37451082926593
4.604722161741399,3.96597390846583,4.220328227117426,77.0725116975002
3.701690471553767,4.202973293721936,1.234110465978977,19.200421684291456
1.2008664432346725,3.222233555800694,1.5253802456924777,5.9024163779913135
2.8571533980326542,1.5943324953363525,2.6621701217883906,12.126857120389703
1.3753900264075791,3.9602288547070574,3.0370197073776697,16.542218943434577
1.8724400088595536,2.6558366622609673,4.981103096330426,24.7705018026303
4.296905031939124,2.1379495406191595,1.1166943011284056,10.258586054492703
1.5485795817000416,4.310312416508772,2.790080703665472,18.623403104894376
2.6633561054870714,4.08067045390343,1.4250437585043008,15.487772538849724
3.0850660146885684,1.8779963771628103,1.3712563546887382,7.944706630414474
2.4930788138873208,4.783174059730689,2.6334169021651554,31.40304864425701
4.489665203416211,1.1450556521208575,3.5084445242621265,18.036620404817175
1.3335221071104972,3.7651219191974667,3.540756194207052,17.77768829118039
3.8532503517769126,3.925844649411865,4.421880916759503,66.89095238268659
3.3982747344088833,2.3747728327639264,3.0000508729112596,24.210802103660463
3.2304500792000526,1.6246323415756314,3.69418453277408,19.3881653232339
2.8525754339603773,1.187774179128279,3.5919561104638316,12.170321169345526
4.378387490430152,1.796600290245026,2.3836254292412256,18.750103517805048
4.737456966355284,2.445892502449226,3.4154087338998025,39.57540139764523
1.1194222150297133,4.4966392815944864,3.7374951750693675,18.813197382206823
1.107478051061781,3.8314298405690765,1.501407891270158,6.370810677584242
2.5093002872819192,3.6273385190351255,1.8997995152555736,17.292130188477966
4.896786928028458,2.378732405792981,3.2735209155549816,38.130448739942494
1.5558538120895085,4.081785289347948,2.055210034489864,13.051942629152704
1.765459508425141,2.604709850403199,3.4591995540270832,15.907162952778542
4.609671496436956,1.4619421384909663,4.679438497297571,31.535077656827767
4.825558619940266,4.597902745583331,1.4080410191724004,31.240838623261087
1.670104080178461,4.140879875019506,4.368891772662259,30.213946469656445
4.455305399786001,2.205491133580819,1.2633003396723224,12.41336164964817
1.4021685113556779,2.6837071098947294,1.3285943748420972,4.999513391282654
2.9376518141236625,3.7130472604367366,1.540082288299061,16.798663202789328
1.8733148974591893,3.755176598245602,2.9049054975816206,20.43493031777952
3.6406322310054815,2.739868857742626,1.6851038199517965,16.808666048652782
3.2549454050182796,1.0786699828910016,3.7402544885246582,13.132078034479465
3.2842286419141704,2.8311792416626598,3.8314004938129034,35.62528115847804
1.1500715307244929,4.728235288661996,2.5582211498444063,13.911117470883134
4.765303091769867,4.065948903785438,4.076242167042546,78.97914402621322
3.3321239339831306,1.617636321048185,2.420344642640716,13.046056259061823
3.9643255382608853,3.0777183380506448,1.0516153970699667,12.830840862157299
1.7517421849504347,1.5274673859833312,4.440296028651,11.88102910182652
1.4367067267326323,3.4893401217570106,2.349484759841351,11.778339317705827
3.3905840453487937,4.727051121037221,3.9779396528859414,63.75628502846703
1.8230870388697373,2.553801421761354,2.664614307839085,12.405917348068492
4.246985782420525,1.3937699169917006,2.9873265212615694,17.682944675176536
1.4939693215976884,3.4567671900160515,1.388660284175324,7.171464045995827
4.642843979060903,1.795216054886322,4.1532005135455226,34.61654440002072
2.0942106020006075,2.4924518819814723,4.176686752158101,21.80113184977815
4.05545158775924,1.7080400678526941,3.9564672441993536,27.405949314697832
4.314115841075513,4.261025605603718,1.4179294938620748,26.065171252092973
2.844631408669124,4.300128589514609,3.56119967896541,43.561594625526745
4.2113537108658825,1.720095606846534,3.172528036623177,22.981574246597678
1.7869109519717088,4.281109186968204,1.8444197049779665,14.109738612954605
2.841273665566469,2.3233602443951367,2.921396002628218,19.2850180871598
4.140468776865486,3.244586675528288,1.7041619564956259,22.893898881204088
2.095597177115132,3.9430521491803825,1.1166909741467221,9.227272184792472
3.0834218922076424,2.2221531088635764,4.948706664316795,33.90772421794663
4.076849050389169,1.6890494658242305,2.4364164932836614,16.77716326815389
4.571479753996009,3.226991738009519,4.427500939846434,65.31505791328226
4.244437367795579,3.0707794980130765,3.785316147382365,49.33679335985617
1.8572420927018238,2.882780016354002,4.361562224534735,23.351893084036558
3.6893185789002736,1.2621754957627718,3.093673485359644,14.405899427183067
2.3693307685703364,3.038832697794309,4.110046211409179,29.592331947080392
2.925285355312859,1.9157414025764545,4.225817148627448,23.681860763408277
2.8884168918044733,2.4011090803878785,1.549624925163093,10.747274946094795
4.159312449407676,4.806363174380856,4.772440792712442,95.40665700748562
1.4689990012003444,3.432167348417359,4.49159882525486,22.645969364192716
3.2469562347410106,4.393814171712604,2.9328817777088267,41.842023341069215
1.707627292096455,4.930564633905936,1.212177800697741,10.206011886815688
4.963345353912228,4.388619331397468,2.4614303490008473,53.61545028244426
2.0794748692515737,4.1889626052514055,2.5467512132071164,22.184348617972027
3.4477226837920223,4.442298227147294,2.8565206203440714,43.74993384052781
3.5774236373203774,1.4969068655817024,4.743451436271609,25.401514500856038
2.116589087951735,4.294847700150873,2.446855700151926,22.242965021880416
4.034231177974588,4.280999006747604,3.977860924715522,68.6998048857308
1.1258449949931473,2.3752025403948362,3.371368771093436,9.015410581030176
1.2812645066367585,3.360050124062263,3.8338438567563577,16.505130891519222
3.604307195502509,3.733922665919388,2.2826483381402376,30.720347753300945
2.081337640400822,3.6995863391771104,4.120261992647477,31.72638116928501
4.143669224959843,2.9119975189399803,3.124380501329083,37.69988272939487
3.302506344990412,3.6597503832404223,4.375839404149183,52.88792160146308
2.2341300434764517,3.9278319823465635,1.2448891665769861,10.92426026452809
1.294868434733485,4.188423411281075,1.507395956578483,8.175297554298698
1.4046670368267624,4.611899403791612,3.215426497092905,20.83012149522617
4.246007953901124,3.855261117067729,3.7572330067888244,61.50391061094652
3.2676729763115167,3.4664369523209237,2.3786792257152567,26.943733349413744
2.589636709196083,3.3776526832726743,2.647947986357028,23.161318711173163
3.0472915326205356,2.4430449130213576,3.3103027979778665,24.64411218678136
2.2600340486845476,4.502678216059078,4.657791672533871,47.398647930722625
2.8695397469888824,1.7445936151644008,3.1804474418505233,15.921894667728015
4.451388016098631,2.6420548025661206,1.3536947001538868,15.920547636654543
3.2158590826740934,2.044075525009516,1.8928840324244596,12.442795281285642
1.5848989616777365,2.2077531130859094,1.7319852507958493,6.060330039467247
4.257414594931028,1.2951120332127029,1.1723668051856642,6.464229939324309
4.460537602995938,2.680354437908968,1.9181136724047896,22.93262518201934
3.367868609317034,1.7998477544731872,3.5591098675119484,21.574081011403184
3.679852925475484,4.188427892493667,3.3935372676977527,52.3039065617465
2.6056318730478676,3.0011001628671923,4.312815029550571,33.725188110042176
4.344020005486103,2.282478777738109,1.4466829184824799,14.344054229272448
4.625797163257162,2.939708700235892,2.1974108007652156,29.88148235010975
1.2881477850523004,3.984300673051946,4.469095338558486,22.937042293262977
1.8611686101777982,2.4491576373766843,4.034419805972315,18.390076904594206
4.917328238581962,3.6288933393225395,4.0765162853488075,72.74323053871856
1.236715240511387,1.6961993644031281,3.31229196009467,6.948246532685588
4.210389340852153,3.0745347709533415,4.770394084255647,61.75269621626393
1.8472138888032505,4.386765796629721,4.561595943376888,36.96395626098208
4.411810580314748,2.1701769745914397,4.154693517719087,39.77873807303405
3.9425335859751844,3.2715468631265363,4.2501831418198055,54.819641587142044
2.71005814420301,2.0988488931226583,1.2375043366659253,7.0389278055867175
3.8633672343852927,4.330781774040249,3.7544760673010407,62.81764239337929
2.536087183199608,1.7695217686504536,3.9215872313920337,17.59875595041359
1.1101894427848382,2.499482877111499,2.5219143296014286,6.9980588187872605
2.8424073458819423,2.1728705658712126,3.75383824017574,23.184392892525114
4.385498373250808,1.8405904578315093,4.84634579824775,39.1192499496839
3.880916733884109,1.2208599860304794,4.821951790857449,22.846677370947646
1.991304458375164,2.3459050059742577,3.250494905527284,15.184397973466034
4.252726294034229,2.9100107703633524,2.4196885142759266,29.944805166957366
4.7910611742953355,4.173849399523216,3.9661614838577353,79.31199673606332
2.2416437913049183,2.182404774397502,3.2071543628054697,15.68995754896496
3.1095527374312124,2.5390672398475544,3.0482374042044458,24.06694229839399
2.7467539865042854,1.1814343386895025,4.421921616645771,14.349619756174254
2.5403157930517426,1.2953910138903062,1.8224882932606081,5.9972663286216354
4.227450270505116,4.580566005476582,4.27955836253679,82.86986027674581
2.384092969079945,1.6679254477510876,2.6790237956889404,10.653109546230446
1.6568472679037738,4.7990236381068385,1.303215875850765,10.362194194720466
2.2940608083879415,4.150985810086704,1.4767047412552947,14.062089040774866
2.2293181138208977,2.149579563746057,3.9196714146006437,18.78344428855426
3.719105814027683,4.447754612888474,2.2126294450025963,36.60058620037966
4.73366420186525,2.68881612465359,3.084165423972897,39.25511143381627
2.858568407512577,3.1472819407620043,2.474215553280951,22.259826347302674
1.808353027018038,2.4584954570252004,3.232219516112304,14.369891062454096
4.215238314953508,2.5177545891494972,3.277789201990207,34.7869657498835
2.919676565871826,3.6654631353305267,1.6464577597233578,17.620336313924568
1.1940243020970862,4.232034015302613,1.279158564913331,6.463781971875205
3.7815810685191606,4.655497452399985,1.9372485074136345,34.105533184210394
2.094833716007072,1.9360723178964676,3.9150248227630424,15.878360234247033
1.609182053838421,4.915930458556739,4.504517477735291,35.6335579048915
2.743618611752936,2.387516193714937,1.1576368755909,7.583023793171452
2.09809690393681,3.109489396626479,2.554000247411637,16.66232334792976
1.810286712268117,2.1911687130917454,2.193760285190527,8.701865207574697
3.714945700777474,4.663340535064454,4.086667863706155,70.79766648781616
3.767807426332989,4.585711599490645,3.8660278855061607,66.79753220486135
1.5005505107089014,2.998897269357828,4.733748247578213,21.301852103852156
3.775046880084149,2.0155335750319834,3.264528817162341,24.838930537180453
4.526454429362733,2.865652578171017,4.430582883409031,57.4701796422373
2.6536955985604047,2.9089230217639317,1.4770182788231407,11.401689317540876
3.7867669192094238,3.2183166693967444,3.4261300114031146,41.7542981808326
2.253657485025893,3.080648121289303,2.6984394948465815,18.73452522341203
2.737413663310583,4.490059063257558,4.843467102039266,59.53177596741333
4.527222940421186,3.525118163525225,4.263465839958588,68.04063350840858
2.5930001526984356,2.139287548003435,2.2405399568662534,12.428662616667356
3.8413681343631807,3.732760524287811,2.8329392703164253,40.62125367200723
3.1506235472163286,3.383392516945871,4.2117642031310645,44.89654776718242
3.9370348879783412,2.873939487343542,2.5627808345329224,28.997352657331778
1.9822938316166137,1.974780500940963,2.059228480976584,8.06104593930254
4.383079168696488,1.3888734716100366,3.3231291900957944,20.229689783473003
1.1908137148018794,2.244370615189823,3.3890904826007526,9.057775778729157
1.333146537714573,4.692485321176861,2.3952327475735564,14.984026504710494
3.8632854823609115,4.83439232779219,1.3521157682808864,25.252976327226126
4.4027594264241685,4.7526493907286955,3.218304338092982,67.34228419714067
3.556163744793806,1.3864950013789152,3.58146193851381,17.658767896141313
1.2637637858315762,1.1990814466339748,2.9121508424993596,4.412944403248525
2.3621927201451522,4.184542532647832,4.97764442305605,49.20250145885889
2.891935106125794,3.247234124765228,1.031787443841789,9.689299584519043
1.8958365256618488,4.712685715492201,4.743067456917821,42.376849459231
4.870459055468622,4.439436565554519,4.249612612632923,91.88552346693116
3.705161304879018,1.446886977684413,2.7101902564666744,14.529193485833476
1.493652810428741,3.278589292167428,4.044110836218748,19.804310475988604
1.614766821396132,2.0561571001855383,2.421409294488847,8.039597680863004
1.356071554775835,1.676983836785226,2.9884345327078035,6.79602909091368
1.6352914567295955,2.459941352373659,4.141727907701287,16.661016151963018
3.7745490774429906,2.339382292308417,3.6126674926930504,31.900263178956447
4.515616615123113,3.655029293457449,4.191713978968359,69.18302784393288
4.669988402882639,3.3698061660629715,4.256905667582387,66.9907359757049
4.617730755879375,1.9533292237272675,4.750474840390247,42.84903809145991
1.263129263808648,1.48702379046845,3.882050232837128,7.291667630028455
1.7497711047347675,2.548582093707359,1.5711099295176005,7.006263088690838
2.1281629757449747,1.5279183186819671,2.14152265336771,6.9635018287974555
1.997591013657821,3.8129959924954524,4.5436408598923546,34.60803337034068
3.222443978918331,4.945553225186892,2.983512527258367,47.547547607270594
2.6960796865920345,4.677555960062383,4.9085220254780895,61.90168347878944
2.0535806126000566,3.3923109403671483,1.895314736044094,13.203490212433142
3.88122764976037,4.846164475891516,2.8011360391848945,52.68675700330503
3.5179770286651206,2.705395414045012,4.544843176018542,43.25563091649075
3.4210820373112,4.332393702222874,1.000675117260422,14.831480506341604
2.2533276579982955,2.3885798042083835,3.6791606883638885,19.802173417546953
1.4022196141784589,2.8969889609113757,4.033923989445323,16.386665502261422
4.899418835772874,4.336015598835206,4.900386185680157,104.10359094776628
4.678817184925567,1.7702671203138376,1.4035026814627267,11.624870570893917
2.649322940685659,2.1210468129904347,1.671395381005698,9.392135543954469
3.236949766978287,3.6512160039267934,2.1158665723808276,25.007009755477696
3.8496455195807258,3.9220311470351215,1.9349189993113058,29.214238356346574
3.1844938146033708,4.450609044095109,2.734191077048942,38.75151780479867
3.9620844256581025,1.292792133113318,1.8984300218533843,9.724046328782707
4.085550976600867,4.036992109010748,3.820735878483633,63.01668463622661
3.9580290145215207,1.4263350552034226,3.8887766660542615,21.95399352121627
3.3364806034480274,1.0083880624311612,2.667364414221495,8.974260111570098
2.9988259299367614,2.9705055230328714,1.8286491155595188,16.28965932935459
1.689658161531944,2.1831848047080156,1.5353011712780202,5.663474267389969
2.5945021133949733,3.725541708931103,3.139017032846976,30.34150584171771
4.303189057656194,1.2933889700866081,4.207468386466092,23.417495284269723
4.623118931518762,2.6942526792219352,3.2295685919849983,40.227023779599094
3.1598416447835525,3.5211679766124906,2.169716486390385,24.14098860049873
3.0359704208614318,4.434328540495477,2.705216196347602,36.418946763035905
2.453400437156648,4.84061726080928,3.7767730277092926,44.85285263008407
1.2953933179321697,4.709347015900432,4.389173582432254,26.775963196259198
2.887634451605169,1.2169586576327758,4.553274620370271,16.00080689151524
1.6252905712234855,1.2524436612619372,1.9175329799432745,3.9033011286738524
4.3340398452875775,4.196614852844398,2.8053703771721428,51.02490677472093
3.8417605253932035,1.4683895282160435,3.5773720222868057,20.180674362628494
2.111212789919191,3.182368113387714,2.162199354006663,14.527074232116613
3.9017719106573443,4.1167844452983084,2.7624561782798813,44.37265378134403
1.767877733172024,2.3479703227546946,3.191275514306557,13.246743564595787
1.1677963034571537,1.715564872399297,4.383082536090117,8.78120043177445
4.318589583314623,2.1139510463859073,4.809074721793209,43.90342318849433
4.975993793905532,3.578986249271994,1.141966448110224,20.33729573660604
4.847119461875338,3.192517981282737,3.9095261783052515,60.49802555288322
1.4752172950402436,4.175364866664833,3.5599100360830653,21.927516714204597
3.4132335419426973,2.3314940442855483,3.7308797245256358,29.690093396412696
3.199796382932635,2.9000826706813965,3.5729029662683502,33.15537490299044
4.586935129478075,4.030062467420541,3.2527489125197078,60.12912948763479
4.168228720570861,3.5864505319483015,3.0716455249120327,45.918477756714005
1.2639310684883096,2.5064404682251396,3.1799227231582017,10.07389336299718
3.7610242532975686,2.3781566101012612,4.86469835441307,43.511344300637695
3.8841928095346567,4.798302342570085,3.745200821552732,69.80129812441145
3.892504325055878,4.707487185943734,1.488893164884861,27.282350653114204
2.195309529631329,1.7436905952570023,3.239682149167691,12.401310766708217
1.45231319216632,4.17995746219934,4.743489075104408,28.795859715344786
4.957315314704385,1.9810236035605104,3.8213148385971403,37.52744648767251
4.387971688622517,4.383132211040427,4.60341282371824,88.5377152713715
4.8974922457323204,3.3653788913891813,3.1724614358170813,52.28824614865765
3.535359515016715,4.939175081585233,1.8422694189397473,32.16926575067435
4.637582550973766,3.5448487921832355,1.7709293879412331,29.113244860834207
3.505765585255868,2.596019872277178,4.046609465834641,36.828342986503294
3.4195200469608373,3.430265354551161,2.731225808124603,32.03689948844595
2.5487106444282386,4.407442530521699,3.3731362251569825,37.89143662741617
4.544310554987925,2.1873216823147077,4.205875739255014,41.805853912526594
2.85289481374951,2.1283566894316865,3.5366721064217894,21.474594378455958
1.953319523795249,3.586234891722649,1.9802679820229856,13.871901240071805
1.213668624630837,3.572000603810262,4.9499909586462465,21.459324850730884
3.289810496644656,4.690043730424953,3.262334805442586,50.33572214893201
4.845087188987504,3.1032532131104764,3.4019888651013654,51.15071376153299
1.9919255120930308,4.6852587043144265,2.113784181376918,19.727284763445596
4.3203061593362975,1.4968636889398237,2.3890598485787513,15.449833627804827
3.647894476281576,1.69715942534607,1.5672145890943492,9.702717192305782
2.3660179706199362,1.3141339763840327,4.2161256492039705,13.109050246778045
4.019938313187901,2.498965482055134,3.6415707152295447,36.582079901812016
4.652254899143181,4.232606266394229,3.4159498579440757,67.26402626893601
4.378552892446002,3.5877887382541562,2.6724658434382924,41.98262849261364
3.7480964050089938,2.522142379284042,1.6879684354247089,15.956758553321531
1.8094279826008237,3.570057212641191,1.3349819894598123,8.623665151959234
4.14193214807289,3.0376072195745043,3.6234524900405995,45.58869576636446
1.468836290595768,3.9155585647222946,2.033159348111632,11.693338875830152
1.5791635484297935,4.62000792775566,3.832674835793096,27.962230200858972
1.8297176933277286,4.738995123626902,1.3634728046962281,11.822704357941173
4.127973776851945,2.338575721497853,4.665896771485812,45.04260427230824
4.240675470406185,3.396678193833999,4.315875819348244,62.1667811932445
1.2363810850731913,1.292547699145406,2.6977626675148074,4.311244682587438
2.516428669468459,2.5033236722390986,1.7556358956552232,11.059515012044548
3.5866888129940597,1.2532675056898412,2.7490362148529557,12.357139199592005
3.5340257443648255,3.064697524793698,1.8408131320448726,19.937331515875695
3.8354531216034293,4.633026900591349,1.1296284210655148,20.073223094277118
4.157599282556317,4.046237889128135,4.619561192117013,77.71319523622043
1.3948756070728061,4.939728235870062,2.388616509748296,16.45829967629781
3.3587150475838237,1.1527895543614344,2.4208121140251437,9.373122144984324
1.0394289475347072,1.015991798688428,1.5040533322646636,1.5883574557726527
2.9539644709731823,3.1191488895978403,3.5464319614125617,32.67630985821609
3.9650372586222704,1.7366652810372738,4.741207045092823,32.64767930678321
3.0975738884245168,3.3326265433920432,3.8976127537778527,40.235278467928026
2.78645007581992,4.256653792309082,1.9612936031836496,23.26281180027196
3.6760368385647726,3.1865994143542853,2.073266185972395,24.286357940535208
2.5196796694807655,4.205855684389769,4.506054788031143,47.752505838813576
4.018066119264245,2.162617441750304,4.60409685212527,40.007483169374034
2.326227942443286,4.841141184980163,2.1793477741563674,24.54293831204465
3.0296560320469097,4.031055994234272,1.641996446352333,20.05323152439663
1.6237799154543198,1.2496603939840578,2.066356130189685,4.192994995332091
3.525917903744181,3.943043641869463,3.8545305529717107,53.58895305273337
3.263506450471883,3.231543576248616,1.248889264245105,13.170990131924409
4.256797560362903,2.5531760998942064,2.0540532246033054,22.324177155065442
4.485228823241312,1.7031129925172093,2.0366858632300975,15.557940827300355
3.279899044749729,1.5861096523069627,2.7942291756556243,14.536361252337814
1.3099765109957162,3.6476806035244924,2.4545264042850263,11.72864984126336
1.9309135688684291,1.4208302405359072,1.7865016427924219,4.901267954646653
1.5888113224073055,4.6024497543259315,3.8095934288979674,27.857363488244886
1.4117774807004948,3.955363920604667,4.918003058563626,27.46258995042139
3.3272089091186032,1.8599798571839647,4.530105187490185,28.034744185918182
3.8465927558524307,2.108397838029978,2.4290883568946047,19.700265715665736
4.200706088766685,4.420428108096598,3.397280673684085,63.08383056253973
4.54036016907909,4.804878413205653,4.773543914780317,104.13905436757011
4.414758862032439,2.020732385246873,2.1958397327533707,19.5891877159074
1.3530672653403144,4.958484307119223,2.4092074145520104,16.163764767211884
4.347389941405218,3.4994318293747377,4.8975796729802585,74.50881281437859
3.965164016140068,1.7857237121846903,4.773023716539553,33.79628891978165
3.320196578396758,1.7661231411648748,1.7199016402221443,10.085289968213727
4.517431784452538,2.237103097860761,2.0295487905945717,20.510540193436707
3.840663066791324,1.276414675495709,4.734543340246198,23.210050980995845
2.928714004439265,4.169488109454788,3.685471943197747,45.004175842312236
4.753086681960248,4.545211688620446,4.842443880039558,104.61511715563196
2.3269082090733915,1.3554254641999268,1.611279617962559,5.081896381379859
4.110704648452261,3.4201200536525924,3.5525797488784,49.94608603622622
2.10092259841829,1.8159230069388999,4.439943366692388,16.938888686752648
1.4606083422518803,3.1148629788098647,3.19504455008834,14.536158236421391
2.831563150358877,2.7966344996397092,1.3259399468458177,10.499915827760534
3.847341036483792,2.4640073260950968,1.729571927800262,16.396128273209946
1.9658125491656597,1.6536497037322926,1.6626952490456608,5.405032085783898
3.736920321580195,1.2847855953306815,1.3202413064965306,6.338665194696045
3.221441968945687,4.340806187538222,4.77983556113253,66.83957255059353
1.1716011374564586,1.3728652161598593,3.2078121644789284,5.159606915709799
1.5429207924448667,4.695869980399637,4.477185325959214,32.43879901871672
2.9565122202425385,4.430535362561233,3.7689375698787413,49.36905672009019
1.56109655292369,3.3258873078657976,1.1172518887887217,5.800806677946341
4.57014599129486,3.684472893848325,1.3018166642926468,21.920742778867325
3.3078189815260712,2.8184837626947075,2.1160248601816876,19.727771905416784
1.7083021179257063,4.331333033377264,4.835771421488733,35.78096270319957
1.192573773129924,3.890815278876313,1.9887320786773364,9.227884411016083
2.408845347806651,1.356854792548786,4.077131382978161,13.325913746167307
1.1271885608667325,4.470748412774423,1.2502736643890242,6.300599684623098
2.122258275104667,1.4493939548132753,4.422512734515819,13.60359749205013
1.4490820180421662,1.2658028859032018,1.67920289966144,3.08008161353509
3.995904702977165,2.341246598231669,3.795307447407772,35.506612813762466
2.238869730979136,4.78286245658161,4.735166963949782,50.70514320665971
1.1033831233628302,4.551405769040956,4.760309617952411,23.906009814642786
3.9940429951587317,4.712666415218398,4.725203180843366,88.94057293312761
2.9651845640447214,1.7106362462037055,1.23645016883586,6.271710724117468
1.2832245215561553,4.50800918986997,4.429371475203578,25.62297467311876
4.84874385749114,1.724226555083487,4.775032872845731,39.920864510831166
1.7648349675613568,2.544842172626485,4.627874302584887,20.784831489742842
3.8897911283506654,2.2933248015848227,4.193461522544772,37.408001919776275
1.189248923459477,3.1259616136549853,1.4294259276291572,5.31395733113154
3.9677116471584744,3.440940810557914,1.6597072124462255,22.659419816651138
2.8229992517660323,2.0058262144691525,1.3204402737345,7.476921617661177
3.153279043935602,2.344836473123441,2.5317186514836703,18.719334569712753
1.3697991663706892,4.894252738999036,4.571156601328598,30.64568900210293
4.058725944527689,3.13474959841881,1.9385919123924786,24.66487845322923
4.24853925743391,4.8797925817470205,1.067237514970631,22.12595786332952
4.7053033448041965,4.981517547228975,2.8919384334248686,67.78573891150813
3.683102647760485,2.995613917134952,4.38015088136189,48.32687724565495
3.590915087539921,3.1992974000025245,3.805037566827675,43.713813761604236
3.9962786614702215,3.057016259610284,3.200639997801973,39.10122296136274
4.992988423421868,1.0885068669763194,3.5224697873488893,19.14427874607097
2.4195666399735702,4.926954272660826,2.2504130784231946,26.827386285104847
4.5111949915835154,1.717514700536681,4.451697484779242,34.49194671816818
1.260245964531784,3.556816176546768,3.671760096332783,16.45852963248154
2.7855537587575476,4.112932749377302,4.623112614407884,52.966054777553
3.050652109119552,1.9757767913907593,4.321635151421415,26.048256710843674
2.5643251632960915,3.455816710440306,2.8692731673774987,25.4270332706496
2.5601656082150948,1.0788322236860313,2.710626863264616,7.486722002611406
3.4257982613083655,2.9502661170484132,4.041799306649318,40.85053242014772
1.1271731939859024,3.498234135332909,1.3886355130391204,5.475550553633425
2.1429962304411987,1.068136238382606,3.696953509615873,8.462370697229431
2.7326899908360094,2.1104638897549512,2.979968010077315,17.186201278036283
1.2243952469926587,2.8130543309143983,3.003204345998026,10.343907754917552
2.2478268572954176,4.05791531410261,4.29888427267831,39.212234322227815
1.8256728403453115,2.546509073240764,2.53145586560737,11.76897235916007
1.0993697865931127,1.8572005756312757,4.467215052320043,9.120937228716944
3.2089500379656073,1.8080837652420962,3.3893746837324987,19.665322966990182
2.3978980959752536,2.1863872273124256,4.745803617720057,24.880984889737604
2.105902867537005,2.1667622884994007,1.4736041605677315,6.7240423993668434
3.6839741012796177,1.390621857081221,3.818398363546677,19.56171173410881
1.7629757873572895,4.760093476554827,2.446551786554858,20.531290220285882
1.1852282101437162,4.750981607764789,4.385205984309288,24.693083616250547
3.980628820947132,1.250530194175957,4.44011139275478,22.10241510547009
2.2427715074716295,4.832392274826356,3.79351131094458,41.11389238762116
4.756881471124744,1.6756242892569144,2.8728391673086566,22.898671686810722
3.451239307070843,2.1219640315521575,4.72616441720749,34.61161930868279
4.693924735831879,3.2057876890237207,2.9702148524694123,44.694979651179615
1.380799094274244,4.884141152781668,3.746613931543545,25.26723059472058
2.992389114389034,4.349735136917097,4.730647639018838,61.57458308518195
1.8187547666028574,2.869154255145543,2.633146138862043,13.74051483985836
3.8325173501253897,2.833592625928338,2.4685820692536438,26.808290033827674
3.366993796703446,1.1310945421244631,4.357442957986374,16.59483480882258
3.6947552005833857,4.646801272778442,2.117474019524892,36.35447348126712
1.7413798191786056,1.0223685382387093,4.30821317316452,7.670049517599298
2.5022618170624558,3.4625821041955014,1.6649165847965137,14.425315101378526
2.244877518783122,4.92172399506126,3.9277854535616856,43.39679568479077
3.10454733342743,2.48946823635006,1.1467971975046618,8.863219361148214
1.2036663799693508,3.806483476510942,3.298355267583975,15.112193685702994
1.7279969335434235,3.254369125185146,3.750696037344831,21.09218870227765
1.6958534090312898,4.99428372685183,4.53055210919139,38.371842198992546
1.235972561432317,4.813220706184012,4.7954164112325675,28.52797407024524
1.9931674693487471,3.0092751652697762,4.579770484926408,27.469414666094668
2.8828441443080925,1.3848116004740456,3.681415571444844,14.69693256797798
2.323239738128193,3.520013134045511,3.533435391489698,28.895849465542923
3.538472728609215,4.472095793834736,2.486682628097738,39.350233242008684
2.0447051107834198,4.932243053214699,4.653716313362601,46.93264794570183
2.71318483102604,3.6376127744675437,2.1050210198064123,20.77553821606264
1.5971061807412665,4.8477324255379335,3.4358591335075213,26.601601352319626
1.6016517115572348,3.556425490843303,1.9303218610822084,10.995412471263961
4.138741056045198,2.812352563185269,2.304015659227877,26.817818403059007
4.418419204996251,1.1123632542526023,3.241439166800583,15.931307758727945
4.439625482307022,3.2266066558537485,4.000462343994505,57.30632356594489
1.044938899200195,4.954357101107341,3.5982558907297357,18.62817238522623
2.7597718117246277,4.346318405537021,2.725643370657442,32.69367526315164
3.7081659099562416,2.0653114772037346,3.457087647357663,26.476166637693357
3.758519383711959,2.5606048549062925,2.7177676159882647,26.15602105986809
4.033250520515076,1.8106032495550561,4.615555185103488,33.70562944546269
2.795042405042175,2.2186120947786705,4.099359399023899,25.420598589259512
3.8060072749277434,4.090781296852082,1.0479185039264864,16.315612601351788
4.82988319402056,1.9244464305599225,1.4038811296045455,13.048866585076674
2.4364471278685276,3.6198643584301005,3.1494318875335776,27.77675504669603
3.1215068983204732,2.992668812294238,1.4590290109146884,13.629718432341903
2.195318083353888,1.1296023708531702,3.0359421362367813,7.528640156949835
2.776968540269338,1.761595177146468,2.891360573881006,14.144230563971389
1.7849539033237733,4.549531429974152,1.0242636750584473,8.317742004519296
3.866172227207001,3.305436420463368,1.8055843862408558,23.074260707737093
3.807071904371318,2.27460897243305,2.008845568586054,17.395798909714305
3.3120328414816296,3.9143626669749643,4.665117099931711,60.48089994257522
4.644563530877568,2.1998785420778644,1.435047965025161,14.662567637640853
2.9396929868327675,2.5390387794731395,1.3021654945457115,9.719356080672195
2.5254875711800517,3.732662193782134,4.972901280350477,46.87850589605117
3.3977654955336147,1.6530628736212325,2.138784123586364,12.012951549664411
3.37866785533116,4.326884762241465,4.731042301900528,69.1636110778094
2.250806841776843,1.7116130284827982,1.9644039466238397,7.56788646716257
4.722256636116002,4.602403968892176,3.0401305526653846,66.07338475666131
4.001205972482901,4.278070381408909,3.4549868832807977,59.14053330388464
4.324457003907662,4.037678991978083,1.9043129254236542,33.25076846852553
4.8483933325365305,1.1160279829866115,4.677076975254196,25.307395196848326
4.5173197835885945,3.9699788398756115,1.004496565604224,18.014303850290556
4.459298293198053,1.2654387142781016,4.743513526099237,26.7674983497665
4.553462854568258,2.388516704832681,3.4282356186015357,37.28556632782174
4.360316955000874,4.531128579538798,4.459729921812631,88.11158322001995
4.002369803935149,1.4472546151574752,2.2319894804822265,12.928683382375047
1.1620876965551354,1.49197605999405,2.943405696869106,5.103297468398678
3.011885209090124,4.335301765486382,4.539313596423506,59.27177527290502
3.7027866518374215,4.464147679199115,1.951266054989678,32.254011173419116
3.5394385279068534,2.8813696198478715,4.054170915676625,41.34618090905785
4.278028933038379,1.1596897014099388,4.3169530021008775,21.417207211014897
1.191618174241475,2.8793445728045124,1.0128109446118465,3.4750346900213915
2.448909649912613,1.2673072048524285,2.3187477151540317,7.1962818644898965
1.0950007978547807,3.573052421646362,1.9953532042204962,7.8068099385328935
2.656738512546085,3.854004688894621,1.4813574530397604,15.167741447003367
3.5423188741849354,1.5025915331463713,3.387029508048174,18.028000886120793
2.7521308575930306,1.5524584473220782,3.071374639189122,13.12265945038655
4.540023695032755,3.6894074736906033,2.2751849485808444,38.109341862188025
4.826815467777397,4.302448436574496,2.4386250525707207,50.643230472983916
4.9929732959722735,2.896812835358471,3.6105704460620185,52.222240726567804
3.9357032923065494,4.314313975552148,4.637349487450791,78.74154375851344
3.1878132878568373,3.3552340413924298,3.3058198543747137,35.358585227006785
3.936475910253865,2.9884203883620275,4.332077290665644,50.96188520573645
3.501028837784651,4.994689403527093,4.706876014764663,82.30703048361377
2.577149303703476,3.188757832939192,1.9267751352195042,15.834055073160851
3.261909759622231,3.295492825223464,3.199061873527151,34.388636185427714
2.4582660920716806,2.124985269652407,2.1764371075265267,11.369226967575692
3.1993643995668033,2.4412203731454487,1.5322428841905125,11.967358655115362
2.687165938403609,2.867295732858167,1.5232909478850356,11.73680355405223
4.276582765591367,4.7938045444449,1.9140782786001331,39.24071382724164
1.9016374147158972,4.8765327593835,2.6804503010765814,24.856880180928115
3.02287990627697,4.614195570806638,4.399056490978196,61.358739714419286
1.2904277424561186,1.8100949473166619,2.3753686628070305,5.548378370562063
3.0004010312491673,1.3425643697360679,1.4475284884945587,5.830979882691043
4.6709983232733645,1.8689095371980642,1.2818907847249927,11.190487775647677
3.7563335479867526,3.752356568326108,4.825664237623791,68.01823380490885
2.5656015861734347,2.8669299924221088,4.775202189502684,35.123522834125886
4.427360887527412,1.0183559703626068,3.0358242058573737,13.687406245791252
2.630058509517028,1.045791549816954,4.910952493587281,13.507540283966282
4.985010839155072,4.26999512595429,3.606155949417745,76.76053451653075
4.861935290325897,4.776936391712228,4.13972938199794,96.14585913196993
2.1789539903427197,2.322389323894613,2.4235191626397627,12.263926650744013
4.1147075438701854,2.627190224099626,3.3217046748111265,35.90802426013021
1.0831165572531463,1.2779091471694541,2.4583612651921096,3.4026781945843143
1.5071011550639497,1.2076499225201185,3.13451296970105,5.704972189718697
2.2470229616860506,1.3968748639227413,4.733540470938838,14.8576836630582
1.2627464841132623,4.967852256057011,4.336246017708131,27.201869540643187
2.7492637071329407,4.702114771478638,3.8147799322624047,49.3150086632845
4.722971620429678,1.6120588812402414,4.760524312464032,36.24524369180576
2.5243438345214604,2.0111582746238374,1.305552633935457,6.628101405338827
1.4667417946706913,2.4099795927999823,3.6485825610688556,12.897074556326245
4.699828077213827,4.374522874389207,2.336003948383173,48.02708586004377
1.8472814012569403,3.5824836477702657,1.6200984789557507,10.721577488280039
3.569555173930531,2.816780035578462,4.765876345451009,47.91922693623058
1.1142138772202173,4.520610990107975,1.4503186713735294,7.305149997708548
3.6951512362323093,3.0163370361372746,3.1965090839445485,35.62771976219983
1.3647398605208068,3.8563636014297153,1.1170418240757,5.878916416299396
1.707483861123694,2.443181150239732,4.438579787676639,18.516389495298892
2.008429935979147,1.6454289370049584,2.9466926873043846,9.738019995791428
4.965835317372138,4.748246750860203,3.3076386394811483,77.99084922385369
4.15768064503652,3.506230318121664,4.452752162582163,64.91126782856058
1.870473716439737,4.061907909378679,3.9679849055671457,30.14752710605558
3.0450280411380892,4.636620403800277,3.4835668529742074,49.18322333701184
3.713739077143841,3.188687048165129,1.645487450285024,19.48578290191439
4.434688062365179,2.589559576653375,4.786970925139844,54.97304246986432
4.433120108161155,1.6976894042887278,1.072077846491641,8.06852330757263
3.023392771643985,1.8716730691638923,3.0009766715280115,16.981935276177396
1.2832444145797712,3.6328508757685403,2.393735852924898,11.159203004985805
4.893822116821501,2.0243766486722663,2.9786144733861133,29.508952535880997
2.6177975347192146,4.984414087008332,3.2710908653918658,42.681805007923366
3.155387446230422,4.801894194337647,1.9948702443212167,30.225948097734324
2.967152871022677,1.468549558851603,2.2200783668468818,9.673793984887832
3.1289495673377727,3.628295997078259,1.7135143147365919,19.45310853016163
3.3636012004602254,1.4147425524161044,3.3023395972979257,15.714611444541037
3.360849757175396,3.531032105038477,3.341043089554563,39.64905505564401
3.3422879053206693,1.4589197183971412,2.936604261762849,14.319263344947629
1.3768443646839161,1.7158666154080322,3.069127614692924,7.250756535562717
4.874831202186128,3.7527278778166386,2.609888777914476,47.7450833375927
1.1209974672795107,3.423234576390775,2.7704285503266153,10.63134582840846
3.205973903113458,4.67728807437037,4.500142337969479,67.48082016234736
2.4789466731375205,2.272641390116522,1.4445832688922073,8.138430833448627
2.755621372081769,3.2283669331232536,4.334177227419407,38.557520724836635
3.616229834669366,1.0632005935127222,1.706356963381861,6.56056321213971
3.740308138129299,1.8860054459338218,3.086808851027676,21.77509515499514
3.870798368309107,4.930252057524789,2.1467783471246467,40.969142921274454
4.194621521113309,1.6948032491722378,4.158611916422193,29.56381407448988
2.7923216119374143,1.5796006220455037,1.7532984734378645,7.733366423006628
1.3356889543392603,4.019451569800259,3.2773558674769467,17.595261918571488
1.551211460576026,3.958742812912927,1.7101051784594192,10.501494632526818
3.9477279347581127,3.8904960452292223,1.4162492013298467,21.751633192137515
3.0802064549202037,3.4907567157477444,2.5784511751247057,27.724155176093017
2.814595304728351,1.4103966585993053,1.3603769119178706,5.400282531475775
4.9903485267584085,1.5387140304813745,2.199137252564798,16.886557653875986
2.591981803653368,1.1098524481808392,3.9303775877312375,11.306585400347528
1.890188812029376,2.1250745250470966,1.5100145295680116,6.065414421132608
2.0242459217566524,1.4745608796855367,3.053791192907988,9.115181466170625
2.095203787458704,3.0068548854748034,3.453755570106558,21.758569411196547
1.1677433174170333,1.6304172042262155,2.676830944080827,5.096441976727117
4.995777366814448,2.4175910396942357,1.4605365415160008,17.639990246013827
4.795287441125129,4.35526796440903,1.400377830421934,29.246557379803804
4.325835708881122,3.114152360348924,2.126800821683569,28.650796331824566
4.040790327933751,2.1359088257469634,4.4405025493580865,38.3249105592137
2.761392373784176,2.9673894580153504,3.340871941458085,27.375527707545494
1.519944674404862,1.6121841199738998,1.6204792862876518,3.9708721388670423
1.1994848800635585,2.7549566400655365,2.980674878635022,9.849726084177705
4.728646029406551,4.224421270702857,2.9837650727566727,59.60307306090512
1.990335486761722,1.0669476952996573,2.01964381913596,4.2888830182222675
3.781476332831679,2.786961196963439,2.1201875136412722,22.344291124472285
3.061852993966357,1.4547979234307968,4.862743221767882,21.6604933995012
3.953987437357744,3.749707082488602,4.250861928945456,63.024531678761996
3.7895894828510555,3.8203709081038193,1.7143068426514225,24.81911288414422
2.756888333109177,3.6067589527907944,2.8249802881914774,28.08999848531171
4.73644356081329,1.3391352463112174,2.4614836635799295,15.612547235675162
2.168396404859131,1.6924275333731034,4.42230940916196,16.229228896460665
1.4000613062948561,3.254571299819544,3.77802854841304,17.214962410809534
3.1959461446373583,2.833161108709553,2.5160310174645604,22.7817307431274
1.5331538744409063,1.1660031142767266,3.150424599166017,5.631894945506063
2.413331899820177,3.7760180731627515,1.3953369197024346,12.715405170781194
4.144323276193129,2.828813343867569,2.63576594350141,30.900446807113006
4.113687508913438,3.5373371470486052,1.0962448838866994,15.952007029534084
2.530397832823335,4.208371468247806,3.3300734412557067,35.461466028302205
2.1062243080567082,3.166329569000743,4.736625939451169,31.588559837466835
4.245490388223348,3.5221205468145222,3.904043839351712,58.37767086908248
3.8842891971614257,3.192926305054671,3.449545018708897,42.7821167901619
2.2180096611925064,3.384121858543363,4.0022483104065,30.040935759191594
4.312244628430161,4.403690221087393,3.847246064201472,73.05839291833122
4.723790895155082,3.822041271082337,2.5736851818643145,46.466660259640484
3.3347310744446403,2.8499699733824686,1.8025897745727772,17.131603092304296
2.754753689734448,3.033581614426435,1.2966568385208723,10.835863157047147
4.149155295612369,3.3783717030363145,4.061421189546495,56.9305200658241
4.211539555013682,3.3444852501443108,1.8499697452514297,26.057622904762493
4.770275453121378,4.45334573821944,4.475341438029248,95.07274762256051
3.5929130050711033,4.144427481567716,4.986827778430651,74.25669513244573
4.568439476692623,3.2354106648567775,1.7508390536164562,25.878763023198072
4.547270385942572,2.0475523452408457,2.2076371463474893,20.554810859738
4.6749042740399815,4.108324608647434,4.025802463567476,77.31965982999526
2.6033791431870115,4.599915225219432,2.622020144551207,31.399539081573522
3.1431428716769543,2.971453010634158,4.376128671234971,40.8717348536835
2.7449995567266923,4.276835012860875,3.849001304488442,45.18692973017344
2.4581108670651366,3.0629404622993786,1.8253324757339824,13.743014430387527
1.0588091549095306,1.6989800572108256,3.1603580083226968,5.685154237534263
3.533887132968878,2.3705637254147214,3.4985302098525013,29.30825338510754
2.8765426143989052,4.991402110033953,3.769638506813955,54.12439758692535
4.019992043730357,2.345076055783199,1.2935209960308858,12.194264429499322
3.799880909461816,3.8898065056572846,1.56733935367234,23.16653184210168
1.5737942701303789,4.215623435718667,3.6876112883480694,24.465545625312185
1.4259859946495697,3.5338545016360112,3.114437027177214,15.694355239566276
1.2598342506677214,1.0722077014990088,4.8313424595876775,6.526196653002848
3.027381470993263,3.074898996670329,2.42782169435433,22.60033054936205
3.254698855452007,3.99421700321342,3.4739993006294543,45.16189887772283
2.227084289754332,3.873483597885827,3.2007222474647357,27.611268817450842
3.191160765361058,3.3408069475233693,2.944696372619703,31.39356131638278
4.489605011748273,1.92811387923331,3.4521584609064773,29.883505238736113
2.3210068083746203,1.2100620689668884,1.5150622728562082,4.25514678264776
4.671887217485631,1.553566925567277,2.780802413345084,20.183312689607444
3.864714931515552,1.5589283966095695,3.016325009103168,18.1727966955931
4.235797051681683,3.2210044259828283,4.586323916867252,62.57360690662858
1.927993370660794,1.1396049153506662,2.823167985030398,6.202925576548006
1.2317837282688684,1.5012787714581917,3.584814292393984,6.629220562833488
3.459230073251701,2.211020440989893,2.4807855105958945,18.97411035862701
4.5825395099791475,1.5006354246445999,3.954410182130086,27.193376030469928
3.841321206044814,2.461574195008064,4.942362714313396,46.73348505936614
1.606286032308808,3.4192171742263073,2.4828326199304254,13.63631458592736
1.8949042178465771,3.0468653608255907,2.0555365198048876,11.867677144930687
1.4106202363788753,4.124728012051692,3.1963163615791124,18.597526397593867
4.066397140176453,4.878098905109331,2.7355187406397237,54.26253602927121
4.602164343053378,4.02021376263631,4.9000351396184,90.65890384843131
3.320403862344995,3.4169067527570895,3.4392027501267552,39.01951049748637
4.343855888958858,1.8251576692100642,2.139482560664337,16.962292470040257
2.9654551846639166,2.246011848603727,2.4579314058543615,16.37092304122887
3.5159159977566454,1.0112285357580868,1.4194779125390897,5.046804085556962
3.8974750761700228,1.2955314986711963,3.437482619422332,17.356886924939808
3.091267437344079,3.060213581488717,1.3326766878970422,12.607039635525718
3.3820941356759318,1.5394491631329887,2.162911146374657,11.261330955547441
3.5310862609409006,3.659019611488198,2.129025613407332,27.507679180885273
3.6864986279460377,4.052707455858842,3.495394893827468,52.222249994276886
1.5405371987945724,3.1121262048346154,3.25191149247706,15.590789460812834
3.5950468942777594,1.987424916196563,4.103198943999596,29.31688775705903
1.9633726304538648,2.077321587238876,1.1446412470691136,4.668483825601977
2.033621170585141,3.7246980019983056,1.3114133345703372,9.933463850240152
3.0737572228286347,4.860091985929648,1.8138440922301338,27.09655045540653
3.8789258832380176,2.8657988895932585,1.1940701439693084,13.273548193762633
2.096731785503144,2.1928963621340887,3.462284976153892,15.9192937738967
4.812058480479914,3.238526783131593,4.183868051306133,65.20131716814633
3.2112500008854274,3.933645581634595,1.7584798762661853,22.212976023963027
1.4809520197204171,3.7171470784071996,2.287453188941965,12.592238741857901
4.002142702529847,2.0804140386776835,2.8903823086140927,24.065652209510606
2.569618653382233,1.6509066094254603,2.3116471544734796,9.806470526297426
1.480024728014604,2.476200391639642,2.85059795512804,10.446979170329042
3.903427524374322,1.7299704641924176,3.8929537794757962,26.288394053602897
4.566904888644743,1.8294853347477886,2.7708620667129824,23.150789528639024
2.745902674805879,1.8876404910239257,4.906646534633365,25.432508490117467
4.4453236001722765,3.1051280397598684,3.9143636703007187,54.031131966411074
3.6932341996295457,4.145064687537445,4.62494291145639,70.80183886848356
3.540627511596263,3.0326957734657967,1.042510687340736,11.194110805535146
1.7165513670266717,4.3076476272598025,4.364003630901371,32.268745166996425
3.8324040039135716,4.878854440295463,4.302632398478179,80.44950745917043
2.2145380186606105,3.4195343377720815,2.840080078616124,21.507042594236463
4.0884423924163125,3.268385320414115,1.9171765016802258,25.618472496521825
3.0275417323826996,4.151887484570522,4.35879269062591,54.790079162670985
2.578516996738008,3.457725008184373,2.4221468987951424,21.59538386891392
3.5790030659765737,2.433461280740291,4.221741489360417,36.76868919060762
2.977557281268257,3.237741474254009,1.7972490545040904,17.32648860571273
3.589171705551206,2.45331843339518,3.7011693252334226,32.59020644595898
1.22932657315829,4.498469217778656,3.5000194116632115,19.355414466025504
4.281515042166192,4.009245196105713,4.015950708186882,68.93637863157724
2.6918419015031096,3.771109956385948,2.2752507849391232,23.09659811143664
1.4314568491247726,4.007350028524794,3.5640209691461195,20.444466857726542
4.039989509807093,4.829924039943086,3.5949143036682796,70.14699644503412
1.3783083742368922,2.8201472575015236,2.6305160204022737,10.224901477712717
1.7370678342433226,2.2204394157669167,1.0443337275952627,4.028051463361908
1.2270400372542838,1.231828414642857,4.425625452523833,6.6893451915204905
1.2177296266550406,4.08212468336991,1.8055215434033727,8.975110673491834
3.148327536918268,3.8166981741270276,2.679109030209584,32.19275269196526
2.3456051741960504,4.744051455841543,4.353761545934195,48.447228888432946
2.402940407454405,1.3999005287893067,3.2070568128436507,10.788146404821216
1.5791466019947893,3.5250050564588857,1.182057320948818,6.579921789728876
3.2529447547034755,1.7547977932553551,2.028172270075193,11.577335204457432
1.4676873085409508,3.2544010477641656,2.3139126643112693,11.052272213480204
1.576041459682605,2.990963270850159,1.599898873766811,7.541734693653972
4.178811350382798,1.1835752505740857,1.9782781119195945,9.784440277282897
3.922488599387727,3.4895735805751276,4.414421356937918,60.4237722117441
2.5178205336761064,1.854345560026883,3.6806531930454485,17.18463602454844
4.2256597600699735,4.266312622402566,2.639580153098469,47.58631291716053
3.4358738691383994,4.304889636513434,1.22610168358631,18.13534088485121
1.9259564752473373,2.788547906557641,2.4037430746711164,12.909595192004476
3.5327845040371324,1.6458306611411078,2.7078925064322195,15.74467556466428
2.0216703938855343,2.012693741987836,2.2940582046782656,9.33453052024169
3.215224755757087,1.4455289121273087,3.976944744501579,18.483647454839357
3.194618530990755,3.4157923056027517,2.56558891930631,27.996099842381792
1.649228935821303,4.9951187880450325,1.292606501352981,10.648614435921921
1.9380211929244155,3.1529172237352516,3.9007134050306105,23.83499876127967
3.656591484520696,3.3026298300477572,1.644379408640431,19.85813105630516
1.460940400498425,4.615871523309843,3.2821810660427975,22.133431317108506
1.4304464867659767,3.5907512519985723,4.836517780912463,24.84218117241844
4.38374355691249,3.0120922577583666,1.3593247483102795,17.94885025238273
3.4235859893456517,4.767188978404857,3.680419321631839,60.06768723232957
2.3499372370597404,1.477430856090856,1.6057709646866134,5.575027692173784
1.7336682668616064,2.2378131326592,1.7994605845955753,6.981233377643081
1.1758074039060373,2.617594735028702,4.255739677712599,13.098261403953899
2.135984501718662,3.501304979437485,1.8313996497334832,13.696549311410788
3.294157729434679,3.727639596420195,4.977807569945053,61.12465349218537
3.3650196722921364,3.766616910746933,4.710046591037083,59.69861594177081
3.634000378152264,2.143685279036779,1.4491679257253227,11.289240030253184
2.28813130351642,4.888332106864317,3.418875669120475,38.240622542975956
4.279551096214663,4.281821464175454,1.9329877322639115,35.420596343626706
1.439422790119509,3.7132587152070795,2.5116947150946545,13.424880709023952
3.774243188677991,2.347661692707919,1.7487855889472104,15.495370301167346
2.2332684086936414,1.7827041546355087,1.7532877279856063,6.980288813171515
3.9379376051952684,3.557321624219627,1.9182132090361916,26.871310067601918
2.6098863966166936,2.0435344254386107,1.2252681713385756,6.5348363180723865
4.207280639646255,2.816580861880859,3.604989785777617,42.71965575930531
4.977897748782363,4.1931995141261105,3.733953785183008,77.94000632952785
1.711834838912997,3.3068851096941443,2.8809907558587637,16.308830992008392
2.3706760074075452,3.3346108545316655,1.8757867286689676,14.82862296234199
1.0667511065256403,2.6144947655191726,3.3635163229041884,9.380898096625582
2.438443404528343,4.149902468086798,3.7944296858182605,38.39698105729388
1.7227877858808482,2.678719935180688,3.614208956112064,16.679089978309282
2.980597289694513,1.184052409783325,3.7847043532351847,13.356915790426937
2.3231282887393685,4.375524812137478,1.3384028585322874,13.604738536630993
2.231002460238112,2.9035170547614393,1.0360916780210263,6.711546693085894
1.7474882083427974,1.839473330066994,2.2351582967581427,7.184822365135028
4.386405041711116,2.98320359547396,2.045926881863969,26.772056600448785
3.122776829837732,1.7118348146167373,1.5380022093419927,8.22166472145577
3.462506305164686,4.657185493839115,3.260064752991397,52.570285462343826
2.1588273543170935,3.210697038554309,2.4532899185363504,17.00458799937653
2.0386778937771313,3.36561577089211,1.6333218216742589,11.206884916568125
2.4986912962821504,4.399603595410417,1.1984864004280205,13.175262072804848
4.576018770999343,4.330269729438475,4.27190949556252,84.64957647416274
2.6166950818459536,1.8241667920918871,3.114939724458976,14.868505258900873
1.4216094147852,2.8624375832757627,3.8185767488956643,15.538813000823144
2.3826574044730227,2.7352350924058606,4.192174247579582,27.320936781398245
2.9305388423665426,1.5276613918345272,4.6272513052122655,20.71560739436323
3.1649280067164893,3.4035946956054337,1.5357601948401172,16.543411808894128
1.252847994156701,3.542413860279843,2.851130844793554,12.65362119225048
4.820740850220382,2.852577964196236,1.7324071860853114,23.823265191982305
1.6610016051647865,1.2753758439737504,2.263686532664809,4.79539654798328
1.405949891231828,3.0591747756853844,4.526155186683925,19.467203666759485
2.4868224257647995,2.8910954392893236,4.294860781800624,30.878507052101668
2.0887863631542807,4.905898424933668,2.8099832951697823,28.794948997912126
3.884893382972162,3.245154421021772,4.154212295493487,52.37248233013606
3.1855203641965697,3.825599375642372,1.4066181722879856,17.141787123077748
3.425169751241763,3.722269941372778,4.978386374222135,63.47147114671524
2.7890416112956022,2.7990614327315186,4.367676143209718,34.09713214293837
2.9550497929090573,3.143041290958328,3.107855130487001,28.86527212220881
1.4120018645328312,3.8503783772767632,2.3614076719836543,12.838362965595723
1.613491121666693,1.4273947491784944,2.5526476718774003,5.87897414835609
2.237617354057784,2.9618310283980582,2.366066355811686,15.680973477588905
4.484532499734177,3.844418407278203,2.3422285115291213,40.38100161179073
2.1986276705610646,2.4736809066390104,1.8291861128497544,9.94840052901815
2.414435593029207,1.1879140357202846,1.1898413357841275,3.4126338243791854
2.6481714793738726,3.958516453308676,1.3270818341739155,13.911573757785014
4.156221345068213,4.079108361313812,2.288755615559361,38.80282398774834
4.3463384961097535,2.2393177692309805,4.3517077964958215,42.35444535876109
2.512045172314776,2.0037201735859185,1.224420591986624,6.1630421832747135
2.568823029692785,4.050657576263833,3.272381969529483,34.05051686734945
4.404875379025258,4.514520115077602,3.0679654743443288,61.00925003357972
1.6716614703390653,3.489607519355873,2.3643853027367356,13.792505561724271
3.7072972366668737,3.9138664663506146,4.27319262920223,62.003453875075785
2.7008312233803973,2.8340174132413836,4.532042839975583,34.68917462059801
4.62169820928597,4.372164608246418,1.7770372492778512,35.908281319961716
3.811960960081552,2.3766408451809458,2.3560032359783043,21.344593266795574
1.6596476049539128,4.532768763331802,2.248768277583437,16.917031349271255
1.1204557680323775,1.128226773997779,2.9781831585955216,3.7648053053435264
2.479658641788402,2.6943729776612693,3.1318364773648306,20.924191731022066
1.7510156575331082,1.533733886576313,3.781468347497707,10.155481330928708
1.7657019923308215,2.886755439088601,3.5821716244165467,18.258865487036665
4.864832863302622,3.642115113738325,4.61578875874197,81.78384363605326
1.76393840392419,3.34576017859342,2.818824793272103,16.635900196521575
1.7495182215030791,2.969164031278221,1.1318984498744045,5.879767130349207
4.715754276077044,2.9358353760374882,1.6931053268934013,23.440498457641063
2.635637145290641,2.442031924905648,3.258650342006445,20.973683949820504
4.963737314409517,2.382148179230707,1.9327303560399667,22.853295271754813
3.271133448115179,4.487000620772889,1.9045135357749046,27.95364561596003
1.5126314267641483,3.84902642953339,1.9857999987403279,11.561642023757441
2.162884984584513,2.6770235301105223,2.415940485567159,13.988522501759322
4.2978258376170615,4.03765099781866,2.882537856684361,50.02102758488177
3.1625521449690273,2.437059033119399,4.304579078019515,33.17679542053809
3.1481467415297213,4.26912933083959,1.2833071113131167,17.247449423230083
4.115254766576395,2.5603979686848417,4.59100253505328,48.37397024839469
4.14425375967153,1.5029608458910557,3.7162747580320854,23.147378994133817
4.560409783299299,4.414747869238453,4.647298006903723,93.5643267001531
3.7053069721601415,3.0064571909920774,3.581442690716152,39.89672286634164
3.2268383940030065,4.619346634107767,1.1958151779918613,17.824683613067926
4.835572976198961,4.105909799650938,1.353400053584516,26.870981848255965
4.033891535013236,2.679592190853016,2.903589693963019,31.385436005780516
4.7683324319463,1.342090772459216,3.152083943016079,20.17187138051905
3.673159274705236,4.38433718645822,2.0196649211112097,32.52542874174349
3.0509769852971713,4.239923369517424,1.1006001174298148,14.23726254603667
3.4593963159855767,2.9958540067005663,1.6687411731702015,17.294577056597667
3.1113741261968655,4.62725515722042,1.421552132010126,20.46625943337664
1.6677240571399232,1.9179042407442393,3.625791695003284,11.597221789937192
3.449576034688105,2.968712242082839,1.555499752396074,15.929559693130958
3.554036571129814,4.820668003697236,1.5954584200050572,27.334718492143
2.833403203951987,2.6526243173519135,2.1624201968042773,16.2526512461102
3.797296951227495,3.9111003328243528,1.185922331809218,17.612855214927656
4.921195053527359,2.161943544858824,2.5786184410652813,27.43481348437015
3.5095516644670424,1.4448030676857986,2.650269763277701,13.438487043859306
1.5976326981350901,1.3326051509159726,4.1303439579469625,8.793558305525394
3.3998462403872627,3.0431597093100486,4.289854073635804,44.38401037008801
4.132904784964531,1.5470907035698094,4.812312772781336,30.7698247487978
3.3162793715311003,2.4617711691161888,2.1293273464781124,17.383660123887683
4.0401222661255325,2.893747335889437,4.4513389250780815,52.04101754466134
2.171818498246927,3.642966303919659,4.976490938994595,39.37330759952141
4.887093348884607,2.8502628765172737,3.650491813410664,50.84952843963194
1.1514090898360405,3.5165918896119006,4.807676036549765,19.466452708631593
1.9832139513378895,2.5923075288957107,3.51235663937078,18.057378325446617
2.6652953473206358,1.28900568560302,2.486808973577498,8.543633303414106
1.9518454977564739,4.995264383272261,1.6889548588347272,16.46728335129343
2.6959212788712055,2.961300218091222,1.5284193924726233,12.202032701607475
1.0967873602343832,1.590463479791845,3.9088323339368807,6.818568067498293
2.9122382875671913,3.516652478302364,1.3959373778131083,14.296255333486014
2.808805460126177,2.156668694653522,3.5797747376826377,21.685068279547803
2.052620192078741,4.639171450561326,2.486981164763115,23.68217118618911
2.9217769952389183,2.7416505583913557,2.3458960340711945,18.7917803123416
4.6745694739977,2.838569435646182,4.254020377594999,56.446979395479204
4.218445137063617,4.062155134323083,4.080564822606837,69.92447136341147
4.59455223536577,4.600235639754677,3.34578076261964,70.71649895710948
4.935777185337868,4.107571307395389,1.4001707074716472,28.38714037763401
3.172692907234968,1.9055967774106053,3.784562722892831,22.880987020295763
1.2109674497037424,3.5662099876985884,2.76520294389831,11.941706477721624
4.2823077703220545,1.3178092293943315,3.137289597328973,17.704555647185757
1.2859848784156482,2.9351428967276827,3.915843228102962,14.780543633437464
3.9825072100986194,4.088571128946603,2.6576096756333834,43.27323115253704
1.7671778253843518,2.854199499685337,4.104286494804457,20.70152062389508
4.749648696243774,4.834931522862638,3.7960395747540043,87.17311147395827
1.347724605131571,4.05221466936697,1.5719063591334832,8.58460412266415
2.8626303726578572,3.975857719002289,1.9898871572006422,22.64772370664138
2.2975720995603885,3.6013041901909864,4.303533821576218,35.60854067095863
3.819242903344316,2.968488449243504,1.715073922628203,19.444442119298767
3.7188269632835356,3.3024719697654095,4.183583120566398,51.379930608552044
2.510383317138673,3.4597915120653946,1.523395574932334,13.231304333193329
3.523624262421505,4.273054287640828,4.940321259047619,74.38462762823072
1.3673447109144035,4.181067849236859,3.7360708561897398,21.358971414045286
2.080311531818758,2.474733759359315,2.1183304818651534,10.905625374945478
1.290448640925542,2.192582019858858,4.306067953067556,12.183651051191655
3.5065636667704045,4.967877338256615,4.804468249378866,83.69469294176456
1.341942874529547,1.1638285660792032,3.409269836981366,5.3245684869949415
4.798347741820125,3.3289818246172658,4.0973447975468265,65.44939775003571
3.997025514811753,4.086379080395176,1.5045027496170569,24.573587208301888
3.1781536607131606,1.0765998541244683,1.5270262174128115,5.224872550479723
3.608340856278386,3.2423294961595004,4.5647702562220065,53.405210035426464
3.1369914286706884,4.4940534863797765,2.4635861234160403,34.731162352986175
4.934331730479853,4.363713893979791,1.5038534928491387,32.380991348699474
3.5796045356106156,2.017965712978095,1.6055883393466255,11.597998226884949
1.6739883717813777,4.952149570306949,1.5617966748820553,12.947045790519365
3.8706941380655606,3.0278351429143915,2.521582451391701,29.552501872929042
4.691817911610125,3.5915527448969,2.6386998505313937,44.464497653728465
1.9259300873390117,2.451971892891117,2.667778198379296,12.598119527140387
4.847477665868745,3.0303219057299953,3.8601650360578,56.70357683109543
1.7454006498540018,3.014488086295445,2.473364701050633,13.013582317179223
4.730815432835065,1.9361589757009616,1.7361333066565265,15.902305321077923
4.792474966466112,2.2977586669400405,4.38912098791125,48.33278477042283
4.651532546703032,1.627246361175597,1.7182003878133165,13.005384180574795
3.459302175326717,2.2927525483003826,3.7274058393371265,29.56326293586542
2.6093693264463664,2.771358670490242,2.127879663169927,15.387758182475734
4.504704061576791,4.427507509147587,1.481654046508666,29.55101368178497
2.3171653150709326,4.690836842280328,4.940497711806555,53.700465332992145
2.125912018408055,3.282545413820327,2.1958242096291203,15.323345694672179
2.864732890081055,4.011105226708793,3.676395901396906,42.24452807393564
1.3588541259072944,3.345988124176467,2.7160815949032737,12.3492347176179
4.629587425738356,2.3850147794374568,2.1346051292485684,23.569529496148263
1.305535802312082,1.7098504675663828,1.003820342765641,2.2407990423814375
1.8253524916197472,4.204992250286043,4.565129384929275,35.04007552220866
3.720597284746421,3.52705349041384,1.7580478863780118,23.070415235155924
4.008368167407719,3.5837026097489355,1.051534354031749,15.105080123462638
2.7233437318755342,1.7564879512814313,2.4757572886846844,11.842835625198468
1.986395215117382,1.0822732336903869,2.3160584844198002,4.979114346639847
4.49588633821784,4.638683029175837,1.020919716509562,21.291272171493304
1.005171101263067,3.68835346576116,4.58087961826252,16.98327364271545
2.0113973220005557,3.8313666213816773,4.342145188128201,33.46231011742294
2.2592832176551094,4.068889245836646,1.0190331067552965,9.367740221073213
2.6683655795633276,4.258500420129966,1.0379924816946864,11.79495347513558
2.33201210799405,1.3500970287783924,1.7845843568844617,5.618661444770362
4.2029677724247305,2.901198036875302,1.7060623766031342,20.803113594755857
4.841993747337723,4.68520451934779,2.6320904688468123,59.71089631149647
1.5969800978432214,4.3937972558531975,1.202834981777257,8.440060645198754
1.8184383624875808,1.6663661350654748,2.1431631038353487,6.4941787737072465
4.426241067706025,3.1797016242997804,4.785943724690014,67.35797459155687
3.311495740851991,2.7998815499774072,2.1246600983676465,19.69941463519888
3.1174254143604707,3.70672723694781,3.8495190402571065,44.482908212179275
4.903183786862007,3.556397069383356,2.822698824589421,49.22128623808384
3.446238202338052,2.7503698687516778,4.105481479386361,38.91351763731403
1.9108418961247282,1.3464259591923136,1.85165784744096,4.76395851750229
2.1990542034730503,4.562647468754601,2.691505680384521,27.005246723733432
3.3308155335823804,4.568525628127998,4.604971104890732,70.07345907377896
4.384472084281555,2.329367340080901,2.7319983563752244,27.902025094915437
2.4104298734141762,1.8337309589841873,2.9439986481721623,13.012709201365666
4.6175059503353495,4.339411700193155,2.3555502920261366,47.19877210527937
3.3483871511809324,2.577355128410735,2.228460294082586,19.231573999503574
1.9785110735951532,1.4905619654871853,2.0128637017324498,5.93612296648698
2.7002068937869654,2.9915069330830333,4.62934992974677,37.39444272505635
1.738957391083042,2.6103365918143657,2.4100917903718346,10.940043164756233
1.1357272551773665,2.515960796040226,4.145318376857299,11.84502030162879
4.293227099922035,4.268902121361187,3.4960294148284277,64.0730115914359
4.480699396721869,3.7200413832116226,3.283783350357669,54.73537230404543
1.1598989938921904,1.0111236890247381,1.8099411221463635,2.122701390750434
3.9257538557960077,4.93127621694628,1.418342610415949,27.457661437981947
4.830331148199306,3.563747715818382,3.7172594765565363,63.98920794310334
4.062527558764197,2.928194468506063,4.406737848338398,52.421983766000885
4.4654381042065365,4.46512422221158,1.1159168088173597,22.249970472522108
4.657110252466378,1.3581058154254824,2.114511574442528,13.373965395691137
3.4354505938021154,3.641646319376289,2.433839298224078,30.4490235980485
4.899610195961501,2.4884196665199045,3.548516837459197,43.26453347075716
3.2147693025370803,3.539539749676516,2.109233501850783,24.000554043299203
1.4960188696803733,2.3829379558928667,1.4687256678387728,5.235889724125257
3.457187950592452,4.575009960409311,4.37447771121512,69.18966735773868
1.1083099970097843,4.970834264702564,4.084314191785053,22.50140711548872
1.5275641517543832,4.743851333701835,3.6395383761917874,26.374050374442678
1.9514676596398366,1.6863923424937939,3.011573585940271,9.910908331800835
2.0044021896382027,1.3698618958847026,2.7927523521261772,7.668211454646161
3.5064143546984345,2.797864571435533,1.4943074383536845,14.659862024213874
3.8813847448757013,1.4794268267641275,4.2954004613434265,24.66515469665869
2.093440133147807,1.3088134661065323,2.6689802134689646,7.312799303926006
1.1271019559736506,1.3976552875809434,1.9128382344276815,3.0132940867797418
2.519273021785627,3.504527244136421,1.038014729004705,9.16448769633004
1.7590563434993696,4.385705078389822,1.0512357042165026,8.109970546011159
1.7280619656615381,1.1450667471163056,1.1335304410295333,2.242969159136871
1.0011165063567495,1.8022836789984242,4.24967809726985,7.667676937987298
4.354632044285833,2.0924995783216787,3.849618929555547,35.07798066926214
2.0140260477795238,2.7785646208507857,4.556561921284441,25.498983102022144
1.9155540235611555,1.581501893816045,4.2504484250421894,12.876530825150477
2.343420756368497,2.8522945543109324,4.549369720765167,30.40856162542742
4.950932464129773,2.2849253642717775,1.9577705115466593,22.147300768591293
2.380350301182767,1.442132038530691,2.241099013125749,7.693198597920398
4.513626322615783,1.814226803005309,4.62421661973134,37.86651617244129
1.1970656750584303,1.964163216796269,4.837969555977381,11.37519061076411
3.3454625960433746,3.9109176852274294,2.888356745859019,37.790765268955795
2.5301841426562,2.926387827759699,1.173216342465862,8.686845854927697
4.003247157155229,3.005687095104573,4.218783483174628,50.76254735641156
4.366043576800811,3.264980122625671,3.8719535402904808,55.19487386274093
1.713646704935854,2.5179319510021414,2.744905653131493,11.843844604346778
2.987734900673728,1.151803041743214,4.648617514845958,15.997204459831936
2.8414593003366955,1.3486872601169124,3.3622745628440667,12.885042931195347
1.6799218392872222,3.1647083393780444,2.3068082025048127,12.264059659239539
2.3057816805814952,3.2963163078713356,4.11156523686196,31.250304174535046
1.2376745238413247,1.4172406080711966,4.031364104427578,7.071345608729177
4.127294409411661,2.0922424232852515,3.2629192118831014,28.176287760742266
3.1696198077931577,3.8482850215834894,1.7374431210216161,21.19263696084653
1.8088367716228966,2.3476769493592626,1.8691275108673961,7.9373703352944
1.3393402661286706,1.440047394017943,4.0368813446799,7.785987385672441
2.4903002454669965,1.7507181325619912,1.834817846821831,7.999464160367928
2.49657585070741,1.0640369940035588,2.8559804321714766,7.586766544383657
2.363937984995614,1.2372285669484495,3.1338504520701336,9.165671464177535
4.781208287716229,1.011826694960623,2.997627479236192,14.501784866793269
3.631834221960229,3.936609262760713,2.6254320210428674,37.53609628066194
3.590696782730889,1.255935982883798,1.5300588475924939,6.900083882499321
3.407023724403059,2.909027964788748,2.317531742799318,22.969352103787475
4.318440698420565,2.6581334767228477,3.895448264951842,44.71581864284733
1.9845556551270667,2.0831074856839975,4.9996678729281285,20.66884067724797
4.151552301824985,1.0473241180699264,3.178640152265535,13.820793666646946
4.328406743539144,4.29134622146732,2.7882200423076826,51.79032830179814
2.303911190938992,4.570170758074991,3.6114351817833352,38.025767283037716
4.654127609551353,2.901377043681378,1.3626746603794202,18.40071239922595
1.0483456535214417,1.830731155493265,4.478326396184036,8.594978896534672
3.2334063575542484,1.6222280787753767,4.697745315796295,24.64118959561005
3.9322878098547576,3.6104563442807924,1.670348666354604,23.71453043542861
1.8129289647998852,4.319087411156028,4.212727202940673,32.98649093811525
4.790037241713971,3.3727452002268206,3.6479028269956424,58.933968137026646
4.297701732294604,4.8456492520417145,1.5145943463654632,31.541662304766042
2.6880711319045685,2.9786739592712457,3.5524237091636506,28.443856925079544
2.433628136810284,2.947780014813448,4.6433892212597545,33.31074738400016
2.670693642793648,4.984979332660393,4.603332648341318,61.285790743195385
2.409841978462753,1.3670431071905402,1.9062846941035905,6.279983977000294
2.851266391394744,3.051934523408413,2.438171771864382,21.216674119404075
4.034377826570648,2.347224242408338,1.78974149398727,16.94811714742701
1.6262522662287218,3.51371096903692,4.149535296885404,23.711193371574936
2.176381949430773,3.429874540052973,2.2202405670291565,16.573467588680565
3.2956791521195083,2.6328306968515864,2.297940649869384,19.939151139452704
1.392719772971705,3.666517788916858,3.933496782171634,20.086133142485476
3.6930987978035352,3.006604403582404,3.1487907941637148,34.963187748018434
4.028519987113351,2.478313394037599,2.7944670421973896,27.899777426898783
4.528563513739505,1.9021613429627995,4.348408783489327,37.457447447156284
3.745928369554917,1.574833063090979,4.876533277479452,28.767702889358226
4.470342699981018,1.4886398691711973,2.142564726154123,14.258190557221175
3.4957443507139416,3.3701421814646717,1.6829104978528826,19.826630254253068
1.7442087117879979,1.427305992180811,2.550992133671364,6.350744778336961
3.483790999568156,1.6203383345384568,2.087253043387883,11.782376671181115
3.2115987038195106,2.8671675831950205,4.83427290728698,44.514911630550856
1.7122442468690435,3.9062414989861307,3.0934833999561135,20.690576668554677
1.296216310262892,4.311400510874684,4.473019424121517,24.99750332519249
4.7684739346368215,2.3388491812051018,2.5329130081537166,28.24892366129774
3.2163887767397235,3.4259996926872796,1.3978841955687642,15.403770961813635
2.5637926927418246,3.895758752132328,3.0488039063504107,30.451202870196905
4.618005523992084,1.706694572629058,1.5225684434880469,12.00016119700591
1.1836275474005005,3.7676484385900872,3.639738134232338,16.23138484182011
4.308449636834457,3.3842390026569698,1.734959222526621,25.29713385976383
4.749543708540536,3.2315689548148683,1.9721243555096408,30.269107279969838
2.2001573116502517,1.6663156091296374,1.1995979161745898,4.397913662913829
3.957539015025724,4.958401281545166,3.9039818989393265,76.60809651086505
1.76208366113688,1.0385313251774755,1.8578014087985482,3.3997377122903423
1.1795129649904825,1.363072348214775,4.810818624253367,7.734649000941477
3.8738539492109405,1.757434252526119,3.784231589633214,25.763213728992902
1.9476660802360461,2.4098136098507372,1.5366450500231141,7.212262331760599
3.4056384730981533,2.7183782417035625,1.5527853596472325,14.375397302999179
4.30870097717517,4.815158623711833,4.714596171175709,97.81409764765388
4.744371865182297,1.79203016659962,3.774709738832511,32.092799260361595
4.929275462236502,1.347226820875627,1.8148858297167063,12.052388392062818
2.488772491558967,4.323935415070486,4.308168696634139,46.36145924589985
4.47703001991508,3.951717799995692,4.792711816551746,84.79246201554443
3.174229942410955,4.861156661867167,4.355718615458591,67.21060697418274
1.0534945378641338,4.212270738378134,1.5042373501739963,6.675210005321504
2.032187071793888,1.4786843204130298,4.931886710338459,14.82013786995308
4.19567537312053,2.107373154528076,2.907873555924407,25.710992403804017
4.00263801371982,2.125992029348057,2.795270757397543,23.78657038611818
3.5913359810517793,2.331759449390578,2.2238393797165936,18.622723644700162
4.433675092146054,3.8371684234342385,4.308802439612314,73.30461344789538
3.2061433419525818,1.6215869686820024,4.481738214577235,23.300737425978028
2.1097377576549285,2.4798735719407463,2.6621166676877857,13.927882695264028
3.906571204194695,4.566404465410501,1.878565734901319,33.511704447182545
1.2892983377687992,2.34425517845012,4.626208735461459,13.982458245689179
4.780730039068575,2.5752901965864554,1.7924028352636023,22.0676464402206
2.8103184631030604,2.9077583002315257,3.8234458193057224,31.24415481289593
1.9673945088073759,4.774099271049023,1.6337403046844519,15.344965754273776
1.6095269515397375,2.423889807554892,3.219739079353952,12.561219498602986
4.999725633697288,2.111879029408377,2.829782859957011,29.87915574194125
1.9033015439808691,4.021953885358855,3.5786674053765686,27.394666922665557
1.3194262979656277,1.0325457555451,3.8911070133967223,5.3011197719204075
4.115804996360618,3.0537123399532997,2.570048829446871,32.30161889315206
1.4654082468801137,1.3920193491523771,2.1379197741288447,4.361092592750059
1.5492738578618734,3.767353632087387,2.392358040600812,13.963386451416039
3.78871721222013,4.5003441736006815,4.885397494629851,83.29862353724242
3.846327664513077,2.3210082733599653,1.963049866938725,17.524849584545855
1.914025066163683,4.826952858919581,2.97556280748947,27.490953303406094
2.538473893099533,3.2354782156068262,4.287463146735618,35.21369362798596
1.1950575890591737,2.1787567577817115,3.6863693866920904,9.59834668263135
1.4128309397058167,3.5283659495592117,4.522321482834437,22.543702858373432
4.04666052777327,3.282966876794001,4.075554192000588,54.14395130261936
1.0645860236941798,4.74439873193861,2.8043115168599373,14.164074324482725
3.680569521013046,4.808053975341837,3.1340490972175843,55.461314100836134
3.420140240198262,4.328781655722263,1.4377787039613579,21.2863717003047
4.486733582787388,1.621776021248238,3.9899716733745314,29.03293686575523
4.932103764931707,4.886531185219519,1.6438617949308316,39.61851397576189
2.442287317252815,4.841315921718973,3.447677677906454,40.764942568631376
1.9696285858397227,3.8873734667932123,4.184814219720385,32.04179130786374
4.648405349705211,3.5152576418776866,4.2885405769827925,70.07622154468478
3.526315011923552,4.890273997504288,1.0016395822227815,17.272920625838378
2.560435009228173,4.013793551652166,1.6798806177384198,17.26422975113009
4.7101920984593715,4.531983733892028,4.281593321722326,91.39709167195169
4.9730831504108295,1.5519169402885726,4.904417319770109,37.85137077774286
1.3048497217295068,1.091606499458829,4.376630077669699,6.233995016128019
2.1417964814479262,1.5635990456748012,2.7175359692477246,9.100785922097772
2.4228324056076422,1.5434949518095107,2.520307013281188,9.425014675532413
3.3863942341751487,2.111449475669783,1.8977074769889297,13.568988628513905
1.6415389692544489,3.184825769857012,4.235251135553346,22.14195905532177
2.8536088935611947,3.7309111371106547,1.4004125192683592,14.909577594361231
3.069563852350844,3.868247246521872,1.5750882036890634,18.70233258958843
4.649507474128909,4.761626537941767,3.637946961834649,80.54130150503299
3.931131084651587,4.085475699180357,1.1038174952178985,17.727905604919357
3.2567149542265628,1.0286464919088565,4.325684181571905,14.491078399434823
1.7623293897933103,4.6327411594455805,4.049398006073268,33.060969468626666
1.9106258485365832,3.7940029955372734,2.8428391662306884,20.60751423668449
4.12077562285236,3.7633191469005736,4.438209866422721,68.82684345653902
3.605123878681129,2.2917234657591234,2.755282249934946,22.763995890739842
4.692473026958892,3.315699634838361,1.5072369165339023,23.45084461501477
3.895619744602249,3.515908268953878,4.725859537905405,64.72840468642426
1.449053673949817,3.222638870246359,2.8908033377725864,13.499406055818516
3.178537029385876,2.441756906360901,1.5162996216351403,11.768326979190427
3.5274595431448836,3.151930632261216,4.890014914683971,54.36869090985846
1.3319387334490767,1.7768142334894548,4.307603240013755,10.194406995190851
4.549948597751962,3.687074621553686,1.1888454281958594,19.944070908341548
4.031195865535912,3.1476025421071308,3.952446468858127,50.151021569178184
4.28446235957151,2.978859727518952,4.46783944325384,57.02219654480174
2.432465082978274,4.8581273006851795,1.122861545755561,13.269107561010001
1.2287646684084654,4.804996247149068,4.615703078076914,27.25207851817795
3.202286482103601,4.0542046226001975,1.0873771653983377,14.117118338453132
3.675979405872725,2.3551122836545506,4.376142513690209,37.88577224222022
2.201874328658789,3.839392833939565,1.5075812379918392,12.744881506574057
4.4117906219684,2.9538248225421446,2.6693373105215303,34.785887316497515
3.211948692496909,1.1493843832051396,4.190996890310494,15.472170047370838
4.109450614793754,4.2307733888738674,2.2391083932663114,38.929484028621765
4.062660513294718,4.285700711142496,1.4692127379905,25.5809728728404
1.637703013143602,1.607826918147385,4.9278960294512775,12.975854877826082
3.2902495649707193,1.7515487607947477,4.24117353562089,24.44202112847456
1.5144480574558,3.025097263813745,2.3951145090409107,10.972864262441075
4.982156805366525,1.4856510810215355,4.570520417560962,33.82983416069709
3.6195006807310937,1.6097583802433375,1.4111177245458366,8.221907836032464
2.9451466252343077,4.894683631389374,2.305968864041625,33.24183477428972
3.675961442653909,3.1251430991447977,4.874122851770478,55.99346288825592
2.1226378887427213,1.3512955045080899,4.17727543294847,11.981725227898227
4.733195047216643,1.1040907036490184,4.179292996178468,21.840469683029454
3.9716709576468507,3.1315755646365506,2.071705910031665,25.767023989673334
2.522478143562287,3.8155522693415462,1.6714565297018948,16.087179416930393
3.753713370501116,1.0944972647366065,3.765080818018771,15.468567282662788
1.0740094100131792,2.1244391552534236,2.1059164284086824,4.805001375126126
2.158778882732679,2.2351675615385447,4.81722616448691,23.244236399119185
4.671326103860647,1.0369757758344154,3.1955637499533927,15.47947700836629
2.28820479252231,4.057738838662804,1.647832986058864,15.300026215850199
1.2792638500575095,4.339066455933279,2.7124883554835995,15.056509821438832
1.646275766899842,1.0585057159212838,2.6929735257109817,4.692754954907521
4.904999881170833,2.8404768345130806,4.8331002471466995,67.33735544053921
4.601065175142853,4.524528189270202,1.2941553532256296,26.941272005706114
2.9221578262570893,3.7950701023089803,4.724568586675446,52.39449142328971
4.980711968927153,1.8032732840391135,4.146016801248949,37.2378016031262
4.310497766055867,2.1526731121800102,4.717715561541029,43.77611974990051
3.041971859514559,3.622300188567238,3.5936145248416027,39.597805727959795
4.580052140570444,3.6614911664619445,4.81222695835417,80.70018207854797
2.4994034106934726,4.925402399302872,4.308644387240225,53.04185780327803
4.9468370570979765,4.726619469867032,2.813496054839783,65.7846480510402
1.6358017856023346,3.19763844350885,1.6402115198269023,8.579458785312534
4.9036954236821035,1.3894317828195777,1.8319892327679952,12.48198434275014
1.4630080776554397,3.965745898398694,1.9882786808015416,11.535830430410666
1.827727651039471,4.924679621940259,4.734511716237449,42.61521268248798
3.8497569718117024,3.2579357453446254,1.2945847648063742,16.237019811802472
3.951028735973147,4.467612178370349,3.8643552659853015,68.21230111021953
2.3110739028842198,2.0587483428551985,1.511961031977172,7.193788979763189
3.534955496502148,2.702845757306708,3.5476756846408213,33.896052573861304
2.6270507804894194,1.7603789887708738,4.785706693140504,22.132003084439344
1.8143566919248673,3.019262512871812,2.1873192472460334,11.98217671243704
2.484375966532829,2.8112476690536075,2.1953060786859178,15.332448251783484
3.097597870839527,2.097929255396764,3.2371972082339404,21.03705941304039
4.893103698519837,1.0986908660399868,2.169253792572197,11.66192648077063
2.0357260221051736,4.984606635316787,4.22561934953848,42.87859949482862
4.1767415328850435,1.9310163245255834,2.0482663557567466,16.519997512672663
1.8337719208127061,4.4080426081891355,2.0010162637699946,16.1749043317071
4.4429750874882865,3.4253093053936077,1.092612775695228,16.627997356680538
3.5356960386894087,1.1298750537624165,2.9896308681227675,11.943260664888179
3.734782357131383,4.675108594442134,4.676359621542369,81.65163841446167
2.767064863878337,3.397176901587771,3.095762622424052,29.100815172212975
2.896373714800979,2.0717865462339073,3.4381973130397956,20.63148092132655
4.940004726437839,3.3801163651397004,3.9986784416139747,66.76909617331415
3.976676465959834,1.400729375842316,2.54077495259544,14.152745439782032
3.6619721899826088,2.4372798378721807,2.4161802723194334,21.565015356648367
1.2830447699519834,2.5175812750554556,2.61119242218343,8.43459408914375
1.3426687107294542,4.1116539664731,1.7013760939189968,9.392598370352394
3.804867959430136,1.6655397618501095,3.8417660510872804,24.34588182639976
1.7719538280533347,1.2928983268051093,3.610799368493661,8.272182981630742
3.427351098203345,1.170175035081066,1.8897422186173922,7.579001448885822
4.194275353179495,3.5859381225899063,4.903431509313357,73.74962955292959
2.119276950635543,1.7371103997133637,2.248950027943723,8.279325183289272
3.7947263951223147,2.5176151422418482,4.860224843529604,46.43293875527771
3.7635955891762443,3.2015498594782694,1.657539421188027,19.972254275167394
3.3514759066531847,3.9189164391586604,2.8637612224756066,37.61308098975897
2.4482363565430134,1.355795917788169,3.6502982164238142,12.116467204049995
2.946195718642205,1.4084659909856927,1.440980913484713,5.979518135147343
3.5834367980318325,2.679864999330382,3.419028848868836,32.83336774755912
4.115406318378089,3.350461217381741,2.533323839199595,34.93075922423269
2.857996528020285,1.3850200641665404,2.8157949070637938,11.145993381211301
2.213007044018956,3.467207621849433,3.0560114085439816,23.448637681783183
2.880912108424984,4.795665081045659,2.894385072222003,39.988504617520015
1.801663234206326,1.9333516949447445,1.6991533539553112,5.918573656166064
4.662788275910262,1.9130601738418274,4.978117496121085,44.4057765566681
2.4528071655298556,3.9867070267811533,4.013991025535743,39.25130722059071
4.912786352817754,4.0880866061774475,1.7760231673111369,35.66946474209644
1.312325545055402,4.040706683646082,1.0103809959154182,5.357770142686686
2.8217414022806038,2.3788219839103615,1.4137548883303652,9.48971726705508
4.473750262132073,1.6017919262056814,3.298576150874627,23.637652937045544
3.128574548843812,2.1735392962843783,2.4624468353931492,16.744834794980427
1.1055991814952169,3.159736396198763,4.405650455421856,15.390707994984389
3.0153791724098506,1.3952288574118787,3.023900980068663,12.721986977938448
2.766449221498897,3.778239914762314,2.906553908654336,30.38019920297409
1.0427390980178521,2.360848838363534,3.500347140380595,8.616977431570472
2.6381077628775618,2.5689065468637953,1.9298693114451444,13.078825262367841
3.5864977868364276,4.899407395475908,4.122755642260431,72.44388213350186
3.5634124621394734,2.861282111108758,1.950617213268551,19.88835331047426
2.8900388005896653,1.6322864986132877,3.0328886584105694,14.307261957777186
3.15486102263057,2.0030578106214674,3.389523222798338,21.419648022336087
1.1789172773804535,1.9682832441706757,2.795185988918634,6.486070106418131
1.4591365713701854,2.0197133807697862,1.8048128053515402,5.3188513022299695
3.0339442856958945,1.4559212816303226,3.5012713150315005,15.465759817372023
3.230348506839932,3.359769981295092,2.4067495265005667,26.121001211379276
1.5264944589542297,1.6027924597253334,1.7770233409855494,4.3477609252366465
2.9794636225927453,4.418956972021132,1.279150260775638,16.84144781145062
4.198255990711019,2.884332804658785,3.2758799541222454,39.668178996926805
4.559288023422471,3.533818358424384,1.3218115159860448,21.296624942795848
4.416186844137462,3.323140510526405,2.026456460357818,29.73948348603256
3.534426917324599,3.2483644577262614,1.4284364610062479,16.400031532498804
1.5438585666073972,2.960840720499009,4.4517187547900035,20.349337565836688
3.0812575978061014,1.773328185006907,2.206774850802559,12.05799640876874
2.9914179130904035,1.2277159993248556,2.3299961932722564,8.557171123250985
3.010302644299575,4.265551999622682,1.0471288320022816,13.445765060188908
2.621788256754622,2.610677924409014,2.8964929538993385,19.82546521612278
4.549256605331026,2.6858810103586808,4.994813598321066,61.03043823016167
2.2560452127261854,1.5099431615301753,1.6993220379003144,5.788740591879533
2.7841661865780725,4.150972640776754,2.829631698375232,32.70204693902904
4.038508409991676,1.571951114816288,3.89121493639171,24.702746858041316
3.371985222575352,1.4732564374696855,3.8584947496370843,19.168226112625874
2.6879938090385758,3.446360643365518,3.2225538992409413,29.853082157079182
2.5378542616713804,2.6809885280173735,3.965492187684821,26.981042934052695
1.1746328862213264,3.996941412617521,2.9385478788170536,13.796302532903626
1.842414668023892,3.0388288315022236,2.0985304398178766,11.749216158534553
1.7282659474690854,1.2416094407201728,2.0976927609854745,4.501294818818992
1.9027509329813896,1.2351036174061498,2.6962473539103473,6.336436239778046
2.99633555846798,3.185714398723498,2.4160782789752813,23.06260111571497
3.750895634617621,4.1893467290992685,2.665769414514391,41.889373711888595
1.6184210100440866,1.4704482614305845,1.9742885001647146,4.6984203815415695
1.4441538571681964,4.945116076392599,3.0659490426350935,21.895501013235332
4.439922276176075,1.7419932889322527,1.2438858769137626,9.620604957872665
1.0161750194842298,3.467629152264218,3.3719042696266435,11.881640178395383
3.080610055202283,2.5292950078097256,4.3351843858106855,33.77876672392223
3.525226315940956,2.049245916856747,3.783199509875547,27.33004373362776
4.412539005220426,4.5132263787243865,3.1671568642327115,63.0732557261143
4.356244811939629,4.340532157285719,2.189240970842789,41.3950892711789
3.1313511903942164,4.765473266589158,3.030739676460407,45.225819996069184
4.775896499378195,4.2127696311251395,2.4123336773732267,48.535554688261875
4.936420605640203,4.684292998227874,4.612376801785455,106.65494291958827
2.603213094472549,1.3445672895219904,2.58435371499068,9.045742402367873
1.9311197488095457,2.36921691290566,1.6236216833626957,7.428461419229033
1.5018389505397907,2.4281225770005173,3.7158513973342107,13.550406015683643
4.297683430444703,1.2006222659849803,4.318954447344772,22.285348947675192
4.906194496889917,2.9732688734915715,4.596118032057032,67.0455748139985
1.546971687104001,1.4526145860697501,1.5558524953758428,3.496239593501419
3.2969960662995366,2.582305220307714,3.962098294725889,33.73271117409735
1.733493797191871,1.349916888901808,1.4309424202631535,3.348509083491036
4.432921219975249,2.724646131086086,3.0356317881517545,36.66479073883502
2.0698806312183513,4.3035326691561915,2.0600524483113,18.35053296947637
2.6371451162148674,3.852516944992293,3.317531379832442,33.704945231163535
4.203972978597083,3.078348587621471,2.91265727078207,37.69355488106903
1.3264454255635454,1.5630179870651335,1.1398308619858937,2.3631635205275074
3.4337104820139333,1.0594622373551967,3.6049229093082245,13.114300708690823
4.505449637511475,1.4103156236467145,2.066575049657826,13.131236954173795
2.051935529943556,3.278049499354075,2.4827644496423646,16.699933312311313
2.748956032372005,3.309456877821958,2.3997207545004775,21.831583025294286
3.9344515078728346,1.9605494123413094,3.9877052028909263,30.759908154974593
4.156955481169318,2.576512493440682,4.295308647151849,46.004678757738645
4.590171666285137,3.199604404166043,3.789985367863414,55.662504988348104
4.481680018625521,2.3106773862496133,4.164425063633912,43.12560605845601
4.080006937526848,3.625835891443987,4.4625975353461005,66.01714920959587
3.2094235020773048,1.3495611042189415,4.284140422357526,18.555953642283914
4.352560859424745,2.2361183339050523,3.7817569577241703,36.80723968901955
2.648839027545592,2.2033944727878225,2.727233272940534,15.91732592526128
3.959817423330931,4.068768054302507,3.411025567387715,54.95700664786554
2.724488782676433,2.727980466003035,1.591055258480743,11.825283017256002
3.926497751363433,1.797592285549924,2.209589076473307,15.595814570524412
1.2920287315985708,4.068286909031702,4.200779998033584,22.08074295204449
1.450852426877403,1.499245234350456,2.91377902232577,6.338004304755409
3.00344968640806,1.0694721586492704,2.059646316355678,6.615801918913448
3.8247541537089877,2.9857266043910564,4.5915244763446275,52.43369538193924
1.7785116921642001,2.9408887801660346,2.3965151526885182,12.534745031027466
3.7955716229784415,2.6653994003517427,1.9303143453778993,19.528438795194635
2.975573799786161,3.7708769918208525,4.248617860022998,47.67171347798815
4.857656005066407,3.82306768234625,1.911311911897816,35.49525578780989
2.6168196107612594,2.3053178154438823,4.733526283691409,28.555474770021092
3.0989346344674775,1.9801650277542637,1.252576663425911,7.686313925651399
4.290031142334108,3.5586888976085844,4.6412324855661335,70.85716816919145
2.6986444213521272,3.794898904301989,1.9398875443840513,19.866548882648836
1.7391288188286596,3.798738975147278,4.561992144807027,30.13878480415089
4.238550098943123,4.1531137775028455,3.7099245569438115,65.30647277682634
1.4077353222196156,2.4176816521154993,3.631349198524331,12.359136707845265
4.3455942704338435,1.6476463071326326,2.0180018206241788,14.448897781963087
3.2937907037470033,4.932893736377936,2.3659108328500587,38.44112883074181
2.4506888368901834,4.8884638858316,1.3811001935484915,16.545723779869704
3.87198185961378,2.3578809804235457,1.253901583005796,11.447710653779684
2.9311630874482177,1.618943679232351,3.1084096809664388,14.750609853741365
1.5084226157561367,2.1823259232650423,3.1991635968011116,10.531229957920107
4.304460013674682,2.211881323968075,1.2568395314017908,11.966312261259521
3.567322303386265,2.9663050229191184,4.012476397881505,42.459086591364034
1.7624312457238687,1.9004710395788451,1.1865946310372717,3.9744388431673348
3.609002669245706,3.745077550910489,1.947256106599582,26.319103562502654
3.3664441980508886,1.0808083386119027,2.9526874881115,10.743297208464796
4.743765344727876,1.6114546612972345,2.9557884296002457,22.59511904751556
4.016745820386097,3.1765637744307176,2.9466815382183404,37.598033584458626
1.866217321442111,1.399930462299388,3.6935318058888527,9.649626928112374
4.816505278070613,1.5038427196868183,2.8828119166303274,20.88097468390666
2.153460863006699,2.56388658945905,3.271014210693149,18.060019918136856
3.486194328007548,2.3525488557975565,2.175866960984925,17.84524771908459
1.7647774803453022,1.0200839639306083,3.2930032834356884,5.928134347557471
2.623519288966599,2.4130364104231017,1.4300504873933884,9.053145639739089
2.6559447586202696,4.312590747324927,1.6697534683850472,19.12536088788545
3.8785124129948283,3.336073773534365,2.926916134274781,37.87137822652666
3.8697242738366846,3.81683041464332,4.227350351063411,62.43830838850392
1.4603458996337242,4.864965690671833,3.4372914631986737,24.420349593646495
1.6756876331217456,2.944341066392145,4.533169337387493,22.36573234813373
3.8925003626470547,4.879310007504166,4.53940713147954,86.21567033707643
3.9822895024901257,4.74675951886618,1.6628621690644696,31.433034698376932
1.9213159974173246,3.848238967417396,2.2221813050063552,16.430104337703554
1.4894233450812635,2.6996462652525515,1.3530776409105667,5.440611766859213
2.438807542856131,3.988215236284752,1.5233250391196003,14.816604846947186
4.1422510858878,1.925286183432751,4.292379163862337,34.23180445971968
1.4305392210044703,2.4348843179846713,1.0054283956424634,3.5021056897006955
3.302313521277546,4.059774204868346,3.1540657975782347,42.28544755164378
1.7829657994879882,4.480080432180372,3.0083835525482154,24.03045696273908
1.6684980198458916,2.9209134306052307,1.7662980190347213,8.608121001009794
1.7606242722876448,1.743300836932686,4.428401835974848,13.592083868321177
1.4297860427540598,1.8788221842789419,4.676331540693004,12.562093651380076
3.5067898060309504,2.0505751327722788,4.272656818292143,30.724401611122605
3.46105418658044,2.0308989579274703,1.964349541102846,13.80751377580025
2.2908161953646275,2.3617109691627713,4.684942136837744,25.34668822358248
3.187278906396157,3.582030582581325,4.939777412710338,56.397095494941084
4.966019877901993,3.57424223018229,4.732951223090653,84.00873866301454
2.9064078566481744,1.907454290024186,4.487815316653914,24.87973066969309
4.533363663089254,4.633402989210868,1.5019712196314203,31.5487563943165
2.021619131917554,4.68709158491777,4.078300591692343,38.64399443892089
1.1859508897069477,1.1419697665358273,3.393234263672401,4.59552523374796
3.425745885135516,2.414328488273451,2.9444942154667957,24.353546197482707
2.7790847872527387,4.2520560825415465,3.3297144320065564,39.34665065705194
1.9817059209643277,3.6130302589146246,3.786633187177379,27.112155244171973
4.967074523242298,1.0371759296770429,1.3180872269008068,6.7904296892538145
3.5697037109142284,4.074678360706103,1.2899790640059714,18.763254337551217
2.9287587092535516,4.172896587544217,2.9874908831219145,36.51134265937916
4.394733873249241,3.212165063481802,2.5942103950181075,36.62145798935271
3.5600979565838227,4.99881235760073,2.0896187189990165,37.18740149218892
2.1458826538955704,4.2910200355924575,1.6324499564012047,15.031640763813646
1.3340966513254964,2.6253429862568747,2.5028872075225217,8.766265548939295
1.0716369887225188,3.445960836907738,1.1702347220359863,4.321465126604255
4.324893169504789,3.5992359269754104,2.7234813027797187,42.39455662407578
1.3712863558943504,3.718159169453971,3.8796655667663154,19.781099278223923
3.9583579609424726,4.281466915459398,2.6163198590809293,44.34028658355323
3.37375526018794,3.6321275493975964,1.2251008343833942,15.012274661581833
4.682143644038184,2.5271340639994637,3.1977419020289677,37.83697629620483
1.484838937552591,1.2562680377166728,2.395290857666319,4.468069450684077
1.6557478681401112,4.061552652639961,2.272481459826076,15.282226808217422
2.4224683422692315,3.774605671602008,3.7032657324271248,33.86215356189357
1.8738343282443601,4.342397009525605,3.5411475924188,28.81407922707905
4.559914926152677,4.786341306125188,1.9436689029579268,42.4211747184625
4.34030745027677,4.181251538446333,1.269851363829133,23.045157411903396
1.522675239210264,1.9535752988928268,4.4240751870869115,13.160122750178974
3.0251420695284343,4.156101154400842,3.2279734190806013,40.58465273569781
4.291358983412703,2.506010050293451,3.63144144323959,39.05320668557225
4.380428803277155,4.254473461068708,3.7150127880203274,69.23453153334943
1.6387135908735266,1.6578575996419889,1.4903619098939034,4.048946352669149
4.255702284142892,3.306371234935611,4.761528039974198,66.9991354416662
1.3037624570232706,2.121077437181913,3.3100792362405618,9.153630662136726
3.4515312038546315,2.0706801747585546,4.513004125977192,32.254518276223486
2.5317252965132058,1.1273364830753727,1.7405762602524342,4.967789655890661
1.8922191517657225,1.2630001473542043,4.481075343315116,10.709201276456485
1.3361853376427009,1.278201883587316,4.824742032895138,8.24024743350017
2.632824942726609,2.5036771306203227,4.411434914693578,29.07904785706346
2.1742484719513664,4.221438772950229,1.5152694511652798,13.907835200188421
2.8038146826952546,2.5875347655108567,1.4597699579283763,10.590584284723882
3.73284761600557,4.892285222717469,4.8064216368412875,87.77561803494199
1.5611012355225684,4.650886469591018,1.4296533436175238,10.380004697689417
1.0493541973060552,3.0316543734443644,3.885482875528997,12.360806015338227
1.1606913126184701,4.333835774869942,1.7637550787893619,8.872121108514534
2.921672861458114,3.8468005865940653,3.1046942526524743,34.89394706115905
3.915618771114635,2.5746973318547366,3.013685454030754,30.38256996685053
3.7402859776298234,1.9872564213171224,3.0042791345158,22.330528390115802
4.580872868776682,4.813346208790724,1.1604398751583087,25.586918336048402
3.6699851639897867,1.308388488085244,3.721316457119733,17.868892104314888
3.9473258661599813,3.6484353813918737,3.4739414370609,50.030187686905855
3.0016301135275656,3.9062231193107158,3.555208066282647,41.684945924612684
2.8691499717147946,3.999280412718685,2.3323260331902653,26.762357359374242
2.8906503049642946,2.784965476086631,3.1803174580052214,25.602704594432716
2.8301283925628296,4.068913412668946,4.315012303131234,49.68972860505035
2.877249594694102,4.518619637424419,4.066133882010757,52.86460567810078
3.247695701665408,4.618729241156947,4.858530813841181,72.87906559775627
3.9684642634775185,3.4131189372522113,3.2190160229915246,43.60105869327325
1.9082183681378537,3.1157706128173066,1.6536824554205318,9.832085977670465
2.2210264326817755,3.5829156456593374,4.210084791348319,33.50280374326258
1.6266378231159502,2.703609001287787,1.1163482881335183,4.909468308016477
1.6479232154553278,3.4986349820581104,3.252543652826376,18.752481264447244
4.9155540456487365,1.9764143336253106,3.9855783826116147,38.72057740826638
4.307004576616509,4.706141280375299,2.9819996941837705,60.443261203047896
2.7144378416150827,4.06095580931049,4.223779464426024,46.55961699257348
4.011800725690172,4.670367861602998,4.509279906190397,84.4885070466509
4.490879601519278,1.5923208473677768,3.834072044177759,27.417147111032374
2.012350384078243,3.886131749711536,4.853977569858355,37.959360413052394
4.629465667240835,3.366245499727461,2.6492332551904054,41.285433728288965
2.0871376766896264,2.244233134739849,4.20334181249507,19.688551957683785
4.580335849716029,3.7915862406420966,4.991669164976395,86.68901249412903
4.0442438105827065,4.699151620294001,3.0348449948292777,57.67575678795921
2.5735515595074827,3.433509534414003,2.660487297607628,23.50890066747063
1.4303408409419607,3.9746886615781425,3.961160810128703,22.519831100586483
4.768457446100893,3.506147914744659,2.982212097825172,49.8593569311871
1.1907221881673116,1.9607341326672083,2.6379688937204,6.158838638538171
4.285333055997717,1.8221845316161,1.9322083203230167,15.087972521775269
2.3805382453556407,1.0876371602218513,1.4588123431338307,3.777101275330988
2.8670399433416995,4.722659016927119,2.1701475081992565,29.38391019617329
4.016436282559987,4.004248552637449,3.6492765116894113,58.690617750448176
4.838835418334019,4.116433764161183,3.8379924987732537,76.44799579573981
1.6569012535044467,2.5706169171745548,1.957362701683266,8.336913514009991
2.4028872932938627,1.987440930478531,2.3014344773185926,10.990722568388911
3.19384661427311,2.476547048539086,4.422346009717188,34.97948067462442
1.9769858675584189,3.2606384606574053,1.7221075402060202,11.101111890088
2.0690989511287428,4.111828123788223,4.019165627431171,34.194173960135906
1.9969518506942427,2.48746632476154,2.0082023022235957,9.975444671438144
4.132099278167938,4.912949890277329,2.6181350040474927,53.15022643799094
1.0869498097332526,1.5840136492654504,3.031999491729384,5.2203249156502105
2.012813500736918,4.5411555650633115,1.7242593733160998,15.760591474643753
2.491195705114669,3.3927103247000683,4.335161852241871,36.64037782371239
2.6074031485330234,3.7946331273064864,1.4413839794476844,14.261252527827828
2.4338402431416073,1.016182706484532,1.041205403511479,2.575136655789242
3.148698528605987,1.8169195301982453,2.645350276820136,15.133868656586788
3.399498955272694,1.3522613390240465,2.5660374228063425,11.796102282834187
2.304032901464998,3.2485012851917054,4.153817848300799,31.089888715312995
3.047513433897699,2.4874526571909787,1.7996628131760541,13.64242564012978
3.973172762448224,4.11628317733096,3.861883424790966,63.15996107774776
4.916207492673509,1.2657896840576237,4.564035743691074,28.40146833162792
2.020279128627984,3.1297233289340243,4.187332242701338,26.476144674176233
2.396028956424034,1.147262780700784,1.137284532870178,3.1262528419520956
2.305724526953792,3.1862834327877962,1.1953317042981908,8.781733702930099
4.833812476184839,3.2089359496492538,2.5708770885974936,39.877889063100056
2.4594365962417557,4.843302619644417,4.803479928633466,57.218071604215055
4.22049471179845,2.4852700121729296,3.356265261262862,35.204097718956724
4.5836091079421,3.039933921804989,3.6871968431599966,51.376917094869704
2.002737964265412,3.4652972662998343,2.356060319871604,16.351252742041947
4.444887762810474,4.3745576607903,1.5508796089824584,30.155951096509213
3.5614410748930525,3.639471985895377,2.1903493657306234,28.39079379357084
4.543429604506345,1.2164511476133888,4.380557610154618,24.210729318826882
1.42353865976835,1.7557017027806174,1.1478284168855168,2.868778178505883
3.5193163714590967,4.203556059486727,3.1259482148487328,46.24416398538925
3.2444327699137356,3.4854853990296877,2.518548415404505,28.48081094742745
4.609376293270773,4.18609221389987,2.2998503234195025,44.37624263738564
3.8387999458287942,2.6815150739122156,2.9234743829061007,30.093660370264573
4.5563290785728405,3.8633001781695375,4.538271079531347,79.88476664697156
4.988096128359954,2.2369528929101894,3.0109426787147213,33.596508091355155
1.339889362214317,4.8536287380070124,4.480312553192096,29.13693093873467
4.024696629524168,1.9639696621529694,2.4364739900686048,19.258821344886897
1.181480060186162,1.691228062200354,1.6956634719330546,3.3881937523796934
2.6790370830809955,4.307965375524604,4.93080905282255,56.90744847836208
4.90003740300272,1.7256056520874807,1.7591843430865937,14.874839925661831
3.018368628200796,1.4942748016795613,4.302224783013102,19.404204765130256
4.0811248701659135,2.820351988691343,3.927603169325951,45.20753194848177
4.443212255878191,3.348160201528899,2.281906032845986,33.946972350329844
4.586447964067205,3.010354170430323,1.6708938106241864,23.069751396476356
2.8336688401471237,4.940536816115641,4.1966121719836025,58.75192089569811
3.4266027532922614,3.3229471880121273,1.5282837916517926,17.40168110570346
4.885129614457261,4.841474899339916,2.551258297688042,60.34040293252198
3.8786080311629783,1.800755493772638,2.978794622312274,20.805166796796616
2.0590593989414594,3.9121518015511305,1.6895749104335787,13.610122217160264
3.868031723640491,2.2116490173701338,3.839806426140084,32.84850170143659
3.545194949986223,1.4353535691923023,3.296895002218805,16.7766070250715
2.8330850750474537,3.8373982415387773,1.2883956335103623,14.007019481645331
2.3890206744191125,3.9205271435752502,2.8837147422784217,27.009507848704242
4.499732371786629,3.4149380285909823,2.941984400260171,45.20743605698982
3.6358953781471266,4.73412843960733,2.751509106962303,47.36116416094006
3.309735341075062,4.948333026263469,4.262405642183348,69.80828450710865
2.6056058818331884,4.40262586053241,1.04866282534914,12.029743820112124
3.192960848605237,1.3445035514520711,3.660140572603082,15.712790224948487
4.656942671225218,1.4952674253152547,3.8791337252850107,27.011861554619053
1.4372647977126491,3.699874574189977,1.0998885151084186,5.848876586428713
1.3794715312264807,2.0023189370069616,1.6958339570594987,4.684134147007579
2.5987934050073354,2.3104467171220597,2.591013365589324,15.557412485575114
4.503801335412103,3.179809420675825,1.8043796811362292,25.84093626785956
1.9856441756270118,3.551085089838679,3.65601833581876,25.779285142071245
1.60323989628075,4.4450988751737235,1.7453069666903924,12.438034571480623
4.942717522581191,1.459635171840631,2.231166319130778,16.096892963574938
3.727531055763588,4.257997501199556,3.8607615204618146,61.27730388950159
4.006716176399516,3.158824004811959,2.043819947244591,25.867630131729086
2.6876202678184065,4.146638190842775,2.7489269787852133,30.63566094354117
1.4457159115201468,2.7005796066454004,4.850419199175585,18.93735056926801
3.374191226507548,4.765715874879911,2.1566805664936424,34.68036531662692
2.021728783223732,4.649199395682388,1.4035216745546935,13.19229003115466
4.4867022423117096,3.8813162697061756,4.956129652557091,86.30758020387466
3.520075384030404,1.097317801550001,4.33734814422311,16.75362042869211
1.9280638483937946,3.676860804382319,1.7805150179766214,12.622466935632513
2.443501950143199,1.219065647273283,4.302732323691746,12.816932948338977
2.477735010142587,3.243952477730689,3.8957927981798446,31.31303700354787
3.580174936823166,1.4394939115302434,4.932378012388401,25.419700737008583
3.9554009570482527,2.791185554363719,4.535558252343408,50.07373333899644
1.1971097801146446,2.9673426327473913,1.91120711159809,6.789056577361677
4.859722162515368,3.619179204601783,1.4804224949155613,26.037974905614107
2.3898445314259393,1.8844862300111687,4.948138992230051,22.284582812362228
3.5807858028700026,3.839582772575148,2.7697159649862657,38.08005892345554
3.3746552046140716,4.823856308873519,1.6036400029684144,26.105417947351636
2.9826046287576546,4.057013797561954,4.780778270884431,57.8496551108053
1.504621103496243,1.5276644072097274,2.184258720248376,5.020641218833557
2.2933215062460843,2.9624766999188297,2.6387213779042593,17.9272395876709
4.644222594596217,4.887148284075112,4.0417779474214015,91.73625219613275
3.2918482087312317,3.5586294289972353,4.570915616050239,53.54584430985904
1.5351936409956952,4.785079736080501,4.373628757899095,32.12878174602658
4.872720053097536,2.8803756522086106,1.2025432233883526,16.878011853342567
4.224741738952703,3.6898900260096887,1.04440120899139,16.280995410575827
1.9368404295076918,2.6129926329943265,2.6601922896219934,13.463099565866072
4.76321720006476,4.23609950543846,3.3998446277232603,68.6002358684533
4.450427045918617,3.576987320548148,3.059016454878208,48.69685343576769
2.4978930725374644,4.165658384873075,1.7180001614658802,17.876426003734974
1.4422556850913066,1.1662437593213961,1.0291655819835643,1.7310788336421372
2.9998357901040182,2.58293278130814,1.4178528514737994,10.986054454891823
2.2119483115209517,3.71904346254564,2.761240860197986,22.71488379240376
4.751610367404206,2.1889412958264716,4.054779725589323,42.17374833477342
3.744251651093196,4.6787292559293485,1.1779872499147093,20.636380855198254
1.1107232985583475,4.955954175375784,1.7545756129005134,9.658401443884085
4.661055551396567,4.729279766088777,3.70415074530306,81.65220880621915
1.4684936212364694,4.43379973591903,4.419125771034814,28.772957194175213
2.8980568751152953,1.5847723985553896,4.3213985570397,19.847148792538107
2.8072728688188793,1.989565520941476,1.123011356082047,6.2723028911155305
2.185732198648896,4.1400353550203,4.310062587135029,39.00179332706648
3.281021724289944,2.434274182790785,3.5433502323617883,28.300406919764626
2.631055004715046,4.016549486627248,1.4855653692632043,15.699102191458241
4.0249770145039,4.5163109477015055,3.178871335410308,57.78567494161519
4.174332061416172,4.286381652699597,1.8417080112230537,32.95327693267422
1.5319363946964666,2.7035563004792698,4.856097711439257,20.11238476220568
1.391008269809487,2.3282766736487135,1.5944768773693996,5.163955899172517
1.0072067780584582,1.1284201725650567,3.441416355618782,3.9113501777340103
4.613665732443249,1.8570706736492504,1.735389095029897,14.86864600570261
2.783373591125589,4.606658110663048,1.5722590286993068,20.15958470997351
4.601977127161784,2.3842351010735623,1.5295173941345808,16.782163717545693
4.171364666972636,2.512514381734135,1.1874234145189582,12.444926126363164
1.6100359663204773,1.6481017141865788,2.546336616167424,6.756711941665045
4.0745122345763995,2.579092287657416,3.5699219182680655,37.51467827093373
4.515995959014007,4.490922137892676,4.455202857036741,90.35590778191897
2.6511454060231765,1.7098764740472365,3.082144729459727,13.971766309776903
3.618346344761142,1.4524658536595654,1.9989272507597922,10.505411165031264
3.9105378327944815,4.807940873756395,2.8453810719284425,53.49781545305435
3.0064237976453985,1.2666660637351792,3.927471779841675,14.956342737228468
3.5312426958529333,4.942888716451149,2.8725937083448994,50.13980085643135
4.604661804343767,1.455326881120857,3.811172723688317,25.53976642918458
2.6655329224142714,4.588719779032248,2.6378599987861406,32.264677641001505
1.4573173134788386,4.544185291799062,1.4984730359663203,9.923367807783041
2.0718266218373356,2.1128088864454035,3.3170885766528775,14.520136288686885
4.1951705509435016,1.5202346431834157,3.1449318957556227,20.057254795035874
1.7506853713008352,4.479001386646027,1.5894259785887739,12.463201220125038
3.7459096951223962,3.871870907397542,2.8574183751784665,41.4430782258919
2.7005118580893317,2.1212429729368067,2.9949995868514687,17.1566808312047
4.35878163336154,3.2417781533452024,4.311876859099484,60.92769565016492
1.7708002739870596,1.7578309452354017,3.118049862910955,9.705764337281593
1.553780342128063,4.492024803751188,1.1836593661346315,8.261492391437912
3.082940132725867,2.3495232881567762,1.703439453582304,12.33876085872591
2.287436196442574,1.1593208686521148,4.997630407525868,13.253078734068877
2.725546335344402,2.129610839495832,3.5283985580869937,20.48007082391747
2.7405537807467533,3.198951830479127,2.224386419722493,19.500972265269453
2.061470546490264,2.2477645045253087,2.879595896724182,13.343184432513507
4.403246505943042,2.772261453724578,4.100674578737082,50.05673184395282
4.2225319683729445,4.984569588491735,1.412486015181699,29.72930567030489
1.5079672346358777,1.2025931522131934,3.5991403662966595,6.526936931633979
2.774444141956323,4.842102926270701,4.619220719342239,62.055276766611314
1.2118704538995777,1.4241732826722528,4.11519703904376,7.102474217452708
1.566973404151771,3.6300124424636535,3.7711340632557273,21.45071193946061
2.126521391108706,1.000253438883223,4.987008408754949,10.607667773159108
2.51855628705248,4.0049139724586205,2.3224638923551613,23.425767233245768
4.29100886065026,1.994209556959956,3.7088438139508892,31.737210279160855
4.800630467890563,2.780858494192914,3.1627351856608676,42.222116268580486
1.5405655127244064,4.222786862905426,1.2131297557113458,7.891991130965063
3.5904263492448503,1.2732827826255364,3.17931767455708,14.534657869699744
1.895641923407318,1.989243250562839,2.0609080334893948,7.771463474380844
2.15606234198885,2.4552562740354804,2.925183679315358,15.485002698256114
3.9773630298778833,3.921458130901838,2.512094888088187,39.18130120922503
1.2808798258518164,1.272424588755256,1.0675475202610971,1.739913486799894
4.535580361427608,1.4937532965102123,1.8814148741670214,12.74665748537418
4.738390971756271,4.745528836728973,2.700825463697132,60.731223207491965
1.55274584352137,4.628729550501687,4.615613951412435,33.1735278485543
1.6535271221302592,4.321203450899061,2.5889564297942638,18.498681659207215
4.163766656817855,3.4470662932806926,2.866715516599458,41.14533626029172
2.6644448730940664,1.0274641080493607,3.9768764158062506,10.887182279253825
1.1075571050188047,1.3566803223423336,1.7467685611806005,2.6246960649604705
1.770173500936298,4.248654644807271,3.525505561009832,26.514819182195673
3.7038888707533997,1.3590088523987975,2.282945574287861,11.491475396193527
3.1892614412655242,4.921884483909026,2.7208810106052126,42.710149194754855
3.4910382279868077,1.9585381401467412,1.1685463443225244,7.989738750540028
4.353585564637374,1.649397619919308,2.4179444195930433,17.362759978824396
3.4386160214658976,4.33684933002759,1.2245695111542325,18.26171071976009
4.726937255744435,1.5185831475498932,4.5511141108339235,32.66902237828814
3.4492786589210556,3.837262524627918,4.9583661311638245,65.62788162388574
4.402018899794351,1.1545334683351256,3.3477161786022327,17.01402478040482
3.3894667876091846,4.439175869351596,1.804403768625563,27.149851549100855
1.289839962464344,4.199000234384427,3.2398309405721286,17.547048474910905
1.8430412981988922,1.1964264972466698,4.720099431796104,10.408118712332291
4.789248061354158,1.5176065135218315,3.7441435235868945,27.21316169089978
3.11753338934486,4.58382401794581,1.3552342610271206,19.36660174100256
3.9021654327799227,2.015693946774423,1.8002188050878174,14.159749262906772
2.134143966171516,2.661955373141638,4.359137734942946,24.764244026105025
3.665475194448996,3.6415837620327065,1.049134774890947,14.003992554134852
4.747439340612861,3.0056998063873377,3.501476476572827,49.96388967580276
2.917580711885387,4.104239185128088,4.618132953049723,55.29959790709926
2.73243842335216,1.8321149004881798,2.621907225327106,13.125637652428116
2.022291941194635,4.963535528483577,4.051601298960507,40.668830878534315
1.1747526048359656,4.649816742254151,2.122895394727709,11.596070538332373
4.6979968352004144,4.088244194915323,4.918768029201922,94.47260486411027
1.6177964261111044,3.04236381175731,4.252198445425579,20.929003115924942
4.488978987032263,2.0960165533452284,1.5754499407769877,14.823367947681868
3.995111243483892,4.617966329685901,2.3932687838256768,44.154107939913075
4.771726492032178,4.931240517186364,1.9738451732115956,46.44562506595939
2.1562891031708644,4.1608305648419845,3.8720733040144784,34.740062046943336
4.513476237291718,4.534223933124348,3.0922535399894318,63.28331495628059
1.2304324349163656,4.53689864993345,2.4701574821990993,13.789276834753283
1.8407006517637292,3.722066498307638,3.243681610587994,22.223144631191627
2.8406623003659695,1.0005862648704063,4.702295609453625,13.36546497443693
3.390516354294103,4.255861985258537,3.5004646515626563,50.51019854132394
1.739008849561276,1.8062633600839182,3.660521071806805,11.498091905040809
1.8978111410908491,2.18691539331563,3.6718630544559883,15.239525633400069
4.953289746689709,2.193053201394106,4.539338498437959,49.31005305365541
3.645265288555138,2.2534131689661834,4.3554699896564975,35.77708837918591
2.677098869162,2.6592747816825035,4.081670502101982,29.057989905057834
4.447922867525259,1.4286818064866647,1.2389229102126502,7.872941885721854
3.8039406936406897,3.4698315426586586,4.740877011535703,62.574994045191794
2.813075469380032,2.7593126844168885,3.4051446776172876,26.431260188789363
2.0874194615749753,2.0717570374823295,3.428172438528021,14.82556352197101
2.5265654502726944,1.41629413657154,4.509565785652779,16.13684907113442
1.908293213654071,4.659297421516032,2.35143165334029,20.907297544639327
2.0554316203852485,1.946255054189229,2.149995634004555,8.6008300206848
3.547263028825888,1.3579924321486994,4.1095932745042845,19.796553329920652
1.9335488162569248,4.41377441846277,4.672644319867236,39.877506852881496
4.086377321497274,4.857540553440009,2.1768850685220236,43.21061036067882
3.587040425121787,2.215468521948704,3.8031419070274404,30.223474222563254
1.723016232782029,1.8635197502186562,2.5449239945767403,8.171432270533124
4.981258565436077,1.719279158117013,1.3807454796360563,11.824944582530671
1.8526643665105138,4.223529807921208,3.757372168781682,29.40062253236858
4.236569965839763,3.9397835594032813,3.9034045902631123,65.15238451917604
4.450787154612389,4.692610892136832,2.861749469762728,59.76996221876046
1.0483857080976944,4.527625404168871,1.1194968645102232,5.313913265087782
4.560398034031166,3.3029977146111595,4.465321008272557,67.26106017117006
3.096650993702581,1.793342964469539,4.012230132603384,22.281347387738958
1.6745724273787443,3.4018747118429786,3.6625311979192405,20.864288712210023
4.069718062514409,2.21674516867878,2.86744269621909,25.868714150717505
4.686261755222622,4.970930237059394,1.6326764374421479,38.03332864525204
2.991586209832308,2.492440902484053,2.0077357920244587,14.970384452425476
1.491250183470627,2.9664929897332253,4.6011422697916515,20.35445594386995
4.195592437664917,2.5001267950957464,1.4340050201235068,15.042014407781199
4.7545086886520265,4.042677831920472,2.3234809073968634,44.6595030914653
2.0716098136838172,4.960864145122734,4.504478855238473,46.29241589587884
2.3310288384549778,2.6389058977126347,3.457748824487883,21.26987768945684
1.8773806339950743,1.3743281973528259,3.022527825797457,7.798536307469634
4.560526621572752,3.973543296769685,2.9061115889388653,52.662955815277385
2.585038646251354,4.686945159219951,4.392911539212715,53.22422789987571
2.281668466218636,2.298324437424588,2.722322584153673,14.275898816444089
1.0279907449561265,1.275531059504583,4.04126366296086,5.299042819257775
1.1603380233103242,1.3350098549452274,2.4372142326595507,3.7753976504288067
1.4945741338909833,3.1153133003786295,1.94808434170602,9.070410588790795
4.203117038171819,2.8345043261530583,2.1176123723498477,25.228711660312527
3.2433406320344194,2.6034006774809835,1.0655280257049116,8.997015185327996
1.335079609633293,1.3149708473184027,2.56173609064151,4.49736022442189
1.8990510070778144,3.0870614625881805,3.7374109325061338,21.910523676113094
1.967230075321019,4.217363835171741,1.7265021730130283,14.323968398003348
4.531709605718726,3.256697342298788,1.9565945618245206,28.876218151523872
2.861726759249355,2.9266761939910335,2.6236288000011787,21.97380312091394
4.1800829489593525,4.014434125810686,4.8728367668638235,81.76945424394735
2.867744483418578,1.3212220803000894,4.310872986877791,16.333584485414402
2.2788357098788836,3.874461591016397,2.7212435088756153,24.02657035499504
3.4130797544393525,2.7510584872519446,2.7693145111061206,26.002705758150242
2.387529714457508,2.201822741039008,2.7922151688638954,14.67844400370122
3.2926850526096048,1.485097876991011,3.999425477863421,19.557028934895847
2.770570182539434,2.8975084692776,4.985092048025299,40.01907552323788
2.75322632556551,3.2429087110793655,4.650617332727542,41.52285843315856
3.477583754940393,4.5012750064109746,1.039711691912037,16.27519022417133
4.979222307361702,2.6148219580736884,3.7924751604410933,49.3771915747314
2.6010844600831273,3.92825982535558,1.5428368281819451,15.764298764096525
4.4028975472674965,1.9075477719487797,4.365325649446381,36.66322382316136
3.4499148522341287,2.7843261971187423,1.6646598539401158,15.990203683977997
3.383706590312359,1.9467269238572702,4.887980357470025,32.197873115786
3.6704990903117607,4.710902694186352,2.720836212789568,47.04696948544904
3.4866740614111387,2.939324859074923,2.599209709644538,26.637916869696955
2.123714879786894,2.4738378404930543,1.7837586082262473,9.371379391656436
2.4274351539905332,3.542883720219649,4.335996110751671,37.29008899213471
2.474919434672693,2.033738196202004,2.636240711103853,13.269091040839376
4.869518803001824,3.2681137280723163,2.830233989797902,45.04074348192088
3.2104659014291337,1.5993986604982084,4.552665238882385,23.377093131785138
1.4853824172162038,1.6360518582655423,4.560878919799045,11.083677665562412
3.678325138579944,1.8216323067401707,4.127254661411005,27.654900601754527
1.2039856898155086,1.641168200484124,4.182652081879892,8.264682219586147
2.686827267950092,1.2944121056006415,4.000195148416458,13.912125664381465
3.5183082150941085,3.9077888149170312,2.5979888617175653,35.71924352591676
1.9623130677609746,3.276931573363633,1.0563769879355913,6.792890295160858
3.53258308330501,4.730403534308578,3.748517300194294,62.63976141478827
2.7322089207593394,1.67918057274683,2.919932674905575,13.39627777111496
3.2254655108762473,2.3439927833449774,3.7492496968375257,28.346081908622203
1.1066619670067546,1.9074675692862209,3.5313613784284326,7.454427760583699
1.1980542533513128,2.521327015859976,1.1293816003018504,3.4115078159938084
2.0052113238077456,1.407642490683974,4.509146417241947,12.727609846158149
1.893672116597132,4.289022864626645,4.728089730894023,38.40155900786221
1.657176817534804,4.9536876555305,4.516451737886749,37.07616810764961
3.222445199872762,3.5115735047480956,1.682897598333858,19.043422147084694
3.5064758965753935,2.9237513007709355,2.104495674226517,21.575423211324427
1.25213862204384,3.637068306199835,3.140171597776639,14.300698485006768
1.255334287214124,2.361440301989928,3.7163469393662103,11.016727637361361
2.9306231312384394,1.9388736083042764,4.802191052618711,27.286567453486082
1.743723143974452,1.4473587933895624,3.1810509197939587,8.028314125671779
3.780656757266224,1.0676332718711197,4.9859031589066785,20.124874863673064
3.95395656212291,3.518459735581429,4.3366048337331655,60.33013940713612
3.231331611132771,2.016188557792441,2.2621930177532197,14.738128288256304
3.1030457910058815,4.173842059055822,3.8628977630316497,50.030795644418106
2.565008935513011,4.0541183328182395,1.8608076572285923,19.350259239878035
3.4756809024962023,2.998996747982355,2.190648456033205,22.83434625230339
2.0395433736089985,4.701732824214275,2.513204635759975,24.100094441311168
4.108716951753518,4.424271043995498,2.5026191290768263,45.492804325219005
3.071456722957018,2.5395646115885198,3.7290519871221397,29.087212587900908
2.197883789514457,3.3600162372090643,2.441407804238021,18.02961406647444
3.5039519828915577,3.3275615286389875,3.1268151197740126,36.45746302568912
2.87372378915918,4.444173060417748,4.829782808534373,61.68273001736883
1.802004487250605,4.335950117320802,1.8824303947033112,14.708184597450405
4.464459649064656,4.077229013139279,2.703507412632657,49.210930019521435
4.351112242719919,1.1579267989572521,1.5930525194182117,8.02622787446982
2.369644448936241,4.434561401817637,1.3543450142090028,14.231909502247792
1.2470244378204436,3.6524283801344586,2.5326767422796217,11.53550031289013
3.128418963447564,4.148543212977337,2.3607051890051585,30.63813198102558
1.3498896917426046,4.417246608541101,2.3766479884506375,14.171466317427935
4.265482321703805,4.384328804476656,3.040194994967412,56.855528759317885
1.904454594719899,3.4439716927830695,1.4544822739596084,9.539785917494957
3.463501833439956,2.277014373324734,1.2435534677006523,9.80721410850308
1.1597820774694183,3.152744460864952,3.7565047610483426,13.735646588210871
3.9125058670926753,2.6635202871426364,4.8431058614280555,50.470193855034765
3.90784724465409,4.8357270884403665,4.485417094800002,84.76219521977788
3.0229716453614603,2.1016936209820813,3.818333961956352,24.259251113802396
1.4806632716625492,1.7909798374201586,2.3103872115401147,6.1267727537363035
3.768984675140825,4.224897317405158,3.6216674424393083,57.669886782715295
3.07876659178345,1.8881800645091125,4.419557728349787,25.692063359704115
3.18762152618891,4.868065477494738,1.3471665187134585,20.904724225987348
3.3893691340899377,2.0212558902886557,4.122634551788867,28.2432719265982
3.7026220966933012,4.0853587969622716,4.5446059499217215,68.74416257026843
3.7987667448173026,1.3162521444399533,4.714791447282538,23.574593139632615
2.237846391382813,4.780565647446274,4.500511326378722,48.14724238041271
3.212385928005504,4.77539765859147,3.3492485410010824,51.37888010411456
4.844413277198344,1.7470653113536643,3.391806498227145,28.70657597293003
2.6590407183324807,4.333978300716244,2.206188176608372,25.42460844091852
1.5696798208046179,1.092967128016932,1.7263444414409128,2.961731103838612
3.7029428565169202,3.3623686392151253,2.276019653808984,28.337944435650794
2.1320429677515107,4.260401691250209,2.8177396765594436,25.594542362748
4.806100696418211,1.4927108331712966,1.0405920663170631,7.465330871812588
3.3585887211154035,2.3131981891093627,3.1144686084510207,24.19655997374981
2.6176829924225054,2.831840580751576,1.2656933028549529,9.382408428381876
2.4786162374312823,4.100186404362354,4.839545121254531,49.183273979473896
4.639943909981929,4.090750117952169,2.13320954489475,40.49013273045309
2.0359930030144713,1.9937016650267982,3.485293166351724,14.147371810625877
4.322905929917965,1.9841111099980373,4.998437350145872,42.87222537093574
4.683662071382114,3.171309718816645,2.318318728813726,34.4347833704905
1.0905258823945725,1.8364267157668368,1.6880506694169695,3.3806098937189333
4.0778576020074855,1.2094306497063436,4.214500979881484,20.785438249038958
3.555029429481839,2.161821439342845,1.9191279331107047,14.749148439711552
4.938719932451413,4.577420153937275,3.2898548460904826,74.37241990905386
4.849144641299436,1.4639052021685117,3.7158479093182453,26.37764521067934
2.5979828803581126,3.209155559926537,3.623498017795303,30.210303095365372
2.6102600071628115,3.820721659167126,2.9116779475549053,29.03838821126131
2.382626816787902,1.1799959058484588,4.821286738574827,13.554998917349826
3.177781474912749,2.1785918574401837,4.682599963417303,32.41805557686999
4.186212560480318,1.07871452583746,2.950223774532395,13.322408981826506
2.4415309079535303,1.4143389958127215,1.4225560923299172,4.91230294538666
3.7865449048562834,1.2579951544367383,2.6305008300165205,12.53027270574108
2.2262447639936322,4.481787121155996,4.711670720156485,47.01095427905168
2.369713167998621,4.027184280515698,2.2658326824711756,21.62345673315163
3.533244710968976,1.1169218779012469,2.0900981309835034,8.248276143932614
4.12724992221189,3.559064383167789,3.9935955826482594,58.66251735870021
3.841599736158876,2.5463791280935433,1.5318706552342638,14.985018227931858
1.989097853015653,4.808461549597638,4.362992794758577,41.729846961610924
4.578312510073032,4.108963191165321,2.9569543377956413,55.62657268586167
1.964021760505827,4.232377285753197,3.1403389159602297,26.104007848483977
4.155108053332222,2.0758341048524858,2.784584111291345,24.01791512185531
1.785250716736709,4.972566235619703,1.2694827643533988,11.269550699589509
3.9421018291779344,4.9475657963237385,1.7978691027559441,35.06529410510866
3.354357914940686,4.429739004081599,4.894422640701876,72.72588384647202
2.4355649800965162,4.692796990863936,3.641611009323553,41.62220092664001
1.884263777201956,4.510926292870479,2.9552683498354497,25.11911608339018
4.410820974674554,4.859124296229973,1.8600228391580922,39.86536240316175
2.4626671585104853,1.6617413086867319,1.985854275950277,8.12674272440692
3.0648638969220663,3.4760063452703305,1.9344370409221576,20.608498616378046
2.103505574792215,2.8316266090106184,3.9738677035525543,23.66971652689916
1.6250322038722098,4.417498387526463,1.4971413030005993,10.747344333495194
4.527066185835178,1.7968798787647415,4.635861488690985,37.71085169587935
4.880222771599664,3.7554912629564363,3.107953160290321,56.961427948858564
1.7999329189721092,1.599998800416874,4.33191244548131,12.475433547031104
2.705907626515984,3.1915736645364934,2.1115478543116053,18.235545856122044
3.249917716774579,4.990742990918173,2.2167228352329804,35.95414503937502
4.312133080710394,3.9910188473033665,4.036734198720304,69.47140596344619
3.758157564473078,1.329899990545456,3.1623011704641693,15.80509811137792
3.075394949950736,2.9370683176995254,1.8615365583935635,16.814599020360298
4.881992915278644,1.689748707412706,2.497015780430082,20.59873519997294
2.1893769847185918,4.059852961099777,3.569467833919247,31.727388440622974
2.8036869591216296,4.7808939043286,2.298472874287421,30.80902896135983
4.3268749792680286,4.678529025297218,3.029873149010975,61.33496494679095
2.763671279705535,3.519121764611054,3.928815469726091,38.210463918972515
3.247634232233947,4.410938887709378,1.3204159250290743,18.915111463324354
2.8642027930041403,1.1158893772772869,2.2774890944695447,7.279159124856652
1.4729014636944315,2.7962443038502753,3.51416596386708,14.473416978060522
2.823756841660073,1.0076811889708468,4.541413359070498,12.922349435955992
4.9790242825527855,3.8914009423941898,4.387350397659985,85.00658020597845
1.3441019706216122,3.171207760914768,4.321414388671055,18.419711642902335
3.076944930140074,1.466611886347776,3.6334680209859416,16.396693032540178
4.836863974686409,1.6489186602864145,2.4648368770934943,19.658541326258614
4.827687528467266,3.749432640809471,3.104797224663955,56.200211508027536
2.722936246763598,1.965370666457137,4.284785308455712,22.930367187739087
3.8002257581101246,1.3678907827681632,4.138583769560725,21.513574296108576
4.9272346386142765,4.146480834135162,2.4486775013677704,50.02815623439945
1.9577947272689027,1.4199813491570308,3.6658083564242516,10.1910645301277
2.037824496995437,1.4295582476574982,3.3609471281080596,9.79107358799258
3.9923724210149474,1.3480454764932555,4.113073765801008,22.136149983472862
3.778057894787712,4.697731413099791,3.6440517656978484,64.67572851859958
3.061367873133831,3.6039174001974565,2.8806173633711025,31.7816121244095
2.5658515173699965,4.60597930777881,3.2163117705344644,38.01120551554201
1.2012195863187078,2.182306622180295,4.2219076459857625,11.067433071787832
4.973159848074813,1.9440996234648371,4.5726589917226885,44.2099220975266
1.3417779002492405,3.152691563792217,2.4417070819062445,10.328938272637672
1.0236418572232293,4.691451977480465,2.593083874802619,12.452939431029257
1.421873716762069,3.065456661100442,1.3223815351217616,5.763854156998654
1.1812477492998013,3.5051077520391516,3.3595013546391264,13.909681569409567
3.2364669622100917,1.341560288184973,2.658364075166431,11.54239231691872
1.1401181385849228,1.2246700209817116,1.4714025585815547,2.0544730502859934
3.6925959400605985,1.0580279947745526,2.8175942447321303,11.007974083099594
3.629053465958891,4.735325726427535,1.0802878324520604,18.564476587930645
4.2741114207351245,4.591883738076774,3.126981054268787,61.37082663607042
3.5537986009886198,2.0494102796806195,3.486490623963791,25.392778475571706
1.3517607629721158,4.54337139006755,3.8536538849040864,23.667412551440297
4.189283590397732,1.1738745410138431,1.647056610457089,8.099719343373595
2.6791499580886304,3.06274617423583,4.41140537365395,36.19803508655758
3.1466239779698197,1.9409508230696795,1.5886828625031786,9.702789074496158
4.879389249204737,3.768202713862024,1.79987478852791,33.093447855302635
4.099124584629144,2.5126581155137475,2.508767334807263,25.839547541689996
2.971816484764945,1.4712721895733702,4.334208636361835,18.9506812337434
2.721445238759078,4.390409134427395,1.0472841144335763,12.513220835304978
2.6139803387015546,4.1818859479678085,4.293190069470498,46.930439026458366
3.2355149143521245,1.4794306625470939,1.2168250268063656,5.824600659972535
4.723643423807321,4.442970418595525,3.88825587049379,81.60285705998042
4.498810373007847,3.765858561532214,3.5516573173497368,60.17176471521149
2.9082452160317946,4.290912264227892,3.8743979740625334,48.348709429541735
3.1775426978976213,4.918375153351947,3.0284892760959288,47.33028145630968
4.409876996669523,3.9191909235831344,1.0650225515650438,18.406944405009604
2.6527245164195903,4.343119138966461,3.446156055944546,39.7035037724091
4.9109666801945675,2.9584586809821483,3.582608564960097,52.05133294378639
2.0604192186021018,2.439100574397393,2.581731711934388,12.974672663972761
3.1530172874994,2.2595473720041683,4.361449398728755,31.07267488131948
2.4611457510154584,3.2222597629858716,4.983525900690939,39.52160758561055
3.5399053506887825,1.358437606273292,4.716182856547859,22.67889974832442
3.9492976913950386,1.8355889141153163,1.6877766323432701,12.235177302477968
3.025305539635699,1.6438977396230605,3.7057694727794805,18.42987714985389
2.9698464574636874,3.598269466721038,2.1028497517951275,22.471699765274813
2.749223526578285,2.8728126785243417,1.5603360824455161,12.323540937639667
2.8361089857227677,4.759985232991891,1.7498330300915752,23.6224604930635
1.0136822842019524,4.079070363572109,2.428808532401968,10.042835136299626
4.792056357093546,2.8369382387202666,4.320392565245932,58.73473425447059
2.654724578309966,2.0754881371058125,3.7745217138530447,20.797046085484734
3.113840284891193,3.972811218748082,1.0328093402264873,12.776574109786024
4.991395696159049,4.281884743149308,1.2068381471266174,25.793246147975154
2.476688688993033,2.19852117653441,1.5200723582767357,8.27687384087817
3.878800797012474,4.487337089289651,3.5585507966311924,61.938308485175114
3.7331398089255847,3.875410460720059,4.426233896446995,64.03631345477072
2.247574229555535,4.327153923936414,3.2624080862003155,31.728874930735437
1.342127049976133,1.4324499151396268,2.7254666724759042,5.239790839084272
3.830337919971945,2.857146325252793,4.650964825243857,50.89939588239089
4.794134455847384,4.3825540418019235,4.157654522048867,87.35462208989816
4.71806893234473,1.558801415047617,4.447591090018895,32.709953342925544
4.4035694215407375,3.767647635650694,4.832270711208931,80.17267654315896
3.901461052298324,3.104718077921155,3.559221554581893,43.112625247335885
4.519317321698141,2.0837580576473944,1.3351993244780367,12.57379085662131
1.872766874313358,2.508590825250029,1.1774396591220397,5.5316183462155095
3.4716070918015913,2.369491002175501,4.443163183156267,36.549201606421796
3.8624176534666645,3.7862809930955663,1.9115960587082705,27.955560307495794
3.2334045088922547,1.4106133787725095,3.0542132834264892,13.9305222988299
4.390970742892336,4.2049951937460275,2.7408770542794216,50.60758372284085
3.197135836736881,1.204720712761787,1.4476829125600652,5.57597623464958
1.1638649065263142,4.008336582002249,2.1712736094882765,10.129343745449438
2.29097269522192,3.336378046625182,1.9218416931438211,14.689695006533531
4.911312046847902,4.796418743541086,4.728380884977093,111.3850932903582
2.945038976388698,2.024500251863925,4.1030485786776385,24.463328146538718
4.934946357506982,3.59769598627771,3.2934423278370026,58.473213344229336
1.619264348860816,1.375306771353359,1.1692162119150105,2.603827227127556
1.1667650886545045,1.0604150142971913,1.701177620203897,2.1047908876262413
2.896031990676998,2.552335273532741,4.635572673183873,34.26450573194391
4.473527459075166,1.6337865026772103,1.878156883080607,13.727051957882258
1.2882915217832163,1.5552225415768497,2.6887685830872434,5.387162997494642
4.039857782550786,3.6237241193225067,1.8750555468423729,27.44955707842698
4.459500166667516,3.407472024379063,1.723166157599703,26.184581678558814
3.7380409814672917,2.413723938911197,4.485732221423346,40.47296306245344
1.036970644298409,4.662791574913968,4.93565963893817,23.864792821071262
4.4913996434205,3.5760902836305126,3.5672212232906992,57.29546098964428
4.311466357669149,4.389562965973463,1.3722558756246062,25.970564150377175
4.346538335511115,3.132789120500459,1.13928419519933,15.513391368406449
2.4702214180461355,1.4685410600958089,4.039574630182846,14.654048102184372
2.66991237077722,3.5323741153615367,3.820281103231189,36.02956523341467
3.0568997546981396,1.1673081866919497,4.3112726492195055,15.384104362531241
4.542347043751298,3.580530175679775,2.2907540638608235,37.25684851077514
1.2816146277590623,4.810043082541062,1.106608935997666,6.821825321646769
2.8298276692600375,2.8641065860385235,4.802587815645477,38.924628771084016
1.6292258995422686,4.357524829315903,3.265499154077165,23.183059582179048
1.952748625626688,2.3334079284446476,3.7739874219512894,17.196396826247128
2.7708845800135524,1.5192623532460319,1.6443637884910056,6.922279272420753
2.4628306981643333,4.9673497653793675,3.1715420820139073,38.79982595822098
4.06500136315778,3.5977095282524654,1.7519993924582264,25.62245524219658
4.169722542911334,1.1495356364511546,1.1402392421280094,5.465445655248806
4.810761196474321,4.424327866103999,2.0606160970476006,43.85894597323711
4.721334235341178,2.859799141901911,3.612940866287168,48.78217179284434
4.3974375233174055,3.2855516383147387,3.1655029973444706,45.73521281680842
4.437405128061457,2.2722204754694286,3.384193717139749,34.12202248510605
4.138905352374006,2.126030164044326,2.90284076368096,25.54336623610652
3.4310226612217622,2.604854825239417,3.653726832657924,32.65451104215013
3.6688761587780157,4.24071550514806,1.6914080444503345,26.316042706852542
3.1053262761215192,1.9857836010182113,3.555731749974291,21.926441152590296
4.6936536295037925,3.9847793617187572,4.729282701979532,88.45259780899305
3.096560392263015,1.9945531310826152,2.7433081131567385,16.943368327034733
1.7944264957797684,2.8485563821230837,3.0865691327127154,15.777075430553824
3.4228603841898035,3.737526254580259,2.213328603005614,28.315180439140466
3.3985958443933004,3.799899971994205,1.0404951888885408,13.437292253960472
3.530966351365473,4.391863119218858,2.515871565688798,39.014930870947786
3.387134276317546,3.150270398842959,2.86565367863284,30.577639053537773
1.5101205876238248,2.987864365987818,4.033820442817675,18.200741006775328
1.3157281612370197,3.379599919386839,2.993589725251624,13.311400212260345
1.2369595013371373,3.705610252261507,3.650000666426386,16.730470860415032
3.8650857574003448,3.6520336427082074,3.8467472713250612,54.29846574735679
1.795655051529014,3.9042835469598764,4.142592852321604,29.042668231389
3.154757614339973,4.392359067737395,4.446720241078374,61.617438495716144
4.194534127772888,2.2055276303840694,4.148135516089631,38.375069158198016
3.9248555894350394,1.5753442651419949,1.8365396184853333,11.355322155001591
3.7247636083975144,3.1569962714937656,4.18809293316181,49.248056289594935
3.7532372893947215,2.958364044580065,3.2280476749382156,35.84244093157133
2.723942527826422,2.703193271510175,1.7293628732377355,12.73389220288023
1.3911102001501323,4.824695035723806,1.9190274695807106,12.879903040100151
2.8003913209271176,2.977634419058239,2.019441618750919,16.839197914464396
1.362697077023384,2.653025530570763,4.447376647567892,16.07846797650508
2.7507719905836274,1.7951581000360375,1.9033041622598437,9.398650365051928
3.7506891506378626,1.8847994544515476,3.28244596208327,23.20458494908885
2.286159195707066,3.710131236885208,4.970989596517451,42.163688411910165
1.41398085838697,3.640898247324807,2.1669591630095066,11.155853414377065
2.5483233651559534,2.28851369134921,3.4094242396678283,19.883328865918212
4.483014121623816,1.087849726612037,2.6569309068152642,12.957442032513171
1.745206548437222,1.2076668426670163,3.5913753400426764,7.569283520225656
4.607703073396031,4.576281181629463,4.097697240567982,86.40463762883233
3.904080363899149,4.602885118028456,1.3529436046140986,24.3124417721321
3.7277452291269735,4.015757711344644,2.876414493935957,43.0591243236568
1.1209746682997932,4.01385937230462,1.0468823204319313,4.710378616829818
3.8616367332971073,2.0947499746756173,4.375618729927245,35.39509509811485
4.154302093584704,2.755942928987631,2.36987937899017,27.13279517458186
1.7604229035136951,3.9421491020895254,3.815460186215845,26.478719726497694
4.202241683831435,4.050799673548694,1.4170053598611205,24.120887642459824
1.1817463951411495,1.0378695828951812,2.0846238262728516,2.5567882841100857
1.154013418885301,3.5746212874919623,2.3546362108232244,9.713253308783163
4.039494420291009,4.7457695948416525,3.452164099778643,66.17974570031711
2.916615562991087,4.316772590150634,3.295993607697495,41.49776624457588
3.784023627975763,3.5283345024766555,4.964483994645542,66.28232074163242
2.1639928840757814,4.3424786490782505,2.6583846813867646,24.981087803912903
4.959576221247702,2.326502670230417,2.673633903949888,30.849637431567505
3.9202318801970235,2.891138819364655,1.2802143965748343,14.509866206029235
1.351533412730793,4.255245345088421,3.9602861383224184,22.77602641438475
3.9612379085442226,3.6572266271608185,2.6083272607645465,37.787214596795586
1.0403037778032957,2.0446250405895094,2.380813034497802,5.064063496027265
4.648959625089496,2.2199375439843934,4.689878455438196,48.401421668738614
2.5208679712509285,2.5504135095510847,1.722810321661553,11.076388131682329
4.668962046243645,1.2920637880280617,1.1149901920406928,6.726286250742318
2.210595193628275,1.2819030270240699,4.8476698377494145,13.737174909866908
1.9329303766523993,4.932617781550874,1.3705205767272255,13.067100632794437
4.89277887722135,3.23839243883262,2.0255819494933744,32.09481553209108
4.934602637476516,1.394679390356842,4.639319027864742,31.928668516468125
3.912159768349967,3.141753577342117,4.285025149717194,52.66742386061268
2.6647309151979957,1.9564588326994086,4.422671676722466,23.057317220766265
2.4697626622802424,1.9124961237976823,4.32632424551953,20.435009773235993
1.0630931413033515,3.3378291271271197,4.149481547582639,14.724116806736522
4.476616319067137,3.872085205235424,3.955380367702731,68.5619297152967
3.2456091101968694,2.5319380923397206,4.680715129154058,38.464625369800906
1.3052467030608446,2.535367336280886,1.721151964394545,5.695773526140042
2.2429500131781643,4.438614657294,4.844341946845544,48.228286137787855
2.8825458824262373,4.860207031700646,4.831080412347178,67.68232430269154
3.8965724984488035,4.923584240780222,2.617124420325641,50.20980142753758
2.119613468660403,4.292140808089301,3.4350174344539073,31.25068757951507
2.0771301062879317,1.536594371697594,4.684834698034599,14.952617032041562
2.8953959802811275,3.1729864992287307,1.291747977033236,11.867356294925864
4.232780601788335,2.2651513269068895,1.2137636985323375,11.637431124181784
2.5167011551738776,2.09692338543098,1.0993477205858557,5.801620163669094
1.6978944232390196,3.230822588764228,1.8446577457211975,10.119046516619543
2.091758225747961,3.0885112699413813,4.069277329177943,26.28923598045152
1.487376390571796,2.549212315780847,4.631088171208039,17.559410877943673
4.61940138609061,4.47006872713048,1.5189535746175413,31.364935663189627
4.70508561394686,4.291021228423107,4.22330989639797,85.26703145716023
2.046922318009843,3.1520398037962996,2.997526955767805,19.339985831475442
1.3796129102199046,2.958513458319469,3.1619661553111253,12.905891690544143
2.0368544907103923,2.2786522242120335,3.517297101823706,16.32477129970166
3.688101643008167,4.689974599980349,1.0682117851747632,18.476969303735824
1.1802504832150449,4.645062393260179,4.985732128072683,27.333464386953523
4.053597273790165,2.5389385254407917,3.133961671036765,32.25421417400129
3.909466803536631,1.2664653883365382,2.7080900150560567,13.408307180619797
1.523915086599108,4.1251999001882105,1.8321948401446475,11.518009246938828
3.14558704818043,4.187919473244314,2.3630911548910656,31.130099220661165
3.7621725529040204,1.3980586705012654,3.7829884724981913,19.89752806161904
4.406006798591125,1.4886680946700208,4.923805237497622,32.2956410539418
2.060098259241728,3.9693829813354085,2.5221000146777093,20.624016294545847
2.17988078551807,2.3457874776820473,1.8030288228591154,9.21985468702087
4.1075783060947035,2.4490177661648302,1.8584860369904903,18.69550022070711
3.6965308815124938,3.32096871416892,4.33354182390151,53.19883421343809
1.2576720780453376,1.8081334587377906,4.6200476563477615,10.506168388077075
4.339882759315317,4.661849796110127,2.0244915627939584,40.9592735108967
3.5979610721305026,3.387252709711503,3.2032364290342454,39.03849387013468
3.202090394540813,1.0101370585865777,2.7227983822932176,8.807027977046994
2.0635935043245377,1.8735725230214628,3.8144513887272833,14.747783225777013
4.5262853836217705,4.546877470870032,4.89401171505186,100.72103699482905
3.1918076820361043,2.0875217297018756,1.8267307250903295,12.17144817094449
3.9629753672616466,2.3025913482149,1.6666059292674569,15.207967087457128
4.357722400650357,3.2424660877318785,2.5192962288383143,35.59706897911397
4.9153910850805325,3.9734643782506835,4.269746400794746,83.39297792062716
1.604704980421804,1.6027001591604266,3.0617261134873033,7.874333762068791
1.5956664693042328,3.5143720308880737,3.584762636462402,20.102508634016864
1.8035165136816986,4.891290025564533,4.821918378652905,42.53666067151713
2.6037394376178944,4.048029129432184,3.7047239443557416,39.047838864376736
4.6668552088248685,4.983784096906815,1.53139600567687,35.618125257553594
2.3850756537077387,1.016412782145562,1.78724398338457,4.332675077249782
2.191514230004221,4.009523559631132,1.6357309608763475,14.37305007667134
2.070325260832893,3.239712130480311,4.406292816358884,29.554142132859084
4.346148740069436,2.714253332278389,1.3815944235210411,16.298045901144047
4.695955211922425,4.938877621979678,1.7112158465928151,39.68779809183762
3.829427871163524,3.7404040062882045,4.3162670866382005,61.82451497144633
2.2939596974056355,3.8209972911776933,1.2286358874696566,10.76925622356313
4.494958939575213,1.053572038936252,1.1427953637206825,5.412008062822833
3.3887571242562697,4.422054576363342,3.9346223897252215,58.96137472476203
1.0554516762339072,4.026571242416567,3.3026899061505994,14.035941213368572
1.6387105879108201,4.415933051852695,3.6374990925142625,26.322530283596297
3.8487703578741432,2.4345900173468222,4.077740139969578,38.209150510253394
2.7069967956217433,2.8077648297295226,2.8247821510505062,21.47006858635724
1.1321235076862557,3.9839151346744908,1.308079676521023,5.899810805118477
1.4356537968864833,2.0596462098162895,4.284109617809556,12.667850386615635
3.991993531808486,3.423244151989459,4.664016086295499,63.73643137087449
1.7143986584566497,2.774366549295669,3.65803473428768,17.39896773061058
4.5290534008681425,4.677401845135199,3.93519659647203,83.36400249756038
2.684867376860003,2.614699432369477,3.589686908215818,25.20003718821116
3.195141813848786,1.8949065468223885,4.648456389132456,28.144056621562047
4.48303808360253,2.4014496670754872,3.2072048864627396,34.52809529962226
2.4778660556328966,4.472315625981507,3.225209283482512,35.74112126952403
3.6846270813029847,4.518663822541802,3.2707054039390075,54.45590755746104
1.7958744711575103,4.385102850527151,1.698131153701464,13.372942905761557
4.374430788943341,3.445006485010107,2.3157028350689277,34.89750842368959
3.6692167829141824,4.09501244504559,3.081472762402725,46.30063321436225
4.3417085867210385,3.1595659399558973,2.651486311885272,36.372862714786535
1.7942990341785294,4.4377407503827175,1.7969969782900228,14.308829133626075
2.4880430263720323,3.2427761273048232,1.08864594898324,8.783376808200023
2.3618679102197886,1.2609165137125604,2.3644139469925642,7.041504328939621
3.984514122422351,3.9245164942268547,2.0611956014055317,32.231516241118776
1.0200117788826408,3.5867630471531786,2.196170200192199,8.034777745627116
1.593205260483114,4.845805873781211,4.910652129334852,37.91201901555104
2.2358015147257486,4.039921272368474,4.9327466187279985,44.55484688322581
4.012086259306923,2.4109117656774153,4.361206499016312,42.18501702494902
1.3071871609557881,1.9510801579155959,1.7125907472117263,4.367837565906974
2.6733178599261205,1.2540748604384073,1.2923338300289218,4.33260179171212
1.1054576179557363,2.0859295846138606,1.903351918686305,4.388952036601844
2.1158680041173774,1.992106419983243,1.3913617601262804,5.86463745197862
4.064650318338006,2.769060984829334,3.7092203649169533,41.748256716863644
4.42517495004002,1.5082789827317034,1.3888692400064278,9.269866594497802
2.2856693442439906,3.2009996582953852,4.521149832382472,33.07866175480066
2.3486037250580614,2.3050160613863477,3.791797373640446,20.527157884438605
1.6276656584072313,3.991416605873038,2.584160528481837,16.78849435447454
3.7320821845743652,3.3572723504325146,2.4177256428620235,30.2931746909769
1.629294295819279,2.5274874438012063,4.704887074049177,19.374823185170623
1.7352860159783439,3.017218886808893,4.821331058845045,25.243224988700607
3.3055349695134346,1.4196965854274226,3.984334606062571,18.69791138787467
2.7303464163043394,1.4997039027171866,2.3418195818125223,9.589074814529443
2.2992741660795897,3.454574698160035,4.019014088199808,31.923086608666775
2.6007301126605253,4.058123627995547,2.389138537331196,25.21516957569772
1.2565441182742743,1.831481890075581,2.663607872072201,6.129861471588273
1.5096067909154813,2.728968388125432,3.3843123423253627,13.942247356773148
4.106257611952899,3.4219037805591186,4.998097097236704,70.2293541290473
2.6762050815582787,4.283007299225561,2.459993972094424,28.196957417310223
2.417859516720266,3.401676739044,1.8811941925662654,15.47240174237777
4.606746831685831,2.8927599697082456,3.3771835196260573,45.005066332568596
1.2163966562335466,3.2816156839177655,1.4101431016395551,5.62893357184185
4.938164743229581,1.2084078940470007,4.120696099273722,24.58950094744085
2.475745460981562,4.3920556533456985,3.9837877268591844,43.31816142728668
2.18849813909838,3.10796523952466,1.135724934272898,7.724946763040962
3.6892631984695896,1.9003921578718672,2.7850365302233167,19.52602159429798
1.2910562663513656,4.18908561705234,3.366432849363243,18.206831063766156
1.9133310583108378,3.4123885829844673,4.1865100419861205,27.333845719292583
1.975121283154882,1.999907081756461,1.5169232395329764,5.991936357592897
2.5924619009933956,3.0003108066589106,2.8468863776409865,22.14362730276121
2.5017977459444225,1.0560039769815623,1.024766839328767,2.7073400894251116
2.4821811054381144,2.227661410223503,2.123350879739699,11.740981763294839
1.8385800087256148,2.48172719854276,3.964571244996239,18.08975982041299
1.692846892890445,2.4798669759518503,4.102744997695089,17.223467527276213
1.8852751881890195,1.8745175988583216,2.385742043971744,8.431168292381127
3.2407707949178772,1.2423312930682657,3.0575256186878925,12.30993744114583
2.610545338510182,4.334425636517826,2.727221092477643,30.85909203356699
1.7079131330273585,1.2245901620162845,3.6951358775136915,7.7283531139013455
1.263862482974107,2.8131415586377515,2.1637566035315072,7.693072321193443
1.1709351995084787,1.0260677269543352,1.272780972056983,1.5291939229865772
2.9090539794587387,1.8535948759838448,3.3021119778119186,17.805673138644394
4.089830894015172,3.5584595613299292,1.0770272691695224,15.674514045206186
4.219949413714277,3.4843027796875554,3.5406006528262677,52.059510159870776
1.7246672334346909,1.521469348612805,2.4351022894670162,6.389777399434056
3.2950537049720476,2.774701676498216,4.964990586396515,45.393871443701585
3.054024312056393,1.9188956204874028,3.9195102113388067,22.96971686400723
4.488193665866733,2.402816337232361,1.113694573830665,12.010422033433285
1.8634321704157677,3.751102010248335,1.2041113793447469,8.416647222304054
4.063118687265134,2.423205065644393,4.596240863773682,45.25352942248234
3.3481611550818076,3.687789323360159,2.3280167823346423,28.74475178901462
3.3576187246805778,2.0725432656555993,2.420688167330209,16.845109210823374
2.663842271176952,4.7508037547354505,2.2325103679120715,28.25329354621486
1.3887809665994122,3.8456545474637696,2.5322579602011404,13.524212004531687
1.8531591851337685,4.93914421606031,1.788033170075404,16.36590420797736
2.916448933486102,1.2145888474867426,3.818228159822201,13.52525748743526
3.5775896545964176,3.8139687484996703,2.0783682604441633,28.35895070158777
1.0357318578811845,1.9266845729960171,4.478231662982267,8.936439326604233
2.8784242998424725,1.6487214762868652,3.550462011751648,16.84949843999977
1.5240173644129538,3.6427573003509,4.84749164074811,26.911457622487465
1.5195132373675801,3.2685804355573542,1.8488519828690007,9.182602991869333
2.348177798569967,2.2804796876653146,3.43205934105472,18.37858089346086
3.7233575641892305,4.699953435082175,3.516845162887173,61.54340884178135
1.7356250786854375,1.9536124660710423,3.6251498057450315,12.291936066427755
3.2977249549152736,4.8273421357673,1.4282618089307877,22.736851984342668
4.8703507977518,3.4351692626921793,3.6290385719418627,60.71555492076231
1.4465148801686198,3.515213784781803,2.420846812178902,12.309543771147071
1.6285437101643394,2.053010955716012,1.3598007029001522,4.546382253681825
3.7013259816327446,3.1655894538277405,1.140779383396533,13.366373422160512
3.2192037218204312,2.0239659838511868,4.533223870097803,29.536486806350396
4.54956829467021,1.8817750306378755,3.457776174743485,29.602934743989902
4.297433519002546,1.8488606783097814,4.624652341306704,36.744508538537936
2.913906732995848,3.7682329076932555,1.3559250360283155,14.88843552575748
2.5515809292290164,2.0581138184438137,1.6732597558204474,8.787029853815746
1.874428824050553,2.3338934562262965,3.1988634917984897,13.994123031224177
2.5663865234414307,1.3021091361374006,1.5518325298995332,5.185782568775639
1.9271156229887234,2.606343590136643,2.220275742744844,11.151835482274606
4.1748508624402,1.4686734222403035,4.585916090465224,28.118510130289273
3.0540370604885996,4.887259937734408,1.8719861575609258,27.94102759699439
2.9605392279681144,2.889256527075649,1.0541418968652043,9.016873932971073
1.9434362379897614,4.854222346740585,3.6699043175088466,34.621406174071915
1.8262549346022663,2.6490770704687256,3.6256043808684493,17.540275439512172
2.8373259172670338,2.641465297168167,2.623837038089355,19.664866063199458
4.091151960932177,3.453551317930759,4.945684429884587,69.87759136616373
4.354454320993872,1.7303415306619292,4.18179860089335,31.508569293681106
4.2284417859159875,2.039712769340704,1.9893003033544945,17.157330594922108
2.8042261116591,3.012907919608424,4.669088342051236,39.44854404698261
1.4787067167439987,1.6235466032157935,1.8811207447199103,4.516099249254499
1.0864195013503828,3.0846152460980174,3.8391931425336483,12.865850915318276
3.0825176291704013,1.817335505577418,3.5408298862730945,19.83561831552602
1.6344115923833682,4.366025114215928,2.7606092330889505,19.699381899168934
3.7764613268218965,1.9787050663495283,4.5448660220281365,33.96152571254331
4.349338137167544,4.549105993531201,3.2665971755603986,64.63158568985162
2.2104827241186866,2.280888268935696,2.872907703049608,14.484810251205802
4.308317789362743,1.8673502566906879,1.8398540012643934,14.801879946939756
4.4537968969712605,4.1838008620273,4.26026276806239,79.38488137188683
4.2101915862005495,3.351732723430206,3.307607240923962,46.675090907918545
4.097557575913239,4.146693722778,3.4626972161920637,58.835783577904145
2.4084558667437843,1.712742785948731,4.23040927958655,17.450714993770685
4.288268091765435,3.2508402380460537,1.8706335910072083,26.077519807385638
1.5912440491545783,4.16819663944502,3.0789729872178673,20.421651958960954
2.749500432102651,2.620134299638879,1.6644948023804345,11.99112107356534
2.3082874098341737,2.010192202206673,3.139066230889426,14.565585461027403
2.2572901227693314,3.2708690532473375,4.002858978846554,29.554310326749054
3.6823317866972243,2.7997138540851423,1.7664873903678764,18.21155815153504
1.2653979128471944,1.3170227260457184,3.9743642704503492,6.623507809579334
4.22599741562893,1.5448426063083747,1.592858344796348,10.398977076748432
4.035479870770028,4.3049127012855735,1.1497287194255792,19.97353404263388
4.526975991890145,2.4619739410988735,3.158563263310807,35.20312542288081
2.160175923867418,2.341280992212274,3.750418853066754,18.968038996348607
1.7217782189366515,1.2541935014295467,2.7974400086270714,6.040912393074956
4.793690841015216,2.113965730066375,1.631090450965159,16.528978299193437
3.298787486970146,1.205040187892298,3.9179968822505984,15.57470951643707
3.8859483218946274,3.6806587428576654,2.943489979362981,42.10029466607076
1.2433369879593066,2.9718524903592973,1.1887408422029897,4.392414201742678
3.6306835288006467,4.5604725033261975,2.670964352652323,44.22484590839285
4.829814633676776,4.465316855392773,1.1028728116452045,23.78527489239971
2.2286797987021214,4.487177980281338,1.0412749820156537,10.413252670415455
3.994582498692111,1.2709011107183703,4.031107834197902,20.464803081101035
1.2766649831877483,1.2150178056507377,4.932756842969075,7.651547818070599
3.045372414737932,1.564435162208889,1.8908235154310034,9.008427194062461
1.9417322883140056,3.5898023264136514,4.29502896791017,29.93822061271522
3.6818924141795826,2.1167138035766135,2.121219730482678,16.531752477080207
2.112305744288852,1.9597168390244244,4.9788747817062,20.610157393619314
1.551599131590534,1.1768760575402601,1.4693278026639915,2.683051148102365
4.750866959398689,4.470295757404678,2.591382412967074,55.035210651652754
4.6073454334909325,2.122075058414723,1.586192845184561,15.508418141225619
2.991945669341037,3.693030573749261,4.244526524154413,46.8992457024671
1.5730846259764277,3.974921370201687,1.2608946398911671,7.884232580899743
4.716442166655035,4.533394984315878,2.4585867947433493,52.56826190333994
4.275674433872522,4.76594039102368,2.44402297510618,49.8033457548299
3.2128488346529456,3.7967024928856454,1.1021905023275607,13.444774551562194
1.1275090154805185,1.3966849092720803,2.9669637438207164,4.672299816360458
3.441960796513646,1.9786714364699245,4.444378072540581,30.268479144676512
1.1270547461862588,3.41561897026683,2.0587872983327697,7.925486113810653
2.234286279319602,3.7834021381469434,1.5279423146418263,12.9160073011639
4.758305775032941,4.235917749403621,1.1075463906444902,22.32347455785457
4.951100127305248,2.6720023038373393,4.748079084563498,62.8140045323242
1.7210980014278374,1.329494922951556,1.8833050244451015,4.309361710395891
1.1619608408951883,3.1517036293962524,4.907589552411935,17.972359503798398
3.241336878492776,2.808520635583411,3.8028114298871247,34.618367201095886
2.0490589713252643,4.7695492920673015,1.8107219986298424,17.69634501259675
3.4920586781831084,4.120654451821775,3.4570492746444237,49.745442637831495
2.130083272076845,3.3956138378027414,3.4356652576390667,24.849961473688914
3.1412730876613124,3.975189100145062,3.6280549280108634,45.30408256078334
4.631262326685805,3.8460913871816893,4.340584662562058,77.31561451605657
4.31637806807628,3.6627222888432165,1.7581844714968335,27.796358765981534
2.27650245177082,2.4458936054459746,4.652438781488288,25.9051643087252
4.305446183402424,3.8676213790546363,3.701830883655052,61.64227968341613
1.8419872941905404,2.1752477634831195,4.808485224554524,19.26653637921763
2.59526087040806,4.409138468947672,4.730389482464896,54.129206072459645
4.250320201101836,2.2650424788452863,3.2502669383025404,31.290826220245833
3.441849879187463,1.9181303812229022,1.520751197825986,10.039872913297513
3.9132913373876637,1.8202807993467212,1.9750603628102859,14.068925922048386
1.0318377686097655,3.8190793316200526,3.0467891362932282,12.006391446598895
1.9824552254784829,3.4770896597743537,3.533630045224163,24.357928751544073
4.628426487656663,2.248236103756446,3.2698191777408288,34.025069793886004
4.002398254630956,1.788402021466986,2.418984645558853,17.314843250261504
2.0308306232276294,3.1685899649521043,1.209398441962239,7.782321187774873
3.1690441545160057,2.6032039720512867,2.8082900959912886,23.167461868154852
3.2276161084017,1.0092220451286136,1.9187608580920124,6.250135795521478
2.7655475617664247,2.7028577519354102,4.372735297747202,32.6856789059431
1.6977910331600223,3.300645042003789,3.050481671799141,17.094306140776435
1.8080709262920838,1.0643856385500667,4.154389204069025,7.995058575011013
1.0503386543978177,1.9062541481491841,1.7709936590016744,3.5459054943171964
3.8124424089688924,4.957405081068439,4.64025667382882,87.70002224400972
1.8414507995032672,4.3470913125501855,1.632052548541258,13.064506838247247
2.341407395232978,2.6029327320163373,2.172332589199329,13.23933733264178
3.090864597993774,4.3020110624996,3.6688158493894694,48.784001082104325
3.771718968101483,4.017839865674333,2.580200160110543,39.10077336587582
4.773179331567703,2.370360222115954,2.309394621967093,26.128847370979038
4.873337194933158,3.585931042089796,1.8666449084984875,32.620461867841094
1.6071568868945478,4.76845245182395,3.8718823095508745,29.672755499245216
2.4541860318497117,4.900656853470232,2.894629371950918,34.81406522302001
1.0195319382439387,3.6399181137984944,1.0114199376752322,3.75339230415114
3.629386480887748,3.4219886112854723,1.8518159760394832,22.999034439060726
3.020077933340054,2.8606000613874585,1.1064783714166828,9.55912680753139
2.4517206534217455,3.450294609058165,4.128123048041866,34.92044739140373
1.6878588595192858,2.5961687246720184,2.268113388836366,9.938796622133777
2.28646220200496,3.72508233078852,1.676445632562948,14.278723242408958
2.1105007939265605,1.4952878230659086,1.224093217678131,3.863000889501476
3.460594802290512,1.5168706047217642,2.1563147036228507,11.31908785335667
3.6052164318994517,2.5010051616580857,2.6507129051100686,23.900590024935553
1.4048053727589371,1.1449521884652025,3.637589945158015,5.850826932179386
3.424871264324809,4.631997484928337,4.305868844500921,68.30828217529304
1.0977541422494808,4.519738889761779,1.1223258915950352,5.568489594255718
1.0071691698799317,4.824340778860242,3.32083165339073,16.135679570937988
4.456850556265366,2.972903244942497,2.886060220566148,38.23967880759051
4.015277193118878,3.727812096567669,1.2350968300210097,18.487175002115475
2.0780288190124137,4.967851480852301,4.820356174593995,49.76216870159687
2.932013182820527,4.593151747291527,4.1186439319659325,55.46652525756051
3.559350015045911,4.572340802828467,2.740585927551398,44.601833690494274
2.790011430932151,3.5901898493709186,1.3699131051775768,13.72196848815378
2.480314037582625,2.6263500118212804,3.540846278163951,23.065684521015147
1.3344310861234208,2.472514076777138,2.3023158904229675,7.596260231376309
1.8375601744239023,4.009788076055824,1.2955104444138419,9.54561487523883
1.3764486970959533,2.032579007513916,3.0660865609403265,8.578115242937484
1.932185550660797,4.003306292753428,4.036172820019553,31.22032378098166
1.9235767053848485,1.4822959611627469,1.1483828479878566,3.274395476911878
2.9290335067932523,3.515347029288637,4.33316728630871,44.61675697808206
2.424105522310806,4.010128191058182,4.504876927138963,43.79179100042922
2.5656486429887497,4.831668851563144,1.868736031944748,23.165533253661472
1.0297321570688807,2.1440474330980535,1.8901692489700799,4.173105438548675
4.1725481008849705,3.323264810403804,3.2831692177247147,45.52600775811371
3.533129597200191,3.687793658390409,3.453749361168596,45.00046470858771
3.930321064697637,2.6277269702235975,3.8653047184410076,39.920135288188554
1.0412980733873023,2.8264320509793754,3.521826188831012,10.36529180006488
4.483156105148094,2.4823047046469493,3.7174260693088477,41.36959716746658
4.20464798122992,3.1329714957083983,3.3352642004057342,43.935576309175524
2.6486116469659913,2.810289768748116,4.063764516682239,30.248087500474135
3.754156364734809,3.9485886976666245,3.058051324252171,45.331388909056756
1.6665290648215412,3.819489153307626,4.5637284943121585,29.04945391800779
2.6839821973476727,1.0390057663164312,1.133634513873203,3.161335937733084
4.912347806266753,3.8821189052063594,2.586310437432149,49.321763232520865
3.807488118198438,1.2133323458393366,2.4858142950157514,11.483836836339245
3.8488056298694397,4.96400349717746,3.30111621586183,63.069425046838916
2.006746924656182,2.332309467046377,4.577967471692631,21.426512260843666
1.5978171065883884,3.054701311901979,2.995175797858577,14.619015808649827
1.283101085083421,3.269279393540847,2.0352682627662255,8.537575745318664
1.4703600034989122,4.242732061223382,4.488064799152291,27.998089994765827
4.403745587272313,4.479754535438094,1.7057031316480797,33.64959842078395
2.588316844650699,2.4717339419556463,1.590908326347821,10.178043786394586
2.080223836409031,3.796504917931026,1.4761178698966662,11.657759004320065
1.7772455187744969,1.3954352870271451,4.144197106263187,10.277737752027656
3.995619159049654,1.4474442975389836,2.3707704316755667,13.711199457978916
1.8697173553356414,4.380401047836086,2.8769892184396637,23.562863526139715
4.826902372452677,2.071830816151934,3.0890982567743968,30.892604597030402
2.0004743267149854,1.4003640020099373,2.4682833768922023,6.914629883526506
4.517594630839248,3.8209026654221785,4.995875938863621,86.2352602187138
3.9592610330826945,1.1036007205439224,3.220536455341718,14.071951530373688
2.7119649184855077,2.736614335557817,2.418252157418596,17.947305225640502
3.1983705792567227,1.6607245161700281,4.086748914669916,21.707226344764198
3.7653221672561683,3.604250943474998,4.920923319643107,66.78266711531971
3.114827453483389,2.688706723426216,2.8134390737063986,23.562151373626115
3.8257462702969103,4.037392373200261,2.4109807034888644,37.240101524679105
2.434637850839878,4.856962055961172,2.589530306679846,30.621049986329588
3.3693780979074544,3.2229368016544893,1.5500113012855037,16.832026363140372
2.53602813568446,1.0099931776709545,4.167227256635027,10.673815526547948
4.453859545885361,1.84803432291611,2.7458285489295307,22.600599867831868
3.5044111053866995,3.3907923738209824,3.788336579657506,45.01578243327421
2.2398047596659145,4.636149543689944,3.3095706386352064,34.36681256754013
2.2970957556857314,2.740147166342348,1.4447552779087647,9.093839341281353
2.6357479725878274,4.79777318468353,2.3594681614097013,29.837175946539013
2.4106605650070194,2.03436424951756,2.443932415395183,11.985439678516064
4.1328816758825555,1.3843384908876906,3.1173827869012887,17.83550452839195
3.5888899770439755,1.274082649932918,1.491902915846842,6.8217894173749
2.7184292975974316,2.669449898757767,4.872607775493623,35.359105533158456
1.5567905778388154,3.30969599376435,2.2246943359779365,11.462745438436848
2.2707396702283056,3.448794175784408,1.7499543956706494,13.704441919649001
2.1601418788186675,4.29426574135864,1.8099053151774975,16.789085795146512
3.8634328700287477,2.3489746897976436,1.004257323342281,9.113741688154049
1.9406676171251114,1.0131210097949088,4.808114413822657,9.453383454169359
2.8149374362664488,3.4139196798675857,3.7437948440601128,35.97775730288855
2.1593351855801792,3.279790400633246,1.3314470242456187,9.429529928933118
4.319174087385624,1.5686295768695517,4.347762246649777,29.45689017068996
1.7789479744487005,3.2513667449805665,3.7502559853433404,21.691526691769617
2.418196038414411,2.8299283012124365,3.7521415510236573,25.67711059817212
4.041227403701323,3.7769792179684036,1.6904418914104196,25.80228281071743
2.9544843944840213,4.932984507601374,1.6665588007781769,24.289137493183855
4.2277209349105584,1.2228392297821733,4.989638611919995,25.79554851636999
1.8447508517216513,2.4901871128498474,1.0632869973991892,4.884501011030034
1.2267708659934264,4.431891984975467,2.9170172941966346,15.859577906909873
2.595833289332982,2.2648687987602787,3.304116296338703,19.425632637786364
2.6944460396026626,2.1576688597572558,2.1352490698110906,12.413745162995166
4.948952182413365,1.2732324872940826,1.1751747827361245,7.4049722037945624
4.143193678629247,4.214151833878267,2.5249075996108634,44.0850059630842
1.8207479610154693,2.1308869836323137,2.2773329400269255,8.83561485680636
2.5217214167036603,2.781174489441423,2.6512622650970368,18.594222978554786
3.3772326348101913,1.5983209816187745,1.590078676626665,8.58308851894253
1.7361367872053481,1.2906772362674714,3.62972939328859,8.13346942254533
3.060099310407047,4.845603540339003,4.34628923496511,64.44689869946055
4.327784048856343,2.456710802446364,3.977336961715268,42.287499291292605
1.7489052039424307,2.3614204936904613,2.2410486778197822,9.255308256996631
4.455214444731105,2.1218573358140875,2.6968434765570977,25.494149864850197
1.797683300660442,1.6351801116934341,4.422703337367091,13.000695590663687
4.226731203525045,2.1345865014423233,3.4440027573801557,31.07290657207202
4.195721571471495,1.9257442260229558,4.3016729669560325,34.757029721397124
3.6132117998599553,1.0207895116401304,3.1931618879058212,11.777430662470682
1.0214656133165745,4.333861736861538,4.221483078154939,18.688044335392426
3.0984363949900557,2.4667381517120965,3.5993338577137566,27.509821211909465
4.4380468730578375,4.705305679515407,1.3800586132783335,28.81889066169987
1.2355649022403656,3.303334775407816,2.711086700570195,11.065258370510131
3.579637851872686,2.393549845020693,2.611313223104683,22.37384039298859
3.8162085334238687,3.669589936909935,3.108405947818152,43.529869561742274
3.859823205825311,3.622170063743405,4.032500112089355,56.378126259237455
4.417499390179037,1.8464503668385333,4.289456776606018,34.98778364852094
1.527807879762852,1.0390303191972636,3.83148214912571,6.082243076296043
4.8010218970583365,2.963684068099812,4.312184115853043,61.35682633646374
4.47315409119458,1.6943177590349294,3.4901769812565515,26.451857341587445
1.6444871911669434,4.335060021968298,1.9840526972424914,14.144213823311084
3.948816842582729,3.990303015815727,2.917330754880065,45.96830997647518
4.679311512082707,3.284698358200125,2.0218559442651274,31.076182318080214
3.9983248788330665,4.929061554401483,4.904486264335491,96.65756351724792
4.458211927772613,3.999196261841894,3.344062377312375,59.6221725495014
2.8501141387665725,4.483673959744772,3.111571642921307,39.762719716416306
1.1700506704068032,4.7027795037404845,1.1210377161314535,6.168499171421181
3.693710507165658,2.2910221896296155,1.7913677845610692,15.159221896607962
3.455435085779492,2.899234390588157,3.512919721506377,35.19283809475542
2.647660030913883,3.5833833278752296,3.0283421335463445,28.731640720399373
3.316889604971448,3.6442788644626947,4.279095131945615,51.72429277684372
3.4395567494417127,1.619902347127594,3.390751961881862,18.89240885522839
4.033585468748365,1.7918051893720217,1.6439547152932708,11.881517281311012
4.168182765433006,3.782851220872857,3.330686788752204,52.51698784673309
2.4757850236703427,1.7868549151631465,1.3112473913276386,5.800786211720977
4.773408648563456,4.704707206143448,1.865589130629166,41.89644936976729
1.6367247565441776,4.714135516141452,3.0763194698525953,23.736088277153407
2.4021629118007652,1.4178648170950088,1.8370359060752528,6.256838257920969
1.7572497520232346,2.1754078194989357,1.8186226266311305,6.952112096301798
2.3730265200578993,2.9961723486871654,1.4212762833750148,10.105269318035772
1.2477160559196663,4.101528309963964,3.3644587788294733,17.217761551033956
1.4375906911252372,2.190657300565835,4.785527992249787,15.07091276638911
3.1887281394289437,3.5248752823955023,1.660932147367542,18.66865975588121
4.55978205387472,2.6272616893950502,2.8996834063093653,34.737455325873036
4.923108706326952,2.850931206897006,2.8090816793994886,39.42670929314867
3.458172693884845,1.128198736894118,4.755989292585877,18.555521071062476
2.495067280505105,3.477860283468357,3.3315318809474688,28.909352570043023
3.117853532501071,3.704760108948216,3.603579305059946,41.6245820065551
3.590932896303469,4.039306814525688,1.9777687163339102,28.687297341520686
1.348643751476959,3.0303478840042155,4.166413367119105,17.02754704429273
2.611860996197519,3.457439312113614,2.6696384793055072,24.107772206975014
2.090709146043089,3.1724993019677057,3.460224557648564,22.950885080256775
1.1928846070748373,1.8884503659245229,1.284095049706127,2.89268524938686
4.592833675718008,3.635788117687429,1.0845086457154722,18.10974364962245
3.01819552128829,3.410545461538671,2.727106759072368,28.071999857471898
4.578352237504539,4.8816086082052905,1.6812559886879863,37.57560680605611
1.4637555427411741,4.550046137069105,4.288775576810949,28.563911186247857
1.1183299820479413,1.1965786338866713,1.1085314522554945,1.483403269804333
4.479762460783866,1.591268565374985,1.2267563325551358,8.744938876359964
1.0037037809934795,3.1951731440892663,3.2134260153137615,10.305480900086485
4.161720007686512,2.497499599823825,4.227640100287583,43.94164329988353
3.48343586346357,2.975123324796942,1.7851386439615422,18.500554406437573
4.204474758707848,3.7391533201627496,1.459323610935141,22.942282968835435
1.205727293133199,4.363994681658119,3.8470022908407335,20.24210854627162
1.9272418492739503,4.036657442670631,3.2226081869230354,25.070651488640298
4.657348004290663,4.566956121122622,1.1942133109138449,25.4008024504684
1.3932529667872822,3.830531323653426,4.85659178111832,25.919140456523436
4.830664763255681,3.3312539248084088,1.0231565889753877,16.464810740486985
1.7359437435369078,3.2046797422090685,1.886842212830357,10.496774460764625
2.082378389945875,2.184901606735882,3.8510527910167123,17.52148875662529
2.1024788415803353,2.3482684754671768,2.2465072806959605,11.091421563441907
2.356428496803727,1.5294325723979476,3.0103953717890892,10.849460396924288
1.2979524018461062,2.481120930132638,1.4674441350141656,4.725723151203769
4.881227183321702,3.1990763347731064,1.4726266454449566,22.99568116674328
1.4503095848865,3.382858742528012,3.1574553228169293,15.491083493188112
3.1929434246515496,1.89659273408206,4.526278946400323,27.409847613095533
3.2808477322025333,1.0937333841274084,2.446452452450643,8.778783174971046
2.65233037223149,3.958664776611683,1.3339935892727035,14.006514907904961
1.5754453473330554,1.000612078877245,3.547542492343948,5.592380197971483
2.8545630275412335,4.435634292609633,3.7516681036964123,47.502862399137676
1.6724460050724876,4.6193186507882,4.860498418371636,37.550077136569726
1.5801170118764905,2.371722549949724,3.365857126392463,12.61388330126733
4.004053373670863,1.9244239103268446,3.815091944564833,29.39717591120383
4.2915273234777995,1.3889947437488788,2.462535284000903,14.678948478567026
4.748206098058164,1.7095928078306653,2.5018481875107828,20.308750148606833
2.136105847911445,2.2294879707237847,1.7976117269177934,8.560986160833986
1.323412378573686,1.6149595919672017,3.6962130388386254,7.8997590939503
1.9227332307712826,3.4480079354310322,2.067522907158773,13.706848702145173
4.699713042908295,3.0348666154472506,1.1973981904561461,17.078493044035405
3.1972663280669895,3.518029871051406,2.9544591586703968,33.23198838768323
1.5530499771946,3.7862559632461177,1.9517863483366549,11.476981403281716
1.0732444520413473,3.5751140894936593,1.9170649135121307,7.355723172171889
2.1857040646683275,2.26118770686917,4.008402674609519,19.81067707837609
2.3547493939148376,2.138512283459433,1.8885517083599503,9.510105246332824
1.173046638583691,4.9517653820037015,3.1530296426615143,18.314851108812285
2.5422253898102833,1.0453768335177136,4.694108236498286,12.474984728381035
1.352920970343078,4.589425098775546,4.578228918065574,28.42681604040999
2.8007632283881176,2.1760690649578165,3.034040291863847,18.49142646714358
3.7082965413148967,2.6216609661324344,4.088410971879432,39.747107472630375
1.2116630045683787,4.523331506946727,4.24890883042997,23.28722170717568
1.7722074698232824,3.6273149553365895,3.2613366100945833,20.96502839288154
2.281162169279668,2.7916348816048258,1.1583582302252693,7.376624311419061
2.8495163137793966,2.688720340641008,2.957944444998296,22.66244658007883
4.564991833190767,1.5613460695886272,1.4807093057622298,10.55380304311387
1.7839165296108472,3.9053906131224534,3.1593298013451254,22.01070594621306
1.3756744226218305,3.0624793128209937,3.122833469735978,13.156417652255874
1.184629671136852,4.179329390069256,4.2123255999,20.855045446418288
3.6728333246751648,2.027022344784679,3.6093179187428657,26.87106589907776
3.7662103390732304,3.9021893488381276,2.4879393208469973,36.56391531699043
4.723421351688414,1.5964511222623803,4.000530533345873,30.166845870089933
4.771614989014771,1.47862772680031,1.4652567335864708,10.338034227693136
1.7330639032617245,1.3105040857200358,1.3648980918351423,3.099939247509975
2.4362948456008438,1.5575150326283351,4.338066239223929,16.461077988776882
3.1705203266276776,2.7889385244664067,4.659903322922558,41.20466521589326
1.784964567976759,4.356653111742149,1.1886862771158246,9.24378488442815
3.683708531686063,4.068448299054062,3.0815654244310835,46.18335232769848
2.1410045216420577,1.7412366471060032,3.338648354402054,12.446466157153738
1.0247803577344845,4.342759226100519,4.666439649825046,20.76740333870106
2.1736959911941556,2.175794132429898,4.400935627723831,20.814290991975867
3.0749546626921878,1.8625704994979508,3.8519417140879275,22.061302209416265
2.294413407124215,1.2369737315849871,3.0931805071846026,8.778845652325945
3.2130192280949625,4.74012735003344,3.5039404947218613,53.365435326198345
2.821659774719017,1.5580786494353949,3.5811257637155482,15.743946177844997
4.5227761507207855,3.5868829243860256,2.7835261293319133,45.156221784838664
4.160563242756121,1.5757921625975264,2.4282009410361827,15.91972960861677
4.5623822844846575,4.929864820564866,2.859327546548948,64.31178908308081
1.700477489351834,3.207633557226778,2.4841329239295753,13.549724541578495
1.3952163074562844,4.732677892270884,2.154032782490016,14.22331405631351
4.89128524730163,3.96410253842004,3.082773146849325,59.773603382957845
3.077701465025197,3.2710626861360703,1.4892261180782271,14.992567144165525
4.647237849401978,3.5111972430323597,4.2287710979447475,69.00241725682478
4.3382626288351345,2.736727023724873,2.022131744812789,24.00804339609883
2.148825187680938,2.8284661797180646,1.9282407007921964,11.719614374740125
3.0211489775300207,2.2604988761466647,4.548625843116367,31.063948066199917
3.083088950930742,1.9016765191892073,3.9776693621515724,23.32122608298168
2.1882095457421804,2.0246167620900533,1.4495033894579445,6.421714175053376
3.3367785874842246,4.840288311487042,1.4725276888282997,23.78275110811329
3.9625576559761955,3.7647182102180627,3.668057892656433,54.719768398704865
1.6596014991766146,2.598224192836014,2.915493734432503,12.571657862955167
1.0789942454145938,2.44596964051885,1.0305386152031661,2.7197842879079213
4.45847009583493,1.2771660591184815,2.1461674950214724,12.220721290831946
2.9793933588391,4.655653613414061,2.997098971015616,41.57283012949191
1.656364047159931,1.5547055833882606,3.661961336976635,9.430130615463675
3.356018363211068,4.348698699023668,2.012870015536282,29.376454411052624
4.32219462617161,4.857328855388299,4.909500363948705,103.071625001188
1.6646511106159276,2.201536779606448,3.7704733678354616,13.81799552654615
1.759962611082349,1.9984289315007238,1.724171904639911,6.064188801555155
3.528405513461102,3.2949532042061107,1.6051640586391493,18.661526673396338
2.8272114638129424,2.225058712948259,2.637165144180024,16.58964510227693
1.4075166284536702,2.556930213041725,4.909388676169582,17.668505895264747
3.4513919436384164,3.8503339177490816,2.5073880362551635,33.32070835858389
1.7909991019509701,1.9031711330724073,4.714129140336402,16.068475887846112
1.9021380498026432,3.244468705057857,1.7506398013474658,10.803946394298297
2.863642096055794,1.39936067569097,1.5371397245071452,6.1597310423997875
1.7810652152492121,2.477570493269236,3.12870538260555,13.806083995665833
2.110047621347059,4.371891134496822,2.218298824603925,20.463581475534955
1.9118904946671837,2.667229609692101,4.531466804998761,23.107992648655912
1.7823490492753922,2.2373693041227205,3.947387912611432,15.74128714402244
1.5162399362444199,2.275953276514467,2.6251495221502843,9.05910551823386
2.624633965852771,2.5510008473534356,2.3740962464327797,15.895627212426257
2.031127213321953,4.177454525731086,3.4587605874246576,29.347381487628237
1.0010024785837999,4.328105139466437,3.506201840946848,15.190423031046725
3.1503498842516042,2.1545722759495143,2.8582370023990866,19.400731025466058
4.750811028175965,3.2340185801552055,4.293655201810925,65.9686250654957
4.7587813824844005,3.9863262420252896,4.143570360691172,78.60375807400052
3.974967521398213,4.0924667311695995,2.5730085885997425,41.85621739211652
3.1955093316076577,3.7181164321539755,4.483959814747742,53.27516303314051
4.8640397727980655,2.597559771178,4.335600998312984,54.77873195380494
2.9306403204049705,2.835731321579003,4.969701676948322,41.30074827153656
3.66101075642474,2.51431021563306,1.1679310720604885,10.75070828153944
4.015736260986189,1.6391291937551205,4.578725531626553,30.138593325692813
1.8028940011363188,3.500741089472637,1.8010969002476638,11.367560245176945
3.9772158319278446,2.968112778483832,1.8785271148578726,22.1756840994979
2.4785679030930208,4.718709594463846,4.516420771978549,52.82244112465165
1.0892589811497984,2.1186685452141174,2.663323260096245,6.146360799938561
1.8094292887324377,4.7719045439998755,2.6657086662918776,23.016858471917207
1.1665726454582312,1.9277571198511918,2.567838733213532,5.774732213103391
2.787635623943719,3.79854589642718,1.6478271267368911,17.448778596998483
4.946309156968238,1.6710512868735363,3.274858106853371,27.068458500683942
4.299001733243392,2.0373311146335253,3.4666749613102397,30.362837957620147
3.3221514685769513,1.8457598561947055,4.650740433950544,28.517846510937108
2.1945103099159766,3.4456935623203413,2.0586845595111467,15.566969849468412
3.095072087285177,3.117827703520335,2.1314611326032358,20.56838997671433
4.970734457177128,3.130715426439837,1.3572855401560413,21.12201656025049
2.931358253188387,4.269149550844517,3.537247945292412,44.266559633607095
2.701275957491372,4.11282262623835,4.384839255681788,48.71498918034695
4.6082461832940265,3.826025279794067,1.8359064515565473,32.36935571964901
4.016652279862879,4.536769602610794,2.503837099271785,45.62648694367819
2.1077130122070478,2.76174537220599,4.655314005840724,27.09842760773149
3.7066093737243726,4.5935597453870365,4.863117580816525,82.80202521785309
2.909544491918481,1.1872493719709487,2.0139796088273996,6.957000271347631
4.269084742072309,4.053966927419623,2.040990542513942,35.32286889382684
1.4794280677090548,4.6465801865276255,4.250650913103103,29.220169433614284
3.1912021676952196,1.744637834283321,3.967294218745805,22.087878977682923
3.4991670822990915,4.725019156703815,3.383624542073414,55.94360130071755
2.6501077276413176,4.469955371933578,1.8808527245765552,22.28032421268495
4.513789403995823,1.8915943173739636,3.8813036030132255,33.13957303867491
3.1754073331757344,4.723138497523175,2.109058926958304,31.631430880886544
1.124028099826965,1.3196108181511783,4.416943808463637,6.551562824050919
2.4329665841265227,1.6110968202971385,4.752493205315897,18.628560184375047
3.8253038276320335,4.6279150972038074,2.3057238313730064,40.81864709589549
1.7796838523373486,1.519404665405672,3.1256366178910757,8.451908791030641
4.712775684235764,4.612112116650202,1.866656371478428,40.573362586461734
2.3460035961643873,2.31745388578381,3.186073428635495,17.321901121392912
4.334003150681504,3.824111349231488,2.7350621603845724,45.330128818031994
2.109635763948368,1.6733776718240652,2.3437824659971556,8.274061603604165
3.534949393896112,4.907300988345873,4.549063098286001,78.91287348674663
3.9829447535554596,2.8605654891799803,3.7960689410462027,43.2504139486679
4.025146353992793,4.338704754791974,1.3066284436547337,22.81885673272343
1.7507175743075858,3.5852424309201165,2.0442896312071115,12.831488670727301
3.7338879784888683,2.702674629640292,3.475640016746306,35.074366694051164
4.912020692392252,3.3780308020062906,1.4916668757075127,24.751164623770805
4.041303937939908,4.292780108158407,2.4047816038545435,41.71918328966732
1.1236649024861483,2.122155456313815,3.5911947666266912,8.563532888393327
2.935929932588697,2.486255809309763,4.98648536982585,36.3987145770829
1.774505328801538,1.2003095127265877,3.570142032719414,7.60424411015376
3.8828064320795748,3.362456010723003,4.491259223535797,58.636828686435344
1.5016314735259555,4.0378871005173105,2.183001788103136,13.236453114652562
4.753845678634852,4.339763538360687,3.90594690434109,80.58189596157463
1.8670424073636993,4.728482558873452,3.1808843927089505,28.081729986688536
2.6837121582233046,2.732880053671035,1.266436965652677,9.288382319790975
2.2680642846865484,1.6097829705662412,1.9036726968084023,6.95048274833583
3.3911486841512986,1.5234926210913668,1.9058289530131574,9.846255639465657
1.1317921505794812,4.301660614140381,1.260433860468824,6.1365302909835755
3.2743724245545756,1.9294148081952716,2.386062496683082,15.074242457807882
3.619134687491806,2.8730866488206104,3.220364472807521,33.48563173411289
3.2795467165796284,1.5460215401307207,1.7438206555349636,8.841606444525953
1.9956050596025707,1.201351290746055,4.941801925828553,11.847588185924785
1.4183250195483033,2.5912746978036507,1.992000066948568,7.32113756099748
4.272311598966459,1.1525101747894344,4.142077665371168,20.395104093338336
1.2067814235304137,1.5332220346704046,2.2308794988321905,4.127715734093226
1.291159500960673,2.864578195660424,3.7622616706465286,13.915203926347756
1.6803669270725372,3.8902877519902987,4.671137120274742,30.535741268684653
4.805780376314351,2.2388439686288306,1.1480544764194756,12.352368619930203
4.903400424911959,3.53814122236828,4.760110895472106,82.58279822126335
2.0056094132007316,1.588458445586797,1.626023622602495,5.180230302529777
3.2460121643287483,4.820999941836584,4.195292330038702,65.65223227045247
3.542440778906467,2.281122196205613,1.1006884585850711,8.894377573484228
4.463204557718205,3.8719491710762055,2.309970865561682,39.91930226235376
2.952232271484598,4.0537572018659045,3.152732260080873,37.730742106601355
1.7219391118898701,2.7708552511440283,3.20969568079902,15.314241356189372
4.145258023810824,3.2160059312130627,2.3657195262662,31.537819564811112
1.0718025982745947,3.0089533787472678,1.5529635106940556,5.008313610602939
2.9618443011744806,2.1450217431705365,1.0629846488667063,6.753375783603417
2.797869698541991,3.8379326858351392,4.6009360411148235,49.405014849796174
4.486903111675291,3.5227391532916177,1.1135663110466067,17.601239875455335
1.4416258130379185,2.4228308635599687,4.010669830416642,14.008529803338023
3.4477926720801397,4.02321071825375,2.1003074098901324,29.133776651493427
4.6653861922655935,1.7563254971693882,4.167122098230258,34.14513479248929
2.843448621064368,3.397566931987422,1.403067194890287,13.554761388717115
2.384936976597101,1.5079501754233653,3.7614000451253227,13.5273717320694
2.3247288529003063,4.807501754611132,4.584765524119682,51.23997237544637
2.919102024141297,3.827217863487548,3.039437292749055,33.956713225309095
3.578061090762294,4.7862082017887335,3.8549329799332583,66.01705854047233
4.417736016957833,4.374019238020241,4.086414579582865,78.96286089680237
1.8657650047929715,4.706917567521046,1.371918774102546,12.048193524914284
1.8560735932233214,3.0694544347585295,2.9940042555661845,17.057241410468738
2.8793118793991557,4.5868251593990905,4.526233234589762,59.7775104761993
1.464190026860805,3.6923385554173986,3.914735837134798,21.16417876519716
3.9529971957840786,2.67360680156708,1.9121312036192797,20.208856141384235
4.179183381100623,1.1303895571295297,4.866874198335375,22.99162595789636
1.5203271518864572,3.377085276257859,4.716644977817959,24.21654975089539
1.202561168084284,3.2122611155291096,2.2288036160659255,8.609735708872078
4.613620659297325,2.3450107643732103,2.2267441213551664,24.09112262374082
1.7748445339190808,3.567241729686484,4.253825585162724,26.932243737054904
1.3867844184037872,4.02570981376104,1.1841151679040691,6.610668263415351
3.09075003914543,1.5259714865785776,4.1134157992910305,19.40049959860495
2.158283060256879,1.4101842501622048,1.6270537714978315,4.952063077060073
1.3845565436249623,1.3035231826924196,1.4943435603111683,2.6969935774141853
2.1228964966321042,4.95787582826909,1.004997178738336,10.577652818761827
1.3087108593947954,2.275857281242755,2.5142783117487038,7.488624928530317
1.8481380571047699,4.448308120965128,3.020347152004657,24.83053830182909
3.9195011704995157,4.078620974970682,3.9329201906660565,62.872290198005814
4.305705904041421,3.2189382946655565,1.0610811670877154,14.706374478645602
4.008590675723804,3.060172014672869,1.6548837202393303,20.300420540682634
1.145393762049463,3.253388110490841,1.5305958859132023,5.703628499833956
3.6507722529380087,1.2630063909430334,2.8674812615472915,13.221808958898373
2.434464253052353,1.1757341365460454,4.963101113666136,14.20579858759256
3.994712155654099,3.7563278529710473,1.3644910943342508,20.474800892342202
1.2520176904986648,2.0376623746513127,4.855696024171044,12.387799936733176
1.5326484397755284,4.831504935905167,3.0772988469200855,22.787393350981233
4.975055093626796,1.238882580397373,2.5070504694604825,15.452228362651283
2.330533669026858,1.1071881577882432,4.275718120442497,11.032803414988765
3.220030776221654,4.961598211787381,2.6241360503968436,41.92450683073436
3.559494250943193,3.4249650815113775,3.3089840252217444,40.34029914800059
3.553082627658957,1.1688301403228092,3.6088762119064492,14.98748270337963
2.3417912798680063,3.647411403445747,2.2185517919031854,18.949707370451794
2.5622204895579217,1.1555560675448135,3.9864379487854387,11.803003354458012
1.9241585237188796,3.1685961599864862,4.395032299273193,26.795990279915735
3.9801167780524502,2.1625354831513257,3.2778432529614636,28.212868099754054
4.7191707453691,2.907201574399632,4.6999786594351844,64.48173613414986
3.177505041116565,3.639176181735118,2.678270838814818,30.970186620260872
1.775325642434292,3.7411740560107507,3.3332641331354504,22.13888116745705
3.8057199106015114,1.3179131877978936,4.289197280935657,21.51293416563905
2.842094805861557,1.9915489567901004,2.0444660119839404,11.572027120527482
3.906307982203198,1.171386647242326,3.183392614399871,14.566558407801491
4.447564016911231,1.8883799423254413,1.214488184352711,10.200110597010744
2.3210644644657097,3.8342356500217005,4.554292404367162,40.530962213722155
1.1922273008740905,2.2977815391143595,2.0910727079814917,5.728447433956694
3.3946755660680483,3.0075108319383617,2.6199606481756534,26.748549900592455
4.272533381209632,4.282585929185381,4.27851800598753,78.28614616405932
2.030244980560933,1.7150367469817742,3.6247410434223677,12.621148035515008
2.2993307968995165,1.2862816993840513,4.509588601669413,13.337501186812055
2.2911460374831996,1.768557846122302,4.5783054720425955,18.55140503104697
1.0509892669195007,3.0739355097963124,1.842992246815355,5.954105711195444
1.6745404540929063,3.5483307526235004,3.220397505859647,19.135033224673755
4.345714355406793,2.149106434449731,1.1245127641691126,10.502277527294487
2.300161697295258,1.1748404101436902,4.045375135533689,10.931909915769529
2.714132452885481,4.443605059181198,4.777274105505111,57.61647056119499
2.172340479698495,4.228098104913517,4.083692947732642,37.50818339490837
2.5217828523056096,3.205603256727963,1.4833665543978842,11.991290951047318
3.735982490339947,1.3134922909869293,1.9757063641030679,9.6951550544055
3.7089470933673945,2.684022739780879,4.154982512134348,41.362428509626945
1.0805018104287951,4.925253768182005,3.4148515627034883,18.172971324031028
3.262367689746604,1.8636420108001088,4.298412770627326,26.133857396722874
3.0749243626482516,3.018280864278568,3.8107118813673786,35.367161193143325
3.962136132556016,2.58942736987338,2.986436315187215,30.639832389094742
2.323308716072879,4.329980961177304,1.4352595151838043,14.438542090567637
2.949197061098868,2.4104006107722884,4.570085957430731,32.48758208551375
1.6524549793200216,3.492861467028085,2.906989969869005,16.778554019859886
3.4141082092195774,4.467872544590831,4.590976779725429,70.02984312785578
1.5940803743633918,2.6608195539075616,2.4201760965888677,10.26532268235557
1.5129880809201501,4.963597358764584,3.643438694313567,27.361727783365527
4.52780411875079,3.0976721791381716,1.2628868116439453,17.71281201052925
4.920966649213372,4.7697834345320995,3.2439183690514124,76.14107420885021
4.328911675686205,2.2190468218672654,3.064767241024232,29.440330942321122
1.3119472489791049,3.590859851506985,2.6531706924386254,12.49913675606528
3.1263389651271973,3.3003102244035234,3.6042940869479274,37.18870433574752
1.1450884665980534,2.3505843042331267,1.5950215984015985,4.293203162427695
4.8310359481258285,3.196953419508576,3.873336114019313,59.82211491650318
2.631768544476398,4.680922074054104,2.7037537455840797,33.30782215909419
4.218891192567865,1.8279272691341828,4.763621331815605,36.73622006226574
4.569490266582992,4.012053171602528,3.7589536127386065,68.91303910926977
4.151710765466399,2.1398793624930064,3.5827864441819512,31.830048682562463
3.438891788656236,2.070246376539799,2.8229638813906224,20.097677125328815
3.901319878699475,1.455541913543656,3.6012338009928606,20.449730747346727
4.476371717455754,2.091591362754632,4.74302252151753,44.40768867854802
2.827740018706437,1.2374762213957164,1.7854172662068888,6.247641068065692
3.140923574881213,1.6750803359185973,1.7911317888415859,9.423680457122046
1.0779028376410213,3.423503701545309,2.520272286493955,9.30031976632266
1.2232608389859387,4.774582453279409,2.862187588452837,16.716777590593573
2.4913131337211127,1.0048178270445605,3.6613831212502914,9.165598398566049
1.6287045871085213,1.8699891832952678,4.772040416687178,14.534012427833279
2.9494954775393394,4.1078032779088325,1.777715566495031,21.53870792394068
3.683344258225152,4.008722797065274,2.7589228417316503,40.73689204180798
1.4444384704808253,4.893328551799981,3.1201051684262566,22.05325281005359
4.691995836610184,3.944126234703458,2.5053052253675836,46.36273724698939
4.3476437512895885,1.898833691973349,4.9360186693381785,40.74906734618234
1.7291441736738964,3.3839621644995788,2.9816296356020358,17.44658379488631
1.4775736967656794,4.82627182007493,2.101131537533137,14.983531008153506
1.2869373775264732,2.317516845575237,1.2563357697042443,3.7470202416567036
4.557093486229826,1.5434697550071346,1.3783050786162443,9.694634004597635
4.982764958778848,2.242218944674861,2.97974637503564,33.29106735032936
4.7676084679721775,3.2981732805476627,3.805599782504388,59.84076888611358
4.337734152331187,2.417593755649844,3.071701457883734,32.21256151400989
2.0848104745108422,4.679364184582119,1.3825629461971825,13.487713748970847
4.228876598438253,2.9375943212798363,3.850033237551994,47.8278998426477
3.1660634954293285,3.2546564043813198,2.860491371522356,29.475786972449797
4.470004380594682,2.3463509231239095,2.969049750357497,31.139984339925707
4.9474420720984025,1.736398497191781,4.056301023914294,34.84659086602652
4.343250959795695,3.5279935469801997,2.134165139663224,32.70172996894399
1.654562318263236,3.755992075813466,2.648979507268942,16.46214395878719
3.0046212919983932,3.6575548522134915,2.5864144644096063,28.423575526469836
3.690405016839806,2.665931220549998,1.3563467129678841,13.344235318434393
3.561834458605356,1.958668810747172,3.9953789421728407,27.873577654805224
4.887435866688536,4.31681542554872,1.2388516292844938,26.137488083050176
2.51653013754999,3.379525964944502,2.9999903258003005,25.51395454828419
3.656477666586747,3.176387361817056,4.970290225017957,57.726886347481305
4.278918109928391,1.369242322707919,1.1710888511722573,6.861264096424859
1.7162530588492597,2.6892006030383375,3.9215809362076732,18.099463714396403
1.015710180312372,1.0669475271735318,4.594657194586723,4.979273491165491
1.869428532454696,2.8228072159315514,1.6483820257634911,8.698571870423216
1.8753207705048354,1.7352862390891133,1.3593075271513135,4.4234834667965455
1.1166588778631406,3.540364276324605,1.0688435018283875,4.225543668212778
3.2450662962314714,4.037848306422016,2.4975640102926007,32.72579463987589
2.1263109819088233,3.8633624217140703,1.4983805652726412,12.308761730017627
1.958496504332182,1.445236513999769,4.246050244010759,12.018405560118344
3.462324605217177,4.0181383902566195,1.5891580902593483,22.108525339036603
3.203637016074707,2.585756777233843,2.19352366668338,18.17076865831761
2.6043188752924555,2.7517075688377948,3.7218898151497513,26.672268161800066
3.3241384373382066,3.613728848222017,3.8081860418719864,45.745967986896794
4.45208426902391,3.5998738448387786,4.382146640595101,70.23240879573967
4.666089793254487,4.75250029283747,3.946429675627638,87.51441871940102
4.656879832491498,4.038732193621044,1.951946562194304,36.71199720615503
2.94052015996694,4.3580264173444725,4.717795862838221,60.457914899594925
1.412507243168334,2.941289742748774,1.7921498498342237,7.445653339155939
4.368267112729516,1.8399066281881096,1.6181843040363373,13.005676737177804
3.378820907763293,1.685024820099557,1.2196531966764748,6.943969963514266
3.077084336641444,3.839195530198516,2.0940791649913493,24.738463752971565
4.550553019966261,1.6670913008390373,3.7702833230405868,28.60207566471145
4.175393373610948,2.3349494960941484,3.3543932488286705,32.70309563418211
2.0270200377231684,1.434849262009498,3.168135829600129,9.214422330164492
1.5023184345110856,1.232007294481742,1.9265372033436727,3.565764654013758
3.4910538009291647,1.4536948805954975,4.360019862030884,22.126782685320194
2.8054169509915856,1.831937268106496,2.4770097475026267,12.730214757657485
4.175376809948858,1.265813215372512,3.4480849934934024,18.22398136824447
1.301886853730024,3.632990709636156,2.995736551357324,14.16906351808486
1.8388407497339108,3.7051380100538065,2.8972097444852927,19.739149939405088
1.3202483262430738,3.4185333784581062,3.84856456752861,17.369776382801987
1.0404359103600824,3.6008476698552663,3.7923068286547714,14.207692557926041
3.104530667219389,2.156537297473346,1.6318290750754714,10.92515468906082
4.265025864914875,4.124436491999067,3.2854744305323074,57.794216645990154
1.0859183158262402,3.996681608171645,2.6671852827930524,11.575770192406177
3.0989238598157494,3.994404015419056,4.022244516467735,49.788766133878795
2.4699151214161357,2.080224034420197,2.3497266579236435,12.072841051340767
4.924918945965306,4.876456329064076,3.453365038041066,82.93654023205382
3.672348372149744,1.2724851055545003,4.590305770605173,21.450538370061924
3.891393434284907,1.4303239317889753,3.648346048695401,20.306523207798836
1.4460929975097536,1.5003948893908077,2.5465231528079086,5.525218132761798
2.7303482536511168,4.995519029803988,3.710697651492951,50.61208532746799
4.75409080907011,2.7173632181418856,3.96768760810694,51.256935409830874
2.4211157262601373,3.4038124341234983,4.804796869077723,39.59644541708149
3.8847106282456925,3.5488496635946793,1.004680123214341,13.850775373625677
4.734969135935554,2.6949947010032655,1.6676482994866015,21.280387556282687
2.433051146302095,4.061775722867624,3.9076268467444786,38.617153880892005
1.680671958067737,4.175498773990897,1.3881682405560594,9.741670108423472
3.675934226494335,1.5496839986942694,2.2494277249875836,12.813947029396196
1.4205923666449336,2.187855040435306,3.679732330176319,11.436792693505447
3.5206146517092862,3.7357312580647215,2.816370490373171,37.041102404203826
3.484161349632486,4.148803129270006,2.9746304166564137,42.99857867894581
3.647845352276562,3.1338549721988955,1.3339738847636524,15.249747060952751
2.6130213277224734,3.7309630680407775,4.290174273249359,41.82527824407262
3.4090161364973146,4.747892440486624,2.788045829503903,45.126311519736014
4.720412836812768,4.926418948332516,2.0357644592469484,47.34115537430004
1.986951248368464,3.4077123938938416,4.609005245637817,31.20738276114062
1.1274784568327791,4.887695343049291,1.619757645210795,8.926113786823738
3.270737779078128,4.010583694546073,3.8542484545740305,50.55836467283578
3.8464401828705106,4.350616594657302,4.621580150069548,77.33930842555931
2.2268968297877785,2.6394858589888197,2.2786109952381053,13.393362557697804
1.5517944272942152,1.202366307978179,4.704982371703012,8.778675315906511
2.4633535302089142,4.6161195115836815,2.437981556231903,27.72261568397784
3.9800203899889928,2.420211318326146,4.442446029416346,42.791818708748586
1.466266367037448,2.013503949866832,4.071763925743674,12.021203501255311
2.576369021314391,4.139133158842364,4.438480224986373,47.33166215706542
4.149613925917851,4.206135501657748,2.574422173713756,44.93354872718597
3.4307370296442783,3.3723826741878105,4.0805386035230065,47.21084463582796
2.158948342737738,1.6874428984745875,4.661206919638471,16.981252480336487
2.5671221515578626,4.758199859684046,2.947451239118801,36.002763961957946
4.634249660497963,4.193931471526959,3.634719550307139,70.64341144225808
2.7562860874304023,1.4144096049646393,4.675444934556538,18.22730397289212
3.17622888169867,4.431884902675974,1.671803600470092,23.533445691326182
3.991144261083765,4.362939401886493,2.615841022877769,45.54995508485811
4.4376062740533575,1.8342314852060069,1.9139285644616133,15.578607482502127
2.7546064873944878,2.0255615087090617,4.253625077013967,23.73363227802471
1.3674426596091425,1.9834696143377473,2.6899185578745057,7.295814901073069
4.156063406303319,1.972338184604145,1.6661829738886298,13.657972681485633
4.0875451039569,1.0034465556852363,2.89759026661701,11.884852019644176
3.589382822920082,3.861229212629585,3.0644104719131056,42.47098184809361
2.8050665537368684,4.992214866852493,2.816208918205381,39.43676737008013
1.9206488314325836,2.7607365540896818,3.7815213505722323,20.051159367536073
1.073496965637624,4.145666947241464,4.968427196863393,22.111294073822965
1.0842568861215542,2.437243342987532,3.4331300638817055,9.072382220984487
1.0619998050717006,1.2156109621079567,2.478458685631445,3.1996371360350695
4.860223193836087,2.8001067536557827,1.2594167606455766,17.139583786324035
4.892588418662806,1.5424960985064375,3.7388330303827333,28.216219682608063
2.504270010401023,3.268481507725075,1.9005247026333452,15.55609919187927
3.586313003845925,2.1467002734733023,3.869600156613556,29.791042050756893
2.0000124135861155,2.360240521610325,3.9322195937772872,18.56208326050092
3.1504289157462666,4.38585795948827,3.2094350269507625,44.345834871155
3.654954938149038,4.9644735381073435,4.068176690969584,73.81676937941255
1.976865312844553,2.5589469831252805,1.8219738105759578,9.216807124381203
1.117928870718715,1.6958257588014511,1.5354615724476242,2.91094735820116
2.0489247011098226,3.8426536242729292,2.5633649729849557,20.182161765651806
3.7373289120404465,2.529759407565134,4.3927040578952905,41.53100928919004
1.2009431790240792,1.9144665128004235,2.2283140564315813,5.12326280175195
1.7991297914504485,4.588855745897588,2.7380150195595134,22.6049071087757
1.1833108056498984,3.5855457984495374,4.762009206948982,20.204324509856715
3.5170745647614865,1.2645758955975541,3.6438577619635484,16.20644990400636
2.4141513631003373,2.8332742554562795,2.613321556688145,17.874996375581343
1.4839606421277014,1.915800896582585,1.780521966769535,5.061976106552956
3.824972540790764,4.106738930881945,3.84845038969851,60.45208849265805
2.228570517698906,4.613451463545577,4.453656152055029,45.78982889713737
3.1495745868042535,2.293955904297826,4.925683543274133,35.58799079572551
3.684039902368166,4.928129427020661,3.9575524139986538,71.85104782940067
3.3213314712180946,4.5412402908786405,2.5270651085892766,38.11563280767894
4.42582536821472,3.987154002801516,1.1636324855068567,20.533979369973363
3.605879439371988,2.25842485384329,2.2959452660967012,18.69727765301025
1.217609925344067,4.286462025713424,4.702997613357345,24.5460671831234
3.6108978708823645,4.574519116132924,1.2564167342234653,20.753644065432724
2.467549613503623,2.6450989920738723,1.2172286349254282,7.944745395875568
2.578366874432831,3.8810227028933326,1.7854640419676855,17.866603700203108
2.8202875908519323,1.085478222179876,2.2065975388070633,6.755191118756162
4.741065265211608,2.0283993199118546,3.824504923163692,36.77939782369012
2.6246585067794053,3.055473690131382,4.873941185217673,39.086936944017665
1.7850969006521016,3.2329869504514686,3.2318263477472002,18.651500010831416
1.3208514705286603,1.8622880918379479,4.810289750703903,11.83237942048664
3.557519024524213,2.72641056378604,1.4997232576208197,14.546201978416123
4.705046337338629,2.44593604440946,1.3854855064656588,15.944503087658607
2.353622096263912,1.8338437705388446,3.2221685661443504,13.907444118038363
1.7412186623961619,3.976773800593605,1.9052919929281007,13.193066288856198
3.104575822049447,4.311801408623941,3.1642325212180373,42.35741137224944
1.981519886004353,1.6835965045158372,4.673480378675363,15.591104205335096
2.2380891656360364,4.222634593899568,4.637815423630395,43.830290261665176
1.991538666087643,4.246008413103353,1.9592086475295885,16.567244517551273
4.591292387097232,1.4644382288077709,4.747681502962074,31.921815638391855
1.3288110596127418,1.924370349769355,4.008195640792607,10.249455688970189
2.0018587248909747,1.120778538467663,3.4436445594032445,7.726299698240966
1.5532037029045962,1.9365283873608683,3.747463980733807,11.27170858537327
2.485490776882695,3.476948537146226,1.900922971165739,16.427630935694367
4.613108311273569,1.7694249436610483,4.0632767612519665,33.166695313934795
1.8974289667805122,1.3658574205285072,3.4891748015168598,9.042606246592541
3.128534698176235,3.2327542155565188,3.1483643537622648,31.84187618992495
2.4091616988695597,1.1890532061624226,4.654162410371843,13.332413436253633
1.0178042959536864,4.345623238257632,2.6207581527233614,11.591597586243232
3.894399281486253,2.571190598012723,2.086684701902864,20.894480603642858
3.4243373773844343,4.855706317561188,4.728908988341878,78.63029661223229
3.098199952594969,4.257385292845516,2.3588695892911646,31.114034575159618
3.8576682613921323,1.806722341538351,1.107976818564787,7.722305292513017
3.141385667757814,2.809503190139553,3.485049054006475,30.75811263432593
4.872176447737385,4.298245021449896,4.806147593949458,100.64942090167654
3.2427156375350865,4.648591013097354,3.5617724593653723,53.69036738024832
3.5551981932258183,2.8689800325486,1.2723991185404624,12.978207149312508
1.9550703456296943,3.9930508652565093,3.506987157624256,27.377980284220943
3.45153403801424,2.8827930289864017,3.1681015648050725,31.52279515638651
3.9106054487543602,3.088047052597685,2.159622737614643,26.079892769601326
3.4524943509869055,3.062954493998589,4.176017752099964,44.160690700397794
4.875552422457915,2.54824024124904,4.665862810764129,57.96904760991473
3.2938954419261703,3.230689490740235,3.8875903460209744,41.37000021718708
2.7972954383009885,2.514570777713265,2.5005296019020404,17.588718632839576
3.7799099302393455,3.6696397260936293,4.277712269907836,59.33575181092971
4.7225893883755194,2.223258530039528,4.1801780387534375,43.88993457630888
3.4267720896290306,2.949799425906831,3.864301598674857,39.06148253117012
3.879245381686565,4.958014779996828,4.1471153081187815,79.7629448354693
4.275595682300644,3.6770180509301786,2.282781494894218,35.88861801729069
2.459893069695607,4.74767570437252,2.1375562381355233,24.964037419525805
2.9446152983829155,2.940336971204696,1.5215721882310027,13.174017325456044
2.2277128987466512,4.309453708183137,1.325795961288864,12.727940344211017
3.162929547667326,2.312500858375883,4.779364058089154,34.957594009665
3.01460129504102,4.859808666399751,1.941527215114626,28.444122158967453
3.9887195126954684,2.4711019045695592,2.2606497135708103,22.282167112082526
4.890314347756375,2.6533543410926628,3.569140187563943,46.31222369014877
1.663256870787408,3.8915070382385255,4.3393811308340755,28.086973377155655
2.233811616793999,4.409221938348013,1.0706568602743096,10.545296830647684
2.380540904806383,1.5222084274861332,1.8262142288097545,6.617614930728835
4.922296042361637,3.7759723120052007,2.638348291869284,49.037538021590315
1.8846961733344596,2.858090833353083,3.5661238736799317,19.209400028894123
3.5768583921417156,2.1491721195422837,2.8536532418907328,21.9368438551816
2.1539097315277917,4.84145547502609,3.3700744182418503,35.143331708092894
3.3731875127040714,1.3695491698962385,4.378515751265273,20.22763131933593
3.9314171300720804,4.628885145004089,2.311816227297811,42.070612840265134
4.189152165411382,3.5350030437043896,3.5778115527982632,52.98261506295212
1.7396135406093074,1.9340957230032552,1.3981394388056358,4.70415074667464
1.4878799625361312,1.2311326765925665,4.977616804191854,9.11788716601843
4.737469283047787,3.434616925963791,1.403910067191518,22.843571296851245
2.5059105469376832,2.167958628053135,2.5318532319817497,13.754825362792996
1.0876720576643866,1.626101180628687,1.8732174418909668,3.313093784259781
1.59827497680467,1.1284950026339238,4.610951094451194,8.316520381432355
3.127284182258309,3.910479020236843,2.725705359433684,33.33313924613742
1.0379923862778293,2.6761421344011587,2.0781233880375454,5.7726426518609175
3.043891561023015,3.4618434629055486,3.5855530038155017,37.78267909131073
4.185509530927863,2.704152897872997,4.904887302224143,55.514778609118025
1.5154155160035954,4.987481319917052,1.3289950636207744,10.044686332455644
3.3239183078336394,2.6125460795613633,2.5219273542047262,21.90013908607211
1.0449511197077195,2.1987015079963346,2.914961606362991,6.697228071075393
3.642124590561897,4.837077461252267,2.1509006692184576,37.89293065604375
1.1384029265547726,3.590839750021514,4.832760844655899,19.755468422280934
4.171827420923746,3.324639450820219,4.20783030977911,58.36185751063165
1.050289577704329,4.930890706240801,2.516879595604779,13.034574909026613
1.4854016814942481,3.9624987687202826,2.3391471940044326,13.767991928704092
3.9621003389125153,4.135498319129477,1.4451660166879097,23.679419903121993
1.6438543610507246,1.8682605242250796,3.3082701797851484,10.160188041923059
4.783621127759636,3.3755053553926873,4.560000482946714,73.6309604294531
3.780947096757176,4.863072429633412,4.176620302445119,76.79559929658481
3.4090698383616727,4.599639325479027,2.9266351779446564,45.89107859278673
1.4797923878996007,3.444328162488325,4.991406482809696,25.440652764435992
2.444688632409597,3.5094328127046897,4.770755941183861,40.93055987642361
3.9348737743651014,3.0318840129726015,4.665329285041959,55.65775574699633
2.0156315269603384,2.309378993101108,2.2408050370585206,10.43062725034832
3.2866340894302395,4.673630606387492,4.999143052411881,76.78940520664449
2.168523500452807,2.784435211778718,3.8782965527220865,23.417593578373065
3.4401280505003595,3.6557653367465974,2.627096614813024,33.03915747131589
3.735275362909269,1.989808505726451,4.212218328873411,31.307239808890902
4.650179123282799,2.12961356312188,2.9308384031152834,29.024340455357986
3.404521056167292,3.3710893252664147,1.8588696820558588,21.33414434115386
2.8603535786205168,2.021057009330156,2.237323100059912,12.933825342636357
4.082068305436109,4.0528985227176415,2.1329547386627565,35.28804814089363
3.187069262613263,2.618557957439823,3.652735279164185,30.483995703855694
1.7256755825674048,1.6472342931245034,1.7431722414977147,4.955127465536421
3.7960439702277466,1.0197982372094625,4.659891450293572,18.039366885799193
1.2988824060970483,1.6856098486292526,3.0156054656429614,6.602393674337578
4.705629527885022,3.3156207046397936,2.2801311128771755,35.574794169477045
2.0286102179652934,4.000599996378245,3.2554218370041945,26.419890374619616
2.142871227107818,2.547861966121832,1.639172351807114,8.949455016439908
4.193206875276849,1.9379024657085084,2.598420827877072,21.11483505770558
3.37006518791402,3.381055321754627,4.1450542472425855,47.23031010809849
1.2858396118406379,2.794466214227338,3.975379076490411,14.284472636056867
3.8718408729892433,2.7354365913463257,3.3192275862956078,35.15452089461568
3.8022051455816697,1.3611264187078445,2.2929076194980804,11.866443239647678
3.454493039438096,4.598194394261137,2.6680980871051516,42.3812187090685
4.741331279467335,2.92221323428428,3.0714007044528695,42.55481272360558
2.2403632446953905,4.935156810915779,4.963379164202686,54.877819750319915
3.1324806389783713,2.968319456019772,1.523849931631633,14.16906635067104
4.207928134419432,4.658308552781717,4.852312328331005,95.11418980891645
1.900686274129793,3.74475629982829,4.416381188575171,31.434065216613877
2.9110673196931884,3.436633711258404,1.1016309643752833,11.021015906634167
3.5934707835527324,4.1704500531954425,1.2417109825108592,18.60876557323572
1.0185922927491569,1.0422329409219855,2.226437908296438,2.363609729401654
2.123146434548982,3.5749660584632768,1.2400493570749824,9.412193415326028
1.8126014983858014,2.491928978288077,4.746075664409378,21.437426719419754
3.2665698966754135,2.782981402511376,2.3894015074083303,21.72157904274744
3.731478942764773,2.278164342297823,3.162747141907252,26.88626761757853
3.8525221222373767,3.5883203739673073,1.033955036549806,14.293480887049776
4.885953378712736,3.048860937289601,2.5744740534629487,38.350890613086186
1.2912257945030157,1.395940194801844,3.4924976194702655,6.29513610914471
1.8790600801623585,2.8206614989557357,1.236950449030255,6.55607539675854
2.9001767222464294,4.787050664244701,4.291599481107276,59.58153262568541
1.2227508425406088,2.303880218413675,3.3453149775672677,9.423991408826303
4.375717730793383,1.6040123826203736,4.951726916791979,34.754712564321345
3.918359300760655,4.10103380157903,3.5629846401127026,57.254754372190426
1.177034626722563,1.0666404941292313,4.288895684375705,5.384591855991766
3.147148519764308,4.4699331013132015,3.8418899496545693,54.04595338673657
2.7200854546401674,1.3913279739599718,4.023092297111063,15.225517452332435
3.836499473376112,1.1683845662404915,4.7503430352418885,21.29344482993668
4.1466394375912685,2.5394087864701183,1.5863198319760112,16.703967853462807
3.356634218936017,2.1984227521102784,4.620288480738608,34.09449957909803
1.2879367329229474,1.5911012431037044,1.2168818099794612,2.4936801262264243
1.9835195404675328,1.6619837574421634,4.966382295732102,16.37206293474742
3.9552618561829704,4.8980067712051625,1.9429752346242468,37.641063666667456
1.7398988730833858,3.566670691447222,2.963381558445041,18.389697853166545
3.8324601464434482,2.641648976434952,3.3265862309446916,33.67840698170367
1.3719497313037223,1.5192617037380365,1.6494215854543497,3.4379730135135196
2.8722433452100593,2.126469343614688,4.873268451314765,29.764644082627562
2.466525627327518,3.5365635031391136,3.4429937585588117,30.033318954578498
1.894099392877786,1.931980290248977,3.2306581550401114,11.822149932245356
4.570789477777997,2.6676969011429126,3.9244342645756007,47.85251434905023
2.305814083076188,3.2846343236338704,1.0733760127329832,8.129488103840345
4.36391626025123,3.1724486514204213,3.0656053760861366,42.44116128909898
3.895062777329889,1.124609786765129,4.982016485362921,21.82335314720643
3.671413795369437,2.649864177803017,3.4663562014151017,33.723305609072824
2.866246669016191,4.639540547871206,4.126673004479734,54.876776746278644
4.38920214312102,2.204476112976189,1.9369021991479536,18.741255098046267
2.313717785550495,1.1094103364283665,2.454260954811751,6.299750230635146
4.340187131973667,4.997129314633289,1.2096999578489065,26.236548924200097
4.3260291445026215,4.841034223285841,4.070007628513579,85.2359521774429
1.139497618644338,3.9721166748376766,3.520186312312304,15.93312886172851
3.3553912059929223,2.1830006339962753,1.5080080130039164,11.04588895784242
4.77131693204808,2.000190547256522,4.819671365695566,45.996741047033225
3.3666620639787967,2.0372285242477317,1.6131236357417178,11.063866536546515
1.8610712864044028,3.8849448788786267,1.8955810450673956,13.705353041973032
2.4272560102613414,4.646624210480317,2.330959803229905,26.289838628992054
1.5607730460830198,2.9881025644821695,4.542514990959599,21.185154023692842
1.096739302319813,3.163346472998996,3.4619438371559137,12.010751640446122
2.3580581833076715,1.342825965464915,3.9588025208895266,12.5353967844177
4.295720677026367,1.5886660114956284,2.8079524790343147,19.162774634806215
4.369508740463714,4.8242942629006205,3.0863204846916212,65.0590060483985
3.421425736040184,1.7604550348880958,3.211414100625218,19.34320188930723
1.5812667525788817,3.869603966627532,2.46443810011533,15.079591385982233
1.0848385224273125,2.9010959148569606,4.30434559540299,13.546725151877647
1.9369199077832717,4.846916259407553,1.751432185994104,16.442600528854634
1.3584125429459104,2.645497775816065,1.7296624696164495,6.215848859238991
3.9689805482875866,2.7464038118558807,4.298598261032384,46.856540671982216
2.2883674971156123,2.662353559228901,2.157893687774869,13.146845049751438
4.799539026025634,2.9733812969255107,1.9213610005105117,27.41947302895496
3.298093808809761,2.2903718945893394,4.31837306004201,32.62039141970885
1.876346202319842,2.409850186638679,3.1285833516966086,14.146556782141277
3.7705132869714286,3.24949654246184,2.3320605774106062,28.57303559267838
2.7035823195624755,1.7711995091160095,3.517796001185495,16.845260511220655
1.1898071983966156,1.7310377918947717,4.364458518614006,8.989044113550692
4.83888265626332,4.886502506813674,1.8553975783742733,43.87126951170245
1.4730248339089704,2.363289211063504,3.382971260298022,11.776744400818014
2.0392991930912574,1.7368111712129295,1.862583361252193,6.597042322615454
2.5382455489326445,4.938780002027503,2.1681991529471922,27.180189771390857
3.6640333855638456,3.1735751430129935,4.611389829259938,53.62163417364679
2.911088600650648,1.0888539765975858,2.252264350638121,7.139115824193073
3.206349278212303,3.871549453971935,1.7505539593145119,21.730571241282544
3.216025730958577,2.9430140452951723,4.372851708960198,41.388205756912484
4.483155787147998,4.586337753760992,2.0284744520036044,41.70800408532559
1.3112736367342204,4.992031705342341,2.912931445072985,19.067814949332814
3.738651905198308,4.691436248265529,1.4083505247779464,24.701971152207268
4.164500640027065,1.126633388374433,4.697251678193714,22.038872938542575
4.760263694457125,2.627877794435283,4.086254246197674,51.11655314665956
2.508962237322736,1.4725779038113918,1.1890758890808386,4.393210139752554
1.8840664715246218,1.9761571116614367,1.3241441716230224,4.930068617491366
3.9235972722419765,4.370964295412724,2.0895139887866443,35.834963450435204
2.9736247256471984,3.758904666394058,4.469364282072885,49.956640419498484
1.3862127299190776,1.3882485984238224,4.106848447380557,7.90325151175341
2.7699170721296857,4.755581818896043,4.849854656678014,63.88503670545218
2.557691030040836,2.2395425465767818,3.142853078996325,18.00244435354621
4.366710178625542,1.0167455456320238,1.8745200776579547,8.322556330858367
2.6130415345844504,3.9568697714297576,2.4724643830747963,25.563959100124006
1.7663811062130916,2.734527909355303,2.2746961340935012,10.987279197504142
1.3908249312404175,1.5143467627641058,1.2132976210175963,2.555436811430964
3.493675942462375,4.712811493802932,4.63724799835892,76.35245587041378
4.129992804977,4.2212150291783725,4.4017445287316495,76.73819926921304
1.6177729159177114,1.5250351018886663,3.7974711942048343,9.368970868176628
1.4594452388775179,3.565976231310309,2.3237846619648144,12.093781810214532
2.3907039751698758,4.18868160066086,1.397688583067016,13.996310561956742
4.964533264790951,3.9783791521333125,4.693515941954519,92.70067420598942
3.8706895223971696,4.2122417289391425,2.336592245496155,38.09645404351097
2.0023222407958343,2.020797459391829,4.524766949302364,18.30850883913435
4.505650430396206,2.842622547335162,2.3193960949631154,29.706508595661038
1.248671405228802,1.9692430063540813,3.587007662677738,8.820227410561472
2.7698378931186243,4.464010489397514,1.4710713723399746,18.18918762575626
1.3920027187037034,2.4010878988944757,4.807063871683861,16.066749964761396
2.2785288756263267,3.227182827834314,3.1988298932330093,23.521729569150377
3.707838545864246,4.965674930283413,1.256548493906068,23.1354714928168
1.4238543995980328,3.6062407259652707,3.0031449272088726,15.420433622881628
3.6102442885314647,1.9533261569919755,2.5784316412809414,18.183060231414952
1.4421784328772964,4.6660422980203835,3.541782351666201,23.833594032307076
4.5146121026266925,1.143025713772304,2.1734253331618536,11.215565262007084
1.340643453269133,4.394400882962113,2.1994260849968894,12.957533384846714
4.000394798035428,4.134609531735989,2.3030928857533537,38.093318612421434
2.905916086606911,3.3140416144526434,3.711303864325763,35.741069212756095
1.3453557933403646,1.5327277985094239,1.8559888046116226,3.827168112906373
4.187263321028114,3.143062905103366,2.4588169176332464,32.36007641653698
1.3139053581866293,2.9807221065405325,1.941430993331433,7.603394612593289
1.6569850573132623,1.8546494088828207,4.423929078835534,13.595293053994292
2.370319585811423,1.545314410445938,2.8259478671270566,10.351133394705286
2.7363832206004215,3.763229369743461,2.647074542153368,27.25861460696832
3.922541960817195,1.832718948014854,4.908285703762134,35.285258418701254
1.9061681410834863,2.6830021056499613,1.0807071270968769,5.527009814122786
3.838636052804267,2.34365452054373,3.2950280557229297,29.643511452840723
3.9173995491288043,3.625234683444181,4.638241737977076,65.86995624955539
4.705775101862541,1.8549067402835662,3.1289873465959306,27.312223255563097
2.004157607099138,2.1020276338633694,3.6213369559111457,15.255949036058503
2.667527362498514,1.06566804167521,3.686811388533368,10.480493795732503
1.5477383573180346,1.5193793862631835,3.3353971749909843,7.843525851791288
3.1604809690080193,4.991298708039714,1.0446455121878735,16.47918327196641
3.8006683884521073,2.581133035591242,1.5696338154894067,15.39815597227135
2.8768633748178,3.831078840089532,1.198176967225388,13.205695943085376
4.400700757110154,1.1059776316886318,3.8436687840264074,18.707430401186663
1.165433797913391,3.2482138857689904,2.74783618571159,10.402148886351481
1.8286901248129563,4.119968231529029,1.6043678523630724,12.087540385265275
2.556968339969394,2.430877364266768,4.658771042862703,28.95741349796008
4.417510863037487,2.2744170824704115,4.535878212457456,45.57315756672105
2.368883774343226,3.5566551420848165,4.659755403801759,39.25984958471017
4.378451247913279,4.297512572193959,1.4921388176645394,28.076754388235923
3.6989079553882935,3.0403676410753135,2.1705630755639653,24.410239289432877
3.4386278315547147,3.03694268865079,3.3011763321901557,34.47390598954356
2.366917501077278,3.0746492317846466,3.7871678170171386,27.56089063472341
3.168330170977215,4.602692463807532,2.0098798787570384,29.309775585633876
2.2597256164182498,3.9005036616298603,1.8381137071593812,16.201259282214757
3.2277650078449667,2.8493548338952004,4.0284605333920975,37.049944197934614
2.677800889000333,2.1587391301558068,4.798411638326375,27.738051296551536
1.0700082781244826,2.2951993051250583,3.204601918755543,7.87012499119126
2.073814265876318,2.585127052639248,4.290202141360254,23.000088412777032
2.1700076860246393,3.4041442903155748,3.615926917592338,26.710921834793215
3.384191014618773,2.5522594221367596,3.6567869685140297,31.58488823215919
3.4554222790982485,3.3507498872861956,2.9433394133954223,34.07873667046605
4.12834096960548,2.9897497144274636,3.514887452908104,43.383223280111324
3.764704128388752,3.8211445974103753,1.4541552216109368,20.918719172073732
4.2290137145498665,1.3698417517077637,1.0198053504322675,5.907813525398679
4.613308770754837,4.509182272519675,4.885839551886974,101.63645643750752
4.068245242375043,3.2749491930152947,3.517734165120127,46.867815196871135
3.5704476004602776,3.1554912879940114,2.2639208451738937,25.506501098382472
3.4160972664327462,1.9124348074511146,2.5154502842468918,16.433595980176964
1.3912926919511128,4.211469653800782,1.2117128351655984,7.099894375585094
2.5380817204082664,4.8656192970121594,2.9286875069520697,36.167356008797924
4.253120577516645,4.3497482611880525,1.4333199615916592,26.51642478863021
2.16757219178537,1.1325117880203313,2.6563391106161585,6.520784060693308
3.3246185963259394,3.68796351070321,1.8371254785853148,22.52512789503697
3.4427487049766103,4.887071530008068,4.349230261792256,73.17562162370012
2.779681695669818,3.0596358279894478,1.4659095303222829,12.467287465941437
4.4535156078921085,1.9090245265182273,1.1408449657381632,9.699316187459125
1.475211257211464,2.141125942688629,4.128749786350808,13.041123136033786
4.962746004558534,2.4338554503411527,3.6734974864208656,44.37073029341103
1.1666708911353312,1.262974377988027,2.823996655355001,4.161089722916359
4.903990205880064,2.994161742350234,4.151081790435627,60.951744712744144
3.8764723344417003,1.4187643420366118,3.693684297412963,20.314527562048248
2.9644253116447805,3.398966297610571,3.578778494501664,36.05970671223075
2.2253844702610697,2.5069792100160226,4.6311714333554015,25.837271161750035
1.990018106688673,3.1228526110040025,4.618760338549831,28.703439653442054
4.669704754885187,3.6809529688632896,4.581609366789269,78.75311654906973
1.6852093525427558,3.7965947864525846,1.361750927985986,8.712560114175826
2.7577776074855884,1.6141548166762179,2.662546655771724,11.852273209719066
2.4869554821034847,4.064245757512017,1.3279436384833887,13.422320819354093
2.338602718042543,4.3328048642603925,2.0816732492388974,21.092989751210123
1.2262273384414257,3.573148290545033,2.921333418512973,12.79979934776579
2.5266394201976508,2.4554199017918124,2.518574515229313,15.625137355332663
3.3791082438933695,1.5848466975288926,4.5604228516561,24.422745073083963
3.1550675442256684,2.8427194122502195,4.9889242888671514,44.74552103433838
3.7032901716259268,4.515744563832363,2.9240249175905335,48.898797535087695
3.6743004216459036,1.7768343203298498,2.746431577797511,17.930416620458377
1.152259598966086,3.125016497513119,2.2856400931298646,8.23020200209579
2.5452260200256815,4.384349906846711,4.068271081439988,45.39849387631099
3.5252518673009714,4.9809917334020355,4.741348390850897,83.25452367214307
2.778630243568103,1.180144301976091,2.9667874580100104,9.728643889880015
2.526761282620105,3.4470577178100594,3.7227199208657953,32.42448838372381
1.5343083019079842,2.34234824101229,1.5025439413308197,5.399969159158688
1.0217868258747869,3.8151512899260176,2.2518906982937077,8.778480940168535
3.3934032680563546,2.7656285318403415,1.0515584859373424,9.868763766691032
4.276994797346026,1.6978954745663075,4.545024903116592,33.005471398906764
1.9299231619238544,1.6041182857437253,2.6400050989316766,8.172993875483476
3.952491501523149,3.0299198110734067,3.4749800248483447,41.61543053781687
4.7824919538762005,4.11934126599801,1.8267949627100926,35.98916959073551
4.499679292476738,3.8478817916976746,2.4153025267286745,41.819113172047736
4.609133073036869,4.108661353338402,3.713893170182918,70.33135770101669
4.302473780247581,4.700379090856051,2.4129349419919777,48.79740537599241
3.6187280953812104,1.7869607276472936,3.086307253593364,19.95768298366153
3.721163223737634,4.254830564982139,4.692290072404939,74.29264874246252
3.615976631472652,4.8217769815765905,1.6013595780412957,27.92039745178031
4.3567021454060955,2.9350049439898354,1.8393381742988466,23.519511171637443
1.2921825383986283,1.2439677248432015,3.3398173620175267,5.368533885340583
4.349676170111076,3.2574394595829816,4.9146262765414415,69.63439017176084
1.9711588750858287,2.57413409232511,1.0900915557098307,5.531154271472583
1.907847700784992,4.988502664177178,2.9207704378413144,27.797858238212918
4.761339303719932,4.826514201673531,4.538546607332469,104.29884988865027
1.2371619883335025,2.256235201002043,3.3192504757432277,9.265118210668525
4.264419332097355,3.996998654409686,3.176672111704431,54.14598964539584
2.8695066388372883,2.311112927544006,2.1208047557610525,14.064655186171043
3.082995295803157,3.314477311038949,2.5042488201798907,25.58971154025688
1.1581606413712473,3.057472359594438,3.037471927239368,10.755822195589587
1.3733886430060234,4.598622928158511,3.701858438511657,23.379814394709122
3.4432803719548017,4.419045046840659,3.460453521524746,52.65429909963621
1.0395250386890984,1.819510476959695,3.462295662346206,6.548678455443747
3.197972557663688,4.10178866116946,2.9511352625000042,38.71124404939826
2.273322821145592,2.6415511211379257,2.7865526328038777,16.733522887471192
3.3183813263365725,1.4383803204585703,2.805781723861617,13.39226102138393
1.6866180029024513,1.2760562317822983,2.913007502062348,6.269431296852018
1.749064598232386,1.9856891216460917,3.600255586023668,12.504042440205946
4.123054847828412,1.3286935680186716,2.7311079916378476,14.96176461183509
3.0513210077267883,3.4798884062226003,4.468716032186328,47.44997349537033
3.094748087458724,3.669608660517438,2.9842969827661046,33.89121161048823
3.3565726594189185,1.3838554981958278,1.7741424212057275,8.240912002062291
2.5702374902441623,2.046353040844027,3.5077749883252873,18.449539995516595
2.8740187515238853,4.5506260844538895,1.2550626295823237,16.414442902154228
4.682617608906737,3.1475826767176533,1.543639552500943,22.751589239161483
1.8253823982112305,1.364459060662123,2.7032419556249696,6.732855399259495
1.2255052933547423,4.619794868116692,2.1687579329187083,12.278603185292328
4.7587300764066125,1.2008439845553034,2.5078082382816542,14.330851084149717
1.1068206383831467,2.105550712128541,3.9612151756015272,9.231481180669283
2.9748381840943177,3.9588559559554506,4.094658435694949,48.22261167167198
1.3474055429373069,1.4975475500035431,4.631270970745289,9.344996486338719
3.5490449980201078,3.4355468547444263,1.8860346558337544,22.996251532710396
3.904517314471763,4.7809519626895405,4.311164735487143,80.47784736256781
2.827984571689247,2.2693764930227465,2.6704903469941517,17.138570694855776
1.2184830764431016,2.9574933334842846,2.2826896385662896,8.226027243255688
2.224148089418077,4.556183465436028,4.854106417357378,49.18970263676381
3.0470200916831116,3.467048759568606,3.029974856693115,32.00916108653054
2.685775519758312,4.350892901740691,2.393204264965892,27.965840238172913
2.5972015211476833,2.9965021037501507,3.9274406815903338,30.56538495413576
3.475410299584101,4.633793792368507,3.6315409690142912,58.48355114061691
3.034728496393229,1.6080948650013562,2.071014554606214,10.106822974968344
4.218392272971453,1.899897289955506,2.9930384722562624,23.987742894192724
1.1689944629074236,4.787150806988828,3.2923915427951935,18.42472610637262
1.2134492751015067,3.827462245710331,4.178867468001607,19.408462814851273
4.7508036821200434,2.0962374364987943,2.9427468311636558,29.30626402044975
1.2697460504704465,3.7498969850053947,3.0291554589684866,14.423071953807664
3.5598206302094058,2.6294228254150522,2.1022949149457566,19.678055632683275
3.806490666473036,2.398592933142693,1.642520672870896,14.996577746712727
3.529749300350864,1.551337627804807,3.0575679322884763,16.742731097031843
1.6733510569330488,3.649596907333031,3.972614920052986,24.260985129194857
3.139165876593355,2.972569109685318,1.0267967111850234,9.581438011133011
2.6308643511552408,4.4657999058551106,3.062895345967977,35.985693311539336
2.802537046467447,2.196269109709263,1.601413208423378,9.85689934562135
4.8761509658941415,3.3908165818282296,1.7821701304624997,29.46663894704914
4.4706929716583215,2.878848859624365,2.403489401182266,30.933988632878343
2.356174701340729,4.38260275442412,3.384651766322713,34.950515713515706
2.312663675513905,2.360744124438497,4.200711990359909,22.934237359525248
4.535276913147502,4.600313475288768,3.780394464966575,78.87299897832308
3.705959135677187,4.215761684286171,4.681413258621264,73.13978163174069
3.3885304886279632,2.988653233078521,3.6790509122128476,37.2582732214604
2.1182171063305515,4.097428435436699,2.2095351875936773,19.177092818809303
2.628524743416693,2.9706002057376897,3.7672756772072167,29.416004142140736
4.755658091852737,3.2279903591741066,3.8339644352303384,58.85602565921007
4.524668372775,2.868261775407879,3.3175609042783787,43.055084267206155
2.4017298846588604,1.3352724338755753,3.572617588142228,11.457254949878692
4.458263441109057,4.323341615523857,4.395440476251063,84.72033884121676
2.959216107538935,4.861220166204809,1.3272852981706187,19.09353127964778
2.3366070599229354,1.1468572501340417,2.03093497053607,5.442407628928322
4.0879912607254685,3.3511596041207596,1.6091347270951433,22.044359175826976
4.808282054986993,4.678493229734629,2.848294651159173,64.07385516609797
2.01236366808655,4.643607213836251,3.0572263661443926,28.568638352446776
3.5079114150967934,1.133572345608687,2.313576111346936,9.199869171397731
2.122631984587657,3.4683538951295607,3.9904303749904972,29.377703694994697
3.359370638934558,1.232934498166156,3.223463998761019,13.351213809118875
3.488473438709281,4.032288692390674,4.531489868282268,63.7423472426445
2.2470071901304727,2.110878049008111,1.9570174824953406,9.282443428854718
1.3216198749695942,2.3413391804157437,4.025732914419208,12.457068490753569
4.230177710613329,1.7572432947522563,1.5042728635915261,11.181939250300164
4.144344533250034,1.2853996817675921,4.22121226721555,22.486985104555036
2.030642424660642,3.7343956949765147,2.9099529946802307,22.066820524695636
1.2635722886166634,2.020229906247121,2.5404057169302625,6.484910252723653
4.926573002555658,2.5011898000018915,3.391105141549589,41.78619502386754
3.4703749630616514,4.005900264970033,4.903580994094911,68.16946521586935
1.8740461342998893,4.574309754484891,3.25893400794855,27.937105908463934
3.59777613624986,2.142505948704221,2.0214282449015695,15.581687961960736
3.3433546992837537,3.74231158935842,3.12063885511308,39.04504339535498
2.4608548621721433,1.7935664649464114,1.4860849079066307,6.559142997857053
1.3945887145038878,2.0853033039181215,4.501053364073956,13.089695373504695
2.5712094019148943,4.183271685178137,1.6895281971214615,18.17267931060107
2.390092428349701,4.3626747206208325,4.06635915404744,42.40072316194432
1.878105025715545,2.050459833820854,4.9026357687535125,18.8799469926463
3.728966366341967,2.3514884684232724,1.5621212322815548,13.697649681761291
3.789426633840644,2.856617887662713,4.500833470245523,48.72126984662137
4.955835376610985,4.66898279606618,2.9844499312146433,69.05632180672868
1.4917538328677855,4.7912719824113035,4.674423141864641,33.409964223664964
2.5912291083451047,1.2202066840194261,2.1294048995161465,6.7328271061897995
1.7111227447394168,1.8229562997571986,2.998168586873271,9.352193230936093
3.905926608924799,2.5580509087981063,4.09961393632724,40.96153497979379
2.6630614810677207,3.13858805655997,1.77709306043973,14.853393329708602
4.380216660445624,2.5332727396141173,2.2796372243593312,25.295500826342842
2.423769994321929,3.1663386041697157,3.686243103491286,28.28998607342603
3.3352892311897717,4.923639696417606,3.155306192342364,51.81568877201965
4.3721146216743705,2.1075470345688427,4.137229533916244,38.12224174585897
4.90336797541509,3.7920974412586292,4.688687505294688,87.18168593707402
3.5893426616252717,2.7602708381307064,1.9859349238135993,19.675765197525006
2.616178573478769,4.193465486160829,2.2823892308511975,25.039760286181316
3.213864262435442,1.5879237293425095,1.4323193716911975,7.309657610027508
3.76163658713212,4.796959039818476,2.157389757446592,38.92883961915347
1.2008850947655092,4.926262874237727,1.3718025888488756,8.115413543732704
4.86971604080532,2.1281728510280824,1.1245647379869244,11.654536273742464
2.1834822606088795,1.4036302999901902,2.421128791617615,7.420280025015477
2.7929632580584105,4.487500821241136,2.3189839551634965,29.064811279353766
4.4505328589550786,2.6965229384333376,1.284043105252218,15.409755006649592
2.5800681677500745,3.434245123715376,1.2287704715321865,10.8876270810845
4.647037604122958,4.595640015069009,2.7752916231728633,59.26943864011138
2.1841150452298708,3.0107928987208745,1.2128966291142418,7.975908858211818
2.642251326393846,1.0865533772116827,3.767588832838231,10.816548241674166
4.037940861247929,3.670830081069833,4.306580955827377,63.83470439140271
4.477160878904487,3.6993789319926074,2.6524479235228835,43.93173802973298
4.439829723771409,3.3392229655624353,3.2318128567683106,47.91350450262068
1.0781281143197576,2.845686802930406,4.939470922689109,15.154370620034792
4.100378532946665,1.587376995187911,2.083216094943566,13.559333902397952
1.397634416536004,1.5584986243032084,4.604409729555789,10.02937737388732
2.843942337398546,2.3775169792785125,3.0257275372389802,20.458520874105243
3.9383144324430917,4.111216056904262,1.441739378528275,23.34357933844298
2.399771249829922,4.0266002190498735,2.9824569420272367,28.819241164778077
2.7991558893256334,1.1226027354474684,1.784965194726532,5.608967634061953
4.842149105201738,3.2671064070974443,2.8507755763223614,45.09874611731576
3.7223801682177515,4.735779666927668,3.663046186939256,64.57354198388761
2.350659872030829,2.040643786760888,2.9760633378991495,14.2757575838409
4.150995421891043,2.9849504994611253,1.2809199533437368,15.871258994522215
3.114609333129751,1.8905600090101884,1.9150035903792686,11.27622259208384
1.8656248744949155,3.754757896239539,3.106446453203855,21.76056336923709
2.489176625975449,2.632891346437309,4.2529611022311755,27.87276556196851
2.519975777562551,1.7004726447931353,2.4689048251012804,10.579627203376814
4.3147092676004934,1.0905690692343066,2.53206136768453,11.914585570930731
3.2811747447709156,3.9377604715656833,4.504474940358041,58.199979324501555
3.993941983469032,3.4769734269407317,1.7470174674066765,24.26053483068717
4.127293356068472,4.055965479884087,3.9452144940917337,66.04351940978954
4.083130513573375,2.948077390645359,1.9749134667656607,23.772793247651265
1.492855990167497,4.246480168360116,4.674640666786156,29.634339240473373
1.1516977362472538,4.4010694231638805,4.377861059822953,22.19007176006094
4.096600104663092,4.6908912081502265,4.873877602898478,93.65987012011527
3.96275877096224,1.3325725340895018,1.4105510277594089,7.448645323518407
3.230506183796572,4.385268585678789,4.2054534932731835,59.57713425243552
2.2957776415762634,3.2845194111917406,1.1193122499284192,8.440203377388954
3.673146289621063,4.452081451635745,1.0889549446301396,17.807839703504055
4.644781067976088,1.1828702564524667,3.444079885022727,18.922371998922923
1.243044304661879,4.246488491506701,2.343073729033077,12.368086506090805
3.4436102501363464,3.3800155887173164,1.3970692995471925,16.261127097770864
4.02335244504423,2.054666002594357,3.5908634726632114,29.684395314574267
2.8170675048813085,1.837857937408994,4.188893365966154,21.687450318615785
3.049791971792301,3.7733200794150004,2.0777834240013995,23.91080186843283
4.21425075074985,2.6830890454521485,3.9815697813117823,45.02044574300342
1.5819949412371157,4.204048317440554,2.042170945155098,13.58203615415351
3.3382756553509227,4.226820686772314,4.587135905589218,64.72582981550732
3.3938241743848714,2.8951988673262647,2.660037335441939,26.136983959284848
4.171530498043593,3.7114535877672585,2.8297951276730684,43.81213846476274
4.19258657693136,1.7524959426576205,2.6794921572277426,19.687544416857907
4.509809736488,3.168414563320053,2.177995146296988,31.121256878224575
4.927038308090481,3.5007173684695494,2.452081858674557,42.29392127098457
3.6806439583038935,1.2176250980419692,1.5229444040162172,6.825295352041798
2.403799220752913,4.5495922605859995,2.151567352946203,23.530199663039298
3.4224443930084028,1.4556422265780489,2.937987975180181,14.63662884008343
1.2154361331377812,2.1774672601211487,1.9207939005148167,5.083520097597757
1.1316221811083507,4.753645671793795,2.746878567297552,14.776368709825286
1.8111589390594665,1.7751183231249166,1.7325471051720633,5.570176052235742
2.8942398492558867,4.393358831745674,1.0354920248642632,13.166730709808508
4.95645772928796,4.629767666925592,3.297143618443784,75.66037143868134
2.633659891424077,2.048383631026206,1.4378945298448471,7.757075491947707
2.839572941631285,4.3744955011927775,4.968271088664736,61.7143683043143
4.746636108001953,3.124296242487175,4.734988159051108,70.21938838384419
2.5163129236451023,2.681995180094347,3.4346369397264813,23.179468722179365
3.5824648160864037,4.873675686846657,4.794222666965673,83.70603311543161
4.886755534384672,1.8092203880583937,3.8445065948039994,33.99011992392854
4.35988400254087,2.567030020219283,1.9636342195571808,21.976902128533418
2.904753422932508,2.757393554745842,1.9217543585001744,15.392384482977802
4.547989076674763,4.878040212337718,4.3968435436475435,97.54517699789581
3.060430237640069,4.355822450148789,4.368967811701678,58.24135873432467
4.949410954325748,1.3034838735563552,1.9050468303744124,12.290366500790123
4.372124121571661,3.3421358493438666,4.364576027216479,63.77620082798151
1.1328396530529594,2.45527710670299,1.7765384771320023,4.941326771179098
1.8530692222414231,1.0093506060647388,3.627622419217161,6.785092430578086
4.636156417374003,3.5103847712337894,4.236982778904618,68.95559348404352
3.6126980418470525,3.863525386298347,4.683570873098158,65.37211415338616
3.0239435745889995,3.56940662383318,2.5870716993893,27.924034991252157
2.7819493340307475,2.7022251894579847,4.41500473995821,33.18959312724946
3.076754012104006,4.027907493480524,2.857227009481365,35.409273006878344
1.5307139368514235,4.144858813763771,1.8191121378910013,11.54152641371046
2.2034250662605,3.0173583435370563,4.325949330789482,28.76117365736829
4.284531768799033,2.609833275540004,3.5354213143673427,39.53277560727693
2.3486342160868974,2.4717059227948113,3.081386064765855,17.88785624578635
4.489160039537425,2.2166961747896283,4.033687097774666,40.13963936027376
2.7282472819743298,1.691224033247877,4.700238115642771,21.687262332014672
2.429815860446675,2.762478204998944,2.5098737833345903,16.847059319369123
4.450760778643431,4.421145937926537,1.7225328250078182,33.89507582217102
3.2450823677316274,3.911065804298477,4.164782559779949,52.85829859184997
4.8752335562580384,4.239848616299444,1.0553785080900933,21.81493997895731
1.6780109914243604,3.5697345232078157,3.7924053556517605,22.716711984374196
1.0722413066764966,3.361714596257852,3.3063070066781974,11.917812571844788
2.224250267892929,2.7277274232693505,1.5216693989927803,9.232194138472252
3.5007525205820245,2.9429723198771023,1.9878279508387906,20.479831563678992
2.540585923349612,3.238592387943289,2.722822846825133,22.40317463594134
1.9834413308921603,1.9920431538896946,3.012778936813927,11.90379303953865
1.9497160019220359,3.368334413338385,2.8909144295700986,18.985489340131224
4.219525311641974,2.6796792842471135,1.8946341760113619,21.42258044186002
4.331600404214813,3.875090708337821,4.5058048405877384,75.63148640263184
2.8798995546976442,3.2116017762022286,4.1589143232979,38.46617506252923
2.927334620805317,2.0038856308667623,1.3476105955433733,7.905142756391525
2.700955374360572,2.618820780945835,1.7408919494337565,12.313882471282957
2.00259964277363,1.6696969484783426,3.685996238565003,12.324992836067015
1.645182112180474,2.9488784012225064,1.2985090047821055,6.299641118875657
3.5992843450940906,2.2191415114595867,3.3915006893087893,27.089005700598705
4.745721096381851,4.178438372759812,4.683872508360478,92.87980136549457
4.221086375537868,1.4173246157367574,2.150337056645751,12.864713185997248
3.584795292660277,4.196782364297475,1.8606370947480224,27.992551374021566
1.2387558767780185,1.6578132763165403,2.66502209884151,5.472958509223703
4.829411832997287,4.575951143941073,1.397020517020933,30.872969593444317
4.704986426561137,3.120482935617244,3.1720698803259886,46.57179027554073
3.4844472704035945,3.9649276583586843,4.834310617810727,66.78881164303145
4.0701991537379705,3.767371160832567,2.992722930338924,45.890266502956415
3.0915209870175264,2.9165846797102826,4.272199889990057,38.52107104296208
2.5713437421993426,1.7795283135496636,4.221422364511611,19.31629577658743
3.582217342671638,3.4417958212418363,1.87537693511673,23.122011107790055
1.7711725332179507,2.035253058347421,2.602706770465418,9.382196542959532
1.3154870354851793,1.704377049795974,3.9692891673451793,8.899487325081195
1.868550568625356,2.7638759344215695,3.980546776479349,20.557302751902586
4.993130739048557,3.757015158995344,1.60835258582431,30.17151699886932
3.5147833810845155,1.7663236856760358,1.6074755128972806,9.979602034232002
1.0370071325411336,3.127588807218227,4.253345721919418,13.795011864782008
4.03725585679338,3.5550980465978648,2.826461435666416,40.56774991142767
3.918104627107666,1.3342451772994823,4.9991698966411775,26.134221472907385
1.1825246291615774,4.155969405412655,2.100228601018681,10.321649445856249
2.3880845988096535,3.8768275078246828,3.693196060284164,34.192318454928724
1.5615000397787586,3.0388932133042945,2.5779143466544774,12.232801324789625
1.4192639357964656,2.692755740585256,1.3501838639695323,5.160039677856567
3.494845206635459,2.339744594544806,2.283210896460425,18.669918658099597
3.1821331550048013,4.612005453813724,4.254550994636291,62.43985619665164
4.2150726635017675,3.763869034054448,1.848899318088744,29.332753429589527
2.3641811241227204,3.5435889358422377,4.195896968940547,35.15190760365999
2.7261954710391563,3.861029534154259,3.3468336499389904,35.22850736769781
1.4150591416065637,4.236118543933598,1.9957472912882768,11.963224281406408
3.814875274544942,1.0934535412354256,2.2457446537825487,9.367874272341037
1.905046566051808,4.271290457015174,4.99877355265496,40.675056477834296
2.509635547668227,4.01912019147807,4.525307965234408,45.64464053517435
3.6871170592696587,3.2978318381038205,4.151883708894607,50.48479686312082
2.6072632061185246,4.847848253492497,1.8111519322103953,22.892265629355624
4.491619480547765,1.6489990677768982,3.950926797646936,29.263236018315727
4.255089010569561,2.004851960694989,4.6351795581187645,39.541898913281
3.69897504981853,4.423114794495236,4.752578066045418,77.75688823583086
3.2340461835118726,1.2171720734801772,3.5106567488409155,13.819316573223361
2.325300255150747,1.0336779512214664,4.78408511276997,11.499082490233114
2.4120926380426897,2.290000032601711,1.8452757894429492,10.192735521450327
4.9771634841337065,3.5812968785859556,3.729926353003415,66.48481845065264
4.181673893139347,3.4321624399458344,1.3319114715202702,19.11583860704703
1.8674892414212483,4.940811210562331,2.5414165634217354,23.449426425953952
3.5370165179283766,1.035069297956667,1.4787642800442389,5.413840620582167
4.089626879106818,2.314682453753245,3.2242116253430138,30.520992041392553
3.4575507767485067,1.586816753654722,2.166666218002354,11.887413119909066
2.5367393493820396,1.3579991207018174,2.956802415692978,10.18585849991231
3.365796151591899,1.7806876616582996,4.107465209611057,24.617812106838162
1.8659089336966828,1.213982223389757,2.398800251394284,5.433715015454791
1.6663532662595917,4.318130192934706,1.260502933593222,9.069987116359576
3.8917359825613165,3.3216704697525214,3.0685849437716497,39.667795459176084
2.3660054288218437,4.029203336885459,2.6255554118134223,25.029726849140733
2.8964996720313088,1.3528411014413795,1.412739428858992,5.5358248297679244
4.904378387090789,1.7260853447269544,3.7035687408172318,31.352100669773513
3.987073366066436,1.0126965549082279,4.2285891502454405,17.073755222531624
4.813712543438071,3.62405395685968,1.632087838090352,28.472023661070722
2.170651057262615,2.576692984398197,2.117790354283984,11.84501609131014
4.165083131144864,3.6165202605725075,1.770609509608808,26.6708814382134
3.762493945764881,2.5007486519273394,1.0447586553418842,9.830188163223594
3.5888858806519686,4.564945221204337,3.9485786235824873,64.68982992308278
3.305875985847648,3.942495357134839,2.0753030449090786,27.048256211083746
2.867653707676928,3.5252292245941033,1.2145250959884417,12.277800167875307
1.7165896137700138,1.5463458437565674,2.5482733831099376,6.764241894421868
2.8842993488221733,2.8182506741306415,4.410776844237507,35.85378727349452
1.8098586064362014,3.0199095269754967,4.76388357223199,26.03752610904979
3.177361300799633,2.574997512759369,2.882341457656846,23.58244574461972
2.167532820183142,1.3497892061156458,1.1118160222711837,3.2528539279747206
3.3887133690888134,2.920984478292076,3.713374273463266,36.75638649383879
1.1636744823664364,4.569098424766166,4.560279770057756,24.246748715622616
2.402105930733389,2.3227457968932526,3.2496169627219382,18.131177577096583
1.6385551628057358,2.7674313782366813,4.919367857649691,22.307311239069136
4.670611381985944,2.689502982543972,2.663071781707679,33.45250438862636
2.386663817658335,4.960485887046966,3.1766815956822327,37.60877211793943
2.970741413230258,3.91646197629881,1.6820951535500233,19.570833604734123
4.4588118760683635,3.6857258225560727,2.2951353333005686,37.718157831392396
3.6078224720242122,2.216117811111241,1.5555408770393804,12.437108745997916
3.01352023861738,1.1152766615670435,4.843620917760629,16.278968124177407
1.882443227110468,3.342367835729247,4.115229550092424,25.8922741017662
4.275170249183757,2.832136128026236,2.238415385248359,27.10242932014543
3.638045695863591,4.799129778722538,4.940516908456999,86.25872490987457
1.4167111004675572,2.9588544458546564,1.913631052269753,8.021638898974063
2.9493791285095994,2.3825032037457854,3.153236557102222,22.157494431620762
1.0684222231933034,1.5608293416817656,3.8887197173674566,6.484925266968976
1.1346402865069454,3.4451916147293176,1.2864285356440832,5.028717584869993
4.80726542187486,4.931773470492242,2.154760436158815,51.085801815808594
2.0420137548308017,1.0597127161035105,4.547726805115821,9.841044062766358
3.57388527395854,2.5970261908180574,4.653884905565299,43.194910165113
1.1328470912661053,2.2724444745687116,3.5337913474550016,9.09715254667376
1.9667732721901015,4.903193519815272,3.6894819298478216,35.579408170066195
4.528801678113908,3.96632120762135,4.151416112022263,74.57056805534154
1.51736572388406,2.1354137259585366,4.659168521579699,15.096654589051752
4.0056232270789565,2.8866871044103055,1.591155087783076,18.39849591241955
1.4023092961039243,4.892756663375176,1.6754447212199572,11.495491208271547
4.812186280829959,1.6579172975269918,1.7412721017401398,13.89222905145102
1.929076618806186,1.9873195890169608,2.8395507677134244,10.885962361169165
4.238643213132196,3.5855131815694885,4.488187658903753,68.21017945940501
3.134977179508649,1.1064590892308823,2.132536572812021,7.397180779898927
3.108974063782164,1.048481639839347,4.640993463793411,15.128256718338626
2.5153775362719637,2.176660767073172,3.9877471687233066,21.83340862466124
4.082161925415951,1.361095196392362,3.4336521229502113,19.078095653061457
4.290141851702892,1.364233921952739,4.762880840602932,27.875984389963072
3.980333179919464,1.7411891063780933,4.599773980368432,31.878792322159363
2.1915849207980402,1.144320046812875,4.201265225991064,10.536246176554997
1.9369962023318452,1.7930368105023584,1.888423070358848,6.558692537986172
1.8472755586529184,4.291075179809698,1.7110526392125136,13.563169151728191
4.6851945579739604,4.2228053023456145,4.244662911980424,83.9792312977587
4.785909257951094,4.272174167073786,2.7223117982656824,55.66103465926779
3.497309685404863,1.7054125447994166,1.218321448510168,7.266502610524638
2.033851897539385,4.896256532655013,3.819904692411037,38.03960654614778
1.4941366616614222,1.6274597498900376,3.8576730020928616,9.38050005375359
3.7228755705740464,3.880543780692614,3.3535262876667606,48.44766200756745
4.8745658738769055,3.7792232710435703,3.209635027876285,59.128130102569074
1.7120153744925966,2.616119435202917,3.2738803654291977,14.663175514337098
4.16758098576773,1.8175863187503447,4.415337327046917,33.44590730512595
3.1359393813346967,4.701567880983264,1.52708141790173,22.515031680388915
3.432724200094349,3.6686936714890295,4.670748516031516,58.82160179478131
1.0538490364893618,1.9057671743996245,4.657433390855067,9.353946841943836
2.850797895468884,1.444976909815669,3.425157246231908,14.109377432492172
4.086105874272023,2.2220503908589593,4.508672743690096,40.93664366145676
1.322830438741002,1.2131685064673268,4.423855273421184,7.099474731680522
1.6706028355976787,3.107843879772587,3.2684985481640023,16.96995555283731
1.7073779395059412,2.0785804866837925,2.8608894598359873,10.153074883767811
2.2314105178318595,2.208822426417567,4.919751325058342,24.24841913764394
2.0008313318889335,2.9930467777446204,3.1363200818394534,18.782109269248846
3.1795477308981623,2.8761024193448064,4.045304748536557,36.993118241932606
2.6575255113846556,4.394999750295334,3.20444119056,37.42730899251383
1.9101533109527549,3.662418265599648,4.054864937561144,28.366944558043844
1.975767138799577,4.916880453402381,1.1172075819594331,10.853236869741515
1.3811191706038919,3.590243050689997,3.777821371235192,18.732529399469037
3.9094795050508924,1.1262168916801287,1.1221256565988837,4.940631578915594
3.6844595564527562,4.12539183465408,1.3663830372674366,20.768802683405927
2.865788605543003,3.2380597277987135,1.2350399590490895,11.46067022369067
1.6655962376279954,2.9051740450650163,4.823319590058377,23.3393053311928
3.152930412979634,2.075572350984504,2.177313308948995,14.248632644223035
1.7551333450222715,2.5769632824901407,3.281422883840762,14.841594111576905
1.0254514532505583,3.3174290690175074,1.3133053367089516,4.467684123309786
3.1505483403864942,1.18936278892004,3.9186011478812253,14.683566544470278
2.1432759989954957,4.296982322275767,3.8385637688046974,35.35171012283691
1.3283719038562443,4.676652659965411,4.597495455393954,28.561177321321434
2.4232521730593715,3.48366588232683,2.718273228065488,22.947121436302055
4.0110627854317595,1.367978939159869,3.1411253399511687,17.235509956252045
3.2523052884216908,2.0293223977939685,3.682448035628919,24.304068532144516
2.4937419395756732,4.125269692970651,1.124301895037262,11.566096145394074
1.4175274685632502,2.3780472364032446,3.505290887934389,11.816150781285513
2.7487633238973666,3.705155549271906,1.9970062501614367,20.338701234664505
3.003117583423666,4.504380726381252,1.094281607446335,14.802549704255446
2.3285194054222513,4.538324314746093,1.7505985788674931,18.499583939040246
3.4213771663580044,3.4063134498549665,3.2212075929605697,37.54086507949234
2.9807541904269668,2.6565673759793547,1.2879105981620191,10.198415812375405
2.513105158710814,4.196230076528929,4.708032280868454,49.64887198626833
1.0525728727297587,2.513338869887536,3.685159301347676,9.748986905945904
1.7916225868123288,1.9525419313313401,2.5592206843854792,8.952712442144351
4.708525651869197,3.216752252869949,1.4770629566170204,22.371832607083135
1.082725514900401,3.366104524172297,4.884358477950286,17.80137296623345
4.257832046796597,2.6189528620048987,4.822787611549861,53.77920089561093
1.7479708171644894,2.2528375005428267,3.5583899548901803,14.012563188764451
4.082778391674463,3.8113080837745636,3.8093811004086815,59.27673663185012
2.5737451324064717,3.7015107870364226,3.15433674000673,30.050562935440855
4.191729467711998,2.7760366905908627,1.8212700892542109,21.1930177948994
4.001257356757071,2.378184937790178,1.867377488287413,17.769459945654294
3.4697271807576096,1.5426720096912456,1.7440156242764986,9.335106980565596
1.964310315122392,2.3717851103361456,2.8065818269952487,13.07564569927212
4.901842631200544,2.3195778812833905,4.313306652512558,49.04318407976166
1.3255281273634347,2.3910290525969304,1.235868008925788,3.9169307311471484
2.373253382844079,1.6335835192874963,4.985937903978654,19.33002061941272
3.9701188598745034,1.5433144109268455,1.9553554982257735,11.980740112829876
3.0043794577149847,4.95997075534388,4.528990152771771,67.48935477040504
1.1697673836991864,2.995517155437097,2.7000436191237016,9.461110161453492
3.722749303318101,1.4699828786915408,1.1871369971918062,6.49646207484071
2.614855951295268,2.712427202000481,3.001292006958451,21.28698293165574
2.9648307919743426,1.7317577986530148,4.55178138652195,23.370524543341567
3.696901635212126,4.593231651595497,3.1287549842331077,53.12852986844448
1.287003114054862,4.257337390315339,2.6157096832355835,14.332013443353063
4.826660330580063,1.7644499418175452,1.4974957431475713,12.753273554788587
2.411983886633954,1.7697956270765771,1.620355252960786,6.916840501831553
1.7016556235852862,1.3400376158351128,1.6828341207705022,3.8373372713895897
4.8284676337579775,1.016694344773692,3.312583141484059,16.261721527199704
1.0610581262452627,2.839339646396063,3.309855998167559,9.971617745525219
3.6136445643650217,1.724729022844079,3.595374916551548,22.408381470983763
3.0359463600287446,2.820056869502547,3.488000709700959,29.86266243761875
4.456019696618222,2.5471908902985287,4.034210555036944,45.78963229706382
1.4607641834456113,4.7089415566737,1.2687927793562754,8.727585471162662
3.2599420501089544,4.653301216733773,2.486850198466557,37.724254957417344
1.9888800134062343,3.3075713770803685,2.0533566092918343,13.507724332863136
1.181026298424117,2.8435094810173736,4.119086179345308,13.832960197953497
3.656306148732688,2.6758366937645057,4.233140323168984,41.41568251283092
2.779863443830931,4.299394261780128,1.6778912554581114,20.053701474251483
4.67145241927085,4.967184991588262,3.635779257181021,84.364506796384
3.556596503161325,2.6939135267407615,1.7652333008771008,16.91298874606109
3.231382351751311,2.590920300722332,3.3753615866045883,28.25938499904592
4.795317454493906,2.631075006470428,2.908349180042176,36.69417598548011
3.3547634236278427,2.65196551635122,1.67353451390907,14.8889628176933
3.5141511794509297,4.291894204100405,2.333529103959287,35.19513786936124
4.827809689688662,3.8579589844125675,3.6961925155623017,68.84340326921443
1.3930767512258493,1.59957206517712,2.562870411987146,5.710912454670322
2.289838543990862,2.2759622951350766,4.3363284640536195,22.59914953019753
2.801628796031542,2.16438186825674,4.888068692527304,29.640244384372792
3.2182586512766203,4.908627261830528,3.4142612656063935,53.93587783790168
2.9741684852406025,4.316757190362708,2.4545114582700074,31.512891369719004
3.548931378949283,1.1467976525947363,2.152387213955316,8.760014012204332
3.5238449442863593,2.614978259787239,2.612296990186426,24.071736626096435
2.100418731149015,3.755464952913209,3.9623926197835595,31.25554686976598
2.3417778623663237,3.979041622136961,1.557213442119827,14.510164036942527
1.2072257969131894,2.21804151646086,3.412078390100107,9.136443613417123
3.5455645082825265,3.277034748161125,1.4000958078963803,16.267626519701214
1.6079148101086171,2.6926320203953367,2.8834171175172743,12.483820451402988
4.7927946912603065,3.5019285220934346,4.135007773885643,69.40207149456783
3.426488869778692,2.100655787088488,1.576182021855821,11.345159080067216
4.75582374014357,3.2369960979278876,1.232714261165389,18.977121872305112
2.487305033983642,4.430384837498795,2.0638349451358295,22.742880144012354
4.144715833363758,1.40350098487299,2.2660203732397077,13.18169601432446
2.2083751683669264,4.356747464296859,1.146117175987118,11.027174909770281
3.279404555559046,3.6289305706843833,2.6683615497207906,31.75545420221795
2.669665134186229,4.3173817514343895,4.6387534817744935,53.46610346847175
1.5026324131248892,1.1122985884614187,2.4194934391496035,4.043883053666995
4.9561595742836815,2.6166014998831377,4.605697684329371,59.728044297144734
2.6494188157787932,4.904489483855873,4.320585266272738,56.141886809061106
4.676836906857341,2.857082341801022,1.4847876935086695,19.839893728670727
1.1634883623684011,1.0585610717981888,4.874165457241428,6.003136661017286
1.8439298711547938,4.6204788043627065,3.7055282475638665,31.570503658255618
2.9100967176358523,4.546788435761694,2.607908634583109,34.50678850971659
4.61214731380081,1.9550824615248312,2.3099575317483954,20.829183484873326
3.953794912312469,3.2382442147015555,4.284939607926633,54.86159653034522
2.1880023741562824,4.4775519625639095,4.522783717119831,44.30923412918303
2.2758417855641406,2.218133741489241,3.608944557317588,18.21839044916245
3.2366021616179133,4.409149383363966,4.413874243158181,62.98890931091929
2.442480304030879,1.2881113213375848,2.604361996495662,8.19380863721849
1.1616051811706347,2.552584865669176,2.095560547700281,6.213537789820133
2.1487783028488363,2.7977992755306014,1.5487903939825856,9.311096117034625
3.021026023443131,4.97759266915171,2.8076577519153365,42.219976527193396
1.6927862272844765,3.7179135238326553,2.741535712969217,17.254219105743182
4.005165163532947,2.1711826779071495,1.715886161443441,14.921252072624979
2.728212613704693,1.2098797950852664,2.288007368414631,7.5522760413570245
4.678272607178997,1.6619796490275527,1.9277153391584765,14.988360479907408
2.018415922830272,4.876446833520276,1.0924888521126763,10.753037769369202
2.8054385767487773,3.735586046611792,4.059760562156058,42.546116941475425
1.5785708811868218,4.255536322900071,2.41944880314568,16.253048293839218
4.55593889796512,3.9620584748035035,2.8971270786787784,52.295740527063124
4.325995810551106,2.633772554474841,4.958941354726065,56.50063574649785
2.039143848631622,3.2225428193796435,1.8902197696886867,12.421065770612632
4.0830539288753664,1.9867301986618187,4.879184970914133,39.57959007504082
4.1656350892054625,4.089880688213908,4.026218626465239,68.59448746336071
4.580171161658808,1.442064126137788,1.8273345755344979,12.06936309510384
4.1132632893016225,1.2267527723103924,3.0423475576983017,15.351555391452992
3.357583512042949,1.6912863364131465,3.5223062493959434,20.001891961649772
3.5946551696781133,4.710344843605133,4.922768959804147,83.35264618832957
2.3203554817425536,4.549923052540642,2.938767859415092,31.025862106683274
2.9947556925375096,4.677993390670972,1.3074580480530709,18.316764668705733
3.5316646890092676,2.843201840071934,3.8246745801945474,38.404458332412275
4.259991024314264,2.064525723020495,4.330991315768008,38.09046682891471
4.642928478290507,1.1519088419520496,4.849725855467922,25.93745109035365
1.2426052717748215,1.7649543335542064,2.725872488765216,5.978224240507878
1.6316717778012477,2.711903744009141,3.088715211349141,13.66736961334342
3.5904939284149617,4.669171634230909,4.249806177071758,71.24643834444879
3.480519169707274,2.12774091263274,2.4408964244160565,18.076407603629235
1.6338223956522424,3.287423504624767,3.494534816145456,18.76937764649136
4.517441400261774,4.716057604950661,3.46927791446837,73.91127944983916
4.32363277613994,4.838442599554789,4.486552440559286,93.85710231655452
3.4862577477540975,3.6462555760554056,4.004137168511807,50.89973781313944
3.90727782504428,3.521832692565987,4.415857743552682,60.76564154701674
2.0682923395080053,2.8640229736629417,2.6391430042888144,15.63332455891711
2.0007821159929606,4.163492299910931,2.9165987528079875,24.295970317925025
1.7810411979945422,4.9422173996024314,3.2883358200928288,28.9448947070603
2.737718109678192,4.984882593723295,4.202262501392315,57.349130892698504
2.514656194017668,2.371403458526392,1.5567416021705918,9.283261769214887
2.1818269963456536,1.375457000574528,3.112149464635375,9.33958922545723
3.2353235381577283,2.9695258989891635,1.3014370077892239,12.503396025257077
4.647114469774192,2.0060679943935753,4.024961973694614,37.522416609012524
2.917741998415926,1.5123063875023117,1.8625397996563744,8.218493858423432
3.402076901963562,1.4671727703989181,2.762124681438708,13.78696468611782
2.076852996571123,4.1985789848990365,4.199071323404706,36.61519375045199
3.593311733836621,4.059097284648772,1.2139331945792735,17.705946311407747
4.3325083385010865,3.704192960917746,2.6151898981087798,41.969736188614505
4.15208785358549,4.553140971548476,3.9140620622091387,73.99550502931177
2.953387323145246,3.9037896895142237,3.1104014163627007,35.861071362654116
1.4902273884439565,4.672763720996263,2.881603784872425,20.065991697705115
2.900274834292127,3.7900010875681494,4.7155323690880175,51.83334294470054
2.3557614429770535,2.0635234574141847,1.4896776408149837,7.2415747640296955
3.8782774392576504,1.1231014102505799,2.0979270068171685,9.137938274837785
1.876412954703349,1.1001139130789603,2.2826674034548353,4.7120372713736955
4.884194534235684,2.021867218859515,2.0686744142955478,20.42855872152919
2.698382591557019,4.381821265120763,3.829889168213535,45.28395929064886
2.788104954265768,2.5860234510997775,2.8369547745492394,20.454741225611844
1.5678693807704023,2.445636362529471,3.83875300370071,14.719461807688873
2.4584544369067585,1.4525773612513477,1.0482088218628318,3.7432535539014595
2.836836371881152,3.9336523778868355,1.954887150831338,21.81483621522205
2.2178775436705203,4.07139754571459,3.79511134215689,34.269328612664616
2.0283554756689,3.47626807303018,1.7237819444182554,12.15457159121826
4.25887147049203,1.0117921712606983,3.84252619452861,16.557802005723175
3.292313769720155,4.924609892354023,2.5251053748601597,40.94044490236432
1.8083420598133264,1.3423131318014758,1.5955455019289313,3.8729653936817043
2.8173144432714494,4.066788581700351,1.4873770307436027,17.041506625132506
4.272804029861196,3.8909035570129347,2.3015924233346308,38.26413146273123
4.700655599608095,2.376749493423718,1.782124871125168,19.910399507834004
3.148161621430367,3.8371933022017997,4.373089507972921,52.827379066313256
1.1838974438343355,1.1712803062000927,4.435969640014673,6.151251574227779
1.1116812704610477,3.256192855020584,1.8157057404561452,6.572579900642029
2.559928553258304,3.989387734819289,1.802777477758522,18.410950754028395
3.6398493992642935,4.8344737788407715,2.6289823282875058,46.26156182023782
1.293402446885131,2.9241289273003757,3.809687342612683,14.408525197644336
1.9812608257139215,2.144308685463255,1.4736380332799879,6.260655098395722
3.0900279377868887,3.278911299712246,3.068496769049561,31.089786864384266
4.398690421169757,3.471412931242095,3.4867206409167197,53.2410763882774
4.9961794499000565,3.1427761258922873,2.1165107407528185,33.2331839038441
4.9328364478126385,3.638324657940536,4.810138980060968,86.32881722816232
4.474600155617301,4.457452249927654,3.249572567807052,64.81375345596068
4.4493249370607035,4.621195892330308,4.547122111023095,93.49429680174306
2.1603200133528,2.090740182649151,2.024587227460344,9.144388058615082
4.398022725348374,1.3747440869190695,1.353463402277201,8.183250512885008
1.350088073606086,4.705525963655671,4.340373979491785,27.573851103487574
4.046818283755673,4.444798597167603,3.9906706175107796,71.78135859335276
3.338093832416013,4.329399327146216,1.6952190240232543,24.499205642765443
2.028770185925283,1.2785667620834986,4.886375033858926,12.674856778725452
4.293307168931769,4.00074355410103,4.018301182195167,69.02003273736831
4.377316119577352,4.265251221247374,1.4041841793205494,26.216614199353728
3.713485684102508,2.520177258041149,1.4310985371165583,13.393139117648605
4.8950963569331005,4.379207272680014,2.1841299479057614,46.82041082846207
1.9586363228549928,3.490905155742691,3.530948938385779,24.142558425268522
2.6546509675897174,2.3036260884677335,3.051760466936105,18.66250165972385
2.778115421758671,2.3643655411456654,1.2919013083376032,8.485828387063389
2.1455593861038116,2.4784306511042904,2.804262912842988,14.912004960811462
1.175168074932866,4.038839634381471,3.9408251200874838,18.70439894868512
2.9324687871173127,2.465395496136538,1.3190835898705489,9.536572483179684
3.581781780032098,3.7242917773402904,2.046715034612024,27.30236075907443
3.318981985939482,3.4112624701911463,3.855034127313385,43.646382928428515
4.802675179585506,1.1913127374681354,1.2831753235572076,7.341672363658709
4.040594773396909,4.198678924079859,3.2124398231892055,54.499555962805495
1.6867959451216668,4.054208579001139,4.45502277612844,30.466219403533035
3.29263211843942,2.8247646782680875,4.138350827698035,38.49043234908224
2.358269630545571,4.834359202675884,1.9515087716612323,22.248609944108843
4.794414328995119,4.853339545821836,2.2486754445417674,52.32425051355547
1.2910501795093117,2.6880942488295756,1.1245855863962855,3.9028344250746385
4.3460646771743665,4.276611681158199,1.8602466471658725,34.57534588630097
2.1623570828463676,2.2471962166354915,2.9089183841168267,14.135134475885843
3.682047717843233,2.3806025046672965,4.820377512315784,42.25298061470937
1.0339643041794733,2.162122684464859,2.7765142119236614,6.207057661747117
3.2287919685811675,4.774010269742327,3.412596495104302,52.60273843569912
3.9210790794779564,2.6409393403024612,4.911560625167613,50.86084089911694
2.881350348613455,4.2749799862986855,4.814520691993675,59.30389410107188
3.2897370254125766,3.2527225359888434,2.443866453042744,26.15084166872308
3.36903212124552,1.307738863203347,1.8930779336453014,8.340549710542662
1.9794355131719232,4.631814955431642,1.2049068916933594,11.047043058688214
4.039161262617,2.009065137793637,4.444469454821684,36.066594418330816
3.918033340083244,1.524602165378894,3.7038978965412785,22.1250196823321
3.279035754620698,3.474242678895304,1.130323904832335,12.876837517296002
1.9577064028551159,3.258753807310608,2.3846301194181074,15.213184696520555
3.9999049122482626,2.955399779373544,4.276636523689003,50.55548072396543
3.5736200364811554,2.3738301569417435,4.0991898442102155,34.77411206253538
3.7907334275452444,2.201556918457246,4.636751798711457,38.69608355807173
3.143483660070154,4.4027151497101915,1.0715770182316708,14.830479268855981
1.4782398266634504,1.0281359743936256,4.954293012278347,7.529690801123626
4.8947246690079815,2.8479451833524454,2.5811868543292467,35.9815061055582
3.3361726782906964,4.746281444371407,3.6730849277048416,58.161149158870984
4.543554471307552,3.2719690732447098,4.382403115641145,65.15042494730179
3.5282289054867717,1.8062542594378157,3.1370694155006684,19.992162195938885
1.564207962559507,2.4473972327859026,1.4675324621551504,5.618063888698618
2.62998915064231,1.1401741852027887,3.8654141837448854,11.591007763539006
4.40658812173589,1.3301851383495764,3.9452232682016035,23.12523403375897
2.6546714961645774,3.2829881777749237,3.083398900056742,26.872608105558214
2.5732094708709923,3.8966013379201097,1.5779548084126631,15.821792249120133
2.169306695308908,3.9217589610640586,4.794074314640221,40.78557750761625
1.2216669636802844,4.81466098336972,4.281090453736318,25.180998446135508
1.932563800250835,2.52296869863388,3.0573585676638646,14.907062716567477
4.79487932782087,2.662554508165595,4.648026778579508,59.339626819368206
4.796417089093747,1.8169310358747341,1.5197661468932413,13.244395813181843
2.3798216941851833,4.9660072802505715,3.7413311939556184,44.21584468493474
3.9971849885590265,3.6443017094781274,1.964805093725877,28.621213801193267
4.753747960371178,3.139816806280248,2.958130179324986,44.15274855464473
1.942948841216451,3.8395491853541834,3.6405175693581864,27.158434503407346
4.015926717992517,3.3983210160009745,1.8669098126432546,25.478480219403785
1.0033330025257006,2.466640321033758,3.627133353443029,8.976653197619424
4.857352100148388,1.5626808508918222,3.5131476972792246,26.666516374647312
4.96499256484818,1.532098419404297,3.229955731130284,24.569812205921252
2.129048979945206,4.12069300913139,4.322159193102231,37.91898225093099
4.679346974891464,3.831079093862685,3.2318184466874187,57.93664242992532
3.712310382433601,2.75815732676634,4.942602815921326,50.6079828242786
2.594235989248434,4.364734630666009,3.7175079062613294,42.0939058287411
2.3088289779325497,1.990868928141929,2.270977296947044,10.438719450277402
1.3464582067377973,2.052209731363655,2.0345657093197387,5.621941743336059
2.0623838324146955,1.6831861501016,1.2457498182917508,4.324465900277322
3.9674975528066088,4.767147283676104,2.2017205351320546,41.64256099108855
3.868841671800757,2.249373402115149,3.2041284494728077,27.883830277179104
4.471232993572837,1.1336057699014663,3.4543253562070677,17.508647111904562
2.5239617344342284,1.5691793938017904,1.1441847626805521,4.531599525217146
2.70923061798206,4.102624681888464,2.156713974896039,23.971781803116794
4.782984464008189,4.377420747397892,3.561558872851615,74.56884045295129
2.804774573688883,1.1904505890083392,4.620509736057434,15.427630390907195
2.425027389509146,2.5219090814590093,2.7116871254658355,16.583861147060105
4.844716017258335,1.6472784917581196,2.6042740463704703,20.783660323633825
3.9810171208389975,1.1346307480000655,1.3530002088795197,6.111480882191531
4.224409352895966,4.9471177364771695,4.213722345826408,88.06111033916302
2.9042518775784605,1.9694607918091696,4.812770986516627,27.528136590631807
1.524651567156444,2.3900898383649505,3.9219127263234284,14.29166261184084
3.174239479830236,1.2424154374744414,2.5883038642752716,10.20755641044446
1.7344351404815517,1.8935612525558478,2.023964095148768,6.64722265358718
1.1445290300964261,1.20480879704516,2.4923875558639743,3.4368495164403945
2.665375923846158,1.5396388423445635,3.0434758025525737,12.4895612650797
3.7820763498497505,2.1920028187060403,2.410927137579312,19.98736233592019
2.639756349312579,3.2542883860824428,2.5653249218415324,22.037496672382982
3.327819296704214,3.614211155488289,2.5094542489448592,30.18231449129207
1.3025412680437793,2.96762674665093,4.293999605478668,16.598267851513402
2.605305184974207,4.47235019768487,4.891028968552969,56.98947308176967
3.2580451843837985,3.2528256568079867,2.4130418993866285,25.57306325243532
2.6041617905925256,2.2665970151902046,2.1475603286815597,12.676158116340584
4.687963392700315,4.7246714919339485,4.301463299547889,95.27348483488932
4.698883224847177,3.6306181689824806,3.650877652113085,62.28342807082095
3.877922216392515,4.905701691225904,2.282090697866602,43.414332720888
3.1041437674678383,4.632086823836446,3.279420075722557,47.153677562219606
2.8431971239651017,4.438262338156284,3.8008509286326198,47.962385662732665
3.7859595873309866,3.3714382879673623,4.752809715942519,60.665476846818926
4.4149567859923815,3.7834406084648373,3.4874261909721,58.253014289897585
2.663949408933689,1.475168029531729,1.7854728935861557,7.0165031700697424
3.0686791378940224,3.2993145652083404,1.8593223567495634,18.824779437937355
3.496989804479522,1.0304012081870253,3.978446835185491,14.335547505133164
4.226755634039806,3.91373990901246,2.032321195896528,33.61951529004109
3.3914778618927004,3.279067753770194,3.4707505585838865,38.59782023633417
3.803825526157527,3.2493986853983725,2.6183624115475252,32.363340808343764
4.37717422373077,2.312226388951575,2.6049884496589737,26.36513433532638
1.0599475822999236,1.289386478589237,4.9401059664464,6.7515543007599605
3.271699860413463,1.1944520304633706,4.3727615808313605,17.088264875732108
4.260969280096398,4.056347500145227,4.195020806087561,72.50662251896053
3.9539271630911657,2.7907608882411727,4.0473920546448205,44.66080710844395
3.472044235505403,2.3702058678228854,1.6022545259470111,13.185688922780775
3.3204630934307082,1.7195644758538213,4.654419918642009,26.57557589377986
3.95104500847217,1.919332985072069,4.397931483010956,33.35114611339699
1.5534553191220817,3.5435110145197983,3.786722776158977,20.844719980072874
1.3949095459126477,1.3178419267764636,1.349657532119915,2.4810353344198774
4.670492951229598,4.92532634097002,4.76936995652347,109.71316500733369
1.5415660051802993,4.864370683384392,2.7961571965651415,20.967679533458753
3.8796036368240916,2.742782068800983,4.897816369257329,52.117209904480916
4.798085299127166,2.4361305986401556,3.031058444928137,35.42932201992153
2.4822526137503216,1.654313561249455,1.1144317583732493,4.5763294987864915
3.577409279599105,1.5996112021686,2.1268438988969924,12.170787556556789
4.588215080122591,2.556968808295298,2.8669526398709855,33.63486717302324
1.8956233997796965,1.1493891102199054,2.7747708434906273,6.045695389237407
2.5105816510236814,4.532269512179342,1.452907693699439,16.53210295695535
2.9095437336437175,2.0783227606836316,4.799854011622775,29.02457784373534
1.1514672721211356,4.646233083066918,1.6275520205907528,8.70737944015389
2.264253558693839,2.010958171218068,1.4070186235089155,6.40660490694054
1.294848025344237,3.102283885766611,4.293956644693031,17.24876442858175
2.4353128440091703,4.033265407490428,3.752148633668666,36.854590883189516
2.788500231534796,1.913606089685635,2.9904023333238556,15.957059049460964
3.62971533338632,3.8780523179968704,4.368150152434751,61.48706858295995
2.578031223564342,3.879102822614764,2.9773104231692207,29.774438650664262
4.303096597291024,4.568478298303611,3.3437044043507607,65.73255883960181
1.9099732108866694,3.6137021142329013,3.2335913127546037,22.318487271115764
4.359457299499255,2.147187699985008,2.2150364102035347,20.734010219361153
4.746939662982413,3.556311924412175,3.3206657840642864,56.05814528373909
3.4649396144943276,1.5177711734676995,2.0294223616301212,10.672702701521084
1.928304020731245,1.5698438347547228,3.1196233245342575,9.443524628920493
1.6825617635593235,3.501702773497947,1.6250991439361684,9.574809829646396
1.8265001753795347,1.717164569584447,2.7412679444551027,8.597716584502413
1.234401573156767,1.2754578568620079,1.0826217012890353,1.7045090375864922
4.167522076898724,3.165594420915292,3.1810504841507585,41.966595847552405
2.5069861510902034,2.3291402391422573,1.4251473479861643,8.321609693869433
2.9417044876519354,3.6045248445173432,2.914444689379495,30.90315953879265
2.098175800331636,1.0051282607624588,3.949748698032244,8.329766402482166
1.4846734552420497,4.053037226270314,2.786670679929978,16.76861465138284
1.1986393949321306,4.932114132533071,4.407753473392411,26.05787290595902
2.4785645660353435,3.1477294954048682,4.227178082520728,32.97981266586032
1.1957702237937866,4.639120674327753,2.8309101750258767,15.703971332739682
4.0253502876331115,3.191381544250557,1.681357727022549,21.59944201999793
1.961771655195954,4.153456670043996,3.7761009376446157,30.76817480004932
4.233038633953722,4.660307600719184,1.7448729697453387,34.42156644018622
1.7428326580395752,1.3432565176911866,1.7465768887151718,4.088861074845672
3.617062631379496,4.422678174086686,1.3740171022802024,21.98029441989679
4.500968451100876,2.3537758428394633,1.270036236863565,13.45510783131732
3.792992504085628,3.6953015432979366,2.9404491553700733,41.2140735733807
2.5644212502411405,1.9345819871241958,1.9362940301288605,9.606115702030946
1.4373051624284106,3.8072465142170766,2.1866557579913843,11.965763124506694
1.3528286811048527,1.5252266646465964,4.643328681441077,9.580906852516298
4.944275690755835,2.3019448508237064,3.9071893459461067,44.469480053997906
4.895399878566707,2.70802137800579,4.105613661882634,54.42749431232216
1.852749239885291,2.1001237369824923,3.9349592307219075,15.310936823339722
1.072090749735589,3.540872417564549,2.2767031180269606,8.642675953683947
2.271690878837524,4.6182781462705,3.944417099808942,41.38206446355139
3.5811056386903046,1.6333249295371002,4.4799182697670625,26.203530786054372
1.2983834773319551,3.4193571460930663,4.921666751485264,21.850412933460603
1.8196502177278013,3.0326930417411755,1.5148101130761447,8.359389559163244
2.65165105563678,2.508290655366647,4.6804994530867585,31.130524038408296
1.167540233924583,3.6071242983345466,1.8146566265241182,7.6423587813346945
3.064557255752656,3.6661867749125356,1.1440010994029786,12.853126090666553
4.535809481807968,4.44680977956752,3.080305016003913,62.129388579628404
4.678247635654066,2.177601247385088,4.319897102243496,44.00833781546778
3.949703890892837,3.4644052376693795,1.4332088705429524,19.611134209472986
3.146178871982166,4.716198598364713,1.1429179784644816,16.95862197757649
3.5927323351161373,3.3132975953485175,1.8095175585623147,21.540119563834665
1.7882365901685175,1.8116956982507064,3.8329348959028007,12.41771456124529
1.7998017607631205,1.7759853717132392,2.5717033308684365,8.220248073262796
4.038417129062157,2.0980150769277848,1.956928270713032,16.580387928510508
1.7197319421989232,1.3831479061439698,2.142925080231081,5.097255102333544
2.881913032638279,3.1351164066395616,2.1517953593480605,19.441756897124524
3.005377981382276,1.6995582296915415,2.811650753222563,14.361391559149563
2.158119928747308,2.852288809068047,2.3999298161126585,14.772963148716444
1.2813776358356495,1.735387403862377,4.870313329126831,10.83005053073756
2.8899007457548325,1.6186925568509318,1.802215284934908,8.430512283562422
3.755952618375183,4.032005613021661,2.7459823572191824,41.58521733789372
3.749997188812953,2.167060001790512,4.701831472334671,38.209287302101885
3.238281190939459,4.681035533983215,1.4087134428606847,21.353995858190164
2.5607538446241978,1.3766688928329591,4.930067061029202,17.380015500203527
1.4066374994554192,1.8188582674684768,1.5018704121517965,3.8424967691418215
4.869659074475885,1.5840718811846393,1.3938616448114605,10.752095418394193
1.7345124667081926,1.9448415908117158,4.690487079120418,15.822663899134294
1.7866224534293114,1.515159913537523,1.7663498945628344,4.781542234294102
1.4600173154426042,4.247845620187333,2.509070457669435,15.561074723834613
4.196215615499439,4.301308676836806,1.70278795386035,30.73399207137876
4.490928474321741,1.6206521920959238,3.5547601191934195,25.872372678378557
2.076045255358669,3.138883819940364,1.260358531866419,8.213082085810953
2.3534227022178844,2.244722756137541,1.8051905609129837,9.536427289199617
2.730551346381044,3.809770263169117,2.8371016852765716,29.513725721974676
3.100739416583035,3.219063039933675,2.234670359562242,22.305307785083556
1.2641219666080752,4.030753928296916,2.5812312801764503,13.152314444902487
4.836728969681667,2.624320844448326,1.716586413378887,21.788852190868557
3.511517450565545,4.871350358698933,2.3077814778723704,39.476521774078044
1.5844053874284718,4.465203669885964,1.6245447211922892,11.493154761935264
2.458885829865741,1.7219144854437824,1.5184889370245354,6.42926868808466
2.8759652790165897,2.8383547817235235,1.6390250900244405,13.379377875212473
3.69085081600064,1.0678644452326735,1.841573710499942,7.2582466905021334
2.299558389685971,3.183760925717192,3.564526317106995,26.0967674376842
4.830734511041839,2.0698887602913594,3.5885228837915384,35.88193840773188
4.074346520189254,2.408064273965196,1.5537109035363583,15.243905601714573
1.8116706089091927,2.231291035848582,4.531260699299818,18.317006890705027
3.4281566350683805,1.2195397363570124,2.6937959922194734,11.262150195386068
1.8775303468250706,2.79757307889884,1.808155000394685,9.497385406360726
4.67968068069046,3.1167954840424468,1.2510302507873687,18.24703634914775
3.516523569665812,2.08009913617688,2.988702218864986,21.861512839865775
3.236637250725244,4.315585709460975,1.1558556174156278,16.14497446478535
4.951503253070087,4.872855860584668,4.218257736743103,101.77796088266172
1.1361899140101213,4.413135548266491,2.979390252103303,14.939139721743617
4.939568998169756,4.1954981882819995,1.4649241235123562,30.35901836593044
4.484584671087168,2.46416790333261,1.92183872336514,21.23779695231705
3.773939307771947,2.68436247728505,3.0780379696768954,31.182436307819202
4.984154706899542,4.092464476701786,4.829866859163612,98.51709375049252
4.7604604601960165,1.0379202362227162,3.8445996429183817,18.99608319783833
4.361741056501103,3.848393736028683,4.674126452428675,78.4584701832716
1.1931099689029714,1.6667151541788776,3.151436137239832,6.2668654330277604
2.3396206329315414,1.2614771570340482,2.2290285568768438,6.578705809741215
1.688650428520483,3.2677650647025716,2.9228673593399943,16.12871201279412
3.5719043309802725,2.293472923700047,4.790253983970736,39.242076166647365
4.536834474147564,2.1765978659736147,3.0853696924072405,30.467606826395375
1.2856198944459925,1.5107489447230145,3.2859924464320036,6.382215210709336
2.9305713992498514,2.9855950488136465,1.0819810474339455,9.466792590031991
4.704555086163916,2.682492367835551,1.3285576207395633,16.76630831009666
4.567886161497107,4.4959186657884915,4.242479728951945,87.12714715256513
4.3663002863877605,4.0047070506699125,3.233351741299377,56.537591663730616
1.3704139895249403,3.7342079411128513,4.942678307932474,25.293715365288627
4.590313923991626,1.3542852474691438,1.1472647616314884,7.1320797251888175
3.2750111201066177,2.4581540953155914,2.389988495007214,19.240559352317803
4.533718210857283,2.6093171910503115,1.4985990985948172,17.728290764496737
2.6164600447221606,3.2605118630518506,4.257020693701899,36.31663934488121
1.1171204980639406,3.2399175355000382,1.2506978591644344,4.526748679989762
1.5670692020944386,2.198616278469962,3.8435722182941254,13.24258167494589
2.315741532241339,2.7114419180334326,2.5104317617115335,15.762997672452798
3.2165515332818644,2.4796280928888375,2.807067835430555,22.388756329753644
1.7179112808711037,4.391234130925303,2.483853203132281,18.737569216783243
4.048551507794398,3.954704562685848,4.141958090352075,66.31616663958927
3.381087301512581,1.7521469170130892,4.514992179519857,26.74754370732177
1.9678549064278998,1.0018609366947429,2.9162252366068637,5.749387512664022
3.9139537745168513,3.112859370482467,2.73334446281043,33.30194192950941
4.691404323367198,1.18003678065207,1.9547504276359078,10.821556334506553
1.2246381441307608,2.6654595017047025,3.392480806207433,11.073815155082315
3.3901219303070484,1.4126756189215968,4.974084223936941,23.82159863352594
1.710786682516619,4.23999382387387,2.5889281139486164,18.779372500081983
3.638688621352708,1.170143976117858,1.8465791531310765,7.862345460678933
1.5971087737612435,4.895420284308047,4.401423978829644,34.41261562928535
4.341652418154393,3.53671914139179,1.0896638471874112,16.732011986266606
2.696851220178694,4.692089616315071,4.894102222314658,61.92932157603517
4.881787975577701,4.249040830129846,2.111855533142111,43.806042840986585
2.530458625727832,3.4585483924461644,2.1529744284266656,18.84221561189948
4.738553552006893,1.325899061332159,4.156078108031319,26.11198918550723
2.369691567704727,3.320455616003072,1.2784229408794823,10.05921424316541
3.3171898021675297,4.386326358005514,3.597301641372515,52.34173556386903
4.78658146115716,4.494768101141636,3.9892820298807976,85.82770210283032
4.24727749729432,2.74896547125925,3.898337503917239,45.51550415782004
2.356942106271912,1.750572295782281,3.5849274795428157,14.79140201186945
1.7882257183771917,1.2975850158862774,2.526019505634392,5.861312250683099
4.064820438206013,2.779665668487215,1.0803456947832895,12.206655116972733
4.589676777695431,3.680965278341408,4.690507320675142,79.24349852084868
3.0706190408072227,3.7608801154323763,3.0011504415895858,34.65797584210444
2.683798759773284,1.9615532745398427,3.6676854303560007,19.30821542735613
3.2169418435216253,4.324573419977437,3.957433140617872,55.055418818730004
3.875207181357107,3.2365640521182915,1.8013372935221148,22.593014075619376
2.630065861053811,1.0880140100836972,4.548380560481718,13.015411589694425
2.7632579358872476,4.468758318926575,2.618768305573132,32.337420175872374
2.7840188182262584,2.6998631291140014,4.107058210613823,30.870578834788322
1.6526891004030513,2.134737528448552,4.392311423739465,15.496327021427204
4.6821628029079445,3.380141022183335,3.5140430899526724,55.61454811471079
3.8332692312933077,1.3236300620597814,3.0327741000607267,15.38778139643552
3.2371620756140214,3.7005514386446863,4.971522938281145,59.55528904828241
1.7147503000137316,4.595640128579627,2.7962934311946075,22.035841656641896
2.697897942682213,4.740585411553225,3.613879429470465,46.22012883225573
2.9675298659900684,4.586024621533332,4.733160344686405,64.41436024696775
4.207010074443073,3.0684103608460758,1.0856314561897196,14.014235493846092
2.640746314317989,2.6126556532884893,4.029638083088102,27.80192697627455
4.470256682548616,3.404978290217029,4.690374631662822,71.3927877386892
1.9980055754635662,1.6117122991694504,3.3666251670991527,10.841240567276408
1.4687527549987327,2.682383084322818,2.1013130748920243,8.27866404134147
2.016950643753923,1.8996709022971867,1.2374686865163174,4.7414138020778065
3.593813951919767,2.5332272161951623,4.013747384319437,36.540944714315145
3.895084831953519,1.0280601914069427,2.458400693305196,9.844374644001654
2.3297356190713727,3.6325546334097694,1.4348991161582405,12.14339613281815
2.7599204658467675,3.618387886622835,3.506074562874399,35.01328313187844
1.8012274148799903,2.235654770601662,1.7127294140613163,6.897028893095828
3.944150908821267,2.636274190179395,1.7522725967793331,18.219890825939906
2.035328474333635,2.2701971031136416,4.770063289306854,22.040539200500863
4.694590313340745,4.6203308714257725,3.4582719904978005,75.01185802010488
4.659100834049898,2.6086512710841716,4.169333705415424,50.67395391066521
4.264315765946385,3.9066505869022903,3.766650439616812,62.74935170193719
4.148207843706997,1.1800419896831933,1.6053547919182862,7.858307124727389
1.6938743229492985,4.540822844122443,4.580797876726148,35.23358808613945
4.468025341130198,4.330051728299736,1.3022766944400104,25.194861813976495
1.9177907132389986,4.985612277147931,2.884582115759035,27.580530726354876
1.3995001977875399,4.422387624274354,1.7242460070108918,10.671586749738113
4.8721909271172725,2.6447442715558123,3.1628718068696555,40.75581421940204
4.432449873648299,3.3442792259647707,3.520057524708917,52.179044823549866
3.8407066333903637,2.5590925338274166,1.703708018220338,16.74527532567372
3.407061324908591,4.375878904751908,1.75980152424484,26.236683438039414
4.428707507724093,2.657227840703346,3.82805388551225,45.048863079996636
3.7729921194015272,1.9827136017146945,1.1035782513235817,8.255607123099841
4.35838883821814,1.5291365376018433,3.2781820584514585,21.847679104066078
1.858469284811171,1.985702388657376,2.636845865029092,9.73092869568443
3.511943318365963,1.0752909047651218,2.541083155545751,9.596046585099423
4.82186817066868,4.617655112554229,2.259741158292335,50.31477341731566
3.8750477266904046,3.7160279282294546,4.874113004340897,70.18618213376999
2.6947922000254207,3.1702973929937635,2.6666066655162513,22.781601223011865
2.636863399299702,2.2723529559347266,4.0677962555363525,24.373764681024074
1.4852122325299302,3.929902841414882,4.426842107238336,25.838325394885164
3.3564419266020367,4.768370178263245,1.5189795783808862,24.31089993292866
4.082497733143995,1.5628181010677533,3.5422572212229153,22.600314322341102
2.0040413110516093,3.160784435613204,2.976369178346636,18.853342032992572
1.997913685872986,1.8490455647197472,1.1997574433525289,4.432184066589518
3.7208299278564727,2.9290556202735667,1.723812749950305,18.78700396035169
4.709774822947985,2.9164900361198622,3.4121267163190234,46.86901128080382
3.999282235993932,1.9795466076986705,4.825631633547706,38.203394435077584
4.236340912346542,2.287818905755528,2.0970766694322647,20.324826880209603
1.4180201454491281,1.0216183346849497,1.5819029127525792,2.2916638025327294
4.498256781927178,4.748346769532699,4.3259936430428585,92.40012273315443
1.6893507075654317,4.624057554529326,3.276391471695545,25.594039499324122
2.514671632018374,3.5880033677586365,3.3835579593299037,30.528660184333084
1.1929851999530108,2.8383528805616125,1.4494651535921266,4.908052768829959
2.2784035686634816,1.6154437874941432,1.136813231730239,4.184192170950403
2.36531212416676,4.999051728471615,3.0144285088082294,35.64356025961956
1.9225041564012457,2.696063767261706,4.242601021965611,21.99022330649162
4.790233213640059,3.5538998141312237,2.0547607483120522,34.980265323347716
3.1364879223378335,4.370542149100903,2.0143927514639923,27.61360336378067
1.1877566240325108,2.2881841803101475,4.323469364303273,11.750350621005698
3.931578999383101,1.4941348108126906,4.106832795938711,24.124805037179087
4.133468182199833,1.8288004734787497,1.4276075194391438,10.791697202309896
4.127033590321835,2.1795660311982785,3.5030623812038413,31.510544335248944
1.665847052974153,3.5159615691254844,1.340206706600938,7.849663344288383
4.425920951516675,1.017875531545486,2.9107707118506023,13.11312871073741
2.518145090790167,3.669466981791434,3.8257065451286705,35.35048592131942
4.961662039853572,3.0646900487726416,3.215193998921625,48.890099375823134
3.18655554421619,2.150598033447334,2.428160166733074,16.640181833536698
3.275922304250252,4.840319708302378,1.4315563286925261,22.699489091232966
2.305969203934327,4.998985501612388,3.1527111098306055,36.34289818205537
1.3788026785535012,4.151810913923036,4.199670039449476,24.04112876923859
1.0214305494408644,3.267682153392976,4.169704192910308,13.917264955107731
3.7161426997770306,4.381681646019417,1.0512336777815823,17.117189893573222
4.68103294693592,4.917566539269445,1.4731554079451206,33.91099300761074
1.448684758560137,2.7736014546257546,3.116056115451443,12.520544538776573
4.194726590945656,1.8588656854460317,2.3288334408803024,18.15892346803759
1.4563694251128956,2.686164788784626,1.6090702054095174,6.2947603120948274
4.333627207245343,1.6472491094993478,1.3921030493368987,9.937616097028618
4.338115686238812,4.224310813239866,1.0424970221344925,19.104330264048535
1.1112960272978545,2.6363391342757474,4.213886206563609,12.345646625634393
4.752899063140273,3.7952835886032346,2.7670751193217313,49.91416072891342
2.7977695018792508,1.23416752171206,4.559471763154463,15.7434741536098
1.1903679606955166,1.7573745494684614,3.8729879154653934,8.101990015061883
1.9681874986672079,4.188543730594093,4.971456810018068,40.983891566472906
2.7591202286777734,2.8166766917486514,4.102605077044548,31.88359900074259
3.998622788250361,2.250710845714198,1.654791719799706,14.89270131773925
1.3770240062211436,1.479834743044993,3.9702076541434965,8.09036197762153
1.6013260039062316,1.355227578817754,4.973065695648902,10.792354034598956
2.978856264480317,2.7408568891362584,1.8121020833448984,14.795122581804781
3.6659417919450052,3.2989187166101157,4.174848992521074,50.4891374336161
4.086513810073743,1.2217481726582613,3.146662297262001,15.710311839314697
2.580413957029332,3.751294315189166,3.8723831691389177,37.484251664714364
4.15453580762151,4.653340322402516,1.1069272125146878,21.39963601507561
1.441501753711655,4.811846456023455,3.0163982193159646,20.922598039236078
1.5788043912434477,1.0930456004980127,2.818182073057785,4.863351440819271
1.8207769962868943,2.854321360317256,3.401424573015677,17.67748471151434
3.8461195149488345,4.321245270502589,4.80739299767757,79.89899547792238
4.159560099169793,1.0196668624872736,2.6856056281030973,11.39063531451435
3.775812227165798,1.8747928607944724,1.7863896412672853,12.64561254988703
4.757361012356747,4.150299371771226,4.850708016467129,95.77467065284344
2.3736582491600595,1.8315008930299217,3.2429556741317316,14.0982867092203
4.793787993093366,2.8507948387804034,2.864679284563752,39.14901095628046
3.9219466056308185,4.856734900347554,2.526708558230059,48.128378135440244
4.055874356342505,2.308696297192909,1.607920691577482,15.056219003467307
4.9265677877139185,1.1815560156698943,3.3845452392454276,19.70149133437519
4.803729889749251,4.856084769678484,1.2185235072759055,28.424887239822013
3.2468405372508307,3.550742917504494,4.347803666000317,50.12450691521909
1.3137202814310744,4.8870263047748015,2.6884134252117855,17.260113085378865
4.118603710472529,4.447977985990418,2.9926845513854308,54.824360853293626
4.457858130199653,2.370367433654511,2.1939607983561533,23.183061013645705
3.530568463525013,1.5248295401582586,3.965427760182013,21.34794017229406
4.998709650753135,2.450359498808995,2.1088530225612305,25.83057236444413
2.995321688280295,1.1052377425755613,2.7360803214600833,9.057910409346146
4.172212354838973,2.108174240596506,3.847512099048361,33.84175690284466
2.3482570544582457,1.0495133835740553,1.3404295371200252,3.3035250629315995
1.5663575996650794,4.183492550104855,1.0893905303504559,7.13860767005052
3.8003050919234385,1.8055572833413285,1.8686807803602083,12.82226811749301
4.261237988604707,4.311401361264398,4.955451393850296,91.04109346275364
3.452279084584469,2.00829401142063,1.5529057668898818,10.766592925595948
1.1822750496673815,3.3864508754465845,2.181398244512938,8.733699876238623
1.873648042067439,2.732090331013142,2.1049116374474854,10.774991521591932
1.0986770580222105,3.7600265420919463,3.1670440918077283,13.08323301192297
3.7643220061404024,2.6485106092203683,3.5287498047409005,35.18109484217395
2.7981381488988957,1.0055917855512382,1.9864854568529293,5.5895424595007945
3.032247977792843,1.3382856611861715,2.8167351670219967,11.430350713452182
3.047564698837676,2.1666917413890054,4.20584345474299,27.771744820537094
1.6488927248959135,3.5815574005074824,2.1528106873992887,12.713647280795447
3.660198219392481,1.4627605691237893,1.5095595131928046,8.082172018501637
3.755085712315461,2.8344933844161755,2.6465878699698466,28.169660952835773
1.8621485270099187,4.654626935213834,3.4919675409874698,30.267001223678257
3.1119715881509773,1.3043194836680336,1.6917758826894258,6.866927062855533
4.234913167349427,1.4268798827230538,2.8818503653594356,17.414192947989815
1.7782850215332884,2.504532478439728,2.265674119447639,10.090797296399439
2.5578580625442835,3.629405801793317,1.0600014007209793,9.840528189503821
1.1298967777395679,1.2777652897055245,1.7052287125430379,2.461911818551871
2.570307145719522,1.8385066146242717,4.4854113026295375,21.195930821814002
1.7794753713655225,2.354595844383024,2.9010679332346947,12.155315994190689
2.921557097377149,4.915196228077232,1.6429104284361635,23.59223716648209
4.322196071308515,4.496268857690577,4.659523594517111,90.55204271220052
2.064633035119066,2.9351845115697923,2.2903857151882963,13.879918160949712
1.3811189168411158,2.2402384681943426,4.082478923752404,12.631335643419753
4.8498703773528655,1.6774040902588592,1.2003390234330538,9.764988910695148
1.0733215663251467,2.811365151652777,3.5746180946169317,10.786405982846428
3.7858882674238785,3.1631735027532133,1.9596762561771448,23.467949077001848
1.9613020561239067,4.143726867119534,2.427006459966643,19.724524260250295
3.4212756921275758,2.435810493845766,1.8287569807412019,15.24009119731791
1.5224960805308565,2.337712531150748,2.315548805088266,8.241404438597993
4.362014003115773,2.305036933694737,1.380495139403528,13.880331098137681
1.9804398958774123,1.4995514884260106,2.342060394657011,6.95538443055087
1.3761633990469009,4.208929312766728,1.0865108277043372,6.293260276961371
4.6741706864648,2.454586464465554,1.8870830279541777,21.650798152620645
1.0576320767793694,1.2641326109724993,2.5509793112742245,3.410626683238945
3.252519247656308,4.898221895547572,2.8190159952033227,44.911325272222115
4.9685783634387,2.931510556157862,1.5934300128570764,23.209009121413565
3.5103235368360606,4.580628932543323,2.0370978035574914,32.7554928556698
4.937376483256843,1.0448681325842855,2.8346162527573044,14.623522609231296
4.285691291680901,2.493572789013277,3.8764374015644285,41.42625840493741
3.9016818850642765,1.5255579960859,1.908648815811992,11.360739640800913
3.813951188123679,1.5913974530617891,2.379955882224941,14.445171279004917
2.0061315869215885,1.1567112242084336,3.496547950734823,8.11379170157183
3.4432513701146905,3.30155212020441,4.192617371363509,47.661983950244455
3.6339206876687515,1.4221015641488663,1.9816279525202778,10.24066544199938
1.1833192066549323,4.267103880582891,4.342560137673617,21.927088568362354
4.789693307946483,4.045885020043295,1.8174758982764367,35.2200446700748
1.8250450719414788,3.019122830854664,1.4863328099149773,8.189746167000536
3.8980102232561227,3.9177068028475186,1.029760748124521,15.725745326420611
1.8534782847290687,2.2581259793067288,4.790598107405805,20.0505092773442
2.472378485635311,1.125258267640079,1.7048021247571121,4.742869183887326
3.5372424911656664,2.542352192894774,3.188677601138091,28.675510469294085
2.1819822296243,4.370381418164503,1.1521792413381569,10.987290231320003
4.07913406076783,3.879399882806693,3.263653636207902,51.645987866210675
3.7374714054310845,1.788437279362543,4.871348326361785,32.561228172980286
1.484368092047712,4.530929848894768,3.701999235777466,24.898046467081656
1.578805439293888,2.247161046384003,2.8145376012415544,9.985501171420596
4.716733429407473,3.3327808092769393,3.6647580145707415,57.60940470235045
2.0280254948771828,4.935674390372082,4.828658768120718,48.33329770256327
2.004828073499435,2.350869023647106,2.404441339919518,11.332344144583741
1.9340530385250552,4.672202244550543,3.020693381247072,27.295852173895895
2.3055672267859877,3.863329608010464,4.063532499222797,36.1945590472669
3.575763605377711,2.2359078436020887,3.443725428545811,27.53285304033565
4.406784332973298,4.007748253510033,2.663937457199936,47.04855123223772
4.215760937527135,1.71591412141894,2.0599188011166265,14.90121309069113
3.542272165143214,1.4694674820201499,4.771158147869725,24.83508888466494
2.289372824978057,1.561127885231444,1.4984249905164768,5.355376545335446
3.9630029691913484,4.685391138258438,2.193384302093033,40.72724005650386
2.7177999215713475,2.5343563428983193,3.614653925411603,24.897278875939833
2.171811633584063,1.264250274062657,4.2633251720103935,11.705869279179346
2.6619326231560905,2.753395161217601,4.478214345093338,32.822411076218934
1.141771475844525,2.9655270564332787,4.6254083864194415,15.661420970661927
1.0031925578080907,2.606725319449332,2.468812247985286,6.456061150715784
3.106855908349354,2.953024089532907,2.0435610997829716,18.748897232230945
1.569465912760183,2.7881168299044385,2.129382796539487,9.317868920516341
3.2783210801039124,4.288028801467732,3.3802764403568792,47.51835508642284
3.030772348950249,4.395821200189419,4.202020813765304,55.982402809680195
4.767250604643717,1.7350166503389324,1.3047206959424593,10.791683027642067
3.0045094510556787,4.613907656627573,3.455818278318421,47.90638165704698
1.3984498581269564,4.016597774695455,3.9105385355258866,21.965536359518815
4.194152221946644,4.872960510357643,3.2815734938645313,67.06859610876302
3.964944094204804,2.7060354829892574,3.3009353352397968,35.416657516183754
2.3895356846345996,1.7712307488400403,3.498319760494334,14.806355302520814
3.0743252950840816,4.505669394775721,1.4212878651894338,19.68752798744301
4.4242727256751895,3.8913417989862493,1.437848892489884,24.754520402376787
2.612974850443214,3.2505553456774865,3.9182896937573557,33.28046123322963
1.4486794218776446,1.5636377917053732,4.316966302486622,9.778834772314532
3.8759015268197112,2.2989980547648297,4.140890674522426,36.89819341698393
1.2106721801181197,2.3371250158133208,1.8942312791381068,5.359712701493774
2.3808518164260377,4.909273666629224,3.8687426577970516,45.21884346572361
1.5407880639299334,3.1320451043146362,3.843469957534679,18.547885398217986
1.4276015381316292,1.1682191482266289,4.232190488103367,7.058241835412667
1.552265266519664,2.6343937594800595,4.194915781768017,17.15417652953029
2.126664343059246,1.5181572334266593,2.549067548107681,8.229947157187409
2.684671639311249,3.5369621953846093,3.8204003196958944,36.27692487244945
3.755441905799112,1.4841613651773988,2.9295189167010673,16.32820622704211
1.0300961505702593,4.444283820213764,1.3936381185284508,6.380130571682725
3.411984060720304,4.438678963672945,1.5224200686809484,23.056598068243318
4.596449622578111,4.11450074673613,2.864391441671585,54.171644220533366
4.491096435023086,4.034253746408909,4.2182112798697045,76.4264910204441
2.35966276395316,4.363152476479364,1.5747261468542457,16.212700806909947
4.141387966810416,1.7768467914754256,3.138241169733597,23.093098882832038
3.041486844500281,2.0241274612091265,2.3970959635942366,14.757378622677198
2.2800842300785513,4.608501872476578,2.5379314800827912,26.668006470466818
1.3278598519165836,3.7115537848848796,4.0794120695024105,20.105069327105802
4.71239050616522,1.2124691852484295,1.9764972472704319,11.292970562568467
3.1429923684973384,4.76178916574638,3.049596846708195,45.6410806756088
1.9268114305929296,3.2355427969749173,2.992085647236734,18.653502238316026
3.7056241585315473,4.739298956031945,1.7319248742588629,30.416169779922818
4.124749468034185,4.48886117101304,3.450610164800643,63.88952312116094
2.301584288682205,2.5759229774696166,2.0855649488055414,12.364696949332686
2.44982399955791,3.7493167593897976,3.824658900188529,35.130127576597125
3.2763079677465203,4.334275327136741,3.990758089754721,56.67044414044663
1.5305973451698662,2.637877071022773,1.1518363221104075,4.650570989340711
4.988552259566575,1.8713061212035842,3.3649598964818814,31.41226532555856
3.138919207831262,2.112244367564829,4.467486513581312,29.620170115696634
2.856651306561358,2.3638707326591786,1.423807068291152,9.614619469348925
2.0291599648032537,1.8522436266489617,4.594666741997195,17.269048573584712
3.6782392019445016,1.951993950385659,4.21564523313231,30.26791403497473
4.975013509842703,2.15950363270489,1.6273547087569775,17.483582543517475
4.504140981865845,2.810644083872819,1.1835219572662412,14.982840249301715
1.845543925218546,2.711341256879443,4.879036349824384,24.414206994320054
4.787408362421472,1.273289802091206,1.1068942623535136,6.747359827542869
2.4300214063296997,4.468158191122905,3.9686436609136955,43.09042185355159
3.15563352267298,3.1972315899597548,3.008713041629455,30.355781969184925
3.5290667303050665,1.8461050919936244,2.8855901459034987,18.799700772533512
4.354684376946155,4.877194508602766,2.623395949474453,55.71736931005976
2.374764311557325,3.444874149456528,3.9460475181526413,32.2816842203959
1.945434709756956,1.9041023737178109,2.464042993475552,9.127571336373636
1.6846969349337182,3.024740134770096,1.9078883238098343,9.722160911878662
1.82197924746642,1.3567269684417815,4.407425777360382,10.894840866115361
4.832046785208705,2.7168627770393114,1.2768563496061742,16.76258043331775
3.941300309208275,3.6933114960496436,1.2499013978889764,18.194126880055162
1.915667132386853,4.881818082159139,1.5365132858538568,14.36937767120297
3.9832698048302895,2.097015565015324,1.8121287617259565,15.136673094021662
2.9206687694784974,2.7554400765912854,2.1785795007387914,17.53261476439287
2.808486023687405,1.434745072866198,1.4954557819287992,6.025881475352651
2.1519790967945833,1.1748490929797013,4.284825345814209,10.83311263700025
1.6453894877158306,3.9139675421879385,1.9652052922366896,12.655924143852475
1.2689189894203734,3.705896593898509,4.840158681444052,22.760761791121705
2.165840445379977,4.729492366825066,4.067934111239317,41.66917465478122
2.3844036376584388,4.740476424777083,1.3584725789239513,15.355099794795525
1.0528814549107084,2.269491665746112,3.2159248958805917,7.684470827473756
3.982194916096782,3.9653613883089016,2.5855450048439583,40.82793255457025
1.3022247573699963,1.964572057344708,4.419573889703187,11.30665939444937
3.2414189399175943,1.441434562211565,4.388202236019758,20.50296786517031
2.988855503394034,1.4739291603837876,4.865389832510438,21.433799993023833
2.943790002850048,3.256842321908469,1.266716535004985,12.144593943610229
1.681231150278427,4.647979344786844,4.739569554729516,37.03654946946873
1.979453193053644,4.608746847954494,3.210063601404141,29.284763934756544
2.5241096866303594,4.946503471725928,4.192147096908306,52.34112521969736
1.5998204616235587,3.5105503006795464,3.027518026094565,17.00329872738599
1.9696530359747202,3.1397079456496155,1.9575861646514432,12.10597767859997
2.7881167302275554,2.741599116664971,4.612901247454747,35.26054830217577
1.960141903731473,4.590155591182118,2.0774132179007254,18.691226943094044
2.8422847202217363,1.6728242697443196,3.252126549900665,15.462700285213526
4.727550219356498,3.416446731790053,3.620822797298304,58.481442404200266
4.912982387280576,1.761151497384506,4.741425906986788,41.02521747420817
2.1530620710884056,1.5719724968255244,2.9759392559515025,10.07222818296034
3.1050645758662583,1.0607755580849751,3.157918283820113,10.401477374341413
1.170741387602987,2.7160292051651465,1.3886569054029203,4.415606513638422
2.214123798622306,1.8876723294193383,1.8487955631574735,7.72711543061499
3.0399154741285708,1.4742505471275953,2.6357947799266603,11.81257011264372
2.9331502704206143,1.5238857103272774,1.5719105391081754,7.026103380382636
1.5603444808919589,2.321731264094853,3.5489654485335365,12.856839132177646
1.526942083195138,2.518586146874436,4.498767469965197,17.301068316054348
4.58946984542635,2.6814361102391695,4.316628335071538,53.12202617934143
2.53408026926732,1.444577657155579,2.3540011943680463,8.617235060440375
3.8548917933509346,1.1443703786881145,4.4673915510787765,19.707558222548215
1.6412524088194576,3.293990785009442,2.9106113855932416,15.735551919411227
1.9688058992956798,2.5535638463686423,1.1338521362930813,5.7004093740812
2.697994064790181,1.349579319203475,2.4127678870446343,8.785266664819549
1.063399928015552,1.3689997229771982,4.940034988084744,7.191674317375359
3.2804503264288285,1.6488407902339413,4.4801745267608,24.23299658714482
3.5583793355298488,1.3982361647257675,3.7168343307127607,18.492940746018625
1.8390194157324098,4.8518129434944965,2.337326065980023,20.854974613329215
1.508031975101248,3.1645265818682313,2.4438165296557837,11.662399013072251
3.893577053628484,4.587982523711021,4.128914613731324,73.75754118401308
2.758388680571615,4.73278036384988,4.999838213561662,65.27212681904969
2.304846160812645,3.0339513426426343,4.939868050031931,34.543465356097386
3.229984049455295,3.768667142205884,1.925761047353852,23.441778434861185
3.4258339134240994,1.824653717905187,4.416098462628065,27.604857438442032
3.3178822465464766,3.0254608576250708,4.907489684070285,49.261984417897494
1.0837880205131283,3.625777686473489,4.625558085966659,18.17647474044211
1.7909102086744704,1.3363313678182922,2.0889207022565404,4.999308402814394
2.572480885842188,1.6228741204007475,1.9132903555248504,7.987628788664584
4.144050646862447,1.3863338997482688,3.3631595162320584,19.321478864384297
4.180692994479677,3.4084405396492703,2.2412911235596535,31.937599459537115
4.9011024602084206,1.3928251233991928,1.5901722171648505,10.855117655477082
2.3350529201113623,2.8126539303206597,2.229297165496785,14.641345571169179
1.4841930808276431,3.516224207237146,2.8702022096467794,14.9788839667219
2.101516912925085,3.6304774622290763,3.1790614806430013,24.254680685978165
4.420806667432821,4.543435561120893,3.7957791492130317,76.24069230974273
4.472539935503787,1.1705685084351356,4.555017579249018,23.84740463220713
1.5786972523610023,1.052368727809693,4.0968874175590475,6.806452482032209
4.141160207772703,4.248591703965042,2.9310679044928243,51.56949860461872
2.6868882546748423,1.0346395574074707,3.6310869923293776,10.094279771017682
2.422579258113332,1.8044120871223255,1.8586112506674834,8.124605525935221
1.2297187494075552,2.141574244934225,4.778845451167934,12.585251987119557
1.0429025712130904,3.5337062175425595,3.985543046180847,14.687966825471275
3.3235630569093226,1.8166848496910064,3.2768079380340955,19.784929375637468
4.686439910569201,3.424316687687707,2.2066781394239143,35.412449470618995
4.326429153040989,4.881701191307913,3.0302240636696434,63.999345381662394
1.3090624927018681,2.498762179267349,3.115014601949539,10.189324427094984
4.465886304418694,2.615166547443516,1.7516297074124911,20.457347231306017
3.1071966062746905,2.0133707418328295,3.9570805580733017,24.75525354549776
4.355827505780459,2.3862212452336204,2.457304052857434,25.54114002307799
4.9293521461788945,1.981687599995269,2.7241021094776756,26.610217179528867
2.3283918652742037,1.7886839863774333,3.8283650199228765,15.944210947208076
2.4397573522105502,1.8853033949618792,1.9170487529493374,8.817816212137476
1.3177309768884933,3.8740838894901004,3.6731763574458034,18.75156658392893
2.870341229577492,2.9475949832663098,2.073453266949498,17.542665777853294
4.590824167739177,2.3012655061949094,3.7350863700345043,39.46008677776857
2.7559451619199264,4.771986973323491,2.127207851139667,27.975621813905455
1.5210914388906387,1.0795545101771125,4.77235458259098,7.836688820601715
2.1528641687264707,3.51370960411299,3.734227924559966,28.247714659760657
4.372421906528935,1.4536553265786578,3.908332085732981,24.841336828665597
2.887817604394652,3.8637896249743937,4.40009840235656,49.09594463977791
3.495568257793637,1.8129493390716456,4.033312863153036,25.5602658639108
3.548010108790159,1.86757852577048,2.673627888676426,17.715959664566554
2.431048476672918,3.229414174703317,1.7369227643360725,13.636341639527153
1.5228070515908123,4.974516765534465,3.4323435497014225,26.000789112377745
4.277478868703723,3.600841807809042,1.2315194922867496,18.968509450753768
1.4882610908430505,2.0706377130771942,3.2629277757509056,10.05519988443308
2.0721713753647792,2.7313773592645267,4.751859024521612,26.894961260528856
4.091411615573414,2.216497759581944,3.519231550430971,31.914519706292356
2.1939658185053585,2.9729270651375805,2.039956098298443,13.305614389251172
4.5873382876276425,1.942809768650776,1.3159393673515485,11.728080160791006
4.578322943670326,2.0901557207856776,1.9720795794618278,18.87163389197892
3.288921335409598,2.846954279229411,3.5279438242926493,33.03357979127819
4.265636851333963,3.9697300519041505,4.520062495599012,76.54014739726219
3.551762906262034,3.8407988735076515,3.3951298736718507,46.3150273464878
1.6517346778996171,4.825790630681187,4.856188591945833,38.70831861174098
1.1373779106137758,4.9514612903407205,4.856725848625143,27.351538925253823
2.8488369591597507,3.273598037086674,2.543165929983454,23.71743087228945
3.9709117471552493,3.789828902530158,4.329411254105796,65.15363946918399
2.0163261768175014,4.596929627720488,1.3452522212345666,12.46902114893782
4.997142150566086,1.7544076797419432,3.1076489288714764,27.24483450103511
3.2994642608291533,2.824748835861032,4.936417995472301,46.00819483138161
2.1700503230071897,2.56034766716147,3.080447901823066,17.11522508880529
3.7509599291303806,3.4573020008409303,1.0320437400255371,13.383750938089067
3.141277704365997,2.8977652050684632,2.150573109691679,19.575990084139907
4.503397517726261,2.0297911112478992,4.004228001583856,36.60247298509745
4.27988936354604,1.4527667910293474,2.7347476124735013,17.00378864354617
3.4314609964278953,1.8111866756501946,3.324798227960351,20.663675628979792
3.4425558499614293,2.6176647360501133,3.769608493613218,33.9696650367436
2.2859890881173865,2.9183442676049496,2.098979435767016,14.002928123957746
4.264874340247571,2.044993771441494,4.724656481073514,41.20675985803111
1.2577932099939,3.9569650923703676,2.876474539099043,14.316339843646363
3.533821579352095,2.9941610007947297,1.7240312271065181,18.241682633215895
4.145677424897165,3.1541260083207305,3.642306860842984,47.62676440321324
3.8636133437291518,3.333775257516645,4.853970447780183,62.521171093505515
2.395123531927102,1.070809203624187,1.7926757972908178,4.597712047718683
1.6401076885937416,4.012402206572547,2.913724774590582,19.174557563651774
2.7437317071799185,3.28144207731558,1.2751478309674136,11.480661738666644
1.9919498220928298,4.6668229107040125,1.308460002446795,12.163545021460289
2.3135191075354524,1.9604035165559757,4.356780449890004,19.75987708662356
4.549867174685891,1.7033963097369207,3.588923007901983,27.81496783581108
4.440117807627862,3.565402662000218,3.3044376368420605,52.31191728416493
3.7597770515181432,2.871998980922184,1.6161940848787406,17.451786333738838
4.290258486781815,2.634450035488484,3.128118724889736,35.35547312068144
2.9316368855738553,1.6865024388901726,2.1617817036003903,10.68830867778617
1.1890301706525621,4.191362849170758,1.1076244985316341,5.520020456790774
4.2535031129860865,2.631440985739356,4.134710229945195,46.27916007466835
3.5472167119228026,3.560939549107924,4.181770328959297,52.82171526134138
1.1567423158718584,1.8589688470875214,1.1216373315765074,2.4119105133964394
3.180212989665729,2.9105913826461616,3.37692446197793,31.25782766252627
2.9109367573481357,4.243569120168498,1.6009582234357311,19.776254840200018
4.45441260190508,3.8065043508884497,1.9556315698841717,33.15918229221459
4.188943437769674,1.3809116205957226,3.244266225174053,18.76665481315571
1.4157147880103773,1.3698730236641294,4.3724219898066785,8.479654387905418
4.178432296270824,3.0008040400199056,1.7614105535296267,22.08572191365934
1.4932996176606648,2.997991911636315,2.8650826330349886,12.826688942359162
1.0482186083158775,4.207000726258746,3.988431023075021,17.588408258379715
4.05991018032126,4.695004200502323,4.459015881024943,84.99461867976288
1.2773380002135566,1.3730787404955218,2.5900774625815655,4.542699700537989
2.198837403474482,3.2043117097948133,3.4218154013407167,24.10929158736626
1.2523399661792132,2.9768831680332006,4.248727264698198,15.839551659391475
4.682351391341151,1.8649846904881593,2.6971702166383187,23.553075761048706
1.0763925226967053,1.8640003284193658,1.668550749834952,3.3477735766536587
2.300355633911053,3.3384731194040063,3.727795956162012,28.62826308297757
4.805302032696503,2.037159160341607,4.165277351631151,40.77458749128778
1.6393061114249314,1.2700791476283975,4.676388095114691,9.73646685953878
3.3018524173656143,2.906887967978293,2.7731015171676683,26.6165474461505
4.311642246814872,3.571391984558342,2.1598476577112984,33.25855359823687
2.6455591977596637,1.8383715273993788,1.1034323138488897,5.366565902995992
4.262731164108122,4.820319053492243,4.367287978365374,89.73782910095142
2.0059696566650427,1.1245647840014343,3.8362436227419927,8.653962684540065
2.90314658894343,3.164263125111523,1.5846741072473511,14.557322966613233
1.7191052327301581,3.351684081645448,2.702198843549017,15.569793148143551
3.168929926401083,3.371058515755211,1.1271983760949662,12.041463719469231
4.864038995118399,4.692130621450465,4.088395198787929,93.3082429131062
4.720266391222253,1.6055557752020446,3.68952156735918,27.96159618655612
2.975586664273727,2.3517462080721434,4.32335088913436,30.25405144202066
4.603934051823954,3.3177278088321964,2.604500325776014,39.782700764041394
1.9145283844694005,1.0863869636065004,1.9236262085674976,4.00098608134807
3.910578304316229,1.5003578845196026,3.0962153053299244,18.166321860815472
2.6481417160398664,3.6929329192127613,3.9370536656639707,38.502060877904576
4.500466671741465,4.488434959702682,2.5429388534144057,51.3674969304578
3.837415619419827,1.8484545733737647,3.9453366996102264,27.985411249225997
1.3504400828515895,2.9149903635266554,1.045290406057601,4.114806409497912
3.0941942840053676,4.229295402817973,1.7553176294769357,22.970545797096918
3.158440528883386,3.4933135071479633,3.7225235959570564,41.07217731676449
4.230091921136756,3.955742068038597,4.985000337601432,83.41477118122897
3.4996943475546765,3.9207148906152343,4.954638334671177,67.98409751712087
3.991203916345977,4.677426335308416,1.934762686295382,36.119237760110664
3.204762324514162,1.8015021734547472,3.208044629618492,18.521280892029893
3.0193846013479106,3.454435523562445,3.3604767393536985,35.050677791915824
2.7723346453598388,3.9645132462067183,2.8553090442419324,31.382580138901204
4.03954688262516,4.7252851405601985,1.0740748448425395,20.501952301802884
4.072286299434571,1.7242693493727947,2.5586737736723193,17.96628683897235
4.818961109364408,3.757956311548288,1.4605342039305818,26.449464298289392
2.3446965735329393,2.137862419356523,4.63219530650818,23.21952141002875
4.868101066350696,2.0852067020798275,3.2073873800489014,32.55817957635288
1.5898481339471124,4.5500774858526825,1.2636172506465981,9.14092151817766
2.8151168019859605,4.776970705394811,4.640495776997431,62.40413657387895
2.9339049751516644,2.0287430057146687,1.266877522274899,7.540631359106679
3.7237434322612555,3.8619289254676734,3.055894876329656,43.9463122687539
1.9533063229856373,4.179928268588634,1.7551765626255857,14.330455533133106
2.9870088639215555,1.7411158879612159,2.670522633925551,13.888663413713273
1.4113249505455343,1.3257763858907987,1.8481908116407815,3.4581522159889113
1.4141206217036548,1.4070474182074681,1.9165425349216285,3.813411319538157
4.364793230966022,2.880106201675291,1.096504335277527,13.784230619770577
4.482534670693006,4.814030014823572,1.945260017036293,41.97687571211407
2.604793843239929,4.593634811580485,3.4053281374854287,40.74635737417535
4.965232759110023,2.962129758594352,1.319063040665573,19.40033561981714
4.15546832468077,4.59592846538809,1.0904035340692673,20.824783113406717
4.871293600068123,2.598517837543526,4.224574610034704,53.475270844740415
2.0201622472121654,4.375015226622912,3.5051957442846,30.97976330934771
1.064229287895071,3.4720668093820333,4.704833244383357,17.384712585340772
4.444652220774265,2.1992125503587814,4.706657850431066,46.00633296903509
4.249027359522104,1.2210979893359286,2.6907005313982286,13.960642571064348
3.997547693313982,4.749069858165292,4.015539265688705,76.23354028776403
4.49244054160304,1.1554764436051768,4.947965201027332,25.6844381828417
3.437078698705022,3.5170657059145425,4.549581634513276,54.99730648726058
1.3239738868611584,1.4546240070711374,3.2030507635543937,6.1687048591323475
3.3132631464437776,2.8948914875018494,2.8038424737365446,26.89315960986802
4.514126881835793,3.6955679601238645,3.4658229798743556,57.81776932646423
2.2462461279559034,4.0822934660212455,4.240679386362933,38.88633404026964
2.1600529760122478,2.2281397067075703,3.544710120529505,17.06033464590976
4.205521538331205,3.743989955150254,4.803086428812353,75.62666304930049
3.809537443077302,1.8968531923270682,4.964880948259454,35.87689135310467
3.732650239120664,3.5145956571480306,4.316900504866272,56.6323657813107
3.2390180135784075,2.4228308037560438,4.947590544177055,38.8266750275038
4.700842772047096,3.725012725146148,1.1441692470654221,20.03520345607976
1.7319674847313848,4.830605316530635,3.1437391021998233,26.301940223586453
1.0323106552576626,2.9643086647421053,3.660692522837248,11.202039137936742
4.0772317665543705,4.333589320458685,4.432246062575228,78.31356860729072
4.605885339101384,2.4607081734341945,4.0592740163135055,46.00675507117061
1.581314365800596,3.686970153633981,1.8282858044467631,10.659379528672034
2.8822193752263288,4.239681485196723,4.588067399032956,56.064771048517656
2.121111339954793,2.940266195794709,4.000103296601325,24.947172104429846
2.948981210693663,1.7111428013315533,2.324148476540566,11.727950633765882
3.4606251912595725,1.6717097125913871,1.4322756028611878,8.285944592071061
4.312556830996973,4.72431390534671,1.8881565639211937,38.46906053499707
1.3899845639758936,2.091566389011489,1.8760369168218984,5.454098937347403
2.533134587771805,4.823395210992577,4.172576945217495,50.9818354421011
1.7037797517088222,2.21860784984387,3.095577603265517,11.701342563529689
2.2203380002969837,4.9668339735069775,2.6493484138993324,29.217147339004594
2.0296632716170815,4.781374920453491,3.7624706498677303,36.5132014220937
2.5081251350139104,3.7789120666600486,4.254611243484165,40.32513872745792
3.138038040342178,4.047836382509765,2.7914586019824044,35.45784564106961
2.508222856461479,4.948841459538382,1.5738627969822638,19.536039816859226
4.852206026987041,3.0482149110142145,2.946213333726523,43.57616500985986
2.892373479085298,3.298825581294491,4.272694688826514,40.76764131215613
4.3622529030099155,3.8753387186786155,4.219169559889043,71.32593720700969
3.345068045025846,4.514818487375985,1.228027636591348,18.546133941057647
3.4188009015488383,2.453909555561494,2.1253400856281384,17.830388050814424
2.9568712459602198,3.012003436469064,1.5307891921678705,13.6333713510448
1.602781495513061,2.554992799270022,3.962696563372616,16.2276195958322
3.2195317191191726,2.004676908623006,1.0452228630564315,6.745994719231917
1.5810485028800865,1.4169328141366293,4.860380685871256,10.888416819263375
3.0750065775863002,3.267412460816616,1.8939375550710436,19.02898684381559
3.337415833064793,3.6963932941319406,2.0551597238464856,25.353275510419987
1.2660068056144325,2.8973390649326523,3.398751964511057,12.466795455091525
3.751467675792317,2.792766803398836,1.4654198565686953,15.35316630636794
4.09314424771044,3.1207818931701152,1.8022448166151679,23.021533679845696
2.132125298091347,3.8898761835247275,4.470202426863237,37.07453314385971
2.3522691494382073,1.205374062039124,3.6267222283952214,10.283078441065127
3.0110818373157096,4.480051395189869,1.574038711361673,21.233469590612025
4.635710641187157,2.2943587141182435,2.3861566713842968,25.379122044488412
1.7178191991589933,3.4744107036053054,2.4132255133908065,14.403117868405813
2.8793643346698383,2.4224900729529137,1.6487030862993062,11.50008572998128
4.66508169124835,2.212657696251456,3.6536206626567744,37.71350882214692
3.178725207230201,4.174524589946368,4.682507393651504,62.13531169544509
3.390429330514408,1.2967666822392334,1.9230786131962643,8.454999342882653
4.359563641242088,1.8266248439313646,4.406043912169276,35.08659333424052
4.744117027674871,3.6411515156576786,1.8058195205290075,31.19381471262261
4.385352504967429,4.20451133433027,4.175313850234554,76.98554035688555
1.7679407760407257,3.7253121469128088,3.4858229695704153,22.95808758490817
3.2854392351014714,3.4851645089159122,3.0300192793337124,34.69461829575963
1.6695670636466984,1.4515974019153322,2.9672153432420183,7.191162734536796
2.4058059970849395,4.358240707513229,3.192021680761594,33.46860789030825
2.0803372782341922,2.021727562609826,4.389428587305438,18.461388903056537
1.3481055605119039,2.814016689864379,2.35440204121397,8.93163968174053
2.219432484323489,1.949569164651599,1.3696604403234942,5.926434620840901
1.5257692452284743,3.9663039695136426,2.8914974990051854,17.498373095943375
4.313546395112831,3.8089362871743973,1.055705742308291,17.345270039880194
2.413706593531046,1.5169200664819398,3.5375561564136015,12.95240799197267
4.680535509379588,3.7871341836806827,4.061325423408254,71.99030727503164
4.254991946150387,1.519577588785884,2.475555698860652,16.006424276900052
3.733084353915482,2.594791244325958,2.701866641561929,26.171832771582693
4.476389373654831,4.311272861495043,3.711425847737704,71.62656999376593
2.7096750303247092,3.7861719960389633,1.7591667676658278,18.047812087081116
4.532988612475528,4.597805207669523,1.5537803831583017,32.3835778901577
2.5203249077657204,3.21653952260777,4.380611090067836,35.51240801824052
1.6760165193472472,4.05162789296223,4.136492462551233,28.089246187210506
2.055722662344823,4.63819124086235,3.477019271322723,33.152804508873395
2.204667051399308,1.7189252661471452,1.6301157037773177,6.177580851624159
