x,u,c,target
4.4893945209924,2.0311298028701597,4.549681786267886,2.74722659602118
2.0537956421070436,1.6380472795214025,4.234442357025621,0.45084811125962554
2.24576009228636,1.0977458174275283,5.473320242862804,1.1718248226262913
4.785896497254685,1.6512555053194553,5.431271740336303,3.2903976118441336
4.5569057515158855,1.991434023665973,5.6395349370938455,2.742125069787603
2.7800052036260374,2.375075867370122,4.746475989071813,0.4676929145095646
4.85616054151679,2.8503625941817,5.674201989162764,2.3197216465944104
1.787237419777326,1.5567955260204949,4.625844659164735,0.24471668075099043
2.5992976093145588,2.1312368248306073,5.377860697444055,0.5098024796387689
1.4219186764364062,2.348261624716407,4.431615331512654,-1.0922987711377106
3.953285908052133,2.753705186652178,4.2305173454008775,1.5801608360629666
4.220653896635369,2.833345877335589,4.595921838792565,1.761970387648318
1.2002664633090414,1.4514391865573513,5.726915332232237,-0.25965012819826105
1.7977328514202777,2.816846746929011,5.748419877231725,-1.1690965964655604
2.972913643342705,2.312275544319962,5.943991114887188,0.7171235714985892
3.4762351579586266,1.4539417815718703,5.184650773475807,2.106832328395129
4.17323429954704,2.875012763635441,4.029828190597733,1.8526876721067327
3.807767124648957,2.258880600080959,5.362441416169836,1.7077994763706188
1.741519373583336,2.9161258489267916,5.656616806637617,-1.3708030752867109
3.8043774360518228,2.5801699530064757,4.722812997522794,1.4616073676346684
2.5221483697843845,1.5898545824786239,5.734092209340394,0.9703369013165672
1.8195058586342738,2.128471275795714,4.7799973339258,-0.34506322851487947
2.3690417631139042,1.8705592470533574,5.922711181356559,0.5253730022583657
1.585162714519126,1.811290903010479,4.585786182066835,-0.246141995913226
3.13088173805428,2.225041330043285,4.828526565689222,1.0206676027875283
1.0274746953062728,1.1796388943213076,5.746994253494295,-0.15547470886662634
2.7443941770435116,2.036990981630304,5.277970433560873,0.7668136085583056
1.251386040330007,2.1201010767375346,4.490718613821914,-0.9854504213174351
3.439242366700333,1.335511905278183,4.653010551559925,2.1961343984360155
3.6811379763611383,1.1999152371970383,4.488241499641817,2.574949652107618
2.8224505725928655,1.8593626519008175,4.3452932983630355,1.0655692398005194
2.105654863038747,1.5155436157847106,4.234749678522207,0.6319687124196092
2.410772744186074,2.583763285902923,5.421129423741742,-0.19677806514933177
2.4567268290649498,1.0549850289234133,5.990615420174839,1.4239972281620839
4.040912163219754,1.1650785787267626,4.286755218357577,2.9883205085463564
1.9308921731891746,1.248129344114995,4.552300465148848,0.7099690796337713
3.1837325057482673,2.877890510213636,5.279549185405669,0.3648055024385996
4.401119498891164,1.5942439342077228,4.06892295229635,3.050798386558697
1.6293363884599774,2.373761179216072,4.995804815230194,-0.8460292458824717
3.253300990514884,1.9141193997652726,4.809160175984358,1.4597913458525935
3.778230854854842,1.8195985683656442,4.969803977442629,2.104781184021373
3.703388922321348,2.8901479392703813,4.774461190587038,1.0216968795301433
3.249198151669047,2.9313045071266135,5.124330437780167,0.387567365152846
4.95344713008536,2.8235000296779633,4.9480948847859985,2.593663892220348
1.111114877056632,2.936710991420702,5.3059582053024545,-2.191943739027486
2.5711506992629407,2.1176926396187303,4.336374842828418,0.5196364901414882
4.043137469307352,1.500302882111371,4.194299663829842,2.722997987483151
2.561693132689458,1.1168169243385533,4.291098088037453,1.4964474032491664
1.4270584625345806,2.5218585966442433,5.538654363969602,-1.2296593339551714
1.8020014915281144,1.6946859669605858,5.386503020371806,0.11305669409558508
1.8355255890725792,2.098860003839463,4.301819657768497,-0.3016779040181424
1.0906285401304063,1.297969956040277,5.124459023936989,-0.21433060558392536
4.59244209965401,1.443816672128933,5.626749873710017,3.2576996154386793
2.8023722594143106,2.1774863454695614,5.8043224806900815,0.6741206647715993
2.4581946870812077,2.604482843252393,5.286906029830778,-0.1681010350522603
2.1094865563113165,2.901178669449087,5.301629597904647,-0.9458842723315088
1.439665900948556,1.5805934405563273,5.9404758140861045,-0.14619749178737673
1.5801000393805595,2.3682932468039564,5.585305163778437,-0.8703049027950202
4.83375415826603,1.6325205607396003,4.22671396455629,3.4705524221788955
3.748506206710754,1.825902156314922,4.0461244058183805,2.1544521542245167
3.197841902975846,1.7506718636883034,4.80162610594361,1.554151083227007
1.7496063204200154,1.6354525555184403,5.32569489117635,0.11994956069903752
2.2619838015812594,1.0076197323343619,5.934873351853599,1.2728431055763365
4.908157872836933,2.7310883795384564,4.6263867420926434,2.6971868404618307
2.8054675028581455,1.886297805224795,5.39637520167741,0.9810566473519905
4.486927711300163,2.184064973308245,4.460746308271624,2.6410895587344716
3.0321796113154957,2.5121360710024865,4.531691134193663,0.6248385445210117
3.609894603335314,2.6281177509725455,5.425649481424462,1.1222186301084365
4.221800137217574,1.716538171702231,5.757585701949676,2.6246199839521362
1.9895660379698015,1.31072321341901,4.7317338055333575,0.7064892238080467
3.807921245894025,1.2802340491983923,5.212122612940176,2.6075711477008827
3.8938451800229146,1.6930875257744822,5.389889437794832,2.3180941604590046
3.0064453523555166,2.043836257128908,4.940721692229957,1.0573170345979024
3.582036342918133,1.289752298412398,5.073104296960485,2.3701606310979844
1.9631394578635857,1.7518898568711054,5.5044119924047,0.22283711552135071
2.146370381746071,1.9774995313178003,5.11001204516306,0.18314004492652958
4.567843812574036,2.163958812169483,4.651232923533698,2.715694495947705
3.4394945998102004,2.8615553314916107,4.42038970607306,0.7582616250973898
3.4146118482118086,1.6983917623478897,4.330042148277092,1.8657298319831734
3.2504291711495443,2.7376198459917918,4.010677249037583,0.7017017149546644
1.6749019137286898,1.7357551034102188,5.399602015674994,-0.0642641224309224
2.0381680088417826,2.7742114769967103,5.900965388439575,-0.833950955416333
2.146683585536989,1.7390539785289492,5.803106463300047,0.4272663798732293
4.546051937402368,2.6976198378947185,4.857967800671339,2.2226043302883847
1.0964570772724804,1.3513572587886524,4.953948300376924,-0.264948255001151
2.7929134660084296,2.0297200607552313,4.485121337848178,0.855846035513989
1.2502993678309764,2.183528602551368,4.269011509823058,-1.0860429158432037
4.88894945892696,1.127544922018428,5.077432525383608,3.8577291462415
2.2895313004661015,1.6885034130429075,5.455744892460164,0.6320605408171758
4.705526499188702,2.473762946879113,4.262792153226182,2.7404046129459916
4.605048324732767,2.131686502572076,4.0631818630436936,2.905300362285769
2.2143789539774787,2.953412071799913,5.682129288396058,-0.8650694238353316
1.2528407407676636,2.6643770527191277,4.0803927529430375,-1.8637017889459149
2.0393286833901607,2.549059817473356,5.236030783944976,-0.5835526284983694
2.010643598344766,1.727541330687716,5.815435960570992,0.2964861285499987
3.2466578018647314,1.3982801740307491,5.537528242571746,1.910281570999297
2.3565704956235023,2.1413882662730863,4.831270603211283,0.24005011327272907
2.4343356318732137,1.4912015360323718,4.561927295723733,0.9979558547275823
1.0355236855363628,2.0146595184478437,5.829656615800804,-1.0434250742160494
4.748059849579124,2.422821941414415,5.509681153060763,2.5889897153678287
1.5983811466037943,2.6623042006437982,4.3949577940579445,-1.3371832763188654
1.5584599981770868,1.024159464447283,4.220573401207226,0.550761877113679
3.9690519328143656,2.864688258998208,4.547686696203021,1.4219427251171632
1.089301851770068,1.8499607803142597,4.29017623581788,-0.8430667906259345
2.039106781243433,1.0282120884040848,4.935939842213909,1.0335685258970964
3.567983150031606,1.9395996942803324,5.904012332180402,1.7240762110287142
2.406828199780985,2.3058134829539174,4.932453511641276,0.11426943312124113
4.984604369707813,2.1502788408972546,4.8583552214942785,3.1607623726565155
3.5420175893228114,2.8935097136117567,4.928191421337403,0.8011318055419732
1.694334762969914,1.2724482462642912,5.3758266266341685,0.4342258093303034
2.2283524503024523,2.60103705270489,5.8436341902675455,-0.4161851697389795
2.70170749908093,2.9081886917247415,5.020543111786205,-0.25330627185719023
3.4232438542561985,2.457543972048025,4.19451869476531,1.191651866665157
4.0912151566172135,2.4289993168866126,4.135514126230048,2.053811699081352
4.382132752777045,2.0238858805979096,4.399299600229642,2.6559992279846125
3.270258904984468,1.564306352875866,5.80311079558024,1.771529911340274
2.494122397338358,1.9125069827395174,4.518173019790676,0.6419643929701285
2.5168806574053195,1.8762709827964332,5.75792159269635,0.6775938623728375
3.906486847815569,2.1170335539613583,5.962412121783794,1.9141766988300224
3.1949778980063486,1.4605928304616138,4.213572090807431,1.8490280836168302
3.2180584732827855,2.666354698033804,4.880693080435341,0.6586836907084683
2.976002511769037,1.0437652838687643,5.618950490527727,1.9664624939649202
4.743585664439921,2.599932356061539,5.939535208126824,2.38420833190042
2.975745245450375,1.5233164191685584,4.98938356779204,1.5252559569916893
1.4488849438095457,2.445951286931974,4.868374430923149,-1.1531767498732608
4.990427045314514,2.8914594392621553,4.98623349327579,2.5763818469536313
3.2246385147458136,2.4430419947309976,5.597539968479551,0.8687022618149048
4.925554705539158,1.6476457123294665,4.409128071330573,3.533928776596452
4.3925690653822205,1.3678870233552476,5.992307569711471,3.1067085667417182
4.947939678270888,1.757590334060664,4.775981824810011,3.431134767488813
2.496649819378187,1.2996284066850265,4.293893918741974,1.2559298664059941
4.683557559546658,1.4562450303361467,4.286604098368372,3.4313887879999037
1.5222053864147913,2.821294010338855,4.351030322298666,-1.7064463610714484
1.9649674540027298,1.5596379515365388,4.653672871693747,0.4302094259669626
4.953014495597957,2.1288591070639615,5.7582812572798625,3.0395055068678367
1.2445855223105955,1.052831466811503,5.036380885581641,0.19608639415862233
2.8959465689333186,2.654281953740546,5.47284501307665,0.27634003893470693
4.077988431608619,1.446813565974402,5.376606142772925,2.731945800224831
4.685336700486402,2.2404429964987758,4.158075479431029,2.902217441549464
4.716712373483319,2.6280335805631774,4.544796410038513,2.560098247703586
1.9683325685980324,1.3239840373356064,4.707712168853829,0.6714493908478723
2.391419069718567,2.629837284277488,5.599920466074938,-0.27004955015253657
1.6509597728672691,1.2081962136072801,4.699387986135366,0.4581644195292327
4.569663465149375,1.2667751841063593,4.5741537903235185,3.4373339475480247
3.811630744069093,2.1933555236857485,5.180480128035248,1.7862777957805225
2.76040702336627,2.7182985564967748,4.680497216462114,0.05172606169459785
2.4697300599595415,1.8032639461488025,4.993603477080892,0.7146925820772068
3.1783802000536516,1.5156433950822779,5.094651335455135,1.74159125244257
1.2937121630434478,2.5595185430311878,4.697818428630984,-1.5095258579958484
1.7327715393048595,1.546837106191369,4.1212463035682365,0.20060025889993732
2.872295791305913,2.654154231950041,5.6172969240070465,0.24751336611223695
4.957076159533145,1.0164883637416435,4.928599782043418,4.027168533425062
4.751880163305614,2.2305557941400207,4.817000355068414,2.8446873427242987
4.154396542799315,2.313836059914588,5.581547633720483,2.022535953197158
1.5279188261694907,2.7447067000652856,5.2646333003958325,-1.425905318842666
4.650943435258028,2.039191459052944,5.488785009937513,2.813099296792642
4.730264389845726,1.6178098200865818,4.607131154448705,3.324142838537307
1.3166671959885812,2.5321473303550404,4.420186558022854,-1.4829197438624928
3.9296840168172804,2.7975219654621624,5.608255173014205,1.306284011752791
1.764641550591398,1.318960422991844,5.1152218101677756,0.46127931757186114
3.1449716088714554,1.2964983967240409,5.270394430540912,1.9070762826151149
2.2489068836501858,1.8385372204562753,4.171045856506117,0.4571791443785965
2.320717913875691,2.1431173984020306,4.1371872037134345,0.20762940623980405
2.5428156106656097,1.6974305224985942,5.0579211142076606,0.8974315066878825
2.2921065270572405,2.6684644269384226,5.383716346836354,-0.4333326209179759
4.198641244734423,2.3077889148432855,4.958768272150391,2.1363081923979537
4.463517915055812,2.8890815692375593,5.876857733448942,1.8079941696353472
1.0641868645026729,1.3357555468624493,4.760838560388532,-0.28293322377219726
1.3492265511001533,2.565910497584821,5.83841077316334,-1.3545070082108348
1.1860528148706049,2.0917942814440975,5.043711246284862,-0.9953825531184679
3.4623070416457407,2.5495514012373466,4.2226752687268085,1.1450182793214336
2.8291126175509795,2.956529532253928,5.298069694001852,-0.15354863143579514
2.6760367024013125,1.5308559786854352,5.771785091932308,1.1877189807233797
4.327264300321605,2.3405674385349435,4.5489352206025195,2.3169236396355704
1.7909306057452397,1.8558985189547708,4.193007319259163,-0.07245137973908522
3.328325068853416,1.1859010440972158,4.551438283128414,2.2190731547522105
3.306552655863423,1.8303375641588882,5.850752025862871,1.5542271960128031
3.7372447838629466,1.959111677108924,4.331501827122679,1.9937156247907188
1.4089642694169426,2.150647111097615,4.178611409442944,-0.8650548547152608
2.5759797974330914,2.5369339148492,4.926559258259777,0.045549433207773625
1.9445457460145024,1.4961814503027902,4.554602382035215,0.474708537890569
1.3257561439169199,2.510685432598943,4.7946919371809456,-1.3908591351839703
4.2513981493754835,2.5014898298287944,4.86919841072302,2.0396451751246585
2.4546097144717423,2.1851955264646454,5.3868358397867855,0.29475537397551976
3.725899344365334,1.421904073725819,4.3776303096448705,2.4360825389400795
4.363784934729944,2.744398054670087,4.685582235213472,1.9979608698239246
3.685277276853192,2.0346018879120393,4.138834188558969,1.8955244243988343
2.9565911413040706,2.198139893238665,5.666038060254039,0.8229004949659299
1.7498652385262154,2.0383605955024118,5.508232028579365,-0.31054097277159515
1.0687253150130793,1.1299648931428172,4.4841528032374995,-0.06328170070845655
1.832907390404106,1.4160455545456256,4.359494703429799,0.44076156335029676
2.49887970515485,2.9452775306448205,5.587602532336899,-0.5252990775966575
4.694695028961791,2.352054690451501,4.2531495140697935,2.811714711927873
3.3960801780298238,1.2079563773336026,5.060561905962776,2.2532579489062496
1.2275287369406058,2.483411174153312,4.69086815254652,-1.480358659328628
4.296075396771236,1.716165467094108,4.432436677955036,2.798158573165721
4.070692657794035,2.779119612825622,5.019219383034015,1.5510307764373557
3.432617025944021,1.1927684591443581,5.280738198002252,2.2992683370139066
3.389195401011216,1.2955428491279444,4.091026745472828,2.2072539083942027
4.948181794441691,1.0324514644267786,5.851913643683563,3.9781343675931624
1.1252353350947453,2.1461347788383067,5.368845359214049,-1.113754036912064
3.5308567312728307,2.336553048339889,4.209379896624797,1.4358144004123563
2.304510218053227,2.6295034700250772,4.524297071434404,-0.39937059816529813
3.5678470838641574,1.3788485277851528,4.43338762932039,2.3032268240591534
3.6415511142062558,2.0520220857872182,5.404353695686418,1.7182044843774738
1.8854216800157273,1.509912653223982,5.528628187275096,0.39034876958130976
4.941303522280959,2.3954637276117374,4.656638189640189,2.9687747002982343
4.80863125620254,2.546419159864306,4.343474901024832,2.7924383276316282
4.727616085410174,1.4170076032875554,5.287264175562322,3.436316437405359
4.617495915753803,2.7640092210268175,5.856255182615602,2.1023845503692096
1.8840470361407782,2.8272067288230973,5.573459007766972,-1.094417367128819
3.19303046541249,1.632350587919429,4.422091391570452,1.6792778386573486
3.4712290566485997,1.7721905705259426,4.705752478506693,1.8340708334326303
3.0678058849420893,1.2958470716562365,5.186262481710864,1.8300036012655605
3.317520216446028,1.3832037083934479,4.712925266246671,2.0234247555005536
2.5103474732551176,2.9181563061408746,5.780726583234942,-0.4724210449172079
1.1445565892129732,2.5677796287419756,4.25341957905394,-1.785247432519234
3.3741020232623535,1.4147297864449782,5.071117704441027,2.0403803961973033
3.1018755000967957,1.0676234519244219,5.993042807392726,2.067319939306506
2.810892799860155,2.4001366844895027,5.488919444062214,0.4567354170318939
4.9344026962862735,1.2730163157855776,5.165615688408671,3.777904696493111
3.109271603311373,1.1985631426630907,4.226759283670299,1.9924946519095714
3.650795933636105,2.3675833524528844,5.091279891014901,1.449472232878196
3.6528729429655584,1.6943504667003795,4.570988254532146,2.108743695424634
1.4589218515079594,2.2539206207274707,4.941492560883674,-0.893339802738879
2.9761551110782243,1.7099271883764282,4.28029089797558,1.3812317870401003
4.384641066844437,2.302582630195622,4.305663188227825,2.463999786326634
2.1813173026476402,1.1852488429256114,5.875354902672097,1.016976793122149
3.9807198856874937,1.530858021072649,5.036151543051828,2.571546417120046
2.2709691996318315,1.6379679880893157,5.853859186613843,0.6593382032794166
3.012298028142959,1.8799447812217807,5.19704593609435,1.2146043006000713
3.8355170330918003,1.6277590707367289,4.019878725222386,2.414568569942006
2.846780291540426,1.937424462792321,5.720337308397906,0.9664767248686726
1.124312021176498,1.3706789147657854,5.794862873513324,-0.2535621386702641
4.54384358417007,2.2810961720164205,5.311021063131247,2.50562870845777
2.6311963658583943,1.1208951946914696,5.382235908470998,1.544158598474762
2.6585602023903947,2.469057659687946,5.4513805143843586,0.2125541587429267
4.401127409425918,2.053393371968465,4.824991256678712,2.5944009093118474
3.3839642010979882,1.0025337345960292,4.437225822452599,2.4446443163553204
1.7344840798851946,1.928036606259701,4.252220941233577,-0.21715813073627208
2.330579390843087,2.5883949364778873,5.563740715344829,-0.2912537744079618
4.156502414281817,2.1933023916094307,5.052957633201375,2.179196592708483
4.888934129585194,2.3417828135889547,4.753156159161591,2.927050855152261
2.2305946876489253,2.1345425177161967,4.081568898217246,0.11269093947678031
1.479767402023311,1.4203177223832306,4.487863416639726,0.0626710150084942
1.5762599623120805,2.2651767374410876,4.501991405525834,-0.7971736533494095
2.2473936431332135,2.0191123055124374,4.438200929595297,0.2563454138795754
3.791038921812406,1.7286128577298001,5.66036719965684,2.165895801412828
1.2605824366337415,2.035944517724337,4.293663965389312,-0.880661883174273
4.6099307252449,2.2659708546817274,5.120306374811568,2.6138508769805617
2.3342343906888856,2.0799992768920417,4.718939561388709,0.2832334872882675
1.5341713214820314,2.860396362258099,4.627474990397121,-1.68715187765687
4.526981424692369,2.5253700115596738,5.91631344745455,2.213380805041514
3.604815564415288,1.6685446953382734,5.70397709733559,2.024840476598257
3.0278755606727046,1.3084126793795323,5.482776538986469,1.7706196689872016
3.2357690904964715,1.2456162182094723,4.850936281275745,2.059197186167855
3.7081461030763108,1.2404320809304372,4.46675054111124,2.5687511060402373
3.9283808502007114,2.947492762060987,5.735042179395539,1.1434614282374378
1.5869472076868831,1.610004131526341,4.270705006058995,-0.024893620423026667
4.0575610790350405,2.0227941983774507,4.237339610119151,2.3156548587017194
2.9847411024788864,2.019505222855287,5.794995378529882,1.0297914114555073
2.0618873293835054,1.6580408886463405,4.20640434816367,0.4394233444301205
2.560933331992832,1.1505688944381947,5.912569920575403,1.4378514678457077
3.919507197954457,1.3296793758593242,4.439743638048615,2.71442541548459
3.5319897626290815,2.5381864133159646,5.943470403710179,1.0990654207084933
4.148505489127773,1.543976018668963,5.217787709011596,2.7266364724901364
3.131968209299607,1.0192017207550983,4.269197066106518,2.175676065276388
2.810552136243899,1.1178859724174435,4.735126543253464,1.7419050552250013
1.7997755264274917,2.628343026795415,4.883983625216396,-0.9830597402264002
4.842751096414812,2.6018551958098004,5.06432976365277,2.6119697061306386
2.002348453453958,2.0666886806881593,5.263851784589354,-0.06995775250739186
1.7153301556536698,1.091245662919242,4.717440940596054,0.6414832138158812
3.2538405251642435,1.296902254219007,4.606540678818248,2.039431286941665
2.1456931050096615,2.2402924744679584,5.558462691777103,-0.10336677414103575
3.914296172259566,1.2607755782853398,5.150287922334691,2.736789246786137
1.086141715188628,1.2862837086152736,5.687753816762921,-0.20546506662175035
3.2077120472894114,2.4213312426231637,4.529645189344052,0.9304789225671181
1.2415945016547547,1.4120806570066486,4.404982188999635,-0.17998453136854312
4.159658281061553,1.3621256961457158,4.077225738427261,2.9680651730379077
1.444384278514494,1.0007461940104034,5.654321814995658,0.4507541224798162
1.5990388687893637,2.118946973799377,5.280335510474455,-0.5676156553119927
3.1790272982698697,2.010563477938989,4.781747414661632,1.2878356615282722
3.588355007220746,2.114212612775379,4.196476576919183,1.7065458159403664
4.074609948307009,1.5272041425693113,5.293087145632311,2.6605553916181934
3.9051495933916476,2.7949045603612994,4.882106972712738,1.35409068171631
4.412733032790541,1.8022654233289734,5.097550439086409,2.7907092922125964
3.365884150865406,2.1179848163744266,4.9011195770358045,1.3837794699286148
3.4154327366177015,1.6612469070627216,5.884995633723792,1.8285520481626185
4.739631948003009,2.7782201920337037,4.637383736894742,2.449682209350468
2.8847899589768637,2.290670375077588,4.0028018184065015,0.7244764056797821
3.521027390379972,1.0642695219329936,4.6531026412355105,2.5236558195501866
1.1927839169186396,1.6519500401596108,4.568129318019892,-0.4924965084986572
2.7874680076906775,1.4563249587851554,5.166623210663005,1.3873991698233201
3.7169452020219507,1.3134206343822834,4.362965819507179,2.5204428964038095
2.4615166358339327,1.0943992283154729,4.058838680062939,1.4196987993741088
3.0129558120471023,1.757099103728436,4.895370620363393,1.3455162771905775
3.4164431236644055,1.7457061458557392,4.667828073287402,1.8014618180548194
2.43475905750653,2.432934494873944,4.0021343120360084,0.0022979189880108345
2.5917666360547438,1.185801628498911,5.354582789409289,1.4417632895770844
3.1248794215203737,2.1149904976850578,5.04963177794139,1.1121392253076803
2.8355127172593093,2.780853989595811,5.417452402955959,0.06368989848764867
2.958046488503121,1.8761349075184637,5.218840333206597,1.1594213261922606
1.44821850799612,2.247248411948807,5.887560927814881,-0.8644809431380877
2.468944220093631,1.1578370636924116,5.097044221462679,1.34630247290613
2.692191274932647,2.4486873057769456,4.204596715862484,0.2995444701809903
1.972259256339151,2.9696284675723046,4.404672558954826,-1.3504438541254644
3.8846209007013677,2.766832989223703,5.798892468413801,1.2719016493540427
4.522760067730132,2.4250042452889535,5.304303933737542,2.358683066663087
3.0091867991101515,2.900937143632425,5.964109285592591,0.12389275388797821
4.377919650297226,1.6640462754824432,5.834933146719071,2.8314583564276896
2.0537784988897623,1.4250516793828294,5.0472011703581305,0.6553928190781664
4.04403675512202,1.0246126922677714,4.892659682276921,3.087894610700226
4.9199437902702865,2.4718018428787913,4.735042203285333,2.8702686519005045
2.558278172583939,2.063505027317685,4.809757058215916,0.5477439790078024
2.8296549689686232,2.605328481723885,5.091224996060464,0.2611037910758301
3.60149119452136,1.2157747256142282,5.716060149430768,2.4415829571810637
2.2852490648507504,2.9761233187830003,4.863867403312909,-0.8734768557267409
4.1501603013533055,1.6367834203109572,4.040967320848779,2.74897601537283
3.7910416794384814,2.9426790051846616,5.465011487348027,1.0067765870433727
1.3459109817952495,2.500724133418834,4.6018006087583885,-1.375663488023929
4.101357461219158,2.739186176891157,5.007460113595083,1.6272137476950856
3.1477587902642306,1.0326444082939743,4.772435988723781,2.1664374333756027
3.1953159347538658,1.2699820913434898,5.714947090984162,1.9747088952019813
1.3543132528962993,2.6159791840467204,4.745585809939711,-1.5121658871570296
3.37540647541421,1.6438382628187589,5.022712725079901,1.8324887334790751
4.3726566877488455,1.817159820311959,5.20600162219902,2.727015951898742
3.481054889004801,2.102407884752524,5.920655965886144,1.474757835193574
2.1306432740676255,2.3139432448575437,5.3465462130373815,-0.20332916786846855
3.9897719892576964,2.8777925786432688,4.164514625304399,1.538371704770156
4.438024945109726,1.862141200507206,5.294185422323237,2.751717791052535
1.015300250819759,1.5149906586030897,4.06375777958293,-0.538511967753132
1.00485183829886,2.9187867083769645,4.076947381160696,-2.741329298329451
1.4276753925784962,2.0007786051383136,5.34419370252319,-0.618051696535272
2.06951289265888,1.4320487501781056,4.040670949869977,0.6817137448601027
2.9981412798567892,2.8356406682133963,5.982455953021776,0.1845488985995955
1.5677650988973535,2.998015997661292,5.211841232472052,-1.7484931594511957
2.342581379453701,2.3900565713638793,5.1386599925606875,-0.05362904912891304
4.514929800061502,2.753381045062318,4.6629216391160675,2.1827028427058
4.101271716215946,1.7906985317202004,4.7979105184508555,2.490536906140887
1.8288031444441066,2.860703278994666,5.679905317022409,-1.1944590224869267
4.8887345769608626,2.0138155345867936,5.890757100110596,3.059235497961069
4.830098869906404,2.5855077059799427,5.312141410195075,2.569475965805866
2.6783562144790776,2.6278447519496666,4.305214876496496,0.06376874298684419
3.049741642711146,2.6221541804938773,4.564424183409999,0.5223902658722546
4.264545356614393,2.7753645906872624,4.931601043459506,1.801546395065871
1.028301435619385,2.114768651761055,4.0668998521532975,-1.2719579284994118
1.1551396052316174,1.489347584439666,5.94485794587779,-0.3452170882132707
2.1697237803233462,2.4975352414176224,4.164345716108625,-0.4096654757647339
1.9159900544096309,1.7225119942527982,5.022614515714741,0.205969448487846
4.901126442200312,1.4396581342332817,4.234262342195709,3.680750207053173
4.770207026855842,2.2247416475541852,5.392579166931418,2.7943522510283536
3.662710265562802,2.8254227597274033,5.580340537868466,0.970940046638633
3.3189231883040864,2.6660716055477605,5.24603436729114,0.7580412275063787
3.7027520834431793,1.8581053289580447,4.041380733395168,2.0772158507398344
4.514439548721545,1.953042473757459,5.187643962445408,2.7648189590839394
1.0589336962743974,2.7769204801103538,4.052972944303844,-2.3585891396814924
4.674737717293776,1.6744045310424898,5.932871181384643,3.1274703481724324
4.940547158327837,2.193935101197709,4.385147050128214,3.1721713266525504
3.9958211797555405,1.2804350445843473,5.903911350128109,2.7815922897620613
1.9527074155778115,2.439598674053714,5.588920948929866,-0.5411699276675362
4.42606806694209,1.309632501909741,5.455405660794609,3.210312492386239
2.708590093012595,2.383936897398203,5.003746067702343,0.3692546643556112
1.4214127663556924,2.6099434977417486,4.132919691071928,-1.5328464437165275
1.6794037630834393,2.067387370040519,4.26816232946448,-0.4434803030246579
2.2485652405455707,1.8237223047461766,4.561446025282543,0.4635002329118643
2.235682794790456,2.5230261111311423,4.689408150985872,-0.34088718621878383
4.006020618114872,2.7584764186485495,5.2871126112746545,1.4623536200377627
4.162384197332596,1.8838030322062294,5.607830863605218,2.4191604719348243
3.227921147736211,1.2387760805946584,4.765293522043647,2.0599668733531935
4.297528329321249,2.161805840044062,5.423837392572658,2.3286874162383966
3.1574054398505704,1.2898761835005055,5.300835986231383,1.92540215454661
3.9248784469478424,2.5235810762855375,5.30881130399475,1.5927581211746695
4.765443126864014,1.2788146733477312,5.176332645381354,3.598161938172398
1.3900017255272084,2.8854634467438194,4.518150289239207,-1.9434020266941343
3.1863945583584763,1.6017299079725236,5.9007383519062895,1.6464839266861
1.4633255929828306,1.311476943583334,4.3513225641593225,0.1592541855120141
3.7107231148332693,1.7462788661150057,4.209683445394992,2.158963523440687
4.561883789888357,2.065442446733276,4.681813585932538,2.7817763705167837
2.2407738945145392,2.7028803928241194,4.956411129918907,-0.5512941150116638
1.0763238762311307,2.4022355457008375,5.984709979539266,-1.4476522215821894
2.9245122038519815,2.1481819298000677,4.210021965646201,0.9026848935787429
1.0304536584514348,1.0091969082064431,4.644629432464745,0.021777030691721874
3.10321350280713,1.8326833111910739,5.039814979919488,1.3639042018053928
3.219111684750228,2.871710189926561,5.662064567570663,0.4030939047701635
1.1428772328858754,1.4617718642566595,5.048071004272055,-0.33316866898889863
4.916019258564682,1.898626396673175,5.838531312943031,3.190816853159671
2.2421826202505515,2.49770749287247,5.898652783354049,-0.2820594519420078
4.5828094177408225,2.9382098568439297,4.9548021963984805,2.042471719229908
3.657747122081277,1.4886120315098506,4.250383092524475,2.315809921636833
1.817206587342136,2.4326704152666188,5.49094166731063,-0.686514571495009
1.1763634699964278,1.831636798571289,5.0739286159244426,-0.7026534328149758
2.4567125445567997,1.3456770087046843,5.304836025723144,1.1486054350375339
3.8139245189333315,1.70560995329306,4.790349991161488,2.2561693742390783
2.7235781034417355,2.5347433161665593,5.831648761327215,0.20967710393562977
2.369974022746619,1.9069902982513922,5.889409511824278,0.48934701032941813
1.721454681346552,1.2269169544567076,4.910198745795585,0.5107388224558687
4.621002541935935,1.9808356849907993,5.064383335689112,2.868701526202894
4.041368653006981,1.5983190622629155,4.519854828384863,2.6118020408043305
3.735484445454239,1.057963059610937,4.329690144518442,2.7612225673933737
1.5108367554778037,1.4005765445897462,5.421355148571226,0.11413475578330234
2.076700249098227,2.6881000288919195,5.910908869196465,-0.6864960921514814
1.911156744904111,1.2707928270658566,4.107425939256138,0.67340413454171
2.5696132625798915,1.7826586642350042,5.663689502517682,0.8290942392166607
1.7710455866608634,1.6933965272531335,5.121011537835665,0.08227764778023526
3.761504444375733,2.567322379496977,4.388646202319395,1.4724098879667833
1.8535262130770986,1.4477830958926563,4.278917153980537,0.43117403142336336
3.6717953527158214,2.124714088649329,5.176240016492885,1.6965989391982592
2.5220836755208436,1.1560397303014374,5.259069049213603,1.4002939775427854
3.5488362801178557,2.142331968179281,4.168205094429871,1.6396489127833684
1.2711814576448601,1.0974387487048551,5.157800439036772,0.1778143482164503
2.146014442726757,2.7151516512821594,5.757003750695776,-0.6454275335536823
1.3421988859348835,1.3428520661347723,4.356414407767222,-0.0006866139540089928
4.630673781816905,2.464286816358684,4.69039289452955,2.546110401825052
3.848400436951218,2.768789510599248,5.058039139868589,1.2900601723414769
3.6811935167747216,2.974486984998036,5.380995036461688,0.8480516094765073
1.38907219217174,2.510696032731173,5.557962625544778,-1.2572074821437886
2.619939741212461,2.6584174017405604,4.099606022773913,-0.05054527020999463
1.2088321501387749,2.975388235296108,4.12668674666155,-2.5494255571830466
4.203550655889022,2.510325700189294,5.594471537901001,1.894677070266056
1.4945857383274714,1.5488309861939322,5.818306227899816,-0.05627579566992274
3.1487688342613924,2.607757213140271,4.5858622373446,0.6577020496972451
2.5259701964441845,1.4251983875354135,5.925005147938705,1.13406883539358
4.049419138756657,1.5833083004684274,4.8567957544860905,2.6086189779415285
1.0277355591631334,1.6443660597563396,4.138097221093184,-0.6719615674446178
4.807172300254109,2.2915913207353245,5.114724598955271,2.8138033948942525
1.8724575267116141,1.1564103969954276,4.6039398064805175,0.7397633504173591
1.0435542646373204,1.7774437404489756,5.371024494747452,-0.7777098377142325
3.7278108629669844,2.1892685915424313,4.332654081457141,1.7828938362878495
4.205135666959334,2.554609815131688,4.707547716060311,1.9650267977988634
3.159220617353226,2.0479026348262526,5.871198913949176,1.1857911455174583
4.312176313012968,2.0731739709516064,4.041605487894561,2.6083022286289212
4.68531500482286,1.3250705050915548,5.210891125663597,3.474455525257802
1.9948854304679409,2.312393943528023,4.050619344041049,-0.38671618209524605
2.0405510095164137,2.21043605088269,4.0141253282261555,-0.20352175054149804
4.3127819944721,2.3721490641168255,4.732339889395591,2.242742150323501
3.642187800149399,2.2790350847416034,4.193845929955542,1.623847471757267
2.6753951081077787,2.7109907680614116,5.030790530753501,-0.042255922268563374
2.124421323132622,2.0704285136710316,5.831094946429601,0.05775614730283747
1.5856533323627087,2.151484191418077,5.167772349011173,-0.622329092487833
1.6715242525582283,1.5616656876520065,4.854212868727297,0.11602689437128928
1.961802259090363,2.5006566689949334,4.293235315657391,-0.662914786660122
3.5803948949744537,2.9631748473039576,5.697676891148446,0.7226340357158454
2.8067418972651033,1.7545924420388408,4.708276038682155,1.1338215494006794
3.875742939004149,2.350948010226472,4.803030955271586,1.7485796379687644
4.642257555510323,2.6373411460044642,4.864922507454378,2.3859385173718164
4.43537665202454,2.3006927058598654,5.128605886687131,2.3885039711384013
4.68713110927359,2.016863903497664,4.802754711624209,2.9422734972262745
1.350996937079437,1.9408015577229487,5.454197165762245,-0.6311119814944415
2.973187415221841,1.309463480824162,4.106338138413014,1.7553676780331169
1.0030198867431768,2.22320813282877,5.642972384120022,-1.3275617280340424
4.611103618579362,2.16555663608528,5.971204453095593,2.6242056875129016
3.837408012138131,2.0507530996414727,4.510916016333956,2.005932533790379
2.0409855923665448,2.593332566891331,5.920234960174177,-0.614433803133044
4.835493010927186,2.74483239493008,5.430465558695228,2.4229556297831434
3.062733804305059,1.8002803670226935,5.317234917336828,1.3416944860146296
4.989425171225742,1.5598606049026271,5.485520558102822,3.5772413706750528
3.220563136304677,1.146024924670033,5.701745380774163,2.1177570302739324
2.47516669623348,1.1060690571446217,4.689896305426607,1.4088385858479797
3.6486743433675652,2.454030405243379,4.001377749883557,1.5124891794738167
2.2705691890051827,2.7985773490748125,5.02810193812784,-0.6355501212310383
2.9819810356504477,2.8896288866511086,5.475977260670587,0.1087217472706945
2.2586939582344767,1.124046897781523,5.3647288595977685,1.1604043148188241
1.885390243403997,1.7331242704782686,4.80720483718765,0.16324431500358363
2.5740831741221903,2.3401848246963812,5.725621743878901,0.25628226066476517
4.399583158130461,1.5531270626517888,5.6061289913518095,2.962410393958898
4.572960854454134,2.9785446220485317,5.527234953010608,1.892753402700491
3.5350138609663784,2.3139943369835,5.298359966311059,1.357308464078716
3.1343344232316164,2.5356483603404976,5.344406099748879,0.6801063794303773
1.3251415754998308,1.4374317508717058,5.10280697270898,-0.11702937353195936
3.920065402231879,2.841128573574151,4.226133353142043,1.4574309390885791
4.257184283771627,2.7985487851525974,5.049069682557555,1.7524582405747375
2.1438741456572914,1.360203320351079,4.104437309484931,0.8306076617253273
1.2719305504806084,1.3217324247701296,4.475295096613045,-0.05212714640586591
3.4835399664481237,1.3957181658264963,4.960196877301672,2.175731444048008
4.003861244397116,1.9499739490131516,5.550143121763755,2.1937408143061616
1.9251604981872719,2.7021599254808586,4.384468316241175,-0.9866542794410237
4.538201059328459,2.1104723571471715,5.100008671091463,2.6667790305544754
2.3231099386049743,1.4755654371337799,4.145533574312695,0.9069415328803453
4.469417810026428,1.140059621632676,5.009045425224521,3.41909341922746
1.1944220608033245,1.5341800952593507,4.29451127390035,-0.3637620237129281
1.543421687865039,1.814610443745014,5.984123890681039,-0.2845886021075865
1.4820012390881652,1.8918941348765166,5.394230220448506,-0.43769609298820283
4.588876150613453,2.3383834055174018,5.968869710910664,2.4460120561885828
1.8206070385102668,1.7904829925814258,4.979762678835222,0.03228296607045279
3.9558618603086613,1.4573872518810047,5.12641401859485,2.6060024584837485
4.686843434517055,1.9070251010816612,5.863335489018654,2.9396484359969635
3.153841458335745,1.8976100080668972,5.719643370932004,1.331656381661848
3.5571127251565047,1.8625008433405028,5.387496295830738,1.8059637701787765
1.4533080257429791,1.7545415079021085,5.118890223305163,-0.3206577525460337
1.7719757146890185,2.605074323925807,5.622069286602995,-0.9401145437682514
2.3873872237127918,2.4785888816777075,4.010407193913031,-0.11601090637204127
1.161443070165174,1.1597610096656592,5.4448075152470405,0.001721567868409467
4.870044410242114,1.875707457797507,5.15102142311349,3.215073893644955
1.815932361793665,2.2143301837177884,4.745141896869804,-0.4504515576175908
3.9649480950828884,2.9081210637226005,4.799397555815827,1.3284824929737666
3.0852854282625723,1.909379272081019,5.935710611599097,1.2419144082997433
3.712883054876917,2.3317875215156967,4.60369541033913,1.6017568479888187
4.561450704818727,2.774959409618908,4.8989933127697896,2.1677913007251486
2.879258364880569,1.4596158884949058,4.459824464960497,1.5023831435170607
3.4781376272023476,2.8907389655988176,4.564557272108596,0.7590056417904898
2.8087595574511544,1.3182808505548098,4.211746946950322,1.5693332977421324
1.190100766700248,2.367868130649513,4.087292386298933,-1.4449412004727422
3.0675449634914864,1.6644334297934857,5.196784207761782,1.4811340570522165
1.3283772728228165,1.785101406843821,5.784627373928086,-0.4801588405711062
3.284263401085132,1.0058871912697507,4.162416832264058,2.3479672982882684
2.1672098710415346,2.5749467453290515,5.410705235598295,-0.4636006691228845
4.871653350764201,2.497228660215494,5.220342235820066,2.7038598915800267
4.036208886885163,2.647524740879109,5.034174495756521,1.6327088537261778
3.4173353241571616,1.165102526836208,5.994922671489832,2.296011766032523
4.189973926530175,1.7209492086208407,4.692796333871822,2.653921352494766
1.9759608811041396,1.451380805515006,5.16594036497383,0.5465959505095804
2.286796625672978,2.278024069857424,4.7579912203953905,0.009992253077202029
2.3150169162951344,2.2522797182049006,5.438591858627257,0.06892545600866348
1.6131164703060903,2.8613163606992673,4.851898589407395,-1.5455678551987122
4.322965114555574,2.755504728375432,4.448374574531769,1.9966545175830648
2.4476749216511027,2.2542663320079663,4.181397945297071,0.22963859513754561
4.299934891286778,1.2089832072108426,5.2881961365734576,3.1750396696153977
1.5511837283463694,1.4577915624758466,5.075545120914747,0.09750034016687185
4.258396398116011,1.9985202783863756,5.342044868683389,2.43682956359997
1.9627814791601095,2.907954473347862,5.922915487480118,-1.0849363121434297
1.6230037110383724,1.887788799179782,4.544450849558361,-0.291088916565098
2.2388506444618486,2.6500774144082624,5.871436469131184,-0.46083748675066266
2.2928188176679085,2.542036685798851,4.528863517482813,-0.30112793603944016
2.7159329284268363,2.9819278771399205,4.291827796580853,-0.3698428826048228
4.08765915771967,1.2643176495081754,4.388728458722692,2.9483347706256993
3.1331846941892483,1.4453460918552843,5.289019653364822,1.754625748802594
1.1960591089672463,2.5937865543207135,5.86748813411784,-1.5582504887476303
3.228128943112674,2.9978771953191377,4.552599608741717,0.30594881373129107
3.9769534197403806,1.6313005971193153,5.8947716808221085,2.4409836375043867
4.272139312307814,1.0073890591458712,5.1603020449912025,3.328797400692771
3.0281998712863865,2.6829573620427425,5.553199494403763,0.39431742376871104
1.3869773591574952,1.6922644861425606,4.9800530620098575,-0.3246027295448266
1.6286306056581883,1.0839806885490564,4.551766644875844,0.5607838940713883
4.643870231990753,2.980406572865399,4.915573157374337,2.091824720160808
4.049783456383233,2.690157079351671,4.611754964791418,1.6739259830783095
4.158037980419179,1.701727764484056,5.262759104679654,2.5957582671846704
2.7416954295836695,2.8656487985267205,5.55836729734856,-0.14466068113652011
2.5154355913397195,2.3649173169084454,5.310471470110519,0.16810808982720676
3.735982581998805,2.5724887526012687,4.671365046115957,1.393893624692837
4.9988609062086855,2.6389250233852346,5.10600294396043,2.756646894953634
2.657267861456623,2.097400364046722,5.779282789701325,0.6008313089714742
4.692163727391295,2.8591652367809255,4.305934542930986,2.451425878137483
1.2043225264749755,2.935615383509786,5.03880234456051,-2.1301462835067393
4.089412626905574,1.0570615505349255,4.724678798303417,3.11121822909362
2.4680115206791875,2.5705480046618296,4.391935314036885,-0.12645940069240927
3.7206572210659346,1.54366666680777,4.627222803198601,2.3092829166081166
3.1470085593529076,1.7605584472840634,5.08038021844758,1.4780367443731153
3.637087298284735,1.6256895324108993,4.956537824570683,2.1291807067625257
4.599515834653967,2.377307969399491,4.990655221208428,2.527376621296197
1.6001361141334072,2.0391463990420657,4.84236571263477,-0.4840183233840853
1.7148402394694102,1.3726899902655496,5.434689166625278,0.353615818897236
4.6403159836349985,2.437382087306207,4.141390624566913,2.724829529011808
3.664831498283711,2.9643382459835017,5.003081769562645,0.8695637039658157
3.9989058537606685,1.198683426209634,5.362297827731557,2.8729218454000263
2.958421942630709,2.7477700978340485,4.283025950078436,0.27461442222551724
1.41597621980446,2.994395923463416,4.495254478321299,-2.116294583014114
4.445760470949477,2.109983503350348,5.754304276627311,2.5106501381294835
2.1010547486995788,1.989084404409094,5.52710098496522,0.12001118926699825
3.0593276258157416,2.4757445411372387,4.538613196898392,0.696299562963908
4.637279890137938,1.2077680722929833,5.589696731900908,3.5124844846018757
2.5367831498391515,2.0063812735331537,4.254219151242333,0.6014983278024353
4.923513702304646,1.9059640658258716,5.402660481041675,3.2248929916883324
3.9128101707696024,1.8996936857878746,4.180061964655999,2.2599876551129725
2.8334776574728178,2.8398004295947894,4.6233713229303355,-0.008012340520949129
3.4287855926667516,1.25936308847133,4.022126228696651,2.2842824740813854
2.7288981314212943,2.5548163452421364,4.249582350490842,0.217846123105862
4.661626329663138,1.1071282936216233,4.873962975268241,3.649908770442589
1.0931716549933688,1.8981876872539818,4.790044681676702,-0.876798929872655
1.5301682377469459,2.074814571203145,5.458437652474415,-0.5888445973292152
2.453032913470811,1.3497636386765774,4.477703742547654,1.15709159748382
2.9517091962845265,1.6468692184618299,5.2176630293475545,1.3751352678972497
4.2053322194783025,1.8246521810038807,4.65506220657706,2.5877594947488562
3.7887055825449534,1.9944939126342758,5.254793048591379,1.9393353937660145
4.492905652295132,1.2714968703505216,5.468502762468129,3.3121847116984484
3.6016752090536754,2.2020547546940206,5.0329926424696945,1.5565057004820892
2.499782333200916,1.262607321860273,4.431061831950096,1.2906815376357532
2.1289295442580016,1.420798248418689,4.597905993556132,0.7445714904309503
4.716051588450658,1.8020875792230648,4.675239652976014,3.157990617909125
1.448932824068172,1.049539591730431,5.659394120534056,0.40644359122490586
2.1281337984037427,2.5326909750093254,4.048969992403194,-0.5185219571983665
3.707948305387778,2.8771186123617385,4.166709980371507,1.1486159268463172
2.8662284963188682,2.7348702484114478,4.36942429788119,0.16843077384066
1.378835858297856,2.7895836952909607,4.314322652372871,-1.8493352692258247
2.2289909866295794,1.5698199301039133,4.821500492029979,0.6971578344523581
3.4106770064209466,2.0007998567568634,5.576495812584318,1.5104461399292262
2.4707306844844736,1.8761678054726827,4.430441828066885,0.6563161806117539
1.2005538483925795,1.7473273596694179,5.918303436582111,-0.572284385092953
3.0142272163089494,2.917150710583601,5.331881776980893,0.11597349758672526
3.6772681583373283,1.8471302056693577,4.2375797276068425,2.033489719598193
4.569144715172719,1.7729196528685571,5.067100590507975,2.9848961883021956
3.61979983305176,2.1535035977511026,5.14136659773383,1.6147718389813654
4.030765592835612,1.6446739338047622,4.592911027113258,2.5555578410934543
1.3541152144653905,2.861982774061298,4.117755849396655,-2.097242390345116
4.999286612448766,1.6983282685355348,5.66244312492272,3.460263065335467
4.693160050199527,2.3450248667536577,4.643348682939002,2.7205751626906967
3.0262090892666604,2.5698492232441126,4.4330726710834085,0.5600672563563986
3.5309170150888236,1.2370997244946984,4.986997809928194,2.3678275669840154
1.7141316368090447,2.8511164294571296,4.98747423478734,-1.385732275217796
2.009086280801797,2.3684138780806085,5.2153837631109115,-0.4033128313794201
2.333157860717379,1.0878155247445824,5.3813003504891,1.2715942440320773
2.04436960065476,1.2740772431700789,5.568485566895735,0.7912826131008203
1.2129949090053276,1.7453255540487471,5.054001514812474,-0.5672268126479272
2.1281508744810003,1.2238325474689091,4.453882749403164,0.9405213755434843
2.1380574100981717,2.8469531227439164,5.502845187143125,-0.828373965812892
4.151680828848247,2.7677534361916423,5.461333420209135,1.6053555576161191
4.275830878517613,2.681965418146829,4.926567849010572,1.9000977397139422
2.9364925493668945,2.0968879117747283,5.62073958911007,0.9049353983887074
2.540768130097002,2.606479954533893,4.599425553272547,-0.07975448509405768
4.404463639312949,1.837816669563052,5.209547709846669,2.7430033107711216
2.6401129289414644,2.956796310486201,4.677614174279816,-0.40869042597247274
1.2808512954717703,1.7589811255318843,5.52297673745377,-0.5043945887742363
4.504715935576263,1.4323086208462017,5.613971434071042,3.1775656596557917
4.685881917896531,1.0322275191142245,4.619465029919848,3.7484335670978592
4.581618628410921,2.89763966950429,4.117382968912902,2.3703319232786457
4.667822869113196,1.1166624637699931,4.198892036938425,3.6838184496095314
1.8364301703934758,1.6683136389444402,4.415373209585457,0.18157680713869306
1.1458927460834274,1.4726894049987596,5.07697785365798,-0.34147859680033027
2.5183395315419435,2.7576436998934493,4.644856854370586,-0.29738762742387426
4.893953281786314,1.8665055819988647,5.061060076407571,3.257036803928661
2.3176201579819833,2.437272399118921,4.439628726186782,-0.14315298821635664
3.173349982633395,1.523295587463903,4.99689118332611,1.7325209997202187
1.489605163186535,2.5848787624920675,4.150395110983842,-1.3999277702795592
2.665390530526235,2.5350896041394897,5.689685786629924,0.1455465369105618
3.7075879090746,1.8439445375882861,4.916188072434126,2.010415715985195
4.481468145270226,1.5884792309082292,4.5720460376657455,3.0851807240226785
2.179102037652505,1.2144974248656561,4.859778406908225,0.9962149203691749
4.316478570717081,1.127344782791487,4.885708007932298,3.277580472499679
3.528582195618549,2.893171878593939,5.190868633354537,0.7653035083669502
2.055975115839934,2.578136447065441,5.772968929410038,-0.5835900778659958
1.5803376167971672,2.284077410379715,4.829123775349813,-0.7987300995916061
1.1924971119759977,2.315575740223484,4.365898944568531,-1.3247578904256474
3.7301252312465203,2.6291509085307117,4.353198851244209,1.3813706587883285
3.6064418517998735,1.4649817381314816,4.426142593967476,2.2693699339361677
1.8607255521638435,2.437017409162044,5.803150922054801,-0.6349984099115606
4.184718553784991,1.6544746198256801,5.0255033542644725,2.6796200400454144
1.2562888181597596,2.1593785712933,5.249654797961512,-0.9907914156890574
2.665817574626187,1.3246094968706315,5.659707368377531,1.3795222729333736
1.9804904704489168,1.4133318664451124,5.261667202937269,0.5887973430858595
3.436585376825174,1.5469123821773323,5.689162456033962,1.9636555521942183
4.979566983547681,2.1791005665833536,4.802239320391263,3.142636465114519
4.86270914343779,2.974932546856615,5.129760986634258,2.3172510089442127
4.825452399088431,1.7373097944971407,5.268880566704395,3.271077078208565
4.8719039450051795,2.6422032413918837,4.799887791507421,2.6707681643352514
4.185684832009288,2.822794743391867,4.447892740276332,1.7635493722158941
3.402975881945213,2.676038000149995,5.569023610087584,0.8289078851264693
4.114439971330918,2.4160175532927903,4.407753321603405,2.030649253007692
2.706834012440556,1.1851127416485199,5.758949789417509,1.555003059613639
3.5792059584493856,1.291810215102964,4.873210217144054,2.372262696921603
3.361457701057938,2.636032709374314,4.517823670469953,0.8932355357179173
1.9773890719121519,1.25184810110341,4.540353480137105,0.7547975726908801
3.118148628007564,2.6123395650469714,5.128797878966492,0.5877666377740434
2.6360148613817365,2.734919219443432,5.68243324525463,-0.11283246454638772
3.7525991896647923,1.8115843749725498,5.345350296089815,2.063111052130573
4.438473123856334,1.9406725765084853,4.5591168757801235,2.7603691679555085
2.281927047021162,2.950001988768791,4.7410415356662545,-0.8534021259069206
1.9455014956566732,2.0899812121521713,5.926396657484645,-0.15439942935443388
3.083992241189157,1.3482893940696428,4.361041930023095,1.8251194126415515
4.548505202295543,1.1761926430383105,5.4568291674153615,3.453490683805726
4.442154965763711,1.7343233207454536,5.87355858266173,2.8342034820421964
2.769346644412293,1.6672288056742077,4.820006962040357,1.1746247569515944
1.030883872888864,1.6694556749547176,5.506925247779364,-0.6701063053449731
1.6347782830685271,1.2748866803920857,4.510450426238526,0.37519091359193585
1.9977674441027613,1.1625330908717286,5.690175494801597,0.853231377882649
4.4380490347884916,2.980012768141397,5.6797351263148395,1.7127115775191313
1.2454851224442427,2.879901490816067,5.962782169296959,-1.8665569487672538
2.5386589244550835,2.2131939637903604,4.771977249760594,0.3673646162432434
4.8391382411867205,1.028172471178572,4.308489155737105,3.9243463713167634
3.6566121395766595,2.3494600924669413,5.664649169591364,1.4365387458148315
4.168781131280509,1.7197760054685496,4.649721625154781,2.63593245151483
2.0709284297167594,2.175664421718186,4.661634394799437,-0.11842514910834653
4.999958513477155,1.6550092726052266,4.217110413005887,3.6367120825100585
3.128486394686872,1.503891749481274,5.498774821820989,1.6889904448599289
4.0774265278726745,2.39216088753542,4.048110655940198,2.089031905608875
1.4573366602803146,1.9448911579665582,4.61961782763932,-0.5375122770745732
3.796722098123066,1.069245741596501,4.786943930791914,2.798173910737002
3.9861853995685346,2.962665682530644,5.363901005282638,1.2277971567738475
2.169443998454518,1.5721077753020487,4.140498104700097,0.6456896091955177
4.206010941966008,2.137461568046878,4.392563235708624,2.367791380733742
4.160931864943109,1.4607633309407475,5.891430701227888,2.787202944521999
3.3237730661377456,2.949926188125069,4.033020785205467,0.5482411776627699
1.67287331769829,1.65706028536647,5.346943675773235,0.016631876669568783
2.6072977159825093,1.984025643139588,5.696023454625937,0.6649110994058038
4.707460613060648,2.531859440263926,4.331450353534667,2.681383472882111
3.051130131594552,2.8161403244193277,5.410939384237213,0.27519907843468444
1.8346152683380992,2.481100837288313,5.935040007786659,-0.7116535923602896
2.5401814202811375,2.2310040504413067,5.753797943201869,0.335418190807945
4.578776247667141,1.8882140591111662,4.250798147364321,3.00310579082947
1.6466623324793908,1.0815951649907942,5.385226195067014,0.576821017607445
3.884591367424538,1.636643611300845,4.300971155661373,2.430820710260791
1.0097150709605685,2.5441623900472794,4.842838950421053,-1.803345692837297
4.6866062747840616,1.6256363419324638,5.038346999206468,3.233928790336368
3.720422732362575,1.9509394586176614,5.415927223477757,1.89682394615354
1.7466951971052236,2.1630939328142897,5.9208899926601175,-0.4473187167987469
1.3242596180447563,1.2034659947724744,4.179297164675083,0.12613641421745647
2.318352320894719,2.030980094561766,5.887535118928027,0.3061657879430094
2.231731895729924,2.4592866015291235,4.602091938092518,-0.26921856515269593
2.991494783648969,2.7562026856885264,4.294156317237291,0.3068371604162418
4.060679927355681,2.4820766459168473,5.836909061269678,1.744155990452983
2.8640701267949678,2.066724024873774,5.05613333241711,0.87366628910738
4.081793026998709,2.1452520789929674,5.443266748233106,2.107082317632109
4.592113011684447,1.2404072596040592,4.26188467761076,3.5033706532318063
3.4867168545303953,1.781389594338163,4.14441928875905,1.888700132818373
2.028248947757392,1.7277848793765143,5.711023979203834,0.3152366031764867
3.2542623694506587,1.8363059727121211,5.008912582669619,1.5240687442757463
1.3998573576463427,1.5601216344593896,4.397354010371728,-0.17141529361339997
2.601457365388773,1.6073806045076495,5.3576256878450845,1.0420815520033149
4.833616070859123,1.710782827247415,4.304770896622085,3.4031182874951336
1.5218452368998667,2.6504773758641362,4.766169182577878,-1.3579753092855877
4.60074832218413,2.833659045602981,4.3679383365080575,2.322032851101281
1.7998591615270865,1.1122816098527104,5.961525742355663,0.6998669324377749
3.9454995070848935,2.6613522982279223,4.423700257169191,1.6076190222194233
4.409024964297146,1.429252720196623,4.969858440509087,3.1112039286071007
2.6469433949731447,1.9409609399101067,5.814944632044412,0.7489353700015207
4.696263629864604,1.9046976814651126,5.012787702440116,3.0179100039181
3.9842317577597215,2.5218057168508476,4.306382335280498,1.8041230748193802
3.4888250425214142,2.174514437786005,4.28048688868222,1.5258669712832584
4.967801358862524,1.033669667820444,5.8727946446381,3.9965237958566386
4.609196793801438,2.622104875962619,5.741795945822515,2.2336004024153877
4.161816957439772,2.497674045608897,4.600805152420122,1.9815664017776093
1.6769813810285337,1.8256825451370242,4.9712392099716,-0.15987263684613706
1.7671203504105475,1.1729324160489023,5.900266390686793,0.6062885599732033
2.29438819244182,1.487333242692446,4.43400531467598,0.8566895410410423
3.504583251251161,2.043789950210189,4.170216555352005,1.6758545628091488
3.077593075870683,1.1079926480769144,4.099252950407813,2.0457460126133657
2.269014904251209,1.3015694242522826,5.829566725181679,0.9924995847730266
3.4718039050362224,1.4535503066752422,5.115158862183646,2.1050328989032465
1.6947630168155592,1.9282737339928964,4.4458753925112235,-0.2591549365975831
1.1911500447890537,1.5693279607415358,5.8539833707155555,-0.3925462755288097
3.3071661669200885,2.37033620269501,4.824099578423819,1.0756285642309915
4.184181690765849,2.4886543837315083,5.161784248081133,1.9353140065042105
1.0565096997576893,2.6688171163517005,5.38725620524845,-1.8560683857006604
4.787131080736115,1.728699560944982,4.013204380273469,3.3889568387474776
4.453829238679029,1.7482987452802494,4.210764893903781,2.9739884694652496
3.8009281332434646,1.3836202553528327,4.781032481172528,2.5253712406432487
2.65597400941041,1.5067756909093535,4.9815125397904065,1.2056747968458017
3.9589429887795253,1.7454656935998518,4.9880800958258185,2.362865098968361
1.205382870311619,2.487027180901837,4.6297497748608105,-1.5194988690894333
4.514632407027948,1.6620069320401492,5.618935846890512,2.986248171260455
2.6679851555209795,2.792572800147437,5.208043409196268,-0.14760020927528517
1.9214382811535264,1.4651344521311835,5.833460064988523,0.47141481024505516
3.4756981059024676,2.7603377557299975,5.6573138425166025,0.8195344395662378
2.28492155149918,1.1936626614714911,5.852176724953895,1.114692688058073
1.0619371104307302,1.968033265402503,4.966179354904313,-0.9868967419514325
1.3486445726142717,2.648844572269584,5.666760783983453,-1.4707691683199002
2.3159013565499533,1.7411872504916617,4.258717043048938,0.6297543437192723
3.223412572739007,1.7050837831433134,4.453863252930848,1.643537136957157
3.524622679491593,2.847871576827621,5.147195677254064,0.8124347564329597
3.6781031595062066,2.488719515777566,4.258940882040313,1.4656597990607232
2.010210982718017,2.0190398076529,5.7865852228173225,-0.009420895112664775
4.085701304362889,1.3393228689577361,5.223883392011714,2.8413509677058446
3.016900885865774,2.451355761141655,5.447799327206982,0.6332788631894647
3.476705401228573,2.9921629991024936,4.903156871650795,0.611636034855008
2.949136403921887,2.867150191011949,5.587549283647387,0.09552054563847229
4.0839554521728285,2.554013249585675,4.176849067138932,1.933531095740246
4.278396164164869,2.2702300407531704,4.998996358504074,2.2540066159954537
2.8360092520191023,2.0988410337672834,4.557430285484898,0.8304780144743106
2.5733646101976095,2.6745058900308245,4.803049263917803,-0.12176554622740207
4.461231234224853,1.3619003835872359,5.455555353401412,3.200664290562333
2.1524329373225433,1.5588035468479848,4.406644247427123,0.6346642192429864
2.1072384565725066,2.7264928911409196,4.950358881966835,-0.7419248640865741
2.638396063447074,2.9226440754859695,4.263752385623836,-0.3903928888378414
1.5889282163458782,2.374821828190936,5.702237774554062,-0.8644281292103421
2.792209595261082,2.811729650222789,5.99703692361853,-0.022099606533886623
2.9693384561431793,1.0127993331080087,4.681248553345314,2.0040032606097795
3.0756563738113556,1.549243770457465,5.712282951545613,1.5858512022134437
3.9066948919780926,1.8557474279565882,4.209838462157578,2.284925068391183
1.9758118480518996,1.0114767027100389,5.871764981575959,0.9789694413199737
2.063620603924197,1.079027984389689,5.562239823349696,1.0036589441022346
4.220156608280557,1.018037462292885,5.806956864844137,3.2524915431056955
2.803684341899645,2.8137485608078467,5.55797373552479,-0.011670226521992422
2.529260538651973,2.0865872276918345,5.588183880098305,0.47718661349751323
4.298935471434339,1.4149962939529184,4.000303950785101,3.0832710235479066
2.096908178954726,2.865532000269291,5.935020559401099,-0.8777040206049882
2.9217074912183545,1.0318055969566327,5.608867446136253,1.922715366632863
3.080671094278933,2.762518006756494,4.94989843542487,0.3834202387137884
3.6773431627233224,2.437989655602726,4.91921302308611,1.4269262862449146
1.610125224900055,1.943563048707653,5.864906906981356,-0.35340732814396486
4.9433973012259935,2.145960746688952,4.741439174615954,3.1371412025323724
2.3297736832854334,2.9533519089040254,4.207768056725716,-0.8754501906689707
1.9600120591301695,1.095736831962262,5.210805099330356,0.8840416539145322
3.9381312154803534,2.1144673591996863,4.953181394348645,2.016650889397411
1.8389255454877236,1.3546843465172886,5.807549762182077,0.49797854868852
1.2407777347743938,1.471665859704689,5.63840184853494,-0.2391788434233412
1.9360599569465515,2.836045840184317,5.790611958735327,-1.0322669391008583
2.5661461707235684,2.798545587897676,4.313532044455007,-0.30539747622138985
1.4057472601373275,2.094788764784783,5.929418624423436,-0.7365372204361477
4.297667972811698,2.135986415105007,4.903478436969903,2.401502129232774
1.4870980669731595,1.571347009250116,5.762300918571796,-0.08756769552368052
2.5458414470475215,1.8219628152174412,5.150086918788691,0.7739275756463783
3.548825588270024,1.2606473666869786,4.542599851371332,2.381730672230994
2.9455921348158136,1.4205987874435155,4.240012619317857,1.6185421515307967
2.9667026019521363,2.212982764420634,4.411400461175298,0.8712817152803051
1.379107473809578,2.4179689899078545,5.867736752977588,-1.140167342388969
1.7497962717859008,2.873687080789943,5.960504999114116,-1.2828274695129898
3.7358329924983376,1.0673668813053854,4.066534933824624,2.765425857405174
1.7788302629744521,2.2284411312346517,5.3689014978600405,-0.4941908748328476
4.272460893035694,1.0323327532938242,5.35666367340109,3.302028232284504
2.22974536975865,2.0299346660738387,4.7990751733279104,0.22050829772175393
3.187660557305457,1.0921251959540839,4.0425567509239375,2.1764644270288027
3.2983119017761897,2.1280999253063717,4.484053536158806,1.329475988338227
1.4836547436037963,2.873245441289058,4.922483679961694,-1.7113805322862679
2.7915188177702936,1.0316393927884637,5.8084321465935576,1.7883120898330782
3.5948746408707755,1.4023093887722156,4.044716718995286,2.3375506296527715
1.944425744422595,2.514767862332131,4.691732939835328,-0.6755862107906394
3.94725768774963,2.736883375444969,4.767504918509449,1.4782187428266185
2.086776316617936,2.941858178325621,5.687857217696475,-0.999097685389447
1.9563952183208113,1.7029975193472129,4.873047095772443,0.2704505524560351
1.1158981696905865,2.680269136539316,4.968621823374734,-1.8578685155618568
4.574157154718227,1.9229212901628234,4.932602894893011,2.8790148761408463
1.5916582304350837,1.415660764864199,5.141016742653745,0.1830752480897501
3.857519475920411,1.9233779636985289,4.359734807935409,2.15521421497496
2.2566446249439713,2.785888890476044,4.774147207550587,-0.6517088649623074
2.0780862920919745,2.2243436152353766,5.981323212923538,-0.15755730132534462
3.2514476424726784,1.8404702112705624,4.398350628611503,1.5535260468965504
1.30476617707291,1.1850963619575965,4.179759144970561,0.12479089494973263
3.9852861867366274,1.3105628978202764,4.236193410715746,2.812712596115896
4.018226332303824,1.344301879828166,5.42598146654605,2.759971272087905
4.319045079204395,1.308286012255865,5.400940046337407,3.103177586732489
4.648512799810172,1.3573120043575064,4.0760144810062515,3.4904092829702256
2.966279850261498,1.7984504020793441,4.00038606699307,1.3074003130387575
3.578517694873385,1.8712899872031172,4.237726705940022,1.9027918923079525
4.499374561886718,1.0371454965856546,5.217053840642368,3.5327416427211675
2.345234745131874,2.6564058998492577,5.086043730968916,-0.3648962973451716
4.600994052526492,2.9635864854226597,4.715138302215872,2.1052088295108096
2.1087885653130174,2.420645608370423,4.2053040519807015,-0.381374223833419
4.784450812853633,2.9982003825789696,4.148675101509317,2.584372574360298
4.112060419526445,1.0841551769304096,5.5191336459832385,3.088071064284688
2.2997057975470088,2.8449835330830613,4.64088967788776,-0.6901698098624839
2.982383302761004,2.4799068608357633,4.518650639026263,0.601089135433675
3.279184996453259,2.749696001986508,4.58572771007073,0.6616259192669625
1.9361926580493436,2.8506454746096264,4.178054647303331,-1.250821977757187
2.286504461716436,1.3206323390325763,5.430998670343293,0.9957600849681567
1.6188374893824387,1.884348410459301,4.592619718377758,-0.29114605581739633
1.032084947028507,1.1801332278459482,5.308948564535731,-0.15184746027585327
3.817727341997495,2.5204554614971757,5.607433080728775,1.4522436751953955
4.678458065786429,1.5592348819709565,5.948757338272689,3.232229272456654
1.876750124404686,2.4266318472192907,5.057547862660455,-0.6267346271502017
1.2188053487940675,1.0027587533238218,4.198242992386435,0.22248624125827282
3.3751216133158013,1.7144618780942655,5.2258450696195995,1.7579589664344357
4.0288667716904385,2.125112070844545,4.164251266191379,2.2137120882547188
1.9285475647979489,2.251888410875387,5.187622573675032,-0.35892059890658007
4.731757755622172,1.48537954856959,4.882378412825185,3.4079214530152493
4.477421366672274,2.001772831707128,4.479678427043637,2.7673068613379272
3.8255863652988844,1.6576794350318138,4.286521884826464,2.3508052105483954
4.537690069464761,2.495225470108699,5.852241651626862,2.2579936320896543
2.2572082806981304,2.0088712393905137,4.654835219109648,0.2752934772663398
4.185312250150863,2.967020024583916,5.206258012518535,1.4826167315423753
2.5257189673212124,1.4357093397410665,4.501895789799379,1.1500608919948776
2.898847052209776,1.6032797875927693,4.753487665989134,1.3762095546525495
3.4530551830141,2.1819409439651314,5.1739334342120635,1.4018708948988505
1.807730827996902,1.5017485646924764,4.186196818152766,0.3278012979428059
3.565662342361795,2.627097177373786,5.071283437521452,1.097274980360864
2.243988773445841,1.7397702148997352,5.603045374810742,0.5304370297881932
2.260595368881949,2.988616636280975,4.132392983499949,-1.054154677063095
1.8498371101617175,1.7870968208216165,5.568434626865321,0.06624450754362081
2.7024985072515326,2.2903933652652957,4.351052945262146,0.4846943330705162
3.6967929260534054,2.0567620599325522,5.537592977378131,1.7663881425975025
3.337608416807192,2.2447559202519525,4.867461982485434,1.2316484930271019
4.048091180632493,1.0430506908870527,4.326334402772268,3.096377697129943
1.6245993179247646,2.1449943440049584,5.079546370700395,-0.5740927178218025
1.7328473405025306,2.206505662563361,5.374335891518962,-0.5194578563324105
3.6237203861326694,2.6358855999716844,5.82052465618378,1.107958052528892
3.3428548069842283,2.316747453009495,5.519434907802346,1.1305190104619387
2.756429788349107,2.9351687332669063,5.378783616920048,-0.21329619936463343
3.6413404648418815,2.9469297737265814,4.39936449846917,0.9352417206462073
3.02894637106114,1.5262169567829265,5.4099729392949385,1.566352213688318
4.310678329938101,2.705985874317582,5.1586486169151335,1.8848186430385743
4.820225876279442,1.207802326086149,5.464486697555152,3.7040333502363403
1.4231126023183993,1.9171946345042734,5.912456625588583,-0.5223038019989034
3.541398447749171,2.142530777239938,5.443577494784299,1.52168825790204
1.0432265418090414,2.239169796687102,5.989121295698451,-1.289454533805249
1.7345207188401783,1.2391559014161908,5.887678670402002,0.5067146230251475
4.675149228459774,1.2563829637543882,5.905951395044778,3.4988527113355614
3.8636567948621066,2.6873241374446994,4.7666765586010715,1.4242527687899296
3.5455683469609824,1.7359167926580392,5.4041867242602954,1.9109195753462564
4.37755521126683,1.2845449219476421,4.896313060778233,3.2052818841383024
4.538021770069841,1.3166705556918938,4.634048335941024,3.3598234232776156
4.553024969203416,1.295189110155324,5.100497172854689,3.3682415069001106
2.2261861046159894,1.0829597220231513,4.849550181097852,1.1728440228844104
2.4844745477823666,1.999830391249366,4.6813359918813395,0.5360154348471126
2.584680274751785,1.0040346374242455,4.598894235062261,1.6197180339395532
3.5577616733983057,1.519598292106969,5.668487672615182,2.115600407883623
3.4633567795129276,2.8225020450392098,4.848053825972984,0.7882099925540814
4.232533422111995,2.065292740887249,5.39246157498915,2.346133645341191
3.838928292646089,2.1150202993276928,5.681721914640574,1.8573941800031752
3.392539219995242,2.55802255747078,4.87658375031033,0.9801948819036754
4.969990358044633,2.5811177435212294,4.659943137594001,2.86921771105283
3.8636431498638624,1.7109435868595337,4.812247321972201,2.3031868199966836
2.0129357948118067,1.629162898076161,4.329197525065803,0.41422246581669236
2.086434176356515,1.4191179601938393,5.216254280573679,0.6934732167083107
2.7278970395259368,2.4569533382347064,5.881896958242504,0.29820620053262753
1.4634524723782412,1.5761298131630508,4.271052406369972,-0.12123416551924554
2.1175567824106034,1.2022850683973996,5.944365538240609,0.9345871679893188
2.5034971679061684,2.991366149766715,4.396702735355252,-0.6656940364027281
1.3944394272434217,2.7736414790057586,4.768325895760697,-1.6955648408188904
2.5501922609144168,2.6712682312636757,4.981339254180092,-0.1434454222936483
1.214468033942615,1.1657631515171525,4.136491276848423,0.05076248526009282
3.879174568288687,2.348561810475269,4.247334735871275,1.8369967393373967
3.4783388102987094,1.541251321219604,5.559983485711292,2.0160962872864867
2.228940495134258,2.4998876360862967,4.736891299291677,-0.3189862702905651
4.069878935036709,2.2770470345022034,4.978483266155373,2.016065708049208
1.7406240719770807,2.449461664767936,5.837160065289005,-0.7809212087876101
2.4113909255192008,1.9966747383531185,5.132947710479872,0.45017112333523507
4.732522884023714,1.0529314762928776,5.490180363209872,3.7491873393649207
3.0892029786634447,1.4011611525846766,4.417024408020255,1.7799729210172863
1.3247664756776838,1.6111369268886355,5.308165178456418,-0.30054887134534236
2.585516345687317,1.3059318960957265,5.852404565241157,1.3126832628593708
1.490352169419484,2.549061739708635,5.544075045595666,-1.1921972641280507
3.709810182628007,1.259518022974949,5.62817042721815,2.5140540909701117
2.0481310178760035,1.2760712894947337,4.096351627611191,0.8124878821511564
4.279326254860235,1.9742285332510603,4.988972051068309,2.5099829681303385
2.3721941931013433,1.333265368601726,5.494897497638611,1.0709312993652302
2.6344643791573064,2.6215283240138048,4.618222409713397,0.01571300070454997
2.039057394951789,2.7973683537654415,4.498444774690014,-0.9683022974926246
3.968978783618697,2.641084207026423,4.907470441735164,1.5755145779808877
1.7405647569550342,1.0029952624836223,4.040362651819657,0.7614032674688113
4.8866603614346165,2.7481117200478007,5.7046423674055475,2.4403788135741267
1.2935910263693637,1.2142281629449432,5.043261127482677,0.08176815040886844
2.118029148104218,1.6152422368725075,5.655540167998309,0.5246392583013988
3.430050592507759,1.060928050230482,5.191633500297139,2.4201955027404765
1.8633376242554882,2.4869180294514015,5.181485784704774,-0.7108037811545005
3.557045293028696,1.6862724792090935,5.436978252549978,1.967809404404259
2.628656770787178,1.8195291844557224,5.201939522911004,0.8636846044852913
1.9456737922970473,1.9197954823013215,5.939683430039535,0.027346097600264536
1.3551897447274648,1.9661339795785497,5.08769096010755,-0.6624060984454637
3.6496065356984646,2.675567662255868,4.112357807429834,1.282631736306825
4.0463770160904025,1.1094798649342221,5.117067825124115,3.008463317379963
2.9727468277071356,2.109868547525316,5.117099352223695,0.9471351250499545
3.5609624406967324,2.4038801067914557,4.505180936752482,1.368115835521551
3.9846110054548145,2.6537726670246817,5.33672365746382,1.5339343422600775
4.478815398980668,1.451946274128604,5.416909172638334,3.141835515977749
2.5845413542800806,1.7569340328685616,5.418957946315262,0.8748660636674432
1.118799484049223,1.1672663793171743,5.155674655236718,-0.04975896447004707
4.3704005679489075,2.497079879347904,4.157624048808541,2.3429755694936474
4.024220976150892,1.8628619577934415,4.160261295859727,2.4172323620995537
4.34257473082504,2.08124680640688,4.752004393351052,2.515413866520391
2.5744325489492517,1.9142095509224872,4.730727280032113,0.7219662361482523
1.4483902911102855,1.433625285547488,4.7490343368182755,0.01548754910439455
3.4601138358226673,1.9805142054659377,4.99461114257862,1.6117262516801516
3.0617103256473768,1.4906194670753083,5.32748711671211,1.6364525132921217
1.1629873677674984,1.8192264801415905,4.208546035726201,-0.727744023339565
4.575450294683587,1.1327448486548368,5.044385484972636,3.5329319876544667
1.4145529253860278,1.889510720324782,4.507020013111362,-0.5231523067822214
2.183038518948118,1.2677597269707688,5.933788697571439,0.9369120363411133
2.7647734826612917,2.213183852546375,5.441525405013117,0.6037854816968925
4.289745214911628,1.272400678956306,4.616484935425999,3.1389266026335023
1.3738232408048625,2.456225807590632,5.920224897879414,-1.1896196120200133
4.181837591091345,1.1299206757260936,4.192543094891905,3.1691818209962492
2.4886773193047045,1.4043232007668174,5.286363495797859,1.1247675785688764
2.201098544897242,1.522230258505189,5.0182514085703955,0.7124363075036894
2.0681839529277934,2.407976489305903,4.106542647946805,-0.4194766172062658
4.474253708499333,2.7215885338292476,5.03091549644511,2.0839258721646816
1.7440648744192844,1.579830101806276,4.434389718693146,0.17576798119383907
2.0750738894555965,2.6415040380018784,4.6340536086136765,-0.6893974998639715
1.9999276558719705,2.011441020323346,4.2130805718782876,-0.013103156221218467
3.000903486474921,1.1472973927993815,5.970749032708443,1.8888039966720462
1.7812279188235642,1.753916699193164,5.293775317583439,0.028946108289801285
4.671144768008933,1.2865817308424985,5.467333402572835,3.482356104891996
3.230703408093559,1.9091993214802931,5.344182973833211,1.4148721832830535
3.6666668393249204,2.4278561673427763,5.940119546157325,1.3573641669913574
4.984565663009013,2.3783551160215564,5.363513269857042,2.907718053817514
4.671224830537289,1.459525501638002,5.4674512362328995,3.332637691906193
3.414095543419356,1.818971649488043,5.1900944429546545,1.7031477204203167
4.942612635929831,2.451747389775295,5.044153962025371,2.8501983154042834
2.1243200014455508,1.9353653463558764,4.222869335294019,0.21259653976812426
1.2503244808273966,1.7237929461009591,4.62908275842209,-0.5101596359524024
4.972504958835803,1.3527872643494274,5.169567072156776,3.750404644322029
1.6573172705448118,2.579031210266744,4.750841620762907,-1.097507591514288
1.1297342124454741,1.3605514078113234,4.364884912604974,-0.24291961941582074
3.424028274251267,1.973525628938366,5.6040320160605335,1.5497830472405718
3.633025729688764,2.658913977626902,4.778915482629116,1.1723220671279668
4.121564770286463,1.6390347132785072,5.136668802515606,2.6194595490528894
4.51052535770258,1.6605790097972677,4.011878147440383,3.1307245831947688
2.766085728392906,1.4534070039756823,4.400617311084656,1.390718476501227
3.842676188351089,2.1496374797965023,4.923958488082693,1.8818404104491524
1.2257712688323092,2.2254197216445215,4.143682774870795,-1.1850607060581893
1.8011401384921073,2.87641266311367,5.198647921457642,-1.2908713221139074
3.6400826062586917,2.2068572355322207,5.394889997378762,1.5706484169112473
4.904723564148997,1.1336152323286721,5.67938629001618,3.848552316008753
1.1844366185197184,2.1545841054516766,5.90706084147576,-1.0419295840378957
4.83863177563647,1.1732535370186654,4.640296915156414,3.7884730907769057
3.7953096600530385,2.9497887264553624,5.490554133882687,1.0024857637555553
2.4399524693784587,2.8180662866645063,5.3451735767816215,-0.4449807683977779
1.8353201054355441,2.839469407658866,5.465914253213294,-1.1751603043414802
3.8444661714976807,2.4236911095831486,4.743459426952659,1.6528176665263097
1.7070441153256288,2.141070308148744,4.084634786550894,-0.5096539823654934
4.706668660076556,2.1147828423990607,5.502027414607,2.8075582077940164
1.5000391163954188,1.4288835093745307,5.716690919960275,0.07348820358513722
1.9027033637503319,1.4056919051919003,4.128623011038177,0.5285929538701563
2.4089893818972876,2.8043415178543403,5.382527917631162,-0.4631847923379065
2.833925549050962,1.8467773519225192,4.46783158747836,1.0840964371047648
1.5053097547840752,2.0482244662353026,5.857943065910187,-0.5794918078900201
1.2001848159955024,2.8559498834338433,5.795717020525409,-1.9028279756928759
1.9017846808666454,1.6791283390581837,5.372514357994222,0.23439867611613394
1.7682412493763482,1.527600253624589,4.33392627505104,0.25714418405009476
4.402395921558824,2.0230245491081167,4.516096592268292,2.661327664286247
3.889900159178193,1.6719205798687742,5.720309400048492,2.3192534940791263
2.7074187503587313,2.602279917595739,4.248844979771496,0.13300367676418837
3.8321877561724165,2.478483244260569,5.406815695866904,1.523162261274438
2.474422372358957,1.3055466852587163,4.431947154623051,1.22314932190155
2.2406741015970817,1.9954216738056023,5.336422888387948,0.26443480227905586
1.433302423864876,1.5240325656289302,4.925435102388397,-0.09541249223150326
2.563397997526229,2.0628362621028566,5.982773033245178,0.5332626600587164
4.521251866952438,2.754844539190021,5.386754808290338,2.0555481911387874
1.8159345755559766,2.523469774607956,4.121182092267132,-0.8949204796723403
3.81206984722096,2.4692959403361217,4.271592040649606,1.6455877106667858
1.1074645492532618,2.3281232732450854,5.021829570687813,-1.3776497948361377
2.8932534030911166,1.261023290764958,4.634440794585656,1.6962297580637318
1.8903762239400486,2.1229548695000195,5.864165682861377,-0.24950247552130161
2.1188223766215875,1.527189866527586,4.941040382761809,0.622093191066773
1.208880069714625,2.505197329572267,5.634863273122611,-1.447211067044958
3.0067881621774455,2.2797726852954474,4.43270021642785,0.8477270453161903
2.433965725338423,2.6011427648220655,4.632310742796711,-0.20203590027084734
4.578493752145907,1.476949838481876,4.204070303133417,3.312703593548342
2.525251488469136,2.052820511764097,5.025600482849536,0.5175791215036476
4.837276946789583,2.936744562862775,4.4655359991904575,2.5228531820418114
1.98210287730139,1.4194532223681935,5.935740829927128,0.5794622174218932
4.784901729568193,1.2144910183186308,5.205301703885256,3.671749269538488
2.2686917840321508,2.3526131954857705,5.094999276748955,-0.09461153158046277
3.6631341753333264,1.3825884756341849,4.815214651757135,2.3807965683294268
3.480055073130024,1.1710882506755216,5.94800281417969,2.355064721407207
2.7807223547959845,2.9288491858996384,5.525459655030776,-0.17468663855985503
4.348327896086964,2.6007621760286397,5.414674314833725,1.992448026024179
4.623965126486921,2.380102287585437,5.398560288471974,2.499937934700519
3.4419570751955826,1.762772274386805,5.851246884530786,1.760999701202568
3.25656444427058,1.9075475682100567,5.782720488100276,1.4290035287679264
1.3924106304103185,2.2982568927697766,5.182954904991789,-1.010638350393006
1.3314758972729894,2.0466036166098185,5.965631108523745,-0.7613318874210085
2.8079356141199385,1.4493542335084508,5.351196901435047,1.4113335242182299
3.1885729078808676,2.4914939227329267,5.92533076038756,0.7682996233202457
3.4208502831841416,1.1089336373028194,4.973461824269064,2.3716215844479644
1.9571987327592124,1.6141494847291296,4.009388247185831,0.37476184838617566
3.5846580584048247,2.5466745544438796,5.014460149073248,1.204945588072098
4.1887446331097475,1.2138455200955902,4.898576720386918,3.0706659764666284
2.5706979432359143,2.5040491387270905,5.622401963636194,0.07443910899728444
1.376079626128968,2.1724660644851292,4.661953084440334,-0.9000901649585175
3.1984901403079267,2.5461579983542135,4.126002946007488,0.8290062825509015
3.4205577448211493,2.3309292287631607,4.9597797618809665,1.2344486341841696
4.165954983694005,2.4265907249342455,5.964901531766426,1.9040407199141816
1.700614648665896,1.0102425763484546,5.667338269594236,0.7016090649919845
2.972664708848984,2.925722846643252,4.739630741315097,0.05966657513384811
1.2797317740978071,2.821345437505243,4.578954164778454,-1.957294139030778
2.8909506720226723,1.4429500945539881,5.844893792495044,1.4942511088800807
3.731786193817622,1.6468624430235697,4.38508971543903,2.24959827243224
4.341476243619217,1.266663762642453,5.902732107210176,3.1481506968833712
4.153033420958837,1.0354862404768108,4.66207273588571,3.197412327368103
4.659925189164538,2.015602606372611,5.209870260446433,2.867626289266705
3.2449386800844984,2.9695423696440155,4.900291449713238,0.34620579197459234
4.159074047667936,1.0689133238471924,5.504425072663626,3.1501277793292997
2.6758964326247168,2.4437359928895424,4.393896142720478,0.2793508519765195
1.882024985190955,1.6631781403256882,5.7271216342543205,0.22870298797733316
3.4828006067901542,1.0279942970292553,4.218973709966195,2.5310914736104473
3.288990877382574,2.5627590902767423,5.991339263037296,0.8034426685322645
3.775595360764665,1.0844155165992742,5.7327712649880285,2.7406593590091632
3.8339744680920003,1.6311413367162544,4.417296146767556,2.37035774271339
4.030929530203416,1.6981366708996914,4.729433988683077,2.4994683857216007
3.7615472449673266,2.2816077459291364,4.741938107709457,1.6882039754836093
4.45795072191822,1.6739017894438726,4.779416552947503,2.9723052168485022
4.946891282472201,1.5580503181514975,5.20684240046309,3.5515718549390596
3.4387980587022238,1.67936374975324,4.410518428528666,1.9027647786798318
4.78379676534804,1.3651313816775443,4.753603044313659,3.5690018754453283
4.950238245478688,1.6569296431430662,4.196763137967911,3.584505913966836
4.919238932393001,1.3127282027586138,5.998131684165925,3.6961151796308185
1.9540808801052663,2.5515789740934127,5.291489836208618,-0.6820296587954985
4.436875340141096,2.2924274869294425,5.485420089690325,2.3604603648210984
1.411523531824201,2.8281898111944805,5.724748577785448,-1.629390315307049
1.7202330680083446,2.8458815739322927,4.004425231646834,-1.6000434452657801
4.045812404795512,1.1411209363017853,5.740140572735979,2.9638476367934086
1.1631466629850795,2.6613091901340984,4.010500840342222,-2.0026215413399573
1.229892039709323,2.667692175957856,5.2026478664008176,-1.6747154161726123
2.1624841139314626,2.5685702527546175,4.785656058816842,-0.48128231414206474
3.4810924955985465,1.2962165648098036,4.739913779940245,2.271461801584453
4.143398011092913,1.698854458984033,4.0524294892290635,2.692568850575318
3.7173861358557194,2.2363424033336137,4.158517975688466,1.7566870729488029
1.6333106850967023,1.550135414911458,5.148027360490648,0.08722342978968416
4.042397815810429,2.152595329960727,4.339823001203722,2.1763973564327896
1.872744252080064,2.5927501859497353,4.6551898235614315,-0.8669130728455666
3.4946157780800573,1.9793310515511802,4.466568517425619,1.6903158093697876
1.4273863138542322,1.9369803094452969,4.5696675049426965,-0.5626400238614169
3.7740054256755187,1.1750165702638065,4.550270690951692,2.6902322298052996
1.6712689049802743,1.1784037744999964,5.726814270706197,0.5036428433372776
4.292082889077671,2.489236580486959,4.8112720967236475,2.1067239566871483
3.051168451013099,2.651097192296685,4.196378862501765,0.5161108102412502
2.804141394565642,2.298598922123157,5.50463685940699,0.5563711839835431
2.50879055314294,2.762698755812452,5.780380630813767,-0.28906081321666866
3.4369494817318573,1.1939608152603691,5.840587651947207,2.2913773393050523
4.404128208831117,2.139471935001075,4.338926352522284,2.6031144810337916
3.726607691083785,1.4633717964970299,5.230698063276961,2.357369915976832
1.4884764309351604,1.1540741591932766,5.5883775027782505,0.3417695246548554
2.262425372497266,2.5136900894045495,5.391895903849828,-0.2840174676366074
3.9741718868535894,2.73560339637318,4.368980891010915,1.5885012219472912
2.2099011339647556,2.1519113479957372,4.709032774826416,0.06519519702693982
1.5944041913413267,1.9694242230512629,5.075449467140693,-0.40690205044987854
3.2047596688013407,2.987765416501751,4.133027506078276,0.31405080100154914
1.4616542840347466,2.667555067655875,5.991785120661286,-1.3467279421512912
3.9021873665991786,2.9934914139894264,4.418840092030264,1.2353468256347389
3.5768487634082966,2.7173720080225934,5.824930906912419,0.9716900278442978
3.9896616169587653,1.8447959271122107,4.5712040174319215,2.3442455494743135
2.084570473851896,1.9213529211081952,4.2757658245485075,0.18270252520359548
3.7885616501492705,1.2898275100232537,5.745510918506477,2.5641831708301965
4.615301346382176,2.3465463811930833,5.12624957359989,2.5517995945542102
3.2755858005398997,2.9280377651660316,4.787796994764493,0.4392691919062148
4.237079510842043,2.056917925148535,4.1119244175502185,2.517824015463488
2.375889293765433,1.1913956242768877,5.350990067451418,1.2149917316069792
3.504034425405894,2.2534714269311795,4.837149475589384,1.4132980237243418
4.286186982412701,1.9912170577025137,5.936119642507334,2.436115360938249
4.2082360220646535,1.7053456359447619,5.889130506523554,2.614926131962094
2.9185046606009926,2.8095444642659375,4.872537130831585,0.1333628090332961
1.6776973674859277,2.937173405549433,4.497963903245174,-1.6629878351556
4.199739089504989,2.668131630265612,4.814624011282567,1.8399854680185583
3.659358968172284,2.403146801054727,5.7648062998017275,1.382019707954484
3.2688827570589294,1.7790673733071558,4.583761779400529,1.616540494564666
1.7234896368509665,1.2611453852089014,5.179328391211089,0.47669175895701765
1.886307332823884,2.4121282139237756,5.79773526934477,-0.5782424438799222
2.6095650485857815,1.7143400636266983,5.6070285383516065,0.9402514247862691
3.2044065120967247,2.048524949827187,4.237572507655347,1.320420703496087
1.5169508064434996,2.1269852981166117,5.697609544399882,-0.6575731478893703
1.0934278756435396,2.5627041338725416,4.970990051727997,-1.7147007522880355
2.1915077053130356,2.977563526052279,4.021662065459948,-1.1694003589358597
1.4109615517244425,2.4656464629921757,5.279230525191625,-1.1927684681225545
4.340232583689474,2.662319665667816,4.208486030672675,2.1665232964279935
1.2940391706151324,2.9000125072137477,4.2352949703787415,-2.203581279143866
2.691663127013689,1.5851315650231959,5.252948937461519,1.1606359779097215
1.4729293663208614,2.6901953908858323,4.93624113986608,-1.4518165356338608
4.585785270804296,2.485626077867578,4.891601420167168,2.438434553592507
2.775650958857195,2.5600389852156815,5.736124360395626,0.24093877732238636
2.914638718150616,2.294879852979069,4.749390619189814,0.7078808370257934
3.564006578883093,1.4865417664373441,5.290057296757199,2.164689247047755
1.4594426777825809,2.2878354637646905,5.245802022778532,-0.920553885283634
3.3063996662084576,2.521993348836573,5.176817940899274,0.8982024211467755
1.8706983137482065,2.4291698080583712,4.910261009066106,-0.6426182184929567
2.4654600876584323,1.5212524642738594,5.349993483079909,0.9848611658510725
1.9484586600941483,2.239078351666857,4.561291564876802,-0.33357658386873856
2.6572279623674624,1.0737191612623904,4.194833430050542,1.6380784900031875
2.939714644418815,1.8043369420808515,5.051732996428993,1.2155574805179366
3.0251074137160963,1.9046561462837897,5.9602607115566775,1.1824515625551628
3.1239919521693356,1.2736433208050322,5.60395001730844,1.9000728021746671
1.0593757994187816,2.7731767593455663,5.078357302494365,-2.0457563279839155
2.106567223417676,1.8659898344801,4.212835447464041,0.2683349315035628
1.6378671504905018,2.0202657224048854,5.741896706039961,-0.4085202788233798
2.497440842094981,1.7568434991731507,5.853543446784284,0.7763910997967084
3.5229357123761185,1.3154391456640349,5.869189564840388,2.2651209490227546
4.05531458541355,2.744299156908666,5.260718488967117,1.5366685816588441
4.028778296767918,2.8949305501983593,5.580782330074921,1.3262356134472864
4.328251388167471,1.1986749640352405,5.531914832313318,3.2057387007049516
1.369273322507612,2.818739752719117,4.987050850362621,-1.7570443077895634
2.082182682893384,2.8129088018464286,4.173308326674156,-0.9891925285561874
3.2222346033091203,2.981843935593708,4.711805633038799,0.3104706325013133
2.5764380411530277,1.7048433927960835,5.34497985813874,0.919629048491468
1.6362593417956375,2.71879469702567,4.181495461431967,-1.424827530885752
1.0230880544885412,2.1817168534116664,4.806277033365847,-1.300315061922538
2.78559508389465,1.7259827580496332,5.607455980325769,1.1136808274839878
4.737732038749483,1.8282591115506563,4.632548831783271,3.166499842340975
4.3023132128503185,1.9331804333931495,4.015768036829677,2.7029392036402307
4.201299873214042,2.2038015489167195,5.305329348107909,2.1959178888658966
2.84530567265392,1.0812257052662304,4.528786615143934,1.8166122778407074
4.810780126107662,1.0553301824832773,5.125928336308329,3.837663914102707
4.5694007790799525,2.08843423718777,5.368190775906067,2.693127372166584
2.8012064158503147,1.9419900553006992,4.982515076754767,0.9330018349212048
3.072357113199795,2.7624202532946702,5.044016312707085,0.37042809193021065
1.1099327561549677,1.8637782088044237,5.5998406838306325,-0.7994221884770591
3.3793809353099844,2.4298978036689824,5.571122325025911,1.0551343867374947
1.6804104598776628,1.9630036062308471,5.00146165885943,-0.30724728773932103
3.6648298285385117,2.5761587830056465,4.845437855134326,1.2853963815458298
2.8413959382183727,2.8105154377714765,4.642659813897422,0.03879722635934801
2.340213492408081,1.1855679087925173,4.679656271796084,1.1935851402057267
2.463139565100923,2.8177823686993246,5.680565843814769,-0.40843338893241543
4.23695146878244,1.3455454298156089,5.107808197022785,2.9972734739965734
1.0803108221337276,2.2554628561239474,5.1858012472025585,-1.3050515825854767
3.7091872610270276,1.967403336046307,4.8152055120883475,1.908340251683651
1.0911496975271109,2.0373145326220907,4.874363253452234,-1.0415006741334494
1.3942913643853716,1.8021016912152485,4.430807244221324,-0.4464005427770931
1.2610920681615387,1.2544546126731697,5.139792040997518,0.0068444429182514185
4.479184300650968,1.2378959808256347,4.874136900449894,3.3511681629742034
3.4491913004512047,1.8554741796785081,5.788038047785931,1.6825122727664772
1.29761307599989,1.1142665651286485,4.784433504618373,0.18853071133262514
3.2247410707406,1.0301270274157643,4.914462595108025,2.2444755435454153
2.4582849316924182,1.9837292235400532,4.162420914822345,0.5398010507904314
2.671771994256069,2.0909146977929622,4.0371604978107865,0.6790231441933686
1.7619180690097025,1.0482401527592966,4.173975340587296,0.7373075005263076
1.8583476965104277,1.0681532174700075,5.7914464044142555,0.8039873149976977
4.219827490013999,1.5480968232285952,5.686327123819543,2.7766120863629435
2.030695107197195,2.6953299043626506,4.466259204577491,-0.8335308681043868
1.4001207344887332,2.041396033133049,4.626098833267229,-0.7146160513382189
1.531085171917804,2.129508391014517,5.725945606814307,-0.6446645183714941
4.726400613300671,1.0493690916720133,5.545508680261606,3.744686576577344
4.726381020397572,1.6772678997173616,4.522921364672912,3.2832132715585405
3.1667858984170953,1.0135617110363802,4.942770614478954,2.199974696209014
4.455170369764755,1.5033476109655268,5.60889336483115,3.0639295878721997
4.908050687625211,2.226500476513549,4.905064909486887,3.009450533004277
2.117907972279148,1.0172231150707767,5.439935263241519,1.1204478992332592
2.413289489934734,1.6512896808586077,4.353041461636211,0.8235550320370132
3.7319439164596746,2.996775502368757,4.503479176209341,0.9848794362826946
2.0835645293151064,1.7770804222683911,4.306250414758507,0.3364709014640976
3.335988088266095,1.451317340501841,5.938865499232229,1.9435997150225999
1.8403499217594774,1.076710522789408,4.984566302672254,0.7821037728601931
4.318003052212729,1.1765731349722632,5.256591875640046,3.2232070947869738
1.7280686133852128,2.775318448434544,4.617280472666753,-1.3103811844109845
3.541058019093366,1.344214331545747,5.857958868929948,2.257070923493726
4.8885641576430485,1.7517908437284884,4.022917624326168,3.484484629151638
2.1818031978626076,2.0421270212822145,4.544134505555049,0.15635426352958123
3.8822876026220596,1.759944924310077,4.57605863659172,2.2991869629297423
4.936842983499122,2.761133472676028,5.182621243069093,2.5709659696600675
3.528933919506754,1.5025618533691987,5.2101939633220296,2.1162859039919644
4.931769838372759,2.827998909845478,4.865605454566657,2.585295861202934
1.9207869880168555,1.7172879062481494,4.39111094695836,0.22110921363364353
2.11652498705083,2.322878518844332,4.483034245116359,-0.24126717733999845
4.898153412504575,1.859159167744963,4.245354498376219,3.380378318617683
1.413497687841367,2.98840867733843,5.006851390781469,-1.9628910879692256
1.0986329206575869,1.1093396556875232,5.030275348279572,-0.010976992917498532
3.8813983639545695,2.3137633341046593,5.686786161551135,1.716098884810326
1.1882852739003171,1.8630930138624373,4.549529977237073,-0.7396740883857674
3.0122162625587863,1.780889293928208,5.2670750253448055,1.308385695048974
3.8276596089145705,1.3326354937803646,4.016688980315148,2.6448308289053224
1.8262625471674045,1.266939817419369,5.573852357472329,0.5743567172653951
3.2020868767381394,1.9387125010375745,5.013427170267137,1.369951272785737
1.0084221412940306,1.892308339560507,5.033709099858328,-0.9538520200151632
1.5957298605715216,2.1999275502630216,4.909138344097003,-0.6758598738365894
1.5326214455401508,1.7754176042198904,4.313670763037942,-0.2664067351730481
1.508370477552671,1.6125701366008236,5.991940288823703,-0.10819129469633923
3.920299031660125,2.5542760966051565,4.416483626453918,1.674482140915811
3.3407942153530645,1.1492429782432223,5.203760312610852,2.247034768343711
4.959336586062163,1.7393028832204132,4.020216339799636,3.5715959509672786
2.3517161435918776,1.1000699175860267,4.284559081758769,1.295060178237133
1.1764334071478926,1.4765094413587085,5.899442571841284,-0.3099403088077617
2.7879059927575285,1.7852001538768894,4.739968417864191,1.0824090410314868
2.25611084158709,2.3532463993577295,5.969634208711305,-0.10569431490740061
3.1433591978660815,1.9548111048970116,5.684771659019309,1.2657351620894972
3.299414084848097,1.5084940951207793,4.158646249394816,1.9218114416897998
1.1865192529603377,2.408161397973368,4.3128930878289475,-1.4725738625084812
2.7759539531010273,2.2837950109802865,5.574830147005459,0.5395074840571441
1.5639303800923932,2.2555918346301502,5.199493549667844,-0.7676560079189074
2.6217037956581444,2.3784939353395353,4.4880086046221965,0.28679778430758557
1.0296754897340938,1.2544180300250114,5.799864703795354,-0.23019104979365887
1.8052083671975931,1.4372429771887534,5.789623103885656,0.37985587847344054
2.4376335281266317,1.0070667321321685,5.35021258591138,1.4566034207374547
1.4642554991406787,1.8433112190437562,5.24962259184478,-0.4048330967892104
4.944215202593998,1.4062756465531803,4.3544806748176335,3.7382486281749427
2.800573563322433,2.0472270481613624,4.1136113867128765,0.8685455197985079
1.9104958441115119,2.77595371426582,4.560877613076159,-1.090762579891901
1.0094416844524692,2.285561789025783,5.3583351982089376,-1.4109081691160097
4.737358317679541,1.6347372200622245,4.4979902779247745,3.330355181124117
2.920741175405543,1.0053839454781215,5.812405388207967,1.944669771960523
3.5649068417089995,1.6675991137096713,4.436126518624058,2.0474805471028583
4.013090763935853,1.6797377774357383,5.478641119587876,2.4514149656845508
1.5273925820664576,1.7859091004910548,5.995486642207219,-0.2708100203058409
3.74310560797122,1.72163153231945,5.367439203568752,2.134242568698846
1.870075335669732,1.0214888760960514,4.737897821656684,0.8690242993875341
2.934084517476788,2.130321893972695,4.546606272394684,0.9098143418053544
3.6578682091363413,2.5437071623087064,4.96960626328221,1.296933869811513
4.833470940089323,1.9424321065038022,4.055907207217005,3.2932739078900277
3.0210162266629874,1.9911894920718058,5.9455802155459745,1.092941019787552
1.194039323004262,2.321605418160479,4.477470340785208,-1.3186787658158
1.9152646331658514,1.255471423946038,4.529886784218241,0.6866938812705751
4.088185396768489,2.510498914147115,5.466007514605602,1.7761042581741795
3.5707227768928607,1.6977803754426704,4.853793407038953,1.9992333927423065
1.6330399205374286,2.6546034075251597,4.751112206370363,-1.2317676357795286
1.8988970751474663,2.9347241463709364,4.384775246259119,-1.3941267209137889
1.007746142626969,1.0615779627344764,4.589264211185733,-0.05533253411763696
1.0682405971562567,2.8163151078630984,4.728734401031967,-2.1761170756635355
4.299894244254146,1.3324773554947826,5.566532379873072,3.056269701323039
4.847820504664319,2.621900056179939,4.687782200510668,2.685190143073184
2.820201892690469,2.9457903821866926,4.461425925404853,-0.16722400455260425
4.56815454936589,2.411678677547833,4.77161519452129,2.4991828901073
2.351826986978452,2.293349143062141,4.008609794162609,0.0712988110979096
1.8586510313570281,2.684239568004574,4.0750245198864805,-1.0972717078239436
1.1075004309769172,1.469015055047921,4.5627530902003475,-0.38184644357935255
1.2309850026437856,2.5684157418853797,5.521396993975083,-1.5108477286636484
3.960096356616821,1.9694885009319507,4.801632418582662,2.1826629666581647
1.8579646737895272,1.7725193749576578,4.871889387798944,0.09173196736478981
3.9630713825353503,1.4806585993974568,5.580395797906695,2.5746975167080084
3.0422460569250442,1.7116966475407658,5.737891016237347,1.3940226029677567
3.3698714954748006,1.1443534884552429,4.400880689234928,2.304800856191054
3.8783766548097116,1.3341126260923784,4.727100374225598,2.6520767194032446
3.584112136359293,1.3366841312636095,4.9002881095935695,2.3360158224649985
3.1768781603078904,1.1609224580594524,5.524429736732659,2.061998955979803
4.475367444475463,2.267735740575987,4.422941520399336,2.571333496742875
4.897974838278648,1.1521118594231738,5.967287643299979,3.8176939074422616
2.9452560254952647,1.0163020841389878,5.888984499732076,1.9583366968919516
1.6093378171349007,1.7905115112064012,4.121977563613375,-0.20114120117944911
2.6738640616864457,1.1059317109628606,5.443107034731566,1.6013340056770755
4.023086970810538,2.5731368551522626,4.408846207916519,1.7856101869389949
4.363907376941183,2.1079799549899514,4.255391579062016,2.596948653632599
3.18380649255844,1.4328221219570432,5.824974882805947,1.8064884936872523
3.1442890128314858,1.7035578774032938,5.38704005934429,1.5186665598816604
2.7155078690898,1.5042147660249932,5.388090745913883,1.2614475834898211
3.3766461811026294,1.0420582237329807,4.337856667155737,2.4050129210477955
3.2340536272157805,1.460329636555985,5.918349863909205,1.8303170881334583
2.8544961354837044,2.329210094111091,4.9989660918754275,0.5936661881443659
2.1904095620387944,1.8721275864196854,4.052912161715357,0.3588617900401183
3.3981866878312483,1.435006420811974,4.844610810330698,2.05541959283432
3.1481823572930256,1.2523666807103715,5.767384622105861,1.9421573913948234
4.008369304656132,1.9923606194228196,5.933497775813153,2.140273398590858
4.7268614470524355,1.1184284577694743,5.392570151759038,3.688639299971906
1.1855412205149185,2.2750815750554736,4.799743222099547,-1.2373765702013206
4.503963502748838,2.5810630382427515,5.14997509753616,2.2221245980316247
2.9585439793707797,1.8218091969564294,5.533674552796667,1.2038462810069608
1.9565986965497077,1.5034648803926471,4.910272786719872,0.4759953102161858
4.321076794443359,2.835402250700193,4.180425198591596,2.0218076816374477
2.1766997720009638,1.4892481456202857,4.3684447286051755,0.7312569911603665
4.945518667405237,1.975755146179629,5.402076941958756,3.1908337424427997
1.9824554632477462,1.1421216369101217,5.402492516205122,0.8597660508276133
3.548420996460256,2.5154308666725553,5.806753809766596,1.146108312401647
2.5473218159362876,1.1506876612022372,5.881844650618098,1.424153038313792
4.919595405896203,2.431189555889042,5.099506450293887,2.830825491796094
1.1786678499173928,2.7497318634428147,5.025781971789034,-1.876904027583663
4.816435003115519,2.3557374358210597,4.31285528023895,2.937633012967032
2.0115704778874415,1.834566611021503,4.144780172231993,0.1973928058999026
1.9116422319649895,2.125347572797601,4.002100280890266,-0.25220866597146524
2.879659192471013,2.8738486353333803,4.802799977142168,0.007252133811386924
4.911932134479173,1.919515860517873,5.941006773520284,3.1620067910865237
1.8485940824827858,1.6406800280948208,5.14339676839581,0.21937442136164298
2.7548546537244247,2.4850494263922354,5.767124464794094,0.2989862701955714
3.406615156459662,2.399034192247397,5.137691818413765,1.1394303128056706
2.4451609494515183,1.6543380761889703,5.274630932994817,0.8328468323809104
3.6558631467637075,2.417588852022539,4.2989189687058404,1.4975173070635708
3.4002885255399646,1.5924272775357717,5.598447485376081,1.8857550266080914
3.9331600829787807,1.6117229648849098,5.842174444214885,2.4151626296793958
2.1314194499456374,1.181986180741369,4.0841078140142475,0.9918809184493959
4.796794540512143,2.236637495502695,4.082550235893532,3.0602854085670823
1.192426038176487,2.4404031224562717,5.112571741235109,-1.4202182090955038
2.19106065061765,2.748053707771577,5.638993209828799,-0.6378628595288006
3.283868875659584,2.940584949673922,5.9115764195331,0.39571399769566973
4.351400803679095,2.358397076201207,5.649942892622104,2.1932137809477914
4.592290753433041,1.2459773934999037,4.7980789807300255,3.465190042785193
3.1676841003822913,2.3491623171557396,5.945084488966585,0.8910347749944094
3.639245240495226,2.2077634951393,4.754739345335821,1.6162830624109996
1.5588363597169073,1.0021016232012967,5.9884010197127004,0.564697437398904
2.7787064896479867,2.3307287025783787,4.871702497698353,0.5101496428369688
4.293376737453703,1.960825601946279,4.436322327281488,2.60033853183794
1.2781355120629105,2.0130581377139496,4.3070199334474735,-0.8313122644924188
3.262735307957219,1.144896804338347,5.589565317431432,2.16371337547776
3.0200230639400387,2.07924689461357,5.163355474678031,1.0277942465222367
2.942158463583722,1.9875364082775167,4.779253050339043,1.0496982911026944
2.7411569329616166,1.5828842755918997,5.003020723403269,1.2209943628806237
2.9403870111637396,2.8117995512515117,5.2035643974864225,0.15281946973850774
3.21644062800212,2.5280238509322137,4.6058505867237365,0.8235574411186039
1.389447928799068,2.7955166476669016,5.641479593077767,-1.6187918886341153
2.4866777840261913,1.9844558535225574,4.880578413274539,0.5497144394687401
4.762667843481701,1.5332409209129572,5.674302148887556,3.3541962582074456
4.827664528629833,2.6041432303822623,4.477555899687834,2.7333600837916143
4.729928340603774,2.1150946310024974,4.239791660082492,3.0170756098311085
4.298436450329991,1.6868154192355906,5.45592668052812,2.74616557767839
4.142186057625436,1.7744155823494352,4.229258193052193,2.6084554919481655
1.4768315184064016,1.2560620499062471,4.551906864734737,0.22968723547620154
1.8346337916620499,2.2761825470747574,5.970284834412306,-0.477623058313573
1.0502457380084742,2.49982101141064,4.726607086700354,-1.708005176890983
1.630205306273334,1.2132531820959374,4.853360733929451,0.4306242437403083
1.5878664297944196,1.4822645121575757,4.1303589334054625,0.11313836868544541
4.594451079313142,1.2923499491092578,4.632327366901273,3.438630390662565
4.773431236132226,2.121624254096324,5.323770683690366,2.89132416827763
3.349343350734384,2.329680083908037,5.723251412339183,1.1163338787661734
1.6237304989071548,2.496393008175909,4.831647784003789,-1.0192495130473371
2.613223676306237,2.614536526382383,5.798022874234874,-0.0014708876120519887
2.1445194802617724,2.5515123488711917,5.700824843095844,-0.4551223220147267
3.8468396497691195,1.490676246300866,4.887911010697554,2.474022621909349
1.9978920171783376,1.87902143066525,5.19651131749563,0.12749756969677406
3.867867595701439,2.919266692172835,5.687318472924987,1.1053213067664556
4.79383702668952,1.6580171440766311,5.598245714787801,3.2831131795679767
4.068970728435091,1.0675923430552028,5.430282063972449,3.0611197507735364
2.292507662361873,1.7996463071455404,4.414406009465174,0.5397512999866436
2.9372265954222443,1.6012272891420942,4.636436800206306,1.4235910466319759
3.2119413295581705,2.441454668874054,5.920987195007931,0.845730980989151
2.89770089294033,2.3603718747987887,4.223776458455502,0.6479445441527942
1.993339415347657,1.9302409760076484,4.029499163432517,0.07188248756362453
2.6786218503524406,1.6532666787981243,5.116506188685541,1.0834765527376835
1.1789886215007708,1.1852092699604835,5.297085524612062,-0.0063824619931847
3.6303265150685173,1.9927442682863639,5.5874810055070325,1.7528493017159112
4.214987700434208,2.916523105867543,4.734144688337078,1.6484289438908113
1.8746947519950714,1.0050595364621422,5.7482142551243856,0.8832410413396481
1.8940724052221176,1.3645535537780635,4.1156471835986315,0.5612658836178289
3.6949826876272707,2.4730736850276895,5.55712115051273,1.3644736756978633
3.2977464284177014,2.790390377859256,5.952042829247132,0.5743884074425236
3.8840777948433574,2.1740542659878854,5.1895233904202644,1.883248720998772
4.834765787574542,1.4937653038694854,5.495450988293693,3.4717156751018514
2.570141123190924,2.3032470643975698,5.151266708170306,0.298381430337835
2.5626395443089107,2.4942110505782287,5.463368468081434,0.07691133801516888
1.815650907894908,1.8264832179502455,4.428138897344097,-0.01189095868052707
1.3971830237268694,1.5181009676541348,5.986806692397716,-0.12500357529819953
3.9246132057619287,2.408777444070801,4.266978874682537,1.8364368919850753
4.747037943983664,2.4647884078527724,5.596898068207472,2.542020762397641
1.4631738639260634,1.9160670903296206,5.235844388864127,-0.4866503223270721
3.559640434443927,1.4718393424256255,4.319650635548252,2.22068513403753
2.0581970104965674,1.336838845712257,4.251036214799571,0.759911351595678
1.90551984616051,2.6550709583209127,5.044498131878529,-0.8815340847349801
3.8790272556127077,1.4012985446772352,5.708878442794027,2.5559224499653785
4.782964524657164,1.4808675727101128,4.764097367701356,3.4741999268873758
2.0300605376686973,2.9337554403595694,5.905793351229277,-1.041256817888424
1.4210813715091142,1.3383516990740736,5.4635923011912935,0.08532934683904721
3.430878059874549,2.177684251167651,4.07360631970592,1.4828670408740126
3.7169801876774575,1.5244245633971312,5.1101377652402595,2.297149785544593
1.0674528652777955,1.8439434110866562,4.848036290354825,-0.8395915306964584
4.959398247714901,1.955545580811496,5.661016911795729,3.200898081997233
2.9486113124286892,1.4923532237794377,5.610685649348247,1.5106765659365742
4.55850817568612,2.1522712643601665,4.459050943641149,2.747474045256382
1.5020389283994038,2.520919477546296,5.50929839481296,-1.145877179907453
3.7206007765794333,2.9575805481861632,5.577743651676432,0.8999542412978658
2.2404952023573563,1.4522022992017602,5.238932124887538,0.8204428808585434
4.728963181657223,2.3458378343041355,5.558345912643557,2.6287048632552565
3.1381717517988723,2.2075400413519275,4.930374705369351,1.0407860426971678
3.378528169098895,2.558988721416941,5.836352819810877,0.911863580149788
2.181349882076382,2.1189375783954163,5.157184984858108,0.06845754989537509
1.6506481231517793,2.7997583763769365,5.907487646981919,-1.3049760012060516
4.867684492350556,1.453287066023782,5.026148009789042,3.566750376541184
2.2293033767287804,2.3515518780849165,4.380388027846388,-0.1448980445696237
2.3824902516783397,1.6167152489136938,5.163528656423576,0.8063172442278868
3.2306315656006865,1.892136533537423,4.885725500793529,1.4517885924628617
4.950024291162931,1.6936956799114842,5.127681773087646,3.4499593917254865
4.131852122702343,1.8169654277930198,4.4540372623509885,2.535444515669605
1.164253098865767,2.19556531339091,5.468392865994478,-1.1260605531521923
3.8838368155440803,1.526580279089817,4.562136225437612,2.5014573376242693
2.0691732958237394,2.66615900441126,5.35871985465713,-0.6882131742841274
3.1407576839776428,1.5549093421969773,5.917819869774762,1.6435980532301533
3.2152185728617093,1.3383843772898085,4.776501746200195,1.955155538134238
1.2878191890392938,2.0891819167199905,4.919185360058237,-0.8851572238115402
4.7752127677085845,1.1728019925341369,4.1794811019443125,3.75320702626414
2.9886211378536256,1.6241424506771314,5.848303881677021,1.4203488746298287
2.865091353838698,1.8213671812454113,5.734744156833254,1.1007147148393013
4.4179813902549085,2.4697857430022463,4.483769630710577,2.3342340782459416
1.0163357582309933,2.224475542859885,4.571924725641796,-1.3828614930755752
2.4865272765902153,1.4922462700653312,4.8290448803491985,1.0454481298651015
1.9547752907898412,2.5395516004445167,5.715215810990399,-0.6527587420381245
4.460086534153154,2.331762913299082,5.841542174107072,2.3212740944761245
3.4794389402932446,2.2056714217776934,4.671289873821496,1.4449930631359762
4.8830176799483205,2.0563526817190807,5.1644216761145065,3.0814762445452146
3.43038227067376,2.880130829519771,5.495067418768738,0.6461094377817937
4.520700148817173,2.2492114925442106,4.164279051111365,2.699051165217031
2.0260679098103167,2.2970942217367982,4.457033908476408,-0.31626558338350796
4.613849178716803,1.9079235210585879,5.233033633343447,2.9059501313915765
3.1274917137577045,1.61502454275359,4.624301570823695,1.6141064672283782
4.432112717130639,2.9944166861290706,5.591514727788779,1.7023884617036995
3.8010505548706353,1.7585882149163012,4.127435690614375,2.257640632143635
2.3055301738768272,2.6580878115680315,4.669312300783751,-0.42882275436231715
2.7243715720763135,1.8175728275367904,5.038986498734365,0.9722495194025662
3.301247811469024,2.3294156145741933,4.938250039536375,1.1021574256320035
4.031545061542068,2.357618188196517,4.341883526961361,1.9933957423850177
4.650437736012493,2.9292556623582593,5.356492228818235,2.0558214013578597
3.9481123077477713,1.0929063405366688,4.546234024235888,2.9414663401388177
2.297499645251302,1.182409492755494,5.922582362918941,1.1379998560751279
1.2950067695541225,2.299263026533821,5.417965232402554,-1.1090806630183687
4.540723862533257,2.8569141784844017,4.484583595698817,2.1844378321417808
4.62436368247859,2.8421140565669667,5.633295648434084,2.0642233198966986
2.3902694772285287,1.7549232354621496,4.298749497340983,0.6959842482508071
1.1376296454473298,1.5421592502083665,5.269316169428791,-0.4230533441084025
1.8185290781275105,2.294018579808024,5.508493000051767,-0.5229998164885001
2.8915553293979945,2.9900226116641218,4.397188673201206,-0.13429322878283947
2.947729205397894,1.1447631662133528,4.1780086355703165,1.8747103503897227
1.150550189284492,2.7419111937322835,4.703090092175397,-1.9586688449955902
3.7866105555768037,2.920968144073268,4.431817336676544,1.15102265603456
2.6843578883772032,1.3806235854790636,4.647155956274249,1.3653820109964867
3.9192340343256853,2.48688280416191,4.897812040389301,1.6626205009310357
2.2852138835273266,1.5675935598931534,4.3622768293699865,0.768987099561869
1.0176567566840804,2.353502002018952,5.754905523200048,-1.4638530598190231
3.6355923691347343,1.2526914261036022,5.3289839353875665,2.451599370736313
2.792232580576166,2.217976884998571,4.254471717861024,0.6729379035168671
3.3951779333955963,1.2861423977796116,5.321213915769015,2.173477423457381
3.1491050973491137,1.4010366231086306,4.528497421913642,1.8382574914822456
3.3778643984645162,1.0486090976641145,5.608391382981308,2.3710682669390444
3.021907988654155,1.9620533358612777,5.351271828448567,1.1391898261060145
3.861046564591802,1.3232320575859593,4.298245360181433,2.6673584849487844
2.222031779856996,2.591087071280713,5.281425247249635,-0.4235283264262886
2.910048413454787,2.6598126984838055,5.172525064899052,0.29176608366613355
1.6106272192773585,1.8821706714169473,4.609052557372989,-0.29747779903836563
2.4962830920511823,1.984761087950536,5.482932541247952,0.5487359723332118
4.088370165001656,1.4926057386081728,5.929619520910916,2.6821289234115087
3.3473047572127563,2.4726346053054113,4.054774633921245,1.1036164043392491
4.04328354953748,2.2906270674997797,4.939887121269607,1.9781851697700046
1.7362828653566704,2.5920481511528344,4.580165805844617,-1.0379781372075956
2.358139821240012,2.9149662118100546,5.610976602181783,-0.6516678257986195
1.9460420755059844,2.8251450946038434,4.894422458848288,-1.076552923049025
2.042130543232634,1.6634346440370908,5.830360946586137,0.39511836239294096
1.940667135336538,2.1400851553560996,5.057015194064211,-0.2200983936376464
3.7853459529005313,1.1392157558547757,4.74728363011212,2.7257780359338564
1.0632071936431333,1.8300770091351972,5.846908207306831,-0.8074409604652693
4.089435278516159,2.408630152582464,4.302103747196552,2.0285401487949954
1.5448439521958748,2.7696159096975737,5.7547426446128105,-1.397233208840776
1.029633530758173,2.8544396617139087,4.6711200284051575,-2.305308728738168
3.704618216320547,1.9946973990444885,5.938469269155473,1.8153958206338237
3.497983142165483,2.896151735136902,5.800080588452262,0.6946248613334793
1.684915059668108,1.043628207528428,4.949198575583105,0.6560381861770012
2.8806708309701796,1.765384133337308,5.303164490175163,1.1827448406519832
4.983455415148374,2.503537734778,4.297885647015324,3.050976686720862
2.9147543770107434,2.855214342661162,4.76828567944241,0.07434102806111349
1.4268974899573288,1.129115229902901,5.291917848454661,0.3048011155609431
2.5515801548159818,1.593509358200531,4.016249401980856,1.0437410749844196
3.583301862213776,2.1995685398161338,4.092800883517416,1.640831377559797
1.235477854249027,1.8960969765174995,4.007854169998916,-0.7498418625922791
3.497121180984135,2.1206929160117927,5.387128853378009,1.4973278280988593
1.6794777806776882,1.03945464758638,4.208809114302159,0.6604830351244261
3.5073091759040835,2.8343965610319284,5.974359912907579,0.7644172180510653
1.0711498283816607,1.6764611653865662,5.728795104866206,-0.6330229243234339
4.198253454630391,2.668544648169637,4.029616505684708,2.0415224515586172
2.9175820426795513,2.363707193027475,4.970930867759667,0.6296089298331558
1.9041000486972748,2.3529621711606934,5.759103557354662,-0.49177990703832664
2.2062621748991043,2.2364856375285624,4.150834343908324,-0.03587647448389983
3.6371189932409087,2.8323171598364274,5.269981683183166,0.9543484349085409
4.471000222146098,2.978410661487196,5.13953330280836,1.831476510665217
2.480115525250723,1.8714561297917107,4.753220730619963,0.6621413535213854
2.2273971360853437,2.2753796184378334,5.418729926885662,-0.05286943191838839
4.209703710720314,1.8968449491618649,5.668784230759923,2.454336846918214
2.88086633216721,2.69910150277419,5.796244839165803,0.20539287703173048
4.027480425558121,2.75417541806255,4.703671851959096,1.5707298525057922
1.8636905738006435,1.2658160636821472,5.205933118701427,0.6163724538270627
3.140149770649342,2.7598486469606143,4.219688783179311,0.5027384013806003
4.670587963624136,1.2877414097494184,5.688996551428256,3.4729896621655825
4.498016857265101,1.8760237672433688,4.967234827580028,2.831720791839873
1.8810485850066412,2.155410252816944,4.815466794543767,-0.3068122399547932
1.9763958656255491,2.9175102214360775,4.635093638776451,-1.211138021140345
3.3118456057751398,1.8278925153585366,5.12924391553242,1.5882263156983143
4.798327097840395,2.8505113404981515,4.377857806555975,2.5663777561024768
1.0062395962106692,1.9752329164735731,5.189681945153791,-1.04785873218262
1.5706544327912106,2.567405933408426,5.788965096400316,-1.1121053144451174
4.716815728774943,1.7771807860845688,5.3658435762953856,3.115473185365054
4.870689247703595,1.3477390553472437,4.775225642211395,3.672244942999466
1.0629619210678087,2.760591489567437,4.062709834315372,-2.3138554919632077
4.377344631034544,1.6627406870705388,4.150249619886429,2.9627743103104853
2.8516200019722593,2.9077097215392413,5.69065788554192,-0.06525070119022691
4.7298852409455625,1.7198861799906915,5.610729608144359,3.1622310125189212
3.4573711804438254,2.450827748435408,5.381289076944991,1.1306059483259971
4.328717286429907,2.5242913422686923,5.671696817661019,2.0150000491063955
1.8977818288337378,2.073112476846366,5.327287747079978,-0.19033380039981174
4.121143079230919,2.622084187424536,4.825534362957952,1.7856805884825393
1.2438627493713046,2.858337894097492,4.814920564497925,-2.0062334873855283
2.2973757837094495,1.1695895041143494,4.859677850856435,1.1619398174785747
1.8216948130007116,1.9307147838226937,4.761445987778478,-0.11926483854770546
2.8013117400665477,2.5265190513968534,5.607837331509696,0.3078014792650258
1.399581251159245,2.9154688674558593,4.7804763453676165,-1.9127882982974822
4.242591368241803,1.6308822639673575,4.516830138654775,2.8006416878452813
1.7925518145114885,1.6384551475163474,4.41574320892447,0.16594274447122376
4.378405230989967,2.4297518001181935,4.201475075495525,2.3885894473676648
4.029806886218498,2.7128657182839744,5.004122081060471,1.5672328332375238
1.5851581842751563,1.0440357912816147,5.581873130720684,0.5508435577710634
3.931675466120833,1.6518565870154673,4.7486255262719625,2.431686160910908
1.7950645435701769,1.8727136069630859,4.005297999888817,-0.08784210257545608
3.660380842783033,2.8361861094120506,5.0931146301055925,0.9922861704621498
4.784893476500159,1.2390089551594248,4.8700084501734695,3.6665324004289492
3.8683168080051065,2.75050680112819,4.579578801813076,1.3980529027204294
4.524880325085437,1.8972066223802488,4.522160650228079,2.8947459740693438
3.7744286347555285,2.968458715352297,5.814747415501694,0.9373109176908374
1.6269728380076747,2.416199849369254,5.482421931436935,-0.8792187354797513
4.83143489360139,1.7142360861938883,4.107725525649539,3.4301687937707186
4.23743318745537,1.1968342793853322,5.265858171094549,3.122312937222881
3.328391736890194,1.3244541948242512,5.360041773143351,2.068067143095522
3.1758347959120488,2.3139500066719165,5.603052440041932,0.9463565977839351
1.1860147610056204,1.0436344143212677,4.2699288506780695,0.14683370491117004
2.5469409445824236,2.208013126344868,4.721963391163055,0.38342957610886097
1.0549102551091427,2.3918712398812905,5.593027494449192,-1.4790319136756858
3.508640794458131,2.670729930675178,5.3489390632455045,0.9670858000438691
2.593385136641675,1.1984289049235286,4.840640581027658,1.439778931674504
2.2527451496064153,2.5055633658446546,4.156605625347319,-0.31685478262238753
4.592488719123233,1.4202818485404753,5.964013486125881,3.2661735139865757
1.5448193113761541,1.1184349465548415,4.710595201889658,0.43893585077752056
3.780913489413821,1.7680215472181262,5.794696915927726,2.11367840994208
4.86240322786734,2.6268228470186896,4.159564554511185,2.88326358476865
2.9670981958561886,2.428296904492832,4.090800422543898,0.6695174505837757
2.272527682437524,2.483372483521754,4.796941200337838,-0.24643991154421227
2.2639277415443293,1.5202801385766789,4.799667040260868,0.7840165674427562
2.4176802500333925,1.7064455429538015,4.097197487904102,0.7823160389123541
4.827775918352412,1.8501633858841993,5.343186988495161,3.1739654081624287
4.643184796613491,1.9194291441974611,4.386129714071616,3.029211568484935
4.282542643770521,1.4340139606617255,5.745579236977782,2.9416230082397252
3.143057601481673,2.7605210390026453,4.271234085355391,0.5013066497601214
1.14117738303898,1.304559383642622,4.447227936112499,-0.17090032925310633
4.113854237553763,2.2418090626444127,4.070708654363737,2.242797733923107
4.523534809397881,1.885467305867881,4.814900808121513,2.867029061712252
4.874061245621155,2.080759920661889,4.8045278889786704,3.099005896313147
4.094369984688598,2.935222714908722,5.645439760550973,1.3569815675783905
4.802821089855897,2.694876326491368,5.087518104084009,2.4852480072638268
1.506476767660335,1.7299126476639957,4.479090373005131,-0.24223137590337487
2.8892281294848425,1.4805143385890132,5.5280348642507455,1.462126493112715
1.5469613618806441,1.8706617463503294,4.800079527716545,-0.3514907844561011
3.625525814499624,2.748409427884572,4.6344103112335855,1.089355494496035
2.897492648581944,1.6842531578933257,5.777535097088048,1.268328760066253
3.8475676833488666,2.0249649081896246,4.066479105895034,2.101717021841443
2.6404028573739393,1.277118733417564,4.221418140489954,1.4303100579164076
2.2355890343811957,2.537208560432503,4.726771463624887,-0.35748516522306295
3.8641767944618075,1.3589793236354066,5.748512279404588,2.578280080696482
4.078278955702704,1.3376834598707168,4.544186616036629,2.867659272736841
2.627316608878554,1.1420057235695202,5.457486779695431,1.518938461012495
3.7575015243278074,1.3393898357489622,5.272220036278817,2.500136242426299
2.52603710772584,2.4073139482348314,5.439610545086384,0.13239380884235197
2.570705255941402,2.502428720004043,5.562445914155567,0.07644983213330789
4.500103929231102,1.0393777150177013,5.419769733605043,3.526176032116054
2.5836150663274617,1.3993586608040678,5.832839110426562,1.219883041726933
3.3728001470183058,1.06646237198147,5.039515742080267,2.3597820717818867
2.7359299902559124,1.3735557550502222,4.019683654835414,1.4496328837396772
4.290903524448986,1.6300800827237996,4.273414122930115,2.8784616251171466
1.1271090385414553,2.25697241200176,4.850170642317893,-1.2764904269200157
4.652143784670031,1.3611018194496507,4.393070541740696,3.461368247773793
3.211488282198845,1.1971933199121791,5.6284165125747645,2.061468736220353
2.107126773286672,2.2573734951345727,5.098553610568904,-0.16756522871118723
4.128587040582429,1.1664583065447207,5.686064621250736,3.026496444594407
4.8413191895588765,1.7226001917774616,4.579274237417514,3.3659501631478803
2.6727781703950035,1.1727720804285267,4.9739207329465085,1.5435251151845528
4.177439021223398,2.4889499973943088,4.07979420011868,2.1309904249889615
4.210634291461277,2.12549047508399,4.0561409342556365,2.448193112028366
4.514137730428038,1.0085841835012146,4.330017424839367,3.6047050000397958
2.939574064689029,1.693455409717702,4.741847779036183,1.3340959527583587
2.6983303499150684,2.725841185382173,4.443911907377037,-0.034833458982069986
3.522566882876941,1.4457684001778581,4.118161909934111,2.217975426484849
1.904484916230488,2.6811515155210452,5.821858564911663,-0.8749761547121317
1.0795469410224174,1.2866055706909543,4.978775823336182,-0.21433904505924245
1.6333935523588115,1.2208858312273847,4.365012865456476,0.42965615729098466
1.2614614660986185,1.0623304079692562,5.59411295186739,0.20282177585340594
4.784133781078885,1.7097794875263799,5.554646318014212,3.231238603393998
1.4692835547649654,1.742857367567573,5.57495902079263,-0.28800958273636185
3.4034246071876213,1.002170297124865,5.338157584397255,2.4447231708929715
2.647944033567226,2.165910322369384,4.159712049938824,0.5646093491905485
1.6327028955038987,2.6379521292837538,4.371803896591439,-1.2605990906993971
4.93268746404158,2.918756125244881,4.70803942698188,2.56669428950335
1.432877261291456,2.6356366077460747,5.601223356439858,-1.363092957589503
2.0155170065583636,2.2600549462061856,4.986689369687828,-0.2743302118285389
1.686439667879208,1.7589478008600585,4.838944162252487,-0.07783225828794657
3.411958578892329,1.8774190502859782,5.072661952336757,1.6518367685064195
3.918204240024214,1.1670957522736498,4.797093257854762,2.8363316804422376
2.883867296600314,2.954941288028434,5.397030455149646,-0.08493570727968076
2.6210520634144805,1.1934614847069551,4.855401168365069,1.472774773157427
4.421334941714913,2.674900483107394,4.344971637532582,2.216190810872141
4.282864213387508,1.9775935854506468,5.582055096599698,2.465159549752007
1.67757880975928,1.9302837770866674,5.240574536591509,-0.2718153880754376
3.1783524669893697,2.382810246566546,4.476800278150428,0.9397101526056091
4.940963075496715,1.9907324766449275,4.795297709276525,3.2428799488688784
3.151577842531604,2.7879759899508176,4.891770441823994,0.44250385924981867
3.3519905188997017,2.2635508449160833,4.189812850712357,1.293445809040254
1.8513544977923755,1.7928041582855352,4.2819838397486025,0.06447342695266112
2.2815139149789028,2.0231677536797648,5.450005770523854,0.2782272438361033
1.1256239759669469,2.066644759878355,5.661251350427921,-1.010776956182947
2.083657946494838,1.3169111799214612,4.282166651459456,0.8057980422910054
4.53249916922882,2.9844426954042387,4.649723818452266,2.018781721330653
1.272741506484556,2.714805608107364,5.766734714875884,-1.6345189228228243
4.12916231905921,2.7573132377995146,5.04448270298092,1.6382361623944233
2.6016090947483415,2.157405519339016,5.257922462389798,0.4870953575720623
3.449184650037198,2.943162244764385,4.93708518347143,0.6302549355734512
1.434342414421693,1.436318685820185,5.275376913914402,-0.0020538636302929823
1.7943459842516498,1.794323759611182,5.79816531376952,2.337194246180984e-05
4.769857738911211,2.791035890676731,5.134940933090786,2.357467657947645
2.2455298631305514,2.941930085759334,4.29010319151504,-0.9568053660120488
2.537023529390831,2.0355447579082875,4.150373632976297,0.575439990088635
1.2785887933309654,2.217833496111086,4.451793391401469,-1.0832415228304095
1.8379617299669944,1.121198172258366,5.728373335328744,0.730900344935411
2.3379052658741326,2.7068041925256874,5.1881353548248,-0.43241616447591913
3.7317852120924333,1.8532860430120175,5.123788337097756,2.014922203524002
3.848215475099483,2.7301857244906165,4.069055205734626,1.5078134253125655
2.5227829529205765,1.7305643602730418,5.540831513473801,0.833937237756387
3.95463826921052,1.8001611920601464,4.2878636655935605,2.3738070676266774
3.7770518422375683,1.564656059667518,4.195171991899295,2.384445304842601
3.1411763472633747,1.3882420847510284,5.429335505393302,1.8132088059270226
2.007434124888862,1.96450082098733,4.37146876578058,0.04805958264837862
2.275962948647913,2.624891919270696,4.282564602781479,-0.4416034746234916
4.8711150056310615,1.5038910529416643,4.1867244245833195,3.6080280714913555
2.727306876872955,1.7913133754891466,5.142396055640257,0.9985342477197195
1.5415425153135613,1.8385048400240362,4.9971431008866425,-0.3193620823040463
3.9771286403728445,1.5171838685386314,4.505458986371849,2.612525590125306
1.345450473362947,2.787821809980815,5.659758381058681,-1.657377318084343
1.8772063736098765,1.878267789528964,5.062676747818946,-0.0011429891027847122
4.166033804844007,1.4689260815529848,5.956724853288769,2.7830555824584615
3.7923600641922106,1.1299543115519364,5.678887067868773,2.7167276839072407
1.770422543648968,1.4728415104546637,4.290443893849029,0.31683456732060616
2.392102021114777,1.9865096855963826,5.791176349691451,0.43179043640268133
1.731766643007984,2.6020148706123276,4.620742172229752,-1.0530877295180374
3.348061207315679,1.0985196134333133,4.675177677017921,2.31433611055413
4.956659053291617,2.4462352437024175,5.804561031487036,2.768261310727417
2.5754771380240307,2.0493777459796045,4.565475932906537,0.5887486770539574
1.785241529864905,1.4783774018929945,5.072678182709718,0.3207898238838623
1.9734788243669965,2.3572409172693067,5.255128289901934,-0.4293828788410596
3.170505988515125,2.345411192551415,4.614986082578126,0.9580429304367467
2.188054001315025,1.9053177111538528,5.324969428631338,0.302781937180241
4.106726709431793,1.3660348636745456,4.814229676299847,2.8581668888894383
4.593508724633898,2.2112369334862834,5.790378578552035,2.577626480845407
4.994449968373115,1.0351599058682541,5.273090002848291,4.037859138727771
4.627019681861469,1.5920875336282942,4.460539645744268,3.248932032424776
4.615413072353137,2.8848261349192788,4.547428566890459,2.2387459287580707
1.4385562705377253,2.809313786917279,5.239866383858231,-1.6238746885856377
1.77986653609029,2.995007423405914,4.180114431398762,-1.74189262937509
3.059822544658332,1.6691549303245892,5.029415444987946,1.4742234515105985
3.538406247746625,1.6410200268979804,5.323576664910804,1.9945115308221355
1.0046284511817247,2.334065573319917,5.211049810086605,-1.4869328011769842
3.441959046625581,2.2999077648673136,4.127927864205371,1.3752917581624513
4.26053858371537,2.5998144421671485,4.005060584592965,2.183222939099276
4.7981823984099865,2.072486306234361,4.550908172350687,3.0615938520615664
4.740711818212722,1.197521339884483,5.125888304606426,3.6440300940791523
3.537490828938438,1.6597830307599346,4.606528833524045,2.0129104957475072
2.12751321532782,2.6752218483906605,5.122196638291426,-0.6422670822895042
4.7665136845544485,1.5304877774540633,5.022153899989117,3.3976406385518656
1.6195350338131496,1.3666567651566184,5.818160108860462,0.26015727450766807
1.4344119067136356,1.134149436648718,4.348051186703845,0.3110297567010338
3.789995063975256,1.8417812741795005,4.501635706546326,2.135091025589602
2.9020375616821545,1.5198398519337835,4.461380641551472,1.470134616020394
4.63389841592436,2.7353273356136,5.538717815599593,2.1834103284368322
1.7879070507705288,1.658700078642106,5.553873828297398,0.1353858895961364
4.478975609602425,2.3351076903359917,4.246999192214755,2.5666468504294784
4.598549660257953,2.975950784807144,5.601945615173147,1.9151938002332214
4.569903377753038,2.487118688807864,4.978083508069286,2.4043737039748283
3.6910857190249846,2.3223692515618364,4.61314209648764,1.5840907869481289
4.310681647779653,2.0529386861189223,5.250730741378497,2.453005836089166
1.6947064603483182,1.930386732004645,5.254986084704124,-0.2533964283240755
1.847997358767191,1.192372266807126,5.538688742323668,0.6713671535569675
2.512610864986192,2.788151990023776,4.340279640866753,-0.3595368645771637
2.1444884926739634,2.3455006402326255,5.601022438496337,-0.2213557142444079
2.2408715088663835,2.693370904283401,5.872278401297926,-0.5092201145573741
4.8459516436611185,1.2595062298904953,4.929152187146961,3.709591716201226
3.924215284341965,2.615495644278184,4.682904843179325,1.577737998759267
3.5160727558102267,2.93283554791997,5.910056376883466,0.6717909716230777
3.4279442164378104,2.916066730376674,4.672921083678208,0.6550804939099147
3.4662621814215506,2.520432641175727,4.384423565145388,1.1559156960871553
3.0022055638901377,2.0889460155970827,5.2630763663902655,0.994988597953516
1.0129033001116245,2.765677346128192,5.303934350754648,-2.05413961612053
2.8027323677171743,2.5323297790983657,4.32926439262201,0.3333851898576424
4.1262359716960635,2.1994120033469717,5.702361492335568,2.088418633763911
3.9181765061643836,1.2716069511630408,5.4508711146716955,2.721664678696658
3.2265788904611292,2.3872620201069914,5.920523886208215,0.9171820127797436
2.3764697088353115,1.6969132642393774,4.751491298782506,0.7275347188975676
2.9149040728374596,2.9023308487593944,5.078773495260423,0.015321468479592756
2.6938618151470637,1.4195054189947873,4.763449233187265,1.3350112566817345
2.9835045211389573,1.6595780409963001,4.449020345150893,1.4269172309113334
2.8706919655789878,1.3757504096712136,4.844413864865819,1.559134003276586
3.565590088392372,2.1856997317268645,4.7638526190231945,1.5529953213152556
2.20627242887709,1.2915968037112298,4.478079006367298,0.955272780413421
4.685968272508163,2.0578204541895406,4.679362335147636,2.926300340234892
4.255340984125297,2.153839453510983,5.4193732638329095,2.290137746839944
4.870870555145407,1.7487006848133053,5.515902715102255,3.291983999294274
2.2414899584033705,2.236177061735459,4.384278180721852,0.006176723829679094
3.903695188157287,1.7571478824041187,5.299300227192635,2.2752666160236075
1.5002382700929329,1.7141584236557008,5.9639236351134715,-0.2233443304162728
2.954175374794651,1.6857111225533041,4.441519461132485,1.3710496579667686
1.6166468578458404,2.107457452337254,4.3594705776423375,-0.560677601835999
2.688405717730259,1.4840160634030009,4.607209876077648,1.2721935532733935
3.5629058732934396,2.372156989300213,4.578166371091152,1.3922126364992538
4.799469966491808,2.8694840421970444,5.267452909989869,2.301455371493495
2.425769401003994,2.2440061124057635,4.0823733877621065,0.21758308768783274
2.734963148786231,2.5212000517663267,4.179368792032247,0.268023719477255
3.7260882112860774,1.2067609079730797,4.01524134673442,2.641447717291222
4.222467313979956,2.742818431432223,5.9014539129658194,1.671104908961106
4.758398758069455,2.5408145148916943,4.640775858907163,2.6500541927025676
1.468720962657526,2.0443783584753037,5.257290898762415,-0.6248353139477166
2.6982753942751914,1.1825986693689323,4.160613124504657,1.5808815136424212
3.665255753233095,2.8071963087918634,4.894872190249419,1.047426378347847
3.8434180009575223,2.5589905576645107,5.8165724826335765,1.4302832128937732
3.6672213325369807,1.5328103307388468,4.885560947975106,2.2479127099528795
1.5067365082218922,2.931305852915047,5.749012070528169,-1.65600309426873
4.912835851745218,2.3853957873263463,4.430939319836947,2.999140684785675
4.043156752987057,1.5788375827084071,5.997296207958296,2.554425498586169
4.885481718818591,1.2329528718624247,4.714378507074879,3.7842382618677264
3.5513838717606134,1.059975720682796,4.881521148085961,2.5523052075634802
3.2718257646773505,2.7370666762487135,4.701446977868075,0.6577090978979911
3.262454129455032,1.9887975317304625,4.08532096006921,1.4580991004477557
2.4804421668788836,2.326261082175543,4.559829671802204,0.17926425442189511
4.150916415471459,2.4719338051267234,5.971288109588071,1.8444469300600292
2.7076203613435124,2.384282013497951,5.563703187726821,0.3578644945422107
3.5897892696554656,1.0477995365452846,5.042858260286141,2.598704331722526
2.8651301057025003,1.6691474108709372,4.388023675634979,1.2931955927246999
3.9847658280046088,1.645295821111955,5.304394543022725,2.460840751701698
2.458096026975521,1.4328068462333632,4.116243355146093,1.093685434217097
1.0830722829527009,2.396174667120767,4.0717676829204255,-1.6241055112585
3.0185734841983987,1.8946244497706113,5.162749920802684,1.2082499014924886
1.3460693565299877,1.6346942984696846,4.620493251123621,-0.30858282477457916
2.8259521384311146,1.0550932598044522,4.839025212392799,1.8145157773067835
4.900470612181053,2.210360104828588,5.149629123116349,2.9784328637704136
4.655090828580295,2.534178120359122,5.6904505509993815,2.3687763450650583
2.556604488269203,1.9105113226204338,4.35804493161117,0.7188507906839959
2.2931354821016194,1.9262866409360104,4.427021042019272,0.40744126300311706
1.8759427118884275,2.8179177357121254,4.606677883033256,-1.190734058501101
1.0217866915406986,2.1245955156477088,5.594459721114076,-1.1921202633045374
3.6187760473985118,1.639751917004573,4.819229796015718,2.1045962565933927
3.398211182674556,2.7601554386187064,5.610189928342555,0.732891087263036
1.1072701958293152,1.747888890235663,5.243679862181336,-0.6794785207850172
4.9789147820403645,2.814729523700648,5.031205538194014,2.611034568172369
1.6604501934028484,1.1144293143292974,4.338161283462191,0.5649812507528652
4.7587325478484255,1.8275945381694758,4.141162941587582,3.2664457324142373
3.2879505346647013,2.5226137491346785,5.2468540270608415,0.8728371650919128
3.1071146084776866,2.6254460831610844,4.888096411695164,0.5710273850954507
3.485657929787219,2.868421432526728,4.38964123534246,0.8154067136859079
2.336948551006168,1.3302953815634322,5.801466040972819,1.0342096675622037
4.873720034909481,2.097292955993759,4.828886740683249,3.082324479533756
1.7695158503178923,2.2995676648231553,5.575411625032672,-0.5818471994943235
2.5001268272633252,2.2456427798496588,5.242141309319887,0.2816343325147121
1.5669029272118675,2.5597705466794505,5.119892668017293,-1.1464385345865764
2.188917631551628,2.898619288331668,5.900476454683908,-0.8147959603793747
4.348564862131905,2.164661627384658,4.113907970975744,2.5681728075913623
1.6419355803491662,2.5760706521498418,5.351912074468964,-1.0657122895344784
4.65005978586397,2.5055878743978295,5.825297886748298,2.37543328237599
4.411432893170523,1.167445968597234,4.782189302335068,3.3451989698467837
4.79602002689723,1.1223902501909067,5.96478469049699,3.7404469582028788
2.1179144962366494,1.716598570334004,5.39112641073909,0.4233502603611542
1.1382239602138435,1.2910678818852448,4.805703662906309,-0.15867738530896558
2.6462620828108427,2.013266796326204,5.91278505438283,0.6732225182686613
2.7282708344085287,1.5138137902736652,5.876688935521658,1.2568732359309305
3.4256113282257994,1.8777052600978013,4.670615596569453,1.6905392399739678
3.4416201809881035,1.8695022370360648,4.510603735887755,1.7274811135594772
3.9982441555539,2.359945446432829,5.046968747586898,1.853400737349758
2.3697396350074262,2.9514840364111903,4.5045660508383865,-0.7700759640883771
2.0648264516984165,2.9251660773663897,5.117523438964491,-1.0485120874404004
1.1983485405228813,1.5292462410959755,5.402804983902433,-0.34500634811380276
3.165067007756114,1.2258654099224373,5.032352071535553,1.9994313435548283
2.2360843356365327,2.764455462666771,5.242263311339668,-0.621865994744344
4.066459459431666,1.333785989365411,4.4460956642545995,2.8646110907020654
4.024677040650763,2.426294331887158,5.088784464715376,1.8183775324888816
3.0254514716717793,1.8509537784152112,4.161058671529065,1.3113850307604091
2.1107590108749292,2.7878386887567315,5.542104540858502,-0.7834125831750297
4.836529415476999,1.730783132835535,5.671738550954391,3.2613061695352545
4.3415161143193535,1.346528590571228,4.588179049241817,3.132943901764288
2.062062427853278,1.5454240460833648,5.42582351160325,0.5389628858901365
4.908599998264934,2.341506232514427,5.667733669702535,2.8188991866745345
2.684559039939665,1.920969236883997,4.469662249386889,0.8456763307889011
2.1481324875312096,2.6436709583956475,4.564196371505956,-0.607894587299715
2.980990917305226,2.401487387256623,5.367703151109328,0.6479706283818298
4.36636846367301,1.7764480017628959,5.885391723456233,2.7166280028275325
3.9083374345745123,2.517804083624945,4.473125628311175,1.6823484195573328
2.924193820307864,2.508109015726215,5.0243757950919985,0.4801937422039162
2.9266851400875367,2.0227819406404857,4.406745165518801,1.017420698517448
1.609241209494804,1.478559976166682,4.755444701956255,0.1374960482986951
2.715173006012708,1.9826776893613949,5.502336940087839,0.7852453923485865
1.8854727776839284,2.0888351024346727,4.455510334819239,-0.23023190808994967
1.4443137254456389,2.806657595003654,4.620966748013332,-1.7149006855647113
3.5208391017978773,2.6574070240062624,5.1224851166812435,1.0099660040802947
3.1684391346786733,1.8981584031888237,5.201510296528018,1.3643717276985787
1.6277603115700825,2.398158124901129,5.362468808412775,-0.8613299675861342
3.641294653947724,2.811566090355168,4.864506576766391,1.0167568744399902
2.944145767909246,1.669117049684264,5.52189350221616,1.3375995828630993
2.831666433459516,1.1390022422440698,5.877389442728639,1.7253733646420941
1.1751553306416307,1.2300493932405085,5.909813493978114,-0.0561231749947525
1.8494384500730296,1.886354925535634,5.275212422164669,-0.039530243510015196
2.2962421346064223,2.0779866073583086,5.332541055834578,0.23698950915094877
3.5391710472142286,2.3194705821134995,4.091571206192633,1.4805899937781735
2.549034369495381,2.720229595021562,5.49503177102466,-0.19703126721495567
2.912147662157697,2.9429376919219274,4.404574075111498,-0.041383213287298555
1.66388462690341,1.6528866939383993,5.258964483208804,0.011585014221611489
1.0320609418523232,1.80940113641965,5.21138429441497,-0.8289060218522059
4.652140571084669,2.578828277836122,4.597494349203521,2.504394304599913
2.066209141805522,1.0966547329439325,5.223101741823936,0.9916590125668271
3.9700125615137214,2.109081497747463,4.271071034979348,2.1400541140079747
1.2874111898294358,1.4961630311445542,4.8226065112694165,-0.21958658805304776
4.785114716016604,2.712536507423782,4.777562608008034,2.5177393040515135
4.392919369233196,2.1027949996332405,5.396234812750261,2.486694889826612
4.846281587824995,1.4683077967687193,5.243550484821369,3.518745873379615
4.878469505408027,2.2345569209564538,4.199248197503432,3.122752229573135
3.3770247400257696,2.9735331781647396,5.152247414512469,0.4940813778081596
1.5700296784266494,1.2952785626267678,5.963830311533439,0.28146992616871286
2.0973872978691808,2.744455082299859,4.428619147596933,-0.8244669494385876
2.9280136090761704,2.5388289018565207,4.965938857035537,0.45283895572505445
1.2748390514854022,1.5519060407250334,5.084947978384001,-0.2909482643591817
1.9682609307356138,2.053236152533527,4.445388701226786,-0.09580692004379375
3.5675023149334852,1.0053035176791738,5.959613125834739,2.599449338563566
1.5120761068023594,1.6509140736538614,5.995474339321053,-0.14442111820187542
2.3261812079809503,1.9112953188348305,4.986403917716312,0.449193810584837
3.733491059365406,2.2218598034453594,5.718979939932877,1.6404989046739138
1.5412322172647879,1.1796827487252837,4.444117856409604,0.37500263402231143
1.6979506200034118,1.9520823706732282,4.652524034637594,-0.2799668964216454
2.682192559752329,2.940765257432009,5.32899393323252,-0.31005840329328116
3.8879181254155326,1.7351231711058934,5.734391443104439,2.258673949564166
1.4877978298187888,2.089358355745578,4.735485601409411,-0.6703353547082099
1.302271714263319,2.9106513477054476,4.2996059738864085,-2.185233306789716
3.8289535443399525,1.830901941758452,5.93238015328145,2.1005972157772215
3.353842633838054,1.6689492241805581,5.299811930975027,1.775211842672096
2.7621151591080833,2.6658372040449456,4.731599040295439,0.1165343751962847
1.3956291365404572,2.851246608803976,4.952224410272766,-1.7802989417096675
1.8102283509043788,1.5029161430362339,4.128482509730494,0.329951893738041
3.9901886715881645,2.9738793663440433,4.946248334793699,1.2718668454797377
4.9209585058201775,2.4527341581491315,4.833222155779313,2.864475487797212
3.1793648337981795,1.4128676919608631,4.696313510038017,1.8523096525292173
2.931412935167563,2.5906603171660545,4.1797569693563315,0.4342175344975765
2.9014266947696616,2.515737678178529,4.89789125328306,0.44951698802847767
3.244362193631966,2.311071592374775,5.889680446167363,1.0146696447296588
1.895579302078433,2.0968615587854513,5.324480258491169,-0.21897794967267992
4.432849752934883,2.1112098933225676,4.268560330217159,2.671243068626277
2.0924613855758447,1.3793978878410282,4.6550888960214225,0.7465940930737665
1.9025103284889338,1.9885034062390097,4.800667447460318,-0.09447924650863547
2.288068006640083,2.005947549120817,4.059452340858042,0.32450728184553257
4.614511519866925,1.1028596457458442,4.638494451884312,3.6153273828960293
1.5345353006381224,2.6209158989026005,5.380780293026039,-1.2439197391661427
2.4196346916366984,1.1314386382219628,5.192829992175728,1.3199074932604782
3.870364319735821,1.7320450458044776,4.270133586674819,2.339409072553551
2.750148701091734,1.0436135137856193,4.801343065329392,1.7483347151170228
1.413764782537834,1.3444245231313117,5.025188266603073,0.07196350569357134
4.831247998403391,2.302344454191755,4.800824515958164,2.881934325212175
2.1322104250435183,2.9502025575333963,5.889382810145511,-0.9451263105864731
1.1389635228046915,1.5187923334381588,4.811876110016797,-0.40029131428339526
3.7489860053473607,1.3386542848965668,4.955799680918298,2.503390187794459
1.2155466052802781,1.307787973403854,4.219471316577126,-0.09701899791339193
4.29318162160776,1.9049163900820407,4.245838435057011,2.6723192283538646
1.5625866465726101,1.111942375674586,4.984253890582011,0.46229521322138106
3.0656125364128477,2.3898494599341236,5.257333868046312,0.7586801698540704
3.288760702188955,2.772611670546015,4.761867184061542,0.6348637068789484
4.778769529604327,1.8980315358329223,4.637150136422562,3.1573350199430754
4.484652521922625,1.977587265540166,5.696189287278974,2.6733487985107196
4.06763138891273,2.4488035880907413,4.14034968642433,2.007617407102383
2.815471938689252,1.6931849270545503,4.824254335957882,1.1985310476855349
1.0861730350600083,1.1463725110284466,4.884230973745187,-0.06192943114680643
3.8849605345527753,1.0081561745381817,4.027113941367788,2.9714220405444345
2.26088613712046,1.5176636934195304,5.835140939424395,0.7697126499973813
3.922872272198323,2.6653647821263915,4.114692018257878,1.6506234917499285
4.132587003527893,1.4352932446909161,5.055640904876074,2.813038823993174
1.4803041602145992,1.6686465848929262,5.712355880903069,-0.19693176575822058
1.797041427229468,2.080537359734641,5.5956145912664566,-0.3053904196996996
4.672781614063757,1.3099098065584878,4.93482951143568,3.4879970841072043
3.370418783810294,2.5883031487882273,4.0281296699308475,1.0207217577899965
4.004644146188076,1.2711565165451317,4.573657818652208,2.8456004673723925
1.4779919593743234,1.0042425513180726,5.7987131815622615,0.48101780761584184
2.586864469000242,1.7999420359223262,4.757463755340824,0.8501144790465343
2.6192089022238663,2.8397325920465812,4.184385030594353,-0.30025204957570767
1.7573763212709372,2.885131487135826,5.606463097219628,-1.3152806597270517
4.35406295498499,2.69703617265844,5.524312373507649,1.8986814473433715
2.7048852176821265,1.8362196380061926,5.106746033672057,0.9309268043384102
1.741174478499687,2.161772640021372,4.309864683582715,-0.48618043303561104
3.583073414218434,2.329743888133724,4.871953195208929,1.4270700808591203
1.7343156332197638,1.4768302473845039,5.858630010978307,0.2660778413948765
4.936444188454846,1.882253891740847,5.06390970569908,3.289901869429253
2.207818766608095,1.8509183253401413,4.600129053043569,0.3898503871674858
3.3970695612860466,2.1326885124234174,4.656283197793357,1.4223470054181084
2.676291906642384,2.855010508104902,4.134846946533736,-0.24706874021040534
2.0688546003567327,2.3353562789571845,5.0925440683461956,-0.29989452498306934
3.9495113444614023,2.469614796299738,5.80444106589552,1.635294333714839
4.755381486179665,2.6443359806394584,4.857851631524293,2.51655590496517
4.163583974866517,2.0844436192655005,5.438284778803792,2.25105868774218
4.61408520526995,1.7751521377521406,5.877114449561999,2.978025573979822
2.9619598023253495,2.1473042223276435,4.350246459140308,0.9367236948751733
2.372782503222267,1.469022673740607,5.207127772936085,0.9420250619616057
2.58153042833315,1.7885132282204081,5.506626706250821,0.8384749842842236
1.111048549864016,2.0900400534231167,4.1889009023001265,-1.129650206710698
2.458364414844048,2.393474692549349,4.559052466370323,0.07624164637439836
2.0365262172592,2.2093216082355402,5.490452455626279,-0.18875111402956765
2.830474483826091,1.6521608560892251,4.758652610574722,1.2564731990526834
1.8016093558623458,1.8677555399200807,5.312877842000562,-0.0706563057191824
4.932489271411791,2.1134916805554838,4.594404729937288,3.174863147490467
1.1369134007637225,2.2707711415121317,5.64498247062036,-1.2384797028385217
2.3351802890729205,2.2302849705167205,4.709849880388948,0.11909443698059778
1.4742406960804284,2.9206704158572387,4.488074732838196,-1.9049981987736897
1.3952848433597071,2.1089849700798258,5.869702700030392,-0.764769884150167
3.8119249272453546,1.5755151850795481,5.636924454062896,2.329239338539422
1.6470735989210352,1.3633648177976516,4.665396492790197,0.29665841644906193
2.641538116261573,1.3065060622937517,5.087650479210304,1.381356247132957
3.046684659481739,1.453274677461666,4.818426434537515,1.671235924526863
2.200031144748538,1.8789482611957076,4.228008091425692,0.35842105776767763
1.7539186597665912,2.321719166119844,4.1648566692024485,-0.6839261630124719
4.350573528119857,2.86203976029651,4.926503592915994,1.8287979860707044
3.253855381148687,2.0498374541628075,4.34174655236546,1.3658231717137985
1.3833602836366206,1.988462238672422,4.182632234355938,-0.6877997326971138
3.634881557398806,2.6854728180295933,5.285335725927714,1.1022989438495019
3.6251567144761845,2.16301658226912,4.684948141238731,1.648338415140505
3.8646023037241783,2.972691653284791,4.4990201170211295,1.1882429009558781
2.0419670107617005,2.552681734661793,4.74989743885945,-0.6056031518033199
1.1807179184123462,1.8512445030318114,5.044411486797504,-0.7208217763481561
3.493507661271644,2.5666579883069995,4.1049837362905865,1.18762745594835
1.8985411556197818,1.3016261824247066,5.721411494329439,0.6129888441830461
4.130318001452347,2.4457360889809197,5.977270639748432,1.8462042656437687
4.715216003761232,2.6580329046873317,4.629154507382992,2.512684414219767
4.71913527511453,1.3345750984581861,5.379915504851648,3.4937644672700814
2.1887302361457506,2.607080056579398,5.532189851457042,-0.47432154424977735
4.311197391327748,2.130699722139859,5.589508484867828,2.358584633520351
3.102659719591945,1.2389333237960736,4.706539127087957,1.931860592454326
4.771039369740984,2.2443100627433354,5.388969172874096,2.7792144251724524
1.1090322544620523,1.872342330533971,4.6640640994182405,-0.8334123176293126
1.5618294713379197,2.3651198001582547,5.0642874397940885,-0.9084454921221502
1.1979486906682717,2.5010729420948143,4.146029251572045,-1.6338975721161875
4.793034086263258,1.8120836867081618,4.387402424050978,3.273172405195459
4.8738288080982635,1.7526552149155583,5.636582482246671,3.2839643030068055
2.711580812365763,1.5563370154297147,5.054785830075037,1.2142301962170996
2.6809496439926614,2.981844888222067,5.680520511989768,-0.35351664190715176
4.835762301994372,1.9389342417564412,5.59515398885505,3.0881846955048617
3.014188798427418,1.2874391246548718,5.9578290764162585,1.7685348299621813
3.7456652157861754,2.549289805914877,4.032491818544315,1.5440774677125992
2.7257808858814654,2.8246634653535563,4.333351043174993,-0.13039102973478245
1.7468243148407319,1.6707670149529819,4.787446125400541,0.08116009956976959
1.2367695273957198,2.6074249434688133,5.1432080259718544,-1.5901487099239684
4.737962781058201,1.1003786451601727,4.4897402323859446,3.752016919422204
1.1871543564232345,2.3332345258928693,5.922343343881762,-1.2469284321108973
2.385813138169085,2.1228595470336495,4.069993528677667,0.3081977888834157
3.1565510008961017,2.6321971760547784,5.735263267916704,0.5901813095633497
1.4130601859112035,2.2851271728218636,5.695164495253549,-0.9520662502716337
1.254944406520861,2.221820437924346,5.189947136316453,-1.0698714909180003
4.751134034756857,2.9850846299666554,5.292309641064772,2.1387316579389846
4.120955549196351,1.7837262564406688,5.998397919674818,2.447967464303313
2.557704304364931,2.6697683639050025,4.747522988261792,-0.13552319418424277
3.0698588857846945,1.2442281441718461,5.317849749244446,1.8777508596594839
1.8197379394008943,2.9891120377686535,5.8871723785464205,-1.3573470570411308
3.1639168763856484,1.4809696685330143,5.96375109571059,1.7373687827856112
2.669629490768082,2.5497266421691833,5.9578556559042015,0.1326656182926531
3.982882733348419,1.4318071274753432,5.097254115101995,2.6580966770746945
2.2736921016835234,2.9200964023697025,4.506837973373678,-0.8486298210600339
2.6856203906836864,1.9126241438284377,4.426316983778348,0.8571472460221709
2.647938749117313,1.194834031992168,4.611692443524199,1.5044769978536747
4.318777552816642,1.2310012898429799,5.64535469171726,3.1639115399784727
1.5826620804034395,1.5860520707831969,5.759077845532058,-0.003526355888485804
3.4946150806642753,2.3146539565969593,4.0789230961325895,1.433041757913612
3.2454511434607927,1.80064254225786,4.366874875433632,1.5859076279981896
1.870969675828817,1.1190860175950552,4.838828465876698,0.7728359298168261
1.9659305259346578,1.312533676226185,5.827022677716578,0.6706313197085867
3.650582504975993,1.4733286114382893,4.246643227063327,2.321444667288629
4.873809355161576,2.310992859772295,4.923733959233808,2.9023703760708615
1.054693851161261,2.9238527278029887,4.424621878442602,-2.490386963045491
2.353773737873544,2.9789358835100446,5.702128798557212,-0.7331688342782462
2.076197426243287,1.773021079021016,4.854372074224715,0.32567650125849973
4.016469799174953,2.793342960592247,5.681860119829368,1.4045897697757692
4.5492579465528955,2.0700357062255232,4.268160615618825,2.8349616333755074
2.4408549942136246,1.8535051103917526,4.676411002994499,0.6397459712775554
3.298829214851893,1.4537412216403738,5.951038368950625,1.9027335388980489
1.8177664988558044,2.1989604835271725,4.489961320625091,-0.43721792127162745
3.3956817943124964,2.648358327425889,5.534146585863731,0.8511065049297334
3.1413003777669655,2.1943001316779895,4.077575288909439,1.123560545010845
3.797068195088945,1.4459869878604723,4.188101736313423,2.5051296071114084
1.567891607438456,2.436424971146881,4.89310883564502,-1.0015175612345695
4.027149914955407,2.076492095959213,5.9926877678613835,2.0794852962931385
1.5012460163388428,1.2596028306244182,4.166980435269053,0.2535023898940985
3.9773594484907724,2.0705499903987583,4.3030404285732065,2.175183220888526
1.8980011802255219,2.2160035927116772,4.128269451983493,-0.37690628720187036
1.858617024958681,2.575117741653525,4.463371520521205,-0.8772224944751698
2.913174835177962,1.1076326353644363,4.332874793961002,1.867595913734651
4.932105242686557,2.3507031959837965,5.466980668562646,2.8592101445742113
2.240857375878489,2.6696796707208517,5.187487644116071,-0.5001383177212593
3.2492768190251207,1.549190831908881,5.765415296548384,1.7649977212725592
4.334664821043564,2.6211922428799728,5.147552389215594,1.9909249084110021
3.101738402664384,1.891468633301551,5.236735892161187,1.2978884592856559
3.9061752187232806,1.34700783206468,5.047496253135611,2.6554720730864725
2.528621101485724,1.268734364535844,4.583336059042859,1.3111209589841
2.5494270241463446,1.9597680934255286,4.669149308463947,0.6496542455259541
2.3070422246220605,1.2498506347534253,4.917569676090048,1.0930862173150526
1.8878526625770715,2.548606574964446,4.331920441444107,-0.8171381175003102
1.2482594068435708,2.144121819562618,5.538296073315454,-0.9716312034083731
3.8293079495081774,1.6300621938217863,4.709190391351366,2.344159174527541
1.8256944270054096,2.8307742370370343,4.753130238030732,-1.2511717426385685
4.25266597895784,2.4432677813111017,4.874921728178276,2.0909762006162786
2.8587706568301123,2.395886600760724,5.208404945884076,0.5213146179256459
4.645564435575392,2.5578839504426214,5.188932758306382,2.3994736322461376
1.815554446639121,2.3625455100244976,5.339215138594789,-0.6099543384342293
3.90734622207028,2.5534199819212766,4.191540570657179,1.707285052276061
1.1061092619321586,1.6750033085791391,4.031142894357543,-0.6254428421942039
1.3727634235102166,2.8068833134378774,4.932169402315852,-1.7440978290709495
1.924299469336796,2.6106263474612006,5.738155469330134,-0.7707101545158909
3.2692181646913308,2.4592813785353638,5.858948842156206,0.8923539347180304
4.517012795227998,2.338289580670258,5.3080696195838835,2.42688491046
4.749108468040699,1.9190779381870904,4.484184563259107,3.131275180955325
1.14815261596928,2.601640340026187,5.368167383041321,-1.6616748060679816
2.7611264692090867,2.0276846121911642,4.934358935222078,0.8045070869180242
1.078784445005335,2.9970312242389263,4.226819178657757,-2.720311626694468
2.662829791226191,1.925825293002011,5.080639746230384,0.7964383232911576
1.2533051337199859,2.037252840220652,4.372735279630673,-0.8859788711816914
1.337087265243035,2.6006949175868703,5.5014191068505855,-1.4339519042244424
4.04668418585889,2.7392897131795575,5.909439007294485,1.4754921522679587
4.4490846641426725,2.811348549315986,4.611091310519519,2.0661844416113215
3.0898627204102476,1.32788528373282,4.91643418910272,1.8299894287657505
4.123792952516679,1.2664286830585727,4.935646671320636,2.9563401100123037
1.148503074720288,1.2603357896325393,5.8719730719142245,-0.11450126422335966
3.7627886521836453,1.1454839398657426,4.270465849092368,2.7168675823218313
4.146520677735911,2.438071472905807,5.814282865640538,1.881891056074612
3.2819200658673977,1.0661176739374902,4.622328760266109,2.277200423070343
1.3915837636451118,1.6019201918368744,4.733596790376384,-0.22352508736602122
3.371042115956932,2.0538163740309723,4.543038371403582,1.4767478200056623
4.289048723760941,2.4577950962187343,4.727686735625154,2.1437131860232346
3.6277077812967407,1.3426762595265842,5.107275177185974,2.3683390434603053
2.307154130173113,1.64975285257068,5.643980867751201,0.6874240116148493
1.7296446901163276,2.832838856844961,5.699361008554137,-1.2713641543245855
4.274604749734884,1.8402525992628798,4.406298541830187,2.6791989102059333
3.963575339779159,1.7734917353375232,5.86491931299905,2.297649551826134
1.8227197965574673,1.2418901493128143,5.4287816211441005,0.5966511886951854
3.7149039068752785,1.3540491707907685,4.4767211521091355,2.476869690951634
2.267849758377401,2.993829962935468,5.829987883066263,-0.8460557070494514
3.0905278510683414,2.703333371399905,5.548664602697062,0.44337546718343157
2.9583859293681893,2.088329502645669,5.17582640863956,0.9508921835941435
1.1136968023673983,2.8345934475052186,4.376984160566812,-2.258486096447905
2.3399269670944793,2.00371689184243,5.7364188822535045,0.358810903532302
3.7856694135722986,1.3578654020934346,4.090892627333723,2.573718033153065
1.362294033348424,1.6577011975940683,5.5032389774240595,-0.30979601866171025
1.7935178843845674,2.9520254333944305,4.544093646874087,-1.5238670086121746
2.426911927100676,1.3575751407310876,4.647705723733654,1.1180980756007177
2.986097654482599,1.2681958373899707,4.563211678964349,1.788354059250663
2.1203469761285345,2.194964602254455,4.252063866160847,-0.08712319408164565
2.5558919403499996,1.7250030576784896,5.943174207629812,0.8682668860959677
1.18913327381216,1.022140775792001,5.729373286606841,0.169715171207902
1.3870190892376466,1.0914161961187017,4.721541308409138,0.30383171374207807
2.2598720879113934,2.0305938855206636,5.1932661667724105,0.24911024667038745
3.6950422620462287,1.6530328205696387,5.0647455482877035,2.1603111815574843
1.6902052245954784,1.4051992929629178,5.640636707316881,0.29428398517820653
2.9987031672398574,2.017965764400193,4.688945779014245,1.0865040281583582
1.9555743088051631,1.1989544225277713,4.613668064460202,0.7835394971583288
1.1862962598259714,2.072792287476879,5.921402938739876,-0.9463723543027998
2.7132752693201283,1.8965647950465998,4.292668961832708,0.9103831977769057
2.280892098348867,1.1431833303319656,5.420368134042655,1.1638886511973119
1.3017808848152983,1.4675983531229653,5.216449936914643,-0.17279708457930804
4.147456092076841,1.0238275460732904,5.943892386516811,3.1710242625192433
1.208069852439487,1.836124455452917,5.598955672921971,-0.6648202453046557
1.9155004505737967,2.108015694177122,5.310867347446072,-0.20974562119584175
1.9937627480589941,2.892611495685908,5.248603332284507,-1.0772062669197333
1.4185920516142922,1.422522107278842,4.846507340709273,-0.0041111325564897406
3.613236229090192,2.030953245631455,4.519909206778946,1.7711527672982623
4.6468376581211,2.527968546893951,5.34955039993891,2.4042540619178565
4.122177722027064,2.8768266164870715,5.553685410854192,1.4559061435633154
3.3974713552174474,1.6230211913780324,5.330749600980379,1.862893153129276
4.258056842090481,2.1452613082048,5.9981714071975984,2.2624456152326413
1.4251492171915983,1.0695748801070573,4.601514606522217,0.3655874864638061
3.744563644092166,2.4083842241865527,4.664714874904185,1.5602120888464333
4.144944820944196,2.857807162815085,5.644386063224624,1.492590077052623
1.7479317242975,1.482795276812113,5.2865613149723085,0.27622444664634205
4.583031326763967,2.6640901011244145,5.3038107214939,2.2192117729796017
3.3703015303097166,1.6726475614933916,5.9441983006956916,1.7691395604397668
1.877493610767957,2.6465751774523087,5.604846880476288,-0.8724744633121974
3.795786710603504,1.8034654426180008,5.339901994843235,2.1166947233306233
3.5403319918753926,2.769203988792615,5.782348040779298,0.8784120491193482
2.0064433062710423,1.363168591993552,5.038343920663513,0.6681961352041774
4.30946099176572,1.9031762518689408,4.178769154698834,2.7028805504758444
3.466199618185886,1.9162712721686446,4.606724227217571,1.7043845751760442
3.1409075720464212,2.848773970690731,5.522794240619098,0.34100018788526393
3.358692772148938,2.7304369721287856,5.840279140124986,0.7107099285266326
4.043960460421562,1.5766212792082142,4.141989517983315,2.668195971619855
1.446990884783907,2.8616924170279665,4.091281178508699,-1.9795155573575425
2.2739352102617136,2.076820543111218,4.3125834224600865,0.2249124031967463
1.6988406346809777,1.3606156842492922,5.395103997931738,0.349522727835331
4.330976664084348,1.276281191792365,4.303422805670296,3.1986004125947054
1.342858926852617,2.7581958749352937,5.333884518608134,-1.653585582637217
3.367758957419493,2.5287664874410924,5.774001498756897,0.9332552202639218
3.6428721251325125,1.7075126623971413,4.948816863144943,2.0619860358388795
1.7345945198965151,2.910770656278313,4.1512966632188135,-1.6496327527484285
4.958204120268969,1.9611182795659197,5.55200608335937,3.20359722222098
3.5848938268739734,2.211410761815766,5.397651332799221,1.5056474419203685
1.0721284098331485,2.465405202257082,4.804396543896916,-1.6233069883133424
3.5884377581156675,1.1907480790699259,4.080832137819477,2.506779056279009
4.696537317020928,2.781245011754663,5.26099501971537,2.2563708936940063
1.8363462725797053,1.2289884426500213,5.104207878446396,0.6257680175933836
3.084399130452202,2.06899033619202,4.965259369383208,1.117003461767964
2.0480823195094504,2.8858977282571754,4.614905294671537,-1.073640311094113
3.014574676590152,1.6247428664581542,5.014256718142806,1.469091294680903
1.7736903735236749,2.6350987629205695,4.969949860060796,-1.0159691303709348
3.6998589649985236,1.9276883666352294,5.19268553220631,1.9085552890668815
1.4633310366397354,1.2931089900871902,5.42544583704282,0.1752731731479836
1.9382411327100657,1.9669584922390986,4.499894653014798,-0.03192921421548356
2.609616676770442,2.957483975835821,5.033693394425891,-0.42989203687453403
2.009082848346706,1.6193773851666224,4.004405378909835,0.42610194986267336
2.852240807381359,2.168751790025563,5.232747127241618,0.7510301956536244
4.718143308223361,2.7963867715380215,5.996310694522075,2.1724590679928344
4.873934349100262,2.681595938927263,4.88784962687153,2.62219913575944
1.8117133198082622,1.2231257987090876,5.592410290956232,0.6031910706506586
4.901920241162443,2.252114038955698,4.141634963964429,3.1574194945884857
1.4377238957365654,1.4325006487089587,5.186844260541642,0.005434620956659357
2.4749857887047098,1.0234732022727628,5.343686733865013,1.4788914918896556
2.4883911543789146,2.066651781542553,5.076520178482034,0.46173304672128535
1.1716326409886033,1.7199556796454434,5.518534919451129,-0.5770662647896321
1.5634423045421593,2.0777762953551426,4.931640234291627,-0.5671253332579984
4.70859714866739,1.2454731542293083,4.391472096215316,3.611411481970392
4.773732511317468,2.7079515675699337,4.775655272435858,2.5079426566710814
2.738627428671148,1.1613089537529695,4.271242358914978,1.639064868732412
3.4229905434839143,1.7441131310674902,4.573542888173272,1.8161189743901602
3.143142595891696,2.289811847899003,4.767802087155944,0.9728746104805639
3.6675890968906275,2.9946656701410137,5.097018285079702,0.8315906617562734
3.3052335468826497,2.1704774836920935,4.233334421366222,1.3216950125491218
3.238088148722138,1.4750606081384057,4.420325183802056,1.870230107090339
4.690023394011298,2.2048468861257957,5.625265618165718,2.70132373552563
2.467634144017342,1.0423522364495124,4.763699252723113,1.4606783126216165
1.9153480721209313,1.0988180836730475,4.829215625588723,0.8385246737564037
2.493611286386815,1.292033466446674,4.121661497792373,1.2653557967243254
4.35900551451948,1.364577202071093,4.002849676806053,3.1852264227060822
2.101662121152527,1.5706416344106282,4.639967253549171,0.5643358232753329
3.8045238005902506,2.826615138287158,5.751407265254862,1.122874771269306
2.6677780470266153,1.0738436350376916,4.754833278494582,1.6362077722178836
1.552699794171894,2.7220504914269377,5.504374669810609,-1.345374915877802
3.0491227930433538,1.7211429168767358,5.440028556316084,1.3998910119540422
1.0061050511298508,1.6563848693509584,5.355334069399609,-0.6838099410236101
3.7319747878056697,2.5902897829686164,4.340756917706425,1.4227721969243083
2.7704865852547367,1.5361846880071193,5.193317477554974,1.2921247216775513
3.706859711306179,1.2127556047560397,4.05875541601741,2.6134997670055498
4.405812986613098,1.8083274514062906,5.304148040937758,2.763018642763998
3.3657558305892645,1.4140336458283687,5.054583414907943,2.0328913104459616
2.286549480237336,2.2419344950824684,5.522239248624723,0.048819266714581526
3.397285075952912,1.3775091404968547,5.483097784560491,2.0867008799424114
3.192410971584537,2.2801449647460994,4.6746981049737535,1.0450068909360697
1.9254268945407285,1.9925222596700705,4.302955970281657,-0.07570042249216369
3.1429590279046566,1.793480541510013,5.400987716780745,1.4306592354290757
4.232483234711147,2.120798193636109,5.97995672906656,2.258489772714838
1.1876815737479505,1.29048853918606,5.530307943283798,-0.10572571484450688
4.002646650119596,2.6078547040432305,5.463030982092638,1.5873256459681844
4.807639548525213,2.4617959510195995,4.0962875724840835,2.9350105736716454
2.6441480199963676,1.2767091251432392,5.262725403566761,1.4095451992645827
2.2741409282108784,1.9426937500715749,4.6984190567574515,0.36402204434541385
4.449901086720205,1.1086433985694915,5.052589104458187,3.4247169998328943
1.72695099452346,1.5464279440776092,4.5411939229774445,0.19199832147767204
4.40556850716061,1.982762752183624,4.359398956492403,2.7204779020961793
3.833944473004903,2.016064606524812,5.72116533807796,1.9424816134055392
3.851176193519797,2.2124154686845765,5.1548306166322195,1.8143680268417381
2.4875298138976634,1.8481486543023915,4.850966771157934,0.6915361545358691
3.3126901134570548,1.6959361092500393,5.552005952027144,1.697907653830212
1.906975067742788,2.417398893656908,5.712270365892663,-0.563357415600145
3.5147086084517176,1.380882126378673,5.6796273536073345,2.1998348061401325
2.8948810942095102,2.083650204761658,5.277062237142965,0.8829767960285742
1.957483230228659,2.4801231050588948,5.336668197656652,-0.5902526456719054
4.221343499635156,2.5097887341976355,5.927936560568919,1.8892361009307195
2.680651858482223,2.717356978069227,5.470396301947233,-0.04229186643694483
4.141813768825806,2.4366525963760353,4.593263680199947,2.011526782040796
3.9810760929676188,1.3453078565944139,5.565923000043147,2.716306904250026
1.8187776602453862,1.2843010867105467,4.46965643469647,0.5580081560439956
1.6902859775247627,2.752588506051797,5.436041200758204,-1.231908258646819
3.798760060687206,2.025238170188706,4.126041085049095,2.0356106952919397
2.095229613072643,2.3306046496637687,4.41917318424721,-0.27703351825521544
1.727889335468642,2.0338575725299277,4.212966058334869,-0.34937776012874516
1.8567791569502061,2.969297833592382,4.122686866946847,-1.6036731444458303
2.387466546791608,2.0432732501256523,5.021818745206349,0.37679264071791585
3.0522350592369536,2.6772531439772065,5.729634159418152,0.4241312096496014
2.9074826683452857,2.273617598132783,4.944037648207111,0.7138233207111537
2.2337324028299452,1.8272410048779026,4.099878891015189,0.45408317482866467
1.9276867160696698,1.992392252829671,5.4957955198426784,-0.06942862774541661
2.266461911763847,2.0454242391817257,4.743783645992746,0.24498061562596107
4.91283009956492,1.5302349745463082,4.788737058078981,3.5697581335492603
2.6597038820983,2.4452202610555944,5.423583906119607,0.24029086833938335
3.359249008668714,1.2511074006047516,5.345777598967818,2.1683617927843746
1.1990926534024071,1.8446539341244281,5.943694177728303,-0.6790944193520071
4.485148660902159,2.630694485141837,4.61937028754873,2.2560355807976915
1.278938012235507,1.2943259758637706,4.613300644414667,-0.016031878799000584
4.78907787338067,1.947021942370525,4.261045269562015,3.195116494648169
1.9282453365332155,1.9565691914950571,4.318452731505635,-0.03177193523657918
4.844603774378442,1.4714824348949322,4.712876306126727,3.5506246612444494
2.6639485103937792,2.431024518508318,5.092114379954047,0.2650837248659794
1.2345723922114775,1.4235036187071888,4.535863545948564,-0.19898426975172903
3.206997895030912,1.0194713892294056,4.482852215855321,2.2463868975491224
1.3396374517544456,1.5875146502668838,5.031854270404748,-0.2612181546143664
1.107323158705909,2.7885405065235567,5.901929278601139,-1.907565939972881
4.335257704508749,1.8819223137900176,5.748562688609468,2.596409761785034
4.8262575900300995,1.7037718727885582,4.119975922873989,3.429470370303685
2.8852211361753377,1.4888763234263107,5.854250742300049,1.4438189063348603
2.4968337716107025,2.3466574063922776,4.371155327078972,0.17800213599262127
3.4343787293967067,1.9510333082960298,4.015755323568474,1.6971038474462945
3.786078604587675,2.417045132490622,5.485236283542194,1.5250776419085248
1.3464903962705645,1.5438391416625352,4.259793310436546,-0.21174429998206062
1.310335450532095,2.572031834510815,4.010698763921797,-1.6443404159260366
4.359142818414146,2.4684131037060832,4.522992123645108,2.2563767658879987
1.937968883779603,2.7322196893953734,4.578848842306532,-0.9897686631201317
2.0676475531811955,2.7918161519645652,5.596552705182768,-0.8355558617395406
2.1852310057815627,1.874688210813388,4.79775983116778,0.33736314211203955
2.264508299895248,1.0296048300257625,4.467542078599868,1.2690654426880164
4.204875901399136,1.2520470717120535,4.743028982354617,3.0614199157757476
1.9038073601961019,1.1293337049520202,4.728252256487741,0.7975573897672257
3.97994945058686,1.8664145814905417,4.050776185077812,2.3813740284187364
1.1389530468399753,1.7100876133500396,5.73197894963821,-0.5983855410468086
4.038368724453404,2.58500678117123,5.265121636203496,1.6682729540986336
2.084219752639931,1.5610517502436945,5.790090033540346,0.5432857114308551
4.1129755080174615,1.249303587903446,4.99736763756443,2.9575815936663616
3.523649632486179,1.341185034536446,5.038662924208991,2.2641466677843365
4.256409594136443,2.9414791429736162,4.683924508225169,1.6896691154636267
3.583868270870352,2.223376105622532,4.507211870643404,1.5640300069225985
4.64364214880164,2.382983580312853,4.707622003697907,2.621302785314557
2.6018634386802986,1.6018593038197688,5.936273002046748,1.0385289398849014
1.4052520215364641,2.253683714691402,4.717280660025972,-0.9657780685764104
2.183961157195459,2.4044916562249607,5.72904173563357,-0.24296548293221365
1.9062913333895346,1.0331279528797408,4.020707838854506,0.9034990565342662
2.1504200547525474,1.4911388952013014,4.859284803284995,0.6927016454557234
3.1831779574732924,1.1375685766084935,4.08158465268123,2.1300088237841033
2.96759531442282,2.337146360783796,5.187983888281277,0.7061635595548148
3.090800126322543,2.388864886601098,5.570527820642589,0.7770095256630006
4.466774221734564,1.6398127765970576,5.188839531506632,2.9796687666080337
1.1240568251997591,2.4934259612322736,5.324197709646349,-1.5498329965893196
3.1504410208037554,1.2782129684451644,5.516999372459167,1.9245952083861162
1.4442709061195984,1.206236447307662,5.687067944256574,0.24357640385473942
1.943576423392011,1.8318501035559571,4.597491575404302,0.12181344991113455
2.569280277927942,1.3917820803846483,4.523937891031477,1.237517650394225
3.9376265733755598,1.7176709011666962,4.708528511892881,2.3842650865637856
2.5969401202568045,2.9448356879021134,5.987575338772889,-0.3995610448723013
4.163766432485103,2.684863793352724,5.012705010801688,1.751290796052556
1.7829144034652926,2.0849778049387115,5.223850146707202,-0.329441360408067
2.2798222059114157,2.2918531475572337,5.978868828552736,-0.01302595106784083
4.548050372830814,1.4519997757285028,5.349762983766627,3.216800480880552
1.6466091243796375,1.784635728520831,5.726895064326563,-0.14525972162539408
4.1543166575700035,2.000782347675459,5.749243132771677,2.29712389458134
1.849383411907001,2.7300698872995746,5.986577395809721,-0.9895759916424269
4.815665396237516,2.3645399615565434,5.175832573252652,2.7554740725158
1.8630303518248752,1.0119760886377407,5.547500808436605,0.8655780868487297
2.67189098063144,1.6021595198429357,4.975039855078475,1.1299269384428259
4.531373413264195,2.3261163919916017,5.8720542939105815,2.4017358187114346
2.67665420915477,2.5164999452874284,5.686002632041339,0.1785980908382779
2.458029586274765,1.8564199525426242,4.155367043054,0.672446740274888
3.3971567247490055,1.2189193725980871,4.853113201639162,2.250373126522465
1.0154073382721558,2.0385225460492267,4.258888958117481,-1.1652724960246412
1.9219602911979674,2.1768892719371102,4.1124841614158125,-0.30047789185954543
4.220458707711589,1.6105732741791277,5.270953407822518,2.7409753314297363
3.412797550058822,1.5916547746762018,5.03045515921476,1.9197717692876175
1.3335600075760796,2.2632535560543117,5.4282587724808975,-1.0228389901951165
3.844630820686145,1.8491697761515609,4.613868589096005,2.178041722327071
4.260459438125465,1.8893393342835927,4.595818367819146,2.6010805705668107
3.5922171114928174,1.6589700682967141,5.560012278964743,2.025511860787926
2.27346876933528,2.7305993537365607,4.1981227627720905,-0.6018334500874313
2.9054867813645955,2.5499950499001094,5.412324547126005,0.4030266074464143
3.534162421874085,1.2084845762301744,4.652494766959192,2.408341890626899
3.0229257226755157,2.2074949009771343,4.9396883933542775,0.9115143079597721
1.9161056803902112,2.3620046242952606,5.457132585148499,-0.49463202090144387
1.4394387006202427,2.117140247547138,4.782414171045422,-0.7557953475747129
2.9887564656232812,1.4109067443325327,4.144224373986078,1.678095565789235
3.861175345143315,1.730753310628205,4.443921790841784,2.313058493073379
1.9284163866208766,1.7816867098740703,4.197966722926706,0.16204861167672657
4.194459618207215,1.9610874481784104,5.6571498880027,2.381013659342153
1.804022697965455,2.1151197772467576,4.1501367698842255,-0.3615804106223767
1.5093021166761131,2.0846685407946333,4.945965312303329,-0.634478467704116
1.9358864664421618,2.3878358838327323,4.406035999259761,-0.5377706331258878
2.372915275796121,2.705899994529766,4.729104924427269,-0.4060155676446783
4.132099795821888,1.8055531696887457,4.04894807292558,2.599298474912733
2.6928678214663395,1.716220638616418,4.482695490298051,1.0571964505810265
2.9584750438341634,1.4336042406131286,4.562079208547537,1.6062390515969045
2.154564694415613,2.457327564238664,5.712910544287801,-0.3353731541819072
1.487779628790277,2.629069285384494,4.225657299761507,-1.4578023752889693
2.3015083818857405,1.609635352689645,5.190553828851914,0.727750287992435
1.3748922843729394,1.007079915804332,5.9075718958410866,0.37327623900666906
3.358952963543432,1.1785732431039726,5.668331245165825,2.229095905687842
1.6786786658040564,2.467997918490856,4.240169910061056,-0.9706911316039643
2.556923636828348,1.9285488005074407,5.287633719761353,0.6748634415084848
4.2918340633511765,1.3102244523882727,5.050768456047984,3.087296917919868
2.6914977295647815,1.448605441420634,4.269074012575722,1.3212854211897234
4.341194119620772,2.344899253261724,4.9521901833555555,2.2664827776642453
3.4090342983365183,1.1941702395358444,5.7516521763655515,2.2642030693887003
2.3883579649805977,1.5632223436356665,4.414909069339463,0.882294279636737
3.6079035490551643,1.6550545490939579,5.083557669764158,2.0653749781072226
1.8799365517971016,1.0796335078543222,5.610917375550948,0.8155428194220542
4.276853376973103,1.4409785132174455,5.61202636446565,2.934249826694014
3.2275101153955688,1.6658981994706472,5.375959729107428,1.6424605060861948
4.93597228615142,1.9079050266869901,4.6212285603470615,3.324638258041047
3.832819962529147,2.325062350493275,5.82423716820379,1.644476308339021
1.0633636811914253,2.0547441312890817,5.259975099009619,-1.076950006455471
4.439417641686205,1.9379021203247861,4.534121518049272,2.766977417461229
2.033663117336197,1.9396061015216794,5.156637251683913,0.10151165162525054
4.803455628276436,2.6549993150865343,5.901923808600605,2.4056099753788356
4.466360728797961,2.9218137782509106,4.443138200050178,2.0501944707422175
2.9441277318937744,1.4823824352618604,5.168896144491047,1.5258400699770598
1.620368981646319,2.266807953216094,5.5340267666274405,-0.7086130354971829
3.42903268163205,1.302299563640525,5.223795388765283,2.196072022142065
4.095051369213708,2.7161520630514446,4.125354909350961,1.8320242906886006
3.5246713765753004,2.094290907821704,5.190813784365289,1.5632627359192894
3.525806086726224,1.6731330534273834,4.2057038691132735,2.019347051570456
4.407786842711901,1.442894149753924,5.942557413514614,3.0563552471769486
4.078119923134498,1.7838524642290234,4.911648046456278,2.462411210161834
1.3382116603924397,2.0389892496193744,4.166310111420943,-0.8035888994747307
4.939216472318078,2.309844431835316,5.594197281010293,2.8869569133075874
3.969662144310657,1.8375926172453558,5.161207767367723,2.2815791356213637
2.063827929822995,2.4734037227224617,4.787676711534771,-0.4783559502953811
3.907726631730029,2.0735664650875343,5.089143844584606,2.0084362529729893
4.660532770887469,1.979511918250197,5.370562357449896,2.8840777673611235
1.0095200767730157,2.995888814064646,4.283231273465154,-2.779360668163426
1.9457917373707723,2.953092427324134,5.708267368195735,-1.1770524304696166
1.2671547826863243,1.8508315190301183,5.3378278713213625,-0.6222820147241386
4.98538350307242,1.3753553065804898,4.731555397816385,3.7729392803233064
1.4423075291668215,1.5644285141750263,5.045906558919943,-0.1284505402114019
3.189299500628747,2.767674569587948,5.705982055162584,0.48213941131844634
4.90700230216147,1.6613884980249642,5.195358870156322,3.4254834009162645
2.4456179411476726,1.6609890595479633,5.900127481548926,0.8176998545981117
2.5687861486079457,2.553196297963944,5.980470172621253,0.017239912034744193
3.320622251335498,2.2062808169332766,5.618159656087933,1.2116827085709998
1.8756464304653604,1.926250325119901,5.598655769733525,-0.05389417836068428
3.451905727626291,1.4971428831165026,4.525222707749327,2.0714135624605468
3.011429782604018,2.4406476755425617,5.514930329684887,0.6365061645726416
1.1646233848899175,2.823362540979926,4.5472330828097585,-2.116029392695497
2.4355363674750796,2.168841705758382,4.361334480794629,0.30739881065462654
1.9752757153525589,2.2534960293061537,4.1428859200381645,-0.3315612915972061
2.817022017517659,2.30499192505569,5.962643860222577,0.5551911058451223
2.71063864802402,1.4444036832750113,5.85582057093902,1.3066067913573645
3.140757031629991,2.194133198170956,4.351393481120702,1.0961808703248523
4.930256630575135,2.4441964328493713,5.1206847148025645,2.8291498394924806
1.1284677268703076,1.9720578368744546,4.103089475371359,-0.9619867976124935
1.6776454446789661,1.1153358867886143,4.741637807557238,0.5785424439807364
3.8367609519893473,2.2988985033323015,4.369852970587584,1.8083262045296529
1.9047855459602552,1.6880304533554131,4.116180594664595,0.23765905418163352
1.1978273642931887,2.735742011707277,5.541944598817616,-1.7683996194947915
4.131593484622394,1.2230877858159417,4.1317488466661185,3.0449780216069957
4.444114333501744,1.537975736461945,4.769285288744889,3.0701524401385623
4.695155597891851,1.0495560783717162,5.764558995140893,3.7075697654032567
1.6118740546676023,2.1415963231469872,5.901464316528748,-0.5684745747731712
2.4170099642851572,2.9300155739903238,5.404208496644195,-0.610526955969892
3.48542078398461,2.323319836851069,4.387962804786798,1.3698769161053777
4.153864203011674,1.9749288028253986,4.5864029745976875,2.414224752794511
2.8820299046594036,2.4710408535407256,5.8067056244789,0.4541641004292899
3.4089204014910535,1.9091054990258514,4.844518259052256,1.6318688087167352
4.29025579378825,2.902285706843694,4.710290422324421,1.7622283669209189
2.1297262970390918,2.8192882200372305,4.359323553982914,-0.9040798713060831
4.045142698276637,1.783455033367712,4.195617462975026,2.498666704367723
1.6421515709931103,1.7311801474652748,4.8272696120015315,-0.09537260303224945
1.5186217015234105,2.00308041743837,5.877940094896451,-0.5153030470956127
2.348673612532899,2.079194493893658,4.336534271400438,0.307076397050563
1.350004789519816,1.1812946783310707,5.379521539057101,0.17293100869085187
3.785706078714077,1.927937327526118,4.728414473889744,2.034571897432347
4.626174922084882,2.6517549753590988,4.533705559826492,2.434228984976625
4.1300502177693375,2.515392647795826,4.077990914017887,2.0513928962727794
4.614215656209155,2.9743638942829858,4.1616026505085415,2.3446054327551504
3.44337041461772,2.480617138951331,5.3891428509622035,1.084469901669162
2.940403185753395,2.8908666285626614,4.987330522404758,0.06079065945062743
4.105084464059492,2.248758882125623,5.763499038158965,2.016119650369758
2.9502369424019506,2.0653318706134436,4.860993910559939,0.9775252158131994
1.3893974343927948,2.3687906242773766,5.134177581837555,-1.103909466780409
3.1517384394074224,1.6438921603668406,5.37347734573895,1.5837807231129157
1.1713082407952418,1.2337223970595477,4.051441677251873,-0.06552614166100319
4.949559034084615,2.169894264111465,5.159396546530953,3.063803512935087
4.901100457923647,2.3078535393540234,5.679075760705754,2.838166844830135
3.3728432154297425,1.385890433395322,5.730556429719858,2.0477386958904082
1.6750391046320638,1.5464662817209276,4.677259348411692,0.1362348537579143
2.441468645880959,2.069445412249989,4.683752627108114,0.4146970628706246
3.0103755918056767,2.4946152821573326,4.246639300403078,0.6373131806975061
4.953537129434091,1.4728786954268764,4.62735845164852,3.671616544258109
3.3548358290629654,1.5566070435193646,4.786010092502808,1.9016175716594166
4.701841331476075,2.884433983429599,5.061982682670274,2.211583442450177
2.727165676217801,2.449801462476384,5.999048092094911,0.3038546537985104
2.1452492399268634,1.8526488311461438,4.052580270928107,0.3289906879708888
2.7146792585480584,1.0693112338455082,5.755407243627511,1.6745231288112024
2.575471283810767,1.6488317024837824,5.941659212143068,0.9645215478950149
2.335803793665549,2.2559561006727424,4.444497089327903,0.0926735005080159
3.8320964758359124,2.5547603271378,5.762135118568343,1.4250600465429137
4.115112109787175,2.839054734512948,4.288938694494385,1.7024319943493937
1.085933214803065,2.2496356149086267,5.440890574041544,-1.278065590784802
1.9966395325521442,2.96573030669101,4.063781822526248,-1.4174928998404286
4.600095030206207,1.669741171968886,5.591815970196002,3.070436511786435
2.7722350514319385,1.6243355794846246,4.185910869541525,1.2454978816007032
4.0009365941909305,2.6699499562282645,5.790460779166886,1.4999550670462434
4.851297572938143,1.4802982160375664,5.339189461423406,3.508543437996725
1.8476770237917468,1.7746866793953666,4.3544242393233255,0.07992996960413543
2.095237700594653,1.5868953179506562,4.975293486785479,0.5363563721040094
4.954602052469536,1.2688774446214015,4.107871669413665,3.8752311219152578
1.6021184635459256,1.9703888050913354,4.588527163823885,-0.4077816899637276
2.60143415971031,1.8543184089985314,5.170998112697997,0.8003455914477678
4.091186437028357,2.1373415438880476,4.551839151638811,2.2129782089599677
3.2566296093526317,1.774657891329258,5.4689848563136065,1.5667527296165622
4.47569357233862,1.8012098146077122,5.414952406985868,2.8359780003308943
2.372529635176195,1.3470548132616442,5.311600628187635,1.0601331711477755
4.702152147224465,2.2807922728591974,4.3080175451433815,2.8541862703644623
1.9178680915872985,2.219818773388251,5.330747718448669,-0.33211564177126013
1.1219910463193816,1.868467619775528,5.769734220474894,-0.7889938370772894
1.6602573423597895,2.960555506511241,5.901191428031682,-1.5031501045254654
4.467682144801684,1.231779991121659,4.670868204198027,3.3546551823497253
3.2593101927839667,1.7543300955293282,4.432989933371879,1.6387678254931395
2.6989535665329254,2.268977761880657,5.20244080037208,0.4778144958022031
3.0813836476177126,1.3725371814353098,4.585389923276885,1.7909617638683326
2.235052437464902,2.5997240802592816,5.470411909201377,-0.41446571572637175
2.1449281080985267,1.048839320890195,4.361686696438686,1.1292230712693072
4.1928200808344,2.2791251473991525,4.49404185163241,2.220420501222617
3.6760032944946333,1.8391576176998286,5.155162776302763,1.9662316986501296
3.063177822649931,1.690030327431466,5.779547758421064,1.4359092003512899
4.3362988910665985,1.09671041239963,5.101768177762658,3.31713862593018
1.7522017438850424,2.16913038917483,5.340946403975533,-0.4562509394843985
4.955139847622926,1.3341555546130615,5.644852432678102,3.7265645122384887
2.0409923141635877,1.6283848680472202,4.0743067329951765,0.4501212852464316
4.1126693768698885,2.138315771982972,4.282406790740697,2.2787637120825615
2.9909200157621183,2.953793690740552,4.354047777937687,0.05053324291091896
4.594238173063804,2.744853972603135,4.384269497583736,2.3717111492918788
2.1297202310688887,1.1534783801987045,5.930877358272209,0.9952459719529112
3.5652061336173517,2.675224423860144,4.330688664161414,1.1317376654540232
2.4850720817668885,2.662833567043232,4.966998945601431,-0.21058014114485127
1.746534851357672,1.9777900533505708,5.041641314052812,-0.2514077437304142
3.9743747247628467,1.3285434435878736,4.185597751688691,2.7901107774116674
4.165837363621177,2.213425088529732,5.534746065803464,2.13016969896501
1.174806947112021,2.970320878735567,4.729892161801123,-2.307199852477755
3.7154649693092328,1.598837138133145,5.509473266841026,2.211809332350679
2.9412795250468324,2.216248706892901,4.322411968704619,0.8444855204597875
2.544673742555601,1.2841088189523666,5.110450423892618,1.3023485182559589
4.317288787938747,1.6723502147437077,5.1556647572808085,2.7961256369161402
1.8596545911550333,1.113253343189698,5.9667726065240165,0.7597418334928877
4.182473747455594,2.4929201689153144,4.973797782746627,1.9525067749688485
3.044162897720139,1.1876558060025817,5.146191579360367,1.9080136527386662
1.4542567073983572,1.6046012641832024,5.924444776317409,-0.15618214423544208
1.0410436639064442,1.4156472002451854,4.79382197676637,-0.3920897414584723
4.791390491927949,2.55125049860359,5.8600170317878995,2.4883430456361126
4.574395027465817,1.5282564450422553,4.695486560072365,3.22154813345464
2.7491962601738367,1.4013357712545114,5.901028945694079,1.387552668625705
3.2184592181978364,2.6669357437349657,5.207151108602332,0.6421386536843033
3.2190655171155753,2.5588962062042846,4.540438022500576,0.7991764013189466
1.7582056459634594,2.0827067699514705,4.530538208114363,-0.3653994953828883
3.431868753238571,2.751004965246109,4.774324302316127,0.8330617278683922
4.7162635601480964,2.696893080407951,5.927129808139819,2.2677141830178495
1.8798831945967067,1.6845228916593935,4.960314747320188,0.20770417126201618
4.261280041307581,1.1696165540743289,4.359658109748982,3.2093153802366685
2.9104179443895015,2.4487793518984446,5.822823245925527,0.5088215783437616
1.683578034474722,1.132792544221907,5.571302268389323,0.5625362978035402
4.031690884465343,1.2981435249899878,4.131794531215313,2.8793516039652984
3.429734493711569,2.6781550854282012,5.17658531171117,0.8782511312152721
2.947775540726579,1.7284228777935142,4.507415081171567,1.3202792860922503
2.143320349485334,2.634219040047367,4.358494240449069,-0.6161723392565762
2.283617680764459,2.383748845576519,5.47859101022582,-0.11120978213550187
3.008116864514725,1.8126073260454132,4.036303017452379,1.338017053489807
3.4663763888580528,2.2233991458419515,4.5017681330820905,1.4294952749375394
4.130596448258137,1.0583656189385007,5.192445114549577,3.1381100601842022
2.9986853031165475,1.077489885305266,5.5008302513698855,1.9591473623829474
3.6960314062117754,2.8578035723070823,5.873734433872624,0.9594455211244
3.1042548316699476,2.2012144758404726,4.8619267982757,1.0127859495062639
3.9340768730661977,1.5289470012102506,5.329533491733406,2.510663240897955
1.2905779379733904,2.4562429533340673,4.1408471896459895,-1.4478974821979729
1.738183300846389,2.547422335016946,5.580077396138982,-0.9095510005952813
2.762918699430589,2.523386903960316,5.600542594915504,0.26830913948822305
4.83512883225164,2.3763204676686973,5.9813922694103985,2.6793304978136834
4.5026734371180845,1.8330890520782568,4.467052345667999,2.927417653387268
3.6768012990964234,1.9133341170190965,5.352411974888893,1.8882339552683478
2.2664439245335566,1.565349901441906,4.36489904820637,0.7510519150241081
4.784898304600448,2.2246738017927874,4.3142989968078,2.988128889572851
3.026435424537909,1.2746672351844721,5.044177481552133,1.8105298490452348
4.733852914040352,1.3317328590311912,4.911210077638974,3.534546199088785
2.8178083219443564,2.004132016445223,5.484871628197821,0.8741185729932917
1.996403639817928,2.2148941244238336,5.291845623569792,-0.2405767696379672
3.9345964136518754,2.49696209861897,4.848818950179438,1.677103892182077
2.150044193159535,2.307452684357704,5.622793978342706,-0.17261274448865008
2.9495229806405576,1.126657258016956,4.358192993246602,1.8870102872662549
2.8051134815217478,1.0270820334965751,5.538957267102528,1.8094107779561366
1.5839262271994001,1.776645730976623,4.259940996211224,-0.21204075897355554
3.3471987229904347,2.394147153936025,5.313805073044394,1.067545827429769
2.862570671436463,2.937885444222858,5.915564034429483,-0.08677231101839707
1.9013304032257095,2.3527850070711898,5.194105773926716,-0.5063848575311544
2.294541613801655,1.2428231823661184,4.153344584798662,1.1022226437727078
4.37191595936164,2.225065341744246,5.744238429903796,2.3286476494537047
3.7607909593623714,2.9862269020154946,5.825061206621778,0.9021278909320312
3.3204665297319313,1.7057288522740923,4.707994963660536,1.7324401862252774
2.2274539418708015,2.793941543635822,5.0513689702499445,-0.6799665270314097
2.734735404407355,1.1522101603564965,4.5718537248353055,1.6353108441004423
4.656141375989156,2.3503724561864843,5.338605477086981,2.568041697064128
4.46209333546348,1.6094380991383679,4.870597391982876,3.0224339615881712
2.2529053907412653,2.15394941030502,4.790486347454339,0.11078634650291776
4.109218785204705,2.484271400855607,4.224646151060903,2.009009673584703
3.1423040375398643,1.3008432960899157,5.382211420226422,1.897723018028763
2.182828196855196,2.206312571062403,4.912531688101008,-0.026284403889268306
1.2446815323360378,1.193656960475014,4.721686393572483,0.052737608149178716
4.746197254629278,1.2941635131549214,4.700132067277789,3.590837062404453
2.9377523662881915,2.894136300842283,5.64172002138166,0.05081114718255776
2.4356423441344583,2.731653930490827,4.154507037471701,-0.3928797012397317
1.5851102570106592,2.913239821890051,4.945529738676937,-1.6435508821041376
3.1566593913244785,2.9018477421642874,4.510844626348414,0.332821640487512
1.6639918541977674,1.5748912642072646,4.750686309005097,0.09444100673880533
1.4170271369408893,2.2288214095316903,5.946196259912078,-0.8756341566211066
1.8344736571784575,1.2667805903107625,5.614397255213638,0.5827197197460532
1.0659755791564272,2.567207395166051,4.246309712203495,-1.8846693648344595
2.6967213542608843,1.5365402525497855,5.271103341041987,1.2128553607541441
4.235237174632553,1.1551130823184792,5.535641158003173,3.149454730999354
2.9017745089553144,2.385296174500649,5.2785372629884835,0.5789623989877429
1.9433791902557167,1.4711168170619038,5.903274769118137,0.48764708325605416
2.149049467455708,1.834016302803832,5.922183431857802,0.33132127024777136
1.9163999150266489,2.1294262790242087,5.521373615068683,-0.23088861487483023
3.2398825834887006,1.0025477995706802,5.289605691925065,2.2786359534590983
2.594009079165432,1.3371160018234909,5.69690952639173,1.293012506568928
3.3652693302905137,2.473767896381356,5.329391015507131,1.0065004214683293
2.113639923843932,1.9301194200844836,4.653537952038164,0.20168660153982018
4.320596752888587,2.384831115504741,5.349586234700006,2.162543009479585
1.3504846465609348,2.8127469623483923,4.223043848241077,-1.96037495697535
1.1142844794394438,1.0268443738735658,4.805298663420105,0.08950759519202968
2.113462142227316,1.9565079966193204,4.220267237853,0.17714003509963677
3.132328867676684,1.5740054494694145,5.363049847433184,1.6301103524847014
4.429082382803185,2.8206196460628896,5.662287036280855,1.8550000201247223
2.4767896171094304,1.0526161007682135,4.72981918083144,1.4608083600477484
3.7009430247233746,2.3772838072777907,4.0493154904882696,1.6351023423977677
3.549356819298797,2.548957330198247,4.663260861553932,1.1946620710693283
1.7084535932848017,2.3742975528584096,5.06806467855648,-0.7536664567876294
1.3683251820520423,1.7932292242295353,4.808467842718958,-0.4579403790055039
2.8958060345252417,1.1445898786576476,4.852387998938892,1.8020673234829447
1.9789600490542254,2.89258135531891,5.38710791239946,-1.082980929912673
2.5985369223177712,1.8318754747573278,5.655950005028142,0.81034163980357
1.6628182779123666,1.2058754826015534,5.035543959060443,0.4706368742878665
3.1355508481695145,2.5879920499438,5.28474016213659,0.6280171001855555
2.0900899845274745,2.646847771851829,5.913609094020012,-0.6226037599834028
3.7928290248652083,2.4852569501631803,5.046226097306153,1.502415023108516
4.63485114471127,2.3364872599845343,5.497231553451214,2.539125393069233
4.122889078294758,2.2895987656843078,5.50639290148731,2.0158170905756947
1.1344535244561023,2.018094860301571,5.94809790218628,-0.9393604754999393
2.7398817693217814,2.127824244345735,5.114485939968944,0.6730737510771235
3.856049191917603,2.4334138203049838,5.406642399454169,1.593116408129279
3.464928324234776,1.3107300895908163,4.245780976911251,2.2648233976105545
3.483412953017238,1.640392758167755,5.1172892626180735,1.9456974196360055
4.422094058840203,2.6756691107057886,4.836376328964349,2.0964907430144044
4.856221132160217,1.434829959624741,4.860805619762657,3.580956601105788
3.5254557318925728,1.1261249551368224,5.380947246260808,2.4536653695969024
3.806675644573098,2.778696202434575,5.022789886605533,1.234014548214291
2.053402167339525,2.248100741660698,4.414014832022561,-0.2262402463425155
1.3645435127895724,1.7439776403274472,4.709156800064513,-0.40847804173364055
3.2770763482610166,2.8959398020924727,4.493039610850325,0.49849704056656674
1.2482431085886163,2.904047704352831,5.173830609387512,-2.0006931068418394
4.123818705855416,1.6173568994547352,5.11729725645214,2.641884126738885
4.445985197464186,1.944253995715204,5.7769653043409255,2.6567115664052072
4.826356810088379,1.6456679548117783,4.586754741322285,3.4075664646886237
2.044230815768047,1.165888550831828,5.8406016998583015,0.8963830323899077
2.532849083740182,2.4674180987507466,4.540940146879041,0.07794114116551643
4.264081531727036,2.3397789271573397,5.582115241807397,2.1194765579413017
1.997709884283971,2.979313998759173,4.412353501112687,-1.330780341856996
4.032164218364545,2.555799819002685,4.25744826892457,1.8459967034631228
1.9798617297965642,2.486018406194526,5.517664946902327,-0.5669647557687485
1.1647749343645084,2.3582355159770856,5.260269777078779,-1.3351496393767264
2.4092010281334653,2.589786789693414,4.592857142577479,-0.21866343788553555
2.3611899611104445,1.8958784073244033,4.815569547758132,0.5061915911068943
3.357836104119488,2.6705169087278375,4.882291642892291,0.8210271275475993
4.480803228213848,2.7748498259431695,5.321138075370879,1.9993231031733427
4.624439406011891,2.18115719061017,4.99280504100221,2.7161780543872838
4.909944410469842,1.3230967474272577,4.095262413701889,3.790104485484224
1.8466573834795996,2.5734885396116436,5.845875169990145,-0.8094893370572364
3.649555019636095,2.8309315089982707,5.08714928868336,0.9852767231916679
3.10114123633465,1.699299523216021,5.4577268802410535,1.4751676751139189
3.2371467313627607,2.3316807327295788,4.2330925197559655,1.0848806204550299
3.4249869447991603,1.4982912728026232,4.75655162409833,2.030038346486506
2.048622062272239,2.7122064666639703,4.290560506931243,-0.8563930832029862
2.7050424125476975,2.4344596214089247,4.323112166524162,0.32743515686954466
2.4384791576267535,1.0106777513540222,4.133369526366607,1.4724989821249788
1.4179406571152038,2.7569839075394666,5.726891061939147,-1.527724208816369
1.2547752526461204,2.7509813001753884,4.22797059702213,-1.9703328025205482
3.772107942767598,2.934701900838957,5.674951157096409,0.9783862896802374
1.9825906586914663,2.0467710595098367,5.276461228295305,-0.06963271689484182
3.7331942982222692,2.709081632694403,5.876445394763664,1.1540642569336999
2.996210339139682,2.4916809289218658,4.066857548301639,0.638377077162904
3.547769179018798,1.9943434164759422,5.259433128507808,1.678803226795575
4.146768047953509,1.0076419488702764,5.225801459552698,3.1991614487295563
1.821757013961511,2.7457859122661104,4.245159818509363,-1.2115927303838665
4.2483081137573855,1.1954587862345023,4.855611107819746,3.1498045223083975
4.628944859490559,1.665333117730747,4.661548349399453,3.173000547561077
4.283854295566902,2.901953252853588,4.619628407592536,1.7760651124530438
4.108092228654469,1.989240697131907,4.032910077491525,2.4357792915663237
4.314611483464775,2.072508458202962,4.604673637088236,2.510798108595075
4.552713757948144,1.858090154535277,4.406133856242512,2.9717941278646545
2.5795423789131484,1.084055122006062,4.090971731926441,1.5509300096522929
2.640152545614007,2.659583400398307,4.40793549233886,-0.02436571715790423
2.719445104406851,2.824667656875,4.677201127671934,-0.13201616568932806
2.7109304497063365,1.1731447036745146,5.619198322408904,1.5724362168796182
4.860448873377222,2.5925722362696004,4.6792972348950475,2.724234027595812
1.6728921890679311,1.3511350276252685,4.834523436224117,0.3351104508459947
3.0875538783513057,1.3449909987835362,5.018150093755939,1.808741316532748
3.357757308171563,1.7249475200367412,4.075122322115955,1.802227242382707
3.04261561831791,2.5885087375554727,4.7998163418678645,0.539243755937384
3.544752394695745,2.207803639886273,5.155434659656686,1.479479871633055
2.0187194563696647,2.928195778100603,5.3189476725815545,-1.0894268778377287
4.237988111780161,2.9755255888163603,4.976597516012191,1.574991143922854
1.9577131562691306,2.7640171840633636,4.38823709470207,-1.0381139461524695
2.362271861878326,1.019920767128431,5.335299954635384,1.3675718776874382
4.387727718346237,2.2935695527775914,5.44027458179126,2.30942878620568
1.0462211677780102,2.901805912354255,4.665531606341161,-2.3697081159605338
3.4882757890864027,1.0149919961475675,5.012425226777395,2.5256061249306945
3.6690309269623174,2.6981933532765483,4.0055510399797605,1.3135690601264105
1.8083627902830965,1.9937941358545572,5.813267314254714,-0.1974048926360922
4.41846818028394,2.7183413904874953,5.2136243877721995,1.9923733810104494
3.387285931254307,2.194164769336525,5.321976827458204,1.30960319683149
3.6343880635743386,2.623035787892485,4.612287925719892,1.2295465248440947
2.970763006033861,1.0974109663874503,4.003581661073121,1.947960657435271
1.8600533579836962,1.7334110037138855,5.9794031614234555,0.13232465932852835
4.454280736382036,2.31435970090092,4.676176820634346,2.4626930517162777
2.7207302258544717,1.2543739224299226,4.279829949856322,1.533709206118351
3.524220644208598,1.3553896639717726,5.220483143961955,2.245844603168517
3.962840466493782,2.5267842194732344,5.9011962730058745,1.5890980411065967
4.68875688554282,1.787775460404319,5.990792942793502,3.039476722600138
1.5089010420048026,2.997873153549464,5.752027424939138,-1.7446640842828516
1.1350914941017045,1.366947232365604,5.636513182919762,-0.2389902445291846
2.5228610721471605,1.4804797536481413,5.337036587729216,1.084960276447028
3.211098679116815,1.0081485702621267,4.607083655395312,2.257667038009662
2.512003242213001,1.9365280386514698,5.363782324086637,0.6170977087866852
3.0482774170473825,2.754042402430402,5.098758464960577,0.3496241078515708
2.031380418168499,1.0086151682847428,4.963215304334019,1.0445615974983224
4.184582993996802,1.9143321742978776,4.2574325102269315,2.5416836231592117
3.7676055387121425,1.484995088970844,4.995601324126303,2.3906776708277353
4.872925975088847,2.828109169617036,4.541019328935824,2.613559543575751
4.567862992775058,2.967369573681059,5.981193843039469,1.8433429714192484
4.322140849478879,1.0774326036599184,5.4286246344303555,3.3105671439359643
3.2627843601923234,1.836126415966808,5.344201660931443,1.5191340658869417
2.745660199127197,1.0799935018602924,5.143592421207612,1.703644154516826
4.324501181577146,2.5958348662286674,4.63455633638018,2.086697467967015
2.0480027606154834,1.2434396026578867,4.808274789143432,0.8328954342404439
2.2354378443608773,2.5657402410903183,5.305812355869081,-0.3773570033317578
4.702471142543946,2.7979660904333143,5.015169683566783,2.2948393492279693
3.2780944081286525,1.254166401903604,5.867172438012246,2.071815490328659
2.8747467845176073,2.660674358482541,5.236720261934689,0.24854291489274297
4.9649561684659815,1.0832565291677574,5.1440588216172936,3.9707404588272195
3.726170411825543,1.2753503637073336,4.135626761649382,2.5763858842635075
2.577059455928863,1.5502863528549,5.453144848371118,1.0709635283146661
1.4191562802038074,2.959716436292897,5.639397007046511,-1.8098516497914203
2.4117295808249954,1.6454553447485134,5.619672374264191,0.8013971693556811
4.122862252139512,2.8707977633412485,5.486009968152327,1.469297089354914
3.085670586769152,2.0520039537110755,5.501099589291973,1.1140756118987778
3.764420432275537,1.6781447429009275,4.077019934187991,2.2891899378216305
4.643391570228374,2.845721086308112,5.9301323641129615,2.0490079933391745
1.1320458949998824,1.5003442012246588,4.121318292855142,-0.3954322902692751
1.5912485846741715,2.3366693779667758,5.732104013899246,-0.8163269209824128
2.1729895736597693,2.4482810246662856,5.217912915305547,-0.31173719618961415
1.122668290728663,2.2859126657390476,4.582800313534399,-1.342129229251568
2.6844328154276513,1.4671707151227225,4.503247476417805,1.2875116425919304
1.8774449996297835,1.7056763331629397,5.942802842116456,0.17931309496387504
2.3577492794488877,1.7195751623329056,5.363070164818946,0.6737454243573328
2.682346518576774,1.4237163823186054,5.884083222294066,1.2971742791729275
1.7844607896927216,2.5857329077670905,4.982664964247956,-0.9373717861369181
4.754341191707125,1.884895022758495,5.394299535429232,3.0624905787315666
1.7585693018854403,2.04468007414616,4.316112665068042,-0.3248788457740875
3.212504753875756,1.3007018868103402,5.017642326396779,1.9794674596800612
4.5881960521130605,2.665873429246614,5.750329080150885,2.16955978741513
2.861955217905275,2.282399773956487,5.568340853747361,0.6353830145685423
1.5291212693292633,1.3215654572102744,4.372325374453231,0.2177402857912899
4.295074476388065,1.6020582143817454,4.8849929640048995,2.8506777820364486
4.3579945043673955,2.6644939200358175,4.333819181256173,2.147281444300919
3.860599892454587,2.068757304472072,5.0253277622471195,1.9661739358190793
1.057310897991525,2.0478628510617387,5.774281490628536,-1.0594158727466558
2.2878438370092877,2.394156570099586,4.307135032168564,-0.12789084952583218
3.0155807869221127,2.769664516896011,5.4760488574374175,0.28506619839979785
3.695076434664636,2.0201456780888134,4.173769403490381,1.9140698027141987
4.864631792404667,1.1261249962071336,4.679042807673154,3.8517245652013754
1.676016240785728,1.387440552748384,4.901636017497141,0.3008807480894444
3.5654655919824654,2.280378378297142,5.094555458106555,1.4370905107361847
1.7231453108697448,2.637408435641296,5.937544221659736,-1.0204607157763717
4.797809708537898,1.981269475747095,4.302826441513817,3.172917010660497
3.4544049353672004,1.7143720080666887,4.52697228730855,1.8800622295884866
3.5083149258639725,2.3776665042672662,4.891489354276114,1.2937768275145833
1.8145168446398863,2.1324428219785174,5.978847061344978,-0.34030712008612557
3.3862184889100875,1.6137792057787548,4.95257642315747,1.8747584996041524
4.881594651381816,1.379039687907652,5.447106928068708,3.6205036731623887
3.6998705251531336,2.7419146212977927,4.601590086404588,1.1928427011856944
2.9448847848984805,1.0242870375632565,5.491486528303147,1.95490506758187
3.7779734904221076,1.7051519040011422,4.2537356645137265,2.2625613802772886
2.327999929227746,1.3579443460661895,4.0560473535126125,1.029464986908113
3.5609213558948545,2.9948037667609855,5.448064132800182,0.6776915045751386
1.63865362327478,2.187045862859777,5.202628260273644,-0.6043880276622128
4.360096246365504,2.572526706912703,5.194318648291083,2.057643310280998
4.411373212463028,2.026761812438183,4.237689882234025,2.7153008040770352
1.5656890127861085,2.776995159485538,4.065462847214654,-1.6585214065375797
2.636413490063498,2.811795870522589,4.222009528317631,-0.23510807030845263
2.7680994085038364,2.2641809902362664,5.298061252742206,0.5573816878207543
1.808070864832266,2.0272029047296978,5.358207836644684,-0.23672845957449265
3.117109662727925,2.105741497630836,4.5641156044214695,1.1399443859066227
1.4491577574041008,1.3860674640530553,5.166753674615769,0.06549088061731521
2.1541405032498906,2.937699797616763,5.636363745573565,-0.9181277769543911
4.429723759214292,2.6652783621969136,4.9803850659225715,2.0887095435329
4.553723314001105,1.6700456498462475,4.151863066778744,3.149721284520409
4.096302777023668,2.733994616317805,4.72778197034941,1.6698299987036271
2.514736790112684,2.3180619793163544,4.841026493083383,0.22402772293228512
1.2188778685434611,2.1083987748154702,5.936986268934992,-0.951545367049096
4.423831696759166,1.3300443204812071,4.354499330592574,3.249056951588036
4.596543478676054,1.9481284557904772,5.486843073864483,2.8329972771083494
1.8155196756261245,1.8770643297764613,4.932604220495774,-0.06655177451185217
3.9928396696492525,2.1964356224074937,4.663234879848668,2.036445460508009
3.341337090966096,1.0793166282513578,4.2065612509180745,2.340368566347664
1.2931561381641226,2.1303433237837393,4.485855698635848,-0.9513074454198301
1.4818555448107413,2.103573223974071,5.40470659739251,-0.6749375322991494
2.68495405594648,1.5460494776570468,5.302196842869499,1.1906447129459947
4.6827344922937515,1.7648565728792045,5.1528350610770035,3.105720990340735
3.446807391891197,1.285862601010638,4.236402068511059,2.267939786465314
4.61760688921709,1.7632747605500512,5.919962646139723,2.9900444056925255
2.707706403711374,1.7946275392424806,4.745636479256903,0.9863245772605741
4.826749239969159,2.2494931962862568,4.928822472826674,2.896519266106393
3.479701794396246,1.2248675849585084,5.558230690752365,2.3116633505994293
2.3814927251994593,2.161314984874846,4.59721998899308,0.2494665035187758
1.7846281825260055,1.6579622661037252,5.990833276765792,0.1318143209915831
2.5747669862129845,1.212150973332728,5.335542728628435,1.3992026333202485
2.6763207791515535,2.5708445086659184,4.348808222383013,0.13077400520525376
2.284583662457959,2.2807010136074872,5.261178661743049,0.004308523144170673
1.35608734366931,1.2589504921472352,5.397010187699209,0.09989264458999386
2.8799789091470434,1.5941461434341024,4.653084546648771,1.368662267674443
2.2179723471341775,2.1128199708533,5.040512501504691,0.11581821041065932
4.021145697143741,2.8773902040158923,4.003190309050867,1.6451149406341268
2.32968901671244,1.776097106857795,5.957363663350064,0.5799665901358864
4.348278072804257,2.4812451712099026,5.7702352997672195,2.0679892246031386
4.689904304142741,1.9278864304059133,4.232348441330622,3.102590710421062
3.656899672199644,1.8870498921504413,4.26234998944143,1.9738307156337747
3.7997240366776786,2.8217162093546198,4.791639505919051,1.210079068079427
1.2298709640509515,1.9713732129595523,4.7148296503221765,-0.8162809658940396
4.163880837376361,1.6019533045187837,5.6786314477374225,2.670386851037209
4.4015825961924095,1.430158912721703,4.397355589443174,3.142254219571319
1.890318286981954,1.9915953630631082,4.617956839915485,-0.1122529481418807
2.3435752137402934,1.2585263675223302,5.809762427702892,1.111439531037663
1.447745382575044,2.29931781839342,5.522843662288982,-0.9366026414661283
2.6638230197430333,2.1537724997400893,4.062169712078499,0.6015661456609689
3.046875265766193,1.5404778597638389,5.337553921930091,1.57334910359194
3.453704945592813,1.63613725945941,5.143025557608478,1.917168464554716
2.5516064355895,1.240615498465913,4.810635327689713,1.3568887259763356
2.6343567552761122,2.232645361984779,4.317283304127159,0.4693438090329445
1.4354620429623068,1.5472429349275578,4.758028771076528,-0.11820533072120791
2.797979623715367,2.1808285110897794,4.77783036047598,0.6936227661887722
2.0544785944770454,2.1518495994606055,5.950148745878246,-0.10443998892163127
1.7489681117573572,2.0089584016035893,4.329841338230049,-0.29349383098256465
1.474446910893894,1.5813416191453742,5.842015922209067,-0.11104003368520282
3.5401060821661074,1.1858771945405417,4.575031181942821,2.4375391962174375
3.327634599947215,2.9795369636395677,5.701649337934945,0.40828085450917084
4.008896102969993,1.27102111387616,5.6585241361227245,2.809672529095595
2.596434875462587,1.1721394815048367,5.037617048940721,1.464489812220395
4.355079070360999,2.5501307185333077,5.134263179704873,2.079604319240824
1.0059561314026664,1.654116529349813,5.080918487163093,-0.6855044650120745
1.7760610045617757,2.61135160615754,5.598075566856561,-0.9443269436396087
2.0718564545558675,2.09984385085889,5.51539783743789,-0.030266828728563993
4.362247505169106,2.0079938985459633,4.625310838389061,2.6133708101492177
1.992907075598056,2.803859570297965,5.91966223920911,-0.9207918014405309
1.4931432127168778,2.3942188114255636,4.982851895352205,-1.0274530513457438
2.995367622483012,2.0739886309587936,5.625192841578766,0.991209873580818
4.064341823207072,2.036321858470715,5.062154033646976,2.2151472855424164
4.564417641566449,2.1199911982823023,5.217342586856054,2.6752350813546064
3.4018744268784964,1.3044367131465144,5.050238408475276,2.171110291862309
4.303558989492824,1.5996438896354614,4.215388934767084,2.922516093142055
4.420482855066827,1.893102244306296,4.128771201854123,2.843949666693046
3.7950508726572285,2.5873960249562025,5.215568102303708,1.3908738628768471
2.4172580859485335,2.897498857800988,4.49406903154122,-0.628255756483745
3.5917091988304,2.7294305778727033,5.821203107448364,0.9762419218548456
4.311290814664006,1.440818321226178,5.361260608866554,2.980107580004541
2.369302906530118,2.8928265942267464,4.177141863523266,-0.725723189709172
3.871502233114263,1.1930504079001947,5.685202643035492,2.7394506499775444
4.899591452356088,1.4474361278324779,5.8099290911042525,3.564546632221021
4.9580806695606885,1.3411475048213564,4.671853857129029,3.7758602224165942
1.162612594870028,1.2207497960767195,4.540503625096504,-0.0603596506473518
3.940495884745963,2.376703914835823,4.211067023581474,1.8943456873644169
4.151914595845228,2.5747368143217524,5.886137702625932,1.7538706510390474
1.2989295169876884,1.0383688655607586,4.157192761728728,0.26908985021625664
4.6210873323784005,2.459774262671145,5.227697284419828,2.449397929644673
3.7807574884552126,2.9167526604592187,4.0552456501304395,1.2436252163491532
4.968131197321593,1.3501623795338922,4.0736071654014445,3.834723578523216
4.042946945589125,1.3112117958264926,5.000733414297026,2.830776972987394
3.4258352402467236,1.1778146270104826,5.648452428775352,2.298546977957207
4.553043369222555,2.7791930795517383,4.197724210506682,2.366898543964847
2.127104528142401,2.259411492025268,5.789407265330396,-0.14370227333817417
3.7930805921123616,2.527959487139926,5.2485887712894606,1.443598851443146
3.563298852573936,2.7029823604725034,5.910113247381938,0.9674222572267218
1.0348035402247304,2.5142184832959424,5.404497680150814,-1.6712755090553955
4.151956940153332,1.171930615829447,4.505103136197414,3.0862791422433027
3.0204106604924323,2.3813646166816174,4.294395068724288,0.767932162595117
1.5178869110214217,1.136108636937757,4.1169717587378205,0.3972016622881543
1.5777020803388417,2.625811194431801,4.902747662475965,-1.2411225241448536
1.675434058721974,1.5036429327678533,5.578107251619161,0.17839473208675952
4.259951325943514,1.2879659405634214,4.720025960077939,3.0892208004953066
2.8272349327163537,1.171332892071892,4.183244328422353,1.72490102580051
1.0695580514815943,1.1412693804467773,5.623898099379475,-0.07323514624004843
1.4239143637492737,1.511608225717611,4.940623847036665,-0.09211095077307795
1.5569559612579766,1.3023470425476114,4.783627498523918,0.2646039936270204
4.845303207315616,2.9960118313034387,5.876454682284399,2.149655764755318
4.22205894627125,2.4448244117480056,4.852312010098786,2.057478001253069
2.1972125972982135,2.363849778324792,5.1640619455613335,-0.18742634034781944
1.5001114925034114,1.8603510145922122,5.19288306069261,-0.38585007135105504
2.1287360869193597,2.2198084620325416,4.204718180811195,-0.10723402545300517
2.3003967456967453,2.364554295729716,5.262129252062415,-0.07181647416475948
3.6440728014579733,1.1547781243113298,5.346194301498789,2.549479325596414
2.470181546488648,1.4816996804296743,5.000555200276864,1.0349590410652114
3.6123570031218657,1.2558195721282792,4.7293976269204245,2.444284100279341
3.7559352503839913,2.192408584907634,4.198599403547745,1.833322771026906
2.410177792338577,2.938854513193479,4.736678440168249,-0.6741184941025675
3.156560901814301,2.1057932600580243,5.554259952476405,1.1355440370381658
2.5919588338139783,1.7845178467689278,4.003714891488037,0.9019926718527163
2.7460602501246645,1.0419867520693948,5.296007764853619,1.738045695876122
3.6272158700438397,2.009968484702137,4.5277273580961594,1.8048341574558306
1.0597767279431167,2.022102704196266,5.883586629470483,-1.0247486943083906
1.1219351325158056,2.2408423115880534,4.910679209150091,-1.257459582358735
4.587296682853019,2.166346969036055,4.897431588979446,2.699404891534765
1.5225525908754451,1.0949202294777896,4.710373356313369,0.43967566945052505
1.6137271564961977,1.144288814353309,5.573408163249123,0.47965669572780506
1.2492750480643862,1.7339661502016546,4.27628367895875,-0.5302374478615489
2.1622955522811758,2.343044647115725,4.807943888049692,-0.2069916827545261
1.1690870159056383,1.1926889499218336,4.58311284685757,-0.024444153463526234
1.0749491592813993,1.122949480579796,4.271817613272584,-0.04975002000187098
3.1949298992885677,2.1291827278635678,5.556752189135965,1.1538085005893715
4.05528328888588,1.463886091790118,4.630118798929712,2.7315132044369355
2.3195403344320833,2.94334524708242,4.176527396451994,-0.8792540911701662
3.47788821317537,2.609111317879655,4.591887243352291,1.0557626579474375
4.512802499439049,1.5655290576247947,5.614385032505472,3.0689996267898714
3.774970635008049,2.9236835609798275,4.2878358802958285,1.1637759311493683
2.47621799480792,1.0248754557280262,5.463691549268428,1.477570205710643
3.25762015703432,2.8239776259247176,4.0570192462134465,0.60398254864598
3.9548878053218486,1.4264029508827298,4.789227806031009,2.6486899520662353
4.930644466826827,2.364616521892834,5.384172069308777,2.856221570661326
1.3331089281579773,2.4233198928811763,4.3518656104333555,-1.3125336804440888
3.725927477308146,1.6338810439062674,4.845826954538692,2.222170570587852
3.5623973631532957,1.4167566606646347,4.503212785276279,2.260422810970126
1.5883050997362331,2.4593208206283137,4.30170706132934,-1.0616225179890069
2.166624654900888,2.9756226206307193,5.2620234333876885,-0.9808948640280252
4.5183507152556075,2.3615479297409916,4.471655225832555,2.5398865070560808
2.3400792468701783,1.001480439825501,5.406440326196124,1.3621731072878323
3.3071748060605546,1.8175072457816457,4.805365988018834,1.6092094664216483
3.718525045426206,1.046784505584961,4.640214804612252,2.742433877807806
2.861077469794462,2.0946252038945286,5.582188177095431,0.8268715782264404
1.3213271924460321,1.2182639164656457,5.339537246068815,0.10585533031120264
2.98940383318992,1.7655690864904754,4.328925493762416,1.3403849587785182
4.052850817493825,1.7118592330162912,5.349765387526833,2.470907737654847
3.897624324029917,1.9193942072623666,5.574019736054135,2.107094471249253
2.057065448382654,2.356730947972369,5.898961481054333,-0.32688661843607436
1.8495841688209969,1.957590717308458,4.11598669141224,-0.12278242397048317
4.871593538537571,2.0626379051087556,4.5973469000446965,3.1430513969297147
3.7668348714391215,1.3772077944905088,4.212343927068992,2.5285905212093454
1.2274889328958767,1.3696571005078997,4.748683512192782,-0.148478295464966
2.4264025863111383,1.6321701454199116,4.416498328420747,0.8547430733199386
4.242513987384656,2.381993563627119,5.237165016585098,2.08910898664249
3.213294316823068,1.0786036238991699,5.633864205600944,2.174921617852565
4.765153158934075,1.8069164912736946,4.118531452891963,3.291978278699738
3.4768103267503654,2.604726734033077,4.368674027868903,1.0862821466591328
3.0487651240381672,2.0005164436677623,4.604739986274551,1.163819058578655
1.4851942562228895,2.4824472647388536,5.588001249660524,-1.1131238100191607
4.407058366007407,1.8042127567878672,5.885701344236107,2.7344915882303664
2.6644106538258914,2.1613944333480757,5.960772239862723,0.5397495987276721
2.5518867194595067,2.8684622069655696,5.818131552428844,-0.3638726367926933
2.2118014744008843,2.263337786702081,5.7429053979642894,-0.05607483094948797
2.196424232325441,2.5007947425164074,5.191599100795359,-0.34732168859451507
3.5619487916593955,1.6660541821709736,4.402488029165385,2.0482252237937746
1.853589136293877,2.7428731635482295,5.1396787088133955,-1.0515420493139114
3.6767056992430294,2.4220117327208905,5.653149045991136,1.3885929281451785
1.2691811742783448,1.989093068744517,4.16109044751533,-0.8196205130101972
3.824691403544487,2.3271765535403652,5.277511489674633,1.6684913619933863
2.512391884451808,1.9253240659812436,5.300858934696672,0.6300989327723862
1.446931167041774,1.3616897041296405,4.727162925835342,0.08901448105173583
3.301884731018589,1.133589789789453,5.0329510698365425,2.225479102676072
2.4933542002079463,2.1080412520487797,4.022239865613126,0.45242633398891563
4.5447142974944805,1.0711755792217366,4.094848025238555,3.598855157555854
3.1955513809632086,1.63229227688873,4.888641865932943,1.6584362073082783
2.4670685288685106,1.5376598152157854,5.84267222634679,0.9633699789115869
2.812775904082855,2.5220349955037005,4.6299087526796,0.34669232844361114
3.776027350788506,2.2775106973664387,5.077829575609943,1.6766197048854015
2.629051960071616,2.3498857374808937,4.985833987165882,0.3165270856297814
4.431900994204904,1.9146697898589113,4.690887900937101,2.7573800234969603
4.4211591607906024,2.0043092514664504,4.471270263655741,2.70371019654886
2.1596150058928987,2.2358799364509463,5.371558714308444,-0.08387647946910669
2.584400726899958,1.0759795640812457,5.691714932296611,1.5361192570131303
1.0384610404581576,1.5631152990654926,4.366295507998782,-0.5618948453978021
1.5432096641048876,1.724852231652233,4.922992703339238,-0.19393563484238904
3.3030098356617565,2.0862255235638756,4.803531923396988,1.350837196393461
1.3388101671359434,1.3420826809923339,5.621881803598223,-0.003369948300209919
3.623009630296739,2.3802948481309905,4.454041223901516,1.4702788538911096
1.12970538489679,1.2398857573577913,4.663263838184267,-0.1142943853541808
1.1188835190574635,1.7589267221778355,4.959916306543175,-0.6845327964782977
2.9229496207477577,1.9174342658752987,4.438410321220845,1.1149237356193076
2.6802161638710715,1.0038652705941071,4.599336522567029,1.7177662878911617
4.1136841782085,1.4175775435308122,4.240701910464193,2.8606689976980713
4.553070382068245,1.209156487892101,5.536534947586096,3.426631920000348
1.86386774262259,2.064679478067137,4.111742969073275,-0.23220998752420116
3.749144414463882,2.5325103786483147,5.734418463859246,1.3560409783831688
1.297389994068706,1.3281722890333907,4.973276178042118,-0.03194246465515809
4.816317787744628,2.9529860409278204,5.0186449355558125,2.304484320042866
1.2053278176145197,2.191547108544283,4.919612464740379,-1.1015565295273289
4.679702909625641,2.666171604592054,4.840754443256915,2.4124170649233827
1.9063677050646914,2.6723807823406225,4.9283987623213745,-0.9116784250810612
2.2328859159666186,1.3222399758799197,4.27074122968118,0.9577021779323376
4.896707492745774,1.8936038532471542,5.253017519143486,3.2195638346715088
3.616762053257622,2.9271010391974004,5.551580310491608,0.8116458508478771
1.9782802539277533,1.4047349736085435,5.278795481024604,0.5949991990982788
3.5351869124651274,1.7872172963725788,5.242391449097432,1.8593569776307968
1.6327847197727552,1.9278470935993672,5.881472559223965,-0.3123169426258878
4.287709560861541,2.059475825756926,4.846505107657619,2.4615347237619405
4.841381998335821,2.4869971700806666,4.620390746322133,2.7936092146818288
4.048125096958189,1.1144199648554363,5.1118215068931505,3.006008980133521
4.011170775446708,1.8926996015926303,4.543404085097136,2.3302995469516676
2.435214829650119,1.8709626927109675,4.008302336939797,0.6380216189428434
2.2148676966693435,1.1145280636781139,4.469629123194415,1.136230973176995
3.4039675369990703,1.833700717006007,5.878928496268572,1.652718601304082
3.6806146305098926,2.723201823931195,5.569543917759923,1.0975546208276794
1.7298090953340304,1.2480253166615145,4.064920681273719,0.5062338608117279
3.38882078994768,2.5924894817032316,5.037456881777348,0.9287693041152948
2.086221920361152,1.4480187099030235,4.520709319233618,0.6736979963644301
4.184693552967698,1.1433136884907122,5.223395705114023,3.116962905413415
1.8485527272151856,2.0504306017228537,5.335731672472809,-0.2186682326389281
4.544856865202369,1.1462813329730102,5.18626756608111,3.4847580227833186
3.4213053443072208,2.635000338409596,4.7301501129434635,0.9468204190701934
2.6904701514142872,1.3672878084699553,5.154956066468375,1.3723351309933989
4.837106043137218,1.9399630725162067,4.608741428438547,3.193877979468459
2.835826694410399,2.9657310217326573,5.889635377380227,-0.1503582209338041
2.053919361476457,1.241660149918672,5.721154097066547,0.8320921196300191
3.159272100346815,1.0454047975037541,4.018582214996096,2.189242520806192
4.314208458498264,1.8914526022853222,4.740314748903826,2.642204771678859
2.591909424011706,1.971233977422011,5.011926803422349,0.6750827170965957
3.510866408279064,2.5572360572622816,4.352602462196309,1.1784701103531237
4.732232618944086,1.6848979601799257,5.214448244168107,3.2200666175667245
4.421384185585849,2.404153598516951,5.529049233023082,2.2400822460745338
4.740068833941171,1.9025215503914894,5.032784061691307,3.064984073700842
1.1143765857733685,2.3906936464014152,5.572807252534792,-1.4129368109342209
3.2934602814133584,2.1076852414625593,5.163256207393623,1.2989261771217244
3.3467185163024964,2.147364870837653,5.005542607287673,1.3277383583470053
3.0977536060646447,1.987700892614739,4.737433725889544,1.2229001815575589
3.2629121783986412,2.8456610114933256,5.761577087686558,0.47986548995708445
3.3665026714120843,1.2693666826923677,4.214693105434231,2.199250719775873
3.099396379460569,2.6496232765021555,4.950162723592536,0.5324728051399188
3.5728102230386547,2.239690713415026,4.477119674065804,1.5396131635751789
2.9959122009574486,1.3268638263378933,4.822604634366961,1.7360498112446725
1.8060799085460522,1.3597278377227542,5.2584740700015296,0.46206683760099637
3.400874439992299,2.2315313991773995,4.159486473220931,1.3856328817934036
4.154814210476589,2.448075160680365,4.34971279285645,2.064809638263628
3.309149414432451,1.1526267857325856,4.774339877972939,2.2222560046035453
1.3517224658076477,1.4847969620386583,4.6135034816273475,-0.1405525927785566
4.588288795567696,2.4129190088804497,5.957961575380976,2.3792193869388534
3.188483230838105,1.7569312042213765,4.655631202662899,1.5458532696046485
3.2566158839720143,1.10233653484563,4.812028545765739,2.213131509041479
2.0684999300957263,2.14971175159899,4.937612846688423,-0.09021036553431719
4.555610709274186,1.3993157068006328,4.862534669648617,3.2957099263120666
1.2544165973414465,2.7966123770020364,5.178864557714065,-1.8323222915354875
1.0544873550204543,2.3338818310938905,4.310111297400621,-1.5218073718228424
1.337989037162182,1.2703784500494442,5.894241224650252,0.06923785004042057
2.6344737128853115,1.2444396082265488,5.59745933615804,1.4257151276680184
3.4185190571217805,2.1396340548847417,5.323406874215959,1.3966648660295005
3.0883425522377776,1.875526909974384,5.637541972145629,1.2860730204280255
3.816924173530972,1.8670877311415872,5.483920440745725,2.0737273952154482
3.789057003256781,2.2290338914848284,5.514933269520124,1.7055419775926552
1.4458262880281696,1.15678472400445,5.724533949421133,0.29513007780156847
2.476008910919161,1.5778653264163456,4.071058313616848,0.9742990854389206
1.934420415030076,2.1150353205807235,4.522275293126343,-0.2043406735148678
1.6300048585532956,2.7770330955691973,4.799676782433839,-1.4063262428572576
2.1894324178524687,1.6565267973319764,5.330941901552774,0.5606608145695732
2.886881768367577,1.750063002878761,4.309023157739084,1.244041121387135
2.252954398504548,2.276921380774114,5.933261414758449,-0.025954169460124285
2.3701267324197324,2.356535804868739,4.75568371449572,0.015646996040593015
2.766948885261275,1.4444678217384244,5.3911779878424495,1.3726687266431608
1.7584482282939966,2.483620656151775,5.925470471367572,-0.798718298214401
4.8864522131081145,2.856537913233726,4.299519993340121,2.716003240835825
2.0052837991706687,2.8799394452060865,4.008270291660645,-1.257542559698824
1.0511435306275696,2.487624280658575,4.510074444775452,-1.7221341791852582
1.0472803256804095,2.316184231402861,5.858290008800766,-1.3814619368545542
4.300870895936718,2.622539025869008,5.702618280098799,1.890057312112287
4.586440898041827,2.325763045811318,5.005111927614934,2.5530536041758447
1.038057828702645,2.9554742929394178,5.344153023959398,-2.30137383086987
4.141072345081566,1.0964591228553076,4.553805176640902,3.1369006803345947
1.3748522653594066,1.2508554688051041,4.707951214735132,0.12861957413829686
1.1198846865121483,2.1822747886313225,5.165772503274762,-1.172115653674613
2.579196775141984,2.685605204841958,4.6181139232452395,-0.1308000511155942
3.845493922940508,2.6025504811929725,5.836029404165392,1.3886702716292134
2.958027608235736,1.8749081890174875,4.485368523958349,1.1922790662280354
3.8826094855961264,1.7047631415372706,5.79266999217515,2.2787633532634075
4.368161616429464,1.1711449015479662,5.729166572795657,3.2659822186798984
1.7833782136442928,1.1222746477589771,5.126473612673541,0.6775383575824562
4.232654429683745,1.9051100890779868,4.505613720357134,2.5684413503714514
1.9436278254057928,2.364045328437665,4.7724699688370515,-0.48396545288320064
4.840461704664923,2.2267452854147898,4.6912796285867815,2.96955441839605
3.911986592723965,2.4220397287630666,4.166059148417478,1.8312199012397832
3.9778425221594635,1.140870847221474,5.238346293385312,2.906747665297291
3.0101897969615568,1.128869998146114,5.434451244927047,1.9232715073373838
1.0332150279156962,1.7464007625543958,5.389532873013138,-0.7538603669462873
1.1497251876826518,1.0411618923091266,5.362473110544059,0.11066928079839625
3.8472815634902453,2.0143485637110174,4.515697401004935,2.0479821723878184
4.650122432881082,2.3812783012139667,5.027753718080739,2.576107541715035
2.898145857293117,1.5475428788216967,5.2678890747271545,1.4129472683046325
1.7934489268793263,1.4096018744577932,4.933309241508651,0.4005459268619411
2.519273272827571,2.759651463951175,5.960436077216236,-0.2711967306719203
2.1172872813306562,1.8329991214828327,4.982149206968508,0.30573218936965024
4.751451267313039,2.1675270871611327,5.698451706386942,2.7939332712809857
1.5352413496834436,1.934792467634696,5.330444568888931,-0.4287945859984523
3.339768369341259,2.0066757169394,5.514175691265823,1.431227234420907
2.6690887190373545,2.3206446099593583,5.239551900466793,0.3886427589380134
4.585662971732949,2.129110033455861,4.529579360259572,2.7831815816491448
4.112348118475287,1.002768784783434,4.867348466878612,3.1777487739659556
2.8690770335567852,2.184105798716491,5.025170474622222,0.7605657050742887
2.338127413150122,1.3757239446693221,4.937167982339859,1.0020925742802667
4.8126714476605565,1.2795469901653045,5.972671575047656,3.6171047571018833
1.0973899574705483,2.4190529520422075,4.8034829771984295,-1.5298182580595663
1.1281111949841058,2.6915006807301216,5.3750836204285575,-1.8061343914061943
2.718280954233048,1.8036595122036636,5.453729534848716,0.9691570837042566
4.133849951361793,1.7202161791312907,4.794300734558659,2.585816094620014
2.8455078078835143,1.9901375964823131,4.297577801488023,0.9650864180060759
3.092202227344669,1.6705130585985963,5.710051975396633,1.4867365292093855
2.0262569465775964,2.840969436914955,4.176543166081554,-1.1114650588070936
4.700169447636351,2.1787668296690956,5.364663061203115,2.7592077903525065
4.165593187915443,2.3347861411525157,5.610826339843083,2.0134048079427416
2.140905420175774,1.4161334995360253,4.74841387510539,0.7593265053016868
3.6206268476074768,1.7610292439570427,5.366530489086054,1.9686083423818423
2.588128250025746,1.3607406830519209,4.589023384936792,1.2851870438324797
1.5832892313628006,2.604366966536806,4.063569822398037,-1.3301877999065235
2.499055406853858,1.1931966793760416,5.958079874869875,1.3328602030982506
4.396246717394194,2.23643916826723,4.170104892796072,2.5589360092207816
1.8141894412925548,2.119177163515336,4.944938236106855,-0.3375566096727998
1.1843441488783983,1.4714011318888123,5.666654153750974,-0.2972526880528658
4.084679689150214,1.9363888133477334,4.657812423512965,2.362087092623719
3.452374380559655,2.3975319282816083,5.907225186521563,1.1541787603909925
1.8351679037365574,2.7325694121293935,4.963323381601091,-1.074989013145669
4.947981788621252,1.7200711393162056,4.95877482965186,3.4415934845266523
3.3433350782407167,2.024496102559586,5.173052332462531,1.4331466088225708
2.581256713477135,2.8035090430447314,5.936798858693304,-0.25213608624453315
4.10189983087349,1.4394799431537832,4.476564306570131,2.811753481415908
3.589933881865142,1.7008078809704437,4.588778887194428,2.0339983023819244
1.287004371659715,1.9567315718523333,4.72495520061275,-0.7357867973520825
4.947920548844614,1.3001629807530362,4.212689240704328,3.834972821014136
4.708173065548935,2.607641552172243,4.415107931378832,2.603045887791161
2.6202888122017884,1.2891812584847808,4.748565619660352,1.3830527097100582
2.9261799458253104,2.5931894370145008,4.448208288594551,0.4098390804793531
4.774092497113507,2.51647263353239,4.244910874896863,2.803332911159873
4.6298353400810885,2.1785602862110736,5.428519563256285,2.6762427619191347
2.7043004279214093,2.3325486813889484,5.099814572492326,0.4180406307812179
1.2140410072674546,2.481863457189523,5.499285246405178,-1.4207379210273083
4.932175369311752,1.7497508964853086,4.501109762804862,3.4540942210433383
1.0482763078813075,1.0115525428334793,4.847594358070917,0.037550403822318244
2.1854439156351138,1.6711044833419026,5.944025854342763,0.5359563118735796
4.914340702597861,2.428474912092908,4.31293063145746,3.0080285607430866
3.711866239752291,2.4883760923500096,5.479669418235737,1.3732494420368868
4.210760251738645,1.9895719227249347,4.4797451850290955,2.4791036889281988
2.4806792585048516,1.9823467055206117,5.564646150476196,0.533321262841158
1.6629714196525258,1.3121802670503842,4.246616920363325,0.36884078131458603
1.4039513591862027,1.8508724765407962,4.899728969781684,-0.4826843387421946
1.2016264961854146,2.189384681813103,5.6982183357556515,-1.0698818281953237
1.8587827764296483,2.943519388252451,4.785498542302642,-1.375773608268605
2.7124661475066874,2.879622418057718,5.678199962906887,-0.19394699217652758
3.2326971533825466,1.6532557356987023,5.037272138025104,1.672062529828686
2.0381069600141366,2.9480984878813192,5.587268994245569,-1.0712531032614874
1.0427076879477326,2.6199475645113974,4.316803166534821,-1.9845384037591272
3.312249288435053,1.6518405984253832,5.977116977142035,1.7276955770765818
1.9095321843338424,2.0502902889148142,4.648636932534407,-0.15683676070011554
4.606707385428164,1.933947854945026,4.693719037643497,2.933324450634828
1.2953139574956842,2.5979142644753344,5.5674347564989475,-1.4727728608422634
1.9506053878843432,1.6795158583156662,5.381240054246307,0.2853431702135667
3.0468624205330106,2.049532748866149,5.89775173649731,1.0636186853529985
2.4794955373272667,2.0492333409719814,4.834566888112594,0.47504858508479014
2.729617810391425,2.4049784467159965,4.8296374830132365,0.3743541345698132
3.1025556568741983,1.6727912123610393,4.870537579051856,1.5223692829088822
3.303554986210954,2.551833828641332,4.008793821703957,0.974706777720324
2.12140607926346,1.6599375277973243,5.434455699513812,0.4846294187730966
3.093592696210118,1.0170416947666663,5.321087729541879,2.1155535159194065
4.779264667795415,2.454149069251258,4.3636896732850845,2.8119694387673015
4.587663982759755,2.6987089221693323,5.929680186037959,2.121394740528928
3.3749735356861787,1.2146557136453437,5.869376898238243,2.2081193059003397
2.9533055571779707,1.0890454061990542,5.585107545697184,1.900744868509942
2.7455527268078734,2.6305554113645524,4.353575559674244,0.14432196157068639
1.1088290457259844,2.525605848541945,4.553808209693729,-1.7026362449178616
3.8873870946776354,1.5223307567019924,5.184877757542441,2.4741014558870056
1.7071090782097098,1.3014294137654816,4.76569377378128,0.42170859400431093
3.2357680292697393,2.766781201640967,4.977801349017734,0.5641607257580091
4.402120629360178,1.1308809273465912,5.824540355037712,3.3346980852334602
3.416549034385822,2.8717350294725796,4.254419631825683,0.7384131153728715
1.1730903278022908,1.9919700511474667,5.477780740503908,-0.8790626076966992
1.7586672608080058,1.861063116048251,4.137649730170171,-0.11464760195612969
3.3042349110564597,1.695898018955196,5.653333474086235,1.6859851460309674
2.0580412560593304,2.843224081744694,5.334141013909868,-0.9280021187620245
2.132320733075431,1.8371609772052768,5.578580227974216,0.3125973951566702
3.120876383468552,2.7178826681664674,4.588785170888998,0.5001620532387203
2.219698620250744,1.4739852532120068,5.564615247098643,0.7733370405896104
2.7653790073890785,1.7349348914687173,5.741751633031621,1.0809721879049226
2.414757079085215,1.4386729938402687,5.972326870045873,1.0056994619799986
3.2418919636505312,2.1995297413164367,4.049397223288569,1.2414693740551173
3.59207006420389,2.3398334452400116,5.845689740742873,1.366475609904923
2.37936736074274,2.292847373523565,4.29055453692981,0.10236200293183427
1.959869631438445,1.9467959145711131,5.1148392788030135,0.014137833711797589
4.487823489057982,2.406442497483347,5.811618824614815,2.2866211401648857
2.9326464295514567,2.429045638426919,4.17980991603648,0.6188223166609391
4.933849204902342,1.695616926919188,5.099288864258567,3.4336185384649585
2.9571321547785816,2.092109675976577,4.085811158515908,1.0070579174066836
1.4092781731856001,1.4173788235095226,4.602205384459271,-0.008514511599717075
3.461655832873407,1.8765286882862233,4.9037865636982145,1.7157184052903591
2.499148335731616,1.2623929965291751,5.451832912377096,1.271306809355736
4.331063071739647,2.745606104761329,5.0394020705809535,1.8907170477296684
4.930718749212595,1.0931794287409224,5.051492697452717,3.9306839886885343
1.9509463273465477,1.5011805047576399,4.553845037046468,0.4763949711151199
1.3722691723262912,2.77024549479071,5.51423612990449,-1.6168182153506219
2.7950515603044117,1.4623772661248042,4.384072778994803,1.4136378912317211
2.2914552977613654,1.4000262064506477,5.220661436541773,0.925322229069711
2.354566425242837,2.203413312156978,4.062861383546731,0.17990878049343786
4.456122303529522,1.38919338638392,4.370185734055826,3.234709924188466
4.942322124835075,2.1397574109942035,5.417055707453026,3.050644662698077
1.5027219876357014,2.4809647069214096,5.378832711555021,-1.1025281467205779
4.686434928635937,2.3965392397298992,4.672703250340455,2.6674462986253697
1.2439335427676381,2.971336332310565,4.764689919072506,-2.20971533087002
4.731149502719031,1.0877121782210413,5.690607772102307,3.71187516091539
3.0707650707481067,1.2161068506865993,5.818295611597714,1.8965480561868429
2.675789288700193,2.6790332269782926,5.759049512399877,-0.0036645866783881352
3.530419371627857,1.3553984635442897,4.796999935415908,2.2674130094214306
2.124800023832176,1.564585492799223,5.669739295760319,0.5828458941297621
3.5640504390107433,2.727976387511296,5.878939680837124,0.9438398138175615
2.5242967012403486,1.2903923543596472,5.407772254684509,1.2706077772397746
1.8667311477707451,1.7995241163008233,5.67820750091113,0.07085962837318746
1.6465169466643803,1.304131201709142,4.088603708857071,0.3612556846424716
2.34667491388209,1.045141419030989,5.241961820337436,1.3282007294705456
4.136227137294281,1.330275483678519,5.283762092895241,2.8993455171946945
1.1747273388540092,1.5419286222421658,4.609300941257758,-0.38965032242942976
3.8869059651575113,2.48429254601757,5.277663711973597,1.5897534826131285
4.133506593949318,2.191935288786709,5.22188724474969,2.139153111730719
2.1411913902289155,2.056281174543071,5.4807173661004445,0.0916017131389568
1.074533826781631,1.956115063868458,5.554198280784095,-0.9419309947572819
3.5087079047850085,2.7347086098855256,4.383947708415642,0.9902961854910052
4.3394304531448835,2.8287676281348864,5.169619227523636,1.8048368691249788
3.8044920281340344,1.6194480673095613,5.26658692751315,2.296300252752707
4.6514562748755,1.2238673518830725,4.8196505886179635,3.543746320579182
4.12524539209111,1.2341883420353799,4.002949708566999,3.0391142115331293
4.634272277009337,1.1754540484409999,4.945752616693154,3.5608504611845646
2.9970924223327136,1.096717001710167,5.220967716079661,1.9437432976569498
3.032746165961562,1.3797482806537198,5.94493599859997,1.69940036230889
3.1557360516172483,2.709732067431286,4.759581119497835,0.5425080612290137
2.774344400238919,1.4618943097161778,5.191417569541469,1.3678017618662703
1.7758388395813713,1.007250164427452,4.371331350030751,0.789842679042829
4.014836880692315,1.6015784463115388,4.25966430903196,2.604353008020892
2.983007113708632,1.1373321052598648,4.270933740399061,1.9148164824870713
2.4712314803832385,1.0738988180873281,4.918864418781873,1.431874231544716
1.1351341098322814,1.9614503027818078,4.304371961449939,-0.9282995457052259
1.6368643454847072,1.6508801880615174,5.989843111353892,-0.014580568329324549
1.0457521205276317,2.076070448934199,5.5006930551670505,-1.1126039864171546
3.9585561508028158,2.8208345749641284,4.765111978284437,1.411643722979259
4.5498849313843,2.2224032566701943,5.311906793847987,2.562539826177332
4.995629857374444,2.1433392224550682,5.04325907771592,3.1510142844986446
2.938764732206367,1.8992822318469593,5.801760471680932,1.1000994975308067
3.627062735178203,2.7547596654245745,4.832254019271518,1.0617243970926713
4.862689565303345,1.3414195480165556,5.033501465359673,3.653393569295453
3.7571450638565014,1.602264026209723,4.360529442102967,2.316965739854208
2.189322228620882,2.0632317397552566,4.929935223786035,0.1388337983731575
2.1732989765005395,1.9907831902726427,4.237574519302017,0.2067519617076887
3.6408566002698173,2.2533657926204618,5.299191291066391,1.5329930795106874
1.3676379114686186,1.318101527072531,4.292527742419151,0.0520511140134682
4.132081036464505,2.9098888572746566,4.775888760745889,1.5413241651940566
2.143080177333325,2.44145589638677,5.798292051330696,-0.32895881568157626
4.205677969806295,2.217785074287142,5.967520622747083,2.1412586889392125
1.8523186433601202,2.4186876315660752,4.760147935203637,-0.6575813881574322
2.4008637274038156,2.2112647305652278,5.237281465349525,0.20915609714516592
3.4162014323301486,2.9001479378923047,4.110251738541033,0.7282499158496801
1.795786358436568,2.410100378607069,5.955734669581739,-0.6717754840729686
1.239843337703391,1.426644830647086,5.6679367942986865,-0.19301580025284573
3.683382699237899,1.751291027526094,5.116283582949603,2.056310010606892
1.2550762185381656,2.3684688417747353,5.168435426664032,-1.2526637518554924
3.7992628426150508,1.4855843207582042,5.6579511978722925,2.397807771362722
2.0368253208974383,2.7785098366874843,4.000923450153312,-1.030798243383245
4.456487195692861,1.6953007634084216,5.638826252041335,2.8951288965715083
4.504911208893583,1.476309922114461,5.626971205293738,3.1385470729368867
4.003661489216999,2.639154965494442,5.906968072059261,1.5252009396408144
1.840119344623925,2.9567995079830656,4.707879863116155,-1.4350073956097964
4.641019608475892,2.6370429913410423,5.916191328695346,2.2386651774526665
3.7153230834856568,2.1852100937099594,4.9107657248432455,1.7085949925600084
4.426692733473402,2.1162771621504985,4.778573732256105,2.576901027359432
4.450475650387878,2.699054680809872,5.995762237115674,1.9613925213420766
4.380315570156165,1.4530119763114502,5.367672962626935,3.0408341935097907
3.592408841982247,2.876083165498474,5.9075927893213,0.8200747532041931
3.061091545684203,2.1262755982977817,4.6139204292317215,1.0533331733364466
4.811842512694708,2.2402276915587427,4.238390700966089,3.0293555656652327
2.2087728741970345,1.127343264572162,4.595687144627028,1.1155129348426311
1.49235169623186,1.7802581811809028,4.0170372127232925,-0.3211685757756788
4.881311921916748,1.406166179730855,4.195096242317639,3.688528808371941
3.540491030712267,2.6911368038216468,5.12431528685184,0.9980692127721422
3.696823622937393,1.075229506527338,4.638132320209054,2.695012200526257
2.3034851219791515,1.6842989666632013,4.066726968739521,0.6802737256242187
1.1105062864101138,1.3732402530186352,5.195443091542345,-0.2724223821237457
2.463723173256279,1.5802179026626402,5.143932584934997,0.9283980882030607
3.3198587406601776,1.6686849727956246,4.743868087710462,1.763901818550534
3.1260444754367884,1.0724449440428039,5.136271806710666,2.0998836528755604
3.3444954836926226,2.4389083205325326,5.047497833426835,1.0343483702037766
2.613083604628004,1.799049567439307,4.791883795777423,0.8782821386404457
2.2786943596304137,1.5167033120392397,4.084562332458587,0.8206665340860871
4.2644926406335,1.512354871534772,4.956787052593594,2.8899363223175456
2.4326935571126413,2.497883997127122,5.552257987185342,-0.07299458997435743
3.2461688731103484,1.1384200316193764,4.591395031466565,2.17568741584446
4.680645003626173,2.8926442204551783,4.571306116441904,2.309096178895936
2.049933928768682,2.506331245531502,4.374458234341435,-0.5568587192184509
3.6267431131466896,2.293948634359179,5.958664354476001,1.4440965239291979
2.4190384839168093,2.5544857253364786,4.413998406821391,-0.16608622211391674
2.9333433207586244,2.8585246868103678,5.054967860057218,0.09071604097962498
3.6259120357023473,2.21403712971257,5.013585844759411,1.5736310471805766
2.33627647290952,2.373192027089059,4.688509616679486,-0.04280398820186029
1.5699975265146184,1.5971589599445821,4.614196546795517,-0.02895111016600613
1.1916699954155279,2.0039137753300134,5.369644645391887,-0.8754950283020562
4.792087682183432,1.5421362631460764,4.563883936642705,3.4530529976052557
3.5456575505720087,1.6860333993612031,4.120491670047546,2.038050299423719
3.186686216667727,2.1057012013510157,5.4860245823055855,1.1706526215122948
3.5584723493202564,1.9224545535466477,5.032854344627853,1.7702559663237383
3.2998853432412196,1.3411725813293347,4.52082185594176,2.0510480587654665
2.5666442887753704,2.737125516042015,4.669942370405105,-0.21041154716958027
4.028460090249391,1.0475549586996065,4.546719763377879,3.063319167640012
2.473442122662938,1.8901470143592083,4.5790795614587125,0.6403986221227016
1.6137103837406834,2.1458035232097794,5.9872841840549045,-0.5699548822417037
1.6264392589862786,1.5248119594696228,5.646698403831905,0.10554839921180005
2.394157915238877,2.4778110635059827,5.711693466994717,-0.09284451601632637
3.744128763572349,1.1904136166162154,5.7081002539555055,2.6111283615955814
2.7072380981238333,1.9288938678058252,4.619091731538752,0.8566083983144546
1.5909672997524105,2.526311027676776,5.703408559124799,-1.0432729064889201
4.705396356186792,2.4635678455771104,4.80981232283522,2.610211766048372
4.014176405413781,2.8089625840628916,5.973312661652947,1.3656316294258422
4.441446578989241,2.82708204659618,5.157463887515727,1.9301859396563643
1.2443423839926906,1.4522824775360295,5.633900319176645,-0.2152132708546388
2.4518206377139147,1.5390298433882128,4.063279293583418,0.9862755262056849
4.492385846942765,1.8809007660186228,4.06385171255189,2.9460256574411354
4.239566248568616,1.1958832487586382,5.294184813452769,3.124438171063267
2.1242173869788967,2.4129659636280825,5.936679655152047,-0.3160306019977224
1.2870865149731086,1.540301899844652,4.51454047325548,-0.26937936090900294
2.032538887115482,2.415259654587892,5.519578917457855,-0.425633437195268
1.4644643010830998,1.7602013042929465,4.109277874883936,-0.327282517927719
2.3087461193751833,2.229703754722765,5.0136217836857195,0.08824990956534334
1.3235965589244203,2.6298597724128876,4.894584994363824,-1.5488222654182595
4.213285978231359,2.8852458330310244,5.039129746178787,1.6198435550979096
4.078446168390254,1.8227837972669723,5.672514874089034,2.3819907464053514
1.2025453146802154,1.7282076507152713,4.837295312463208,-0.5628063356042043
1.6631707175330597,1.1847207619276932,5.88139375272108,0.4884625554949469
2.2324614632606408,1.2774769208519725,4.008416810054065,1.007520595087855
2.4471620730187036,1.8568324499114874,5.8661661762002035,0.6223287374406175
1.434651066853426,2.464673730348925,5.814565399856512,-1.1372434535078135
1.927437602524237,1.7049372807033791,5.6509926614194494,0.23337536305572681
3.8756637206189204,2.4467091157439835,5.75292903596444,1.578862233032297
2.4902796017685307,1.2041260671477678,5.479106378410496,1.3183848551601796
1.969544973935033,2.867619366156366,4.23156048763955,-1.2212679648944476
4.162231742564327,1.4700665098951649,5.179078439933634,2.80764493613425
3.7063212578151363,2.8517742410586173,4.82129372008372,1.0598267816907743
1.8036038969529598,2.263725128943559,5.328670826867082,-0.508265170454177
1.0894674348521973,2.3678092300917255,5.129245794397811,-1.4410784199171878
3.6436682830958547,2.1205720679715805,5.900793457305646,1.6321308782952229
3.4956033961243786,2.3725005922241476,5.7306160265111235,1.233806251687951
3.4850576132196847,1.5886791582890012,5.41796222872736,1.9835689652241224
1.4594135455184958,1.218164411445657,4.162506438509038,0.2522948232556671
4.254548724352121,1.1444955570252977,4.464571073511732,3.2175720006514092
3.4251872204757317,2.0071771787853137,4.642494012467788,1.572585094547371
4.183159865855972,2.986041934547702,5.224260966087705,1.458918115734807
2.4811669870310302,2.7923100496481723,4.554689921337713,-0.3938348621293542
4.603820498016695,1.1218724692381052,5.363691433874271,3.5607061441061885
1.946463385302775,1.6530863625219085,5.622619722147017,0.3069428400962633
2.128717834801836,2.2076143234501617,4.672731444596669,-0.08951680756500124
1.1556409276303428,1.7820788834928512,4.436998353650635,-0.6840355607158565
2.8419070680105287,1.7663742451401911,4.575252668831547,1.1659285485692312
4.250276119733123,1.8181811605385159,4.380425570159018,2.6732496225134357
2.941415163501507,1.022498518356782,4.344601324689421,1.9743751173700257
1.308673887106096,2.224020460653727,5.871445858659774,-0.9890459675902068
1.790162381442776,2.3640627612372827,5.474066650877262,-0.6362970535615295
4.80495974260945,1.3532924917499312,5.629127936288667,3.555957421346441
4.870038173178679,2.16449731948555,5.127766286303417,2.984458901580889
4.993228004695911,1.1325714135902134,5.2073623511275855,3.9553411281534316
1.1448343515391004,2.085750676220189,4.672741869322193,-1.0514785057672897
1.333218385219007,1.131202695286858,4.322333867630647,0.20931095928508248
1.3680130870379483,1.4403520131198995,5.78994282471246,-0.07468684729506907
4.0078028170999485,2.0839779204851654,5.283416137743549,2.093565463174682
3.419010881162589,2.270695972395144,5.085741413321886,1.2833313441675744
2.520676591927816,2.36610754305309,5.22554847160626,0.173358679307165
2.4618676381981888,1.2879684011669776,5.343913923584294,1.2095555323221145
2.5909542228147266,1.6695200543246598,4.414829679180263,0.9953492990584142
2.556741792192405,2.227999278738937,5.282569086972936,0.3625681308349314
4.244255236201854,1.7319291784052135,4.399458675672551,2.7330100940155555
1.5188934742291167,2.680684958749203,4.387089621725298,-1.4676494494233618
2.3833263159036067,1.3016791898418867,4.958501831573674,1.1209614676447852
1.4358197669490562,2.429826434940267,5.97530387260438,-1.0880270818773676
2.3887770035596425,1.322204849368918,4.39172074969975,1.118465839272428
4.318835412158896,2.095786230511794,5.867512947124012,2.3800523101078968
2.4669708168079465,2.04036904942857,4.8018451142278575,0.47126135157592275
1.9037818063199925,2.1678221729186626,5.806071640977016,-0.28462382849872164
2.186964787702054,2.629056409418082,5.829545653026786,-0.49532415724161566
3.168589670244542,1.5289166353147297,5.548437367665801,1.7057105924314684
4.067113315044138,2.1867438207328,4.8591266367546355,2.1056430549345837
4.995816331106895,1.1504698162345193,4.2032475537427345,3.9980216086883584
4.177828012441397,2.207118735558118,5.592187621695435,2.1448283894842453
4.534095345972805,2.7361035087937937,4.457656050880924,2.277488387715493
3.6034626195669457,1.9532991321506392,4.57829353466577,1.8245546241785844
3.499863936053733,2.3233127482135254,4.62140748731429,1.3610489612771888
3.222705974886536,2.7802176791388513,5.38965171177362,0.5165136117100059
4.9395990536230565,1.8037123653003393,5.066009428403427,3.3557919500842353
4.015919950874592,2.2153221818717297,5.325768252903443,1.9800244801924283
3.046676079674295,1.0850837935235158,4.232569090891878,2.0294154092143604
4.375441642969521,1.223577967421983,4.234282271545933,3.292319500864274
1.8719580502180246,2.4710624044332015,4.697409272882187,-0.7044516251938796
4.838048007479907,1.70992894920251,5.396251192720199,3.2980761363199362
2.9253599448129046,2.4327248284568865,4.436984622207749,0.5890702608211789
1.7940860240303644,1.9270058850667058,5.580301678065467,-0.14163253680682605
4.640332344141545,2.92483959191015,4.336347694047355,2.323632690568119
3.3580300456136376,1.60826547896344,5.986748952576017,1.8165380760179424
2.1902565651373394,1.8692028963744034,4.3069446102898015,0.35636434809417983
3.9616279421314116,2.5067205733313753,4.27567348393151,1.795933413157844
1.6797302952297493,2.1407819805430326,5.960715053485259,-0.4940119556925828
1.6012841059913825,2.028756605341065,4.2666422298491335,-0.48591895437883287
4.530830303799359,1.3204593964086584,4.893835813350249,3.334028302601859
4.520956148057067,2.9054527394856455,5.179527845532787,1.9514442929971274
3.0527920770032346,2.311932280300102,4.994423010051897,0.835798990910077
3.054749533456049,2.657877767737199,5.056853827615178,0.46650600238152695
1.7165139087515016,1.44211811961977,4.856656721159905,0.2873563473816268
1.2993655612894925,1.1635079036974239,4.622507947665186,0.1403772387786457
4.491287893060258,1.2365274520639562,4.927552046267139,3.362348025969648
3.053813994159844,2.880931508047815,4.665239340908382,0.21979951040297374
1.4241339173851735,2.8207915835965616,5.376040295552641,-1.640638436889829
3.2888619845592513,2.621699254114232,5.606844092661911,0.7547551287780645
1.5308917852395831,2.0755953222115164,5.410377094811205,-0.5898341455981159
3.2396106821546486,1.117990362409122,5.842518535105979,2.1615637426058325
3.3959188618151277,1.1420072794729468,5.8758361424338235,2.2977270541194783
2.5667457804676204,1.490906419834806,5.872699111063635,1.1122796937474777
3.010591553867263,2.6265662181780263,4.022912211171408,0.5070025230459814
1.7984630852440504,1.5631722363706677,4.06736103115037,0.25486456728722984
4.046638827909579,2.1259399730513913,4.419839977861518,2.190775529626008
4.398936540047879,1.6436424278165296,5.0943947886246095,2.910964854573905
3.3179568936982133,1.3496158057996925,4.222457475934069,2.077310360869122
2.160437283035263,2.322812810844856,5.848877431120876,-0.17692614493460765
4.821897970657197,2.228031125331807,4.335406637164038,3.0237150804249686
2.696414382547793,1.535527625296808,5.6828847942915,1.2057357670498636
4.518714000508636,2.8576603392232336,5.1803271148011625,1.9914698299072378
4.6016499545771286,1.6302091253141997,5.860055553358277,3.0935556828354027
1.267114415593655,2.23073577180846,5.651672577007927,-1.0487728096506617
4.583989511160255,2.4426943749852033,5.049882836822672,2.446560762600165
3.485169042809457,1.499445466264223,4.047344445836066,2.1378488549095933
4.470502863101471,2.886665532870845,4.30807371767288,2.1336676151550957
3.3496865265705877,2.8909653661334924,5.943551605651084,0.5250122494156881
4.820165943944433,1.4216396733680778,5.494293389603953,3.518344366157164
1.7710043244210785,2.823563721111441,5.5437703313241755,-1.223086979675276
4.422427205397936,1.6334956156902114,5.110533507974459,2.9433348409014277
2.727756005611346,2.804225198715109,5.798463090105843,-0.0873653377425419
3.8571860616052347,1.1116602962551951,4.273426330896527,2.8434168549180527
4.8729912598916565,1.5247692841053873,4.70076414829888,3.5396027495651605
1.5877736180921218,2.2206860306166485,4.758811676918203,-0.7156052011151283
3.757815229668912,2.176540551071202,4.781687974798264,1.7759185896434746
4.772448278628193,2.9305104633288543,4.922382725767468,2.292475774099075
1.5989501836814508,2.719550229423107,5.988945597856716,-1.2577540034606385
4.443946508115061,2.099492316396418,5.523972272939056,2.534660130164619
2.5839711855910443,1.4198721347691643,4.021090224048016,1.2442495989903466
4.040768934391019,2.195179139171899,5.918024962908815,1.9873677895697033
1.3245743466307158,2.6992252542173323,5.878843247736679,-1.5473981578953775
3.492773775157236,2.6664377778067125,4.634253322670892,1.010327704255472
3.302467753568781,2.952220708298218,4.623176244044089,0.4551240505108338
2.1523835100676667,1.7347226985405864,5.946160481510435,0.43665614845747214
2.547064054721227,1.3968406263631354,4.828441764755265,1.2016037558703963
2.5663069730877703,2.7855873219275296,4.554463110903987,-0.27716520686550444
2.6298599830815155,1.9880745723264435,4.482868838218371,0.7160522324954371
1.7725096700071314,1.624293828555786,5.932461711920212,0.15410458914198774
4.610371850362734,2.4827120418341595,4.500546768036087,2.550912747417323
1.8050220473056227,1.6466195005943691,4.223278889920569,0.17201571428979662
2.8185153019517584,2.5387993763385417,4.377422506159638,0.3433640648754805
2.004349687348853,1.302803684665169,4.663314343998941,0.7306380518568075
4.369756222438271,1.612250801519792,5.257409354371625,2.8970922891097244
3.5392343793147,2.1434353385015363,4.657382935674599,1.5721940479094585
2.2495653690949844,1.6072137166400702,4.358392725021876,0.6910547915506341
1.1929455256490438,2.070114321198382,5.979641767136291,-0.9349854372161516
4.1430546314465495,2.8208582945657845,5.54606198039899,1.535671658193938
1.6233954201156564,2.3605766790838585,5.734321345495148,-0.8088994050282562
1.4943205536113986,1.0611293033076106,5.71228265222402,0.4408646638354138
2.940885789733738,2.966740429794112,5.310817128573886,-0.031171868090124236
4.290809387838085,1.9821971458064767,4.245091969250659,2.610696571335104
2.5195549761106477,1.1637391214654447,5.553243527249034,1.386604385330015
3.415249584890694,1.344545274510776,4.435839420227039,2.172928152387361
2.0681780553462166,2.127325273165484,4.953669964833263,-0.06549402413670866
3.8003479069594106,2.8101694118675056,4.904412561404936,1.208177476982092
3.022202703249458,2.8140335917502233,4.637934693461004,0.2618814734944704
4.107231267968526,1.597103055697325,5.409290440757532,2.6272525561026754
4.506936257185874,2.6953285373068194,5.42174907018819,2.087888514845832
1.2978696717147256,2.087756926130988,4.253230779109365,-0.9066279978633172
2.929140508834113,2.825138993274618,4.230671362913686,0.13971887599849156
3.884469541163414,2.7891025301530368,5.42872889661524,1.2767561788884874
4.895974661283937,1.1497743294333034,5.437459212900292,3.832869648809396
1.5081534085931891,1.7566938749302672,4.970169321125576,-0.26568956787973097
2.486287948259211,1.8100783901198787,4.222276367197833,0.7484762946111951
4.90243933738051,2.5331798560947414,5.374335499597686,2.686394976695211
1.03048601069574,1.9857485961785728,5.822199592061416,-1.0161938650962241
2.346372701666953,2.1570292952871384,4.970625097581491,0.21016337007679856
2.993387547098437,2.3612891429435354,4.668306831952251,0.7327459762957423
2.81558164729088,2.3102784290748755,4.526672305529752,0.5875927442847956
1.815986957120789,1.4941405735190056,5.250212301285938,0.33572866043234234
2.019191539170542,2.437333858416713,4.325725402300184,-0.5061339280656846
2.700640211052189,1.0120723359504813,4.034399671323094,1.7443465013578388
3.1006609739598097,1.0946321473493255,4.542246830319538,2.066946253482593
2.738493765789314,1.0549992994264499,5.565632481627513,1.714579969140617
4.371472065237196,1.4760954909468749,4.58707260160601,3.058035044973709
4.237922158038762,2.440134552811328,4.167965978683755,2.21755061946212
4.484449211095248,1.8895844888773967,4.92341867710671,2.8100644106222177
2.035221945579011,1.0626617451680935,4.695250047523069,0.9984690908063192
1.2744316014066897,2.0550607610769642,4.96298645054037,-0.8576065012853274
2.218925281932915,1.1677989526937924,5.027370646260999,1.08068634354779
4.08922332414547,1.9520806195659446,4.326610122001965,2.394737711630151
2.414755720023387,1.8798241284909345,5.680418117922187,0.5668719353124819
2.216445819589169,2.8078995934787283,5.2430772315624194,-0.7003537372158851
4.982877302175577,1.3168392479784699,5.782270418153404,3.7649717746176012
3.338942911363391,1.887589373166405,4.3519732056331435,1.6107501518952494
3.7106909155768952,1.5696094161140057,5.936547516444597,2.2200860560445994
2.2240374788012542,2.627272411951998,4.95209895629692,-0.4757026735054995
4.264417175900346,1.0483662811710908,5.975911917856295,3.266712550634382
2.272400331892297,1.6617164188439335,5.0097532160200515,0.6473318033238157
2.4433330444963626,2.280852782751376,4.419384776712336,0.18969655715123238
1.1307988755086251,2.6225356410112814,4.032831561447008,-1.9636367023680628
2.0009806659327274,1.1554553263257668,5.9462041559795304,0.8619554506937053
2.072700260087658,1.8912878560286228,5.38703084685387,0.1937452924262183
2.347687785134467,2.3869956940326778,4.9694272405535775,-0.04481656050942047
2.0645652950422946,1.781055129636055,4.82032051365084,0.30510056837327343
3.41752939359551,2.0351131899593007,5.399367393458509,1.4924918818075898
4.64220376077505,2.9562562658996603,4.199084702480808,2.3739847393892224
4.980087831250206,2.0071431479264867,5.968000006103435,3.1568345848547663
3.85337388538387,1.6154738233757668,5.858407981961536,2.3281665338199087
3.2570838207767467,1.7689374023210915,4.396263943489278,1.625544127303124
2.3828693020755956,1.583904126231494,4.083364176489791,0.8668340810469538
3.8002139654893474,1.3600706897714767,5.172461637366856,2.529141377754523
1.725363402112575,1.7602551402121225,5.470659788302845,-0.03685148962516918
3.248625117322089,1.6904139577001804,5.191666759630219,1.648016300808852
4.611327343213571,2.893198257501404,4.0278836467442485,2.4694940314389644
2.1162056665459277,2.50947739201814,4.7548344517307495,-0.46300766236830343
1.6042596969401783,1.8485038487248453,4.210791455784165,-0.27183818484075006
2.4172447926936504,2.031267068615764,4.380956857805449,0.4356338440858416
4.4052174956072685,2.2240703054202724,5.56461304155526,2.3794654508659074
1.9733036340238161,1.3967885989655093,4.404270093300828,0.6078962588213047
1.1064998109132493,2.4674195836905746,4.07143077015435,-1.7109021929395545
1.5060144715395918,1.8731613454014897,5.980186135951557,-0.38660144008227143
3.5075012837408135,1.0037008223001647,4.25431784310134,2.5765328508158536
2.902862523674828,2.856429635240642,5.748431018934458,0.05350616883410999
2.2926802434555866,1.2613336108732405,4.297408103050665,1.0788642300844813
2.2408608598941044,2.6906567805128976,5.044806611086033,-0.531740594999215
4.142233287622355,2.1763987763935866,5.490636979397874,2.141233759008696
3.532368000534895,2.578437518237066,4.494553073495826,1.1646377185559302
4.486110677936835,2.650819823083733,4.975997223585628,2.168629289330434
4.139670114156973,2.097162898424172,4.679844864328054,2.284760066542416
4.360057828081948,1.8305443943527377,5.001253320445755,2.7181295748369356
1.9924512398693386,2.887014402670168,5.01298050050939,-1.09424722220813
2.886308092148533,1.658596378828136,5.147219296311135,1.2968864865472989
3.6121680357925214,2.9745442589878683,5.888296389015901,0.7388246780023574
3.078437136608424,1.635948002685346,5.959297534616653,1.5001218482692562
3.715708981501131,2.4724093680047368,5.895329661353269,1.3695611798477
1.892626455465377,1.7021734580829295,4.063661199881119,0.20974004865399107
4.404603828939818,2.3933412798109073,4.3403805326042795,2.410913534052173
1.5868821589777196,2.409061635481706,5.199776907091569,-0.9277573287890765
2.589744733352934,1.5855012250672764,4.021655353929748,1.0927483520613677
3.567251564736769,1.7374623416589108,4.7408829463135795,1.9666187444248242
3.8787388651978296,2.8542880509011987,4.717268572196238,1.28672272358109
1.1862647850156214,2.280464063620034,5.606220769963076,-1.1977719529622557
2.909975513447403,2.229762341680545,5.1387573846233146,0.7549905843306443
4.194361083702607,1.2678598617785248,5.176643747535392,3.0184321831643026
3.956782341908788,2.1946951486055957,4.625193740147109,2.001801394997109
4.360490736631149,1.4061299270455432,5.509656753096035,3.0555447199805776
1.0427985480552495,1.819328558242019,4.797670346652899,-0.8392103845444161
1.174483036092873,1.6230337431034065,4.133527197064056,-0.48772076361028793
1.305584638484683,1.8328584702754696,4.3824576628973775,-0.5804788214285458
2.2848601236039108,1.4931744392065713,4.664693475089476,0.8356550786817122
4.641032222552635,2.6686587415289598,5.362991003446156,2.273883796809898
2.455001753780073,2.953085470658043,5.5032154514732134,-0.590265617817942
4.315363295474691,1.0073294202911913,4.365829311496204,3.3997673280395584
1.2451726217751213,1.4645936718818853,5.162692273516236,-0.22882181738202267
2.8935068122245355,1.129533141816041,5.493708484156805,1.8024835660671084
1.1672449155830704,1.3357800626364076,5.976238178637393,-0.1729096852730266
1.3488575195936439,2.6587616985750246,5.519940589606418,-1.4947178645124508
4.967634852171755,1.2347312563817578,5.630185607414098,3.826043983816653
2.5002605378293823,2.5915845657170506,5.8258397237312565,-0.1019686903308871
2.075238677873235,2.2456342368148556,4.261141838882912,-0.20049756899086607
3.9193697578683095,2.1752031473544706,4.582933232745949,1.9815914647476403
3.2570998878369655,2.904015393655002,5.477543325182042,0.41642579938524743
3.491159015865056,2.216061657834714,5.053717741974091,1.4187759968473266
1.7157503839602626,1.8806768895407593,4.661406669023811,-0.18024781680928884
3.4801248543058074,1.413070470728538,5.722793975775303,2.1331039222046573
4.7259001356112735,1.212408657444852,4.327275083032899,3.660085316274178
1.612623438919849,2.949746241927998,5.284946388694358,-1.6114844905588168
2.1905703226092754,2.9268781058980986,4.596595773859086,-0.9549155700812427
4.279318017372708,2.8683549576434073,5.193606658137837,1.692502622256436
3.3801542349098774,2.847528906880778,4.083416652362525,0.7431213749378099
2.2625429125735086,2.282812721727624,5.224141517937544,-0.022535174282747355
1.3650930636253533,2.5604213568578675,5.910912398327376,-1.3262078540034878
1.1705311182239972,2.1837098016350676,4.118657319324909,-1.1949652040791898
4.272716259235109,1.6371746736655144,4.961280876635042,2.791933661397355
2.0393307471631226,2.609406924355378,4.1215184161892315,-0.7364798070830706
3.7499207976374023,1.4844418909173878,5.230399317797888,2.362629255623339
2.5154995436047605,2.031888802785592,5.346518497542223,0.5228392590126861
2.2470479404510124,1.5238416681468512,5.491212057123535,0.7527721182470302
1.9430780117693267,1.7354395921671941,5.64579282556287,0.21820274857108465
3.1300654312052747,1.2290166874283046,4.418696805602471,1.9791447620070588
3.88775940048753,1.3400760529685782,4.188226183813709,2.6890461012150952
4.875899888525563,1.8637618231403748,4.470880009128954,3.313801551981839
4.651618031725684,1.118635015965845,5.396066375297851,3.611437066653412
3.1176937454893676,2.4371934784577975,4.296632949880565,0.8262939497892459
1.4277953945018953,2.9577604259999486,5.823360768935806,-1.7761204115834814
1.488022090255829,1.9181964427323417,5.690725786092539,-0.4569138125077138
3.1174331288649673,1.7167057927530207,5.078614151078371,1.488335814698208
3.237214166993671,2.9978674748387535,4.920454072089434,0.30183742707247707
3.3084522826817415,1.1799888443811062,4.310571787798988,2.2129934239625983
4.685164751919099,1.035651146736971,4.732351645760159,3.7401767926014347
1.935478995648361,1.8076627940170076,5.402600842084364,0.13563366954791925
2.3236518257401917,1.1226653030665807,5.345827927132296,1.2283797335425224
3.065192013150452,1.7403926733415926,5.479518121597984,1.3971451795677465
3.7364931718386174,1.7528478530470106,4.390332294134003,2.1635644420235973
1.6635249845433782,2.4579242439639213,4.797863335464141,-0.92500088323044
2.2268369567051294,1.6143561129273005,4.1316788414512144,0.6653734781997491
2.637852731282957,1.3571331184411517,5.613669707957987,1.319870529664272
2.8834133261274504,1.9420800888188834,4.849682504301644,1.027301546654483
1.5354543297358045,1.8878257214935907,5.890137163209032,-0.37199549173027074
4.729715049489153,1.8178562480885643,5.45901974561061,3.088107426522099
3.2778445750902847,1.66001891727939,5.623958870506693,1.6932692235079638
4.195245973386861,2.4215335357892704,4.861100271480473,2.0455834576996224
4.974521671575054,2.230328917916143,5.294023850323395,3.0258205864060237
3.6030201344807993,1.5761610474295369,4.5718404734660005,2.159235306318738
1.7470955066328182,2.2586972945373462,5.032781234687365,-0.5724960660088793
4.370110001155464,2.4865703739236156,5.6175929110044205,2.100524916399559
3.8534194722159536,1.222415034349635,5.743833684238436,2.692691429623774
1.2757694199793708,1.927725099437779,5.602658538566802,-0.6943507962256905
4.34859131014811,2.5642462641752766,4.649758552420173,2.139019042115933
2.456987394852532,1.2293727042284583,4.5875278983059395,1.2742205136177642
1.9125562929328521,2.561786067042095,4.950569105510661,-0.7587123376145217
2.182337066860777,2.180363547531396,5.322287258767574,0.0021633884692474773
2.2815544271598145,2.9721080351155225,5.7001193392112475,-0.8092690589321759
4.017003280540386,1.28008975350891,4.019357220175159,2.887255295854331
3.200188555145171,1.670280977930894,4.246074085040168,1.6640645153673062
4.203950857636098,2.044915247141456,4.2336100743582215,2.4657510723597817
2.3584960619632636,1.25974700898083,5.395081701919816,1.1299852288566812
1.113612020868703,1.050776948689563,4.643138130203732,0.0645086913771871
1.7927375426286356,2.2733184012586554,4.376385585971396,-0.5624116626616872
3.4684055344239035,1.8020590460242087,5.194132304992799,1.7767031289423314
2.6097853864446363,2.798172019196761,4.522880830169029,-0.23978420201274633
4.697639010299601,2.082172973405652,4.757845944289666,2.9088028929135414
2.7746547281056517,1.610723839848535,4.433824802235026,1.2492822761821454
4.448180433015509,2.815549678966575,4.15663479115241,2.2193062499970857
4.9792035851447185,1.0282505797276271,5.42275870377785,4.023955550902548
4.567912568070297,2.1578252051659366,5.972631824664974,2.584668121249767
3.6144984167741865,2.414314716681413,5.3993538508492,1.3417975884194844
1.8611540076047728,2.0966892887078576,4.577042003152969,-0.264971880454382
1.0879723542688322,1.9248948398503773,5.863527368193223,-0.886026513394144
3.9250508193972533,1.1648168754510497,4.3469279887934995,2.8650098196179896
2.136712324464379,1.2307450132192166,4.5084381704569525,0.941736613034982
2.1749553198851097,2.784420802325738,4.227561963955068,-0.8099613002515674
1.275769657210022,1.4904196265492666,4.253289698290997,-0.22918138379969924
2.087461069923399,2.1247833299467183,4.507539468641911,-0.04231894635080815
2.0801752010199603,2.578967561777957,5.83096667566628,-0.5561460328900852
3.9884539812198936,2.3941585329620985,5.498563456067928,1.7709873660744753
2.676715415999173,2.784939839935232,5.941147091783107,-0.12251889277128068
3.1478201233869494,1.1015467703437387,4.03333338806109,2.127141766935947
2.089983914512882,2.5593089679774206,4.989789747564142,-0.5467166960679953
2.459712828915203,1.9972010099134991,4.8858480282478824,0.5067865959649072
3.448656324568046,2.9644733758769455,4.4561147743833445,0.6485067203065417
4.645598425201281,1.3955157482552483,5.1117062986677935,3.3784189239173683
3.539873944751219,1.6793231395983266,5.2676788986529,1.9629731871918472
4.2749946673850925,2.9971307309067896,4.21039725022293,1.8194344434074177
4.572578972607577,1.4739570594180103,5.886525827091976,3.200580424564553
4.238189800657628,1.4524521610062853,4.234085133326058,2.9656912750861486
3.288855999799871,1.3033175277133864,4.09284940330816,2.0945740524640866
2.566632370988407,2.604461664728175,5.715445692713651,-0.04249816710181753
2.8280968648032494,1.4646364095941975,5.36205298640585,1.417359966757337
4.291544171854108,1.571117598774849,5.602562868817537,2.834146846530839
2.007634593257924,2.060853430760506,4.7330242576432004,-0.0591171029121741
1.2722249571864368,1.4342231202723383,4.812783745704483,-0.1697088881024794
3.319802306297496,2.1407760991702247,4.720281218741974,1.3229018110882103
3.2069458207239694,2.9782117208399335,5.873901417023302,0.26537382208103916
2.134446223080237,2.1777562914352067,4.515709820752176,-0.049439198769070415
3.7885558598886577,2.5524180079142873,5.410115782049006,1.4019730727283939
2.886124467805311,2.997672038852957,5.220613401505817,-0.1362470280326198
1.1840060335537523,2.5940274251525692,5.197202300308854,-1.627198917139891
2.6026508854163724,1.5272400904386314,4.528554094377386,1.1423328891359565
1.7935131425463706,1.3274912734112516,4.997471695218126,0.4833878978473295
4.531297358770706,2.5208956681287145,4.791081454880201,2.3641132833731495
4.783238829274556,2.6529679080996456,5.899709964228473,2.3850118990541453
1.8648911707951172,1.8754782215674664,4.701549264571792,-0.011545416934440729
3.960587500919357,2.8954429621961033,4.1021590213839945,1.5036400069264502
4.029050470607776,2.6137913700271396,4.885416799438069,1.6751801268804587
1.111327264589101,2.4971501460881536,5.773223827545195,-1.5370454819092163
1.2973156988533567,2.172342988446864,5.290333302315274,-0.9596656484388054
2.227844222048127,1.4221151287211007,4.431894259059606,0.8507156355772959
1.9182942398429446,2.558552002381907,5.720499128489628,-0.7158486203387215
3.837267484716849,1.0062787499815482,4.572230760572322,2.9021472649942037
1.7019067156970529,1.4101051949670018,4.690328520213314,0.305955842600065
3.308689419858579,2.8899320961070893,4.505689713803072,0.5458184889764098
4.6201783150038995,1.5071429264519587,5.316808243165882,3.246188147247148
3.529088035072107,2.7158502530648905,4.817598605744953,0.9846023764345632
1.4530660003580027,1.838873805554696,4.208270475949632,-0.4289242518773053
4.569854063229334,1.2781302688251215,5.181280170122287,3.396693871572695
2.8229661808682946,1.701264216579851,5.7938411392661795,1.1734288647842053
4.677940264358721,2.6511298606065035,5.137636594676923,2.3661776385808233
2.5528057542583813,1.8439162203841561,5.420373382672266,0.7538495496855644
1.537319218997451,1.2294268562930708,5.214164532361094,0.31682524778915505
4.71343886018151,2.990595355113477,5.69760775420151,2.0240827902902168
1.1822640969906502,2.328180764491126,5.862297243508383,-1.2486071506704435
2.7197456117988144,1.7596925387893598,5.18342279616231,1.0206689805457887
2.3301586984185794,2.0294973599007236,5.300000849688168,0.32546860000189587
4.709236507209003,1.863153223071507,5.083397749999293,3.0589519709001673
1.907794245746195,1.9326057784819475,4.928657180769005,-0.02697152749895864
3.5381969994333087,1.4960530196285975,5.543368207972565,2.120840924301801
2.19230284817891,2.723242919948266,4.756443422388493,-0.6475838987180594
4.2219861241768495,2.399361054785311,4.709331392882703,2.118158855927756
1.7115350020081292,2.011050928570543,4.693092876931698,-0.3314932014296569
1.930158246347117,2.6437906863272094,4.865153685901385,-0.8501037603186755
2.499811475721236,1.3210531299593644,5.665458305113404,1.2121726476204122
3.1340669059626616,1.696584246415383,4.352128710629305,1.5609754352684908
3.75865395583428,2.443674160042181,5.665291313151176,1.4575438740431177
4.0376714260870195,1.7432031744773844,4.221073834301289,2.519339999497058
3.8310734472534493,2.058770139393387,5.30790958629585,1.922832680506532
3.701114700770041,1.7192914433880717,4.898709287755764,2.116456656076926
4.358587012102164,1.358061557283512,4.680561050685156,3.135406279076915
3.138646975640201,2.0519818401929832,5.740480821926117,1.1635413042339544
4.677821974493371,2.509164979738201,5.321295736668719,2.4592169897413134
2.7413737092510946,2.1000002757144682,5.039735341921481,0.705543078620355
1.650382441229978,1.106432918986604,5.717326157420937,0.5544306004118583
4.674477573374245,2.024020314501266,4.3357542181453965,2.99706167162949
2.1788960426090394,1.8445657061870937,4.047686117753041,0.3755976322182371
2.48316721191118,1.9003306157481243,4.526174221929868,0.6421791966949212
3.71535380374584,2.5110241532032034,4.269207650102659,1.4891494561793635
4.614234977162402,2.0734665635157037,5.255102857227099,2.765103764172004
2.5761703413381625,1.2346004250887799,5.686870320343006,1.374347954865558
2.582480806537504,1.509914056343264,5.177466950309567,1.121309336325895
4.102350128255688,2.4907216066120146,5.937997293868504,1.7753588388164996
4.928360489103238,2.0533556438439513,4.3152620747691195,3.268781183609109
2.169803710353618,1.2334084701734032,5.25410548602218,0.963314636389768
2.0722783936212674,2.1685020614399,5.243373198983296,-0.10568544155277308
4.542884995994235,2.9928649617821685,5.667513159755149,1.8252740875950313
4.924715453008595,2.330963360426516,4.453363497695383,3.044034675423781
2.637989558419873,1.8986593304769377,4.093741132112329,0.8345129307583294
4.485559362195787,2.3200620328814896,5.137679931347751,2.427056979598233
2.484586395802558,2.3845982372886554,4.381274970214575,0.11918820369951477
4.589094375107638,1.153733595705022,4.917393499951097,3.5340075046646438
4.763246356844859,1.7895050894848037,5.922535969451832,3.1195495994472067
1.882502436451266,1.5749014715549197,5.406338783311267,0.32154650696847625
4.291083107150799,2.4813730382484707,4.704217024036261,2.1301522362766776
1.731742700196472,1.826744648035334,4.381356860203603,-0.10451996144706756
4.306513208630183,2.37729559484702,5.9764890373410235,2.1027280776274884
2.756361222961901,1.2139013020057612,4.2736472833776755,1.6087208411735625
2.447918819336202,2.020545993574041,5.796611702403983,0.4559706675794867
2.3149527510199372,1.5153899742799306,5.610460732756642,0.8304280875456853
3.597117767438413,2.145208954025697,5.4008411171071575,1.5820610425212878
4.973175175175715,1.3672041354944082,4.190613600247026,3.8147033375622277
4.493922634063267,2.1324952209503136,4.332018046657822,2.7128932532812726
4.105639623356165,1.091482302517199,4.820383084867926,3.0945306435335462
2.5793568633838917,2.8608510372142044,5.163482230999943,-0.3381391267181766
3.3472235537655797,2.0207130502670427,4.860131059522268,1.4585561345841966
3.940028501566886,1.4921270230559476,4.775928119529535,2.5768959943147207
3.155153919654429,2.714914866995044,4.971274691974629,0.5255288973955196
3.6243456851516576,1.8745162115311391,4.218046450815601,1.953312828210048
1.7949237110581149,2.1371675379087063,4.960543851458996,-0.3792463111241378
3.6684682573132976,1.515469615117726,5.824235012660127,2.2298052367369667
4.59880975670078,2.4794331802110285,5.184809478474429,2.413195289178252
2.833186235411049,1.0203973204102932,4.774593004553185,1.8556616120230573
1.2545688729998044,2.9612929109990187,5.452866860099744,-2.032571965714705
4.33161507951453,2.090836629725321,4.758956767673952,2.494418115927997
1.3134544182220758,1.6210676785051907,4.344429169372182,-0.3315597605314204
3.975571078759526,2.7840823465169704,5.182383906140031,1.4126506261208254
2.0425612613590167,1.70012100641877,4.702768986599065,0.3672808010770647
4.566831274055392,2.0098757128963585,4.422600716044705,2.8705022920215413
1.1125417387599796,2.2762200520095304,4.45551211851572,-1.3536595036120795
3.622654654678178,1.544401272148202,4.307788765471287,2.2262441498742493
4.030158108119117,1.9352724437818325,5.236811576514539,2.254479880307124
4.033471229843189,2.9591854265273643,5.016353945843473,1.3304331026143528
2.9588738397283563,2.889172278015274,5.416432368501816,0.08240342002638891
4.057327356753127,2.0655085948138954,4.495287741035144,2.2425680810741873
2.8004893118610643,1.6259264019803348,5.076912128653543,1.2398666231379696
1.3380217908427672,1.4399483438111875,5.5844140836194684,-0.1054938684789057
1.4139042095749073,1.6225546327954432,5.719625885315917,-0.21758933529477714
3.7037150585307486,2.5656565165787732,4.655425464342905,1.3638722936192
3.6810302890170137,2.571473932340324,4.055435804513576,1.4348945895722747
4.434456646903815,1.0304706562921377,4.267299405352125,3.5077971062527813
3.9538914333814925,1.2140106660603251,5.804123155289807,2.801855901160247
3.8770146723597287,2.5515905080634402,4.215772046137217,1.6650294983456606
3.0726659916133303,1.8847642641637226,5.428102379427747,1.2667135591321992
2.288210762483394,1.544554229281436,5.723057234164518,0.7723146566654531
2.1697581171839255,1.214672129481717,5.936185804526887,0.9757313490658284
1.215310647860246,2.2329508346437716,4.188747299089494,-1.2027950665293652
3.098622891393269,2.948526501072802,5.720360035882146,0.17515735569516286
2.7339446743851474,1.8255689996377138,5.881476788321802,0.9555730156414916
4.019034626881195,2.174919975986592,5.396954258398551,2.0149760151506677
1.5611914178635287,2.3249730406095344,4.4737698535372985,-0.8939862904485923
2.1084645253538805,1.2032794121803025,4.072758418284614,0.9474811458752602
1.5823944400718646,1.650243562236609,4.903876213231427,-0.07205137718357058
1.7279186659669659,1.8909086613598287,5.616830348704789,-0.17309351984342808
2.8466879095679416,1.5350222209092212,5.342493860081226,1.369408578323664
2.9507847309376043,2.929194521255793,5.340892207476742,0.025819879297975048
4.589285697988771,2.291334865395866,5.075480400590026,2.575324923477262
1.105779295670315,2.016637272026551,5.832568122411329,-0.970727629102878
4.932809675334494,1.6398240057877442,4.722204600649875,3.5115083139320316
4.76307788514469,2.955222954615475,5.698129188170142,2.11445379761573
2.1574146373496723,1.5128073475548496,5.349749248701825,0.6720368041145374
4.752157367279196,2.6161085944282885,5.485724319225554,2.4301978402257385
1.3477785328792296,2.96116092197056,4.097478225605062,-2.33423010639353
1.0256133920117776,1.6147754482512127,4.986274248618817,-0.6227201582515927
1.6993800069950775,2.310163833181522,4.300434329925147,-0.7241414653001549
4.021262432625189,2.912949782033793,5.487771799254913,1.3077551266770164
1.46059816407187,1.04157840525833,4.965170477258311,0.4285554324482254
2.426278565126008,1.018204641907289,4.919798072767309,1.4392344043738705
3.1567094204929034,2.3919208362137736,5.772541481128251,0.8403233764049214
4.123996274866114,1.476487735598748,5.3817461950358,2.753147908422305
3.890362762291311,1.5985025106833959,5.550960766451395,2.393238190748445
3.615427865582905,1.2661531226028497,5.747145821674087,2.4084505419817694
2.1341000221628703,1.8540654133046561,4.263315405965663,0.3109821630634656
4.205542772364467,1.0307428665546345,4.112665758205949,3.279467831845079
1.4894498155973195,2.4091237205216887,4.457712890282607,-1.0930503407366674
1.275924386815284,2.543762562520783,4.12285621361233,-1.611036051855102
1.6759704949674115,1.9342906213430342,5.204665522340972,-0.2782498518457691
3.976791048606825,1.7051719430073593,5.902742112448336,2.3727803706172677
1.4276443504925056,2.774286978822232,4.908933410777507,-1.6323184057568538
1.6848139293201045,2.185414478851971,5.398609094271444,-0.5474630991562212
2.7158788288183504,2.2667750292062667,5.744761263090791,0.4887613808845827
2.6011914804684024,2.879703120452289,4.561139558063158,-0.3591413598748227
4.608898513688253,2.5697472710290876,4.90562398382255,2.3938798720891787
1.1153646311451761,1.087681245525243,4.057281055167532,0.028735200625442995
3.439107594451889,2.7312943489034693,5.809983410054153,0.8019535992392147
3.9370248527562084,1.007483745302822,4.227500693828176,3.0164526163030785
1.4627062546249086,1.0001962559180264,5.6531612452449815,0.4699235139042106
1.998980632585512,2.3225419515295758,5.15829415723625,-0.36237104823956073
1.3431412046996472,2.3746840367062054,5.2332537455543084,-1.1575804638608063
4.720643808219545,2.17964223987126,4.431650418101586,2.9183827857190185
1.8412276052432386,1.61704856137403,5.849196117539853,0.23327042783106336
3.904143364136185,1.1610825319884064,5.6561941636002535,2.8027479715265726
1.7749829964458446,2.001519343701311,5.1832868332636135,-0.24558474582680043
3.758466526605105,2.7992879954542134,5.599966380904435,1.107472325081926
4.072002834536763,1.3073615864534236,4.192063593740587,2.9097623378994553
4.291148350607928,2.853836366302966,5.178949005997277,1.7224142164295126
1.3225704851864006,2.116154051812851,5.899490430416143,-0.8501596042622387
3.3232350555150565,1.1612449676881786,5.491619096507336,2.212009920910328
1.279941813582664,2.9684547799097105,4.467675394257597,-2.259330404517717
2.197181160057698,1.0059563032325698,5.519542401913233,1.2115158535490833
4.1864946857925585,2.2712651946099864,5.3042645408529605,2.119353171751801
1.4596820564931274,2.8075200953148256,5.687400352693835,-1.549832044229844
2.260067210454454,2.8101887635136453,5.347053384632389,-0.6466255447142503
4.794122959221817,2.7391807608137135,5.741135446771739,2.338241230669119
1.404307080944899,1.8172931083089972,5.265398260964845,-0.44002482046244207
1.5839880200203313,1.447935352215873,5.106163725413656,0.14187631180642948
3.9143575751705417,2.4669676442503663,4.727808464442591,1.6966872098861443
4.3236136804818095,2.1166160929414453,5.634819050778917,2.381388922886382
4.350972803356463,2.352508011739065,4.769412603605382,2.2973812843600276
3.683333565765294,1.631653006711003,5.356394547103138,2.1540526062733036
3.6876207965792758,1.4266471400120302,5.371516029601448,2.3452022345820915
1.4225797959937934,1.137955997339209,5.335959510387148,0.29132571676846497
2.71828433264596,2.4461134237546407,5.603144161704747,0.3025214561098972
2.799259742841205,1.978088170567128,4.791955267942342,0.9015693593660578
1.0660360245765448,2.3687607481301702,5.1081629937936,-1.4703747038723973
1.5188132508457883,2.5141148485916025,4.061425720395575,-1.2672978461435116
3.8048160296110023,1.6646691664387772,5.194927371511067,2.2592824843685246
2.778293705970626,2.0282014018144747,4.416973309804154,0.8443738908805206
3.5356743045712253,2.0376396909420134,4.848976209795755,1.6508687784380494
3.499713686319125,2.872781400232141,5.910592069337979,0.717365681662494
3.44120337229575,1.2663797787971376,5.650408321119755,2.231592774685808
1.5987239590509765,2.0447972024687013,5.891490128721329,-0.4756405552447178
4.464542563967308,2.1294787116133627,5.619495322439059,2.523249669812871
3.325503015792752,2.09464099061824,4.26829403591932,1.4126671502154853
1.0553567170150528,1.7234493434048908,5.209433413894316,-0.7079580801006904
4.870806143462109,2.02350813229525,4.087963808953718,3.2769081945517597
1.305495875619144,2.1433210329256474,5.410373976012504,-0.9124789893799675
1.7884960139384365,1.2596197203965882,5.457554308046429,0.5435519185471922
1.2728828817230076,1.0426336395022102,4.912319057235277,0.23561763244438988
1.2077683831047512,1.4888628813079903,5.543780118647705,-0.29181530031559966
2.3454067516148633,1.678739079122912,4.372709068450671,0.7219945918873585
2.614903979077878,1.1103038196578756,4.396446086797105,1.5550057456162563
4.967462081267323,1.25963712159901,4.4775746620789825,3.8638727382365903
2.96418176153804,1.1088973552648511,5.61326448772923,1.892581661809991
4.978138777592026,2.2997276506567434,4.375195392059756,3.148426565566039
4.331338779319712,1.0055172706674604,5.7749747426312545,3.3774111444225148
3.9365391809642962,1.3267124568684616,4.210839321817858,2.749883301024818
1.8473890567375713,1.6153665594159479,4.9776098259964305,0.24529891182812932
3.3301175328551578,1.6704900432035368,5.467665757203158,1.742967218429639
2.99891281057535,2.084285056794655,4.99571704162457,1.0064036191574934
2.143784035724845,1.6559429851346754,5.2357125301633305,0.5142387752992338
4.635223211799843,1.8924368637962097,4.7744371671631685,2.9874870105432327
2.2578086994578244,2.612313458913129,5.0038166784060305,-0.4156433127120153
4.185185661423171,2.871036435468826,5.033769459091214,1.5998930217284566
2.7653454169684215,1.1824434696195665,4.2820876255057,1.646937783949446
4.622035809788878,1.2609438945428266,4.082107889755155,3.5339142740738265
3.3674856074805257,2.891000228019484,4.730211577621671,0.6020080672146544
1.9462031590058744,1.3791898459506562,4.529796921090983,0.5952759784017982
2.039072993177433,1.6811672121434884,4.042533582899278,0.3935520702188646
3.150806946921343,1.3366851222085707,4.378189907319054,1.9050808989481367
4.709303491760303,1.9582260553713813,4.422334920357471,3.068280556291399
3.777752191545812,2.8785514167071002,4.260038247890906,1.2198054984052706
2.5158618444333083,1.9411629867570541,5.158991254409028,0.6202828914007913
1.5305255724463156,1.1357769725647888,5.629337974196397,0.40303708673701905
2.669890358315021,2.648999956528911,5.554881000759768,0.023766923137263654
2.935939121799638,1.4842783905277885,4.322728588242744,1.545632652397732
2.92220250848127,2.3954341093506066,5.657046328450419,0.5814715186392252
2.268410950819651,1.2073598000699066,5.250153114914097,1.090272050304196
4.258388828893995,1.9438320637781183,5.652127547391811,2.4649113273031658
2.1617989504002306,1.5812046431268396,5.126707686653849,0.6103496624287178
3.3715892811450323,2.5552318350141947,5.118937872768908,0.942129069986055
2.3406344346932366,1.6978974257335728,4.789720218089062,0.687374683638858
4.509824261563203,2.4427119592071036,5.688986947259691,2.28884145865499
1.8677761659543868,1.4555042393329765,4.319930430670805,0.4378742029907896
2.1537962596353206,1.5758348173113317,4.045991889417039,0.6275131943236835
1.727894608242483,2.0569847824936556,4.7534380826903755,-0.36503900000907447
4.725987601643596,2.80378864099687,5.744436401407406,2.2023497374020806
1.9056836252153042,1.6328857850699172,5.575830315411945,0.2853061816533259
3.1983330158850127,2.128649001299287,4.083232592612421,1.2534901230655806
4.510857027567337,2.7482271693432994,5.551994037412581,2.0285902348112717
4.1574684241389175,1.561541827653181,5.972964406594884,2.689463196516215
3.390558667310748,1.5475661952294888,5.634359732630633,1.9167096222860323
1.430092371540404,1.9708473653323366,4.2175596407947085,-0.6116438422375985
4.726856312554952,1.3698161571433973,4.546824185089827,3.5206103077762188
4.62700221209535,2.5431290033269844,4.484663204560224,2.5299919879721737
3.785707424790748,2.9914690122706453,4.222935595148752,1.1252623343899708
3.0371997144531133,2.4833521245702923,5.79697352115102,0.6129378426740131
4.952492807459626,2.346817736656692,5.499546744230749,2.8811747185632752
3.628396432305058,2.9086118737433777,4.603028925863876,0.9286855044300903
3.4934568222053772,1.2038165772013243,5.467675424919213,2.3472377513322304
4.732272927986966,1.128449658924542,4.531493317429209,3.7210460159297445
2.726265893852261,2.3250294604430053,4.2772086829399285,0.4780302340419779
2.0911430352164158,1.1313785182184652,4.961352627711866,0.9857365479031401
2.9104039464786324,2.6382018359773505,4.174501617577187,0.35123549228227097
3.415635698369009,1.2012314042605616,4.1335387620755135,2.3142822666421
4.370739193098004,2.7762834751266867,5.388267358296853,1.8604165910651922
4.484091423090506,1.0923243913003031,4.844740201114868,3.481409756015729
3.2141844188549142,2.7756798186474008,5.29597698470783,0.5148883000132106
2.997525264210864,1.9351170590740805,4.867159686409737,1.1578564597371785
2.964073464146136,2.080790490193011,5.634262322005267,0.9504757304902434
3.5682771900946384,1.0702170517816838,5.487624369020754,2.546965645193134
2.109174491711019,1.4804689892141059,5.518810689893337,0.6526262719484144
3.0598603455490316,2.970542319702849,5.51258351536396,0.10602909408545083
3.7564535943344888,1.6699564013567378,5.526930509928674,2.188800141146464
2.4717663634142566,2.9875866477999686,4.882258703202055,-0.6521824093789176
4.892139121321241,1.3607461708956803,5.281300739988316,3.6547882810390897
3.1599116229107964,2.279895330812293,5.954835769884319,0.9526001323250778
2.8863291909163027,1.8502175718557206,5.8174304292841015,1.0928584310542848
1.8715834043536725,1.6215907824822284,5.197522858433544,0.26312675201341895
2.1211234525213505,2.2579102056897575,5.3671355353931105,-0.15077845139643048
4.471026952053341,1.3221689272215142,4.304427170152609,3.308818532944113
4.069680816728081,1.4711973753873986,5.3465576059611655,2.702822156037903
2.215604417956233,2.141232890970694,4.5924615475857,0.08406856067232277
3.9549684496024726,1.1471814805360274,5.947536151118156,2.861521570079678
2.6209471644237494,2.3831884047210146,4.011706648237212,0.2955647720416481
2.029097163400977,2.1192446077232097,4.861058592024831,-0.10016780050456592
4.616817838325073,2.8247553366324514,5.772786744843555,2.0548752372145325
4.4498774779303005,2.1595845818068966,4.0005929200327435,2.7207641541398266
2.9737882837693763,2.252839738417815,4.098769913915371,0.862994990912349
3.73609898768118,2.71451278836509,5.007972472283671,1.215662027437376
3.986717431089874,2.9029924806729186,4.128743120418459,1.5240689128135978
3.132113405904966,2.216851958070332,5.6592176673960735,0.9947599483078864
3.9291278061821333,2.0017635304205084,5.0818280487350584,2.0968970442464645
3.1819860494909915,2.9354077553795284,4.319795316024024,0.33609680375401374
3.7361981259186923,1.1795808847279756,5.387522579405568,2.6201914828028934
1.222009680114025,1.536109971730908,4.524638194143217,-0.3339338132047299
3.75291409500256,1.2685602066498896,4.349967442686615,2.597249408478289
2.314179767736228,2.464514020344298,4.040497648799103,-0.18971117346491836
1.2525346277035854,1.1774770388932603,5.4396552791938,0.07688033623776967
1.1003373335363205,2.83735860300966,4.810557588445699,-2.151015562899285
3.1006036143836266,2.1060799522855222,4.560838132780648,1.1212252307692032
3.702587424677871,2.6714652355170667,4.345965798518385,1.3072682438338947
2.609843178516535,2.8839941934095847,4.439352974821068,-0.3606113827795063
2.7593183768281118,1.7695520200164216,4.039632303996196,1.1010228630916334
3.5619375037117758,1.1850952558711978,5.712334169892534,2.429705429928622
3.3937293801814654,1.9067769983931502,5.694179736503432,1.5780594407025474
1.22769432498467,1.386011403169636,5.747250825788411,-0.16313188635927287
2.6512629881395,2.213868604887155,4.399192723664406,0.5061590257336697
3.868981787530169,1.9345230907911444,5.208887611087932,2.0834741932108978
3.0856799580779244,1.89810799788015,5.166003239461634,1.2768849888411185
2.8055777294866333,1.4162441307353273,4.301485707504674,1.4713707432063996
3.617103130148024,2.71845392039942,4.0138982809678865,1.2214164448697031
3.2851589416598683,2.064610956946388,4.8275498842657925,1.350262739630626
4.42024171264634,2.950434088401362,5.199683511106387,1.784993584767695
4.867356232005932,1.8700812785104324,5.720058224419889,3.1715611589651496
1.4720296963174953,1.3257132865860939,5.69183025825028,0.15045434512511918
2.6295338914113833,2.80317748046308,5.245993699709378,-0.20543079138648881
4.852545818503424,2.9090507599431596,4.765197496776042,2.4538062625077846
3.1927407849804386,2.7602431405434906,4.139560906081869,0.5803466472633847
3.3822447372195543,1.4046852024036482,5.228176404576795,2.0530488547384915
2.008880606843558,2.093236478789221,4.72621217690644,-0.09408718529273305
3.903399670809595,2.8033183445695014,4.851972828434853,1.3478077102971011
4.895194575207029,2.058216784667456,4.259910926121661,3.2402891052877623
2.574975966299667,1.5382890840035865,4.63582981307887,1.0989529021929723
1.0733711665774188,1.6856371775623726,4.133828724979973,-0.6705456795418188
2.137191649036683,2.191947706587432,4.149849852954147,-0.06448561950786216
1.3537967724188373,2.861023277583747,4.460825436900684,-1.9644918726285088
3.2729196200467814,2.509327990215939,5.855432371233768,0.8451302260074235
1.767096559054155,1.3510794816064058,4.925038703674682,0.432613884143837
4.30429959354265,1.7754460904848686,4.026678359141204,2.8175195584960533
1.7217593996192044,2.713619504262474,4.635899809167579,-1.2233384827601816
1.9425042070854213,1.3940694967381977,5.616572628921116,0.5661511885104868
4.904795744645938,1.9160350996645648,5.30897464128477,3.2047525947000466
1.1209745376958797,2.821411172449233,4.190688195728256,-2.299726080660488
1.731327504709082,2.188857267625366,5.049478450663498,-0.5077107250712253
1.0737288979657214,1.3448031121774682,4.638492768466713,-0.28323930075624115
3.5947869446843757,2.989827730954728,4.471261033847464,0.813605667727518
1.181450186381626,1.4936958757423353,4.505727953525262,-0.33096102252345266
2.729718680685777,1.7217319966676359,5.487141218661672,1.0616005812978797
2.42604404626783,1.567919795734922,4.2980150809995985,0.9216384592744082
1.9790490589188603,1.525830446354079,4.647921145818406,0.4798098452393745
2.6804549608956774,2.961925013146108,4.583454749435603,-0.36882651219150386
1.539668854237724,2.9312494380630634,4.10639310264731,-1.987054589676337
2.590321315842322,2.1651529127717923,5.697732549312789,0.459648753079547
3.768388422312441,1.3806763029852631,4.717273261604347,2.4970613331998175
2.9572689452309366,1.317032982313145,4.004694919159636,1.73684920196658
3.1775142054344516,1.9739993363076873,4.908321451006325,1.3145076217726572
2.9342725223222663,2.900263196689514,5.397104944542419,0.04032674740066766
2.6198920881963437,1.66825894232955,4.231957687213894,1.0354840248272128
1.977231002262985,1.5092685734691407,5.168924123988193,0.4892846201794003
3.31389383612564,1.937731087342516,4.407963643894653,1.5321429709532077
1.3865131130966262,1.4964669201026022,5.126410429013137,-0.11496095293060436
4.202913148022114,1.624787402012096,5.347227295707292,2.7060744891073534
1.0703302735693732,1.3415394477126654,5.916105918179111,-0.2784629849042197
4.243517911658522,2.7920990234198957,4.51949707557257,1.8457827003892575
4.256354080817193,2.798252234206598,5.827637066606841,1.6622685702164801
4.627329486755446,1.2051772938919378,4.20908216928404,3.5716928469242095
2.150322963390567,2.3553731822248665,4.083970845698117,-0.2510007939805403
2.7770048924762523,1.9936421330202982,5.892247055436791,0.8324610476063018
2.4637327214342313,1.5958621135798654,4.029363718993521,0.9451606934272625
2.5258309830928023,2.9969515934575357,4.940828592522433,-0.5925813335052422
4.079227014650543,1.9894699631797763,4.243123655033184,2.3659387206780704
4.388668981410589,1.704824353489505,5.025822142260058,2.8530001974809927
3.7265069073917783,1.4122300868175672,4.197585865144521,2.457538043935717
2.3621201924571076,2.0790285934946886,4.991951199064445,0.31138166854632543
2.0077034139740024,2.8289650332677763,5.696580510154383,-0.9461809927507486
4.743743957366296,2.834842439651559,5.37460871126384,2.24686219888451
3.252400509875556,1.031889498369146,5.620303241813458,2.2589102791813325
3.0750234643082863,1.7102298811997232,5.261816313552562,1.4431495320487424
3.103057056697606,2.2866159836929176,5.507147579475559,0.897458063864423
3.747581685319096,2.6693469036534494,4.602753214687435,1.3235475136820924
1.2172255006287522,1.9416283590880035,4.585406394998574,-0.7996271473305995
2.7903846588018215,2.936165998004033,5.226958191607795,-0.17620974097158348
2.0839187103562593,2.514798653237963,4.495364224315929,-0.5198313848404815
2.208457062105019,2.128672471475252,5.004952274506607,0.08815526710430614
2.1323477548447958,2.3556927297129913,5.798644691569606,-0.2444234462901257
4.8814569837610104,2.0426232608309807,4.175671485035299,3.2548448415307316
2.2533599582454817,2.1552694041915834,4.153153015626902,0.1147518363959974
1.0788652173893358,1.8091023552428072,5.295985412192477,-0.7769754232640403
3.142252452918194,2.196462372588333,4.403457359303619,1.0912356603024018
2.0770539959855796,2.9282084536038937,5.12301592444635,-1.0373012562292812
1.864689936622384,2.666630745443788,5.484774342744086,-0.917705387229978
1.7285571971711535,1.4982895701124346,5.53802247730567,0.23918763677115581
2.775392438098088,1.1466193757230336,4.303272179043733,1.689865171506039
3.793588695698289,2.7021277838493925,4.851525642210754,1.3141640571116209
1.266549373715442,2.933998318814049,5.326930389677439,-1.997790504876658
2.1281212882702465,1.5200816905062922,4.604980578566423,0.6441454520750185
3.040180052319471,1.4700644447269298,5.014431797932041,1.6422749712612505
3.021358061334527,2.9116654143456864,4.848065475623436,0.13719084126707456
1.276703968748477,1.3647148750671796,4.09378007871935,-0.09335070216333716
4.683284962537552,2.790941732535712,4.425333181340628,2.4384357070665876
1.4349016124752727,2.999302758463804,5.483841559242441,-1.8686660892914617
4.078359097136467,1.7749576037683517,4.716376996250724,2.4861806557175434
2.8059948417388343,1.3699474614772544,4.85212478427982,1.4969516183997829
4.528690277910142,2.4796019331170913,5.3637122269895015,2.3108428626799897
3.8644571796054428,1.8209164538586502,5.481690510490387,2.1665682942841173
4.505825215715293,1.3048222854366314,4.249265142202722,3.363504254510696
1.823630800741852,1.0550592932338714,4.376043341591707,0.7919330997909213
2.635590754486771,1.128505620544077,4.905222111265229,1.548625536456304
3.443615628220613,2.2286265316358307,4.3791674358716985,1.411438081746962
2.110111048169044,2.69581462021015,5.633467247499608,-0.6670365735570365
4.040770350450298,2.280552650021056,5.599334029253351,1.9273183294686695
2.1059206108758235,2.558821383476185,5.904008861851956,-0.5025531693808635
4.455408217344635,2.448865606422384,4.612686803159197,2.367781241151077
3.7628890490324385,1.111845436394886,4.197490472078716,2.74924540391094
3.97696116398656,2.723708303410193,4.758053925994209,1.5284588255213722
3.268966459288985,1.2562041665710824,5.416841526482125,2.069172207007048
2.6249831143197095,1.1872357841789394,4.920510893049948,1.4815191242926975
2.4354997586239846,1.5326352639536682,4.078162329973691,0.9742847902917259
3.3244643553108326,1.020721540252034,5.566894289788306,2.3434725392157603
1.3142692668106952,1.874446502506169,5.913657873652531,-0.590632689135028
3.255375157923047,1.3577150310354844,4.590743038898834,1.9865270403057944
4.439519338404798,2.280884577269629,5.723131984079428,2.3536284110617918
3.2562742925335466,1.609353294751213,4.4216694624197,1.7682004042261104
3.331743114558798,2.7675654124407654,4.717669223009036,0.6966454905049994
1.2201919386576714,2.4542168903442714,5.7252622691068495,-1.3658821125316176
1.6466745939352698,2.4235995606582277,5.694684908541313,-0.8585601100063663
3.017619727931631,2.77794706968246,4.974113505782931,0.28893022798002155
2.923072006199401,1.8946316688300773,4.0342536522981245,1.1648962635318494
4.990472527153379,1.8550164596177554,5.80560384950057,3.3089127270517396
3.0091105320190055,1.3505874603483463,4.482116252891614,1.739367982418561
4.2699436360968495,1.2261942400128378,4.292735840534249,3.176078152737857
1.1270466226310933,1.0413117104604417,5.424637105933538,0.08735955448512985
2.6486730417556386,2.9346093785729783,5.214759733870587,-0.3459074495226672
1.9897411719253704,2.708448311467673,5.716611644043884,-0.8161189121658383
3.2479408169031023,2.657856221129806,4.70752335790567,0.7149365914229563
1.1696343190747336,1.4812040306224838,4.707562611543079,-0.3282411055542662
3.311190988824161,1.7551024081567979,5.890078229776488,1.6301404189098223
1.7690021185504086,1.0220966337677224,4.330033689439624,0.7686258131493339
4.432517455403275,2.3107281418067815,5.140803371254542,2.375261828281139
4.035464683246998,1.626498282842426,4.556162387247991,2.578892959332516
3.5642040667359365,1.1194368894252285,4.772604465584186,2.5149262799170264
4.485488696486531,2.7412071680907046,5.575964939178403,2.0030454076620625
1.009147746181155,1.9931500515389813,5.986238413278229,-1.0435442291339043
3.864153019319991,2.483513047904762,4.1699330690367695,1.7187128741472784
2.5218837230916398,2.8274427937129314,4.003891026219054,-0.43155709834556133
3.848739555397777,2.1905026372231884,5.016328988256262,1.843264538271118
3.2651105144634807,2.5855562778413725,4.32461064075179,0.8477548611477742
4.33664159499085,1.2608855026842392,5.339325282995503,3.1652815249797563
4.36650837931847,1.3535954237619932,4.677125223811556,3.147611969554954
2.0256435048676726,1.9752940582432863,4.6203356969221785,0.055695978951538334
4.669518656911714,1.160268763518804,4.906514952090371,3.61168619199416
3.7261359778634997,2.0965257261534704,5.3015610848789265,1.7742360273481967
2.1984261482578336,2.097407280422049,4.442888433319586,0.11459172003360066
1.2374613936064311,2.9764760923514686,5.328950612546349,-2.0965320650963384
3.5592046621317017,2.3761235425749105,5.627143484195354,1.3051458370763693
4.855930656623834,1.9138382336674429,4.813446602318667,3.2064383154892075
2.3962574523664992,2.2950748932620844,4.275813646473934,0.11992197680385568
2.201178656690347,1.483612903285642,4.347036848907768,0.7634027528897291
2.1039140247415937,1.6227907579323646,5.296901725245052,0.5054273550025795
2.470051383367181,1.764425123499172,5.362639778672101,0.7472302914703135
1.9964037457179473,2.6947955224099855,4.668429038973686,-0.8552687425153495
2.6511792566321115,2.07881939619437,4.708515861255593,0.6378972719023124
4.483548342002454,2.3387498856709557,5.331452887967903,2.3866944979396347
3.8896893372856036,2.23462526557788,4.8587572806920365,1.8638908854122456
1.4885850763881532,1.9411896963942485,5.609914432471855,-0.48240569506165726
2.3465302773108765,1.5767698375313275,4.434262060174294,0.8235877887560036
4.055069900117731,2.729386071688513,4.819538327440791,1.6084734521358774
4.62888891522945,2.5730727076898576,4.054147818672809,2.660293859577606
1.4731958497360522,1.5982446124439535,4.47839842801159,-0.1338635764573321
3.1111049649419953,1.515431262368729,4.197729828443123,1.7110660623283471
1.7159190080654838,2.459360588407238,4.716856175978341,-0.8712408943571402
1.6691618429488724,1.8341123885089072,4.301289163655324,-0.18236049660745188
1.4212840201261008,2.882846347086202,5.67243075433554,-1.6970699730815173
2.5851241795462547,1.979169416035136,5.5853926424159805,0.6480010570771576
4.14401234810664,2.026487693692742,4.524493609516689,2.3683645039771313
2.064434436942044,2.3778380669300203,5.473988748296646,-0.34794573908863885
3.150321042154744,2.031926597497695,4.772801733527105,1.2359997237356322
3.831787606556427,1.2291083884751546,4.966834052826876,2.686228148835886
1.940491001568538,2.3179893877342046,5.497845922320658,-0.4163093844246752
2.4424057138232778,2.508959920072333,4.839616815296999,-0.0778297609331806
4.803306793874015,2.4378625622311487,5.026125864968373,2.7049320977427858
1.954895282886283,2.8573778967784422,4.730530462093524,-1.132403161671226
1.578853312728925,2.592571130975421,5.555822957226724,-1.1461598349046065
4.873961393847939,2.643046924448309,4.445994792616071,2.7743836680534812
3.811281732567122,1.3719516936577696,5.5499257494444,2.5174619468860526
2.69795926371385,1.1054239260116352,5.618792886918399,1.6242797458152476
2.3172658541508127,2.2724120079117984,5.442826633930216,0.049361855672670214
1.6084935346356577,1.4784760911280808,4.253357306230065,0.13866425161820253
1.0033250213983735,2.327026037079629,4.829380989122854,-1.5106344931643105
2.208252840363014,1.5786835227745806,5.843415917316559,0.6538845510469239
3.207176413575808,1.7708729087016752,5.34727847258005,1.5222010984970846
4.979588826505331,2.0938039592541173,5.565380250545619,3.1146136311093704
4.400018688678729,1.6080269244608976,5.314235436386113,2.9293142993472205
1.466491131614061,2.206649591632144,4.6451222562088805,-0.8411267868422675
4.529368690050752,2.9858474367220658,4.250387997493865,2.168794803991012
1.9039602110414258,1.5169069980623209,5.285716320201748,0.4040491837120654
3.8672645566405244,2.93289229768582,5.024338096570311,1.1507858645543085
2.5708664646221693,2.7887437408085693,4.03251705723336,-0.30163741171626407
3.7552652792815846,1.5109064266357937,5.091419859190698,2.3502283720026362
4.945877548120615,2.6775489908004224,5.277702278519927,2.63223355579208
1.7469370352197693,1.5088121654856266,4.609463990890177,0.25200789308196453
4.359576617973956,2.1391835557431125,5.820134527464111,2.387508562597931
3.8331589083683166,2.4685288350516705,5.253977421130156,1.545882327136827
4.415370837696533,1.8686416769700336,4.666840574317484,2.7792500095271144
3.1986515050774154,2.6027607473740337,5.884959306300498,0.6644038875341475
3.550777592992679,1.5629577643752592,5.262094101740102,2.081768733705669
2.7859412183046985,2.9883727645361464,5.598430238241534,-0.23938871756789948
4.727418186358338,2.011587934552758,5.0875564102213495,2.956772537717625
4.596154635802387,2.220755105971546,4.198501779528445,2.799002578858441
2.468208548051048,1.8131358908647968,4.851260288072284,0.7062539171315215
2.7077726636804362,2.8250458982461923,5.177929320663852,-0.1399358792050481
1.1553588067069298,1.7064622091082775,4.562950628424764,-0.5942226389197562
2.241579952519006,1.0259750017183884,4.093479877672344,1.2556847773304634
1.0421692643998908,2.4934668171071,4.5914756928792455,-1.7283708241493734
4.650255244020251,2.119519605075822,5.808212524158703,2.7181820820119684
3.9714337758221943,2.389428960082729,4.166505673777347,1.9311205408110699
1.5924988597947394,2.1238228494399687,4.073230776160946,-0.6226649940731476
4.029703322141211,1.035773174272437,4.114104882432569,3.0935763714168503
2.521172658042606,1.9927020196340903,4.466958354625369,0.5904805254137994
2.5938453875664087,1.490448069751732,5.363634866345595,1.14863548851595
2.2646487990614106,1.7621676051694033,4.2116090869480685,0.5532352451676025
2.7104023172732155,1.655839058001246,4.267336418530272,1.1442144381526902
1.31037935273438,2.266922167757653,5.872123091961758,-1.036926792285152
4.118627946282663,1.1112218569124133,5.824397186714579,3.0636817185417207
4.741710644474502,1.4104971072233385,4.082237040983471,3.549844351552128
3.3474987281283246,2.548408721683368,4.581996740776223,0.9615278656779462
4.320845506418911,1.4775954358905752,4.11444733529504,3.0464808679768303
2.480639243976645,2.58276781761225,4.663922341692324,-0.12265254572848923
1.0866326575439764,1.7849686261773983,4.596843868012243,-0.7577991621334007
3.3879808524113746,1.6882934516099823,5.8444581480863995,1.7753750425826897
2.9441835236629434,1.3874094872333878,5.495599727176831,1.6088895263476992
4.743594004704308,2.0642916613239795,4.163665373894588,3.0851754111424823
1.6221358552951917,2.1529328394280514,4.31024790785286,-0.6127040586396345
1.8788794545510838,1.9102601727589965,5.256029465164185,-0.03368414252804233
2.193997886664813,1.0815371792329316,4.4610870369224545,1.1466694198295515
2.312065329748545,1.0740503312286442,5.429152925636995,1.2629760697760406
1.3219220370466744,1.9853956318014523,4.556112776756699,-0.7371434482179395
4.475279816514714,1.96308199968315,5.3305002352657604,2.702108782496802
4.004684616678103,1.8197727518839437,5.226548298657586,2.3307512025848944
2.608052927277363,1.7696031735331894,4.259428230620237,0.9217648793840486
2.160683580656843,1.7503027187962308,5.9844919947162865,0.42914579338462666
1.5353024591332103,1.0420519480750934,5.772397247619655,0.5014896264146685
2.4679362807388623,1.785461235940417,4.405864584434144,0.7465209807451879
2.8041945349796187,2.57867014137128,5.132090750969311,0.2608423195037065
3.7634685761707494,1.3706660738959633,4.195094215813592,2.5317514018721443
3.2546788472396955,2.9139931348987025,4.018729823182119,0.49472222259036813
3.018039201420467,2.967970924536491,4.341067163015926,0.06860859870097813
2.827455684490771,1.9458836206059007,5.2547844389773335,0.9490398618207972
2.4599645126019243,2.093690572484413,5.236428936660252,0.3996056252777596
1.7282427774666473,2.6803812834085092,5.38108248811266,-1.098056168977063
4.673695749000089,1.6822713126376854,4.303068894500159,3.2500884204619576
4.876569173378519,2.9970637970539693,4.5997943230401,2.4776201428726523
1.539696103529566,1.1808354904813436,4.38602272728129,0.37261890899309885
3.5571455854539247,1.4051807498934752,4.159651238807794,2.286372560441827
2.0686683719096597,1.9072472490650294,4.4716782730704,0.1784685259209091
4.755592144009064,1.6709943261655265,4.286336087222469,3.349613508029403
2.577651811976694,2.365785236663338,5.95739605378868,0.2308498556774991
2.6828086327440595,2.542717242189184,4.777019596522394,0.16548161995878619
3.5513607901563757,1.474275381292862,5.37736563722054,2.159843705569204
1.3286125409574305,2.310099360299012,5.201127848391618,-1.095469689879229
2.247260315348273,2.3173620124425947,5.777012222451615,-0.07652865538138126
1.1443135391395018,1.4818440726656448,5.549573311873922,-0.350247626599514
3.2205163137045916,2.7623214257756725,4.07786936264959,0.6228681178268004
3.7410189622385883,2.572101972944605,4.316207774761988,1.455604086545329
1.9045762956834413,2.2425593872097824,4.868153074523651,-0.38079293439929346
1.1052985988158563,2.074507487893986,5.982189215492781,-1.0333309434987108
2.094385533870655,2.4684373677856284,5.379683696470237,-0.42098459704848007
1.2561867648620515,2.601572983918434,5.585961353040517,-1.5203398006409372
4.163064245100694,1.5692844334954739,5.880645068728233,2.691378731173101
3.585520347906395,1.008381269930245,5.808399912079053,2.616876503566085
4.175555836693514,2.763706900519498,4.569345017772029,1.7729008388887046
3.3248108492427932,1.9415650060369285,5.426084851859012,1.4813237789672697
2.5702444828133895,2.484107153310983,5.702542847486406,0.09569393876923198
2.11272670113614,1.4937933566723998,4.703525805050905,0.6527262277342639
1.757828220977001,2.841973864926376,4.592914680162264,-1.380076124442602
4.456308976992349,2.730578281433203,4.079815363315512,2.3226474340110457
2.8127801653563287,2.8834438245205414,5.393418652867185,-0.08361663819351295
3.9391250797287913,1.1735666642712677,5.031512141688625,2.8440004955209623
3.018465316810873,2.955766460875025,5.399382768770247,0.07492213067790131
3.6651316309758526,1.9052040075641166,5.1427292540985565,1.89474598494124
1.210221034306647,2.185005063788986,5.652947787575699,-1.0569296907266041
2.180326164256998,2.727399171010176,4.019524860977961,-0.7447572079980656
3.0783739239332455,2.2193203862652338,5.947413097530641,0.9259356216107643
2.03620254066549,1.2315236992659027,4.945133205196754,0.8308559225135583
2.1738883898953714,1.8107100269267997,4.842694345890448,0.3915809812983998
3.442410548611319,1.2827901603718044,4.4231377789275275,2.25660675005679
3.8613257893127426,1.2171098071720856,4.838775589375148,2.7320547484624877
4.531333909487919,1.8741205918497186,4.833243322084705,2.8827544815934276
3.724923124741331,2.501609103293873,4.404946852322225,1.4862433638888337
1.3833623712724306,1.1500784852389434,4.797813876820695,0.24028957189242406
4.42342322348474,2.4037557512387147,5.90413524428576,2.2112263852641334
3.481262112630371,2.226991067110795,5.370916750401831,1.3783409904509312
4.785798147405343,2.254944644494106,4.724211735571453,2.8801218511334716
4.742394073188153,1.9739379002638529,5.874028957071366,2.9393938570650096
4.458846321506053,1.8899563901345748,5.543195878335415,2.7326256186311024
4.811854881127797,1.7556595049580732,4.226145543165765,3.359837201555249
1.2544472972042269,2.0802294425956696,5.540367249255197,-0.8909695364150281
2.0354787426594725,1.81950124429954,4.590821755256568,0.23524240078115402
4.368408973739655,1.2184305500330699,5.336622339334108,3.2354348909765753
1.510979237347979,2.3853062622157655,4.269201749018264,-1.0542271632334028
2.1120625025685063,1.5417517397682339,5.7252175169546815,0.5921868880926495
4.234086885915183,1.0335299329868388,4.390529243554251,3.293097569179186
3.2861046782275247,2.818395177534031,5.548989908970413,0.5429584853253808
2.689052887516682,2.2229166932176883,5.8804882131352185,0.5034960019838537
1.4234949301964233,2.287716465816106,4.686846895027571,-0.990194271373813
4.4138433447307905,2.3359130252510925,5.181523397269083,2.3279081676708464
4.743202861005004,1.7637190638080897,4.836873319259747,3.1997946222207507
4.129475891923809,2.3359038667122176,5.326278996065931,1.9957385243778674
1.9031258414536043,2.8208059162493972,4.49331140684402,-1.1789437462718488
1.5597396193215398,1.3996403532822173,4.739511360306927,0.16757293629378323
1.890333504603992,2.310157021652331,5.385978253384399,-0.46474472230436326
3.0140318524947207,1.2359230801296983,5.399855423755144,1.8265967638753684
1.4577732826460599,2.251880477993696,4.469929476665646,-0.9192870021625777
3.462869437751023,1.964484750334545,4.877428274588109,1.637040450835143
4.096396254200517,2.8641320625073416,5.487101234160884,1.4446907765766224
2.144832867475839,2.5671033687933273,4.273775685009268,-0.5281672149918167
3.4814052385384096,2.837798178146529,5.544460692189837,0.74917369479248
3.888524579564807,1.6513170097280627,4.084747899206907,2.445991825897766
3.075450411315241,2.668255524396449,4.470785288238518,0.5074870616973731
1.4846862071018365,2.0983351465865487,5.34260170128172,-0.6672686362084821
4.108924766893143,2.7714895640518566,5.225066160395974,1.5776594015752443
3.16860489827423,2.853692474654805,4.471946087738106,0.40901601885333605
2.447457117676509,2.62756108112841,5.488191373993462,-0.20514326083295917
3.755361725335977,2.014115262883577,4.511141291897701,1.9459709212099827
2.0731690036655954,2.326190912498741,5.348292959899489,-0.2809921353467839
2.1804341367258497,2.5506617824981124,5.781150034271549,-0.41255255082563774
4.157982798424894,2.730978856090248,5.839091572933738,1.6144696436682997
2.8033226019469892,1.388017751099831,5.3671311509800255,1.4651482869604138
4.545348441651788,2.8451166725464576,4.184895043964268,2.318452441263789
1.6350880565990713,2.0097852387054016,5.176500023979537,-0.4065930455702537
3.838070686044173,1.647570615175036,4.946786675304053,2.3231370867877246
2.626906397545495,1.1852076731203882,4.275423674217205,1.5005063045598603
3.6842873083387646,1.6225943874332698,5.413025438515035,2.1610686599493536
4.22120553530374,1.5109007633187264,4.240614116741141,2.900662754568492
1.5993448427308827,2.7222498470006373,5.243108940036512,-1.3138777012829452
3.606922279731453,2.9665926243188236,4.366682744961644,0.8726262305459079
2.8650081936018292,1.7938024147929847,4.473779043582476,1.169316130720821
4.5964915193447595,1.8279429626028687,5.338339466191848,2.9466821031650263
2.4941261359693345,1.677557686057245,5.968195436254728,0.8508726654059414
3.0022661650878675,1.7605259244271048,5.128115478044738,1.3220935488928933
4.217643287519802,1.8332596598346307,5.7151975834421895,2.51741019976599
1.8378825924360482,2.163550453658448,4.470266252125493,-0.3721598464907187
2.9328903372651776,1.0051704168063758,4.52701890977381,1.977071574754823
1.621460814488914,1.936824062301965,4.125242083865016,-0.3571782807427527
2.6757091006972105,1.8570833265818607,4.536943116400209,0.8972335364728988
3.3581004348951438,1.0040013397021137,5.087090858429378,2.4013319399043227
4.455268141401957,2.5131770614541997,4.583743857940646,2.3222572579870895
1.0110082156069446,1.3932617422621882,4.693135456166834,-0.40030017942621066
3.9813645333024676,2.952791550943595,5.283257044650617,1.2403837402827695
3.9373468510735155,2.4546314772378395,5.034942834863687,1.698195597326797
2.3903417846326995,1.1435426175677466,4.136501802666933,1.2973600967416148
2.1884184728860787,1.192337333499888,4.519875403235984,1.0326602898109638
1.4065845373300472,2.515420734943541,5.26255054435751,-1.2623823581924596
4.370714901774748,2.5356575607618517,4.332425943475257,2.2631688423327883
2.6070022825609644,2.227805944994704,5.521181332925262,0.414431782066456
1.628889987015282,1.642000696194629,4.438116173015089,-0.014112089917197259
1.9679876539351917,2.287603800703871,5.310415969683797,-0.3541615926157153
4.7390174067125805,2.4030427067546816,5.680310443460316,2.5780329791548136
2.576647523229264,2.8675280991920253,4.840838243627404,-0.36104093476004506
1.4141513172924363,2.622747708631714,4.319476553479127,-1.5210968715080844
3.7579326328875164,1.1635488218332601,5.4405294823514545,2.655832269819933
2.5312606447593904,1.6568182640008853,4.856842417057701,0.9302421570879985
2.564910682012502,1.9728530027304005,5.5093787605314795,0.6341071613152133
2.1203543593650975,2.83487492699272,4.265974632293517,-0.9561871459705745
2.8419157968759894,1.0713335397081283,5.185037242926175,1.8096319053492653
3.0379864977722932,2.9324384243981463,5.123975234016264,0.12870993440079218
3.6538824163733628,1.3956395833348898,5.184445994694715,2.3448011407045075
3.2123343522941665,1.8943775234497253,5.1954366832750765,1.4153998986133975
1.6222921883869756,1.0858662779961896,4.060456482059759,0.5567016716965025
3.0641384775946716,1.3043900807328703,5.795370723196763,1.8060898441391289
2.5811133495613414,1.202692926871777,5.876988925621072,1.408223525253806
4.612960136141581,1.6174564940485137,4.624884768532219,3.197417705863086
1.6593049285059167,2.4894772618605634,5.468249833638685,-0.9324024595950663
1.4033294868652426,1.7043126962786832,4.015133721922609,-0.3324161609338619
4.532842001120681,2.118109807748037,4.688751551272766,2.7066491426371884
1.2898587548733662,1.0490328896544405,5.664304837025325,0.24506531659341296
4.8340188429969455,1.1450437837246479,4.593415806341451,3.8092261689741536
4.695825351409941,1.43339594606863,5.507091050106673,3.3788907254439793
3.281577848364549,1.669127191670006,4.051024389030734,1.7696444397265008
2.1274613017430073,1.640375782964668,4.693188360056723,0.5198751338380312
2.5812564646545266,1.2702151724175168,5.240662484166325,1.351335154546646
4.030776097287841,2.4688865605353576,5.935025415189721,1.717549145889804
2.493339122868483,1.592933486104081,5.794669909958478,0.9364847679497232
3.4190656814901264,2.1734951249494467,5.067021183048508,1.378867662517481
2.1910330249899137,1.4000176696841657,4.143505402006621,0.8404432288566239
1.0073682195921871,2.566904906259186,4.060417356576899,-2.012763752985136
4.183092257285613,1.2352969238300118,5.349665484256417,3.0296726540731287
4.317539801595448,1.7965165560229241,5.508508985607003,2.6668371851367234
4.826365948811415,2.6144441270407777,4.257925296588398,2.8024133692725406
4.476209162944115,2.2939881685412553,4.849828675228375,2.476812304589924
3.3278026148481175,2.755412440241642,4.817137353096906,0.6978221840423371
2.5685115157010774,2.864227193747739,5.820421773125522,-0.33969266112303953
3.6519555081895194,2.2750877620395284,4.629466573733313,1.5809465348141356
3.305245238507404,2.739977505461338,5.6579218346213755,0.6460814999366363
3.1248769302025794,1.8937781561256826,4.382805344626784,1.3651130101578977
2.7702589256296237,2.228168217332849,5.3849667095946945,0.5954561600804841
2.148179519419146,2.84104599984743,4.458120445599029,-0.8990828396132481
4.866824446566834,2.0152828101114126,4.715524352079273,3.154095421332704
4.495480763051461,1.988017999578165,4.933494783377048,2.7397494664048816
1.2139048502628755,1.3905910683833687,4.753484249499601,-0.18476935061639568
3.638402623835896,2.618669295941965,4.382240489822757,1.2717714810266043
1.2328940382736624,2.3484158529210695,5.729887752591333,-1.2229570498645816
1.929325029500823,2.4672161748564827,4.085962737496157,-0.6747973286364312
4.231281597802884,2.805429420301681,5.456713323889197,1.6623833358311337
2.5247346752867963,1.3981638383878752,5.757319694095698,1.1613367214567973
4.455410275496197,1.0985794811068592,5.177554256257359,3.435045584817054
2.539375914289197,2.368081794692542,4.15109210593224,0.20856028592435089
3.9273362092485598,2.0171550627812325,5.096067877437935,2.080069530776917
3.9459097014834725,2.5146413343488527,5.144207894163511,1.640649234749387
2.5129618420437474,2.4964761913022167,5.687691642917743,0.018347496412140347
3.5381790132600552,1.1666324029534347,4.5148058803105355,2.454921583075156
3.1098673409054913,1.7266518113696738,4.477470895087659,1.4991718676376824
2.2235771401764546,2.4150188338090244,5.3302379682708025,-0.21474823960111963
3.6920329805997247,2.0300766810565474,4.700820628708176,1.8426407489692276
4.328338605166188,1.3953786531305878,5.764644094733063,3.022854310650205
4.9347636472781655,1.9770691924345205,4.8650515878225065,3.23704038749216
2.173356363496084,1.1144987868531357,5.902630984781181,1.0782522210369037
2.52027612304006,1.9970814765266087,5.0889136044366845,0.5688267259166858
3.8916744750110763,1.513745327260997,4.8813827538064,2.501234933259764
3.089454652138957,2.886877788236231,5.7624884086035015,0.23406836770149103
4.3800757890532385,2.1961794180024743,5.5916270973891455,2.3747294028277417
1.9681602874191153,2.1645489253441172,5.021917072144585,-0.21764320258428096
2.916056442347986,1.1625236877275409,5.3211356764863185,1.7969414204152439
3.4949917117227227,2.3915631808292233,4.953252190507957,1.2600303478888355
2.913426432582317,1.6347231502420008,4.404895830032706,1.3770421404711362
1.4592459127625048,1.0198530941203288,5.161878839227705,0.4482283068730543
2.5731345257639324,2.377437988243953,5.704980784627292,0.21528056693117875
4.722780204180491,1.3822166760756895,4.539438686448653,3.5070968947218786
4.959203159002065,1.4096286461472165,4.865346269228421,3.708642160201471
3.8927547763960884,2.30321599756334,4.768348962911722,1.8153535389448416
4.806422012027534,2.87729209677509,4.350079172171425,2.5721629151157965
2.8707350705105306,1.7344385667000501,5.282091958295384,1.2030005546252285
4.196392511860516,2.2131978339698395,5.735778428882029,2.149669256344521
2.3629740909323798,2.715644060244463,4.139078131573703,-0.467313682408511
4.401410271209974,2.171462954258153,5.759504666213957,2.4076198059389147
4.3244199630984905,2.6272531401929164,5.584802969081421,1.9232706319435748
1.9795071559633723,2.578736885560972,4.946666597928969,-0.7021933197303593
1.3888130852461917,1.0305093452059644,5.756430880496414,0.36418694217989583
4.091368153217399,1.7698792897895765,4.159129608791545,2.5653532820112512
1.3674471106000774,1.9622879423007151,5.235200087843452,-0.6416178056179643
4.0282559276955805,1.8509949252120914,4.919566910006869,2.349940430307145
4.107476205245893,2.2016811120855238,4.256130879196709,2.226900007939213
2.373802574590335,1.6878831195787667,4.179890332437811,0.7497676394751821
1.283830682889672,2.5152858680921915,4.49375378533349,-1.4860523906530885
1.747927380051777,1.5631336626718804,5.477355301471737,0.1928119725024508
1.4111776425913698,1.005380563083792,4.232352237927647,0.41775482580072715
4.279491048844147,2.7672137066154185,5.67404846968719,1.7322501973609663
4.908155466929028,2.0609749460849756,5.782475603536676,3.0473068047731884
1.3075550633813933,1.646632965995439,5.642354645733878,-0.3545101279483894
4.7013364608295785,1.0315352137119849,4.081097108219135,3.7929617744200215
3.0626316152956394,1.9712618728714189,5.593915036860355,1.1661780224805085
3.08964215726928,2.8620705315867694,5.37856795616207,0.2687856605443524
4.091087581341437,1.1823247926047915,5.241243779231967,2.9857214747913305
3.3706824886112914,1.099798159828155,4.7059580341847385,2.335560802091611
4.181513545608265,1.676998854130469,4.522353438699318,2.6967875127977305
2.413714097414017,2.310549240075753,4.582526979993521,0.11946157497908995
1.3660611157921196,1.2017290926865816,5.721387283419713,0.16808150824322407
2.6998644841047277,2.1175079423738117,5.39945113429447,0.6330703165795236
2.6873067476672077,2.407421614774768,4.93718073150772,0.32057904216839145
4.534349368787211,2.434945523298737,4.912752242109585,2.417193934193569
2.5832147060497674,1.1783503901571022,4.179219175583394,1.4642732105243155
4.001763321020824,2.740524405375498,4.46772549883685,1.5969726364372876
3.82839706160303,2.1297646734593245,4.5317641029464015,1.9243908862518555
2.8584970478896325,2.76327778892398,4.816115582427063,0.11625915370733302
2.239267061943908,1.546501670803942,5.809700358995863,0.7186961298406979
1.5740620127541347,1.2058359067241415,4.8829781639550145,0.3799949153020665
1.030904812543736,1.791217911009365,5.753231546956997,-0.8000784371989071
3.1598196475146745,1.7554569497257937,4.18830701519455,1.5467828386625753
2.4501249358887405,1.6745904694020315,5.4658647751517915,0.8147125985519147
1.7222899335789186,2.8719798470390705,5.993671356362564,-1.309855340723857
2.1200406131084066,1.252388842763026,5.924007215788063,0.8877162250670595
3.529672445746674,1.3183754006001425,4.760223730765991,2.3013190605746217
4.008568995315022,1.7675626107920748,4.041559634560676,2.491964673076334
3.233206174591352,1.3656665488805992,4.5826985662358855,1.956431365103463
4.197814245584032,1.3734399936350343,4.385564821812221,2.973976787542879
1.0431666649076634,2.973431287219582,4.046103454216919,-2.8462049140575987
1.8856778432324117,1.1949423500402812,5.308570115013302,0.708929170427558
2.0767153451985627,2.9035606408494914,4.798696748933091,-1.0385283312791642
3.34785376821125,2.321048059747736,5.6556626655586095,1.1259964646444576
4.626740946196724,2.693194362033638,5.0822596893211625,2.279998703322422
4.752022711299206,2.3258832525230364,5.129789065830365,2.722012731314158
2.5666934938256643,2.327396727618602,4.46101078892333,0.28049699827438745
4.16552026848432,1.0529421246821502,4.4102330111167385,3.205270982666572
3.502812641050519,2.3176839331493335,5.091841614451665,1.3310048358582292
1.669169372223534,2.5590527184329277,5.247821427896146,-1.019287776075187
3.037555913505093,2.884239017976408,5.24692469184135,0.1835335737090268
3.667087536814009,1.5305827307552207,4.423537846958206,2.277162173063904
3.621631996585025,2.642707930683902,4.348989051188132,1.232595926133914
3.0150675822553183,2.9391212291492463,5.6986910688244325,0.08864606502971398
2.185726416312761,1.2782763705577211,5.580412565967159,0.932237146336657
4.564218210336476,2.825607802476968,5.745185642684891,1.9968056547498614
2.6421494951214464,2.169848180378355,4.088000190137864,0.5572833057713831
3.1987382888888085,2.9230584668708706,5.2766685588210915,0.331129474171227
1.5800221458344907,2.6953831718808585,5.012550136342503,-1.3228985979694856
4.407085105940756,2.163615828320179,4.657523325031969,2.5334161812494855
2.0719814378903685,1.0196457360665523,4.562835380865697,1.0796382802351603
1.122225275503435,2.9002569368675006,5.82114469991756,-2.050677219601956
4.375366815139005,1.2352551967786958,5.6078723720383135,3.2191792569087934
1.6910993781343442,2.810470614462548,4.631894694889412,-1.4082241615456714
4.665501577155747,2.3036401062773804,4.6870478096364865,2.712031181501452
1.02529181540661,2.7168235198825927,4.097045015438846,-2.2598499795853058
2.5253301332016562,2.058477456061345,5.105393544808543,0.5101582955808953
4.827918483785174,2.8536101997580725,5.061205157888873,2.390500391120593
4.007200111591785,1.4042914450905295,5.599649755041351,2.6888341686856863
4.0562999852240695,2.6288115119278874,4.073068366038481,1.868847102144145
4.459928710634072,1.634330229784201,5.413668860713914,2.963884755647863
3.3192255954829957,2.031455046399001,5.654648255304593,1.3798924178671663
1.2045149387683969,1.0988750060682302,5.105718828509456,0.10817505494653476
1.8039276016758161,2.669203172072648,4.408321887856387,-1.0872324809511595
3.2525254594529485,1.7874219605433823,5.614780069268636,1.5455072208398621
3.0195308488699064,1.900828943966744,5.433328120443539,1.1941645451343195
1.3707014495606602,2.1160948614264123,5.792018632221455,-0.800747894012602
2.9197982017590642,1.1778522548687393,5.247399044927441,1.7875602320949204
3.2826503238254,2.5169297409120244,5.354223163689789,0.8675519488081647
3.0884800680653757,2.2522434856188385,4.410176213048047,0.9726355977852996
1.4698615223897842,2.7062902800767334,4.78475590216139,-1.49929200242278
2.7692271462267266,2.234067905729698,4.2293073300833175,0.6302677422378202
3.511371248046631,2.5282258629047787,5.488750326010916,1.1076475647811823
2.437453902310368,1.7862347664749199,4.963698462429307,0.6979792430915068
1.5747514303150503,2.139107559941489,4.335573847810994,-0.6488261746369552
3.5760461164298403,2.392859267048321,4.228449325037096,1.435075338892296
2.8310956075174034,1.1400335341428212,5.145299877517008,1.7341648532584593
2.7639910536736525,2.955589701577324,4.420630232806365,-0.25765280852505007
2.1830852276182617,2.189937582984948,4.242646675217724,-0.008000558375282832
4.909129169235957,2.3945796176807974,5.979723836035448,2.7441867506413207
1.549361629145074,1.187575868259799,5.728912644536715,0.36981880023251834
1.7034339377884087,1.5383648645343042,5.473136906496803,0.17200327353005024
1.715349035055199,1.0444482471656371,5.408563892968514,0.683771350250691
4.734930503638436,2.195120819543327,5.523017658050202,2.767810775664648
2.5558217963471512,1.240319212620936,5.6726643725642045,1.3481221524617841
2.1903201759958226,1.737706550414641,4.445037486612378,0.49174702957045885
4.747905565813833,1.7571128514959273,5.812797227037266,3.1375745398640094
2.8345312904067064,1.2072876886728314,4.92653311510775,1.678421438227718
3.770533296755338,1.1556443758346435,4.093778664933113,2.725749844312202
3.3300366657561162,2.3202673206083384,4.884469259257911,1.1475045000786062
4.480635535764348,1.5577100844109033,5.786590539210101,3.0349571562626867
4.398516069959596,2.0042621013616433,5.887451415883954,2.546347166647196
1.8591854506120455,1.7996537733974458,4.418436140332087,0.06518362337082566
1.3267859108009339,1.9950535124663369,5.039640219553506,-0.7277180869447847
3.5097808048687527,2.6187461150164943,4.669239637196525,1.0762367499130803
2.5865287638035213,2.1031878737084657,5.201403888121435,0.5284699455239041
2.5924966293173073,1.247086251088165,4.058078691122629,1.4138259654441738
4.660390024629415,2.35604689749445,5.684290243920412,2.532087604053282
4.997139212994314,1.3335746718389463,5.375458349061573,3.7817906000432546
2.9228404793450484,2.640884911241841,4.694511764490394,0.34103467454818726
3.359478570687205,2.6868560186638923,5.17450010851589,0.7870402928051563
1.8210899291947205,2.6344501930717037,4.8242255084456716,-0.970912096365192
1.8546794282520307,2.462565436313746,4.46550333820875,-0.7287066419242352
2.8029506938654394,2.2933263427026613,5.6885806227690106,0.5568838275261578
2.24722346728521,1.584186401813611,5.324379027929765,0.6944897638732475
3.028455205872996,1.6631428471046654,4.9081747245107925,1.4511634268305764
1.9404183720202828,1.664849621894999,4.097163344649912,0.30158958136023384
2.654955475634333,1.43879156649708,4.852848540225406,1.273419599338486
4.335553980765568,2.0142180347231333,5.32382777059912,2.5077451083040057
2.3818843409926673,1.62082146202686,4.326699337705909,0.8208336956472803
4.729595019450846,2.128998481507521,5.585508953978418,2.8129544059023264
4.029502946651592,2.464797481280968,4.288464096436424,1.9120747576829238
4.561547343979899,2.44066843791646,5.236184754937594,2.3972217041528943
1.6636857396621645,2.014673990861856,4.396604672885813,-0.3948872488327702
3.805630522837185,2.505730662010955,5.9671575824901115,1.4323002958848168
1.0524149335024195,1.3085999352746829,5.183110430874831,-0.26476231767879504
3.510862067784724,1.282090726412716,5.188838634628082,2.300089080008804
4.40804113767398,2.8412649588059438,5.467599830911331,1.833824562262967
3.059558923043171,2.19603658924981,4.753913617326276,0.9736305289821372
3.4225655172972425,1.6785840081213714,4.908779932150898,1.855859853028205
1.328094588793903,1.9749979047805841,4.026121300803258,-0.7423593992898865
2.666171942911264,1.0056582182105542,5.9320786372936025,1.6849022941077003
3.863664050783357,1.7739245139743336,4.994733356395155,2.2354796024409915
1.9275391439686813,2.1384917594174513,4.289313110900729,-0.24335437172068256
1.1578720438411452,1.3783909839718065,5.411571896451614,-0.22804039131851472
4.1945646989924334,2.961234018037194,5.679975030415277,1.4452892975593852
2.846600100260762,1.6082624838326285,4.480504135414732,1.3267551928396157
4.791094501799206,1.0415021535820421,5.278931241265578,3.824770739950157
2.3275775747345744,1.8690041808339093,4.236655365794595,0.5109834554701078
1.524367130455519,1.6829463924362944,4.901445173014193,-0.1688441592794486
3.9938217044079365,2.864592054117809,5.3105037249291005,1.341069178446955
3.600024773772775,2.555083513036755,5.62338594871992,1.1730179797383624
1.9417364167825308,2.5638469100141963,4.509958462707933,-0.756187771587004
2.458540687199992,2.0736783340924045,5.2147681066585125,0.419452487132856
3.9216002672701955,1.69279364476548,5.726653252161144,2.333066522599494
2.5642787613166327,1.4533204472591588,4.403234701735403,1.1769114375691436
3.4782805388754316,1.007328510231879,4.5969246907790735,2.532503367530012
3.915495440034678,1.1080604206324982,5.565676106405813,2.864783468743732
3.1385362577295615,2.75077068589649,4.139212809787231,0.5189362643412343
4.005308073913565,2.7680225197388424,5.456308362447256,1.4357566585183008
4.939545063843636,2.960797083910757,4.8236271365228145,2.5064806070264916
1.2128504028426392,2.7174502761927886,5.059882074366007,-1.7836622040781622
1.9903911337681128,1.945745324906727,4.164716232640837,0.050495572330322015
4.239657327647272,1.0413673303702673,4.148920510825518,3.3040601693430194
3.507809448265089,2.711766249342123,4.6594682247320796,0.9789074309660174
3.1002469738878276,1.721827864981267,5.070239000385434,1.4655119074480656
3.824232275872233,1.7345157227608776,5.475827286161045,2.203166014280967
2.0716128098481414,1.7383530154385167,4.61978857715069,0.35969588486452936
2.961033927470652,1.3577173301422336,5.208545650620679,1.6607319790714532
4.171569072449179,1.986464653249355,4.993851688766394,2.3816372895548845
1.187080664809674,1.321946388149622,4.822717304858733,-0.140236959175534
3.3025938869756812,2.4775772393807154,5.890925431338766,0.9093520740266149
3.7829042195903027,1.2470866821399138,4.312796038297747,2.6489796131542436
1.591766490715807,2.386662538936056,4.515304025451675,-0.9363962136602744
1.037908744243916,2.984982645459758,5.5527405775496845,-2.309094696181595
2.4844290134226306,1.731943009255934,5.157135125062524,0.7988843516517721
3.7525067290393985,1.398683023341369,4.237454693978002,2.493578075105569
3.077245353775789,2.0460563404200327,4.899377820496261,1.1348910125513023
3.8997793897261843,1.4432784673425807,4.728364981658822,2.579610311015933
4.764804243982365,1.7381591722260679,4.196133213350789,3.3253521720922836
1.5461936074269134,2.1361249314273665,5.250155275017833,-0.6458018655540472
4.959883175475337,1.6582947836344961,5.4247479383574015,3.4675783007735976
3.9272328094613176,2.7550167897926654,5.1632294525210884,1.3860125353132184
4.530655552241917,1.850119209488471,5.413016792992295,2.852313889000645
1.4023884683195367,2.855430342187553,4.084813454456852,-2.031979738377494
1.2344070644167884,1.204528093316067,5.963629073344732,0.03050774039508107
3.226508619042508,2.199050826645409,4.24076775406118,1.2016386759029787
4.223606020727967,1.7808997602992684,5.85335500059608,2.56427516222135
1.9039483373745143,1.1278523174259165,4.831604652919079,0.7981463533467879
3.244675927428346,1.8684673796326188,5.5991028003646885,1.459895033734852
2.1665994874127823,1.335266395659865,4.155785499775393,0.8778814952943976
3.366841059129957,2.5259614132972765,5.59480910116938,0.9423946822211202
2.1860621757083463,1.35372054232272,4.041813356270448,0.8833616285447102
1.057696398787935,2.560092514904123,5.791143866042613,-1.6749486139960545
2.320949086447572,1.5360410790890575,4.082498745923968,0.84715886044934
4.173893816731962,2.6415200180650853,4.348975940090332,1.9289589143395478
1.9723227502396639,1.2504137709163443,5.066893019047445,0.7449493435663327
3.7689267722385775,1.2742667582963776,4.392906809824799,2.6067385419963536
1.6382419754039308,2.6551396544156503,4.261646464573089,-1.3000534742456296
4.315424968528804,1.3744993698675902,5.112271227481788,3.053354712600128
1.4468069801717238,1.265526166173678,4.279487644654262,0.18976820722260437
2.480741719465081,1.7937240789726256,4.912185117311677,0.737978344823955
1.180950598006417,2.1892650698898626,4.064178991823203,-1.1967915810719914
4.915658447960626,1.2880037657568797,4.92285738507221,3.758580195403547
2.3818613659232213,2.8130914238017093,5.608770055613511,-0.4984584810025272
3.2013981421246958,2.3480673243278787,4.624245946735345,0.9905279594230707
4.744602057662407,1.463782136917143,5.455254892684274,3.4057128554213656
2.3201458837795372,1.7331242569879037,4.47856437258446,0.6366226645770036
2.2849242469589295,1.8240678703283544,5.489010618401338,0.48862530806850596
1.647042901412345,1.2734968166765908,5.930964132268619,0.38246687963465864
1.4040227083744612,2.1614532054741558,4.932440880375971,-0.842645738981607
2.905774323604919,2.9267428714606982,4.429420554058435,-0.027935514155482812
1.4965241889246643,2.0991222161194294,4.489175443725153,-0.6817166347235473
3.1631282410663393,2.606155340679159,4.397512510527164,0.6914921985996906
4.206321874657938,2.3373293394420553,5.067047294116541,2.1064899220650357
2.1894516459779507,1.149517621075306,4.612276394690043,1.073819112288612
2.462671977840454,1.4995989026214314,4.190811878854956,1.0313630408304624
3.8488526315026417,1.2099632530691824,4.278186118790048,2.7512144681580972
2.585228001642581,2.8379441015729245,4.504190559313752,-0.32543845860222326
2.2281025769722453,1.8486358102266784,4.662483093541898,0.4133452413659357
1.1711344571778648,1.5626075510494117,5.842278193208483,-0.4062747170285261
4.939346731964607,2.046763688377598,5.682612096827206,3.1006928841011527
3.1592019946945853,1.5077963241782961,4.627041745098622,1.7467504515138852
2.04467921452461,2.39892870130417,4.90845398052171,-0.4060478732378548
4.80524007267213,1.2780190137199372,5.028230948058606,3.6469885451241417
4.544498783717436,2.882953614955567,5.482667048377953,1.9534045806956513
1.7283623096475385,1.990163257783951,4.323532208351042,-0.2949010991307578
4.451472758206588,1.841785022954408,5.8491005074682825,2.7495567486585215
1.0525941055735553,2.771315004854567,5.5902669393141124,-1.9790184526417782
3.208047168446526,2.158215468834058,5.688556391899474,1.1346656650869018
3.8193058146971124,2.527760637268836,5.181324605189379,1.4795655093798434
3.784767475153797,1.490191115215277,5.112515864417812,2.398736148315777
1.3849164377230223,2.88295744724559,5.017472719426454,-1.8303482141383813
1.4183126398103005,1.1807031706611626,5.956935237953023,0.24241899204260486
4.6572915811843805,1.8303533777307732,4.974301280370926,3.040238719131018
4.53517565850518,1.4661888228360063,5.774240664589614,3.1729796138757833
1.3364065478121496,1.568244167532974,4.744289071706158,-0.24564611285681723
4.9825817651924,1.1260929823131216,4.935803628286123,3.9609529817085387
1.830068070761142,2.445477450274498,5.491387906983448,-0.6873266157849317
1.4956242765855259,2.698668065313263,4.590706939917796,-1.4871364903632374
1.2831171289877221,2.2769956405339293,5.897407146808619,-1.0774259408398923
2.5017095446154523,1.287712495912395,4.949063544657712,1.2573028531322288
3.551747425160674,2.9803977331002836,4.378779076226348,0.779879676080783
2.761549106508681,2.6313963320010245,5.889178514436461,0.1454831446281738
1.2374914424092522,2.189129622133521,4.016795899713956,-1.13501053779459
3.6843004585138632,2.150249109638776,5.515563978541068,1.6658575381290355
3.8767230925976177,1.8659970600968006,4.359841145161211,2.224795012451516
4.951350020218994,1.5104984353631083,5.376056496463725,3.5852765130126008
2.2313786798428916,1.8230962219125522,4.560012615700028,0.4454304213736999
3.158454142781323,2.2481483685144714,5.259771818230855,1.0069178567615247
2.875480537097773,1.4501093121451507,5.249311230322824,1.4830831531762125
2.655277826637193,2.2485246136546255,5.800664787541778,0.4412529683939704
4.920658986436733,1.7955373172259728,4.346967925307531,3.431537248599415
3.783180640565886,1.2209599230939456,4.183614738429101,2.6788409886579037
1.9406015557937368,1.9879231512555506,4.9528875279386355,-0.05166578178935322
4.029513745613563,2.4253296383551577,4.336913360796169,1.9350531905422315
2.9083514130829435,1.0631577353643553,4.762464739032664,1.8929640894223907
4.388448197340537,1.2642908906996424,5.206117445323674,3.2205663761179526
3.621312793986318,1.75381814246305,5.717495027501472,1.9620838804780405
3.1588496529273624,2.9272871883028317,4.112326497166846,0.3296969728566114
2.6017525362048097,2.446464871789532,5.172229220306834,0.17625047661390839
2.682145104645382,1.443719320895576,5.299316627167213,1.287111831797609
2.2510316443186857,2.0206164872302548,4.283590388401357,0.2613147828575773
3.188804793970933,1.2472515585074408,4.1505431055915585,2.0356388319594547
2.4235378655444597,1.3753260845294653,5.794754988497107,1.079043630534642
1.6597360417968368,2.6506476513423634,5.1016026864834,-1.1597382552908087
3.6482495471542817,2.3497967691718875,5.037346048596275,1.4679507339989364
1.5039360087887355,1.3323843809986797,5.475770309473896,0.17686734844614246
2.8934801767891063,1.2655673780224996,5.947106579153431,1.6660743441832346
2.6596175547479604,1.6996358350982148,4.239234622386187,1.047890576720964
1.3635295017883573,2.916118626383992,4.135294985768727,-2.1897355710485904
4.287773542762595,1.9135149980754196,4.242338646781792,2.660240486223739
4.966491742893641,2.606920396444883,4.780571312766109,2.814942396823735
1.4794108678122253,2.0618413499800528,5.583309658712951,-0.6267305791542901
4.084883347642318,1.9352962321624738,5.632506438738536,2.288941935058474
3.709291369946928,2.528295187335196,5.403938165781888,1.3362682233269174
2.6606044859763043,2.8079746356920827,5.476823246049427,-0.17164664588358383
4.036170691490714,2.244650660711449,5.7658256560674275,1.9449578753707064
2.6563868200959564,2.7973697340665495,5.948679492152305,-0.15974804324704248
2.748709254914921,2.3623170640404494,4.416588892916744,0.4573056390755771
3.5022765987775766,1.4144462997019294,4.31288839020829,2.2100638459614084
1.917095168991945,2.2430267674970192,5.098684325312018,-0.3629383682332495
4.573134382168774,2.908197203344439,5.934982811818047,1.9099511247894065
3.763637618334465,2.458130491755723,4.027951011181415,1.647962121763334
1.7337515936801449,1.5381842179379044,4.4231609448035245,0.20858633783504926
3.9606485024935942,1.4200471552843896,5.947044439507049,2.6162820171964407
3.0106465595248277,2.1488085480802837,5.845200793204296,0.9267310802070962
4.464299005202312,1.3419708141120543,4.767858848329319,3.253874557352423
4.660222538039038,1.679869609014522,4.51579952363133,3.21077959008613
2.6823437881982097,2.343083861113622,4.795464160799723,0.38883411543480567
2.67347252387793,2.102481307963964,5.67578255676286,0.6147223800413641
2.7029551131792258,1.9414547444034356,5.201136755997096,0.8208293308777758
4.266960552472413,1.4872249912092543,5.1731047154277405,2.902259949060739
1.4744257665097926,1.86158639789777,4.918770172003677,-0.41827381791662943
1.0321810998080085,1.5717753250380855,4.7892952154099415,-0.5712328509221631
3.0016633062147493,1.2411102719446931,4.600169676172542,1.8283532600697228
2.3273748889976824,2.280614561360043,5.85821505139913,0.05076518308858774
2.5312610881399977,2.4384803151080976,5.776619164823969,0.10234652732599485
1.2363626962571739,1.4482327514349176,4.336052563662734,-0.2247782153599093
3.279262836252436,2.2150522871872695,4.437987157152766,1.2281182422327874
2.5872729007005044,1.9675820591429705,5.32831106975577,0.6668200805331039
2.241041655610324,2.1475680650452245,5.993836224077378,0.10012081053928075
2.0828696998734486,2.173278323356292,4.371792008231448,-0.10419517376742372
3.5732401215962706,1.7185597800076042,4.778611611421491,1.9876698482866344
4.954398840699655,2.5495020024476727,5.6320885963505445,2.6970525887697976
3.782185915609284,2.029872523699165,4.404327050684598,1.974522780084635
4.2216015133114215,2.004680464841595,4.598998912425624,2.4632523294473696
1.593491396029619,2.9904878441115486,4.300596896888682,-1.943901444038631
1.576653094873218,2.7974460442013585,4.595355338828529,-1.5387664312423284
3.3559367160044515,1.8274506267773873,4.809654160726025,1.6524082802074835
1.4637802896031666,2.9312257574245453,4.181931512729552,-2.0574538749627744
4.827418526473732,2.5216671042677063,4.011962266682132,2.964530559846408
3.693088613798265,1.1652704271543883,5.090427413511188,2.5967712000448433
3.3139857343045516,2.2886548571347447,5.923456948960225,1.1116586739888925
1.4297553187013627,2.6465966927530475,5.515672009282511,-1.3869345987264312
4.37298036122593,2.8019589886285496,5.567205256281489,1.8180732376428819
2.365341970773239,2.3849950961019664,5.236083893757952,-0.022076215083474456
2.252447580706498,1.7775406339916417,4.012751157365438,0.5297138269804857
4.826064883370916,2.2344002686916236,4.900634659706386,2.9119499869092587
2.579567624171069,2.578701233864027,4.3633076135372395,0.0010740280274897187
4.117918598603335,1.7953901671908221,5.782930985803684,2.4432616304427435
2.531961883347459,2.1886024861666833,4.56075907688236,0.3913659561440202
1.6823046602332736,2.633479095973426,4.602136756310095,-1.1598366768160615
1.7798562617596683,2.7446217825757477,4.393291146541348,-1.23554723289611
1.9111955752366803,2.702612749770301,5.459876512680374,-0.9108310408954692
1.4537225920788304,2.944940040893025,4.7987154555837295,-1.8887061943107304
3.287343750978609,2.0870465605748025,5.180008083809559,1.3114530739592545
1.7199345707085127,2.92686044829669,4.793069163126528,-1.5240791367447468
1.9494123647367831,2.1563089678646254,5.090728992979963,-0.22839780783551644
4.434265533481449,1.382385584591419,4.287790566070612,3.2240323909889197
1.2126793285305442,2.886306381287071,5.399116515155107,-1.9803602911512346
1.4765443250213015,2.7596499781420016,5.87141131141685,-1.4536829052061586
2.051924229998496,1.6182286799053713,4.128139899187985,0.4714259159699153
3.4058354527931827,2.6213049062184792,4.161822984409165,1.0100550864887325
2.698706571217189,2.0739526706040916,5.73315690126422,0.6701381489067451
3.2953927969712273,1.4452950523162424,4.345477242819883,1.961784365026042
2.3969095828659315,2.2287061369254904,5.152199127917617,0.18656135378818334
3.1356005347015357,2.7725810422346133,5.832921794035787,0.4126131644942341
4.950286342615444,1.179157524141536,5.431898738579691,3.863252803077803
4.837408666085063,1.2713824353099024,5.416242994995931,3.6685271803202957
4.151570898864536,1.6255209531927677,5.667311342912772,2.636841337128739
4.377190383755706,2.3983653943775334,4.989034235477439,2.2566911346322076
3.6957080396283892,2.628814408783811,5.480804319949045,1.2158813825153114
1.2017070271142907,1.6442729487054493,4.696155101874668,-0.47247325791419936
4.587248289737284,2.438380549584748,4.936897335786872,2.4713454267956347
1.3425585756333613,2.0046571067586503,4.425420579920059,-0.7426648795563442
4.720993721428782,1.782778703042241,4.007341389171052,3.2807550526187614
3.0806083038686958,2.9984647972504135,5.482498303860355,0.09811839439099213
1.7647825582314853,2.4769444005074113,4.524705114037118,-0.8509992823461899
1.0846009624393886,1.569099947748944,4.6259745311320515,-0.515031785667313
3.015868265337743,1.6910234605276722,4.212796404556702,1.4464916757492743
1.1927877080416351,2.111219457426401,4.41120777056878,-1.0460127217588047
1.9482467370188123,1.7593436503843587,5.032819729158876,0.20162379327326402
4.476002762636427,2.503015134018143,4.188995643514712,2.460535753459131
4.75531802468311,1.4907788992948878,4.979441183671369,3.4214759620204758
3.684551681234452,1.3560517779885721,5.58518291168285,2.4003229897387683
2.4209827634125736,2.5140797960273686,5.17642516312316,-0.10650160519084541
3.961999501045972,2.911907834361534,5.673821660757052,1.2235148088736933
1.3183154385162053,1.246682400712249,4.2371258740004,0.07495071926789669
4.529760504123102,1.8646414501290143,5.2854503051582915,2.8482519062961713
4.714837679503276,1.324306989964194,4.4788399563120445,3.5492280457756844
3.221071132026041,1.8817348300427768,4.950707084502923,1.448012852183999
2.4103779030349517,2.1548988194785457,4.734466234711251,0.2869216588962624
3.6882061627480915,1.773298642832538,5.616872048720268,2.0181224372456956
4.841964772198491,2.4218516950064886,5.4088556244276,2.7065911324632967
4.4297574309251715,1.4637173301317021,5.323108179816889,3.08496035646972
2.6250214066783712,1.2357266856184181,5.215701129028636,1.4300098210018117
2.368260843459104,2.887646151076659,5.602868914370907,-0.6060805826198254
1.8843348152228567,2.7980135035722706,4.087693442591987,-1.2533044264962911
2.0051151887360446,2.618227959062737,4.9922885941543305,-0.7200904880085857
3.0081711781989586,1.1321471364885063,4.665343984891737,1.9338291706600494
1.3275133485700046,1.1203645241698106,4.198832938340027,0.2149416908775773
3.5905868252844684,1.689831453962085,4.156531253939416,2.0804450518589097
3.954202874134567,2.36919009815277,5.21567950540086,1.7791592324346432
1.1989153367672492,2.1332321942293335,5.700129795591019,-1.00753353588323
2.7701607265781365,1.4301243409076003,5.850382584884,1.381962401031764
2.1352622148315628,1.2574598257342606,4.345760105809956,0.9170307785317334
1.3012185913550702,2.7828844018148864,4.1339051118713455,-2.00367592634775
2.854611555702539,2.8536759061505403,4.908810212808089,0.001149923455749328
2.7620169137541644,2.4111569294174937,5.593741002861782,0.38883768770042754
2.893100739859426,2.213328560010223,5.244914998636171,0.7498054319814036
2.166818802670659,1.9532986518852773,5.709782061463383,0.2272301534692384
3.5529507695688527,2.9251799002210097,5.503766154824531,0.7411116896756853
2.825350996215192,1.130714995187867,5.812020569173485,1.7276460181583975
4.0572809166242845,1.8343397523955436,4.930169852082357,2.394876551167208
4.973243875095935,2.6730181983128913,5.992106311930421,2.5701185861666995
3.4476134180522324,1.9032445579038282,4.565231192117241,1.699064632005726
3.1295631912061173,2.8239434447726994,5.974241074417751,0.3468101730896074
4.4782664126266525,1.1976612196848668,4.890447804007542,3.383641016473875
4.1633623867083696,2.349707503204774,5.807557830895428,1.9832287188973852
3.094281785066955,1.632923295983664,4.904074574638596,1.5497953238520668
3.003821953116069,1.782707997020556,4.530585305935074,1.3282623263637252
4.215405127417764,1.9683845893229592,5.798552303357463,2.388871763118126
1.8972083144413325,2.980541974385173,4.675134416418041,-1.4061508798053646
1.1690412816807507,2.6671642275686116,5.019019116239364,-1.7685024869261505
2.244036702386257,1.3718901683347813,5.318089037262736,0.9026994868464308
4.63920171953338,1.7413546853238338,5.194214621551576,3.0758475653021033
1.3628652083637456,2.1602181518656653,5.663155114078885,-0.8625730243769241
2.5046463073653835,2.7653269754720036,4.2510244638904755,-0.3432270977222028
2.4004008281915987,1.8607143811610838,5.526840501745656,0.5731448344463451
1.1600662619891233,2.0798592144523926,5.095453787155579,-1.007548690641571
2.3619845326919013,1.753806519787127,5.678816891095215,0.6394360422657794
2.095321913996892,1.1921186341508065,4.06799008840513,0.9446769019776112
1.3154455030536298,1.4920763062779778,4.860349577203372,-0.18559252815464386
3.1399928005445887,2.4589941898488634,5.3330349193031505,0.7674479156004492
1.022692569275947,2.879184084907024,4.1368952739866955,-2.5854121592430617
4.3523875769666995,1.6191343180259594,5.503063835645296,2.8598399522372944
2.2036336114188333,2.1898460525236483,4.0172941020176705,0.016445713192441366
4.885933489873035,2.334354652929811,4.1935299018208,3.0714421389631146
2.549194023940402,2.4950224296083947,5.427851578106701,0.060997891669831494
4.451525436131583,1.8753194553061365,4.4912677823559815,2.83518632938889
2.92582785365236,1.8506051508924544,5.0405203700326595,1.155950266040955
3.7856196481961173,1.5507254225529552,5.507684162127712,2.329119718979494
1.4924932036537863,1.1048106449988895,5.856334400515533,0.3947710860251511
3.5082533003512495,1.105469166721983,4.842350097616829,2.4679560944425556
4.714483548419727,2.939775338478163,4.938176279872355,2.208745002940482
1.022009030312954,1.7893244589901196,5.706915142828959,-0.8080608889834924
2.092522642504651,1.6759426405771185,5.997032683955201,0.4338666559546632
3.5071011234717746,1.5817993744959675,5.8092547742761855,2.0009052314021267
3.973908671022665,1.5694540444942346,4.94106163492533,2.5357746236487504
2.0892076528017016,1.9509227177105635,5.63553048325897,0.1473990384273409
4.0595323856265555,2.486814327103028,5.273722179611523,1.7834500205504633
3.481649894579535,2.8668994314719667,4.442530738043736,0.8047486273527752
2.6774660383095004,1.1546361534957217,4.208439866904287,1.5835981333411822
1.2032065582472682,2.736249365817855,5.244886330598295,-1.7969628814722878
3.016594918377428,2.4283097064033874,5.748337069614822,0.649040365655316
3.8484582304761674,1.4839990215442187,4.912372542469025,2.480345689241099
3.8049857866171113,2.517229932359716,5.1694452316196955,1.4743609487659657
1.002552596184643,2.8701040639523514,4.5604341785440745,-2.4031610142659448
1.7404745110856168,2.6271097261063847,5.2953831950011745,-1.0211658212690666
1.0560498217270462,1.9387998153838117,4.584980820018456,-0.9741274868097751
2.4440488731326515,1.6501651806824076,4.717366677323086,0.8474221256130386
2.614553360480596,1.8693764160329194,5.982066779843787,0.7844638103923279
2.738725223276753,1.7008558664045095,5.615051302911357,1.0890330802746324
4.411021135936997,1.440759959396021,4.964110312733899,3.103866105885791
3.0194349863554595,1.233620659933496,5.346957842205842,1.8353287584943971
1.709845448231798,1.2624735200979016,4.70167566359879,0.4644278936874045
1.6526867823907132,1.2604629759387933,5.081975750732259,0.4048747944697277
2.614021067661046,1.8747258038890944,4.8773853374863965,0.8008149194777996
4.3941926606248,2.093291287194468,4.724906107860953,2.5665234639442494
1.2977276331073972,2.7889571194413714,5.758469959053663,-1.7044775370531637
2.941568265305194,2.6597882978330905,4.10890634524837,0.36968515664927465
3.5051706802327027,1.9925795278253156,5.585549010222369,1.619122375995648
2.134296094077694,2.5249799599304197,5.810325737616434,-0.4337851177399137
2.9364078525649613,1.6930020513628399,5.983396795414777,1.296382924585165
4.485704846384756,1.9171372316545525,5.054499961377291,2.7759998895178604
2.2567093745585,2.8556414237007597,4.711669724567788,-0.7529901588069959
3.93765948833766,2.6384218270214204,4.7980800920434605,1.555533001031458
3.7753264500803088,1.2907278744883808,4.386803320543373,2.5996738359542624
4.414685143334177,2.08954280079098,4.458602170437404,2.6320925322983046
2.659534371963146,1.2956177538591884,4.250774624605162,1.432057101111747
3.434268431286375,1.1769795534924188,4.482610697896487,2.339367619137024
1.2235968527553225,2.909734162374252,4.303737306008738,-2.288414322644473
3.5542282889699277,2.7699968880523267,4.00037032519379,1.086975709436188
4.078840129225705,1.1165253201604333,5.7618918570824,3.0195488699047695
3.6694540923997323,2.562433580443673,4.693127174095067,1.321362566411778
4.7170659588237625,1.197612443526196,5.319929516092332,3.612172628517799
2.9666799052303974,1.9834446250019944,5.706101377614136,1.048624716543068
2.325686789221809,2.4942370200343884,4.778636106419935,-0.19760335645275215
1.276772493019258,2.1395100648949557,5.125931147476011,-0.9493906760662213
3.3609876913462715,2.657883020350718,4.626292561104216,0.8590236944757319
1.7889284128014298,1.4896989552070907,5.3527390454620605,0.3115375309258631
3.1144087658686046,1.8102742696498473,5.583700793246831,1.378597800803555
2.993645375042017,1.4628204689361983,5.700871184406761,1.58385430909904
2.2558223521176872,2.348857598829346,5.16763366894196,-0.10444829769081572
3.12534683981076,2.275326246132351,4.617370828832508,0.9768593267912544
4.281347257727694,1.931506635775496,5.079158575531213,2.540722383369503
4.43334420669823,2.5136718131171936,4.381071273832161,2.3438498105408105
4.666409092022105,1.5195331596143569,5.3221364048815705,3.2835532775267757
1.7505954148041991,2.9214603446098035,4.570027258041275,-1.5226085571495183
3.6678113666974745,1.7865194333970447,5.27902173891256,1.9992567789193445
3.1846787500923774,2.1231255130010256,5.471465786255302,1.1518037016287628
4.835969106317323,1.5404536465054144,4.963363897083431,3.466710214635828
1.3343560862155215,1.0117978485145744,4.2586529958594195,0.3320664898745922
1.334942556846006,2.3222515392705674,5.9775823281105005,-1.071471472196459
1.1056830116499587,2.0043720361355204,5.069952519098056,-0.9783955717935737
2.813865040820517,2.402708680295756,4.549343787059839,0.48419481644490286
4.462089365370239,2.0319870770861588,5.891380636029694,2.588971071546082
2.5334807426476873,2.503722551321829,5.067415539268777,0.03422783731140632
4.380911781417572,2.653130297112306,4.760399751494638,2.0809405704479147
2.612814352101928,2.875944034887052,4.291553341404503,-0.3545103191273916
3.2398343499080364,2.829614051115064,5.964846914101181,0.46599036225714474
3.115854155652345,2.799863486259201,5.112658166288064,0.3776548095883142
4.560172668617986,1.4156513280847076,4.950758749812487,3.2815399656097934
4.53109025755127,2.0524647606366324,4.164452021395784,2.848627100432457
4.777272798119416,1.6063784037467719,4.663937942493555,3.3775544103920243
3.2818005049964927,2.1304668916699834,4.581875151371967,1.3004677100586972
4.657999630795141,2.7819189222098863,4.767520705470335,2.3101526082650405
1.158905842023144,1.751987299379248,5.877286756506322,-0.6213293643857173
3.509178816872519,1.2648291922217716,4.6864621804458935,2.3308445478067337
4.509526629699785,2.0867271320137863,4.675035053660061,2.7074748405486826
3.367053209174946,2.837955670605247,4.533452097277923,0.6784863500963824
4.588018873549819,1.2004033186792422,5.684425472432238,3.4657740689841043
3.9460120120818227,2.357274897410664,5.14264771867308,1.787593466211545
2.2045769820256447,1.6509006331853733,5.438887204299862,0.5810923922510852
1.0795630004493884,1.5936691800775418,4.391606138542972,-0.5517154919189056
2.4274730973199112,1.2187912752012813,5.685501493866981,1.2374489174235839
1.405163029525943,1.857466425346965,5.233142997188885,-0.48380489037984103
1.9212813901892645,2.1012951681758674,4.445781075128856,-0.20427080808634673
3.6736523966013146,1.0801545480394903,5.350658283788841,2.6480160927182674
3.18775382061845,2.5359159007891163,5.034848120286134,0.75453415350511
1.540194632069868,1.3128640320407712,4.617896928904178,0.23711500087702284
3.7326932300392968,2.267739604837905,4.697683463786013,1.6727681739881575
3.213102805498205,1.3983620455638341,4.168546389810983,1.9263618038548445
1.7700541152497662,1.1067928614463431,4.190621989846961,0.6876793283244677
2.5152431236357535,2.0634702619056653,4.892693455064543,0.49825267993551736
3.704199797704003,1.478478534310979,5.598451366486637,2.307645331607568
4.725537411844018,2.137618409187623,5.54674846269169,2.8045508652027498
3.9070289575500747,1.2597104400905037,4.306028410531987,2.7684332691680145
4.2302126117078505,2.6897403223796994,5.391268765024346,1.7774905623232857
1.8279449360587372,1.1064156681639736,5.109113447966596,0.7390673996477699
1.724453892012801,1.7268730945266484,5.592152317984601,-0.0025435141236388125
3.0809053682130627,2.2596381511127737,5.578186940474663,0.8982674538092401
1.9307848923606485,2.5081044533778356,5.206032492491496,-0.658816236795188
3.1152867602289063,2.884975597566922,5.632971216670794,0.26814952982453155
3.74989025476007,2.417445888907303,4.0022197327370534,1.6718994790804786
2.123022802084668,1.4726810877727037,4.3151603509009036,0.6918812879922717
4.931411881776258,1.7835892060031506,5.012552857990606,3.3682663180140944
3.8659791628926805,1.8553252837125167,4.544969082925176,2.2025252240308935
1.6030626438872022,2.361647228423714,4.804659408119512,-0.8710761245763313
3.4662974069724797,1.7977017277402283,4.570087097667664,1.814907378420795
3.941820660970292,1.1286261881900599,4.965750007240909,2.888797310653234
3.325845887471653,1.7356264973156215,5.993289002111675,1.6614120993511925
2.040459369592788,1.5549414225416376,4.722996571877429,0.5141833872510534
3.9564729608455944,1.1529847201774288,5.266132190706218,2.8731990371729057
2.303140848022828,1.2025488397362953,4.35923979607285,1.145022027055618
1.3978566312594585,1.5462451043807006,4.712182346957078,-0.15708636568849943
1.0025268598572765,1.8338551710322324,4.685256962392199,-0.9034051267491756
1.938768115725439,2.9443120638059037,4.446478803050257,-1.341877142764919
4.3873006383670194,1.960523528330285,4.844226910924715,2.653829230464566
1.310111498078312,2.0488353767196807,4.783763046817188,-0.8174965459331108
2.4564500468258292,1.2938435362658622,5.163407012093797,1.200920627128188
2.5410077788690155,2.6845460477362444,5.935609177225041,-0.16093954057783455
1.109947510544429,1.1730168744017377,5.501383530273156,-0.06455386113647604
2.5787375754824424,2.628137230880418,4.40656608470907,-0.06154362398030742
1.5348416711864807,1.1150905862401732,5.277156396202029,0.4294479636893374
2.1867180624520035,1.1156223054422714,5.265309968961584,1.09597959800047
1.837026955629565,2.8940073742352164,5.905636482634388,-1.2125519703635186
3.087577702115729,2.922696442089814,5.533339295643338,0.19417864345284458
3.290997012642608,2.8898983472028967,4.851837066462353,0.49933906493915103
4.303013088975741,2.0605432822900265,5.158145557666247,2.4461225386995524
2.324493820730468,2.278038299732318,4.4978271190587735,0.05387681056099708
4.464663536564935,1.8304618244889461,4.953681923603792,2.834838540808842
1.2140399586258996,2.552888979168162,4.168987949512356,-1.693491378015506
2.5220668520589142,2.950077880829831,4.607165879310046,-0.5572297663079454
4.003000366884553,1.81081787867491,5.458899539816348,2.32375729251199
4.683022451830848,2.805248689827315,4.635213469365335,2.358803071119897
2.0954792902921153,2.92060488618161,4.937734160738409,-1.023329553322183
2.25590380993968,1.9502239498796292,4.306877290891589,0.34284268010146224
4.64729821087399,1.6224751671799094,5.893673649786045,3.1463968234049826
4.725784453255451,1.7664836295971036,5.582579329592419,3.119596364279354
4.617828895600164,2.2112410550403157,4.8711997297505025,2.700901426408659
3.4609192498202517,1.5693006131709317,4.136317288654247,2.044474708206906
2.129654000655644,1.1480611353146708,4.348798582582684,1.0176966249612767
1.073934279132518,1.677573910753627,5.626832676719608,-0.6323994464835592
2.822371879353281,2.6927951472336176,4.310574841296166,0.1659391982592961
3.6809489763921053,1.1962462016908733,5.857972842865571,2.5381888195298394
3.4939996665833495,2.9029449982024063,4.6022687035263585,0.761693122021354
3.7804642511221576,2.2643333726078567,5.2744944692332485,1.678690961277296
1.527617450567949,2.670863307942294,4.9564358952878464,-1.3571449313084516
1.4300751767066102,1.885051310338527,5.590276816199549,-0.48328072758545726
1.2756778798413189,2.0114443052495856,5.1244138705233375,-0.7999698549554883
2.5819849068321887,2.6167466514102724,4.183014045670125,-0.04455650514547816
2.261118059545667,1.1484986738383418,5.886360985843577,1.134421837156514
1.9135156230428314,1.6966476843574743,4.2398509714841675,0.23664112328747083
2.5301940447327524,2.0201703532489725,5.1063364154525654,0.5553308206693233
3.613601487513191,1.139328067262359,4.28050411597881,2.566868085730236
1.760046905258204,2.371678142143261,5.216233663050579,-0.6867178721239844
4.466143822830074,1.525350804495513,5.887398255489254,3.044759761476063
4.730075909105473,1.662986067854752,4.521411773325149,3.298286627920119
1.4424289261724144,2.22834465272203,5.1047145676797605,-0.8735393588624091
3.4477342902352257,2.695088571786025,5.426248819086672,0.8671673783282482
1.2966562935230312,1.3674614670790302,4.393272182889242,-0.07450635648216143
4.827425486601696,2.7209718672455083,5.298595397561126,2.4548640615556137
2.1111836855769788,2.706184962803289,5.0920904142464085,-0.7024058273958694
4.516236426402446,1.2649318560499516,5.412405987783036,3.343909401194116
3.3781663343279718,2.134789851313988,5.41007050054971,1.3531804382853971
4.941109925148492,1.3260448565787,4.159206488444351,3.814105120524218
1.552016323990527,2.8227132833083015,5.972572490209206,-1.4418924631354162
4.344538625416786,1.4755289977027772,4.44809586725771,3.0412110104196235
4.804806854854848,2.0836359738830676,4.850950269913122,3.0133051732351284
1.5972556899293484,1.6768664745288835,4.404687180994282,-0.08609378319407221
1.372184873365426,1.1698964445294189,5.042794981797192,0.20796219936413615
2.7028966508024954,1.5839588598677656,4.609528778627462,1.191492295153523
3.293259721975508,2.3794291157787257,5.898511359561537,0.9986935881379747
3.8412348404778176,1.9395788757334043,5.166198294254553,2.051744877967924
2.6804143561100324,2.7328315173767144,4.9717401526744744,-0.06274649686128561
2.33453608425171,1.194152332493149,4.640974799741382,1.1801184826016113
1.35724312666833,2.1836028742240243,5.18636425949261,-0.9110432260990544
4.582342642514883,1.191352703271012,5.697995767637218,3.4676317136111905
2.544987988707397,1.5934516247920931,5.399892093581217,0.9958834457332635
3.109377152637146,2.103515860020821,5.69368115182497,1.0824423189550147
4.185705494843406,1.1590194939698668,5.8529030386372085,3.0878343034415945
3.8559491126553924,1.9395964595895656,4.190661521953227,2.1618453213964144
3.1050604845414322,2.265708357870735,5.019955806672925,0.9406066327245532
3.88934796354168,2.915090910324132,4.565185699204998,1.2659563498631101
2.5284690364613653,2.235970103059648,5.273507028943899,0.32296702522776094
1.3602253549348688,2.475592378522556,4.279852575691787,-1.3673196201740212
2.8838098913436765,1.1500978989325354,5.130453164737758,1.778987460184304
1.3027603227308626,2.5313705553278494,4.407229588302008,-1.5008724067875316
3.6955240320662437,1.8320195563469581,4.732978796521339,2.021049148222309
3.2582832051191493,1.6365398993191287,4.8654420669810206,1.7220830658448918
3.638763174756564,2.644413773245799,5.97002248618128,1.1090879274610042
1.4690489731189547,1.4051485064565725,5.103552591125829,0.06646947986783915
1.018824812797114,2.403650247357911,5.554123467003949,-1.5361261146966572
3.1160810455994423,2.6796661175820553,5.549489017408874,0.49836486956634696
1.0501114698562497,1.8740113373872382,5.729999753439868,-0.8718460519056759
1.9627754137596822,1.4369302764943195,4.863874598365846,0.5504130117002277
4.254815549335662,1.4789024995944018,4.956966115118246,2.9083687080301734
4.819124012260199,2.9115741989188133,4.8277188900358885,2.391404624466346
1.6446110522960056,2.414321881286792,4.992154039987207,-0.8793918736569023
1.6087080352683159,2.4463797417954334,5.636799848507566,-0.9298039999873983
1.9460020385329972,2.480896806460941,4.418643803525119,-0.6463960881967139
3.9488827228368333,1.1142315031702108,4.8776614195923305,2.9116377572061674
2.4850573410369674,2.2804436285346585,5.594221963497477,0.22407667017010346
4.255140154678136,2.89589262453795,4.096986920833369,1.9215272776895707
2.064036945190949,2.495284385914587,4.7447503577113785,-0.5070255663758344
1.2398972408302966,2.444664414814536,4.475181477411205,-1.4383422725256623
3.3607988196833167,1.5429696513786606,5.172332997084605,1.9045462575267964
4.590800490212651,2.7175751023828036,4.328548273252171,2.4066504966900646
1.9725465660029364,2.0561775866502368,5.013527185969058,-0.09169777515272232
4.807561343340561,1.951603059564408,5.971775584128468,3.0218839882019686
1.4378027632959287,1.6130356816621898,5.44869578650814,-0.1834562861907175
4.47104904576438,2.168851307931064,4.20895109452862,2.6863046712392316
1.2496115167325255,2.871238236029014,5.1033620373825315,-1.9615241948167652
1.6877697363498538,1.1750731721592542,4.228395223826322,0.5337198627348688
4.690926001509361,1.3736605940289057,5.006523011989087,3.4496526912834407
3.45750671576755,1.3187204804351302,4.401281145959943,2.2417779828131854
4.079111277428342,1.178142991652175,4.233681688559621,3.020267641315385
2.2065435147266226,2.0306674778829388,4.0892114844160155,0.20262580272766798
4.127584399458642,1.422073446038124,4.220660677951162,2.873528552509999
4.821048108907979,1.4769179859921433,5.669758081278158,3.463709796072423
1.896681985608768,2.2283632778626865,5.0193097024796405,-0.37016037426502807
4.714132381429367,2.123848209361447,5.701004128015905,2.791205143613407
2.004736742226412,2.108671314306718,5.119844162945283,-0.1140576380980635
2.112076493106858,2.8081288552165593,5.8710489436243325,-0.7925934641269603
3.2519783219547156,2.94631172720752,5.876168700591663,0.3532837589020103
3.3945510522755815,2.0222812708809017,4.9302450484897165,1.5046732092953967
1.5058411625916097,1.844601755404466,4.5337572817472225,-0.3708418245979614
4.773666008469539,1.8962409226018762,5.473585955270001,3.067375258049909
3.308105248501608,1.1472489162199175,4.612840769509886,2.2309561121123487
3.844038506330235,1.2325944613408037,5.822601478525629,2.6720007546355484
3.788672193886415,2.963049646619054,5.269131335475163,0.9984487323900773
1.830458165287117,1.804863692807755,4.0944790884116955,0.028514237075599285
3.351812806547828,1.4079013617933704,4.4848927825475915,2.0474097359116015
1.8340087548463546,1.4471634167568697,4.793976077131031,0.4057752777228738
4.600171139076288,2.226603890882546,5.469443206869121,2.5986517603488664
1.40199067084047,1.031609075116047,5.638397916304709,0.3767409448804571
3.7974635244164747,2.360091770105119,4.4920092864409735,1.6893229148026692
2.284149991957938,2.7435715063276,5.836449550167632,-0.5205164872890083
1.020267464305325,1.8640994446228258,5.075355606713736,-0.9072402267314832
2.786152206313729,2.648680610542984,5.126970620110959,0.16055704015521516
3.661517986357986,1.2405040516228671,4.303662312902399,2.528323442806484
4.226513502446455,1.3252486306352917,5.05415313942154,3.0064581871358524
2.330501425104695,1.7045433286210594,5.648260495220893,0.6565693562671526
2.554331133436993,2.2183134891449963,5.162129831446132,0.37212977927544916
1.6022809290133098,1.4303292728785713,5.851646019648615,0.1773307270278101
3.9470279333256837,2.9338371254120674,4.164160190147155,1.4277138439578367
2.0997639259977934,2.3477451473183963,4.4753268254257135,-0.2912798579433802
1.5518340469436591,1.5337760498098,4.0566233598904295,0.01950596160114316
1.0607189914066826,2.1959611565087975,5.627104581655536,-1.2330070903721246
1.7042063178120732,1.1033709268664436,5.576036414276391,0.6129554816335672
3.7157231449325194,2.6007390751927018,4.333975351769926,1.3938367908746065
1.7204443355427728,2.516544506899941,4.722115274832136,-0.9408377204330463
4.7868282722426905,2.770670202687251,5.865486307759918,2.2874464057014428
4.247261647408662,2.876641860205644,5.602127179695941,1.5972821379082793
4.020143891045368,1.6004307970648082,5.729083260011045,2.520038953736507
3.3377177934509454,1.4939387114214724,4.79004203778057,1.9405747519222907
3.05407695058033,2.79210534667052,4.580169698265028,0.3304786828796163
4.9881699023084405,2.476502470547291,4.824706680361642,2.9266293506853795
2.582201486074362,2.3170112898407043,4.2229016447257886,0.3172002286283603
1.339349014324171,2.701247116518317,5.946930038076628,-1.528699452961594
1.284079889021314,2.903953586452614,4.998623371319929,-1.9901665297564717
2.0924467606381785,2.7836148350409378,4.500384414426563,-0.8796144005313782
1.1964882444229783,1.3332539691441019,4.289845579143716,-0.1438915776400329
3.8452763852206795,2.09228553988018,5.501862460353895,1.895394441981635
4.229273320801438,1.7337970264726887,5.762737885948303,2.6167159699406257
3.3754466875405296,1.647413102325178,4.502509236091222,1.8567849511951393
4.429520325039579,2.393341562375647,5.528042078353419,2.2588567614745023
4.651637755733738,2.886212300360225,4.571643698525536,2.276455802059547
2.5934848938278874,2.4858776519676056,5.4633601163819705,0.12084090745284745
1.381167710023211,1.309759758133957,5.776427498992976,0.07331752016841789
4.920129899648545,1.0024940428229445,5.68469957925829,3.9800121535458564
2.4259980423400185,2.7010828510962694,4.751224260755688,-0.3343758140035016
2.4710928261497593,1.364565555474064,5.248844004110376,1.14592950173834
4.234009417871674,1.4415895960908278,4.6907852818235956,2.9344315546521424
2.4732238057506715,2.861937495305414,4.6660009544017615,-0.4921649980755345
4.240466685928944,2.7263323620091264,4.473408259665186,1.9098032511679932
1.7281861565445116,1.501206104489065,4.128491892914515,0.24365925954502324
1.8246752209126749,1.3440541130309762,5.6546965249727545,0.49480135883465287
2.8443988377155267,1.395197685901571,4.454136009221473,1.5259966690762352
2.576689233094202,1.3460970555154368,5.047549910759657,1.2768336943982967
4.732609121858907,2.8092387052702597,4.669638998719927,2.407824469949515
4.025726420137066,2.742519229723567,4.554675345377578,1.60723152706086
4.777924260419444,1.0796888892659984,5.216851643596236,3.7800777241501153
2.1591039134715793,1.9057217286357773,4.313432233360062,0.28244329413791786
4.679704654056438,1.4220036346949585,5.69414197145261,3.3642979304022878
3.103045357021283,1.4377845079366112,4.026956863895485,1.7827644366565834
1.5278597078941898,1.4936228158605327,5.035296683528135,0.03585043729513236
3.573889249196665,2.076857192706888,4.5563246702339555,1.6819210377646712
1.7233395563293588,2.8194638656701625,4.59865299647576,-1.3874986065815957
2.7355967291901404,2.9070634495836067,4.367523675453606,-0.22975557980657374
2.468206476349058,2.7448113083324914,5.234366539417768,-0.3248507981780089
2.368516745509178,2.891891517708448,4.7990177701133945,-0.6558228984043291
3.3127768226650867,1.703459910801378,5.540884714517661,1.6912242571617648
1.5684495464927632,1.1133548378468654,4.172750798275288,0.47221357909587025
4.777887313702933,1.679373600302099,4.466694486015298,3.3438555100587584
1.1838270522694003,2.752140136639812,5.073666197829841,-1.8668237916571604
2.1159143110476006,1.7161699976372176,4.1894450004850565,0.4381976238329954
3.249286645670213,1.2322010924804419,4.058084287273446,2.1170383658057004
4.74543131494112,2.154098561532048,5.455044730580541,2.820553865969064
3.2447261591355137,2.441492720221137,4.91489427381661,0.9254998686371041
3.0857515277966057,2.235637429783779,4.197985163992364,1.004389914847935
1.6734767274300348,1.5627940231207382,5.745404903282136,0.11501950411759532
4.274915787537372,2.7828066999873418,4.507557609763607,1.8967236285941105
1.8363395017434359,2.7785053639895723,4.461375341022998,-1.204218071845583
4.209116007513133,1.3971012408275174,5.2260927972113045,2.918224977487177
4.756097681104171,2.7962352837180706,4.965068223965563,2.3717582343777797
4.212428869359048,1.1950013100422043,4.477450619539637,3.1310011801732167
3.4555351866541257,2.333460465325623,5.6384661897847534,1.2325796802212927
2.2758857874374385,1.9217451284257983,4.588209488758202,0.3899978004842316
2.9134671630032645,2.1638759576817392,5.454251986703953,0.8166064080158209
3.807305901756376,1.568600172552304,5.135563454413687,2.3510587853143567
4.636838489300263,1.0399347028418058,4.059256270802195,3.7210882328975123
4.579016102427499,2.922616324579612,5.980821287563383,1.8985141341855958
3.1486496832699213,1.1968864950344744,4.95196418254459,2.0113987733621896
2.684427679943537,1.810368447588754,4.329159384931798,0.962234430166322
1.3860557877281834,2.5902651857540677,5.969042333136807,-1.3366188517883446
1.1525321698302662,2.760646391205179,4.005847757355488,-2.2192676521709798
4.28957052754507,2.131395572947336,5.554793271446262,2.3370626060782196
1.5234954918200416,1.5535906332236695,4.972520363009932,-0.03168112850976254
1.5714765979692813,2.295573385553878,4.4991265286920195,-0.841933757130345
3.6469585074118664,1.2188651468508886,5.914822604922074,2.48134973528948
4.212061078362597,2.3551922539324255,4.972878890996954,2.108314719471434
2.170489844073048,2.544442839615318,4.639118725101503,-0.44722304897069026
3.8655831184952163,2.379054666936448,4.553252978291741,1.7434380304707005
4.150274917345785,1.7656846670556317,5.583286615467079,2.513593760886462
1.3187408827731057,1.3968760372102158,4.4897957934748245,-0.08221552313047456
1.4961288376655046,2.490374636384304,4.467833897176169,-1.1975352079573442
1.0445029380289919,1.233736347745657,4.384442748443867,-0.19720161209588172
4.901226226179526,1.7425784744036674,5.698171353682155,3.3175888062803534
4.155242992597053,1.248395072066906,5.582418578538897,2.982379177412851
4.271043352165429,2.027609086247754,4.672951349721297,2.4900502359628187
2.166680650112881,2.243487460863143,4.390043187403691,-0.08935627810492684
4.820076860879976,2.456678337807089,4.727062966255526,2.766325537740251
3.4710798001658785,1.67763715111224,4.840185150073906,1.9119637211300875
4.5024752184307015,1.1650905882846343,4.475892624007646,3.456542574134988
2.4000567004566804,1.6895412609476128,4.0454973394663725,0.7819764462223662
1.9922897199087308,2.5646301956203255,4.593838235079897,-0.6898534079741186
1.3603054781789585,1.70903706719947,5.747189538391232,-0.36525477581242827
2.178788180045172,2.571395801175707,4.93004548928584,-0.46015651286059517
1.8034979603936905,1.2055355629465299,4.2234720279937985,0.6239190210804894
1.7644066662041942,1.0046112188515757,5.367192907533925,0.7734654117445123
1.6472820566814503,2.571005637678553,5.748477262657705,-1.0327752964020351
3.714758445729456,2.492199688408903,4.422053808141517,1.4799903172481543
3.8513761274766063,1.4387871934570815,5.166580804544915,2.511956525089667
3.615260756609172,2.1485952788730316,5.129902000077301,1.6151614730806765
2.1440603685936015,2.4179931969900523,4.981435151425368,-0.3133197232071617
1.7452907158766346,2.9423307286669247,5.70664500279446,-1.3970549134658934
2.525433451710225,2.6320053620814767,5.629940786427307,-0.12055750767587164
3.2063324954331804,2.7671022546304727,5.203135437824766,0.5186568613528822
4.495931214208273,1.0382470860697732,4.0466237524056545,3.5774376562868344
3.213025372187377,1.7756175501587403,4.527459848835215,1.5625953239747543
2.7503583100726665,1.9400892785331048,5.80731502267558,0.8596600674779937
3.9114602060163524,2.8550275032128636,4.509410825116577,1.364814894280779
4.506272600667012,1.480390302359434,5.680541413179359,3.1341843454339515
1.407377950529404,1.3279224946565755,5.126382780154165,0.08226331540282979
2.9704048672221415,1.2048265665836335,4.684622147503013,1.827037080533034
1.561121741203419,2.3739765145395904,5.092558521720723,-0.9187941387811682
4.802076871463613,1.7034219140998321,4.556218747669867,3.340932202040059
1.5817115366266399,2.246838004539791,5.630556259836059,-0.725382617369611
3.537780631190848,2.0163977972760234,5.7350709605454115,1.6251419549294677
3.638275046460618,1.9131734459688994,4.827178887770692,1.87897755745693
1.06940985051456,1.9528184054038509,5.951194681172903,-0.9351905332701203
2.182704861244445,2.6107426608041298,5.3891706931492385,-0.48928493547077423
4.685580332362434,1.9759487109439755,5.552954145697815,2.899403723649788
3.5810812428302534,2.6057633623214382,4.609221063606706,1.1824041253452127
2.3297379678387515,1.2643634431413182,5.890682140996114,1.0907969643550537
3.486899844523253,2.5323101042462026,5.741106585738738,1.0636502259991034
3.704299203669078,2.164543084782948,4.634425541600309,1.7413584847757435
4.960701672941752,2.55332944694359,5.312190998544306,2.745290086579996
4.612890685757947,1.9538037345239039,4.187538685997467,3.0063801466401454
4.441233387531101,2.6758873289876552,5.138217737687514,2.0679001698518484
1.1411721129070562,1.6126963137658346,4.7576705453209405,-0.5011959875079902
4.722359054323949,2.0184292624648084,4.088706803448799,3.1091974032477157
1.8127849561288825,2.1418370249380807,4.392892027155723,-0.3768845276110099
4.805051380384986,1.017547828237092,5.491637373179085,3.854244404883151
3.3923982109170305,1.1788354566050534,5.773967932128057,2.261190820512964
1.0106193204694134,1.3884899312470071,4.857644391921361,-0.3943223162186327
1.1888111634406906,2.6310095246089222,5.563564181318261,-1.6367858414038903
3.5715821088985282,1.1838842890171435,5.53182989846553,2.444331060268102
1.7427961693895675,1.41522188526346,4.6710622199417475,0.3437302807034209
4.9489891626274485,1.060626567438152,5.448341905411949,3.9642022543736655
2.059545331063543,1.3210971896503527,5.346039242337301,0.76208367214855
3.2416864098985654,1.3873548870264258,4.248537350749473,1.961881194687798
2.4808643988696972,1.4058000967187547,5.5060787747465,1.111916346608362
4.274749242316858,2.608934732791403,4.197588175922643,2.1264208840696552
3.749297571912882,2.9445973622996693,5.312304138223078,0.9668175721298545
3.3339402348435057,2.7478459354747553,5.433740504615902,0.6793649696304966
4.606399801398758,1.6738890879509205,5.13670881456798,3.1018228669467063
3.68032459623649,2.2326361723172345,4.946063959660674,1.6223807681426268
2.8386131782791253,2.1733355295439463,5.343057205421226,0.7282449132670691
1.538254711463582,1.9278473839621217,4.0649545844809385,-0.44252556037237395
3.3487752863081615,1.4537463411882932,4.629235165744348,1.9960046514222425
1.6276950744267356,2.8948183476820186,4.849745149357506,-1.5793342808096675
3.984108103533199,2.3067085743772235,4.947815622218956,1.8960620918276203
1.6244578431758927,2.626919793403058,4.673784639108703,-1.212019556524512
3.9816968105366466,2.5504347002827004,4.589054766087135,1.7216334382756744
2.870183790030227,1.112905741928685,5.4688487798420065,1.7948347214300477
1.9559123395954625,2.8135329905904607,5.985359585924423,-0.9716654285757813
4.895789164627273,2.6551712065380753,4.243153290367653,2.8725124855250987
1.0620391394459587,2.350713478755595,5.755607474920539,-1.4117917946929057
3.018823704137885,1.0797846769274018,4.914264504494885,1.9876124055877913
4.892682382634243,2.440944845879066,4.5903279770847885,2.8949682182112966
4.161800679796068,2.0127012945542897,5.468581279713282,2.311339897551886
4.028487323809342,2.222922426084848,5.421579762732974,1.9796138833296262
1.976556098972746,1.624571991125111,4.4882892086887765,0.3775865850678872
3.2833224718233134,1.3531370593848215,4.889964065545813,2.008619168515429
3.494038387549926,1.6314078681107793,4.344542223973359,2.009701727228214
3.9937284061503497,1.5148000440653422,5.963016100557545,2.563006042811636
4.820258057234701,1.494787269560944,5.08763132634692,3.4790192972258747
4.7354224858181855,1.817054090842674,4.935362088709757,3.1388461466935453
1.8749891110979209,2.880694739210165,5.6942546686589255,-1.1659069705270977
3.422369182571409,2.166876666211588,5.2936507956022645,1.3760569104142366
2.7187004145956726,2.8909388887792193,5.523546071299421,-0.20213492148141737
1.8676908236745606,1.0292139796653328,5.123470357450672,0.8559245180609729
2.170867529134777,1.3701200937648281,4.72103251091193,0.83676068931628
3.6047914393679332,2.4828930424464604,5.4033891945366985,1.263151087734944
3.084509383684483,2.4619083403265503,5.171849217750271,0.7079565585337226
2.409449897133886,1.4337868652975874,4.882160898121115,1.0206703291839996
1.0774203264722817,1.3350346848220171,4.48014645801447,-0.2698749722634336
1.3507622925464804,1.1975466531183578,5.845152356752296,0.15653618013363418
4.346683481875354,1.252022135208948,5.977153729438609,3.164872416526239
1.72286774136913,1.0711626879500393,4.769501466463275,0.6687897561167648
2.7274811326113624,2.4759599171960973,5.567757667524335,0.2808154525316261
1.3943542709775172,1.0773594156490547,4.6233093319873735,0.3259687477446296
4.7495371360371905,1.802760060078935,5.893233196281349,3.095150687848686
4.573312762811271,2.2138749209397472,4.042434691565887,2.819926936263679
4.842884402351002,2.3065085099597984,4.942958204877589,2.8677268351700085
4.006848971914993,1.3858741369448924,5.126483086249994,2.722338456859102
3.242881417023357,1.9336222668995109,4.151453390229372,1.4795462857935546
1.532066676894917,2.0358171445951627,5.012396738832592,-0.5512677847852591
4.251632310544723,2.7210412309203855,4.312119034862712,1.973008486480313
2.0381654363143333,2.2997302465800624,4.771281734779463,-0.2985305351224912
1.0191751295812956,1.8500031519978148,4.264849308619101,-0.9220980451015955
3.3750918614891625,1.9174610652132285,5.37736428291239,1.5601902837954202
3.5588150454845477,2.440767050626779,4.125223968859565,1.3868448668207038
1.1247658765851547,1.0180492376258663,4.296499553442361,0.10984477590980805
2.8467372548440233,1.6829937880040322,4.324915465706558,1.263319581555866
3.157975016290783,1.504847192976286,5.019743256360559,1.7328264510357299
3.8118008615306715,2.8559672811795527,5.135720352032674,1.1500599953135102
4.993972537215756,2.225477357460642,4.587811138635983,3.1659225309754384
4.257716709881393,1.0768766332129014,5.470566180916971,3.2443191532066034
4.235280571667934,2.7786646334745195,5.010576609920875,1.7504376893217988
1.511737938755818,1.3173343346705502,5.247290674678243,0.20083555952172905
4.00570532392636,2.797589248770609,4.235770446040953,1.6089882089817364
2.754404698107604,1.7579666571159935,5.378220624674766,1.05435357371772
3.6736190124460637,1.010683079277965,5.575555999280093,2.7077951651338013
1.5539066125160774,2.75912033821399,4.904749282659587,-1.4577381438318397
1.6085369242590661,1.2040985410901581,5.539004877346335,0.4143471383510707
1.2391708724291481,1.8589663329569812,4.19278591254904,-0.6914756146946299
1.8495586395590653,2.5443235867774305,4.271424582197663,-0.864957973812477
4.440697456368586,1.2575797635984987,4.123844937774609,3.342321372062906
3.0651104254023496,1.534406678329401,4.827373750713176,1.6144293264197123
1.8961739432458242,2.490026329096537,4.89065496831547,-0.6899773156009048
3.940958645399518,1.527108625668587,5.480275996373777,2.5134030308808515
3.5737566063407047,2.3564866863606797,5.826617783577204,1.33097969901961
4.026589923446227,1.6512174450465582,5.03038670204498,2.5147090716265086
4.6223811315845955,2.462952795401317,5.43849365691644,2.422039169580021
2.730419228153623,1.670346308317614,4.389795643090965,1.1462996476567837
1.957785468136024,2.396613241264418,4.443482009427315,-0.5211244595074401
3.55554178096643,2.1909557448870833,4.803791224691926,1.533356047964392
3.34409236002458,2.87614782485759,4.770151536478446,0.586557367456609
2.257334219701982,1.816359239332403,4.4647452369108676,0.482727435146764
2.465523744214166,1.3358369463549358,4.920262331519282,1.1737746443041404
2.079991261029898,2.9139247106155883,5.360362665339454,-0.9935578626694223
2.438414415937989,2.536049528005344,4.436966750141553,-0.11898720444702326
1.422329198894142,2.4698633725518575,4.662113960794127,-1.235096839194469
1.127667613384343,2.639356096686129,5.243422778109688,-1.7494899755764521
3.029053324113062,2.2838456906205318,5.830698497763416,0.8099239323847938
2.518209226353359,2.851076323055207,5.7570857960682815,-0.38315088949207304
4.4866286995147355,2.7050043919854816,5.129784032597546,2.096840690674128
3.91800789061836,1.2527396616932396,4.002943701801745,2.806230563395354
1.3816844184844959,2.4957135902389735,5.332132257335326,-1.2606402714246012
3.3773979655116033,2.744340696083661,4.594898662215457,0.7892999319170891
3.7225655173915655,1.0210109410734587,5.626596929506877,2.747162857771091
1.0152386246836613,2.75676314982712,4.224785005082646,-2.298222532648
1.1519979980032349,2.580358842722465,5.7052109585949085,-1.6015249890808374
3.6609201858090983,2.9723333608751186,4.587590378080847,0.9039903960394797
3.0221295881932457,2.146952040381687,5.059834376754621,0.9664962475797632
4.455653423642605,1.2184294156450353,5.597595071946316,3.3167517965028877
2.19631338056143,1.2335952601848317,5.764783032097965,0.9855470804839651
1.3588472210520082,2.4097107201606036,5.910240197006647,-1.150864482140026
2.519830617086696,2.85450141524536,5.742005977261554,-0.38570840232138254
3.3062027604746076,1.7060821059915836,4.107213213243494,1.7590607957459834
3.3737294820446997,2.0728313000046983,4.003033722469718,1.5206423052786668
1.2021931228409435,2.093261979985334,4.177568144508997,-1.0296545280065335
3.3169129772323833,2.543576293487378,5.329194660823828,0.8800464165753965
4.933292325818124,2.553525609288714,5.029979089303252,2.762170601134164
2.804098854495425,2.86488030460564,5.705198430920934,-0.07028552814788627
1.7338160388354278,2.953760242133044,4.881413420336836,-1.5323105644571637
2.879705925174218,2.403472162079954,4.186550861841534,0.5816313830704501
4.560663845987422,2.1066450416757903,5.916067005188078,2.6261578546154856
2.8324000144711237,2.07405448675867,4.241293539815438,0.8693875319066737
1.0183173588044734,2.4894836748964417,5.823391216493844,-1.6273663883576466
1.4967919410717148,1.817987979668361,5.270792623058681,-0.3421955351210905
1.568299347258117,1.1046990396611744,4.8073945223273675,0.47634743655063216
3.198449126879674,1.6900664154157592,5.7163975448334785,1.5789696003806386
2.8147179006063996,2.913682980261512,4.444386473253957,-0.13105883937332666
4.060514311170667,2.792605548183807,4.5668771360933675,1.602409969563815
3.420848121677083,1.7740962248684142,5.078581877716368,1.75747246614984
1.993402411940313,2.1675890037407104,5.824742065264213,-0.18766492898548112
4.21327194224321,1.0469539002377297,5.659634190456581,3.221924826576195
1.9472384414498314,2.9724105502482203,4.739444459408803,-1.3162014066274734
3.275422456220594,1.843054832543702,5.849249654526997,1.5092472319605648
1.330351682731426,1.6860903666025824,4.364660066731616,-0.3856784942598307
2.2141424575778337,1.3791013882870358,5.296647214524445,0.8648720329052171
4.770296010210709,2.207514679233993,5.310560364036967,2.817763170500415
2.5437241615809976,2.515380715712781,4.712383367744381,0.03351783728276317
1.8809852134805176,1.5196095393263032,4.825137912451922,0.38075098113543454
3.0401810958866706,2.495876165457763,4.701081872406617,0.6423046171460923
4.768518917170573,2.5967384925323893,5.052968091297225,2.5316612895082873
1.418706472185168,1.357013091001291,4.255535771202186,0.06509151794241334
2.3186833806741767,1.7307227335073145,5.180556484075667,0.6238014352637031
4.943992077850069,1.66191029531358,5.79804962592279,3.4258275660551907
2.8407460033928,2.1636763239903036,4.505594577529105,0.7718989159175924
4.62693205945604,1.4478965125100405,5.335506675251686,3.3029795263576043
1.4801651520592385,1.9385704874366079,5.658014603317089,-0.48793897037034073
4.198043173576595,2.0427269621312734,5.39464915841431,2.328720486727116
1.0589709825447233,1.2844391657040664,5.118935291454396,-0.2329197437463492
1.6773370950966688,1.101653472028258,5.380790528570154,0.5881423807157015
3.5191036618045755,2.9290742845327347,5.940765526660135,0.6781924269779137
2.598075428989911,1.663188111549196,4.527529657204701,1.0051657182472988
1.5100943524042343,2.6012351458563217,5.7439953566892274,-1.2238271437748518
4.313426998499208,1.4460342572998586,5.965150150239806,2.9555479665410425
4.052259408664787,2.31954115633273,5.716365565942637,1.8958062573951335
2.088067029323565,2.615388593589646,5.910722919220945,-0.5880183613834339
3.6676724462699175,1.728533842358996,4.9035531124465415,2.072151227130213
3.6188348875272807,2.247776319192785,5.308171103349357,1.5134487899316966
4.976809727531979,1.5589753901182593,5.540415022342395,3.5617440650397976
3.405274550855846,2.633789549982033,4.2505999552764,0.9829138521526664
4.704267844616874,2.3538934398923326,5.1977673210338695,2.6361946906667435
3.605241280304831,2.6782201273447135,5.299294319510129,1.074321402797384
3.99666215010295,1.450062941495273,5.728922590068743,2.6323158215558893
2.193780373629366,1.9452735344244834,4.537963030814506,0.275060425544472
3.9967213067219394,1.222408431385262,5.550781388879851,2.844137574170402
3.1361510383503006,1.4688443771849193,4.621922698502201,1.7584692887760025
3.125073239117545,1.825635661334023,5.119042353081129,1.3908983929582548
2.405915363437227,2.027520870935863,5.387997053701902,0.4084143573968439
4.35228566588155,1.8186562276675553,4.345875255755808,2.7896445738403006
1.0433509691329896,1.5501567563582903,5.746682722893812,-0.5263158294846049
1.0423530393070504,2.500721409507287,4.973736619371632,-1.6871231041304267
1.87102380129464,2.7208470287047675,5.208473397527237,-0.9966174509388749
4.4442719883538215,1.7245096935296558,4.417228319001698,2.954198449443938
2.0626285863772833,2.1043860075776486,4.0691053679405655,-0.04878843876755387
3.670749377780008,1.6636855831738306,5.643418137171051,2.100408787559696
4.425390088358169,1.5927753472698867,5.57217609128558,2.9559486094705667
3.775265986115225,1.3265106943728682,5.554725434478284,2.5217163606999464
4.823319287922495,2.075890858109002,4.732087442956908,3.057313406662422
2.29463222815847,2.6994932084903387,5.501576848474153,-0.4646407524268783
1.807034688119352,2.067507714562683,5.5175844841693165,-0.2809421724284197
2.3847097210179373,2.3324264445897875,5.27917485191948,0.058279967071282975
4.996621085855621,1.2895927360251063,5.302019576612428,3.821799002056925
4.13432357315698,1.5816625780274354,5.895321745837425,2.6498086038233537
4.952978631728373,2.6548844077264926,5.242362684248212,2.6651317023312733
4.52018029574989,2.435508592855652,4.095230527757188,2.593087613806404
1.2572053278278297,1.6308042718156688,4.8428214894791255,-0.3967723264066608
3.4234244157293117,1.1631067728912654,5.717833240728194,2.3085852884405043
2.3741412860214446,2.8694370913093508,5.6377866285857134,-0.5753987262457593
3.31506259904603,2.6325454107482753,5.060615784396724,0.7991603117398673
2.363174565331666,1.8916498722290092,5.1462924471183324,0.5070191945118913
1.1871512232928554,2.8479323225028237,5.172001581067734,-1.989578664235463
3.1012842361557467,2.4983059786680037,5.501906459379046,0.6767729820196818
4.744060107496894,1.958938357958389,5.950656509473273,2.949524533067007
4.737431998216191,1.7061882371949817,4.462730889291381,3.2804593778214057
4.619300743392066,1.10792998386134,4.70253463945274,3.6130809730195685
4.5978781837435,1.4934471431273688,4.289802887020584,3.31159455526082
3.629831239274021,1.1789601873328936,4.425406644564745,2.542765126213718
3.4239051200165327,1.2418588659938328,4.746847841454104,2.260785779628581
3.706827323546302,1.842943001828586,5.692753586313525,1.969971565814756
2.4077480465556675,2.555538386119811,5.799580395446636,-0.16463534234697497
1.1755814549765335,2.6204361150086273,4.769824739172936,-1.7291761140166937
1.3264712307656104,1.5023612018941437,4.03822356953185,-0.18949196330581666
1.4375389337637494,1.5220235435177834,4.7966074800637815,-0.08908861790198565
3.1737317432900487,1.463325895279822,5.417837949003755,1.7764287056893249
1.6789968668103765,1.6199677525392648,4.871705736491786,0.06259090175839663
4.354593531874842,1.6586955231994376,5.073160108506451,2.8526817491326257
2.638842110080332,2.8583505818921324,4.373046480501946,-0.29004244047894406
3.5164521143522616,2.9922687287784155,5.816041999257861,0.6112931943274735
2.1597325207487876,1.8290465124919593,5.5391214361996,0.3503366782655611
2.9588872812631175,2.622244917259761,4.223765590709272,0.429421238790167
1.9532521533738838,1.8517815566831377,4.535763726698398,0.11115623507580498
2.404192811452041,2.6770024504482794,4.08253621308563,-0.3613354630170652
4.504463251310872,2.7709710265531866,4.051982701145457,2.3758921563946385
4.696555296192981,1.750399833060884,4.698896823097476,3.174644119721275
1.318186564028991,2.427906424350362,4.662544722785704,-1.2998577136265421
4.705065302233891,2.7588568054287705,4.927519142272397,2.3488804033195345
4.84296922654205,2.2668102031221644,4.04294920590243,3.1111867283110106
3.2052884044655205,2.923121908564947,4.1616345059468856,0.3964210476944992
2.9035511865219745,2.7574521406818384,4.071099007774176,0.19858911637229615
2.9238845725737765,1.4687962793066012,4.5600947306618504,1.537000563902475
1.513537906442695,1.2833460928781262,4.634096207969019,0.2395614228371556
3.7101704822251773,1.796069700263708,4.495015896199975,2.0880270570306316
4.24721113109133,2.351621279043168,5.465583858695567,2.09989939327428
1.637476648890435,1.916201873814921,4.727307161132158,-0.30489673625341546
3.528302963544461,1.3692807189775522,5.320239931344645,2.234290108811422
4.536227069129495,2.408437900229689,5.837445534116933,2.3358697027030506
3.6502221496613823,2.647941624345064,4.068216995686074,1.3202210451234355
4.73199128177966,2.9063339987879266,5.569265506556825,2.1401881994390632
3.602375518618579,2.572482349310367,4.541677635396238,1.2496899445968148
1.6111366546925665,2.27379674566714,5.898631673979677,-0.7181619884090529
2.3423131483865904,1.731680244362132,5.661033766299608,0.64137709043403
1.21613024268754,2.511364579065444,4.444504312266908,-1.5698724334977496
2.0260258103998967,1.8204185674657487,4.5246118252141,0.22458669261801584
4.767926538895985,2.777019394934756,5.2692023267174335,2.3426635661843007
1.1318474888478023,1.8394342141338051,5.252434682120196,-0.7554258013145443
1.5129719805773592,1.374057292203241,5.241261854624463,0.14394946446409349
3.631604171047343,2.040209221111107,5.72303047804802,1.7033041943035543
2.309872415854174,1.3046009330125723,4.67531704107288,1.046853061846965
3.7690138250467093,2.9401114130607677,4.0025749298847915,1.2215804919458704
2.2317838140991344,2.443194807554712,4.609846251767339,-0.24930516529434016
2.019158245986999,1.1269540213048608,4.712963605624141,0.9188598553014247
1.7307829471434388,2.0577656619191025,5.781617669595512,-0.3498944124035616
4.5191824873739534,1.1741731386229601,4.947569621972724,3.4433842750397954
4.879902064072134,2.4154250578201895,5.533700361146757,2.739198515325304
1.4986005905066078,1.3929908643136792,5.896793999799534,0.10868580281407088
4.661780698620239,2.1202961290316167,4.382979715778663,2.903881814529979
2.036295173960847,2.768921774944828,5.57820154157835,-0.8439388395910581
1.8675644657959727,1.1511050217731207,5.8123755826736145,0.7309369895735853
4.901356905610863,2.466513578528711,4.737240309751912,2.851901801699881
2.5114372851798907,2.036326756457137,4.968639693681796,0.5208635555940938
4.976135496505174,2.857512394321418,5.050612054125504,2.5694003755941837
1.7171600711044963,2.7051266275867745,4.64023336843757,-1.215970561392491
2.984642063157832,1.407274528223357,4.289542438167047,1.6697850196997397
3.4244362421130576,1.8356456489809263,5.643248889721763,1.6801626112986199
1.6515339239028872,2.8803483408637685,5.680298266339499,-1.4257028633178885
3.64656071249171,2.2808096085996286,5.7523740586202035,1.4876892156658488
1.2988106692729207,1.7955951848465916,5.5350125598756295,-0.5251878858162539
3.677342105025774,2.9706192815490287,5.608351999750256,0.833204065749175
2.664320505362042,1.5545751416863822,5.783400643163335,1.1521488713627042
3.270847362429413,1.5550466822511937,5.914363260689566,1.7783714549712444
3.187819617631402,2.223554914605632,4.187442887518575,1.137952140803678
2.545498538178025,1.9208879317627938,4.9937524387970535,0.6766745753840266
3.3827033434911242,2.3643771404817433,4.95512655680106,1.1587457340613538
2.497957257447846,1.6097994016924737,4.4179535429637955,0.9537248812687367
3.072303755180888,1.792254599805406,4.609825301092419,1.3893547758221458
4.086932465576799,1.890090501549446,4.50678658916336,2.41994314983114
4.939551036186812,1.4518405768022362,5.618812659149512,3.610313465639725
4.590550979444471,1.6824884985525221,4.910027233714923,3.095467974899515
3.153452166282756,2.5354763988347715,5.242261362969222,0.7060518405557433
4.76236906583954,1.1656621064645925,5.961235656665755,3.6675057485212346
2.6083702458228006,2.3274194199224683,4.860257054655145,0.3200306817767027
1.3626766873372729,2.230671876835391,4.904665029544171,-0.9746288952910478
2.2998643352755117,1.2676295050948196,4.944709216009441,1.0679235910208555
3.7596415675203705,1.7818816220928093,4.512940319983337,2.152662400440623
1.9379452060000841,1.232752470878183,5.47321956977926,0.7237906733045656
2.7425677559252297,1.4368132617715483,4.648526709265624,1.3729857880549867
4.740864297809885,1.5926373478600586,4.029902979287433,3.427227241006444
2.230829754312049,2.8577906017280528,4.587449833903365,-0.8014789314434457
2.9685287866545638,1.750638295057881,4.207826347158074,1.3393055474237772
1.5724659827668819,2.69255217616083,4.1877469055112595,-1.4624442964723408
3.285549547091431,1.0560528722630862,4.0400519759062234,2.309804695480629
4.220667717933551,1.3127924452245048,5.6334331658287855,2.9902011283527528
3.6927535743180204,2.7465133674180664,4.182988783080513,1.2545500208828968
3.683247998260937,1.1716623996310223,4.888841855842469,2.586978555636157
2.636100381704123,1.052085830477132,4.096507368542382,1.6389897025719782
4.362635560979981,2.8879930419384534,5.781401264392083,1.7022393718733762
4.765915087975144,1.758885497795855,5.8471243396364,3.1530688898482917
3.9036840513702553,1.5236489570543226,4.036834445802029,2.570133922371932
3.360353398373158,2.8271313949051997,4.342116839836086,0.7025359108723018
1.5101861371477043,2.6598954684949407,4.321864408419797,-1.4586976661139306
3.6081196952528263,1.4429934728313858,5.227624097267765,2.252645230387886
3.1864850943612772,1.7391588685053634,5.223936074931497,1.5348842101187832
2.5011567691973586,1.0040138197519388,4.496188799829801,1.535926615966009
3.296389361814755,1.8609513886625262,5.464760756040514,1.5266861114677488
2.6667564701390702,1.2851045548709947,5.046479376677989,1.428754645448797
1.046669295013591,1.984933898706323,4.586747592785499,-1.040767743472999
1.6996368360067011,1.7853060535934961,4.186988942222418,-0.09471050601759258
2.914749958978995,1.3502248936165604,4.8841470098275215,1.6279700577660896
3.2203041551838587,2.570972952158231,4.052649421096397,0.8400029962267787
3.827094798881691,1.6194318526321263,5.257643769118604,2.320481068846726
1.251971510037221,1.2150847257870372,5.6273179929234445,0.037777977593233626
4.432070770198228,2.8452131716145574,4.198365453981384,2.157983774390851
4.735963782784314,1.5384947148555324,5.395677425746873,3.335952934235015
3.7131182935924363,1.1282813573375585,4.7580447848052305,2.6607272381038363
4.530551920603356,1.5554632607914811,4.255208076361292,3.1962901794102816
1.1793768425977316,1.2644445293095328,5.277285438574092,-0.08761993572077927
3.949888547760194,2.0389147138197803,5.57543999191052,2.0531891049633937
3.7985321932279734,1.3774687223218696,4.139415130133117,2.56738271965268
2.854291246775958,1.1797537600303531,4.085710474161865,1.7490392605110003
3.631889550442797,1.0236530323350543,4.581012146868178,2.6758990374655616
1.4791527237356465,1.1426932769406182,5.330320242866589,0.34446791598563214
1.8350357365040453,1.856051225543564,5.883004268142402,-0.02214656630776026
1.3109356622955164,1.8307823173890019,5.4005583392758645,-0.5525658250505557
4.359134084708435,1.0610696490954996,5.9592748998535425,3.351620613336738
2.964634128241278,2.6482148144876003,5.922886272115388,0.3537481702342274
2.456248597839867,1.8200484771685022,5.8103902458957135,0.66991429888647
4.877891086313578,1.6413088950983958,4.244049165237891,3.5096611283983474
2.078928419609067,2.3032148918994912,5.459711534530482,-0.24737589384283784
2.362332861890391,2.031843994317458,5.43341334144349,0.35634241887038237
1.410360127648989,1.61769536072991,4.869511094839608,-0.21981971736607975
4.033594483969897,2.1319475460776336,5.1582799954678356,2.0883627668432068
1.3007653683045293,2.341013486706715,4.023440357649571,-1.2790450405474079
4.886142238364557,2.5453565535820797,4.766394954787715,2.7686173337019677
3.176148040596993,1.0760556862783028,4.515235593314505,2.162396368112034
2.508984695822182,1.7676010077042423,4.096067683772374,0.8218459615920329
3.978101495486146,1.4948642683919457,5.729769435165094,2.5723235603178876
1.0773674666951147,2.2030566384308647,5.229335048166739,-1.2412127345733768
4.517959654789218,2.4326668388093395,4.4206392612008925,2.497450452318757
4.422023672507297,2.5883146812332054,5.149817726176388,2.1210785677716006
1.9641368501640195,2.632751150381381,5.480066411505192,-0.762356047492859
4.19809936505343,2.4440031717793653,4.755084660977754,2.044868072175989
4.452092560742926,2.2991471664149854,4.89807483202012,2.438253662865968
3.8720603060652086,2.2074329580658962,5.184534145265216,1.8397124768398592
1.6118712915876863,2.1848436851402484,4.039891999890439,-0.6811854807712285
1.7699373875297861,1.0994241657072112,4.517879844105252,0.6912944679122448
2.3628661815919907,1.3808580737000697,4.537280118592922,1.030909592645051
2.142928490712859,1.7980307606017916,5.3369572707340645,0.36631243810224334
2.082613168307131,2.0561776078563323,4.236681434826739,0.030235134390124388
2.6330554694253645,2.7005386076284283,5.41903407880831,-0.07783703045300053
3.8614424481127303,1.5502238470094807,5.9279171445817305,2.394548615071171
4.7318737274642055,2.7762095946219665,4.1325288232161475,2.6401574530173693
2.5876187960234147,2.41799681153768,4.078359196531744,0.21063535142335038
4.130195616572532,2.3535153656344105,4.430492527261187,2.097018445022606
1.9830338787870283,2.0600539324760945,4.6444209851023395,-0.08593615387712464
4.8279331139620085,1.7205437561593775,5.552427048596821,3.2682590803723173
2.209457443260783,1.1655924596746896,5.164940013479413,1.0715067650743875
4.313727186299116,1.0769030042401073,5.612704731345875,3.2981009801868866
3.8209280393866134,2.1808409148393553,5.87978834452553,1.7660583944034267
4.668662255269121,2.6040851595592853,5.530684743463847,2.3402147858352955
4.473595300957829,2.5751062688107753,4.976771331827489,2.218564644584997
3.1085581448944097,1.2640701579052547,4.599547045148723,1.9183556403902784
1.1681545996776377,2.0607418226922976,5.531799508530538,-0.9618173328061644
3.2281465856903186,1.9388384083529142,5.350939972030159,1.3833073311368531
2.312028557720534,1.3601390757459075,4.374549658392494,1.0015295112953166
2.787396351368002,1.2805863516890863,4.794882234665008,1.5636062116354927
3.256305937756441,2.5834862954280258,4.337897331199754,0.8375597428322821
1.8790410173359184,2.8131580164998016,5.337140417279908,-1.0992082712683826
1.3354180614371418,1.56411040526076,4.585645400953668,-0.2432816452295854
1.9361198647555926,1.5301787914575806,5.057538934971504,0.4259021552066647
4.1707903157421065,1.2507143294603686,4.6896057525415,3.0298165345211414
2.668911059644728,2.2319801742209364,4.50524543338341,0.5029972343536592
4.943875074934228,2.509101781150454,4.634198570203568,2.895971978236072
3.0046740785166293,1.5486823315710674,4.099658418345405,1.5725083063578975
2.787080710945944,1.8951431072503717,4.348142567244361,0.9910211412252876
2.181464486760108,2.8742889212111358,5.479402967164102,-0.8137740556045958
1.2764565262943126,1.4091810652624397,4.076790539665845,-0.14144308517998294
2.7598276579662673,1.3473043443373227,5.93991177725888,1.450324328454202
4.545521810495498,2.455541492416295,4.414648979135519,2.514923925855953
3.166041728591296,1.0867490060808234,4.689903488368489,2.1374697473118025
4.262479611856396,2.576927331309185,4.305180502755891,2.1041135563969755
3.1138089380067258,1.4044022780954004,5.866386130476179,1.7606023882826882
1.3806257142160536,1.3248502483005338,5.680850114660605,0.05735705304932225
2.6268092933337637,1.2637318346956172,5.99046169157321,1.3944593908102834
1.997517998244732,1.7263685851247668,5.449604137311265,0.2858728943312198
1.3185861533180527,1.7093472584549763,4.554648307410274,-0.42157645193892185
1.2199813364501693,1.120029105299998,4.230168831036156,0.1036514349554864
2.310479312610604,1.0814384215124224,5.4143355220888285,1.2543157006339574
4.493945356103355,1.2758438478841752,4.805664189509008,3.3378838132689648
4.468564964222979,2.0531342216539596,5.126907475466876,2.6360319665960166
1.8769547095076344,2.6231966217119727,4.0959444832340335,-0.9716561808527951
1.023892952890677,2.1935413728346917,4.847058655325011,-1.3116495570693487
2.1648863460664343,2.0945037225844008,4.131761541453153,0.08165144848956025
4.252286013116889,1.4042833378699293,4.346791156576005,3.009371879256133
2.510298993522387,1.755324757559394,5.862669883196277,0.7912735378180883
2.6466731146229603,2.223633248305733,4.4086796354115405,0.48992206972820845
4.0422778039518406,1.750100780049211,4.048284210981162,2.5419867430277088
3.290324471984088,2.160882986665319,4.679565651810246,1.2733279160475623
1.4170383692771331,2.3325752313965404,5.436086047459213,-1.0135902696355195
1.2238961286751522,1.6764234594408618,5.05995108092544,-0.4796154404362586
3.085820292621024,1.8972079180490704,5.649627062768662,1.2618912516157716
3.0738824367565085,1.2721886657190522,5.310691678700216,1.8557261145075175
1.539711686626191,1.4443029887968302,4.434144047285411,0.10091190628680204
2.7986677773750226,1.0540102049967859,4.138148625497385,1.8041613260303377
1.7160770084049592,1.0687818408661336,4.845825095402274,0.6636378935300461
2.004663033321481,2.5511684362344584,4.36587240262028,-0.6734454678769229
3.849966332701625,2.0575228136513815,5.579834124622315,1.9283299894212398
1.6540694082897356,1.3650120284565976,5.6566194222386414,0.29785988282487585
3.6360772319926045,1.7375012464250197,4.4328566302996215,2.0637090766179074
2.6121327816941182,1.6000811622717748,4.926077509341234,1.0700749729101249
3.6450219961030683,2.1862461511472326,4.621624136550029,1.6557484682612162
3.709575060142547,1.2944368423091919,5.8343046587681755,2.476869107756091
1.1099633002037979,2.125556389658859,5.115913966332326,-1.1165239142902639
4.5001253385358435,1.6429907413631968,4.668400176775405,3.0524190700600795
1.9478894267776456,2.2642865210194674,5.985115879354693,-0.3418014719631536
3.37836452024555,2.08092216328861,5.050077540110938,1.4239490388475706
2.4536493232138317,2.7084856757697806,5.251219907987899,-0.297455908024947
1.5054567733701885,2.387465746864134,5.394956742479154,-0.9835612282003011
2.3759151614890692,1.3798485924395902,4.611372078085331,1.0438959518914683
3.365935889379503,2.4515929991037475,4.004419194483976,1.156391874282856
2.1034746031178684,2.5899286614137758,5.141413919450181,-0.5631192961850632
2.793926479103442,1.4612006534157405,5.412191812917676,1.3841252562961228
1.9948523906216606,1.9749906086676439,5.4566436600309745,0.021306341980853835
3.7149074802297983,2.5497296434012027,4.45447747631282,1.420989105997986
4.2417818385159265,2.6633292512880273,5.709554077663789,1.7844945896447724
3.354662658481657,2.1553807083273764,5.589921591685451,1.2997908693882247
3.344897011915557,1.11560686468043,4.427719026899147,2.303609850025945
1.1257866287141254,2.6742454122122528,4.413877782968393,-1.9463708191036542
3.0229611029599233,2.1514457534896874,4.0171632445989625,1.0319958666304812
3.9869129482942087,1.687499555592742,5.536435331761693,2.4142933847648607
2.71505926349331,1.6056833894237632,5.800306177682511,1.1544938719663136
1.0835253078722333,2.0700273852843667,5.124311017889132,-1.0784086727461986
4.450663183970159,1.1006074607702787,5.61220878480864,3.4163952777492503
2.090877119740876,1.809521266463467,4.948101115236712,0.30229500399105536
4.037851256180929,2.0559587614106722,5.764005128693,2.1214338766591676
3.992623547863841,2.1694044903510097,5.955811964196794,1.957711471045555
3.5973149441679713,1.5136268861288495,5.415006620184878,2.1701951468508938
3.477652430757846,1.2676026185854103,5.625036518345718,2.2683978860156286
3.744918456393645,1.868075240190123,4.667126985556163,2.0480598010752895
2.2710432710750696,1.4586282138496593,4.522122400567889,0.8582896988365184
2.73098360816582,1.6728296874224122,4.562344480528191,1.1373657955564285
3.8032510333048895,2.5398161367140886,5.880799370429637,1.4008130032686485
3.184453323401548,2.9095446158156184,5.919015154868745,0.3156806550859396
1.7417182733026415,1.4589891059427322,5.310453546050204,0.29404434082256276
2.977434931060943,1.360018703821703,4.282701744670639,1.7057072645144007
2.1175762056208027,1.1362344622754639,4.220118462662263,1.0189697839875342
1.5720672222617798,2.3187838278597814,4.326690470838244,-0.884457332631104
3.258383815749262,1.1674164871745851,4.75867352025424,2.156879042439708
2.28133250306631,2.3040676125250874,5.0968723469608515,-0.025488077536788938
1.4667994866474414,1.9488900445587756,5.507399535103728,-0.5154419505230499
2.489875855004963,1.2965958340425512,5.036985432778796,1.2348948235501216
3.6609063506888915,2.1209755115906184,4.46058133801583,1.7504794386213205
3.87950781958923,1.8574201201022937,5.0213085325133555,2.176467701358201
4.147009734789988,1.6296746857182467,5.899119382450207,2.619267187903126
1.2480915544623308,1.7920744162246187,5.379342258524877,-0.5769391546724009
3.2933792951507646,1.8248256775768947,5.129940597977177,1.5713306852313247
3.1594290472353905,2.128356969768885,4.4298493075121055,1.17565711293812
3.7267790064178525,1.2578268899683402,4.623215116347097,2.565736440480602
3.331290466353809,2.283359473770891,4.991810693775053,1.1784433358338025
1.2223580841837363,2.59395106866418,4.714486259298439,-1.6425727882943157
4.8352075448993315,1.3975001497925432,4.246465785087466,3.6404975265205204
4.0388758859289835,2.5483713120573057,5.344976520401708,1.6956371117519726
1.50530834637713,2.497657206805841,4.903879813726383,-1.1531222014792282
4.807253196777207,2.0823437068016784,5.43116301802117,2.950378417597524
2.744997270388353,1.706199967950233,4.483283732331696,1.1233247726481452
3.5774349273758865,2.0654938571957073,4.838898398528332,1.6719066614637796
2.0361930036274116,1.883605839623931,5.332026849177757,0.16310338674892352
1.6649085583582628,1.3925185279507917,4.242736024022639,0.2883642712151267
3.9315066528379083,1.0758007782053887,5.033989783111494,2.923239369834987
1.838279146328886,2.90139747307351,4.457433836813917,-1.4004003661423672
2.363646646795571,2.7835759628607804,4.305604675532249,-0.5504284873039098
4.213907331361039,2.3351001962292353,4.27701679047594,2.24252661008339
2.089500113193482,1.2862086894516727,5.754484075797654,0.8241416454674645
3.7855352565713005,1.2750151176277316,5.4287018894572885,2.582765610362369
1.1833874904328643,2.347023098617059,4.218312923523777,-1.4004151119242723
4.846857658885292,2.6462304823131726,5.58867693165557,2.4984567306705063
3.6054628525620034,1.9558519055592058,4.214036244845642,1.862350652679835
2.135999069369053,1.758529865502337,4.076316893647868,0.4184060663684744
3.324677107741776,1.589812072459896,4.919608430169857,1.833226939451643
1.5103872822774513,1.8804151087141694,5.768759239653818,-0.3914057229614007
2.314091381065876,1.984388166856405,4.923932045364323,0.36025417967310763
2.2104148529745378,1.8179792329542985,5.866411373789271,0.41275542077272964
2.5857100769694212,2.518617720774463,4.636719437847134,0.0799089464272988
4.526307547111276,2.8001400139500685,5.641050459916617,1.9884391556128949
2.1868075273957412,2.1738250820896887,4.378566212146659,0.014955802063086998
1.4598031210039726,1.7984968535110712,5.344734445480721,-0.3596681831753282
1.421287667942091,2.4657427223794333,4.303774033638183,-1.2743359363095572
1.0618474829833602,1.166133816843195,4.820232562144757,-0.1074789973496207
2.088681859496234,2.8514667852295723,5.212403277735455,-0.9112261993683778
3.7294043249252615,1.3618659423374413,5.112238845624189,2.456298122075883
1.4794584491373923,2.8651945853002188,4.929218423895961,-1.7029799848919898
4.840338478608702,2.28108129180308,5.63459637994333,2.7988689258552846
1.7752847907936844,1.3614779880778975,5.353172790052618,0.42787657252604216
1.3706819405662296,2.747360280761205,5.982405348411048,-1.5497685947676159
4.136364376954068,1.7269479588298493,4.77000296270267,2.5847635453639968
4.048639668360014,2.537028319336927,5.516405234368511,1.7023272127604916
1.193275647423663,2.8927250361775094,5.453949083419419,-2.004651117316089
4.509100598429913,2.3633184016354134,5.76145875814698,2.352836286903417
1.531738830820903,2.1450595235652363,4.367680923607704,-0.7040830518157748
2.7292446971116284,2.4029715949906385,4.725654147060867,0.3789181167460123
1.4429175118089512,1.6718124309136748,5.032856644891014,-0.24267493746027136
3.822166081985022,2.84427669543728,5.394706300196148,1.1508376580154618
4.03723138586567,1.8494278198495,4.785575060413377,2.3720999541596743
3.8139363054836517,2.1796794069786545,5.5438095987734375,1.7774012010933742
2.8661618013426486,2.4929938658277564,4.244857863269553,0.46105905301593086
1.1721632640746793,1.250919444119706,5.963742111890586,-0.08054803823217731
2.6501966625397215,2.013613675461003,5.168539248259541,0.6911955972300462
2.319163041226526,1.679595306609337,5.313859342937672,0.6741281782524371
4.201810828642281,2.682581692155069,4.127070036620756,1.9991512296249867
4.855684956019998,1.8260363394081696,4.9619718759540135,3.258305614347344
1.836317491680819,2.488303568338571,4.799725310614956,-0.7624477114103193
2.484506509205582,2.049880082695928,5.126504021486625,0.4741845354716205
2.1575074512301686,2.8066136174289307,4.396891545179089,-0.8432435668093362
4.193415144953182,1.19821569885031,4.4365879400781765,3.1107998103693273
1.6476600548145641,1.4930577417447382,4.630804263111298,0.16332429246521332
3.6522585930987135,1.7605196537217422,4.668500421831688,2.0425394335916356
1.7572787254975535,2.11067446703946,4.172143587945171,-0.40968956281637076
3.3494078934107843,1.9783856170590544,5.8985037414484625,1.4553230937095907
4.663431397121062,2.7111552655972284,4.3097236988168754,2.511477623903669
2.171815169003968,2.825302582032816,4.413882816827316,-0.850567136808089
2.936995870757827,2.121804771906545,4.064582697428513,0.9557520850265145
4.807213156938509,1.160222510345794,4.056932593761522,3.8059497648802862
3.020927613957147,2.975029878133336,4.552312861191258,0.0606383965951065
4.11360767494695,1.8557997816489809,4.909228806456152,2.4387738412361792
1.773713658859895,1.7048859945352384,5.6943151477345895,0.07213677722348637
2.0865488202267297,2.412741281370626,4.325143926727431,-0.3930275659476491
1.603019270542526,2.3666045242445426,5.451314798106117,-0.8476294016359653
4.169587820205887,2.638137357588788,5.33618274593811,1.7618226517748532
1.6806056302014412,2.193172916905916,4.262402439666935,-0.5977691887993094
2.6569358505557465,2.530645038041243,5.284421738666407,0.14385949143032165
1.507809521406596,1.871852135497313,5.066603722233444,-0.39175919626812283
4.323412712232541,2.7537640262718317,4.038292824580759,2.1459899771150472
1.7528334716613778,1.3247453140009917,5.59101488211576,0.4406357733211774
2.982331278010947,2.20925785458381,4.962326258516723,0.8633561928963976
4.132871155998075,1.1297951165082902,5.04843412743487,3.0812247988975674
3.6062136995725274,1.338509558891287,4.596219937884733,2.3704483413358965
3.3960625150814687,1.2706147668325842,4.0257859760837125,2.23994007983528
1.6262481793296577,2.330725742908712,5.063941829008568,-0.7935230796579736
4.289596146147897,2.282304133404332,4.642750000851798,2.3050335253565204
4.265615740847059,1.1449636242842531,4.2306711610642935,3.241621982852934
1.1232636363164406,1.9346147763997363,5.588054964167302,-0.8648335341403104
2.039209823834681,1.1730564284725906,4.870677574571788,0.8924221002192192
3.807225915100169,2.0187437097585095,4.348250422138738,2.0192958994134855
2.232763135674476,2.944290972076092,5.143817859659205,-0.8677394583831034
4.259901165602903,2.8829146139349406,5.841975448918122,1.58318802994404
1.6119250832788108,2.9781195898437898,5.23260853468234,-1.661559466004329
2.962132568019407,1.0450152009423315,4.393811811932395,1.9737545529233804
4.82193010534208,2.6921585013866434,5.773628800171012,2.407516218728416
4.664472030043233,1.9474786137054634,4.401388538867179,3.0297086427797004
1.1573152061241037,2.353749601969481,5.532233549691307,-1.3220609035687472
3.0029128157730525,1.15593113477469,4.053200810135378,1.927008229303889
3.897844301084916,1.882321067981746,4.586925417708185,2.210195889946109
3.417969970108055,2.549450214000652,4.373921871777715,1.068866156074911
3.5656626498475386,2.2084931710859594,4.390170924694537,1.57033460514084
3.3785770377988866,1.8611391499956542,5.681378179151361,1.6060578905943734
4.454946463215229,1.4365979538399987,4.356056902545053,3.1972229003739945
3.3664946324808778,1.2349152463626603,4.143042209763413,2.233086298746812
1.8313737893853435,2.8610955302982477,5.757808717510982,-1.1865835929305004
3.1337837353158027,1.6149635110225888,5.391910972435651,1.591902422001107
2.0122875793856907,1.5318993914948644,5.6860437585034065,0.49883279355851706
2.8087010022750487,2.9492406090969396,5.124264632627469,-0.17185698534048746
4.209184659295943,1.066311646235009,5.437316393194618,3.2051100971892525
4.556168500757096,1.8394256410473937,5.811510011376294,2.863986836652514
2.1527614997733875,1.916383367489606,5.11694297006595,0.2549321035349776
2.6183308931068643,1.4394944315063445,5.2753834058202305,1.2253369132404375
2.6894135801266126,1.5985214546205373,5.834427493551895,1.1342957894483368
4.9234570457667495,2.929269920932527,4.395577593158362,2.6746687975267056
3.995838503715511,1.4007515392162453,4.711884031740263,2.7179657363036096
2.1768883436770365,1.2022926698003498,5.1611014890442295,1.002167238918916
1.7851224086302087,1.6354787138458762,5.404223822564309,0.15700598689799883
3.7351932405232895,1.5699957595721932,5.003289005124159,2.2803758334705533
3.6216321492592747,1.023556206781093,5.4743611478531085,2.6447152154726274
4.642107084498235,1.2406098696442842,5.899760879198772,3.4792910106704054
4.935867970339032,2.21850383203023,4.741028781549755,3.074770169717135
3.611883993588301,1.422346725439341,5.541313195747602,2.265437753712634
1.0874605113916798,2.539916883063931,5.730617536720602,-1.6202972809446259
1.4936885449683235,1.103880987348652,4.891768012654086,0.40012851189789533
3.8551919245848483,1.156172883010322,5.186450684654011,2.768689422617878
2.4803872813175327,2.384290017436406,5.964687821421685,0.10483744926319752
3.10569887528116,1.6744849552724697,4.850534298560267,1.524964072910731
1.3580141735929914,2.6919414480299135,5.92780861385828,-1.4972131980431334
3.5663538988770163,2.7376443055480184,5.773376201308861,0.9412602070087702
1.1689091769591569,2.369944183541045,5.537854631078369,-1.3288714266224182
2.6813497340666457,1.1285231051226672,5.763778190989408,1.5834752611263179
3.855888297064845,2.213174656397327,4.5742179217533,1.8770474754772708
2.251654609376011,1.109253815077863,4.136024464489834,1.1858440296383934
1.345181945688866,1.9642530157701021,4.740257931481405,-0.6802190890771258
3.389556364038192,2.9469320007522697,4.257589283406495,0.6132703133318912
2.4491793645021662,1.6879859215805815,5.6246165250817945,0.7979756572127926
1.886902032154656,1.8885556034601716,5.049608719130601,-0.0017829635592894937
4.148048863754262,2.8239148257706272,5.171139327606375,1.5806298126896763
3.2747383257239155,2.298516381410921,4.879405016734158,1.1067039307597573
2.7911795244349187,2.5012557166475107,4.673980308981314,0.34320240506122623
1.5976178999364503,1.6823483759510152,4.762446581736349,-0.09056970004953947
2.6171774676949235,1.7194737818822123,4.461292578111619,0.9728663363306348
1.936327774159074,1.517866047833638,4.890829743312984,0.44019755419277684
4.735177550487383,1.998063141124543,5.673973229991113,2.924438325496875
4.266228491900088,2.8747060166723037,5.055409223786124,1.6916422028780722
1.855005976035387,2.654701076513409,4.788769859536733,-0.9608518845779809
4.147829264082278,1.007964351691146,5.038827405319578,3.2046375595282797
4.475748728647983,2.7269097947251817,4.550399341352916,2.184551433035891
3.367743482249894,2.569717908306025,4.04287116292007,1.0337058605365614
3.500090942136374,2.302333482743545,5.607137452316815,1.3136011428721794
3.5616977348740826,1.6011986155669629,4.071294559210699,2.132334207942859
1.0129478942113601,2.5935713004530188,4.96974317535375,-1.852965571212843
1.2729031106578796,2.6116859905944105,5.606426042394489,-1.5129711729394983
3.6869329582981387,1.359962130707827,5.109427950158268,2.4140532713290987
1.2980343635028055,1.4915217905111147,5.009061437465265,-0.2026811901390436
1.2038218525488076,2.209162856016933,5.665675453086431,-1.0917550121970134
3.709935744718318,2.3070761474177566,5.541264704807741,1.5429487758771043
2.2279011927111503,1.178392252983252,4.038466366210351,1.0972597166137117
1.8709191103225793,2.962273447463638,4.3371602955295065,-1.494146520789284
4.684062170254977,1.647995986187032,4.568727218115864,3.255216666761456
4.40775685240623,1.0162998570309907,5.6398485820340625,3.447899036184414
1.271233555755448,2.2346569992361216,4.386861384286907,-1.1195682437124048
1.7874239340823443,2.5250516857973073,5.8037507298656115,-0.819226405853424
3.0325183438472214,1.0563298677447648,4.581573085446542,2.0309051478693805
2.004187722635722,2.6788973559887355,5.3105033198473235,-0.7814209736344434
4.825786477091254,1.657466672260863,4.55824407289975,3.401135923008583
4.180603765643283,2.577566765396167,4.184311214401149,2.0349814562788624
3.914304811039078,2.642357562658108,4.356867719215001,1.5997365124203295
1.6394002745246166,1.8158011660464715,5.507617647313976,-0.18684762015462972
1.8556375418680466,2.73638060260782,4.332728367736312,-1.1359640835722016
4.117787265676572,1.7291884275239915,5.132095423127722,2.5369400610523716
4.419621039161877,2.6559484105714315,4.611648031060783,2.157384981747683
3.133568776451338,2.335005774669294,4.627392946163412,0.924958260270897
3.245922436788869,2.2282197276712177,4.505635455701103,1.1709111385220374
2.6687866791446906,2.7373104289668935,5.24826449716075,-0.08031272399161543
1.9940178684464005,2.3356483709143823,4.079073594862745,-0.416703932911618
3.2039245391124953,1.1663075310347188,5.649407849231437,2.0824785382692257
1.9164656985166735,2.0792637464711943,4.24551267903617,-0.18672504181761818
2.8324860743687186,1.6124709100344157,5.467962225465927,1.2767943639800514
2.7489863733760704,2.3465382450187704,4.054093076473544,0.4935201530718134
3.424655195383467,2.676444525774576,4.319733410212879,0.9532206902010807
1.5544999376349895,2.5546298956481,4.218749353685281,-1.256739351834581
4.002205616117344,2.236634400534628,4.013710422986717,2.1263085415880894
1.5315735925717315,2.1324383692711146,5.717033577867841,-0.6476005488049851
4.05560919148002,2.7731030890580275,4.174136441831137,1.7159147506573915
4.671447914914434,1.9355085224150128,5.42318642103131,2.92881824710988
1.8625502330985788,2.3043727132879823,4.95722522543651,-0.49901523839590184
2.769783265621367,2.7914878910011662,5.261711809928438,-0.025605128297164013
1.7669141271348998,1.726259895221546,5.205376151758533,0.04309288118817354
3.0508621752935237,1.3754240586556186,5.0776532916989074,1.7405092938750835
1.2859583249049638,1.098660749216633,4.637759705119148,0.19278514131168345
1.4270509527864559,2.2944261236739374,4.105407732809752,-1.0459764637461824
4.836352660577757,1.0776006280513755,5.893800908211603,3.8231982532921522
1.204341036691309,2.486067442023523,5.36874175205072,-1.4461130213091864
1.0342949258335095,2.0313859566080064,4.174590888431922,-1.141331503684347
2.738157556176516,1.061014001148896,5.798123782160379,1.7059497406026216
4.922050303319404,2.524344093864774,4.309898460672885,2.9582254785843904
1.4490632409424977,2.9839453816787818,5.926181235861699,-1.7765166506144263
1.0497377471818217,2.106070661677405,4.253844666711881,-1.2158009592251395
4.9939936457070235,2.8996041681868236,5.30620200878057,2.500799295339732
3.508501108899511,1.5612633248069712,5.695997674218035,2.024783598222768
3.3639669368786196,1.2680268390975917,4.117008729418482,2.203035633160037
3.1122193933982567,1.451640803755819,5.052318159449555,1.733680744947359
1.720716898899616,1.570052177623486,5.264984861906698,0.15784651499849683
1.5001719942172267,1.1468616809579166,5.940129377839111,0.36008533493943923
1.7541687125847987,2.410101934436879,4.471597793724057,-0.7787234769763742
3.7999850271103583,1.866420178128855,5.54325019036982,2.053463571296508
4.9328926124336085,2.731580302177346,5.816081820553681,2.493423235606234
3.591286945610451,2.7233008227034725,5.5627956929998525,0.9954291480660278
4.903342755273898,1.1126965255502521,5.905083050975353,3.859788288927919
1.0472226858138454,2.6746146471882186,5.466173485750854,-1.8660314478375915
3.119800485231587,1.970939708825388,5.301309523363557,1.2375705214811124
4.705169186691654,1.811976082837443,4.744304518946555,3.1305086341238857
1.2677904464552432,2.2566248572701406,4.986354048598984,-1.1088895497011761
4.93186803353276,1.7328034084713542,5.404512264678504,3.37736461551734
4.706137255509956,2.5083924954325907,5.772591648255909,2.440162729777868
2.289535831807954,1.0957015345723864,5.54153743095367,1.2178782692645842
3.493825867344331,1.066973891363477,5.500326712685678,2.4738432558961576
4.951347812533134,2.031436896924374,4.0861342110100125,3.365261283721782
4.155134031907014,2.83236408333513,5.639937748331343,1.5296509489892611
2.9332203051790207,1.3871078501698417,4.976509164148401,1.6099146817300716
2.5697879589516597,2.5496850021630424,5.531385658126046,0.022653087677887367
4.700033576015079,2.1195150277042067,5.738657026060887,2.776858029544347
4.526531004999873,1.8649639319557882,4.215732223751437,2.967760628870684
3.7272372625509096,1.5313831576584263,5.998453903748638,2.2711122662883896
2.080926932187115,2.275610633827201,5.096482648209791,-0.21757702940891147
4.484503500276185,1.5752852202330312,4.34891921235499,3.12117452761631
1.7509620745482608,1.1762680488101804,5.041467158903383,0.5910055754426439
4.8869619668011115,2.8486835908683688,4.0208662129233845,2.88816062291185
1.073232603656026,1.0841790115837406,5.277955259338614,-0.011184930499121061
2.9234450708765367,2.9443607113179913,5.232442783175236,-0.025301605255272246
1.780275973080479,1.4980443901756537,5.902818904738262,0.291784380033528
2.6247818195652624,1.8941866212557281,4.658027081618599,0.7997022368661235
3.567866306759503,2.285659307194297,4.738589469160928,1.463742538768488
2.135831107913731,1.5416888732032425,5.119171961955228,0.6230690359947344
2.5878491029569015,2.8856634121722315,4.096769909064001,-0.41955854254432745
1.2759230217418955,1.305188723451419,4.307071570340934,-0.030709677663517485
2.7908156038369687,2.2433526948289586,4.172575894623455,0.6492888527988029
1.9544059000408294,1.7592148936354808,5.597029172940475,0.2056114669997275
4.3456698573360715,1.2467621210551254,4.403974541090422,3.2310896659494746
3.717108003406716,1.4988746251861795,4.671192004901519,2.3420799305111153
3.580393476721423,1.6897483792333956,4.274558794307264,2.058291872597723
4.385906155452126,2.780438353429314,5.031659512928851,1.9262822669918898
3.354011789762817,1.998508782830036,5.056864871741707,1.4756310998786804
2.2586643282405183,2.6512561491547113,4.177899117889531,-0.5079804074899567
1.3170149987637476,2.0362858860158486,5.432624011973312,-0.7758326652549684
2.363644973110836,2.1946437553960276,5.146101407191042,0.1868442864295482
4.326720480150965,1.493375749702401,4.654683832312827,2.991487278257774
4.154317440794965,2.9443596829650875,5.601699210066492,1.4222748455767589
3.2371041139228947,1.9168525179192937,4.0498581973623855,1.4987631999196955
4.8125009080243775,2.454168709152737,4.47207678908595,2.821074807026836
2.7615284900638946,1.2662440863312396,5.748199179597272,1.532940357597296
4.824911268468597,1.830066766321046,4.566071293893863,3.268885024881201
4.085966638566623,2.0808675400862575,4.42803184838335,2.271543469247147
4.972166647333711,1.6859969822109357,4.161292425338517,3.594408249616763
2.158182054082381,1.0986417564970055,5.220099647014772,1.0838159743119253
1.6039457449091117,2.866657223874933,4.891354870462822,-1.5583965770313244
3.894616144189206,2.104468562919217,4.3050531209828025,2.0520385233542866
3.6332138269058443,1.8172814559078665,4.799184954159696,1.9620375265877785
4.07881208738084,2.648213611307365,4.486349838621062,1.7723045183605717
4.293851883825928,2.059372168348671,5.997784169747138,2.3791168984873354
4.35789472513223,2.372778356658719,4.2917066550515806,2.38233772780115
1.7197546458087603,1.5165171118918122,5.350488514577749,0.2119284278786275
1.5580169393624743,1.5537651794180758,4.9311972126892645,0.0044799592920255135
3.3482915618150484,1.7671063621396306,4.3008744512392045,1.7343389396909807
4.744272852098957,2.1086651498297724,5.2144939239883925,2.881740998191976
4.940899647449711,2.635018692957493,5.154934287278811,2.6828698227640984
4.993000670017295,1.120517838565157,5.700088647948632,3.949546440257605
2.7470272042257755,1.8801486057101582,5.434140160143555,0.9239423420008046
1.7105445102567218,1.3145179034835064,4.165337207996589,0.417354544757662
2.2289427801715367,1.796798632392896,5.9902381655424835,0.4530033563936951
2.2278615084180284,2.6619563031041658,4.18997697135746,-0.5621148224074878
3.1948893391944915,2.6479176819160877,5.774956506022685,0.6154839708851908
3.1352917971077954,1.2105218352788127,4.800233580156314,1.98905543438062
1.9408149731413236,2.5268312125492556,4.346423490026116,-0.7202336843570832
3.0909211481758367,2.214220001372093,5.912908957800229,0.9454972846728944
2.5810196838272947,2.663495099198029,4.838235411535557,-0.09879320514415307
4.728537307062966,2.342534518133795,4.017531880364737,2.9369218486507913
2.8035776475508127,1.8249987624243897,5.215521984027369,1.0446188736330397
2.313811715621159,2.065218618381005,4.803637520379375,0.2753386263498006
1.4068956234377081,1.686863817032931,4.401659183312304,-0.30311022191462783
2.6238882582798926,1.3814172138401197,4.752671799785481,1.2985338912388313
2.9034994829471956,1.8028066464620625,4.505997317170305,1.2010060982041855
3.7103117846219633,2.676476149360405,4.222305137976319,1.336700780202988
3.2459768014650408,1.8437645483826801,5.676312508652519,1.4826038063551794
4.252312407298048,1.1351396577394952,4.308189329779923,3.2313568751996673
4.328967327950401,2.244107187294893,5.234316371670296,2.3077091926523052
3.59357577890423,2.232279370759758,5.212531257791438,1.5064268836872086
3.856770651381848,1.5881147267526365,5.941706216466999,2.3543099932964364
1.775898069763861,2.001833430846805,5.309279491796359,-0.2439392390031316
3.529006754649686,2.6763998662373574,4.811744081931817,1.0259597409858756
1.0722363740043317,2.059731033231416,4.689567961961425,-1.0991927262773225
3.214690930879932,1.042377038472759,5.118326299579554,2.2188146062554996
3.2012345300734855,2.534301791730546,4.6355299149791485,0.7965083652747295
3.479625302787437,2.9037747198853427,4.616345811788403,0.7407496246684193
2.443269188435324,1.0479146235379713,5.557094925796952,1.4208455369024025
1.8081639342519713,1.8244229334748798,4.74842085238321,-0.017610749064161126
2.757902998814625,2.8835610419798474,4.453431020344006,-0.16488993827489196
2.12782823456883,2.0944113798510458,4.189382004992118,0.03858474337950332
2.7788439895342356,2.978277326980971,5.281275300482454,-0.2414968796410746
4.384649331926752,1.057096446242085,4.059061014347877,3.4464804070573902
4.058217045691038,2.6872746535427083,5.2090604041785085,1.6003380164717482
2.5026481599150117,2.4996902695628966,4.216319475036708,0.003673006305634793
4.054903959147652,1.9850530043857972,4.0012508406222365,2.3839047668510913
4.19041815750259,2.489354456224884,4.121602692697357,2.134329304472939
4.858506339519695,1.6176835365474553,4.995454008115251,3.425400885597335
3.0585486550965832,2.644861076653297,4.908306669473096,0.49108263273720393
4.123467345829139,1.6646596455268985,4.439672645925514,2.6523077807908884
2.7068816666589397,1.8570785635435154,4.44395662316009,0.935393166153925
4.767910605680735,2.5494805323017076,5.123955199549258,2.55747752872316
3.466400479891,1.2240654067144883,4.829638250070736,2.318021162894583
2.9729337249435845,2.71338966960566,5.272697346564464,0.30270225826785535
2.3208177629731894,2.168972470468465,5.2972549747374105,0.16643651716574673
2.681326610443912,1.5795694149969615,5.765366922063658,1.1455913405314728
1.078256918972445,1.6277826281956178,4.826679001431867,-0.5837223671521117
2.390060263033301,2.0031326462016237,5.18258629144186,0.4195318223181614
2.425005794671345,2.9372916492825185,4.092193653186294,-0.7357566745535274
1.6496100428205898,1.551767836487811,4.087248708038329,0.10576097577222718
1.5991248105320084,1.7243746430057418,4.227683277615833,-0.13717937653548154
1.1164403383194617,1.6513675233416907,5.9133153621010965,-0.5570911787418672
1.5142100981703188,2.534045586367505,4.688995004561056,-1.212080104001898
3.8425212844626113,1.8462813373276392,4.489014655440919,2.1900480330628884
2.439673458506402,1.0779142401430828,5.478784075240315,1.388905334981865
1.2547278013071907,2.437382649916753,4.768647104112756,-1.3759713921775385
2.9712896437101266,2.027073554167916,4.3175464562319155,1.0694070145354204
3.387489853235625,2.1859973719472645,4.26454325542807,1.3993157290168925
3.2301480156017326,2.598476068930162,5.717070941720831,0.7091535466386432
2.9358928551140355,1.9839515533642467,5.40711340956846,1.0233128357992949
4.22221156491197,2.6467938132031463,5.277687917691394,1.8209680353294435
3.3481598028316015,2.7936841870424223,5.147663933692498,0.6601523291769318
3.944558506295998,1.8180936196722435,5.446552339503871,2.2558570568437784
4.9059242254623605,2.7507509324791855,5.4791629794008205,2.4919756254262473
2.163390806033575,1.5286883790559032,4.046893061238097,0.685490265581162
2.6801357021603334,2.4858069263170646,5.663033343084972,0.21627894810561102
2.6949033441639187,2.566149008036171,5.677998933780007,0.14433609792848442
1.1224354157879577,1.177490736990432,4.6455072726344175,-0.056913925944190015
3.9769863590391448,2.7630199839790057,5.59170450399747,1.3963443985944974
1.289109129902831,2.2688478008564577,5.356507781199404,-1.0815515046248194
2.7911297501133765,2.359434224720798,4.138700261707103,0.5254443536233617
1.7826543941681523,1.15758250806958,5.68129855914327,0.638465426256796
4.23615836566453,2.9767400528462975,4.714925439675353,1.624002119600994
4.195533929582802,2.906789880826935,5.01110585829798,1.5821216890765804
2.3358909685258307,2.580083680777104,4.7392357816386355,-0.2911146386054014
4.600453918506332,1.9870434116904347,5.54167523915269,2.7995669469113094
3.7156738998665264,1.5977229877530317,4.95199863135908,2.237616269136827
2.699903499796354,2.2378078852581718,4.413525753135197,0.5361198115497721
4.417783725694888,2.06004259169414,5.4222291078105185,2.548862138474403
4.296499872135469,1.0693385526265329,4.578772761047694,3.318941441224201
3.9726339264299964,2.4411307244496827,5.44449421014559,1.7133790125038921
3.5464281067917556,2.3267394705999997,4.051235801048472,1.4899234191566055
1.5860817226759334,1.651101103622464,5.555168975808799,-0.06809671421773172
3.4903129171993568,1.4049253767133232,4.793156219777291,2.1811885934514845
4.912681817558136,2.2573350970015458,5.44684439020551,2.917702940429255
4.489957602207073,1.61944404781688,5.498390465474548,3.0037538896498486
4.545076831606268,2.703734368665922,5.424229040376108,2.124015972354805
2.543145469373544,1.8664835325010107,4.186294013197706,0.7559583433362561
4.629588331164554,2.0664022988016324,5.268378019489192,2.7864707220286054
3.2804839697131594,1.050161394314268,5.179708935318985,2.2776254011820147
4.546469340438341,2.607862199336248,5.632141204694188,2.187201121451327
3.459116592633832,2.212655088522993,4.160372612531488,1.4718895097514237
3.774127546339275,2.337984126875843,5.210386860049402,1.6070097011948639
4.064143000319687,2.6337473081584255,5.0778734087433754,1.673028842489636
1.3198777236538808,1.2541095139120328,4.200362510190508,0.06891145439127098
2.7791395563217574,1.7944959400115361,5.762149907660332,1.0361728136326132
4.629196348172955,2.23097323766938,5.694298277684375,2.606610227375904
1.161714352385221,2.056089537872033,4.093854404164105,-1.0342833196345087
3.2010542597109986,1.0022603842778086,4.940500779741406,2.2454854288037387
1.4458667846517024,2.5615078144296843,4.330249872906546,-1.3836944034104377
3.092790691851142,1.081347897265869,4.332368678163909,2.077186362454467
4.994342357928892,1.5619196583673154,4.57589507796375,3.6517419655403462
4.711603178011405,1.9144283399733606,5.967289152029689,2.953285403515701
1.1755094398835921,2.8557904617202015,5.312384328997383,-1.9927013551007977
4.649113066801157,1.0466495186221076,5.534905250051168,3.668653870275169
4.35073829152674,1.020117719490292,5.9468015863444705,3.380732984308997
2.616473722100958,1.1335404665592355,4.891884194141108,1.5244237040113038
1.763219643588656,2.9109184152273473,5.27616325764795,-1.3760795111382778
1.8179926220274294,2.4731468120684577,4.464190904921798,-0.7869541388910143
1.0455413661322628,1.2932389702450926,4.718644657769415,-0.25755962820685524
4.054475906935435,1.7601564922225363,5.895045066206322,2.4039796628447205
2.222458850015154,1.6352300784905307,4.65934507702518,0.6271188271490116
3.693070741736324,1.3550425762798495,5.276604410023357,2.41915692644757
1.7904062228443713,2.3275636971364637,4.099622357713666,-0.652523253411695
1.137301394018797,2.604501915474178,5.215153657288113,-1.6935120793208984
2.4106357843732473,2.6923129620917265,5.4147238148979895,-0.32465348197408267
1.9354846631759517,2.152784607865505,4.609812971098242,-0.24574294811326775
4.000740371928062,1.2544173729099684,4.549020572645165,2.857098968290391
3.2288585558576663,2.416961342182991,4.618220519692474,0.9528015686125746
1.6527944127142837,2.5411279195817746,5.399268849420826,-1.0068112855223441
3.8820941845182784,2.448122125095987,5.758539572866078,1.5842670814281519
2.621244197054163,1.6759891853828501,5.314140176363912,0.9960910284863397
3.756408903767474,2.706490524365777,4.0897892503750395,1.4004346724106016
2.2190923041539685,1.0437434321034142,4.470743302254347,1.208751253109653
1.005738477325795,2.3503865713788743,4.678343701687422,-1.5551591406593803
4.907902650234962,1.3837918653629604,5.327481945422483,3.649368098042176
2.2413950540595917,2.378099477708706,4.013497002013051,-0.1697028628001663
2.398554963912961,1.2069020778703698,5.0065492111701,1.2278637454493613
2.237104680956749,2.273556407440714,4.141157671557519,-0.04361231475687585
2.0717891066730516,1.8941556269974247,4.868947155678573,0.1928229054251445
3.6794623241394624,1.046311064394187,5.455156038884289,2.6829642535671865
1.533903024394212,1.025478202605163,5.942366067888407,0.5161688326908687
2.925902666479044,1.8971190551001709,5.162064108584204,1.1061964677723666
3.202161629126457,2.1342580387088486,5.024304229131536,1.1796215011410454
4.052539897224735,1.479753318767648,5.811168640681439,2.6604867558056347
1.2212625932197567,1.6714065379631504,4.060699069910269,-0.49392438076606654
1.0627005584447144,1.8887856215550751,5.574677843307688,-0.8780171983135661
4.579309864396038,1.1171058435167551,5.9140706333500255,3.525671937647916
3.175256017520953,2.945799707263011,5.394482302359194,0.27390071334853217
4.2977512276465895,1.7720769488575305,4.496254017562491,2.7481127963746896
3.788018070915299,1.3974921052910483,4.326721517410771,2.5259095749953424
4.505735131210032,1.4621272284950881,5.110993576787936,3.1763565974479326
3.296783936596948,1.5578810338099538,5.734064645320084,1.8068679418619942
4.322696789207142,1.1055326881098604,5.9888405798971664,3.2734212343696716
3.5215614342561716,2.740571816036055,5.374139228249487,0.9079154879088424
2.627014994713675,2.7186888128230713,4.15680866200506,-0.12118692065895234
2.1389064224765892,2.6335973835127113,5.56080917675613,-0.5616763534004848
2.3754449060604803,2.450318853698838,4.186913298309803,-0.09233832478214613
1.0052510090531963,1.9756848636806434,4.1170283260381515,-1.1061174934369247
1.6465565317379829,1.7711661790652438,4.400477712219715,-0.13612253861804757
3.4588825603875457,1.108633547056727,4.7301927073756715,2.4175871860801337
3.7881879872959234,1.8542368437243317,4.018057921032877,2.17995281981287
1.762650734616952,2.4184746791100817,4.329959303153783,-0.790649821351357
3.9654948036978745,2.133008252097084,5.252595739664186,2.0052714912510066
1.439632273371879,2.3510770618515635,5.131436842872391,-1.0254041929429358
2.8345109253470118,2.844829619704969,5.5361099718469635,-0.01202828283796179
2.5186281804284896,2.9296828135894724,4.323110953980839,-0.5589860591816193
4.434708156487712,1.340278466825477,5.028763243429216,3.210559806545426
4.892786864835098,2.962685787474023,5.7234407327529935,2.2558501033426057
4.224547745892186,2.6349370376009995,5.1043434034823125,1.8560261490537318
1.9612328672946737,1.3917692128801644,5.538809942489246,0.588340248376926
3.7333521249249872,2.2440681339965884,4.1095888115678765,1.7777225311050067
3.7762513454712434,2.5049904214584586,5.045740267525144,1.4644823596507623
4.059672261205151,2.9924499865854326,4.5188999423327605,1.4242535926731468
2.8648002158781,1.2848502290293307,4.492740186945003,1.6488135110027773
4.747462017252808,2.7204827333159125,4.425655883609338,2.56984536668543
1.1321144169559103,1.3453082304550579,5.774870633871224,-0.21922546195924372
4.964082397402466,1.2161226244039074,4.062678662728999,3.9280758764628216
3.5016394270120657,1.1891753669172138,4.223291825235737,2.4099738042335437
4.8403765306308575,1.2078976599109896,5.1936146561154555,3.7348941538131584
1.8043111028237768,2.766050182315997,4.710372202796413,-1.188177918587932
2.8421703216998346,2.2601307051516195,5.073819812057203,0.6501005650963562
3.2703180265051803,1.1422684965670222,4.129064127732026,2.214473029869554
4.988582988729624,2.613578389245954,5.450173160149176,2.7064969221872124
2.372567154677272,1.033433294704536,4.735692347073602,1.3722052343930207
1.4330322686904275,2.8165108041056635,4.914279417760409,-1.6882685707115026
1.521747621827859,1.3969548648194454,5.189524615740658,0.12957567976252804
2.273253895077047,2.71419211223337,4.510455034784735,-0.5520835744143288
3.761244701331305,1.3748020461967403,4.791187067711503,2.4912043263094397
3.705855929344161,1.9541316419118482,4.231204602457448,1.9749661116397828
3.5197137512707357,2.1686772890157604,5.330498664094252,1.4789703639981786
3.4906637705674006,2.701432787043151,4.547644065874329,0.9810893029405977
4.646244805636858,2.6920041023453187,4.064762721360065,2.608234878109207
2.515796121796648,1.4275717325568644,5.046355402984009,1.1345694207935362
1.5824203495103104,2.09442228286422,5.70516408902877,-0.5504346153801364
1.1862702334652555,1.0003836702733604,4.253036192732317,0.1912525283789352
3.0363313108357763,1.814883722626654,4.9160292627058375,1.3142900900813101
4.8577224602946965,1.062438759034879,5.703357444222809,3.8628994224259796
4.077848629957627,1.9336970156134554,4.359667644101194,2.3923496634583588
4.817602165691245,2.650183373989867,4.209304181062845,2.789763739756566
4.646899536702636,1.5200705135298658,4.507295282814211,3.32140946953222
2.2957149624282223,1.5197307093142671,5.415527648396112,0.8084705554713262
3.128124871074756,1.4934436629345667,5.3264994360349425,1.7029896582322497
3.774237829500027,2.917528914503012,4.495329338774168,1.1260973042456934
3.4439529423320123,2.4996041821431447,4.326383077495035,1.1569954637482232
4.232472566520256,2.1085655563985064,5.971472566892597,2.2701424409263784
3.0630834313857878,1.4408909119210997,5.242925324815981,1.6871581502753987
1.9184941687886243,1.0130796975030076,5.368238531253051,0.9219811369958449
1.591615432407408,1.2446214188218017,4.266788457796242,0.3627709534959894
4.283260219959227,1.3409145635848696,5.021220311079958,3.0532304280629443
3.1106569154286667,1.4371297498689153,4.175936831881858,1.7824028546198507
1.5743004587145917,2.393154477340399,5.235555781189684,-0.9206636969674886
3.042365773775924,1.5814117623413875,5.754787882048913,1.519450413153453
1.670695532520742,1.6921143312349334,5.238911875469223,-0.02263180709361916
1.3639211704733492,2.6347852921708075,5.938469061354336,-1.4180825997212938
4.420485326536298,2.227652287528767,4.0333644758253815,2.630427503834933
1.1533239093118173,1.9308023690594556,5.280862880781424,-0.8353128281759232
4.92326671753802,1.1237767995153851,5.9224774939815426,3.8697929386982053
3.0409589346857664,1.090337697579453,4.858174565719771,2.0016854755477174
1.024812356182308,1.7511577341267437,5.911014854774372,-0.7604839555988236
3.607932049929634,1.0995671207951851,5.79401573991224,2.55479228255922
1.4876390782338844,2.3416499620004485,5.184905571164116,-0.9571900365173117
3.3180475172204473,2.834677473568434,5.684558455185119,0.5576513839574625
3.815213919911206,1.1448470074043198,5.830997484423841,2.723373968396268
4.503952670313026,2.3306831219808375,4.682444060294275,2.505726977038903
3.5636091299333943,2.969873600615237,4.998596598141971,0.738146006930113
4.831025373663082,2.139659797146413,5.77596125771946,2.8975072223918255
3.4841739807113177,1.7499007872682446,4.939859782579412,1.854531846304713
3.5004864992126024,1.4142691274760855,4.01670005589178,2.2289518383998996
3.3393927428123056,2.072604530325804,4.873024025947616,1.3997009036672174
3.9045097782901625,2.6747132471186195,5.898071969440505,1.3798378053473002
3.0307846707067427,1.726902327137152,5.417226815701319,1.3756517282551726
3.9896397096812652,1.609947345535443,5.944502626355391,2.472080691590746
4.39814721124703,2.639369190174904,4.3979937029304335,2.198741119611723
4.567101556458999,1.6713585850940658,5.919619860165629,3.0185567207868442
4.434660437459946,2.192772043068509,5.5669078824607645,2.4390732232749857
3.181798688999719,1.0536240526194314,5.1057193727772106,2.174989514036655
3.6787422083509123,2.706005959731554,4.307678945566873,1.2501967819125124
1.0354534400042383,2.191387603062201,4.675565371827232,-1.3085606628300546
4.8132801469327,1.89522544949032,4.9177686508621825,3.162323223836662
3.3640386894615864,1.2369912834162988,5.1764978380187925,2.1905093501275634
1.0957149716919559,1.8241440445910604,4.84241448889953,-0.7863561857661747
2.406671519078168,2.7659970346089366,5.87336494417378,-0.40732200279439346
2.8171285094760448,1.9134499027502772,4.144735761050014,1.0187367035668153
3.1781661353114434,2.328034086281567,4.490265923235732,0.9941897205360032
3.5911810495992103,2.4287535394087985,5.11491154631322,1.320830321064903
2.8547443316682592,1.0898084617906159,4.016277678006079,1.8337351613193504
3.2189128437456356,2.556307931535967,4.6252812026388765,0.7950694663334412
3.5200061258325244,2.539616750762005,4.878855495948619,1.148211887111909
3.37425236784019,2.8266673584104876,4.05375321080201,0.7639481594354377
3.912377196471146,1.8338237077647095,4.919377119540457,2.2400099890792484
3.0177811329400615,1.907385679688616,4.680734770448902,1.2159302774101608
3.6688046826083154,1.6994876262993983,5.127674152310212,2.087294567431164
1.4289150794675574,2.6103376610954925,5.21262364485079,-1.364892775498395
3.295500255454483,1.5958358439765228,4.0893670748380515,1.8460305581456664
1.8104868087730122,2.767697867973589,4.62011028357048,-1.1954554711413283
1.5669400133351234,2.3888064106579354,5.148658644329112,-0.92776877668496
3.353726941097251,1.5386345645516133,5.594052023111708,1.8879082298453493
1.2358751980805973,1.2077343655749209,4.410971099654161,0.02925893418718561
3.066319283428927,2.934025323774685,4.216277291849291,0.18421300300883026
3.8336063352546907,2.131115638850183,4.808194242343259,1.8992321309268634
1.056359477192664,1.0412457456014983,4.234912412448788,0.015592381145902704
3.179532574999368,1.1332328924212076,5.400683012447761,2.092892527475997
4.821635318678115,2.7337897740731574,5.505546216690623,2.4053326163913606
3.8253050458044897,1.8735191964557083,4.843275809806831,2.116556618260798
1.197656604761952,1.053018932449543,5.771732344103563,0.14710667930846585
1.8513612040962761,1.0397680449785227,5.0622372385382395,0.8292743239588805
2.5086027904298156,2.8559800887726623,5.170095762913951,-0.41673104848947595
4.672288228366947,1.1138845880605055,4.929782140304564,3.6528709533031587
1.2796736522797478,1.0090112201185295,4.442872456574887,0.27792471238769867
1.1476979122358242,1.55143777228429,5.450035324691626,-0.4211647646615481
1.8834002422461626,1.9628235599713946,5.464611287479374,-0.08510262692420728
4.310902609796623,1.1371587750713412,4.9777381336934035,3.259950265352739
2.3989452396227526,1.0050060516532575,4.986047798111628,1.4231487236900262
1.937634562664182,2.998692306123706,4.511696922255746,-1.4201283191226999
3.4828435299328677,2.428617817595924,5.28883963931016,1.1867439424709478
1.8677593359842568,2.7282315152078307,4.578946834977442,-1.0714151192352999
2.044188244332942,2.808265352999088,5.8122958515921335,-0.8726999724781793
3.632368964095868,2.990402769662002,5.214977191736729,0.7835951771727283
3.3330691050716688,1.6771096322537458,5.254774647911181,1.747343588094073
1.664981467821637,1.8637876774298567,4.99000060075743,-0.21431665579266532
4.093562959943198,2.047160210708701,4.316920350339772,2.324381068614502
2.0747704290334585,2.499549785884569,4.751644172069671,-0.4994698285914691
4.78076253127559,2.6821644754871863,4.999586524832513,2.48674168711452
1.2447189250583324,1.2037152867389267,4.434258709193366,0.04260338395047781
2.227613707547908,1.0863140686196038,4.286711266139304,1.179811234474652
2.432500018354708,1.6049128935963852,4.924858716621808,0.8753727186545794
1.9200924168088558,2.775203087263841,5.130288764873257,-1.0167082159062508
3.1127421815121674,2.2060681872576247,5.113094151224432,1.0050318007921286
4.369134190622062,1.1260434323854196,4.703206308037332,3.3402382412035516
2.1998142903277427,2.6520546726702348,4.5262094759055715,-0.5580736805986152
4.129739351909771,2.2833733854809157,5.338245661393253,2.042660518574591
3.126267233279856,2.5063487533568436,5.847784626923163,0.6861335953942294
4.317755014751652,1.2552726062119117,4.284436272186198,3.2030406433938166
3.8040439532861243,2.124029419730277,4.997162583423114,1.8560184667356232
4.823853024608967,1.491678683740928,5.326711420190283,3.471054435207515
1.7755261404935467,1.9589279807639075,4.570933542129718,-0.20298762478090634
2.2879883349269976,1.2591238404542078,5.8793071146386895,1.0533030545711315
3.4054480243229928,2.9621400718095776,4.877060407730116,0.558023406268538
4.121217078227971,2.426798830238673,4.112035624271712,2.0989246642407964
4.378837376627294,2.79410318839787,4.0646929839692625,2.1820140625355147
2.919189843727528,2.97326610202155,5.2647729083208095,-0.06552601831921855
1.1419249632884356,2.5193278019160052,5.062537719221702,-1.5879985549722473
4.392479180212465,2.3609695056503464,5.717266132747569,2.230585510066219
2.8910613725828935,2.253761681262126,5.5103272892041435,0.6983866599098982
3.7611975917039864,2.800529585973357,4.449582662486653,1.2362403773039718
4.49092182601564,2.2481641443599982,4.9384114949100075,2.518909248959097
4.5619010684044365,1.8284081552470668,5.962905650645765,2.8718329568677317
2.168163172729064,1.4474234739970153,5.235582702240555,0.7499691932488821
1.8147243378792677,1.11636564512637,4.66188558077476,0.7192866132562051
2.624676983755084,2.704866457902745,4.106671330407712,-0.10657146701244663
3.5661498885653202,2.9866928318102834,4.850487953191235,0.7354068463329694
1.3956539589467791,1.5623019036533643,5.954229333796031,-0.17269875580126756
4.970770636802516,1.9258774936436829,5.674752840530346,3.2370074713306685
2.014471231505041,1.5474142488105305,4.927283722303117,0.4919463223751712
2.0988344011943285,2.0738532795344318,5.2392043104577475,0.027203001954283598
2.587977604997703,2.4965686019443973,5.395223652421212,0.10311274174452083
4.454614789818166,2.1478913025092563,5.258202671423364,2.5271808154313153
4.422916131756926,1.3621848993929866,4.387983711008038,3.219807355323634
3.367168210288774,2.613070379374215,5.159227074440854,0.8745709836865181
3.202504842311752,1.025909673512762,4.208076803292312,2.244313530690704
2.196948795272588,2.4375698953537794,5.350029578273087,-0.2703075190231483
4.964887311802153,1.9916871151985305,5.901353788640272,3.158520947636634
3.9454798331006398,1.009743399016466,5.3373530061359755,2.989726112722287
2.3596556389100725,2.7314870792932506,5.002611543983482,-0.4438309349745265
3.2068926810831746,1.199829711017511,4.274208309275761,2.0911447878009817
4.975976035630136,1.109478599045226,4.2830910911980915,4.003134719030087
4.089312433680805,2.9416075599979266,4.775659091621186,1.456887519572511
1.4063993913716866,2.327968983006978,5.4483512700495025,-1.019300565732344
3.038559844114617,2.092468440010718,4.918050650838928,1.0454349907189313
3.4653053739535964,2.400767785897476,4.800795856842926,1.2292852693412863
4.587513692341799,1.3645338963657212,5.82371443772857,3.3152676068582427
2.1958710519498412,1.75292627774409,5.803917488353056,0.46464357881842105
2.9215153230487014,1.7375661459362028,4.583368455529554,1.2794544207610163
1.127118320817479,1.3892629309713012,4.4297088622479155,-0.27607326282711137
3.508821428067617,2.5691179948537735,4.160218805177809,1.1947361518993873
3.1841883828517252,2.2375489778714446,4.5921284684069095,1.084031326825167
4.331491544922849,1.1037260233736954,5.976884734427972,3.2842500895612883
4.939707964695555,1.9301135434458683,4.20935804189879,3.3865920653346913
3.3376016302077303,2.264020622114468,5.572701478491178,1.1749136156511324
3.88970796397687,1.4226339115169553,4.408098612267448,2.6065493814280143
3.047296474245381,1.7298888535551116,5.222938148948014,1.3962139893550418
4.3620329017196,2.048531439429038,4.5094983786290985,2.5969191579430517
3.772689511894197,2.028024680949958,5.618811007348059,1.87077160994167
2.9402695580599074,2.7208720449223502,4.613634127404803,0.27166982230448466
4.02091490780424,1.766257521000651,4.479303579787153,2.453447334456095
3.7626100626639474,1.845312476620508,5.069537417079181,2.058513944532497
3.307148417128237,2.058759166167146,5.327998500113116,1.3535173619454084
4.103294408781098,1.6583351225837644,4.700608945879299,2.6129680624275955
1.371383899122292,1.0415404489057736,4.359143652300385,0.3396819244520177
4.415163970903607,2.790154598329451,5.105782826013972,1.940358341393545
2.0174644732342033,1.8021357398122353,4.90429579855813,0.23152654638807257
1.6789587703590252,2.934041459468407,5.055236870035365,-1.541238092749776
4.056322841159851,2.477099718062581,4.144670401631368,1.969719200614568
1.5946550774140502,2.2856434891970903,4.479556296919157,-0.8034442890325183
3.776280859579943,2.1535462633103686,5.397868789496895,1.7696754952866192
1.2240235814508726,2.8535988478681826,4.287244270503409,-2.183519279081296
2.4779431567239647,1.5847091202253671,5.935416253695495,0.9268809996949555
1.4088174537279912,1.0241130313733147,4.818746901579507,0.3936983709760093
2.066542173062885,1.93877693200592,5.443597231019653,0.13673125467114547
2.1996319623277327,1.6894020676159303,5.983754262148491,0.5318679214069292
2.0562797243007918,2.6194277809774613,5.256526354290488,-0.6495411424384081
3.423743929688819,1.3014753294255348,4.54264596881138,2.215127257517827
4.530408779300329,1.9941234490313162,4.519648087613388,2.826250580726372
2.9898894760676726,2.4729645136535257,5.64242665293792,0.5751033720615109
3.0329414031715203,2.491871143315259,5.210892069266589,0.6160786979811913
2.4532062114216413,1.5362245960632284,4.36558472519343,0.9796396357731258
3.650170776523019,1.0667336477872986,5.183370242340107,2.6399472230105547
2.692946573516642,2.88778397289128,4.5612031056816145,-0.2517101682535123
4.692560582086715,1.325692331098788,5.805523554567657,3.4582381344051156
1.6199426423113703,2.5204947070789423,4.747054757000571,-1.0627273637804828
4.779240800258031,1.9758447689343062,5.771332999827759,2.983698955423925
2.638518751424668,2.458674893666103,4.239025399575986,0.22077302968132348
2.151900401786875,1.9431343835025003,4.749776162893617,0.22878731873363475
2.5263500576602187,2.746527979985892,4.300490420774172,-0.286133556045794
1.574040867920723,2.064635518425727,4.526712589630327,-0.5512743467439964
4.176320834587708,2.6822095833963444,4.196871059883213,1.9426097874727177
2.5507041358803133,2.7728475490315647,4.137294557315729,-0.2993147066541577
2.385539618811338,1.4685995041595432,4.311111962523855,0.97527256457009
3.90580708269791,1.5359342617421865,4.215425251913011,2.5448080186193747
4.231072045529024,1.5310338488120043,4.443865963561649,2.8761254065485993
3.2706816674873296,1.1060368434636332,5.403459455447334,2.2114688166059002
3.2513954670159966,2.057157617224248,4.244752486451397,1.3652860505109368
4.6257180595481024,1.2914017484713127,5.062334619687883,3.4484080432618556
3.9677686860283305,2.2688983258608153,4.471119345623616,1.971585122983429
2.330175460215476,1.6378734952754184,4.168492473984999,0.7528509501813959
1.1433318361817268,1.7980077784597093,4.328939055876258,-0.7196902536689872
1.2811632955933678,1.6038607583077003,4.942889617629582,-0.3411563706060363
1.6769078744767993,2.51838188561179,5.1352050144614925,-0.9655589649077426
1.5029030276205502,1.0616692477922924,5.396624631888928,0.4500282191680768
1.5857483005566193,1.4162668236078326,5.768889183960456,0.17483196592596137
2.1846765882894292,1.3457863046749337,4.2106696577170615,0.8853274393977907
2.4795654890921237,2.120818704840643,5.171258412353954,0.3933484181690806
3.7188140883587955,1.0059534564485382,5.071369991834565,2.767859746166605
1.4377128537433497,2.3271821212595443,4.540211110607537,-1.0358991691935446
2.6341866547127317,2.586988211367065,4.741148021933301,0.05632166214702544
2.608116866711233,2.9998394565502617,5.525046541744913,-0.4664679055948227
3.401057021962804,1.2053885731237897,5.967671975242912,2.24187729100999
3.8646316674891015,1.4604487096826801,4.393601842315134,2.5491336694596543
2.3658699302790933,2.4412141794128472,5.407623352476859,-0.08443807942336258
3.225302209080785,1.58364250823485,4.357171540424497,1.7621726565976
4.823206645170388,2.1132271018779942,5.193347553982495,2.96669320624221
1.5867233187399674,2.299681343587011,4.1041188958092665,-0.8607837883404942
3.1273580644626353,2.7169004287922287,5.381345255469511,0.47551076750107424
3.959001590294958,2.961857900342735,5.7389176362330305,1.1641693040173053
4.902471303849968,1.316140499497744,4.670427735402654,3.7378159248502967
3.6484350007170816,1.6970985291863927,4.432639558580965,2.1122825152683684
2.471219761759772,1.340516352639841,5.0025480815766885,1.173625021824549
3.7756110135833043,1.065757395609969,4.484454665785132,2.7897825829473453
3.699475118479137,1.324914292699112,4.14347803772177,2.5061356624454456
2.431356927854057,2.2045410910812464,5.471109312124005,0.24782510982284128
2.6913944227591933,2.3303325358396245,4.785810956909106,0.4133774460871622
4.5766944317559055,1.0664209057353373,4.868049412674007,3.59766000131638
2.7254255384526047,1.0095659200554727,4.196252930318902,1.767783924132489
3.3004712852681592,1.577066874690396,5.025424237739676,1.8150971887456144
3.076967630540952,1.4744330865138189,5.998941987371459,1.6532477828916314
3.401986051262635,1.6625425195540169,5.90842524525817,1.812685179431188
3.8385169315421415,2.15238906153217,5.115019866751671,1.8586998571511795
1.4470702535509665,2.3243800649479796,5.316801913528869,-0.9754652140615827
4.301560460553994,2.824896564835083,4.24189191976444,1.9794566526408646
2.8780704907634957,2.2074793602936804,4.8831540785644485,0.751794350856118
2.0075124916790448,1.503542166689752,5.8404364916006575,0.5215490367109663
2.0727564670690666,1.9825713123817967,4.609463201661823,0.09989748869569276
4.668518287334568,2.020484864183194,4.286198903750378,3.0025670053620215
4.567155748966479,1.1595585904606036,5.763848582639618,3.4787205231451916
1.388850945445336,1.4448461521705505,5.895726196668256,-0.057756418149166835
2.4139967631062955,2.3153262270362074,4.256385498723695,0.11758983794005456
2.1397752595010853,2.617079694235255,5.61192840607721,-0.5395682697249741
3.579424393371169,1.2922512301526556,5.576345962212862,2.3511763236359196
3.8819021837600296,2.355405205168223,4.7419305457050624,1.7588161194625656
4.244625743229454,2.2314458918531583,4.652493643949661,2.2942892086581272
1.19381731521948,1.968905712491629,4.727162085249977,-0.8525590977614352
2.7301513427198727,2.9846166043758773,5.253974430528355,-0.30919929538279384
2.75894082008819,1.9541103460554607,5.585521223427113,0.8591230304620691
1.8512354711199368,1.1871988746863562,5.639609875177816,0.6792577238115058
3.1583031069759016,2.202828716979347,5.603516810870763,1.0391361284439686
1.5149683708437665,2.7974566618842425,4.684332659985672,-1.598919946615441
3.3643350385738886,1.6777779554289642,5.020315576641062,1.7894448028864853
4.188375196994966,1.8870916819623524,4.883825436250789,2.4950682526220453
3.5742165613314008,2.129577939414328,5.0983272659813235,1.5899883524018965
3.3418121906311544,2.2874112520306156,5.659107489163072,1.1527657118662618
4.625583776349206,2.5090941675580805,5.771277531750238,2.350222606785876
3.720341731727736,2.5391865157299054,4.2077865935610586,1.4812557811487228
2.5238888710008824,2.646132033465727,4.884494188919765,-0.14543316333106743
1.6291331873363637,2.6886934482386424,5.982878173894453,-1.1860771491859168
4.18264734024125,1.9282010175847117,5.933477709523204,2.3838301421376036
3.1995151913059803,1.3975052127525764,4.0565198154274675,1.9195165849255609
2.0974518441809473,1.519350159914319,4.143992599625779,0.621372042193898
1.9079585011451532,1.296551095665287,5.550043943259129,0.6288063842650996
4.216167732262823,1.8725071873713295,5.530869833802524,2.490748263234405
4.140232877106319,2.1028903365216465,5.926813570700531,2.1791191236452003
4.735374898834987,2.1901856824408603,4.19547109651399,2.9840763076380896
2.587646358007754,2.456911576349727,4.781342795593531,0.1523932589676624
4.990208967947346,2.3346147668772512,4.202714419286275,3.1936799712571067
4.140686039072558,1.4814136143807708,4.169214960322979,2.8449206225084165
4.206973667024686,1.1026808365190184,5.622748885833925,3.1657663903278244
3.24826536755043,1.9821243109396294,4.395125477335815,1.4185932534595473
3.0162514395925437,2.9478769346377995,5.217224738987515,0.08287096776032592
2.700804204060594,2.55443033863029,5.379553166048108,0.16632036600489153
4.045943562104976,1.2480452446731696,4.258156399019739,2.926417016138413
3.1270824852163583,2.741192042152976,5.461676904313,0.446153171657253
4.678754169344168,2.996406892437049,5.805253449485793,1.9642217906860295
1.425717495666949,1.4090075776815905,4.534564563959522,0.01758014400395642
2.208688807438952,1.1624012485141546,4.723999752297952,1.0794773275241984
3.7050367805669238,1.518638923543635,5.53975986457726,2.2734922025009796
4.0603247472741675,2.7323013824137536,5.142840056734075,1.5675539645145784
1.766223377604505,1.6168632223619313,5.791665931801665,0.15554436573069239
2.474593028570138,1.2768911906453553,4.797960101947001,1.242511051380811
3.906203837764311,1.6913057339231026,4.786269873853476,2.3676465929770076
2.00475662705036,2.1365489522293437,5.8118540873562035,-0.1417157702131854
3.1711790993403106,1.419074923525076,4.121549362095046,1.8662090114231682
2.5271121836710653,1.2147034079876666,4.570740951972661,1.3613630787468953
1.0254951150162852,1.2326953673579064,5.576876138381021,-0.2124552376368867
3.5325939448015764,2.1042865275250024,5.790373758797115,1.5331292218007748
2.342748827029591,2.1467058824521943,4.916672631909579,0.21791091867981835
3.089885934854065,2.391880572324058,5.179339393182276,0.7869478761560545
4.714640832626194,1.0602591941140644,4.9897102389550385,3.739785511851425
3.1907598457318684,2.470560758221067,4.708404701884204,0.8460197873409077
4.059920087906578,2.001949114113194,5.156034621907714,2.2331761697961867
2.7359001501961866,2.770899881211311,5.846900332007859,-0.039746508942994356
1.012147178932973,2.8079034580246596,5.971433473721654,-2.034741083183604
4.325940808086203,2.367628312597029,5.5515644104915935,2.165083999682103
2.5509673610170687,1.3998147238227254,4.823035674001215,1.2029324518922468
1.6013522380044045,2.8374800008030854,5.429254794571756,-1.4498996684883747
4.664530778488583,1.2955443480629667,5.345412851377599,3.4725196620477883
3.790340997647534,2.064371229821168,5.188869290823044,1.881264004193754
3.977571312491418,2.104559256949644,4.442706297214088,2.1267786326773277
2.9710388570580024,1.423969917309409,4.040818201248055,1.6531149079464083
2.038410338511882,2.200104340497165,5.8399544580991956,-0.17455488520603718
3.9066910311456273,2.1801186318249326,4.472175794240351,1.9774486162259934
1.5331499069058925,1.393783053148555,4.117765422979451,0.14810923418163627
1.1607085526971317,2.207075113679398,5.350762220897736,-1.148632438942876
1.610524467177501,1.0913922405117062,4.401988178745076,0.5358632025055614
2.844539484636219,2.8776382785001813,5.249560371583084,-0.039574410562534856
4.869985374624537,1.772230372640527,5.34653935984054,3.2833812672469973
1.6970641725819733,1.5606646923257768,5.83720946500307,0.14155265260624206
4.238399757561467,1.092471985034208,5.291291715742808,3.215203283384105
4.962513844688175,1.9945016915023928,5.179773549724391,3.2159862186365133
2.9617447782950506,1.058179106965727,4.79439463019683,1.9516962835609377
2.8348947507734445,1.6876737669290707,4.516013147193898,1.2368344791177073
2.0715399945623334,2.023478098956259,4.4892364258575554,0.053841493568176114
4.448288765601642,2.522443492967326,4.517178090773985,2.3215144307568103
3.1604808771763624,1.5510715108686095,5.584276099041784,1.6753313413473812
1.5848005002296492,1.8587020157227416,4.940526215276703,-0.29562006150434345
3.049529457558344,2.874465387181728,5.242543341618704,0.20933557883977813
4.156262802572466,2.1045018834600056,5.330960962486646,2.2331359908758555
3.8700696589373584,1.465414524714396,4.744788613234396,2.528257391766953
1.247795368533779,1.828781944254421,4.23356375709867,-0.6441900519971729
4.558913065528728,2.147214651646461,4.43188357608658,2.756871465364005
1.238197415298019,1.5064406942457247,5.416724238138888,-0.2792602429610362
1.0765196644596022,1.0104990231745385,5.20054792286312,0.06730338223194059
1.4793513540971786,2.1448005666806242,4.248499521175177,-0.7708966327754879
3.1381304887808756,1.4750163990485243,4.442573475143422,1.7631314430082135
4.7571958407783805,2.643264927627885,5.607203705092349,2.3969733228302506
1.3884341772958613,2.706631305928453,5.410636048980433,-1.5223693557424791
3.119934672773918,1.5015573514791998,4.9347301247003115,1.6989384442069801
3.4378500213163825,2.515657964557252,4.133812428510955,1.1621672361567552
3.2402640715092876,1.8014484257580692,4.931541617589819,1.5456289163811827
2.3763820047451873,1.2102394540329642,4.043591979631826,1.2221671184384044
4.089918288747459,2.676987591364812,4.630483754908662,1.7316391009704444
3.737137872836982,1.8239335934523864,5.422986599444159,2.031557010054108
2.826945173021318,2.300068293920456,5.978933116857242,0.5708039143198493
4.7310439708071685,1.9876688454552858,4.123728480934465,3.131109905753279
4.748109657881618,1.5931580083422217,4.605814443292411,3.362516998301572
1.0309958285932508,1.6093006292022098,5.688071491214881,-0.6029397868643529
1.3403182222068741,2.247183351265708,5.489076889044016,-0.993978767020847
2.970429780395276,1.6270338352291411,4.862453334790946,1.4255714565574618
3.08165015007423,2.219430047250554,5.849522086479146,0.9319039264259715
3.882402615706357,1.3021691205521542,4.3543421356220975,2.703974905306895
2.140069446624357,2.3626746021081115,5.827022395362809,-0.2435214639329946
3.099156262865457,1.984989475721423,4.966277355687333,1.2154783884560947
1.9458286677427514,2.3845493084084044,4.317624137528206,-0.5262604539010155
3.6457086752739,1.8613295493130282,4.106063932656899,2.0018799233528326
2.8037025012136874,2.9290790309844814,4.394897345292188,-0.16817112958109515
1.593989634700041,1.311047041247365,4.694121344048792,0.2946688844898477
4.08164824057374,1.6833876604474434,4.994484131554613,2.547311469721287
3.2457580833591653,2.176419264574928,5.888307178650383,1.1508362776022416
4.246405359054109,1.492330919180677,4.70805774990215,2.9038115235479136
4.461078537123184,2.3471587713795055,5.691231464519897,2.3204507259617926
2.5225623682358584,2.7948133368904546,4.513534609691396,-0.34671599438096706
2.075105322213941,2.600905366401766,4.908903727536318,-0.6199732288997181
3.3321662294042156,2.530844610218387,5.286703324904737,0.9126999963384153
3.2104129796238166,1.7241630896369073,5.992959938968344,1.5518607693367528
3.4632307485522533,1.7975527192733054,5.17128410042832,1.7764543712747063
3.3194543061103046,1.851789133431076,4.845485150963838,1.5882225685375733
2.7142204779998744,2.979157132113931,5.805492064722844,-0.3086789813055076
3.4682648334464825,1.867743558469898,5.699889443658975,1.694052383024292
2.191115139985324,1.954570209674439,5.679450108747911,0.25193420788344795
1.9596619598827134,1.0851594992118918,4.306475877256689,0.9036621813436637
2.85086260382435,2.978407403455802,4.732610283753821,-0.16412235476791268
3.6004620693459124,1.4811456184286869,5.051888209648708,2.216730085948217
1.375689003324612,2.140631411794107,4.925910923499412,-0.8493318651149605
4.1469720029423325,2.7514927821237674,5.152351396460038,1.6505412070192935
2.5328111634433075,1.911916299086945,5.936419779718349,0.6558397288992895
3.7403319815769827,1.4153913775799178,4.0374423264215356,2.4824842640694587
1.5017530156167531,1.9937190981843815,4.480833179778583,-0.5493399881474414
3.178476809555196,1.558397618527984,5.890892339223074,1.679928774166385
4.499689806811302,2.6836742463026155,4.618514259386794,2.2313762391021905
1.0850701512749943,2.082716856407145,4.818098238994805,-1.106351896461844
1.0362429140060798,2.366670948801228,5.43398230907676,-1.4779685391399082
2.0818866557693703,2.3216385674200235,5.190425742203741,-0.26806261312436114
1.530168849899673,1.159682463266763,4.365593812014707,0.38429331180610155
3.3837792440461407,1.6558491870827245,5.13271314086716,1.8255359860513514
2.5990084216270963,2.9877240597128436,4.326964607882253,-0.5373882144098241
1.19059497075743,2.113175767459507,5.648686168682325,-0.9948161819809913
2.5156422702657206,2.466416635739775,4.355710697976846,0.05972286855373591
2.6093706614479553,1.445431307275006,4.5998040138119585,1.226045454575303
4.657720021694429,2.7744648236317095,4.150047896813723,2.532353111469195
1.3468634165560385,2.6315265035757207,4.653626854175811,-1.5576149286670056
3.4239923354941824,1.555518625057008,5.809070424577594,1.9392933637406982
3.6236263229444394,2.6702150298303184,5.368634071614221,1.098986760243637
3.739957917374506,1.4694080020110807,5.9000621120828445,2.3444208921155583
3.0300326318460957,1.418921938978065,5.857784761441312,1.6605635197588555
1.6273846160035044,2.1820996307807725,4.876763354150168,-0.6202716605642802
4.858767368204089,2.6458014147771136,5.761257549992028,2.491203213509148
3.569915850442759,2.0354105078332916,4.354070944604566,1.7358513165543659
3.7007200851198636,2.541248686874771,4.264343184557406,1.4438586867343808
4.3099722094203585,2.733701676471775,4.310109227876561,2.0388296257973204
3.7830237605480406,2.7414949567226863,5.529690474749483,1.1992966380489996
4.4302079270150525,1.1700426088286173,5.427834352090239,3.338657697296277
3.8290771707172904,2.4970197001712764,5.546591031348782,1.4917779620978817
4.171576090571125,1.8486017078950334,5.061363028838413,2.4953689227484843
1.1691328150853253,2.1200521557306837,5.7549815796409085,-1.0228534527331599
3.3217117552751363,2.9972533666105674,5.3842045538355086,0.39057011056327817
1.7377292393368893,2.472098192175962,4.152955415138645,-0.9139269113908425
1.3108803929886337,1.3867590199533584,4.666249692182585,-0.07946915377275034
1.583797542740652,2.785833324946336,5.791925092481931,-1.37104689617219
2.898093340583435,2.5491999165888877,5.553639301670701,0.39270833555626655
1.6495917103737683,1.3754363650463113,4.824484522943756,0.2860256178182023
4.542869020611049,1.858793516103804,5.709833377800969,2.8387072590419806
1.7767638732660913,1.9215009553553777,4.710891009165635,-0.15852331780106046
2.405508452964198,1.414765964899772,5.266624538773909,1.0285479719502781
1.2359554601532161,1.4538694972821233,4.1180350627090245,-0.23291250531987343
4.760529028518388,1.9048368332398158,5.02317506678377,3.0861980086060887
3.500370768327037,1.318753035637982,4.529414888774556,2.2804132568922495
3.885221889803561,2.5122177907016505,5.59997866123773,1.5362685736766528
4.848768088651568,2.570734456366017,5.160312333263127,2.6272565364410405
4.84344699392237,2.059768482144893,5.325929694189106,3.018560743718114
1.7736882913083,2.1191267498694,5.968056121418824,-0.3695174759589254
4.409302812925796,1.851377007433386,4.998898273926617,2.7537460913761906
2.2648001579498835,1.4963759603093465,4.019793122301682,0.8279258145607095
3.665583147795372,1.7824341271320678,4.624623250704938,2.0408225944416865
4.598180263840801,1.0725961554429118,4.618076371791976,3.6247066138180695
2.607681635463946,1.4937407847203588,5.126149866375588,1.164476277130553
3.782963760911544,1.574895492048497,5.766972320232149,2.2953159074784115
3.793798960917032,1.3817248248781488,5.810106822033154,2.4833187897215208
3.2984759171996583,1.3034917949244593,4.618436406360754,2.0795276756084276
1.5401914233506933,1.003254229483582,5.980277461886053,0.5446561786070921
4.190127959900772,1.2546335577886811,5.576762311021369,3.0127272440855957
4.713432484689982,2.7711939998270743,4.310771077209792,2.5355951188220436
3.683952508148224,2.5414292319130465,4.580756565826768,1.3732580378622072
4.740649965879143,2.5158999873487264,4.431403102000727,2.7025448765211024
3.630635529177893,1.0872337879764655,4.48765891378536,2.621500472068377
1.1225134826188832,1.0054693867197404,4.533355586757155,0.12003369970358006
1.6491947903445143,2.409336151062319,4.624013226710246,-0.8905885984359417
2.51912874002221,1.1150882698651723,5.103841585136439,1.4387998835627054
3.375552373295255,1.11547880242148,5.6457258889531845,2.305522570718589
2.9410668704313934,1.1934820695850494,5.7570873470248545,1.786392341427157
2.502893751911679,1.0591892886314742,5.682479762171614,1.4694570339629631
1.7445753605162366,2.3483899788928357,5.472185962738984,-0.6685036316375671
1.9831916050369687,2.855343961153717,5.778064875886595,-1.00320559294896
4.953035274863541,1.237132826202825,4.083269905262885,3.899170548873662
3.719129660335049,2.6355886888561297,5.128468664163595,1.2631007472350995
3.451611513839729,1.250630612729403,4.3628597304773145,2.297392788811568
4.426464290050648,2.3626912827884157,4.119421028812265,2.519343330531534
2.784637769191102,1.0601894471593152,5.9457467674202125,1.752533976627199
1.1161566133707912,1.7132194820001994,4.210269288174636,-0.6536233374804391
3.11722514693387,1.673220364548747,5.636262102989319,1.512175421717898
2.4750043378509208,1.968694809936798,5.462938868890104,0.542779799266568
3.958202682937958,1.3581448966005762,4.918673720978589,2.7052286145373032
2.8072568835716294,1.117606233069333,5.370653356501667,1.727467303449222
4.181114671420828,1.5896304412291504,4.5995511725814815,2.7616579222582978
4.608248548076789,1.0983511151541054,4.111602674384622,3.6422599202802357
2.6106893788703287,1.9836545100299932,5.7762129941656974,0.667638841852554
4.049600927554755,1.1992828929367927,5.110530270261349,2.932198676347421
2.3941237897197083,1.8657884323468212,4.7329126973807405,0.5748912277090905
1.3353299606990392,1.4044003811675039,5.716301853632794,-0.07125435723691084
2.1378860232345156,1.7113720703073532,5.23717888086871,0.4512885052203437
4.556982146585387,2.139422345639516,5.872669158008267,2.5959508109338705
3.614341149836605,1.6598945832536744,4.30464374659516,2.1182653168565824
3.4423523594084435,1.8292702779015115,4.745452997483294,1.7481876097683662
1.7397374950674638,1.3315669508169266,4.690512845600848,0.42568390807466755
1.4697066820613216,1.7683300295722626,5.340638613709455,-0.31647482476721805
4.103229570956178,2.8052966917613484,5.232269408189229,1.537614995905488
2.3243533995150703,1.1319311495791653,5.965097544795613,1.2144886678941154
1.5905706956724148,2.0938659903126107,4.99315498771054,-0.5543962756225695
4.740731661439931,2.11529505043765,5.872528862132256,2.814351544195553
2.1049289875877086,2.4724417727305545,4.305018174011854,-0.44893443274960887
3.053592173933188,1.2042505155451988,5.0443038758481045,1.9044079554053863
1.0999507917758624,2.1002898333653826,4.558247035143444,-1.1271157392352051
1.8888448982608175,2.350797864290964,5.541769288615403,-0.510123817519977
4.117302990164934,2.794285537048322,4.891706318250284,1.6118818520513338
1.2734460432003663,2.8772308974864664,4.908373582789284,-1.979553905978698
2.044334988319479,2.5229203848745545,5.281469791186408,-0.5447589479057536
3.158979654068468,2.843620028393519,4.577401147904,0.40243532527609455
2.101726002135134,2.861108197597238,5.30776802717102,-0.9015802527636408
3.578521272562016,2.005031711856926,4.237865993918988,1.786034034492444
1.4773578747006741,2.8352875537122975,4.039524317494946,-1.9064312899570401
2.23839404852443,1.382744597377879,5.318353836810578,0.8861232257048408
2.114081728797545,2.325852298145967,4.198067433702478,-0.2543799245520428
4.1838003879179215,1.407036924443342,5.349273681088303,2.8781110658113627
4.582287824329541,1.208878466162267,4.074533671014052,3.5324639969246934
4.08608966410659,1.523057156288782,4.544112909509723,2.720387521515192
4.63514965268021,2.2673767202940533,5.3252848462025,2.616818833748867
4.978024724554546,2.619378249774332,4.161270115196178,3.035471705162305
2.79659450070186,2.3190065260323154,5.208901899868286,0.533361099983539
1.1110317558125526,1.419741226000816,4.6942074767577235,-0.3238777239769377
4.45935391729717,2.792612117247806,4.9720773577169055,2.0145088729168146
1.695943494198525,2.527991591136831,4.453534249687794,-1.0106516306926758
3.025703884339222,1.5912533594788563,5.43696614018282,1.500137684659294
4.03480232467494,1.1628303298120835,5.156446776695018,2.947907581501282
1.9714169538876605,2.5961267911182055,4.659442826632571,-0.7523045672346148
2.311170117808653,2.862183076362741,4.792247037813661,-0.6870031498680813
2.047735265866818,1.9962557623591046,5.780665123120833,0.05485412179166928
3.1288325865152493,1.1499716757071068,4.763119929314148,2.039184831656185
2.8498298095078827,2.370431145992636,5.230551306978529,0.5377956447015984
1.6583376458534653,2.795559615135976,4.011834486391914,-1.5855572734222767
1.1969730317381235,1.538958742502485,4.851842688362505,-0.360606788771424
1.211449821644595,1.168987940766302,5.245986827881866,0.04355706927548686
3.525163262838413,2.257263769778336,5.386691579149771,1.3964178734021737
2.7899244513816663,1.2466858546472603,5.895012648695396,1.5789513010329697
2.2909030407584594,1.5537095563817795,5.449972494253116,0.7691100012480921
2.1681933797544537,1.3432211770370615,4.790067959107946,0.8594552752902888
2.80861765537864,1.7450694555377062,5.097899746576131,1.1319321335818595
2.960297108159069,1.9597925074830986,4.393646243423542,1.117873124356878
3.0540453805684153,1.313578747985189,5.506616298813587,1.7922052456206654
3.6892731896988447,1.4216553071066982,4.011370641988799,2.4250224362496153
1.5153963676211122,2.189086302386001,5.513657546028374,-0.734022373018451
1.4229309461958146,1.3504462677032223,5.163318544595621,0.0750987953146944
1.870607652667684,2.6953336425784773,5.936065578293629,-0.9256487404015437
3.4510315838646877,2.121796075873826,4.975147604193248,1.469584575733483
3.5962971998335345,1.3446642114536485,4.229501742516955,2.374850000802688
2.635748134007941,1.1334759213119505,5.964862113927557,1.5301528920239562
2.9776275092661284,2.182904997395628,5.209847056007002,0.8752565412380919
4.224539960760736,1.4987316419771097,4.3358197441185435,2.904867886936489
4.426243559225605,1.47881726664183,5.926502604506183,3.0437045564550953
3.1431662548786723,1.87722508773054,4.854847673821024,1.3727135014774654
2.962391254189012,1.2039257109639736,4.45605812569365,1.8263878295580156
2.43512924611277,2.5066061709942904,5.759451314951244,-0.0793900483378335
4.897233613769737,2.8663697977064753,5.2676662414351885,2.4206004917103936
3.0771732533610483,1.191312229621332,4.37540987863032,1.9599070171227444
2.004973967741539,1.656213678430663,5.471934930103179,0.3659243082066768
4.775590180678024,1.5494675788701076,5.771691873394733,3.3490638127038173
4.658953628275948,2.0991372939591804,4.642218869081793,2.8699916718296863
4.821647902600549,1.4635099286496958,5.823335119158273,3.4694929856493
4.1413858501173735,1.9173380370691842,4.311485077177204,2.483090783660495
3.5904045860508127,1.6610047533712773,5.478900692214263,2.0246846556426648
2.881858372304913,2.2980767997458846,5.638761750532481,0.6392821729564936
1.6437177050495397,2.271573234660174,5.900886925305317,-0.6802810237103489
1.707333013774802,1.5287472456731268,5.702326394198398,0.18537160024856383
4.834025363765251,1.669041165259076,4.483891050757638,3.4100277469101354
1.7771692443258833,2.909134858500969,4.431637206203709,-1.5005400079530073
3.6936854364585057,1.62736313324442,4.771308707062857,2.198128876461488
2.5052809276585934,2.3424227306504317,5.10629688582501,0.18328027935058558
4.191195692477945,1.5269182994967216,4.428555293595554,2.8383230216087996
4.8844389582751235,2.8201221220683514,4.235366076252196,2.766865953356384
1.8798427709155638,2.055429119612292,5.07535203057293,-0.19203944231456313
2.752754885638581,2.3653732447361158,4.297405308733092,0.4639920035985531
1.5812230575875423,1.9728074145958465,5.304897244869208,-0.4218390169195831
2.5942177777668705,1.2530080511642254,5.012885325846176,1.385179734885691
1.5071280246455223,2.5974063371957206,5.851112806203757,-1.21673601396858
2.6448030897885175,1.6494093380150512,4.057412209873764,1.0894778261838665
1.060970101657575,1.269963310180976,4.7367780329680755,-0.21693539941040532
2.3009099921803777,2.1409190147472823,4.291113962242989,0.1846088387747263
4.661487058907534,1.6851459190733342,5.242075737896038,3.1431767863489104
3.5059845099614293,1.8534056525776328,5.338475219804123,1.7621888744221401
4.202280035624444,2.7337382834325554,4.217607052878758,1.9285026229655562
2.6625932938114083,1.7404108820687318,5.255239241517478,0.9773344903497676
2.996333231975751,1.8839146277372292,5.80118684058781,1.1761654496284684
4.4272415696487615,1.8700247206779317,5.576362226699065,2.7143962806461124
3.423484184412351,2.1194658854938835,4.575361659136273,1.4714125343533422
4.394222530863484,2.1727259498321265,4.6479423607971855,2.5129643634325007
3.923887600560117,1.8244225362488093,4.446445525583185,2.3021814435610155
4.1233464904993955,2.1371757802270452,5.0406671699117505,2.193044015905774
4.542362991440404,2.1544070186304127,4.651925422597519,2.6943135283479624
2.2985203123348583,2.798113074252205,5.718852563629162,-0.5728437500943945
3.7256263416679793,1.5468867474370955,4.268641896353949,2.3376308086335538
3.865178998027058,1.8516810218418918,5.982746907625154,2.1174693014253925
2.711786239634803,1.9162670170079317,4.980343549687632,0.8618711116926796
4.438167098700005,1.05032137328661,4.294264479263072,3.493966774532298
3.8974779475378036,1.010097178855745,4.324430704697895,2.9695244272151546
1.4459327982062553,1.802562694111131,5.563776835482171,-0.37696198217229787
1.3046989105303153,2.1634000459208487,5.0617140265015275,-0.9498271342340959
4.140903481811984,2.1715691501563414,5.698692347583169,2.1300498517152238
4.137683130729046,1.4961350113438738,5.843243016887076,2.7326413208602958
2.4610993084322095,2.2657486854273223,4.205643532194559,0.23187787095791637
2.219473761216672,2.2916855827451483,5.926287722765871,-0.07830332984522416
2.040880711152805,2.4880994106723984,5.626219285463914,-0.4986270263698917
1.5573308274405395,1.8219574495684159,4.161602089345415,-0.2943332515620956
2.714340110456176,2.5290698858026417,4.0580685959667395,0.2369043611243756
3.6785456848776548,2.2970431067605803,4.605899679494385,1.5938614241637623
4.02870889931402,2.7045212858652152,5.790300682617252,1.497583545042057
4.621076895684569,2.0005342367096457,4.459041865129396,2.9322094836919383
3.676036468560583,2.6885549150692327,4.368847137767608,1.2527978593491385
3.7932137649991087,1.621821560508317,5.521983272612392,2.271575956189035
4.3355873249433134,2.6263838307986,5.2157175064593,1.9783248136270841
3.6731259860555006,1.495557551916809,5.888453657202644,2.2513936362837974
2.4265870200600754,1.7983751636591203,5.151091213310736,0.6703957512131014
3.7620004590399456,2.5071078808487215,4.854256443044782,1.4654797472725842
2.196729398577312,2.0431843529549747,4.584526343886667,0.17152086283681012
2.2910912104606544,1.0541109740401329,5.121687086086473,1.2640417390889256
4.356288375383663,2.729415203223031,4.9337533503475255,1.9529352058949294
2.392889280064857,1.1070788910108709,4.534193817801499,1.3259407844808528
4.501805497254182,2.747467368430983,4.8580043411999565,2.127216245821061
1.2030018103455777,2.471928938385716,5.333918126523372,-1.431986797207898
3.0356680317252036,1.6865505927362823,5.408316746325196,1.4199243086003366
3.1012630749102215,1.4886493280840785,5.519316188126689,1.6746775627779371
3.405565138269094,2.561914074294328,4.348364475412853,1.044108278428916
2.4452368167198406,2.0948421208470522,4.5583002723985215,0.39452492870698797
1.1523289311620073,1.6076457972450477,4.104160855279604,-0.49486218444612107
1.6677977049479562,2.568645101951014,5.277129945703921,-1.031259318009582
2.699952664393523,2.3764493580361874,5.599814135143545,0.3572710793942203
4.490183537528516,1.531749834727658,5.968463859299635,3.0609544920672223
3.7571063958663373,1.0524104418844868,5.490361976365617,2.75579713862741
4.097622431278008,2.9047482285184243,5.433363382213434,1.4115237110386816
1.5033859099973577,2.862559275944215,4.69440298279547,-1.714894425707354
4.624572174913933,1.235285253088564,4.382154107768421,3.532543053848275
4.13731133949951,2.7999216631089254,5.172674926056961,1.5905486901095545
1.4839837510764977,2.123909320098888,5.031625186159755,-0.7058960022853826
3.3436487925307836,2.4513636029504697,5.576680625423673,0.9934077433360012
2.331637156000774,1.8877766268380747,4.055597864987783,0.5015025330544842
2.079435407438975,2.9913387471198973,4.225246327369227,-1.2912004096463696
4.828768578157961,1.5143007221680165,4.6090240981401465,3.509281636318647
3.4963958623175873,2.0484698451663492,5.091374048865996,1.5815862407909145
1.0088801557686908,2.5564904092771172,5.6541492132073525,-1.7350962788814992
2.4991613513386963,1.3344620984789133,5.774002254571442,1.1971094434370981
4.10635632584528,2.384363392645324,5.773184038767195,1.890787276149245
2.802508829996069,1.6593888133659864,5.852264190193281,1.1920432611042062
3.556614111219124,1.5652990265429987,5.517332923595962,2.0766413946334694
3.401522625413484,1.1621384726689097,5.414452012291554,2.2928205734325178
3.8984837838720754,1.7630172758554696,4.519565191719277,2.319196503751251
4.835466482603692,2.696390677979287,5.532251919159549,2.4497486963027115
3.3535641552312248,2.624938609130862,5.563510292399081,0.8263886112163485
3.770413999123892,2.7280807672544043,5.846920495975166,1.1784743857757276
4.05034418712411,2.6429074584175516,4.08334535534667,1.8463376682761874
3.34214055305904,2.4013212298733064,5.051881743648432,1.0693480167750717
4.682481709317851,1.3238548203859073,4.599439987081437,3.507038997151904
3.1978173691472476,1.5397286573766251,5.546324645983554,1.725929556275769
4.475443034397906,2.202697996737008,5.4819364388122205,2.481913317412552
3.0436949740558963,1.203123563485305,4.860205661724802,1.8996972273542014
3.140582407620811,1.4604891540790228,5.36052899366573,1.746151466444755
2.206641102068645,2.7552536933734157,4.575634810331874,-0.6871596632756015
4.630457277766823,2.7447296628550863,5.4506842184045246,2.1826509478056275
3.599193073379968,1.4305389662034054,5.218224895596623,2.255047253781427
4.110020515157976,1.2458463309835057,4.087006632999017,3.007302357767026
2.3631909021565565,1.3915813304717595,5.647855804672494,1.0025166727834787
1.4645609962062731,1.1092231828709471,5.63048655224324,0.36244060913386383
4.488040356052358,1.0402705210185412,5.276122675221314,3.5168040852121547
4.2279150225865285,2.8516540730844744,5.3140298479920665,1.6309901159365878
4.764982084284366,1.967922593826857,4.605164183337867,3.093763994695686
3.3935400373888007,1.2917458744239787,5.587714649620359,2.1603128642650895
2.303755333072144,1.8622949955772081,4.9392238264370905,0.4766380624125304
4.095684915524458,1.0714009899297752,5.725374091143148,3.0786693344363307
1.578910087423818,1.7386331173810552,4.558757640516018,-0.17278243120642175
4.474609177723366,2.3751530770289886,4.777078951630229,2.419739528833356
1.7826946365491567,2.3739945009295087,5.64808085986258,-0.6516587800303456
4.653502563120069,2.9419531523486655,4.567170734356089,2.2376198072451845
3.909258813308958,2.555407225565002,4.673097291132674,1.617038847641734
4.041615362761944,2.043617810462008,4.147015719241728,2.296161161068386
4.972417780735256,1.3536876620430118,5.37976043767349,3.7390352792810346
4.265411034216289,1.9671252053845176,5.836222842275011,2.441128109647384
2.8037084349580783,1.7319533823267417,5.403124071955725,1.131459062608799
2.1690653774853987,2.908836511617225,4.6451713472082,-0.9488414844042933
4.018494931993995,2.6647175382440826,5.183825179856665,1.5782642845405253
2.9162671041674733,2.870750669575372,4.788693102332057,0.056868115958648636
1.6081572600559562,1.8556357281776588,5.9881039858122875,-0.2602917495561401
4.831380355248445,2.486493985509889,4.843860377572551,2.732356670730681
4.966918247813176,1.1246151412900325,5.552476925713873,3.923626635985383
1.5864069861699832,2.1799467490508038,4.722737858128559,-0.6690819311355174
4.132286959386067,2.001220419236698,5.196871969945206,2.3091418400558634
2.322261967629422,1.9970420454770779,4.590219238548149,0.3611952485788425
1.537530314648829,2.537382436959153,5.216979924577228,-1.144319006727659
4.269560741063286,2.3365926999869995,5.637477860115192,2.1239988544870068
3.422632129145761,1.9516957151316536,5.102944897275069,1.5919739538773587
3.1731020186658507,2.18349351349175,5.7282564135917315,1.0704243935028652
4.5775924905439505,1.176542513352449,4.622423921490544,3.5168781772576736
4.157318814454149,2.7636101412690346,5.206697162749241,1.6444751673208058
2.4261534239245157,1.0061754884170464,4.395129677135255,1.4587171296473913
4.405019801562888,1.554155375115213,4.682578988065038,3.022179642201106
2.0629533163644918,1.4919142586456944,4.5985946782730505,0.6036926160064392
3.1397272503614317,2.2042601597222387,4.572609916652087,1.0677145678594233
1.6551762477398744,2.8849373399697607,4.334270404761419,-1.6478128340338816
2.2572492553707657,1.4914788900182454,5.821983233684002,0.7922071511187724
3.352530568016015,1.94830100810001,4.4438340069252975,1.562396692117387
2.708340520934063,2.6611698265298545,5.517793374120757,0.05384706913911452
3.7835346191949726,1.4597307668141812,4.886375403383961,2.434995124078969
3.4450951658815008,2.7724717891170156,5.988549864968055,0.7588447931244232
3.6455253562226,2.284783143407988,5.444793537130274,1.4991157376641966
3.455418125956425,2.1666268359369774,4.447069283004463,1.4757908441738175
3.944749020399604,2.7995525672288197,5.934045076236459,1.298824963111633
4.511690855737688,1.7218513440148469,4.143520574787676,3.067210136423589
1.7318962340062876,1.8979240614632862,5.937776305707911,-0.17521975409558183
3.498977904728078,2.990468941548484,5.844663807520158,0.5918474727926818
2.8890734638669526,1.860802891012499,4.400652051283792,1.1347046805277285
2.954905424280528,2.7255058987961256,4.660410849620432,0.28280344651248057
4.063219802231483,1.6073950858528332,5.518037632755647,2.5671564796499413
2.919390737493126,1.9135002672010826,4.04501622420934,1.1417147048093899
4.2177253616326995,2.633753889591337,5.6926122361918745,1.7866995286014284
2.7657490009921366,1.1998890646603115,5.863880835105675,1.5997086345658618
4.074840495627766,1.740188958595588,5.8461304664899645,2.445505420960882
4.338659832803382,2.943605679953963,5.501348115489341,1.651327259443138
3.479784900307048,1.356731372440637,5.4312512907308,2.19256388451564
3.4281045729700432,1.6825512855978089,5.881810259025981,1.8216781668843733
3.2095728767917575,2.9989084087533104,5.255510218205193,0.25652840715534964
2.8578231215806067,2.134198140328331,5.706526879881835,0.7802460851804314
4.327114858416081,1.0992785483341059,5.341982494338499,3.298429068769609
2.031543512509639,1.044388498091305,4.107611833333201,1.020698508666964
2.7132812433117857,2.82962671910756,5.701938951123537,-0.13401143889109166
4.191426043365768,1.6855244982686586,5.0957494313647365,2.655369190174567
3.1613026028886106,2.3777062944036578,5.1683995207956634,0.8825330217908659
1.9421879638824455,1.278979673807782,5.4609164986964664,0.6821818258546115
4.883202575388299,2.7803540610513586,4.3590371762644065,2.7303636156197735
1.198734141935141,2.355027086060517,5.401561152855269,-1.2848392187698063
2.3364773204320306,2.0434142615347586,5.179765295566346,0.3189294485752568
3.1919429190809123,2.0171179697855184,5.75146409686896,1.25450792857533
4.867043388695811,1.7770118639920665,4.0000430150637385,3.4490663654486395
1.8994193516038598,1.784617675278662,4.123509429643312,0.12734598158244997
1.8358064447406517,1.1753405236307075,5.583381592540633,0.6756046229410767
2.879382040652199,2.814630780564907,4.4423225549912715,0.08369414249322138
1.8814404628228845,2.8519391702764407,4.098626760379061,-1.3512771432437765
2.2614224879679137,1.8510823908723917,4.089841589693444,0.4601715389411843
4.114612444610431,1.890655904128849,4.72839783269873,2.4263637211779145
4.232281928060745,2.2917808513337574,4.231345386369024,2.3084068564359885
2.9380123469042196,2.0313616437296984,4.354600537897686,1.0250102742311145
1.2883071159166182,2.470125670365934,4.603189012439189,-1.400542351186625
1.2467054914255287,1.3261779150756048,4.218759862528337,-0.08371631221193478
2.3608519159205477,2.130927750376901,5.749911041094348,0.24755188278542858
1.8782289384311275,1.8667838530006617,4.513619124393019,0.012570612425142383
4.063181161812017,1.6652932848389068,4.011964486016344,2.635666905836721
4.137636115335118,1.799332761815782,4.96550655824251,2.50881301718227
2.956256782540486,2.2580581145306757,4.702626840860394,0.7959621558740011
4.8702926467470755,1.5612059777176066,4.899305747817833,3.491078135688302
1.1683319943444461,2.8783545034236386,5.678276972115187,-1.9837821712082417
2.8990685749650806,1.6259046713569,5.077586894470806,1.343927203493429
1.0533009216439764,1.6671916858210676,4.601341462469995,-0.6586450917976728
1.1151089695320948,1.9399061385702239,4.049242846321464,-0.9396486013651134
2.519700195957512,2.297830995295361,5.452430639225638,0.24465655799215752
2.3787384627269086,1.4239385961752715,4.695297574884934,1.0019885579247771
3.930613803827126,2.955950815893875,4.587379261556311,1.274540235755583
3.1415258018526697,2.155486631261234,5.931094068641343,1.0584079685081502
3.4448737494945427,2.9869580041486232,4.3922777421317765,0.6245714180141686
3.5110925713338537,2.1198533890024422,4.120847240858906,1.6223657305396317
2.543138446153585,1.8467951679347876,4.382037956555074,0.7678676950194332
1.4015645451998688,2.2402295265230716,5.7338701994874555,-0.9110798000661747
2.7124687661360527,2.8389654466184187,4.603433966598601,-0.16069323826896828
3.63901192205385,1.8256527987621853,4.1222354838210755,2.022526285413346
1.8466011823518445,2.7251685545042674,5.669373270833579,-1.0019074864196027
3.5123420739783384,2.116106743464691,4.994212325719353,1.5414438864498248
1.5676971895791456,1.9641305828513245,5.193414890989104,-0.4282408078136663
3.3666113838300693,2.038824019465719,5.404957726117426,1.4337001681827446
3.705733141083337,2.092229804220798,4.57051984168846,1.814816226063525
1.1576247154796153,1.846266096856277,5.764061711645219,-0.7269410072637922
2.055843708467544,2.793594062784541,4.859597334903832,-0.9016187238947344
3.493664743896654,1.9387050881120766,5.075448169694498,1.6825439712821968
3.7443609754652827,2.557550413261538,4.781634677224276,1.4046180862425697
4.525733773964648,1.9239947443944432,5.449389709515975,2.78082891045425
3.7946889188170165,1.6486345404160394,5.445853517100944,2.2517145050235094
1.5754716626946128,1.39582492736519,5.407107497045865,0.18594933362503216
4.891539183772625,1.0136534107500763,4.4442637828133,3.9828657777644687
1.7234842819099252,2.723254649790701,5.43647792290076,-1.1551467479665916
4.448351466056044,1.116667657189405,5.495576938217965,3.402668507055954
2.103927945456265,2.6277045874091436,4.396164645978548,-0.6533324655368147
4.079732706336406,2.5511413124130735,4.080179842725504,1.9586708987988366
2.4024766727959963,1.0655346155188559,4.0947730972166525,1.384643254536716
2.3647175594909147,2.6233512938890806,4.111153488267444,-0.33591038572184606
1.4374952155969103,1.5165635751034825,5.938850049960301,-0.08177975032310077
1.5265131517072086,2.6893361112292333,5.988187444164751,-1.3014566651132902
1.5059212587850688,1.1629712860059078,4.818007569105633,0.3533997768150027
1.0879190158929521,2.2863480774355454,4.791209751012396,-1.3637159775434538
1.886117709490104,2.4246791930029414,5.080413624879006,-0.6128638522519059
1.047499395820922,2.164836103109288,5.814263093072917,-1.2038973936611026
1.8796732216165877,1.940477535321009,5.621237365587852,-0.06478693367302064
3.697231387866637,1.3426549417966074,5.18736104211251,2.437645658067504
2.92014636778877,2.8556118954797247,4.559531519021867,0.08278042574137107
1.4927917556962216,1.1784181707329247,4.6143703279101,0.3251554992778716
1.353617587263062,2.535325867900602,5.726358291565428,-1.3179195309619594
2.028208762191421,1.4445715368220542,4.8340147472849155,0.6115836137219253
2.8425161270355703,2.3976339966433455,4.186507892025977,0.542697001508848
1.2402742924579773,1.7713060271695396,4.87114540225916,-0.5700563396223974
1.6001834437610278,2.6754145901567847,4.785502655519277,-1.2968298419085353
2.7884371040323694,1.995627480919511,4.700522212652695,0.8756433652180132
1.6193674842785692,1.6350559026288904,5.965807104385101,-0.016313054942796387
1.254177798388982,1.4821212660498229,5.385716950246151,-0.23709818708779595
3.3591216905601367,1.9933899478964936,5.953351658987018,1.4493954741383308
2.0686500604564046,1.9929798674794326,4.020950937678781,0.08712514711319194
1.822323172620444,1.6867102076244853,4.3743014614167395,0.14697915677727413
2.093644967609078,2.0461652524511322,4.516502485399247,0.05325887983554724
3.345537476247528,2.5313799019429686,5.273556517595341,0.9280677386800811
3.918164251307002,1.6746401566125941,5.957974763582111,2.3377696728849093
1.2694518083660506,2.1438688771966543,4.006344332558399,-1.0350862379171513
2.1718177036529696,1.9856687318855284,4.105561243327095,0.21267858290844346
3.8656027433996014,2.950188729104588,4.529040365826746,1.206492618961402
1.3340182880381057,1.5731273085992112,5.396058571490573,-0.24996738496395107
1.1516091478707091,2.599521831160718,5.772153352140069,-1.6216765286005597
4.163507771337912,1.7447925344620527,5.114508462858588,2.573072754651018
3.0264503176041813,1.548352755096486,4.7661464505632365,1.5628666684768922
2.6246248697907184,2.1042979338051984,4.233815706697344,0.5996358822418335
3.0627720745594402,2.0531589947057887,5.057646891612468,1.1047368286528059
3.3409894458626406,2.1501620469142733,5.758175422414755,1.2836807948786357
2.556512306766264,2.670711108763144,4.326495519708725,-0.1451555220784108
3.9112387166141165,2.3210602471984814,5.387752845297532,1.7620760706504892
1.567178054426451,1.2406723819730543,4.4293463431620825,0.3401207020677068
3.1430664509992168,1.1618634352843333,4.029020303586434,2.069102750040546
1.1468589360434063,1.7633704727696096,4.479941842712373,-0.6706493285259691
2.2151082351191342,2.194592697093541,4.898422688186123,0.02294742861350103
1.8373481603379531,2.9606742179917656,4.837583824557612,-1.4204104450535047
4.380616706198461,1.2288350487290975,4.248922955892841,3.2924847092751377
3.3023705430111905,1.874753282474684,5.780865117235447,1.5091838564806623
4.902998372589563,1.2755566428622853,5.169233193317745,3.7431932889130675
2.8627992494345955,1.90311972233273,4.066258665397132,1.08596160178518
3.300161192883215,1.4857509451368829,5.834525869796977,1.8762635532424434
4.1884040430487985,1.1996102642515596,5.757808313652979,3.055853227639127
4.074106530451621,1.3403690277633291,5.875920757475012,2.8077646129209985
3.024929383292564,2.819099858911677,4.267417105413305,0.27417288219072977
2.5010582243108455,1.4185251103406025,4.376545427531914,1.1443073595935664
3.529280263014316,1.12245433142716,5.114946905096555,2.466958890482249
1.0412201028109593,2.2709420908717433,4.9579521402922735,-1.3833710665483523
2.1677008226558367,1.1286496662658114,4.061960462566123,1.0816440773314795
2.82427141945877,2.6743643445264227,4.071614871097259,0.19880586003502
3.594889118326827,1.5712774051567187,5.521877195379124,2.1108758796717932
2.1607335395318032,2.3656830742067587,5.155972001303187,-0.23066207373366648
2.3151031229191186,1.8562956165595825,5.516705328204827,0.4872179805257604
2.5974828803284673,2.7763286872348703,5.437302546130832,-0.20800527899926183
1.33288547629942,2.8128391238902575,4.994678040800512,-1.7909678766691048
1.7789118893808271,1.5707299200059957,4.760121978380277,0.22053430893627013
2.5807259095340305,1.1843387987168636,5.448188121423502,1.4305975970682114
2.307901654457768,2.3034525898964526,4.317291090325527,0.005260346262511061
4.238361857764183,1.384415032678735,4.209817437101222,3.0220297102157283
2.649825408859989,1.533111363563536,4.753364594349642,1.1797621634162156
3.1527527444033145,1.95886413108684,5.054504575035495,1.295101518339604
4.429154984297341,1.5162845518593089,5.9667753391437515,3.0117386999206963
1.4203570852607874,1.7970475196689737,4.991007141395392,-0.4037712637226396
2.6646535685212998,2.248477078545861,4.520409614024325,0.4797323388513357
3.976493752835212,2.2043384982083625,5.942396357990667,1.9083084880678423
4.145482499794026,1.7041547541721036,5.912010554033425,2.5495450040949903
4.4259750830837294,1.1576474704546167,5.33133711294935,3.348214562788413
2.880841508348468,2.7225683495645634,5.065183110017797,0.18769207729245885
3.798440486452863,2.706161598557923,4.303141499495577,1.404856681622642
1.9951659219116462,2.8608787420280315,4.317619811370632,-1.1558733641182908
2.364043525111114,2.7425454315604862,5.254344247946815,-0.44374514671636317
3.586398489395357,1.6699633621091912,4.5233520921363155,2.06211292940397
3.723347262623449,2.6057757054007045,5.686740717046048,1.2573385008817448
1.0747274343133641,2.2208655824845245,5.973694005816883,-1.2346327051288253
4.526798898358926,2.239886429915873,5.652340802621432,2.4908333080028644
2.6147146075951433,2.6398224350909176,4.061679984527091,-0.03303700776990697
3.5979051379662317,1.2186055799243725,4.519606552335526,2.4708058885951663
4.452861287888506,2.10214781169039,5.599343666629528,2.5362346036584973
2.6122085325990443,2.123194967360985,5.297030743948748,0.5337681016914297
2.1837042921944114,1.5622535838117646,4.637849181900648,0.6600232736347944
4.03962959381416,2.0343001286700084,4.613400426912328,2.234277162922346
3.3255038399899544,2.9487022802781517,5.444644783144746,0.4482263291777122
4.890220356078556,1.6337422218843227,4.517327256150426,3.4929150443092576
1.4610825799985454,2.365522027921312,5.440397856513526,-1.0043482356609212
4.414945969766251,2.862000254998459,4.109358768006969,2.164093204729552
3.416099141494263,2.373338798497775,5.317951501149138,1.1652394676262796
1.8196834754680618,1.2427398557297886,4.232886308841294,0.6035411052855368
4.4674998446005745,2.6952746485102423,4.868837023827213,2.1280367533274545
3.6226409136657787,2.2424134619452207,4.052212140051662,1.6570772275342645
2.2394135273168336,1.4837320140837296,5.284315054742477,0.7873552041056191
2.4364260115787473,1.675579317772107,4.997178868460038,0.8075989072869121
2.9530315511471597,2.216700918829658,5.942032524032069,0.7936226462462833
4.4664650307343905,2.2033893174790435,5.335900239309625,2.4848219607430937
2.2185696157371595,1.1167131067249403,4.599799393009874,1.135837590940405
4.486945141239188,1.663211837816544,5.363683228394674,2.9701373800827175
1.9433404897570434,2.1038250512045096,5.146576366339972,-0.17584799697579684
4.485892621225504,1.9786332199887944,4.973291356214858,2.7328577068779003
4.326952535427161,2.0952554286515523,4.567431100803848,2.5115561999864067
1.4910072222433572,1.1983132551365265,5.529233987952292,0.29981975457342563
2.443380898570442,1.5704382014720488,5.068752704945083,0.9181208196795199
2.97285066147881,2.48489992433644,5.356679743345693,0.5508004818267126
2.087254660737363,1.5481407471518818,5.226573496864733,0.5644437925050001
4.180266691560592,2.3821328395200347,5.3530997099073785,2.007898513803702
1.0692172094978956,2.898698546463889,5.544171439216454,-2.146188809540352
3.730436009566234,2.3202497952611836,4.679021235484928,1.6239107066734049
3.042613681789282,2.591800798025684,4.698234900142484,0.5404957455348041
2.866556679553049,2.4344883550343592,5.357518368262344,0.48503692381259567
2.777577223026637,1.6134153844445105,5.121781912678794,1.2266108458664866
4.028332487342346,2.0802872073575642,4.648522775640284,2.178348947256386
3.437533959761073,1.3972452661999717,4.398967961342194,2.1517160561337167
4.668028112831408,1.7393639977173219,5.570520133816164,3.082798519332799
3.09281680102788,2.4748912245554564,4.642667450574729,0.7303499360511853
2.962444413137265,2.4661823773949663,5.52962511018374,0.5544606039480564
3.7034701383227806,1.7149414580522881,5.435382593786675,2.09556867256969
2.9653657601474435,2.053712674386194,5.988532813315331,0.9705075856529446
3.3784947558371834,2.7939383363349726,4.435379344278453,0.7526549279773035
3.580526640430487,1.5030171890021942,4.379726257092743,2.2118315553712082
1.9397070098625724,1.0165545740249307,5.2763898170432455,0.9407775503004995
1.8538853596466578,2.8054547391234825,5.5451578912319395,-1.1031725614810217
2.7954923994607506,1.2121676583590462,5.667415003530025,1.620832203921624
3.6597540304975,1.9937059591723478,5.864016350806011,1.7715828373965339
2.3269432357947397,2.527327202699672,4.748629996614841,-0.2366913311816127
2.982271342716522,2.139207609094275,4.46627249697536,0.9603934361049542
2.0209097404287,2.9948114346180033,4.1858343554341175,-1.3939761639608288
2.34944448357253,1.8664051477383612,5.994394422529715,0.5083059254223801
1.5309135027937346,2.4893220479752833,5.667738514792992,-1.0668128503588568
4.28474154029241,1.1825099815778093,5.278445247609185,3.1831369555137248
1.6721042109361237,1.414743695430217,4.975432534999939,0.2684412980381759
2.985643827387707,1.7833868232413355,4.047407412424885,1.3392763342846103
1.2121634434352093,2.412297763558324,5.351676906155302,-1.3444661815727148
1.9182336248328222,1.0190442355785068,4.871139006234866,0.9195361596120181
1.7577719303419879,2.8396262459942645,5.176740206241699,-1.2938872301572706
1.5629389704507104,1.9909753049737526,5.8334293801270976,-0.4553806639611925
3.8466033726489837,2.314523582784073,5.40306433319459,1.6955244688930318
1.5319451371496688,2.1179587248150096,5.033400159181427,-0.6459853917249171
2.884437922328282,2.408524039400614,4.775630210134337,0.5511405581005872
3.1459202482138453,2.297016543791446,5.51041877506403,0.933912720830661
3.0561555078924796,1.6122688792467323,5.200560931203396,1.518712690637589
2.96179748501312,1.7760401747977683,5.901484445568741,1.243400696426742
3.480850678143042,2.43434663491226,5.422354222426458,1.1711643356729742
3.9207525056026036,1.5698329777432272,4.739754911023984,2.4915457616402383
4.91979315360715,2.0164195603085755,4.564746752529338,3.236238972810311
3.920392475116287,2.7573754971096642,4.4404225445174035,1.483755688774094
1.671107269404592,1.2918892143871292,4.120546325823275,0.399353307943251
2.7736741162492344,1.8277761458063433,4.9705002071417566,1.017166051986843
2.7268053522695928,1.4494757292772456,5.7603362500590825,1.3197961717621243
2.9000616655257794,1.5586673447508588,5.867475287108885,1.391385653013536
3.83732138466521,1.63396921751828,5.54816390508458,2.3056068977537505
3.8471705872345154,2.9567830936801824,4.468234863328979,1.1875971403922
4.838857526338048,1.544015006044146,4.262450248493833,3.534911726964249
1.2928779565703885,2.283256482955387,4.9275994272763395,-1.1175946487993473
4.703226765889059,1.5003587852445688,4.387072723558175,3.4083882775558645
1.5794084100056152,2.6465245757917506,4.7791755337720545,-1.281551569926598
1.4685405947486743,1.3812632900001565,4.517463394502466,0.0916674074812701
3.321104189568303,1.079736698032654,5.826260616542021,2.2808773714114614
2.322336462292775,1.8688415120879862,5.1807093596827665,0.48623303341374785
4.0282651636597695,2.6333656047621687,4.990100970605728,1.6421794400190812
4.208168604031607,1.2979014618005318,4.752744885589303,3.025257104755051
2.079298694071804,2.9111295473362464,4.135160352861285,-1.1712536367604298
4.966784353968705,1.316705739999277,4.574340056356907,3.811389209091698
2.5848568024963017,1.290858048686158,5.303982095041821,1.334112578694144
1.7831243900207232,1.6753642671450826,5.593380600738851,0.11294567778657587
4.042708342186305,1.3658273656266957,4.994637639209694,2.7829569106746526
2.754418516191684,1.7417134482238954,4.218338134761207,1.1119090484586662
4.690736502340325,1.5525384536037359,5.3769218812944874,3.277809084332302
1.2738280663352621,1.0247361646833577,5.134838566275219,0.2542053679513201
2.807731599046902,1.0656260023545099,5.548348768475868,1.775153943488002
1.0037368100677635,1.264253987197074,4.593004970586568,-0.270985100349126
3.884998279838071,2.183477346076928,4.9493820095445145,1.8959978402386153
4.154302106125252,1.3857124548854942,5.5520058342036,2.8590730394812796
2.3690915047775345,1.792038744122217,5.985457417836544,0.6047959209175895
3.2814441703384167,1.5425477857028782,5.607105245535882,1.8086864939342453
3.729423645068476,2.139261679426308,5.814174123310717,1.7101275651196577
3.8133620725124353,1.2572851822471254,4.116392351073262,2.684353199096825
3.8557821572243576,2.058547064238223,4.401833736079879,2.0332779670317747
4.042810041947076,1.7705482469836598,5.030956068125124,2.4275626075732974
2.6262556141751507,1.7154915441688872,4.129471419747247,1.0012502774805216
4.652137118911819,2.269909809106645,5.327386733795427,2.6332148204650894
1.4057173655560393,1.3566515812176239,5.550561326599391,0.050600486170780265
4.012078018832704,2.7280497186937565,5.6147835521238845,1.4690868164268793
1.7290888388547043,1.575278665615511,5.889425675643711,0.15962622056846137
3.3145731724174365,1.2731290618875997,5.933502216875794,2.0901242612995925
2.8728029088943488,2.2544408518243886,4.401349759106925,0.7199827323554066
4.68105609503187,2.9786945626874384,5.66901917073878,2.00081404988554
4.533432603481062,2.2576356764369,5.088649756869778,2.5394002200848234
4.656226959134066,1.3132102734483782,5.03839909757102,3.4627016482996877
2.635634296460377,1.2456279595346662,4.009309337135729,1.462374449068442
4.36182817600581,2.046314367055175,5.36596611692548,2.504800353124479
2.6252995932602183,2.3930914229737565,4.507102033384153,0.2740253060384627
1.9802613942320044,2.809260543167347,5.375236091307121,-0.9723651492304173
3.866453191252831,2.670081904479508,4.80695768142753,1.43873829064352
3.8638175071142875,1.481948956668497,4.311318161427594,2.5364206236900335
4.96954037982591,1.7166693462258868,4.13641815025278,3.5753093954831714
2.2029896653816907,1.720083880659012,4.880063641518929,0.5160228365111712
1.7103489431269958,2.0194099522584725,4.1702660950791,-0.35323875350462103
4.349918647539049,2.8483627508957605,4.183668951166684,2.0500666138261616
4.907041530934942,2.7427117753602808,5.183263126891339,2.5506822799057964
2.1494439609822926,2.4473971829867573,5.221817255566641,-0.33729368149293204
1.6885175954535008,1.838336248726579,4.0678671499791,-0.16794678801476157
1.601517710193236,2.9940667360844735,4.668903249003058,-1.8148494150842696
3.2329241066086363,2.3907781620400272,5.929876336660927,0.9202544974033471
1.0570265612133807,2.6834480517879014,4.466287190448258,-2.0345983593493835
1.755148598644305,2.1766693759906053,5.755608482690519,-0.4553382315845341
1.0068386644866019,1.557141518128398,5.7008241904016375,-0.5720562200725119
4.938567759259993,2.402627168784804,5.869640425980677,2.7794606746612702
3.728201737076068,1.849231271958304,4.305327087653223,2.0806786244470015
3.7151562715762894,2.774860174183542,4.423070740217107,1.2074755205880994
4.194758678864041,2.673700269739105,4.879711204286452,1.8182961080095967
2.977113342659255,2.9672050000084784,4.9530679283959165,0.012374583573782202
4.060653534923428,2.7372133697484866,4.767379136030662,1.6164217840639108
4.979153960637117,2.377646714447587,4.533118976729494,3.055539160795408
4.988246360525622,2.094479333969528,4.665477677647237,3.238447150688375
2.6010288859762105,2.8743669701127446,5.948857700177898,-0.3122004060532274
2.171537957420172,2.1981191238708013,4.793854932706589,-0.029910851342651888
4.526090869797789,1.6714419519014438,5.715095172129785,2.9851679919741807
3.8190187439981607,2.9117699252571887,4.5239105908948565,1.185437324495521
2.7735753312981846,1.9348230316490826,4.7640144263099495,0.9178588665310373
3.092311180674969,2.5913237847145583,5.562034803980234,0.5661897811527514
4.82440983164811,1.9719397895614599,5.484402668636415,3.0569028070312547
4.434667290508093,1.383340801214634,5.186985348955787,3.165995358090396
4.628798436349937,1.216417945262435,4.449017759897555,3.547553553996091
3.1169207487102635,1.0932283058742918,5.072981942415482,2.072385609056671
1.4801179248947927,2.1160790829259,4.162805733760008,-0.7384915921280231
1.9737257200703247,2.5943885972914114,5.014804037711466,-0.7252629471377728
2.4302551262723866,1.342783504705182,4.878729623421539,1.1311595142037494
1.5618506798726997,2.211653513061185,4.229493431367077,-0.7623334866560219
1.928584125995247,2.348964302064865,4.7271243828503255,-0.48442001805708196
1.0348711062611717,1.676829072048889,4.7617482978635195,-0.6858926823017573
4.357097453557446,1.4516801002627626,4.576014396483256,3.063666895301301
4.654835678304522,2.582480114151327,4.266961578565875,2.603288495057195
3.8230448760858664,2.336733931685445,5.092359191716793,1.6728258278781512
3.025075914717589,1.2058909061406193,5.0860043636632755,1.872581126732508
1.740319068376302,1.4753502348217942,4.88963826721805,0.2779218139663318
3.4694007585268016,1.9377743350674794,4.027619237472392,1.7471278138113704
1.423097634305595,2.007546542949188,4.0747180084942745,-0.6716193605193465
4.715890925437263,1.664242796519244,4.8680204196300165,3.247310576532273
3.7962102573056753,2.3980891574808636,4.345639466828392,1.6765020820731538
2.5981475961435865,2.7467642956723486,4.679915431721161,-0.18355886567343532
3.879141988022635,1.7584191227724122,5.971472684222604,2.2191168498586906
4.288314692281441,1.5463957482179749,5.850061048839949,2.843046111897346
2.3698112414586707,1.921795646741688,5.238480068199097,0.48159445613610463
4.503896961526977,2.4403033908375398,4.013367793062533,2.5993003097666656
3.2784210753712464,1.7439978879929388,4.027289034066523,1.7023191039776595
4.337782194571055,1.7481856733130798,5.139210548817017,2.7538196329224567
3.632387252973578,1.5861914549800296,4.149248764896383,2.2143900663720064
1.7902771551755996,1.364888555515913,4.614641859097958,0.4453127310285868
3.5697553844026517,2.0176408296469104,5.775655555137375,1.6564762798674697
2.68721355372418,2.4482561200551807,5.409940638492292,0.2679675454747638
4.831258089059819,2.9694275683476077,5.690485008289226,2.1825480825999097
2.5932656977454744,1.9844266709789444,4.647894805561453,0.673290111699646
1.6632904905091395,2.6455196777499603,5.9852058079260715,-1.0950033446489618
1.5082442806440142,2.622994473744522,4.369348471318558,-1.393852239905088
2.9898517888972123,1.3228684758964406,4.599329172878833,1.740531210748426
4.677792874239229,1.7513791655396944,4.5606731202668325,3.169427211784441
3.188083046623508,2.7045586148462872,5.425482539390942,0.5577662369177885
1.5701495530400162,1.2382619697195993,4.063908682564243,0.34845697635059153
2.9110569018832773,2.772986759905428,5.2748282462367335,0.16230773127498402
3.3838399821042966,2.0710645453117134,5.61193292570985,1.412481202250618
3.167360141650431,1.9461552587304007,4.83176799820572,1.334219421834486
4.608874581002432,1.5041410430914737,4.1329034015468,3.3333291055134593
4.582910664493706,1.4390809519964447,4.415618621430897,3.3253898849694403
3.0843551736218116,1.193226654598217,4.66965550791401,1.956066571434946
4.986489287600785,1.524223323514637,5.872241988215256,3.585143620952099
3.9616733739993406,2.1447706881577737,4.808281220178845,2.0300492865045046
2.182549349027637,1.7365523125733053,4.040740376475469,0.49393724351814233
3.7314802402936222,1.956233000459826,4.84360669296359,1.9405591365506734
3.8837052916232517,2.91891616912485,4.104604901987616,1.3722744156389517
4.421104557631695,1.3083315365038828,5.951254822092859,3.190834713707892
2.102309171423057,1.1274867056908153,4.695792979081483,1.0041985389433463
3.661590118772035,2.165823095498696,4.580861962383279,1.6974769215570067
3.5143297266805953,2.5607969928130787,4.047231964813289,1.2313592494197245
4.230837291485915,2.261900391715824,4.01671118642913,2.3826236428828107
3.4369495899528952,1.8292678179597641,5.720976513960144,1.696756756481786
4.713764190675262,1.0348862902305254,4.110403743312039,3.8013322345082825
4.151247966256072,1.4273027198655175,5.852506866180629,2.80875358840764
2.2220819228183673,1.56630352396118,5.330843355111114,0.6860603847367215
1.4941304439906875,1.646166749110568,5.181847343370463,-0.1603423351985337
4.110357199603323,1.3934919689027643,4.835955870172332,2.8372065301640395
2.9054761226235026,2.9948449781402617,4.060403864577561,-0.13234591259295617
3.359910176570009,1.8555554095355793,4.123847430899007,1.6845133869137523
3.431044754497549,1.2116023450513842,5.086521505817938,2.285219091989953
4.0150303565107945,2.238640931281528,5.070155820484274,1.9798264342172012
4.649886983886285,2.0413835705743955,4.6686743201642145,2.900466052010652
3.0233707634622786,2.6633981099575696,4.867084518905107,0.430082820648732
1.832333685577499,2.014806024500173,4.10825229679565,-0.20938185249722646
3.2210816173757144,2.2078982503052162,4.233824890298895,1.187430112227694
2.3068706029130444,2.129137276390081,4.115132085079031,0.20769344014232324
2.2914365024872323,2.3875300596820312,4.303679076619359,-0.11549607001051435
3.612659043436649,1.9890790054423635,5.399870387309756,1.7463774466252548
4.455049108159736,1.9607295906320519,4.695162233274752,2.7451491511381008
1.7520067589592534,1.7866522754676597,5.322499485805913,-0.03677960245734228
3.0381345232790746,1.1019512594115992,5.013889701830195,1.9847103749716146
4.632218266801684,2.085143557115266,4.579930560537834,2.860759501252262
1.3908704960220444,2.0714590142280906,5.974575672284597,-0.7255961472989008
1.7006508594444112,2.129754794296762,4.899746779747037,-0.47646895698648034
3.216542265808389,1.3248755618177246,4.764958296116955,1.9693212069583848
1.5674848566722428,2.2232350733463333,5.454253451879881,-0.718115756254392
2.874412783081198,1.6969584438648542,5.6417742285104655,1.234627310538966
2.0330639535721384,2.268996359987466,4.346248874836758,-0.2766206309567573
3.894238646073375,1.4449207601443526,4.553566555317451,2.582797455412346
1.0554392179903846,2.454100561045532,4.126679670050675,-1.739727796492442
4.053453400658842,1.941150367029369,4.101409554833107,2.397871733694317
4.494694764848116,2.5801545455557586,4.731044856437478,2.2841157784182196
3.071925799708756,1.48083079473349,4.9447243277057,1.6676334677351057
4.492722846580758,2.3533183260729222,5.430711774364305,2.3738643443016527
1.6921605157270698,1.28569633027784,4.927251755786196,0.42105100975211995
1.913730398239042,1.1804250958340101,5.872325264414486,0.7485852935300523
1.69265604187735,2.2609295145762296,5.740574315822643,-0.618243360912947
4.754822535293798,2.7920329281394425,4.695313565198632,2.4413102255873316
2.581890360580549,1.0240440790511247,5.819574920159059,1.5825396857655196
1.3023036239426924,1.847919333316643,4.718478921016888,-0.5929826579442694
4.4327016277951685,1.251218384826739,4.985722129413658,3.286665149435068
4.350193065840541,1.8993245523419742,5.458875451267225,2.6142059588165303
2.616173145246425,1.5396978810501012,4.409273486725136,1.1487917725059027
4.380396944631949,1.4406457176109355,5.8546546776748585,3.033008796033775
1.500143579156798,1.3796567605922654,5.039150817219725,0.12527349450426395
3.59720772957813,1.573443099320055,5.165316440112139,2.124743196415026
1.8628192168542297,2.623020490798324,5.810772597098217,-0.8519394538717321
2.39372235914746,1.951233027500996,5.377993198787017,0.47484528968610795
4.273085090387783,1.8136984079274536,5.68855617211951,2.5948071538230586
3.3786147391504167,1.0385669689554782,5.684105264285671,2.38011446798264
1.0837910299522453,2.747866595246451,5.761632259936891,-1.8932669203104862
1.3555894957842902,1.122940699531631,4.255584792060546,0.24119756225225994
1.982827122238826,1.5209416806197176,5.539763153263617,0.4803436852867954
3.1123085499250513,1.33173562180936,4.810650480466813,1.852990164550749
2.8428751195263304,2.25470691280326,4.876924638636422,0.6633133933988615
2.078546638040238,1.6266308072209545,5.535670296305187,0.4727880103947791
4.988153432943843,2.4332545396326286,4.383993087745876,3.071422144633201
4.033072595550985,2.6142284342595685,5.2298342358692445,1.6381963263841213
4.150831362574502,1.8603684547486599,4.2398528857604045,2.5489412196311005
4.060790407560605,1.1296302529349111,5.913203055390723,2.9861556578419832
1.0202201048220125,1.7273273751664289,5.955937855426281,-0.7388626386659437
4.311298823061674,1.8844369007572856,5.074519861580388,2.6137675778230873
2.183317096665555,2.34292681983391,4.012159764706519,-0.19661577203210057
2.004601372600754,1.4467855016155031,5.290232683714889,0.5799243208061993
1.8210684633197594,2.1988976745445186,4.032286558989955,-0.45074853806341636
3.4126891681196954,2.5660322526488875,5.001107668896203,0.9863966173990596
1.3393016798618977,1.9369457091566127,5.944696540802251,-0.6321404184534
2.771093957695051,1.6076741902682352,5.949334119705427,1.2083755991468752
2.3817047899587456,2.8882663680677165,4.879433874331225,-0.6284946077510849
4.411254116008003,2.9661249161061116,4.82196794839893,1.832925505850451
1.943498420788356,1.1618671879780207,4.553962430277412,0.8083839682709579
4.572727114905764,2.1926103500338323,5.042850366965469,2.6430205120334342
3.0059182949054395,2.315266137508692,5.212188856645659,0.7708803535458177
1.6230992976652274,2.185582482160239,5.020976278435008,-0.6247799079444951
4.029528339137338,1.4598098179641974,5.224066021313044,2.676334775993976
1.9701144178572463,2.1585220590367395,5.810515758427015,-0.2029295264870872
3.6991072296477396,1.7961917771550486,4.665639330490059,2.0618340578861227
3.601768892130262,1.810851811754727,4.35827093400534,1.968918752598741
4.769670925258514,1.860954343853133,4.975325876031507,3.1363736731891247
2.401520998648181,1.8336626135666476,4.124708939267669,0.6339465237855795
2.447482882645794,1.3455791204419265,4.612416783220371,1.1520155268465835
2.6203626154098147,2.2251197118643335,4.544424851582125,0.45329855667825447
4.604973183583052,2.1332621300405394,4.91145082542436,2.7440686931103357
2.5857310384393606,1.4132450214186678,4.728656354859521,1.2286418316190006
1.978705387828525,2.882304222390581,4.894285974740564,-1.1180426689616974
2.380375500093252,2.9044877327404235,5.541686601782138,-0.615410350948905
4.939125905384633,1.035334667008581,5.161550507250115,3.9847774492494756
4.977866008994637,2.816016423585027,4.660097722890311,2.7132668213544364
4.133474658120129,1.3015926878799016,5.846736794169108,2.9047755626249847
4.425153891101959,2.164301212720785,4.579400902038957,2.565453864535477
2.267816561078201,1.6087165409926083,5.740341022748183,0.6866141875007261
2.9961679336487395,2.281413067904866,5.914829791026662,0.7747014300017018
4.014423553456856,1.703761141478542,4.293982406493942,2.5172965579757767
2.081923523607751,2.646584211383585,5.218219974783738,-0.6551809330022327
2.4776729884234276,1.544730040503212,4.489047834927222,0.9936245618948045
1.9201434465565037,1.053743508263157,5.657155387837674,0.8818328143088693
2.4558845596029086,2.421820578143732,5.515365864688896,0.037914750689910064
3.5120252363486912,2.3743443749785618,4.599178711882476,1.3283905482751015
3.165284017920384,2.0540289904210596,4.230964299669006,1.2710947608617544
4.31029237131542,1.501292494323405,5.468929075547987,2.921223439242868
2.9464090246928722,2.258966352699187,4.1423889442422945,0.8201201958805023
4.028535971957105,1.2870689907832802,4.50254225364943,2.860840621121424
3.9050378218006205,2.751521703911295,5.070174332090838,1.3733405633516358
1.473850271071791,1.6178264310498853,5.357546780343201,-0.15102653890933476
3.9786263162626603,1.5275532125635605,5.74880224784279,2.5424720857602177
1.6116211055165488,2.1454639157475524,5.698966920449615,-0.5762361120918345
4.523847272945363,2.060040112357444,4.145367962771791,2.8392095998621287
2.4563890349613415,1.0594290976416967,4.056404551087297,1.4471895327378284
1.2771627754644377,1.8527432448227523,4.7614432506057325,-0.6248229565628918
3.727394279115427,1.4234026403450226,5.514296963473377,2.384812136609808
2.1506543241957314,2.5962482716207003,4.797698562183883,-0.529882574349632
4.663610843721765,1.121381768463671,5.505274505380447,3.6180822910333736
4.690171860300877,1.3102878013740544,5.781897181934637,3.470165682981953
1.1262946389374773,1.898533715342834,4.67232853572439,-0.8451558434980287
3.945122032843882,2.620079140899233,4.411480776833888,1.6469939492751389
2.8932141864257472,1.611470058404697,4.038088385532778,1.397877670339637
3.461543196324356,2.127584633360937,4.037117940331996,1.5696184437153027
2.769488217339437,2.763859952305384,4.825646742031359,0.006865962325980216
1.8333102658300096,2.423637117143152,4.815657134423658,-0.6831523656986762
2.841984426987155,1.6255298633983721,5.654275185221147,1.2700711512774638
3.658779784828865,1.6976569457053112,5.393966287637652,2.06612238600644
2.7734796296754576,2.0131501695491796,5.384483882464164,0.8197824297591513
3.7026338891889177,1.738010681745722,5.159549722635225,2.086568111617046
3.8411433597553715,2.6500856483940995,4.780421911842556,1.431085934818844
2.8927866731682497,1.6581166516726418,5.705031044025974,1.2903726534732536
1.3086816754659383,1.7769518458888736,5.687096015764871,-0.4929506696656346
1.1175358848117471,1.6070021890841917,5.539929433786317,-0.5114571598323433
3.3040210191841473,1.0188744784540584,5.970048037085732,2.3191705803049323
4.646528939999526,2.9539136627929743,4.854858696036016,2.132842025870076
2.2630754489283884,2.2512428491184595,4.563409699171819,0.013603109486534065
1.0388353748888037,2.2293009409640474,5.858889839094985,-1.2872940388409237
3.4409382700010114,2.2644153917890604,4.3465548140895836,1.3783453140996855
2.283088797815271,1.8210754816923567,4.2230123421407875,0.5120715728179098
3.4697059454108143,1.6001243312750562,5.436907517159411,1.9562213151628178
3.967358237685286,2.021861890142305,5.610211112819832,2.08564800673665
4.2693282989964665,2.3632411923303454,4.4315035746869755,2.2532244604476954
3.6616342201153915,1.03144076759545,5.56149113853155,2.676628705423643
3.2835136427680345,1.0048803038861724,5.095516817911566,2.324278621046845
2.1300656719253226,2.9833430960379195,4.87307584435125,-1.0791477620703105
3.1434403299748674,2.1432224440584395,5.1189875756200465,1.1013997265493976
1.862648897371301,1.1446813474081243,5.665839098030259,0.7330845590262527
4.622950595653316,1.7305589774552221,4.842783208969835,3.096874185833569
1.8996646708576934,2.5319817527619763,4.924677890855284,-0.7372194924455546
1.835060214723728,1.4607310717313724,5.452214718667662,0.38853293430797353
2.0180031727636027,1.5240268989241943,5.762820173252445,0.512212546006378
4.15944593327854,2.5710477001666927,5.699061535751364,1.7798064894639345
2.4200657523035987,2.92694097218183,4.210446403162435,-0.7051162343228311
4.885233087858017,1.9617148383948886,4.7694114236976946,3.2073890434774146
4.708048041799533,1.7994644895962066,4.752155745293916,3.142598021559429
2.858340382416642,1.8380658405307235,4.135096084270556,1.1389827714026202
2.4089947549858612,2.1493264109725425,5.207063027965917,0.28508833640825343
2.095374730047288,1.2876678765421805,5.024141906997325,0.8356178918590802
4.777270398384694,2.2297233057791255,5.10986245817074,2.831319766983574
3.724111055918622,2.9561992373148684,5.6134281019830246,0.9033250779466837
4.467995330538923,1.5045205421424142,5.047607947130945,3.104593304185252
2.029644915825053,2.8684284290638926,4.323772303688147,-1.1209829051739781
1.110502097330015,1.8809993660060231,4.303985170363401,-0.8566375863948987
4.843606182543692,2.384758360262849,4.757669227141628,2.841595526050232
2.355248148394771,1.2381145921284058,5.807465146543523,1.1434208395072833
2.539199106222063,1.7730174564512065,5.223690518170821,0.8145362268782119
4.085749415677524,2.643546362667796,4.708393945654367,1.7428267502479302
3.0539025421532555,1.2654379413708423,5.380149290941468,1.8400867860380403
2.5096488946175097,2.0080869216119552,4.08136432037352,0.5761189761595209
2.40259199553664,2.212910830934736,4.281289088410336,0.22157509926101213
1.4982914551073137,2.660548811234639,4.641961100781332,-1.4183398223531607
3.404155642078575,1.2476714399789153,4.88165166473488,2.230568321075129
3.4434825052664526,2.8759177252973367,4.3305132291840485,0.7591429652006072
2.6284918563606787,1.6345998450036696,5.081516749762315,1.0496827029591873
2.647090500068141,2.4277760805537136,5.0102250192821955,0.25071506303422125
1.7023952430571563,2.2544665138294526,5.4122316389362615,-0.6072638502192507
1.9877605536520466,2.7550720744411112,4.764386899418164,-0.9405057377704334
4.365099494510553,1.4093007690284198,5.662168584870747,3.0518408318983465
3.587866802431394,2.8896494611866803,5.106213882518415,0.8468700468227353
2.4533594746880123,1.134482080229983,5.777087768554058,1.3450676877356567
4.965907625642835,1.2471079025086376,5.630021811202214,3.8135354624349365
4.64127932607219,2.2383440836933683,4.016485592875847,2.8939923335985673
2.110751145249508,1.8481945142065908,5.675728424016048,0.2776917038083932
1.6062987613509971,2.680388685008032,4.248665701093909,-1.3843465706027234
4.588051779101297,1.466586306261035,4.0457906627804805,3.349265775352421
2.2460993039499235,2.845892203666693,4.614412525171794,-0.7619639542570426
2.3392102682068505,1.9307281184114669,5.881750091333558,0.432444640468329
4.9995288636559065,2.9220077133218365,5.309898031968232,2.4881367916846058
3.883533708256638,1.2356780558402618,5.072126458610893,2.7301127621547914
3.9989420787731174,1.3287381761910624,4.5586468698950515,2.7914126017845162
3.416713855930865,1.3811099900987367,4.9106466167781235,2.1212269972012385
1.3414694238259854,1.8972064283098178,4.2234588994768405,-0.6220278755841782
3.6485896951679484,2.2322266249616733,5.208050968027818,1.5676590166151982
1.3708524923739853,2.2954659782957756,4.633176389196605,-1.064436185553523
4.961748763049828,1.2173917444575613,5.784566392719761,3.8301386607614334
2.6981049418113243,2.5226156612227992,4.023925265519129,0.22524721224945174
2.039971600643344,2.401282169751507,4.663592962998084,-0.4214760732106701
1.5983818040750357,1.4450565565453537,5.432852584983027,0.15905484767612346
2.7268285833284622,1.3127023277330665,4.516751980821566,1.4779197719154438
4.427808617189887,1.7660249787604014,4.394305519331546,2.906866812687708
2.2418059272387025,2.148804327191875,4.334578673639676,0.1070862743158373
2.079593994040569,1.5802408539047517,4.931001412404153,0.5271561620891609
3.829638502991595,1.565764954696379,4.8888694642314325,2.3897517149886705
2.741175433005129,1.2071614368492265,4.028339053679793,1.6079073548571028
3.386655613830878,2.3479667329247524,4.571501658591405,1.2105591693678148
2.876003021151273,2.6223791047888922,4.837480184661038,0.3018195110913336
1.2297728058646258,2.5597925742355994,4.15232931288328,-1.6891773060737252
4.751906858493877,2.2756283021899053,4.414836559100064,2.889744507509622
1.3609579106964298,2.91586404234252,4.695845002025181,-1.9836687960981532
1.2103219641954697,1.0373446003046345,5.891260306985567,0.1757229450795803
4.652864210676409,1.2693440093046195,5.364584584115447,3.4824089078168736
4.369432438192506,2.3856165897868786,5.007246224625246,2.256359577395833
1.8463071271909328,2.736014359008197,4.09946557422224,-1.1947307903120474
2.702656322084768,2.3116326877248743,5.388486781273687,0.43288012561031713
4.332203842105621,1.8262777263919692,5.095805577535783,2.6842328106287123
2.6066058109439547,2.798674395028095,4.704530763985769,-0.23894841439757233
1.6618595936221898,1.029164253988036,4.367717890734485,0.6510263534819141
1.167690541176702,2.6236602778606244,5.8187614098777045,-1.6311994748324
1.9395272566671125,2.2043108571043226,4.716127989640206,-0.2995131117599247
1.3454794344961134,2.949318580332433,4.117717863258357,-2.2982808025742023
4.356985902029232,1.8434067604809814,5.3200942096823995,2.6795779777019924
3.955256889315788,1.8679692437877091,5.626383618858751,2.2128004115448565
2.851201359902871,2.846362936638883,5.477055549286966,0.005663241545719247
2.4470718766237334,1.3414691256067366,5.357465467321346,1.1419812360770982
1.6328572376773849,1.8178780534174916,5.247213056054333,-0.1972356657625
1.1403529909596735,1.9838623173666639,4.0291168280365595,-0.9691281772132282
1.2014849302375468,1.5977533315293564,5.021270527923775,-0.4179937931039382
1.822695244128334,1.4444812245739471,4.509636856813348,0.39924934056295075
2.546000270102884,2.783856428936335,4.574934442148443,-0.29973592210306804
1.793152160228793,1.16437170937548,4.755306709304712,0.6485220321324984
4.225858890078284,1.319097897495471,4.352872235483465,3.050188218051984
4.681816178829915,2.7064038793727785,5.7701967493657165,2.236700390902075
1.8948031030350934,1.0999368434896133,5.88994396591449,0.8091001112169953
2.393099128880755,2.007319909555064,4.749826172077942,0.42565827246326765
4.739734113965848,2.1001546053206184,5.324257236001703,2.8724886522235384
4.8549225850237905,2.4061974869990426,4.91779593283092,2.807769553760483
4.3967445840577035,2.592974722496622,4.5058586468274,2.205570222976686
3.575005739198574,2.518168205031227,5.82068808362018,1.1722131563149885
2.129167711874154,1.0492306284619255,4.87644862404372,1.1058378163432103
3.378990802928854,1.6487537703060007,4.915795646120458,1.8366212806834088
3.487548877131987,2.665572878185422,4.345606504137841,1.0407705827541025
1.243594548135543,2.818399681026928,5.458605831255813,-1.838878415122847
2.49703292667558,2.0769972429496324,5.500318451602617,0.45362032497915084
4.42408576312533,2.172206159430591,4.457203227004468,2.5788575930076436
4.723515907816597,1.437756708329887,5.145246138470213,3.4220780111155147
1.34224804188328,1.5850493798615355,4.734054213589204,-0.2576735860081629
2.6450032780714383,1.8750277550568606,4.879148296566168,0.8340192447167716
2.118544370945668,1.6644471364659907,5.785691630955734,0.4741412809056617
3.162916371697584,1.0290869759379866,4.631600163361032,2.188534455522013
4.245246671025228,2.5886122839243737,5.424159535531491,1.8851646797369759
4.810783661497866,2.5566785585766283,4.6865065052792785,2.6895915700781474
2.7742647822308633,1.9815007601378987,5.207901034797916,0.857237486667083
1.6811918807035529,2.830304639125736,4.5332000553895355,-1.4710629574147622
2.344050299280469,1.8838309618653246,4.437268497455383,0.5083017914482465
2.513624916585488,1.8070007680988878,4.848906308631784,0.7614752300790135
2.247135390630647,1.5488647668512034,5.037614414633776,0.7338159210970744
1.4149955544061639,1.3584177129818467,4.77650520558923,0.059014738448670674
1.5113240829765968,2.732091582491729,4.609942739339425,-1.5156178146127726
2.5285439729075234,2.629899279429417,5.950277622997761,-0.11299046949358985
4.467233911936834,1.0027765124768075,4.204981901513365,3.5673798068489555
3.6055536100846957,2.5198224829389106,5.358092748011791,1.2302687438832778
4.947247751629514,1.9739823941153674,4.673453161448659,3.2802366974474255
2.227546086530033,1.5053949976510845,4.025141387057104,0.7786587490471008
2.745842664418023,1.4093624951567618,4.235237531302698,1.4172524892291103
1.2124932833080173,1.4041927045417408,4.146714566634492,-0.203736062573128
4.412109690016395,2.5469685159694,4.564541479167902,2.2475705369628804
2.051905653218417,2.1837496798855147,4.357759877947073,-0.15235404027805993
1.2946125755830797,1.2574855350712695,4.941699580280535,0.038390780564707135
1.2343615974729847,1.278548799981911,5.906887544787026,-0.04526015827500406
3.9389505634799526,1.8890845870834723,5.487410584157983,2.1833212373597846
4.904727615398316,1.5015640646378692,4.320200889059619,3.629442067112488
3.295982924412031,2.2059240964954157,4.164292522385558,1.2851886038627816
1.2344558059563266,1.9918517207484632,4.750784285541442,-0.8342627817093956
1.2647417743132952,2.6130247445728405,4.853923985872349,-1.599894223957739
1.1413345888182422,1.2855391882427918,5.0104383633561,-0.14919902672255037
2.512443600717032,1.4772822907990402,5.3072599886035805,1.0777548736708265
1.0757816843699648,1.5023496736800486,5.299817821151862,-0.4448140251854573
1.446788557294962,2.958418650803016,4.331092709476465,-2.0697128102941287
2.6657515060254013,1.3032130632433678,5.153090974482259,1.4083192271143725
3.60781292066154,2.172938628569087,4.653538262743235,1.6226337091765808
2.5214351514360445,2.0158429623810425,5.925599278337459,0.5376604595301154
3.5616300082946513,1.488028329966594,5.560660823486304,2.1520876297960765
4.182393536948991,1.1831944353372377,5.042210258021379,3.0853481364850524
4.675504160591386,2.5868535607824805,4.105728486395092,2.6896648201973825
4.13458174679375,2.885785878708589,4.971855375104857,1.5335553499641954
3.354010593156238,2.0468198760851912,5.448576559335297,1.4104999836900922
1.042632275209121,2.7904084880923774,5.05096907214043,-2.0967964634193503
2.692898708512342,2.3596209404448545,4.176174225810956,0.40393516767320076
2.5224087111178624,1.844149737712243,5.637157219055037,0.7177531528027976
4.002172377761569,2.8812555680362935,5.845233561277709,1.288302910253687
1.3971414994388098,2.8075108168777656,4.6189658706875605,-1.776120439764159
4.887189861120831,2.071292400504853,4.911017621628652,3.1056363784452574
1.7875341688483442,1.299140269079425,5.87115891551644,0.50080820019634
1.916086658274334,1.53151758265038,5.769665994023123,0.3988782138703115
2.523644283395649,1.5514192839325927,5.476083991965004,1.0137598255773435
3.7147649189910084,2.0581653448920547,4.20367095646297,1.8998992755914286
3.591556754395939,2.718937411311436,4.26474728023387,1.132655366982578
3.273591885630338,1.9751057558468372,5.584609003655291,1.3882051909991937
2.229412190205886,1.4564784196325635,4.220481065031142,0.8235256192106322
4.580542741292623,1.2964323512669635,4.274862518011822,3.4464193150291225
1.4191162295503026,1.329770581656964,4.171930318798381,0.09426223198697581
4.354719136611454,1.5453474906036295,4.922122454277222,2.9589889257384274
3.0003698804064927,2.2396571113338894,5.848623979124255,0.8234833855401451
1.99308694203342,2.072489230792672,5.318473335716805,-0.08621767586314055
1.882967095230033,2.7589260907309123,5.603556490949455,-1.0063915806104482
1.6112705698709293,2.5742249789323353,4.304257520816952,-1.2015186560316364
3.422138142481101,1.7251963268990047,4.943999885627889,1.8107621992651197
2.473114629585096,2.271278858899601,5.922294590681124,0.21854688265427083
3.049917424508084,1.4493892759254916,5.777078091461024,1.6534098447428978
2.9079029099397005,2.982504682902972,4.7188806694669285,-0.09626797381086902
4.923646154552507,1.0241741171641146,4.863144287596926,3.9889338519000312
3.4835200490080878,1.1502261348518896,5.835606348937527,2.3799834285321384
3.9261551851212038,1.7300813229313627,5.4855936401790295,2.314181938295086
1.129192668247458,1.3893645708349223,5.373355273753895,-0.26933084430950316
2.5421927241004885,2.4457455793360023,4.290472659730096,0.11738710117546765
3.4355610593712917,2.870778984433728,4.441328304930927,0.7401959679417038
3.1542735825272112,2.4991969625310038,5.587926418284026,0.7324126030665107
4.627319189348846,1.556119137517891,5.352541518634482,3.209844236619263
4.673074722544866,1.8053691816593376,5.834557619483334,3.0157066957048366
3.2929523896458854,1.8126844825335953,5.461854195500045,1.5692085525666166
4.416777978385925,2.2030346728447583,4.673312023287757,2.510153607238472
4.3706440821763515,2.248819280341799,5.155140591471868,2.3580129944785906
1.0384720186329228,2.2427031093093213,5.86549144540577,-1.3032588429290883
1.7506946017704164,1.9332602716109861,5.8886439208369685,-0.19327863764120085
4.885098170285656,1.3006857666457567,4.5512993133599124,3.740409001667007
3.189832186600244,1.3085189941160695,5.811256857579861,1.9308995435362375
4.259159041089074,2.156079422619305,5.843188404204841,2.2627548168012304
4.888693303172515,2.7058323758539053,4.71274120414059,2.6660950756495563
3.3097373492923405,1.2216021792845961,5.71642853715889,2.137513263215137
4.34759401106215,2.662149547826443,5.189111116524257,1.9635338860842313
2.7173168989291585,1.8605026665204512,5.399465942738253,0.912708465376812
2.6837654038095518,2.2997930452066155,5.078329468040197,0.4306652759588024
1.971306699760346,2.4258370399506823,5.068583123873856,-0.5176696614447873
4.305836218536534,1.73751575208075,4.994411445087084,2.7394406728320986
4.049224585952041,1.2803830120781012,5.325557794862936,2.8525103235501255
4.325139856441007,2.085343418888546,5.7638834403464365,2.402550671155443
3.6804886318926355,2.2193062747285586,5.566294027809177,1.5932996082651223
3.075153076998794,1.87774347409171,4.326861520420041,1.329088206853701
3.0496730959852427,2.42925489437369,4.915839523111427,0.7136444846786352
4.411124548879485,2.3920055145787216,4.708102574572329,2.344212521045875
4.940744664606065,2.341557997178398,4.6789382233344154,3.002176312696341
4.479400746316939,1.6236165097099662,5.100319303362736,3.012500967355625
2.4673052323420954,1.7707698919610824,4.445641767111446,0.7593749120130836
3.586125265801254,2.2717097895179794,5.186840200399089,1.4621076036547602
3.8770239990229847,2.953836284706738,5.6276302880900415,1.084603108068978
4.008199996827338,1.9303082572154584,5.273836094712421,2.23283108657505
1.2596962807534915,2.700394126138118,4.731828173124974,-1.7544506770240178
1.6347886060560173,1.846600842566536,4.281040007379988,-0.2347762804756181
2.6056238881429366,2.9001840609888596,4.5046273281410105,-0.38495831987383833
3.9378518382505234,1.8447537427763026,4.1056479236550825,2.342923061961995
3.3529553862834214,2.934078120860513,4.647864904213759,0.5400968358959961
2.1031458210803646,2.992357442686326,5.464951651277399,-1.0626712440288522
1.541506703147502,2.0125954824610144,4.888214327889362,-0.5169366333481266
4.597065377844345,1.7329091136668806,4.289192740851921,3.1310766793977534
3.8736227070608056,2.793224275361321,4.762035991621426,1.333981513651107
3.2926619751240005,2.631922200046591,5.942491239686818,0.736962630608548
2.285745272911278,1.5204438620719405,5.2690714951656545,0.7993023076386018
1.37026264337159,1.7167345527856777,4.4875267444333495,-0.3749972317220336
1.4185321060376141,1.97523069676321,5.546529977819232,-0.5957562508760897
2.88450314032206,2.1281389868744722,5.865792524497261,0.8116670263323827
4.68884063793438,1.8723246366250574,4.252756224143031,3.136887519068371
2.9198679271780907,2.4952346881850285,5.080312640235099,0.48748425824106145
1.3652509439981033,1.799459622785825,4.37296746276774,-0.47641344978289774
1.1073094548258067,1.7391071388186066,4.986017454941515,-0.674134432843898
1.6040969922486226,1.3549598197966657,4.530318331090398,0.26108827629873277
4.981024873388364,1.8332280840953095,5.086789617675788,3.3745615137418605
3.8011356574198643,2.471733342201034,4.563199741955349,1.5815046701912299
4.8157877007148535,2.9777780803770297,4.977599558013817,2.293726970077454
4.820785091769938,2.2244666903193973,4.936775375461615,2.9082891577375314
1.8571116287885983,1.3731287434175157,5.665576540659186,0.4988560157163252
1.481323522725773,1.7723698445615825,5.349961153071537,-0.3084652911872626
3.643860067918379,2.335987969632564,5.675011878755992,1.4350892906181107
1.1168822798423061,2.4801809259873497,5.5977749600188265,-1.5207083097812377
3.9338032915809595,2.8321662420732134,4.063915507948015,1.536104801888665
1.7640196381187594,2.5076763207889883,4.512065603678998,-0.894532824630119
3.1457930196436523,1.01947446966717,5.165011359359003,2.16898933985115
2.9766334744756753,1.802214304121555,4.642988566036388,1.2743363979771107
1.3772223719477181,1.4296306787133544,5.547721604772536,-0.054240226769591844
4.171303827701523,1.9202797942167322,5.363851951262317,2.410812442503012
1.5584622969110487,2.973026162827027,4.461920293649113,-1.8970271060866473
3.250511282717987,2.341176227937863,5.528216244234473,1.0037939993968386
3.928942135838833,2.264517679061998,4.0627361778872695,2.0047205852839203
1.978239689487928,1.76845491949406,5.567619422559302,0.22124200515841547
4.156489280655064,1.5038616836145593,5.220758009519444,2.7700382058528437
4.597146072297299,1.3391515690943667,5.111979786437827,3.3758878993121035
2.1325910949249796,2.637595578801952,4.834179460511167,-0.6026042813824406
4.313158089079339,2.063957842369036,4.031795154891763,2.618293364643615
3.2821522849127773,1.4031247311852295,5.91126188267003,1.9343089110352674
3.664609304149043,2.3194764694744734,5.028939324492694,1.5160136372830058
3.423289325963944,2.0047532243364135,4.058350169598425,1.6314915091693132
1.5667046177315003,2.854631907701439,4.043286828468636,-1.818607440076067
1.2767929859108689,1.7184497518681414,5.666960105504795,-0.4634801105151955
4.899767301712419,1.118001022758059,5.189319527536781,3.87271115643703
1.1741835820733115,2.1569281124765496,5.306912652150954,-1.0755910530369464
2.474488485772885,1.482218921079185,5.614610950613737,1.0287654827560537
1.3873148698343516,2.528782884948358,4.588152950618181,-1.3680057121121498
3.445611415083214,1.93693306434043,5.033804610913684,1.6345268041848255
1.724083606879133,1.617459593553701,5.263891614775119,0.11204462851905024
3.5659917205376734,1.5977240853818004,4.0067330573637285,2.146290856913739
4.6357387908362035,1.6900455146936033,4.824894714308858,3.1449360544328906
4.462092202052064,2.1470592173986756,5.363121089608687,2.5263144509625066
4.719438948956511,2.016239142944961,4.726576194263645,2.988770216984539
4.74145044544835,1.227063402668894,5.393316942485424,3.6090359953223805
1.2884634669691963,2.4541533294453064,4.518899681392297,-1.3882602306735596
2.6718633180699443,2.2430336390632815,4.51506434830346,0.49411659318951523
3.0892037048205783,1.391148882117475,5.217229724911434,1.761842727785308
4.028340336258262,1.3526319013730068,4.77913409311961,2.7897784204369676
3.225024749319086,2.8178155900963016,5.924276030623903,0.46292670282911474
4.34981140991971,1.989466210249988,4.7247403881878824,2.602289984040277
3.0719377869436726,1.6354836971017244,4.34799412350878,1.5503085698345742
3.8733868101566555,1.8696533344262805,5.193150046666093,2.147754511265998
3.676355329594825,1.542671030110473,4.305696254899294,2.2854083320227656
4.762699629626293,2.7930058705674536,4.181991405229172,2.6464333582480526
1.9566438454517736,2.104440914045679,5.215753344996756,-0.16152871954507403
1.1273074980547397,1.2610615114099315,5.310217876229437,-0.13769301903981096
1.2109846086410756,1.8520669216628272,4.575352368609346,-0.7010894684440142
1.614905131550394,1.2403552494988022,5.675058453721232,0.38382975685357607
1.2103070953629325,2.9784979257992887,4.782626571255585,-2.25995364027619
4.725243284799568,2.021532089826526,4.521653224170442,3.0226120936214516
4.609048578955557,1.53816246375597,4.636820168965793,3.2552121006273667
2.341099830050454,1.0365012486036551,4.8193494850160326,1.3358597514562653
4.931548760118707,2.166490598612823,5.716309784910503,2.98797284825567
2.964094448478161,1.4538072448898445,5.840004821802008,1.559377876976494
4.659845916386313,1.0232742756558757,5.832643393919156,3.693862457043992
2.6040272398289552,2.882068524827397,4.314752749603311,-0.3736109556954502
3.425617549002869,1.922795614983786,5.30611859156291,1.6124127103835915
2.1480506947519453,2.076838467621199,5.1576446451112465,0.07779828851308614
1.4121158305171368,2.184123216756041,5.031887092864476,-0.8569426976767809
4.174645992883677,2.0172055875918016,4.629510864452508,2.3969466936908446
4.2584375042383655,2.1294740477754033,5.579761203375311,2.3033002234396163
3.682758841683301,2.012632100949951,5.788555458843529,1.7812615078331608
2.646308774108646,2.5347944918682046,5.550026272623004,0.12535162930932564
2.5756812536933653,2.7801430157624023,5.451769529061843,-0.2376902354811692
4.377040419847509,2.4764700930477836,5.971981092465697,2.0886154314692402
4.185389011760728,1.7124938518686719,5.735746475102343,2.5910760452300856
1.3856827858879774,2.8082505242448725,4.266967716526257,-1.8894562542355435
2.9122253313941995,1.594461326901991,5.7018970455271125,1.3725195699674126
4.606714412944756,2.6874259625513783,4.309327496996218,2.4552132685559553
1.3009914499345938,2.047593951705203,4.427985661156965,-0.8420388097063972
3.45506412836969,2.089340177915023,5.850072125439538,1.4621562279006641
4.906456757646732,2.4978646201233827,5.187930999559912,2.7480937314560703
4.427370953196231,2.1408568280720184,4.624536932465557,2.579572701269456
2.278426187414185,1.8369020772399782,4.4110212793461105,0.4856365922497221
1.685447759710939,1.8688007631225911,5.625936897144612,-0.1943910212575838
2.8395595831244718,2.55312698830637,4.784951820292303,0.33867159105312367
3.207497128460812,2.2259802448908608,4.906412967334078,1.101391649515347
3.3599388502188083,1.9914385831616737,5.199797122456506,1.4814536769812607
3.3002749243454588,1.5536191557797296,4.792868974169015,1.8463495355214186
4.82334652476759,2.5692569875125537,4.744333288545409,2.6812900230167553
3.05947328858606,2.8809631754276204,5.023102809239967,0.21791429748102834
2.2490510801415757,2.2057527868982314,4.382092890475189,0.050109176528087454
2.0251560050488546,1.5364818059631613,4.93949497560419,0.5141827485490145
4.00480594823842,1.040768027604055,5.75728516743022,3.0136895277415587
4.470227474168239,1.0882108969470818,4.864313625746017,3.4699626744666188
4.446522600029676,2.1100316949501785,4.333843906917446,2.674944223059626
1.2226918061341459,2.3744788080339903,5.66337244368098,-1.2686808947492678
3.3484701410475632,2.0431218221728655,5.492054637170547,1.406281237722934
4.030040907820533,2.7438153303426933,5.928664035458272,1.4509683571024319
1.3150964390721174,2.5421673499670927,4.340471274314803,-1.5139011450636313
3.3001246344486703,2.942447558397175,5.722647434043236,0.4170262790879787
4.379176558864832,1.178690730714589,5.3525995257875785,3.2810261362705084
1.6480202138241613,2.8282286918571122,5.659737916696995,-1.3625242150638375
1.5898580111487823,1.0844838490387794,4.144182801582007,0.5236210679797646
1.232494100675201,2.7966708431277816,4.994356687620459,-1.8879270317183985
3.9866690762583827,2.511820277380807,5.254984001468166,1.6790817911100806
4.132559641417252,1.0662056691490782,4.754931708191162,3.1464761637426073
1.6170402186973662,1.798087331109778,4.4256099481154045,-0.19813777212222225
3.398052242289759,2.178941542634406,5.644186092486739,1.3215613067760443
1.0518311362311286,2.764275509660383,4.49488274297097,-2.1716630913165105
4.439477896596051,2.11648732973769,5.870973301656658,2.4904506674279525
1.8563348728269307,1.454272680826152,4.752658382757318,0.42231903258807496
3.532160300631234,2.1648261404681985,4.523482448455486,1.5572455233654088
4.059690335148828,2.201601793294752,4.890400054823424,2.0808810895221526
4.845308918990588,2.638296499159849,5.085194807204414,2.581651289759857
4.73759795404094,2.1931992372309153,4.018685243659801,3.036464587741634
4.876384638647803,1.169834037268644,4.615757984129321,3.8316533910441315
1.0386916787650993,2.1433679824320384,5.7773946486614305,-1.189568673258444
1.6876088094622692,2.2972329406184935,4.300439664610928,-0.7211352807135167
4.5405404707613375,1.8305729838518672,4.84004860393998,2.9274213526577446
1.7988770813799575,2.5959384160981376,4.684529806360786,-0.957527711700592
3.3100220677168,1.296072667945291,4.287468427764374,2.112796624762112
2.2831454551949615,2.3642747801857267,4.833403947177528,-0.09301710555207032
4.7879572788596025,2.1434814224890526,5.508950697195511,2.870687604378816
4.062910992906508,2.2744766823607625,4.989963327781827,2.009303036196714
1.2967750826870215,2.0296678001612714,4.5398820439101035,-0.8193355042528595
1.8885407298436014,1.8411305978268067,4.925045570856814,0.05111620104581672
1.73734819806185,2.8591163326609133,4.235872550031835,-1.520343076523394
1.588429196654825,2.727699287648641,4.036960686725684,-1.5454147339988549
2.6667803554906633,1.6058870291667875,4.472563636166914,1.1366910659822655
2.2233348723546045,1.3047178181247838,5.813801444813892,0.9426613959201555
4.535070251828356,2.5494080023645296,5.437137147706493,2.2481121019459493
3.2688076753813635,1.2932370731075107,4.9691387755301495,2.046077932443155
4.049354289929116,2.801257380675861,4.053228069100323,1.7268906546012595
2.388218491244112,2.5664343930029068,4.202872146641992,-0.22504573954039825
3.802148076882029,1.8289020897909642,4.1530858965574,2.197830207074802
4.530102830362492,2.166998793517536,4.05041312313711,2.7970769075634054
1.3552511985012532,1.0192886296196895,5.884209406378589,0.341119482615782
2.0598894584081733,1.8877983387107158,4.602803306597375,0.18869182487866643
4.4171947619568455,2.309920781722319,4.38716278065617,2.4786679261382156
3.350393517557162,1.2962943562060376,4.953516812016776,2.1282660136773672
2.946468330483997,2.9423963242308635,4.447258724587335,0.00543050669493616
3.802765755479528,1.480924339617845,5.119370556721665,2.42554574790182
3.389188946532993,1.8682763364725958,4.817916477096143,1.6500213432916453
2.160000454031963,2.5252871775772374,4.423759098179113,-0.4448982176150523
3.99476266985102,1.1804450771973063,5.10530132020999,2.892705227914716
4.223095434796418,1.3445211324897655,5.752851271586932,2.960565936517444
4.062115705904821,2.509596969683833,4.787886550019793,1.8230126313491346
3.4390536498745248,1.5463809252880403,4.227091383856336,2.033638065390582
3.035064948486621,2.7023361447522385,4.731548809539797,0.4053423893297765
3.9658489090773212,2.618168831763181,4.768468802106905,1.6124744141022045
3.4065853092017573,2.4685822982958023,4.877992186166556,1.0875457749443276
2.6420998098493294,2.7603301300340535,5.503430502510449,-0.13666353124263433
3.675729049560762,1.0136026412993808,5.834933241175273,2.7032252868269038
2.0971759869576294,1.3205452606113073,5.561588458488731,0.7994945666592043
4.202623656322492,1.5152050362461957,4.990419356474241,2.8205712482268726
2.121970747751222,1.4568301286035692,4.584220966815842,0.7015064673275135
1.8153663029979743,2.173617286244995,5.505171322180287,-0.3899316101505725
1.8502136541192562,1.1808400762473088,4.2872969042731635,0.6963054139686103
3.6906692306318436,2.4784976810386756,4.041247260878338,1.5346859297267623
4.542534469581999,1.4859385271522634,4.364674098646424,3.2507853543713874
4.889275391345308,1.6872803464625683,4.716172388539128,3.4289513675676058
1.4477676923920346,1.1887876925101055,5.076095374521353,0.2663882450785627
3.6251000407788725,2.598122353814608,4.056221904471194,1.3373235522318305
2.2747451345177345,1.5493447101866649,5.84141776166518,0.7523464865239042
1.0753852349166713,1.2119066831372618,5.422103115098378,-0.14006493543950976
3.8868623521932957,2.0530889267138654,5.919363523379166,1.9551422910435088
2.68976049778265,1.9198912406599427,4.831458805620013,0.838950832037106
3.1477802153708385,2.2556787488692907,4.778551214234606,1.0119395471179322
1.160157758906326,1.4825450792399324,5.563481025541766,-0.33448184537780234
2.2022550019881533,2.94157497831928,4.868795711384431,-0.9277958819818388
4.431114251859814,1.8598456758744224,5.940050045308807,2.707398535411965
4.594140062232865,2.392441992154808,5.449352391294494,2.4504936130811434
1.9451977907114117,1.046677392311167,5.096515576742795,0.9180902657438449
3.82553571751186,2.8963956372673354,4.59335860048977,1.1971307346529978
1.3017392143883404,2.909967278703156,4.48214508729613,-2.1144549477677486
4.745692064663842,1.9115767597839723,4.398828006467966,3.1467776704170536
3.9275015935307453,1.2261563635288584,5.954354036387644,2.7605096748767606
2.167802520596588,2.8344187131852876,4.570979824761595,-0.8497005699765944
4.114999722314656,2.4214743330063344,4.141234325602097,2.087593970628886
3.532259804647263,1.4943377104484228,4.379000856402339,2.1680661889966277
4.000325029440676,2.6063216555613264,4.224562334452393,1.771273134410592
1.9505382253318437,2.0109806144945193,5.649759401934953,-0.06467826884645315
4.212174680388415,1.372179531201783,5.655492560618921,2.9274695192312796
4.691479815206215,2.8977646916218287,4.616647364143341,2.3041436582203425
4.287260452454951,2.363876086549328,5.412796805440956,2.138049836393562
4.702340479307178,1.3301741144196806,5.3545295501241466,3.4812969257250472
4.259816981339005,2.084643082996619,5.725477782588653,2.335481108498116
1.7521791773829323,2.386487738456101,4.5911082125500355,-0.7425031071251679
2.403438038029979,1.3068534529047882,4.453060033562482,1.1470942134755253
2.4134367540224013,2.1173478151766645,5.709723975692908,0.3188208650249519
3.713377133608012,2.615404871750515,5.757593051100178,1.232468270098788
3.1602973692339194,2.7905309934797318,4.82799549029429,0.4531205477276143
2.353897136927435,1.2063328393480768,4.347716086002284,1.1944635244266064
1.0636692272118582,1.800019716551559,5.58230074534487,-0.7779012440280861
4.057617075784007,2.8385054029451995,5.031454840429675,1.4765103318288204
1.4383592153306646,1.452558935040296,4.414245596162312,-0.015037162750927067
1.929333149155119,1.7534885865421126,4.064027365120187,0.19492167966321403
1.8617102551224853,1.4900531019588301,5.465530984731827,0.3862899267484309
1.9064811764358662,1.1709955753462515,4.079866804772955,0.7677902513907112
4.772661746769483,2.8471912969418347,4.75523984143913,2.4040213866918374
4.543067376925295,1.3351583280194794,5.6565572209136175,3.3011873908157443
4.605965146371462,2.8041893506496516,4.653250794475297,2.2578061364265785
3.753464885988184,1.0876668122217432,4.0330659239969595,2.7683719506585236
3.8207300689249326,2.6707707864456163,5.5405802409977785,1.3125137807772762
4.670462185453144,1.6613345785543787,4.080110223067332,3.294610743524575
2.7381492916572605,2.970097160685134,4.000356545778361,-0.3462464063798329
2.87307073794511,2.704199121614047,4.329057916608941,0.2162539250801091
1.3880738949632563,1.6508137784946846,5.320666299355609,-0.27637911614707783
2.54963308419775,2.7724441107789777,5.339602659330167,-0.26070781601160437
1.919436497770465,1.0509002082797736,4.647189028173449,0.8916335519544186
1.6296032582857727,2.2907834393783406,4.174759773096602,-0.7908808982365078
3.6026994380050184,1.9548877609743023,5.107023181757153,1.7836590984610317
3.5420088223768285,2.0968330900133973,5.484133141175772,1.564010032839096
1.1514269232863876,2.07218835821828,4.7328089176839185,-1.0241430979766823
3.4917499161712238,2.26417809857104,4.512202604312403,1.4191754250519697
2.978257276037602,1.4177184780910508,4.78372506408496,1.633943007473869
1.3839069605643424,2.5615970410930533,5.329758540494581,-1.3429722311035712
3.7327835021662485,1.0455917569901079,4.993658056193935,2.748107651719795
1.8857716232479342,2.9819299760864926,5.452670790890892,-1.3092926048939046
4.265676369416915,2.2584800219265504,4.362451330211246,2.3460702035507195
4.392920254797545,2.1697764428932858,5.656295831485396,2.407308246269957
2.122402830989593,1.4794774742966625,4.32310122765583,0.6842414398279029
1.1744308010616575,1.6203375035347816,4.122641667616786,-0.48493208401211196
4.009084470811915,1.658828222270129,5.729962598991379,2.4554019625160883
4.153346119392481,2.145125287478407,5.127631788687525,2.210996519039737
3.7648936436422584,2.1931750830636276,4.00590143437644,1.878215492446664
3.680784588709093,2.739447484174682,5.321217117673935,1.0980243909253053
3.542680309501972,1.7383106311698735,4.1565537658889475,1.9864243559564247
2.955469758193142,2.1051879987968407,4.911805947251546,0.941102361305145
4.813293831478815,1.3450172304321406,5.848596015882401,3.5637967315323804
3.651632478968785,2.106711755511986,4.015491564991697,1.81473462757019
2.3903487491307334,1.8200900523491876,4.10610652023083,0.6361718162761396
2.3647287696280785,1.7984919131847674,4.537567952493793,0.6167506213708793
4.538276380233029,1.8585290994848687,4.698363854660174,2.9177286769211883
2.29494478338621,2.6152331430084015,5.176122231680695,-0.3711451476752631
4.337092357964424,1.4441007269212556,4.2380524150370436,3.0771423519930168
2.1909965630806925,2.922062882378385,5.353412087182797,-0.8725037795788132
2.7174162697804984,2.7034900180853096,4.696832057354627,0.017030329391605644
4.848625633579992,1.3050485903533524,4.0925064268856755,3.738768347050504
3.1016028922900785,2.9562515525292077,4.113748690475642,0.20901965133499134
3.0460852452657754,1.8617665869834663,5.20848299580405,1.268098512488284
4.807592565478899,2.016163361288625,4.561985667056815,3.1118212093002886
1.1487494440132742,2.8026999069731784,5.542929001751342,-1.9170738461699355
1.2261969249168692,2.51732440592954,4.296266483777407,-1.5932774362074318
2.2587147406801633,1.1803507115171248,4.841412641367855,1.1119163408209567
1.1608945411447604,2.2866314823931377,5.980494390552133,-1.2183058888824057
4.049542458494161,2.6781083267554333,4.618610071281889,1.683315181946129
3.735332005758284,2.1417848967452664,5.256731082365001,1.7449503936271153
4.841614577328079,1.3665255983910352,4.770666162518504,3.627073589178393
1.3040133046608178,1.536991571263778,5.042128425835543,-0.24462053941782547
3.041462555296817,2.9989807099617645,5.844191935600588,0.049495593407585324
2.893885362123996,1.7758579405159163,5.138024034391684,1.1914560424671903
1.4210344642773656,2.4942040230193294,4.666327066006992,-1.2697806126104652
3.768557486069923,2.9495724070714093,5.112470255389382,1.0026889605255738
1.5305216999289475,1.3628500743380323,5.0095389775640715,0.1742436001736322
2.3046371949913196,1.3804585163241194,5.477017629221504,0.9550108768482789
2.64452106391934,2.087796730978339,5.947773795286884,0.5945575879385143
2.980700239939081,2.7820277281351413,5.449760029519165,0.23104520298988632
1.4469868593525135,1.252862210410737,4.057621206024207,0.20409735742051213
4.325000401472797,1.7776368169164243,4.318105721281753,2.7952068865467576
2.0652711635085104,2.7326612073552203,5.754776850753861,-0.7583406965394912
2.321902537415486,2.4410253936835815,5.88807420300725,-0.13090180302453364
2.7174023989296003,1.1777346524402899,4.723754287815089,1.5898748685543196
2.493175127314434,1.2151577323728942,4.616814458990661,1.3247264922863875
1.1447189852251691,2.4309032550943757,4.142728312459372,-1.5883904852120119
2.6289546867306144,1.9055317011983943,5.591481641637502,0.769485337348756
3.1250994999042327,1.9062626210094569,4.694230987475162,1.3337606923883336
1.2771482644248127,2.4513084445611337,5.210926306959132,-1.3305772044358828
3.5301015582145565,2.1766538743470414,5.081463751711336,1.4978193875468238
3.5923870755805494,1.6441224217470465,4.8256274534171615,2.0722478103443582
3.0975027457649307,2.990781431467348,4.0957011197466695,0.15620635725532206
3.769218938268914,2.340742587086174,5.316016503542753,1.59101182162778
3.57974474700236,1.908532815805428,5.7934213227399125,1.7700147973868774
3.7981701191403356,1.7566432197159954,5.992968888074699,2.1353175892883622
3.0326470049780325,2.1343268468969843,4.565275751380241,1.0162152867980219
3.5709995149772915,1.6903146571828103,4.203872048170266,2.0540412917354356
1.437079349115486,2.3678633809944403,4.727998522445469,-1.075363380084062
1.3034122926917466,1.8565337571257325,5.984936470473824,-0.5818221896810608
2.584978037876653,1.8204153398077014,5.973607857864902,0.8027456053253018
1.9375248105377931,1.420392933052513,5.310057369028937,0.5366886291936255
3.4517795927282022,1.4723194164077715,4.046315356106182,2.1251360607056555
2.298656773385693,2.3660538245451965,4.843708859067494,-0.0772392453276576
2.911463427908764,1.9036817334270393,5.7586900271113795,1.0678147115957395
3.0913061461077254,1.8696253282567303,5.7321601856446875,1.2923556964202847
2.117859081751734,2.781563111301079,5.740792621159953,-0.7587123607296015
4.050344174917383,1.0822763999172393,5.4118137929063685,3.029261417555094
2.4838043439239423,2.4118175536599207,5.732669698517477,0.07935112447515644
1.914518277476453,1.6117658775564332,4.164968102730024,0.328333716614467
1.837380009749085,2.108867630337282,4.420686157642197,-0.30890226522480313
4.789910123106488,2.3133185191599184,5.1917215059566395,2.766390468530756
1.622269724554847,2.9414423824844773,5.569100050771855,-1.5535443234930717
1.055125742954096,1.0450059178131323,5.376251672796851,0.010316589256490274
2.627807474756833,1.0864135132524797,5.906115397253561,1.568152728334149
2.221761748629928,1.5312446338697456,4.242395608048536,0.7404298193802629
2.4038835171549056,1.5076614564369715,4.350461390058462,0.9554293162556186
3.933436118102414,1.4012988834271802,4.9445309623897895,2.6403915194904743
2.0860587440013822,2.350291338693974,4.664987262130523,-0.305891505372369
1.7313975788736782,2.9006639121099624,4.246964469136655,-1.60081106582603
3.0589896043444273,2.347565667326991,4.2503653649265996,0.8534032942380215
4.124690437975904,1.6817003757554114,4.868699075049668,2.6032135574478255
3.558342401103089,2.1139862206504407,5.337192063353706,1.573006935339884
1.0162075913686155,2.372364206348461,4.104223157528307,-1.661925072301522
2.0563157930204823,2.300830918522605,5.451423109356141,-0.26971526480466834
3.231766168898239,2.213945890754771,5.0007272203854845,1.135127091944407
1.766018551522587,2.475860901540471,4.799943761394966,-0.8285748292085355
2.0445026033807587,1.3249789128087976,4.444190782512455,0.753804451687314
2.38518552075214,2.9027473373609913,5.077216234643917,-0.6308278146881794
2.2394813911750004,1.4900915615250097,5.473563260368702,0.7788044972716357
1.8804676146425314,1.6134139964221397,4.8698197001458166,0.28303898425195384
3.8927943598671817,1.2161788118574166,4.259837923360404,2.7928568974652084
3.0046976841235953,2.1078184886326072,5.453741702664717,0.9724444979317162
1.2918747103749473,1.8190008341841761,5.522825736095423,-0.5582755339567693
2.2403739773469464,1.264894242641293,4.806206918773984,1.0111249898086565
4.017328658124506,2.8150460995261737,5.586909385535651,1.3918809254525488
4.102422379221677,2.560460317431152,4.191831644081589,1.9474911901925256
4.547311950150503,2.054899645500773,4.603326463613483,2.7853277711121973
2.1908511611622443,1.2966387496197023,4.389854059523343,0.9359732853348139
4.708059551487526,1.853520722777781,4.343486435190905,3.1563615342522175
4.313615430839898,2.5780330253669534,5.213099850393387,1.9968487000639592
1.493575657460151,2.7354375538931217,5.4050114229816195,-1.439874921303336
2.254785110396847,1.7026097479145004,5.303831144265399,0.5830329129664144
1.0928105391495606,1.7397729058415006,4.264956293329195,-0.7085988265235437
4.668025924502526,2.978484811251226,4.524980280298624,2.2442963134830642
4.171990063425324,2.7481019942209146,5.663021713859171,1.6284850222088891
4.727695770820404,2.5649654793693966,4.6327284154083515,2.59712076526695
1.3791495402732163,2.86138978638854,5.937706313132139,-1.6916198568153338
4.277042319178905,1.9399083176165703,4.0740216301426395,2.657779970959793
2.215766268314262,1.443256697183442,4.481773758834327,0.8159765259963406
1.2182947252311975,2.766594556228496,4.862901820941316,-1.8826741632763586
4.039536961669677,2.4192808163349993,5.07186796376113,1.8434975914724463
2.7978790362271813,2.7646496811430437,5.545886747339654,0.03833181434643211
1.2648418301984097,1.1737583393029352,4.7173763899904575,0.09404100595389571
4.799781563180481,1.7150771202190285,5.97118787433254,3.220402519570214
4.037595026249425,2.951663788961042,4.476754191713181,1.4443405842470838
3.105879409085902,1.3511369796203758,4.870441306237632,1.8264298425789816
1.072154128420289,1.1005352693487072,4.989698903476371,-0.029097728392271018
1.4842029153304046,2.202258905653176,5.3125953858676604,-0.7890437445745682
4.592310909296745,1.9898038451476274,5.389852918929584,2.8003231909612656
2.6731376731729664,1.3561123640037038,5.319687421867,1.3620248780789095
4.917779607154513,1.490424503546239,4.721800886284285,3.612013770780911
3.104103549096073,2.1165221124604505,4.052285493419614,1.158100382550879
1.5395230104304978,2.6510237796862786,4.028460595593893,-1.476187675483008
3.451583867148595,2.7749155472109086,4.58866650670715,0.8496282549733024
1.3607665687905848,2.8889598590586285,4.004960860029346,-2.2065365732951387
3.2581123921096706,2.588667445707183,4.064954651743936,0.8682725655694307
4.33401290419386,1.9464272087494767,4.18256479401892,2.697477667312699
3.7329845540456894,2.20279697928396,4.449168031943906,1.761196258180575
1.9152398451082822,1.592203907735935,4.593020082770621,0.34439098315531885
4.348696674646812,2.2738281855188873,4.092129588072906,2.4956009359830285
4.909352833696092,1.9745650942562063,4.845271374057798,3.213760007208609
4.959192274163625,1.8290816051573873,5.075867636124517,3.3555437199636615
1.9936020593897172,2.386202995267104,5.540066397367004,-0.435021224120495
3.325369978658269,1.8701141085028186,5.54536194035478,1.545811108513955
4.329213891344026,1.1763589780103847,4.888341064885221,3.248313123983817
1.9658384356007157,1.2853921576526235,5.901929740599255,0.6971819620306184
4.728247268555353,2.6402940427821626,4.9124027851833905,2.4759915141660542
2.766562886187869,2.8704249253482415,4.681329097332879,-0.13147838646284588
4.022546642583503,2.280355847463713,4.334673646743983,2.0485775699804716
2.221160879812047,2.5324735213609104,4.278316472380201,-0.3862498570868004
4.060972482715368,1.974371983953401,5.190524412062682,2.256198340645788
2.650777960869005,2.3955148993619995,4.234486786416364,0.30955968153546637
1.866904681548876,2.0540056114628626,4.13778890776742,-0.2155309946548351
4.462747168209734,2.9861907210094487,4.769218717896225,1.8937203551909343
2.857405927558072,2.315874620488963,4.518332939782707,0.6306724605034665
2.5608854324479515,2.0141147151895327,4.929298480572974,0.5990607838714069
1.3945255503708132,2.0853876695491165,5.656640801561924,-0.7432112638242372
3.2137365034875027,1.540622302184808,5.336200546690322,1.747530787478763
2.731748223044793,1.971916342601891,5.343306906713401,0.8175405546003408
4.7935114689463365,1.9039727936382163,5.753378698264986,3.0620714995994183
3.0045390411767388,1.6979394076209018,4.552094018956879,1.4082307967385777
4.605711730060301,2.9340266330955664,5.865350852498272,1.9305922742252173
4.819161333757329,1.0906107104025828,4.060927846144174,3.8707527357409504
3.3275029074121614,2.352069233986677,5.212448111645669,1.0930426192668865
2.7716666765765083,2.3177130460797684,4.399346730860412,0.534081980545691
4.339147401283978,1.3561004461368735,5.32316157234935,3.0848286906700686
4.135863452037139,2.520107778708791,5.613319585214516,1.8082306752298867
4.952920228179181,1.1214904902301817,4.953389914127264,3.933575263721077
1.0935212090506052,2.3565966628390562,4.000851390561844,-1.5629884026451781
1.8471140859880135,1.9585754119925238,5.143149222279936,-0.12054404382864319
1.712758469325287,1.6831621548453068,4.887231936234027,0.03152491257002915
1.859944845247607,1.4827030765851266,5.167384364408248,0.3938010744905423
1.414571790589524,2.9656203311815696,5.528508913565384,-1.8378459601031558
1.4529924200403639,1.4535978893889636,4.006353242981453,-0.0006497442206742268
1.5916197412220807,1.3784652615592454,4.2131668864164205,0.22556938398549528
3.2291320355604327,1.4328517215133956,5.786393601415882,1.8540217250745405
1.570429605185538,1.650839759644647,5.592299890539406,-0.08416070227220859
4.9231565777906185,1.1885493321498375,4.449954016963563,3.8753969401351247
4.8498698349539975,2.6759524850033714,4.413186423296686,2.7338167899902426
4.483506449894674,1.9377955824803366,4.232057770245197,2.863529881401305
4.380227385420261,1.0834613511987932,4.97053574497821,3.377993410013166
1.0770456495619936,1.04543627794505,4.061321191535354,0.03271170648554542
4.277650781687264,2.2154213502596094,4.627076969673554,2.3489767011883647
2.646010238288885,2.7960520602763506,4.68793368275335,-0.18693057143111627
4.0104035320263325,2.250649575431809,5.549530880480265,1.9251853703108932
2.8308315467455745,1.7466397447491335,5.340348257235878,1.1472905740567116
1.5949943953117822,1.0506087612214465,5.860675965458629,0.5533493465200942
1.031425817928036,1.5930780983432038,4.058190700553749,-0.6106728535186883
2.1838188795218256,1.8162645312350256,4.509504683565316,0.4015653164203879
2.30312074259665,1.1455953954121207,5.149407575413255,1.1872794736329535
3.7413447338259487,2.328281389223153,5.47501660589711,1.5612694979956045
3.7328658773735595,2.5789881140433875,5.8325164156731,1.2864758495631898
2.6363815780406816,2.844507037104228,4.712795223410378,-0.2610348233413204
3.9464181190322134,1.7856360787212353,4.318677741926259,2.373133483958589
1.3391266579830434,1.2608254229065075,5.869318509276316,0.08017291452712294
2.9900443706207285,2.46264171231856,5.90982411245739,0.5801737116088225
2.568412543851132,1.7425121417991192,5.0104974932849675,0.8808861697595893
1.2744838240633358,1.1353765117917844,5.255281221469101,0.14247201142477853
4.529890771458465,2.7052993719394167,4.219035274996756,2.3777418385910964
4.000821272172468,1.873890599539787,4.291063053845885,2.3642832435650063
2.191696959970176,1.3528818170324288,5.292387010646465,0.867642348015527
3.700708284683149,2.1989773790761253,5.278532482703451,1.6518964888924113
1.511143924769904,2.440270611825065,5.3773308497989465,-1.0426738993983578
2.7574153692644314,2.319087671104908,5.241842266649935,0.48876385359409
3.439233079453917,2.4124168068447824,5.253592580528864,1.1558870755807726
3.0652321666701323,2.0922084537078742,4.074533471260056,1.133929349342957
4.260609221775239,1.0639631019136273,5.48913949992575,3.2584424232900853
4.292842284819887,2.8446673233865005,4.927279616949613,1.773614030490036
4.754793666621369,1.0807600476737056,5.441091424009465,3.748728165029375
1.6925612709150348,2.431899450597381,4.34159677466044,-0.8924911195591144
4.6020267135877475,2.0591027060271956,4.741309468139012,2.8230459054408072
3.646924468072701,1.6206013261858718,5.600855970811011,2.1168752068534604
1.4423655023798068,1.8474026108781432,5.795183786010245,-0.42733189941830496
3.283422592004714,2.9636376342852877,4.274559767869363,0.4437575605524429
1.4699777418735107,1.1550324093823696,4.065035153719008,0.32848437837740996
4.718433401811735,1.416631807655539,4.152343146182661,3.512541316696052
1.3174353957158922,1.0448553056154717,4.072460469855896,0.2820202420879566
4.086240397397873,1.0288544571588254,5.5250488189695055,3.111815442549371
3.250861851970541,2.893103802239999,4.404166973043204,0.4744950094471639
3.33379946540857,1.897219222526837,5.495441961882497,1.5306929848730637
1.5154574425593088,1.401841595695071,4.8412690930090845,0.11870104319832787
2.663145539504984,2.2834758351673017,4.202039909441224,0.45227825095269797
3.010641764961333,1.2639672361128997,5.2674021660186945,1.7992435497144232
4.256758388995046,1.9971308932136302,4.000943018812966,2.6077431317399657
1.852104337379148,1.887480721520091,5.773706244850021,-0.037433125881383686
1.8088428832903647,2.052056028552582,5.249670995769742,-0.2642367688797463
4.60571598813377,2.72719448831088,4.279876373707898,2.437462239563797
4.912868318749341,1.1273453031655565,4.408694125847493,3.9157059601214237
2.7258166968669415,2.3859861349948117,5.266559770608617,0.3811948182496724
4.306868979836096,1.5261724024769252,4.411638628253274,2.963687096814926
3.6378526843414964,2.9527008848398544,5.783098182173289,0.7968422438291325
1.4879157252170723,1.860557213346366,4.719760739975333,-0.4054760565727257
3.429820903979243,2.9270124604552423,4.431976589094598,0.669619152894309
3.9602521764564957,1.6796001122117714,4.726445320417401,2.4399081054854235
3.1936408994010845,1.0489916455216004,4.244843341501464,2.21329566795227
1.4703628746959265,2.465119851567855,4.99870196502707,-1.1434735254965942
2.9248383615752993,2.2352633372656343,5.3150197983267375,0.7600577706884196
4.3928784401643926,2.93946643367168,5.464965280278971,1.724044165004172
4.630779268872409,2.975406718152911,5.767655800932878,1.9323518796491341
4.015538038186298,2.9679246530151633,4.57964718824284,1.3755750607250021
1.4908122358014708,2.5375087579263687,4.163069838675578,-1.320312328060315
1.5006968917624675,2.791994826106307,5.02752101300598,-1.55274642541753
4.780979158653636,1.9157452087682536,5.274984718421491,3.075206759806285
1.4059052738485054,2.045477538229867,5.365102643172427,-0.6918262422473966
2.5476862022339195,1.5858694717069064,5.473738603111288,1.0049171701077615
3.160334449613797,1.6150524969041304,5.238184257912083,1.6244209122502775
2.8783229411416142,1.560562903346185,5.61925991121643,1.3717193792884328
3.010578455609528,1.4967418795789404,5.014829184250662,1.5861305866634374
3.089187950319596,1.6904776608309797,5.3189916091305625,1.4751972987053172
1.2094016781717616,2.634255429885257,5.858265149619619,-1.5952282770538235
3.501823556812228,2.2079723220341974,4.237103542500943,1.515948118181771
2.9177765041274863,2.238121869792116,5.015872966211904,0.7594505947178043
3.5698887062247278,2.2936944462090256,5.949008765247263,1.3831338193474878
2.8623110817699775,1.9795227767954426,5.505434331868945,0.9460580659158723
2.9951409794515405,1.8869416906809398,5.967003631919632,1.1681452688402207
3.496613184427658,1.2014187493602553,5.484401999065486,2.3523298002188286
3.098726786483467,1.063987564521872,4.20315911386446,2.103242536206673
1.945434815340597,2.2866722970167253,5.930375366339194,-0.36983628593216206
3.1415538086946806,1.6005044504823083,4.5648764222681235,1.6455052393823217
2.5504535477484405,1.7022858096367153,4.119370832771357,0.9314153293852122
4.881828107701494,2.240596497412148,4.247550643495922,3.10896606527622
3.645351647911505,1.4527129496993514,4.086283191752479,2.3458895010343133
3.7657182403941127,1.5268302744084972,4.149557967049898,2.407806325416711
1.9540241402637895,2.93020277493639,4.87807765659721,-1.2210115667121584
1.620235094331719,2.774053410881316,5.849236950689283,-1.3105832653904923
1.4305666876152974,2.713987310262384,5.73652162861472,-1.4567686802474846
1.5724821163309333,1.5830893816115064,5.783662536263506,-0.011028439793744856
4.123096545715976,2.7245083192104165,5.244278026262047,1.6368129752081635
3.058666882825882,1.010685638881851,5.81124866061765,2.0796755213572067
1.042862858915227,2.1294792807768936,5.8338882681646345,-1.1671496018700345
1.400698752106475,1.4649303840351393,5.135575047115934,-0.06701596375927316
3.9380700913177895,2.833459580626906,4.037325284928875,1.5506390497558389
4.289671470784349,2.8968280609563983,5.228797958666707,1.6730706074433903
2.8435179313724817,2.624997096254482,4.092957796464525,0.28480942822433586
2.0906190151898123,2.788637011998946,5.630525961227391,-0.8034846337003106
1.3443734819056932,2.813194794147858,5.488210994036078,-1.7106483187277688
3.4669952572301357,1.234251884739705,4.947737171624629,2.305634492613453
1.407501785439571,1.2484386307694657,4.596754064587901,0.16527541694677853
3.6449736518029803,1.8611722141115388,5.081390050983137,1.9170194763275143
1.6994420450890546,2.212387906591709,4.89655568367995,-0.5749828148461701
2.6452285708861774,2.4937803792117803,4.324501832414402,0.18537516719170122
3.8141328959829743,2.8840715115937057,5.126175622323684,1.1250044724961972
1.0394074292184028,2.1394979315189415,4.582908331436206,-1.2439673996437226
4.983961483962371,2.010836192649126,5.4176872224098735,3.2018377418191606
3.914394535190882,2.122218125762319,4.004468712167277,2.1133629990600555
1.5944340915355242,2.4866385026106506,4.734524159993726,-1.0484555694059767
2.8887523613631845,2.450683337581726,4.667335008212565,0.5147344571919852
2.794945364925503,1.971874508217669,4.71097248191121,0.9062817815645168
2.539854685517204,1.7351448171239627,4.246312517375366,0.8816778253771087
1.152165984989153,2.20654045013031,5.368543662780817,-1.156582151747754
4.186435332513781,2.1350575674175527,5.371845874210625,2.2355357760341668
3.2242288818666602,2.1356005754097476,5.598726497781229,1.177669605629252
1.158697713977487,2.7031647458638632,4.905135143515501,-1.8508877040443283
3.4432568777289077,1.839674341949239,4.062883402472153,1.7985205429589122
1.5547712953738944,2.667096501597168,4.543156323130376,-1.374013093680085
1.113450766492047,1.1360690029379146,5.6853134397671194,-0.023083800744486543
3.0346914066615924,2.0948085410301402,5.311713435230312,1.0227797025677487
4.276634065263156,1.7895134120670901,5.327220442489816,2.6405611398868927
4.834911671069591,2.551309598971544,4.903698919098446,2.674025559248668
2.0873646875601346,2.5385024247836006,5.302141092766131,-0.5138589825502919
4.563500704997164,1.8549490226401129,5.556934412295559,2.873364734233692
3.2255396625773054,2.854788403584947,4.804555727270038,0.46094454991250877
3.644240837481856,1.5800380647855068,4.838737211588508,2.1839172294637557
1.3159724851133188,2.6425097570402336,4.730180701091882,-1.5993855396308876
1.3121396736224544,1.6327602632920732,4.901059913111132,-0.3400453947574375
1.917775135612017,1.1613817212983055,5.94247392401989,0.7712663792958464
2.8499962859711014,1.32117356001988,4.444792792086326,1.6011925242170741
4.2030557512526805,2.9590762869057072,4.8464019301531955,1.5707586558167956
1.220171070410097,1.4095205172947607,4.022317740384978,-0.2021688066367579
2.9152012931565676,2.3598841228005814,4.7695702265637605,0.6390163450027545
2.2730055738328288,2.782288589524434,4.693117837918764,-0.6324006489193134
4.8024503961158524,2.9778495696809486,5.87307980542152,2.1168875025674097
3.223548894937494,2.5843073734006285,4.0745256925259214,0.8268334245453463
2.22229132751453,1.7191922508174067,5.603893623728355,0.5285882682501801
1.825268567864898,1.7500568220821606,4.8029442927577755,0.080763977616531
2.6497385472075154,1.5034640154014924,5.649425078542578,1.1891579442380873
2.159411814341949,1.1448307928641372,5.343283246850759,1.0387022536735706
3.772064628033543,2.109806840524864,4.777427898125681,1.8527123922872706
2.197315677410105,2.68746162563965,5.5496518667223524,-0.5602145498539977
4.463937049234323,1.9738856104774851,5.348341486564728,2.679192837325777
2.276393615430819,2.408489933006189,5.889873512218589,-0.14475198070449521
1.0006564218166654,1.198238946558861,5.069057902584151,-0.20334533818240647
3.1141646693398592,1.5147061186608903,4.952389711287465,1.6799648838002517
4.662014636785706,2.4375354453059543,5.530161436410909,2.4781982981309585
1.3577877386526436,1.755036742322318,5.032407706270583,-0.42386025046150533
3.5568730312209493,1.9489259810297228,5.240036653638611,1.7322146670331389
2.6617486626320535,1.6770139586968633,4.91982900927617,1.0474663724396336
3.6132784607920883,2.1133623151977208,4.282006761340531,1.7245958839720943
1.3701004833035237,1.1196338790125375,5.794064935400262,0.2552781115966187
4.457416585550879,1.7817424229240757,4.765358608272679,2.884913623538319
3.926017191253583,1.1498851183756205,4.5353170079496605,2.869906691779338
4.325652642547809,1.5909899667139236,4.0717359137957,2.970841288497237
3.8045038507237905,1.9755594800504692,5.972887493394284,1.938022417440399
4.7767915631518605,2.418130790673422,4.704645602138562,2.7496709999874587
2.0521673171955594,2.8490271190340395,5.190431592407254,-0.9533091561056193
2.6682203521255556,1.2521694716979719,4.852192124501726,1.4656966811914212
1.892603513460311,2.1313100614368095,5.1502030127528045,-0.2622128720264046
4.363114918641539,2.560397229250583,4.429356407179073,2.2092125683625885
2.354065289543214,1.7145468373945585,4.857481609594648,0.6835131016467728
3.3586665288739663,2.686677343351862,4.542913026395551,0.8333420610224529
3.052315979083877,2.5271975179819366,5.0688375111248,0.6057803181451703
1.6340992805092567,1.3117208190597827,4.796681468850415,0.3351537961286871
4.370502958961296,2.6805829369447958,4.887487215666971,2.0210053490434867
3.524442878918634,2.4509944704023385,5.124694141950828,1.2223111061638543
3.337731245864987,2.263008004607534,5.506017363616101,1.1788996712834108
4.0614692101237315,1.495634075997718,5.5451014630755395,2.664589278454503
4.62956604260555,2.7479790147995216,5.665587502822179,2.151620574580513
4.193545434426001,1.323958259679663,5.930310060224583,2.943889225374981
4.731586549465073,1.6129798769048642,4.979239285507224,3.2963551193741036
2.3962936354299007,2.657728306398538,4.24495186392439,-0.3352802922103413
1.5542876725406667,2.7228042436173485,4.729472724599489,-1.4291087969326066
3.4209010614041446,1.6258158466462689,5.011625139819264,1.8977197011835942
4.3719681845954845,2.2955780499745195,5.48841452113605,2.285947843621291
2.2676107165466837,1.5566207123676357,5.820303354476369,0.7378685899238163
2.6416070545326833,2.922880566156703,4.235747157966048,-0.3886276315355877
3.356035371165602,1.9271933266656815,4.099655777921585,1.6188638155298996
3.0235018287229654,2.2610615787207466,5.689276803380413,0.8308756527008588
4.030930926221886,1.149382906520693,5.979404790239403,2.936306770715854
1.14151775979476,1.5169764639369168,5.037107637244759,-0.393738588135875
2.6222568284369667,2.6717298479974154,5.427401657292153,-0.0568365108443725
4.333793247410299,2.0308455105544754,4.429413835200246,2.591369342309706
2.304242698988454,2.524321586251679,5.85452419570074,-0.24391727518865536
1.5489180324269336,2.7142748596553816,4.30659139072818,-1.5010063893559327
2.197847531819118,2.6749819928378793,5.364658907760882,-0.5504457406770726
1.6480314335257376,2.0470902214223035,5.670693601888149,-0.42791393385923415
4.268116654277801,2.1117581705251736,5.699177141863747,2.321616848645395
3.5595101048556086,1.3415646447230287,5.488142763506831,2.287337697795463
4.73617025715054,2.1767074588591013,5.6025680049153,2.7776757221966264
4.326413704306641,2.076244926310472,5.959376535694408,2.400574181678389
1.9622754556934927,1.5931412639183624,4.249198960745397,0.39817974715440485
4.044613445570926,2.1433615771633394,5.186911772050442,2.087844718935594
2.7460823189467636,2.252576303305604,5.026519952289783,0.5520422449654109
2.3855712048568014,1.977834124599142,5.267922041166322,0.43992023520344536
1.7377385274591348,2.6464959643231154,4.922488407067945,-1.0777758992548778
1.4449679823615842,2.100931384622318,5.642506856058558,-0.706783716328428
3.127860247115245,1.3589131314365042,4.633207716006565,1.8503226441710257
3.959704654591704,1.5176935356429087,4.019663710817788,2.637211873076089
2.920154110163214,2.288630728360351,4.860082316965627,0.7158630580437014
1.1651784530225573,1.8265648893851039,4.395266430775658,-0.7271509080187687
3.558069741988096,2.533883799578467,4.063518233132479,1.3100887662776484
1.9022894326093582,2.476508701322261,4.412426778575153,-0.6938022870595559
3.8622193440221633,1.7022346994834592,4.644485222969497,2.3215271017088854
4.713962859422658,2.991984116662885,5.884292744602801,1.999789667964059
1.820862954663029,1.9980964127273946,5.660207487308957,-0.18942880009430405
2.0709596288392853,2.0819955377729453,4.0876476425721195,-0.012824006659755444
3.865151202587145,1.1789765924683568,5.537445976033139,2.7492088678554296
4.304276303996739,1.7784197156619805,5.065414037137938,2.6975806378579796
2.9955049595322616,2.6940544507108726,4.29251630221012,0.38720843166238283
3.1443779209111655,2.8883777108888955,5.5945332162948604,0.2989202593357758
3.403757273386193,1.564250212943914,5.7375711313980275,1.9119346735850562
1.4056988907900627,1.5596371107267988,4.084651165108644,-0.166557786329283
2.1575159740807193,2.816121226340491,4.2688198493743155,-0.8763490765481304
3.307843298864673,1.5623184256499667,4.138509199103712,1.8850028087461579
4.474554597545143,1.3621524265728306,5.924632173493501,3.1980751258167834
4.48442011169092,1.2077901408906284,4.477667237948781,3.402755902598023
1.6590362415860782,2.6047823421842584,4.974949108300018,-1.11006098836578
2.351410715358876,1.5824270163979477,5.903482598455634,0.7981935336792326
1.8814560760528303,1.2195078556438883,5.538930606582248,0.6786000785051508
3.3741577822981728,2.250201029107399,5.111003415632245,1.2518070777176888
3.1623379150160473,1.653201772518159,4.485408147474565,1.6234275857864775
1.8131645143367914,1.168879901466555,5.205313385220923,0.6611699797757066
3.913293688445878,2.951957044729884,5.509796059667764,1.1385293809872687
4.318618168794136,1.62235698338044,5.205936522649414,2.8375675811952648
2.3663515885369026,1.8207813697834552,5.685550450854231,0.5759005834842548
2.4834991406454554,2.6777847801806636,4.079921566004605,-0.257512114998632
2.7376305971739825,2.219830443465307,5.812028547554837,0.5602756350311516
3.1372139081901236,1.4321748185415581,4.363513001186123,1.8050330557767185
3.879772272760204,2.870362356215523,5.653127461146449,1.1716808904884652
3.38521677461266,1.782641887209966,4.747690172860405,1.7290883515814772
1.1633371118188882,2.9570109849285204,5.35093787748349,-2.152142590138094
3.582366041905754,2.049200001085677,4.936784504548808,1.6852029130689137
2.7456971646425106,1.0949587605473485,4.366993049102957,1.7052101173618952
4.772103131888137,2.160654344448801,5.481177144209595,2.8415374869033507
2.723984693459878,2.016434652217478,4.818055481559587,0.7790605588901527
3.733244511828079,2.928765745712083,4.185976549858783,1.125972379669113
2.582913998540134,2.754877441058155,5.222897617958942,-0.20241020136863463
3.2815657068252477,2.517214629318307,4.126121341804433,0.9646645914006264
1.3536532769750451,2.9331217399610323,5.8416875868522515,-1.826379365526248
3.5824401647207647,1.9119848548310823,5.281126889197756,1.7920222603480043
4.018605917360114,1.9000818511857624,4.44582007563101,2.343320731338912
3.4891134673246977,1.3083279598093556,4.3874145533882185,2.2847332311612685
1.2950211393771163,1.0795464010985594,5.532704353222952,0.21969750172516694
2.344791475245361,1.6397980505006853,4.202055171783041,0.7657026353224714
4.642933119207299,2.574087791524292,5.453510282301579,2.3467058333058737
2.624144492475945,2.7291790404945906,4.791534592582338,-0.12778959759853065
1.4143888592069391,1.7669065016225574,4.351629531913378,-0.3857465096225974
1.5865721978390281,1.564532109331919,5.292391581989473,0.0230712369567092
4.502896524152598,1.9201179494584435,4.304964217168461,2.885718625616297
3.5674617675236973,2.7816524991185787,4.010135326270156,1.0909367588986187
4.614580616279589,1.0539530229145018,5.9646605091138465,3.6175503597711445
1.4972653170092305,2.266477042140359,4.465698906583437,-0.8927360701049115
1.8153535535060845,1.1296232935025303,5.223842045504044,0.7023482377318603
1.2459286081518384,1.3761271004219693,5.0682400915953965,-0.13528059486586141
4.587029833203132,2.8009569358091158,4.547652637809158,2.2671238834322454
2.1472657113742297,1.6463776109154793,4.70126747548094,0.5347509665356605
4.224834670991485,1.278220570069122,4.7520593912046,3.0593668247634005
1.0674822478598487,1.8921572877974182,4.909297109033399,-0.8937242719361056
1.834351151191039,1.9321788012686383,4.920420082756068,-0.10637224317245907
3.588808045110489,1.732019339371243,4.906744305767031,1.9845372529503325
3.761493229705872,2.127246998933258,5.3293566090947335,1.782393740346318
1.0567386886256478,2.6961606750888274,5.631051609512308,-1.8673875603338184
1.5534637565232536,2.282503487392363,5.48373866900573,-0.8017956438506115
2.429814023895389,2.7128266497790197,5.788613187870945,-0.3203730691796578
4.963784771027515,1.8391784673034894,5.324425306587958,3.329549640733409
3.3299321815431577,2.6271017318891756,4.77045148332304,0.8420143259605003
1.7798937190227622,2.7674687681937833,5.204404032442159,-1.166108436136373
1.7358032809789559,2.2624672648851485,5.454384955884673,-0.5788065969827595
4.347187363807051,1.7521925123950772,4.287387342773333,2.8432836506625363
2.891902107343766,1.7983480894177741,4.100580217787991,1.2168146747629158
4.249556477428548,1.072020577618199,5.172671435529833,3.248055565992261
4.584307419931593,2.769570123122592,5.071417532510486,2.1663044026372043
1.6164796985343544,1.3685641525593075,5.810097764124389,0.2550932542826337
2.9436190432448157,2.2489277281405124,5.279565270656413,0.7678369508727334
1.9786596957971772,2.6320938986150253,4.41828085453991,-0.8135525756213806
2.7655306345723374,2.6449675619130097,5.951106963382862,0.1345864684335359
2.8394175491764524,1.7196232788169827,4.3487349199237375,1.219160992078434
4.453705790243946,1.5784540119486028,5.471363448344309,3.0029310410795444
3.4138532675705573,2.8332180320826947,4.6185451014948935,0.7352248211799854
4.300559129283091,2.4953830504754917,5.313859888611068,2.0446452460186593
2.8812501901383643,1.2753576362038037,4.8611708725864595,1.664187134812437
3.334137716237969,1.0091617432482543,4.378733058891138,2.3892965672953985
1.2425554932822762,1.1784541749385886,5.595871374143548,0.06557185113940718
4.665852668920712,2.7222212357474325,4.592708916966428,2.413238898733876
1.5808698986416627,1.5963224914173315,4.280783176684142,-0.01665383729385822
2.6119223407433925,2.103302719114957,5.638471235845559,0.5481875601346742
1.4924232321752062,1.0314822177047358,4.156072604211311,0.47582864524583557
2.4472607619853473,2.4005888880655637,4.399456094258607,0.055693737328234495
3.619226789934046,2.0033417949526635,5.949286769874364,1.7161075017566216
2.7140421836645388,1.9324150855995017,5.497545586516432,0.8349057909600739
1.4108949681631762,2.5246047325293555,4.8632997241896,-1.3030336619805618
4.455969278442602,2.5803330429439915,4.227334872449629,2.367931007874226
4.797706536886053,1.0379893264375215,4.098582500304277,3.8864168149690568
2.3736186106101558,1.9173124804404011,4.112298073336481,0.5157989115087013
4.509032969945295,1.6534468359726806,4.80062969427964,3.0416933453790844
3.7340375686004084,1.1465057669752288,4.7907593896961504,2.6649712985541543
2.857643873438623,2.1324250984685023,5.01953597642618,0.8011029068384895
3.661673439239098,1.0016922802671215,5.214146040463663,2.7104682431319316
4.435401016633332,2.8630665046274446,4.4159280832122425,2.0652130872019847
3.1349157160683143,2.2928827696400313,4.7605567118289125,0.9608209589362587
4.9670886553909845,1.3397879481302004,5.579374039567525,3.7366339853657284
3.9677018965029904,2.854881315129359,5.6648010697093705,1.2884012918592929
1.1561817739769822,1.086511335061383,4.769409787086161,0.07155182310489228
4.017553763254503,2.915810003927663,5.0794465362136085,1.3455152926592169
4.805974534275308,2.7939602499650533,4.3094855184914405,2.6426543329672056
3.8621472196004736,2.764376866313548,5.907349642434866,1.2421701209241043
2.3502689648673516,1.1730305127733418,4.455300569028265,1.2202939936062855
1.9099277476330312,2.746035612722216,5.4637547824994535,-0.9671307343563572
1.3376248235037296,1.4519755678608357,5.8495700709481655,-0.1180450963570147
1.75367819986017,2.0710803487740796,4.937786821362444,-0.34964447560216516
4.760321116938732,1.1117578655158877,4.293526982531917,3.7773954456601886
2.7086557981780133,2.8101180174389047,5.561722669772913,-0.11757370162546595
4.266394736309358,2.345895327421352,4.703411673331965,2.2157798154502313
3.461749595343895,1.5085565550259206,4.13192741796889,2.0980209572003083
3.840137661279681,2.863765540430653,4.90871372343409,1.2021596167092405
2.4187276214725406,2.3527679213827355,4.856542986501398,0.0753982692404774
4.1690648546577,2.335051322947323,5.510636450731441,2.024775634674737
4.607154196977012,1.7048828034358228,5.045816252854376,3.0836222189370677
3.5843124635151646,1.9617143962811976,4.9524625933841815,1.7671441902468892
1.037562352639862,1.45430293939124,4.644052589094553,-0.4388117608274317
3.8844000780697643,1.6302369339452356,5.205684484948115,2.373555822545483
1.410469706232289,1.3969744373129316,5.076357228642469,0.014037258689531346
3.9957676480018924,2.188796527523505,5.604063078382401,1.962878861937923
2.064408213696917,2.983316092584003,5.555096668470512,-1.0893264964732483
4.465002664402398,2.1607084532344887,4.6124399431960095,2.608176065523753
2.359928605277397,1.8827311497349417,5.681781681759645,0.5057718390189435
1.3607401522116431,2.27265305061532,4.856355483513164,-1.0318771930449775
2.6207159449002013,1.5775623465818436,4.780133430809162,1.10506804226283
1.8046221411868606,1.8339631790930386,5.619088998296881,-0.03104088839045488
3.1445442719287247,1.9145225631415415,5.766543375288698,1.3039870559250375
2.669726933510305,2.3945676438409427,5.450869752887876,0.3062973667943915
3.1384085159336887,1.7503783146141778,5.059989691948316,1.4793630167123943
4.9324118651214235,1.852782350956879,4.640881795971524,3.3589221523006123
1.0313884002346176,1.077314382897487,5.511747116432852,-0.04682922007873336
4.271328463816259,2.980992444717031,5.603485065154316,1.5238666632047355
3.812974207337896,2.7819223372685524,5.251272158019811,1.215652901617466
3.92056980600723,2.918831665864867,4.7780957711211025,1.2652601245925084
4.8378696027471255,2.1028346438542904,5.648407562829291,2.9468636587576875
3.4356917621724046,2.678233830178656,5.216895791104251,0.8826501703500932
4.691433420673038,1.155041801200542,4.722287534914129,3.6471720652137947
3.8702421832523703,1.475681724872788,4.5925094445726495,2.5286565079519328
3.8102260035148436,1.5534459998115728,5.977184740222704,2.337090298426068
1.43272134055331,1.9627195368502666,5.626211010678987,-0.5655259347123328
4.543511598385924,2.2896484173025837,5.004945613234264,2.5346480435322007
1.9378667107164165,1.523355077987782,5.852048071837348,0.4293123017139906
2.173506053465453,2.2729809188389227,4.010090157282507,-0.12074466350783748
4.496247977244256,1.9029379832417002,4.281414979657142,2.894977188883522
1.0948392964323181,2.7362584947738897,4.959140169200264,-1.9681226429924665
1.9838194827742486,1.9136296658041916,4.722317626708644,0.07677610828674399
4.580297203527037,1.2615937638288117,4.422490513545787,3.4625810368138152
2.0406313105454617,1.9790951393836018,4.0322797236986645,0.07062853850369598
4.237240702140112,2.976833585721293,5.757637777701229,1.4724876753349285
4.531454217699125,1.7311924199163111,4.420976179599228,3.043294720794297
2.7863654438578433,2.2995934928379844,4.917426538048597,0.550697998089068
2.358823639043482,1.1207157608313891,5.3954446866865275,1.2657139216813886
4.641909554784089,2.3946986286832876,4.213115348668489,2.731313650683237
2.8150675907608695,2.4398402980235083,5.531327148652595,0.41809896980536815
4.145186680637467,1.423138977151773,5.637127226298517,2.8131725453560557
2.9377661691739863,1.914601123636828,4.597780656502469,1.1253798923251441
3.363037740382829,2.6343583265304513,4.609665171723551,0.8879707736414569
4.307144540832137,1.238127815104859,4.517950796228466,3.1911865404802224
1.819746521682125,1.3038820569598746,4.159029115087973,0.5432519110237438
2.502382842659263,1.3107854760982722,4.654492433131595,1.241859369500064
3.1028021264082617,2.3663037927175656,4.301423044793604,0.8819443037298997
3.19140537875298,2.597742606520191,5.624482147793044,0.6693298000863299
4.902430615685956,1.0707104476006493,5.313763463000497,3.9119582917370614
1.9087116246538969,1.2783491416540609,4.0947082085777335,0.6635269496761355
3.9427521492563526,2.0216074684368253,5.786338141568378,2.050352518796883
2.3116462167476968,2.306955011863195,4.837638834251945,0.005337158810893557
3.891214879229484,1.5142498115223728,4.117762217200592,2.55606828141164
4.442152682790905,1.651754916906526,5.2315039598745985,2.9408260135212094
3.4686407865866515,1.8983918637064099,4.342431202521944,1.745928361117431
3.4510684656104984,2.179595672497286,4.014684271970725,1.5140301899673319
4.145849693543868,1.2818435479975672,5.986388713821569,2.932011296889587
4.545290087698218,2.5657026403188192,5.013724241581858,2.3041424669104598
4.126909222456542,1.3872020434273225,5.473610039370503,2.832170379412428
2.1309991725658595,1.5967333283223224,5.417091829392376,0.5591059075322037
3.8257187075043326,1.1711586854954423,5.955030129579857,2.707435380314343
2.3138391406709897,2.5588755694327334,5.1258177320140685,-0.2827955049494726
4.098077513181956,2.128839050767648,5.36158466844817,2.145618571814115
4.761546431788192,1.6754061938460671,5.091754157751314,3.268126066258289
2.9537955464246184,2.402359655451771,5.972831170039175,0.6023031389516602
1.3624381031045742,2.1684603345288656,4.2473735338069005,-0.9373952399440829
4.480519897317814,2.4481882134431574,5.795990955111631,2.2421705590165435
1.0840551104372254,1.0372593149112028,5.91642267304414,0.04753198323881415
3.052127889461648,1.25984279408292,4.4409394638153845,1.869073096143104
3.350838978451783,2.298489141788946,4.0515864303004605,1.2778879942387429
4.444588056875393,2.289191277258716,4.333509881430526,2.538488212749493
3.664136704331314,2.3735448800464707,5.573280172146432,1.426415119617477
1.6620169410226304,1.2656463928584833,5.4804178533889365,0.4073829023778187
1.9381234016211,2.929752115415129,5.833409186590938,-1.1467492644501696
4.1306010645474664,2.350256356115608,5.860234487425094,1.943490070636394
3.31457542705664,1.9901253917615815,4.616564218125565,1.4678404906374578
2.612947321956573,2.5771729152059826,4.475162541779758,0.043759047095241387
3.0106028440136896,1.3253928045343566,4.807812339751699,1.7531426475963556
4.263912346728187,1.2892938263443263,4.22077579654261,3.123930793620102
1.754055657591754,1.0925850883032644,4.671912815529791,0.6803365140840695
4.418616880631939,1.7159442373588272,5.700095071267336,2.8341422705175887
4.129855203044399,2.2655856239856744,5.841142559798495,2.0226086673184493
1.4036361046547525,1.6532523185279653,4.857219142311756,-0.26546683043998265
1.9128348160772735,1.4079603990457936,5.18078480892332,0.524619301694289
3.186409066450854,1.0481030600629075,4.869285643285104,2.189632164092235
3.1575011797773604,1.704135286997861,5.303740790425856,1.53474629779152
1.773842688307799,1.4335508390652538,4.882783386650347,0.3559796864218206
1.9353045316691104,1.363402568378373,4.787788350556741,0.5966032092044602
1.2905374591764454,2.633935590393075,5.435190270502197,-1.535783331046701
2.7873526755269755,1.8765703711062203,4.367861118982808,1.0086134262342288
1.9835425597243104,2.5892490081493342,4.366655812549557,-0.7522131545994735
4.0183552134020175,1.190202830657589,5.462353552424998,2.8977775750599495
3.9848005728718685,2.6929200318039372,4.379921286486729,1.638075829953473
2.4420619856460815,2.567061414805151,4.138909670394733,-0.1593521146161612
2.619982857506888,2.014103214156249,4.542140418250525,0.675970346709682
2.871129978115781,2.231630347761291,5.3252940808721245,0.704327752443569
1.6734741251753493,2.407424780520605,4.930761893073672,-0.8410055816945351
1.4747053618807189,2.242496470097614,5.252491094043715,-0.8490633301094932
1.1772785445289426,2.465839695902637,5.970023612489964,-1.4148906270123902
4.478690906173509,2.3903072935101912,5.360621160096242,2.3331752327427426
2.386012808873296,1.017987760328055,5.263320475410307,1.394353672012605
4.3601612439554565,2.630923615759577,5.6390910805767565,1.955057976986784
2.608099904145017,1.0517683259416992,4.0262303529103995,1.612316289564735
4.958970295735575,2.23121134610263,4.714154524315317,3.096555359777377
3.1709311106297924,2.5800641772419963,4.553482828388034,0.717085616747273
4.528825919527667,2.116076492291738,4.857569783551792,2.6804500487764478
1.137619809539303,1.9111002942644009,4.010613792933306,-0.8797862105244579
2.8612578675321845,1.1171431851303166,5.026793451097609,1.7888493183416798
1.8522032734950642,1.8045608077330644,5.327422587588671,0.05063588613970919
3.8128293924670915,1.6348240023068887,4.962423391720719,2.306778327244158
1.0057587649422923,2.6059378456202813,4.8760579112586715,-1.8932340250293433
1.7544767014204354,2.3574368175711693,4.9841873769928,-0.6843487135505327
3.193065737351571,1.3427006644442658,4.577356612945171,1.9355088864668373
3.5432353780970613,2.083056704272268,4.458946682514596,1.6514663743501208
4.079142725851238,1.171989528677228,5.3707273089357415,2.9789456628997497
1.0987602723397178,1.7652629676996452,5.5214398677506145,-0.703421614061751
2.1160513049291745,2.681703552520903,4.19428894925513,-0.7356652032139549
3.5294557876736294,1.837948701706463,5.449580357227113,1.7967804233505986
2.0171453696026482,2.286797809539554,4.42145951953245,-0.3150653335100108
2.31392424031784,1.1839235325805686,5.281457709608619,1.1595090971275428
2.1647272711258045,2.8030039996032823,5.351754171252599,-0.7492659371299553
3.6688380995389402,1.3010974823200527,5.79015364435691,2.4298824267220898
2.1629372930864417,1.2348853840902263,4.371887133314623,0.967447399360294
3.261858782216149,1.2883924474156334,5.6425321908559045,2.027015163874667
3.9578270657458785,1.3387618596239892,5.783262984897629,2.692191819503361
3.516676804026373,1.2261697444538602,4.036316570399478,2.4041239774946837
4.435535918541227,1.9201489396042988,5.146853699246274,2.7111240546455297
1.2238056608377623,2.1337333135514935,4.0052938152267625,-1.0752006831483276
4.229988671994583,2.98171747086078,5.174461633419525,1.5273436491866825
3.6363906282230207,2.389195364346813,5.698996460930658,1.3737451467640016
1.5100286716755602,1.7866517270199151,5.113239574058951,-0.29523231539352945
1.111802939237609,2.429570357805228,4.233829842382903,-1.6090691857454011
3.2917047154697405,1.8158539261107256,4.296886736627721,1.6284038432612693
4.270770016893461,1.2548999048507519,4.219806011941079,3.1587790568717145
1.5875491951247733,1.856774340630142,4.577205371273654,-0.2945488393066318
1.6961231467968956,1.9841968319112209,4.06479986492847,-0.33007031559882044
4.879829860735283,1.9134213501533726,4.416248344348469,3.291383647490325
2.1188259840431027,2.6694293714772472,4.263708397801356,-0.7061212679361899
2.8533439730247183,1.817580200132683,4.521415584789644,1.1311879984910238
4.896784155631236,1.6481365932433696,4.438785042728309,3.4987691784322856
4.132361291809408,2.526429157384765,5.449462310051303,1.8124847167895708
3.954351354661045,1.8310119318012863,5.947013153248347,2.231751857750226
1.4561479487846802,1.0584210193207344,4.373036541232384,0.4099145449375243
3.10897409912419,1.3330235883687038,5.064032790753315,1.8408742349140594
2.296461128876392,2.3438289906786185,4.588255745246016,-0.05509938458703372
2.376130494456059,2.8031150233386835,4.677150916986649,-0.5333914517072998
3.608816677637362,1.043496335309886,4.365784038636537,2.6418946061060873
4.455544605380416,2.0953793712794586,4.608468741666588,2.6499214783844858
2.1222561746051145,1.9188401641013673,4.568135484109704,0.2241495072346836
2.045533772269753,1.7989435929697766,4.902912361720073,0.2650780034160973
1.6171181631973268,2.0277761207220903,5.071954040367797,-0.44802228335621386
1.2048548411543427,1.6585268467683454,5.101954219024415,-0.4797271242359954
4.701070697630263,1.993560585778694,4.184817904925527,3.0793759077862757
2.654367699893127,2.816775610144033,5.2991392854347446,-0.1917392689360946
4.225128656930757,2.151159512289216,5.303739317508281,2.2689793287835243
1.648406341425377,1.1131176827469837,5.154877592163151,0.548222445811348
1.0864802854154507,1.9224566477844494,4.274061699449837,-0.9360061942298351
3.632303067202082,2.477102998897461,4.237219432752379,1.4238569712634264
1.8423018099642632,2.4932800559612156,5.601154027501276,-0.7269742806780338
4.885874934894106,1.203619734733243,5.784322965961619,3.764659241719782
1.2313469507232742,2.0775134397457453,4.649856046329825,-0.9458195435784674
2.9059294065229837,2.0873423020478814,5.6637472797271835,0.8805703172226003
1.9764997011645211,1.5783038375772303,4.1612363705339686,0.43035221984089767
3.472045883570706,1.6337124664851443,4.073379721509072,2.006810831173322
1.139098347403988,2.2446292474876715,5.151084055352882,-1.2282809088324353
4.865362625688024,1.8074043130472264,5.754010936638401,3.22098556876554
2.852424568650961,2.079897444199644,5.282005466581853,0.8404261386226772
3.871027486179982,2.016405464860794,5.237944831739936,2.0094876864602185
1.911549476567028,2.690183211154367,4.410614889941037,-0.9825622113563198
3.2408363494669565,2.281742232532416,4.8470484140722965,1.0870788604013062
3.28488257548534,2.647224012388698,4.140188394193194,0.8293377945059375
1.237098036527049,2.3795752646350645,4.6100686720739,-1.3339112915754732
4.91110531591187,2.692661623442816,5.947695636212402,2.488018072943956
1.4492831782391575,1.989637037054186,4.073211734886012,-0.6192590159275391
3.529831573605474,1.1055551343297778,4.7930013822651985,2.4914603116918776
3.8074734504753738,2.7426238130229423,4.733963450723724,1.3064380339504895
2.100543086602382,1.1799821858430941,5.5981363483150295,0.9417182447317313
2.5496408107492017,1.1651023058451124,5.322980480871395,1.4189459092235392
1.120857351138382,2.60796716301092,4.6255641293491845,-1.800592161211901
1.4101377617147093,1.9811601181078247,4.0378454123679735,-0.6553246547789972
2.7227562414392743,1.6780972401957444,4.545557757630174,1.1240619649887624
1.047360309119549,1.541152726224484,5.988549398271454,-0.5110039079431615
3.889375633403064,1.0839132884706886,4.83928032573584,2.8785983017266483
2.767591837197666,1.900260510870811,5.719306633063892,0.9195721545183707
4.617148800763966,1.9856970353229837,5.8850684695701965,2.7953818696386956
4.136992516430459,2.9493352347307003,4.805124818326949,1.5043734541074236
2.224234622797548,1.4460905654289942,5.711072891976048,0.8043565866432594
1.1040570305934416,2.7060714934134285,5.049389053377433,-1.897517967096929
1.5887553455205778,1.0966379550491474,5.246564918046342,0.5032331428156861
3.7931502136862734,2.32324034545845,5.457804952083022,1.6244304884348808
1.6677915022577974,2.8671089426984135,4.191587510859168,-1.6440990036972971
1.1414919885255919,2.937956290914946,5.398546956432273,-2.1413311120629337
4.027100850618982,1.3853590519159504,4.324287492178804,2.788725767312299
1.092909069268294,1.1399188257120054,4.910641365403816,-0.04832992683111681
4.363423915944194,1.2119695456877548,4.994382363618862,3.2485544451653094
1.1925925669826505,2.4934290599973314,5.0748050912463665,-1.4935479226958768
3.4817197748884854,1.4042439516645122,5.775393081583058,2.141748494834946
4.961248299718516,1.1714554724900683,5.704366312312473,3.872326620065622
4.328262845244019,2.7507139742515405,4.660007851966354,1.9543521676927798
3.5438837255590134,1.6148542627511533,5.410367058936247,2.0211584224100836
2.2675940419406437,2.0840260945642317,5.8679135410381225,0.19636989860006185
3.5133206918876017,2.643896778142825,4.744797570336026,1.047038489998827
1.443125898110464,1.5420181862634608,5.335705010297761,-0.10330019757884151
4.75226126675444,1.1103174337419293,5.250839042410969,3.7262018947251585
3.420029514367871,1.2250051674147324,5.660994117167576,2.2482951875652355
1.0248751646742433,2.3820660297094625,4.625539795312979,-1.5832810702626638
4.212997394639226,2.04877753485144,5.838009971861191,2.3112159042819185
4.735315307360009,2.5244421166859414,4.987778829163528,2.5634506132157675
1.2368421761827841,1.6396367776049334,5.4284689604688445,-0.42252926702719706
1.7773331216891717,1.1842848623009186,4.888790460878686,0.6112543986078192
2.949068215405865,2.786269769735833,4.970593890312997,0.19658795999041587
2.185557330344495,1.1048772172995491,4.7683156495241406,1.1109143492570814
3.582159327668763,2.9262126221178715,4.190389175525112,0.9163950102563692
2.1218407574591422,2.513853107808262,4.872710789845395,-0.457612928861498
4.591485821244607,1.5753565680692037,4.6125784441765525,3.20909506249327
1.9967673238426218,2.8161833603961415,5.435637343370253,-0.9580201740106764
3.384307485435731,2.2004131594468506,4.171284826658082,1.3935611179924867
4.425552912905614,1.212495290965175,4.409823720454072,3.3418609588830255
3.342613698531896,1.1866949166743457,4.6617995814985616,2.2293589857238585
2.9009210991945853,1.6234808137413188,5.360574582121594,1.3403898037884947
1.1904520856104885,2.075966255402407,5.1611381168198704,-0.9672058120148543
3.734083184160949,1.616215202045416,5.872680400216783,2.2029356931882598
2.3293691139163104,1.7204338659449872,4.389955472994733,0.6618812328285492
2.339776282705368,1.2176975217218249,5.035898163053498,1.1563944758923468
4.712276309609858,1.3909360426349051,4.312390597870846,3.5088739817509125
2.7032165737714013,2.371070824705898,4.5159845629187725,0.3902648558473362
1.1312995026140933,2.5674789968855842,4.605209333467533,-1.7299906749155363
1.24766576446146,1.7826882181176777,5.716667311769192,-0.5631018212960929
3.9328228910221816,1.9113312813779513,5.175937795126283,2.175234632753171
2.820449369723744,1.6732337224423444,5.730775590098402,1.1994812986316934
3.3826646543130447,1.5272303022363523,4.656822664141663,1.9640602492739498
1.9965235996265966,1.2714927237618567,4.434564046917755,0.7568065755257284
2.8385172237438026,1.5349076389050462,5.671364724340865,1.3541461048786296
3.5592617689441752,1.31402839642665,4.2729310537492955,2.3595776590136928
1.327487015052312,2.849276954001901,4.698091645024274,-1.9139549915301186
4.346790499253633,1.7105036638978834,5.284690994219904,2.7862732256503184
1.2448464443075822,1.9927688095097087,5.419077207533174,-0.8042766111328169
1.9262651828676103,1.8104974124898183,4.049817895816245,0.12942093892530498
3.1863322965222527,2.474231808533035,4.107768803911299,0.8920800543923908
1.7385183029142275,2.618921108529629,4.1089778983811165,-1.1425470173844627
3.357120853332462,1.066840295773796,5.8338299913282485,2.329564341075133
4.76211785265671,2.05380636251755,5.978205625094883,2.8838368992414662
3.672950347135131,2.732770350418285,5.121688903864694,1.1116431217083373
3.541551493111511,1.3475535698478338,4.194608095717457,2.3168083806002726
2.164261051222046,2.4992329339260477,4.8414603002593495,-0.3911124727891879
1.4157981494613705,2.4957328266294683,5.907070140070299,-1.1915031424523512
4.389507537187672,2.9458216081405064,4.5915164902299015,1.882110919849223
1.70548765759249,2.3357629744067347,4.268297980463937,-0.753036121854698
2.1096132269920846,2.5710325705940607,4.824559242867092,-0.5453001571636533
4.957378843368955,1.080431703317634,5.724271786142158,3.947906827693949
4.596417176576473,2.2575422229645103,5.767090900939549,2.541707507155117
2.593166316627555,1.4507923380252001,5.016172945217782,1.1933767976618186
2.2282027053417703,1.7082267798221875,5.18758517866803,0.55068873050724
1.5041265643782173,1.2654377819170608,4.149182439039423,0.25062947157108423
2.6166562442512955,2.238429074527457,5.7803165136199,0.4102359799458826
2.4124111731012188,1.810639300972297,4.1616776156260045,0.668342444422121
2.5025816523515556,2.362244791795584,4.191584357440223,0.16988508278160014
3.009955196377646,1.5514625588147797,5.852656847943512,1.512606858527397
4.012524828369164,1.3932455882084298,5.509174145911986,2.707283304692487
4.387587370313205,2.3566031450118325,5.437444570135637,2.2536433621579857
3.8869899318592007,2.2256125485284093,4.942875449789917,1.8606656938402502
1.290444124678729,2.24204175133647,4.822395871732041,-1.0748249915412118
2.5884257723818767,2.9280399543079323,4.816932941470248,-0.4277034857689469
1.6170090551469536,1.7175934642421045,4.734197310052525,-0.10793883974842049
4.451160936213564,2.9358256376419174,4.037574970750089,2.207321704010829
3.60920875182118,1.8327959034974053,4.935349744910253,1.9132306456066897
4.330244559840212,1.7747334350688477,4.585597718587414,2.7714938930592496
1.6359492776170184,1.108439021564744,5.600092600262328,0.5381573221502108
2.617482271757492,2.071275839548165,4.506816119965508,0.6150055296752381
4.880668030689334,2.6552886729025236,5.113289365383276,2.6040100677225646
4.976204393894189,1.0175709278148568,4.272765583357295,4.075906640300116
3.654535629760234,2.0283696114544876,5.608321756589794,1.7442413298898698
3.57340443228692,2.4059632236894943,4.531232571801816,1.377692858501831
3.878585556751918,1.7276430388639996,5.101227153148013,2.2860370612520584
1.6392679532110046,1.141026773251679,4.7792601898758384,0.5130782868383927
1.304495778308885,2.3770448755573783,4.458729812164125,-1.267730584731096
3.296030604291406,1.5333229566551945,4.40389611606809,1.8803621805361628
3.037917222757478,1.0772378577913675,5.050177223562133,2.006866936635472
2.7604526196586394,2.2682813231540453,4.481285549012693,0.5706762861765806
2.435294479430184,2.1874211717903993,5.360058284488685,0.2715114220349686
1.6128969266276925,2.2975874936827534,4.349197356787883,-0.8063995194042657
1.055946481305857,1.750341750337967,5.36326085772125,-0.7346183204038599
1.4281780836189277,1.9352939856381575,5.81878146605074,-0.5377288158377498
4.460397552960726,1.2434092281261762,5.1650340500252385,3.31446456200537
2.196900846369572,1.8006319233371433,4.762282262191635,0.42804545774555836
1.9727989077832477,1.1473141525491743,5.125839998364271,0.8469739073665152
4.840290353331344,2.5313846851379083,4.773208965006019,2.7234400678836463
2.1167141664362914,1.9004767657524306,4.9384040757927945,0.2342805458263388
2.6305114020433873,2.5310433538522457,5.1151100788603525,0.11446302370997809
4.530471279124892,1.0852565433584174,4.178238331810422,3.5676621549353915
4.114920402128816,2.4349662299376917,5.753021654447187,1.8542275505128276
3.6769041055208476,1.6875795661303212,5.710628007498704,2.0823255302353743
1.5757014661609667,2.301946296057765,4.972579513454924,-0.8193233316273653
1.0444226804983874,1.0267145237601036,4.222228840785647,0.018256133296012535
3.2195722202229984,2.1398574248983486,5.184498095328337,1.185394864284647
3.7902129732009593,1.7772257906613629,4.602443678366239,2.1822496338081914
4.950636380977384,2.016100452127316,5.780011282073082,3.1311900396195176
2.9029329875070373,1.5837993818406306,5.266188617568742,1.3831696244914566
3.497142199827478,1.488638640922491,4.528959786987668,2.126668208161092
1.8169223530960026,2.7308285139591595,5.884249858532925,-1.0317443346344435
1.4597058356344128,1.8066085974550403,5.221182081380351,-0.36974214446930337
4.932240633467553,2.675363157529974,4.266794762884758,2.8971334588566138
3.7501716842092803,1.725906789058044,5.543993039491504,2.1301144532122978
2.1657667773398823,2.3391628861678964,4.28516257206537,-0.20694952626882337
4.323793895535818,1.4099485312161202,4.69179940236491,3.055057462368498
4.5518318326801275,2.065255814771981,4.371870040945449,2.82121056139814
3.9191119600644067,1.444700164707766,4.379125538302259,2.6211607354621096
2.465289357037056,1.2188772874564477,5.522026376248015,1.2779323546609815
4.705949974471092,1.8721212714046909,4.299595628923623,3.1478996824826693
2.6891727134249264,1.6243792308862015,5.553023411121182,1.1134991386023056
1.072412949972502,2.3239509139887335,4.025537178541886,-1.5327507165656926
2.627876092180806,1.5517264950172167,5.024321636223878,1.131463406207635
1.5345169569631834,1.0668683956219744,4.050602323242537,0.48476525040155244
1.6882426580167018,1.3759259084543591,4.436988558819351,0.3285114487052397
4.146289574788128,2.4847081144646,4.1666064876359155,2.0699054269812307
4.022471903110884,1.3827865386458156,5.367622730913522,2.7318940929266584
2.2381363190597363,1.1114284148645723,4.40241177917692,1.1644264768073027
4.8514201260493035,2.882945289771798,5.324750871482037,2.3413319098276633
1.8434340340860684,1.23703320082698,5.622035047009783,0.6216356112635758
1.1813841133158491,2.2158578180079394,4.490925558661421,-1.1893262549995787
1.493526140175935,2.864649996456239,4.915851545705575,-1.6872035551356666
4.588394000971938,2.1696264902465208,5.740673015067347,2.612538619320041
2.079617044906209,2.170393532401269,5.18556894474599,-0.09995251881355573
1.7311713560372928,2.461777778661167,5.733037960913829,-0.8089862924643296
3.912469829551661,2.8758476068804466,5.200782526819104,1.2441384467505385
2.655150559035715,1.0928222672627028,4.010453155604868,1.6237758101690842
1.624339043529036,1.0312669037959064,5.819258007576545,0.6026102903097267
3.712031354708774,1.093909264430263,4.2361804388447535,2.7100372211091046
2.16023544672247,1.895596777960247,5.57534273495971,0.28140275486506905
3.44554803856372,2.1143219512663927,5.42096592161099,1.445722214546795
3.2646523631344366,2.358639325791187,4.936256585288531,1.0313674192609452
3.332539305381699,2.201228771847691,4.2282170829772445,1.3250330580899985
4.547983136961217,1.8405878180780737,5.0045920583089725,2.9114503960339757
2.4440134056400393,2.1026653155871697,4.523486253632562,0.3855304947504882
2.261147691316023,1.0773035049608735,4.5145222771200135,1.219062417458969
1.1875328492187434,1.473779249579078,4.06735709646044,-0.30711658852743734
4.620276895763224,1.2335573360499672,4.0366818945538885,3.5568651465731103
1.6596962339555361,1.4408136632474808,4.084823320624851,0.23391698853152132
4.235298800264832,1.1394480833888234,5.4392658976251305,3.1661010403707714
2.3010526338743507,1.2404167752563056,5.304002648724678,1.0908869709455586
2.8633498582698733,2.8968140782379823,5.876726926106016,-0.038461567570295514
2.0111433636771343,2.247702012383935,5.057728991566426,-0.26406826924980903
2.903573726922007,2.9537672597756703,4.5223084060341385,-0.06628620244517539
2.4131390803658817,2.80861289983228,4.3492333196465465,-0.51795429425733
3.9815447556915986,2.8215636598924485,5.457401932689855,1.3551564398617473
1.21130095285652,2.44312588098415,5.57210986097984,-1.3705940404579648
2.0715428052774603,1.1887757325006685,5.634304609057044,0.9030971836514853
4.863393762985708,2.1908538363341155,5.644986188292987,2.899845221175549
2.9874691492367362,2.2386475866255537,5.738167316298345,0.8132659107349743
1.6900544545211935,2.5583768243464684,5.586099509614672,-0.9767873512219936
3.7414497648146767,2.047488375409446,5.174411253131389,1.844506291119613
2.0218103805551175,2.0968404498466753,5.704468815252273,-0.08067814682603895
4.243739063574283,2.6972552816611066,4.712534997587905,1.8859463471718907
1.6602103854549486,1.021853666721183,5.600088354269602,0.649256939214726
2.4142819024049955,2.582504675936166,5.508600742796908,-0.19044863546777502
3.833808847888392,1.1093133016345988,4.13813064509361,2.8280029240670816
2.3447013685584737,1.8147732274602375,5.567461968413712,0.5605431256308891
1.4339275968574707,2.788427358088943,4.6754512405969475,-1.6874522141607007
1.1320823549039845,2.6672697301992088,5.172633494424763,-1.7917703727061738
1.3169213202805836,2.969612163087489,5.242639417178576,-2.0054330364520982
4.192685609038414,2.717666302168351,4.343126834867787,1.8909726998982226
4.889292515290089,1.5398205135100733,5.129812643439397,3.511398614945642
1.5604929108397796,2.8826625238460957,5.717381246330147,-1.5310134557417117
2.1908209757872483,2.3317883835250957,4.528194400447603,-0.16444699868013096
3.944325168001363,2.990264911580409,4.1560910501591675,1.373730819032082
1.8047489819669775,2.1120614037568117,5.673215736366295,-0.33111356839039346
3.2963162120690894,2.8938051336992228,4.0328723741286545,0.5779032693719521
4.055100840618176,1.740910568291443,4.204309170600744,2.5423913830931437
1.0408893282163945,2.3412136912663994,5.515831222462707,-1.436108806802923
1.173853334136096,1.132126516516991,5.354643681662253,0.042691938181721234
4.563840036315031,2.620283674471766,5.622513392467799,2.196687983106301
3.6194636985357564,1.5714904233508062,5.093303474250238,2.15301634774413
4.4311248934061,1.7487201846434006,4.564996364467085,2.903919530091043
3.3243468089560535,2.0377823126548513,5.386101963199399,1.3898792803051818
1.6210505877441834,1.240557914787107,4.21221902523545,0.3981518491006423
2.7312196752896574,1.7508362708529017,4.876754960303609,1.0504132457198385
1.1320179651911446,1.9006129763972663,4.079780809931627,-0.86860867292912
4.243377786725014,2.9155157943879737,4.115806292969538,1.8812485869888138
4.428245484700447,2.463594094235203,4.998199109332653,2.2579915034159126
4.507801996801191,1.483087491427875,4.410150848499065,3.2117724572012154
2.388576937572112,2.0297555209074893,5.456814995920373,0.3865585699649599
2.0456022667263007,1.5449606812082854,5.019190399778647,0.5261893360855899
3.708510320538656,2.7715313100096353,4.890108058293621,1.1372746649814331
2.4567470333113035,1.1315666422683242,5.093941103959452,1.3591386834234573
2.69613707232233,1.7158418253552854,4.825195898192326,1.048850115255415
1.2801126953676043,2.8112499527528687,5.113777041126314,-1.8329607452597905
2.383575416668529,2.501990891476515,4.823974154553488,-0.13850054087218694
3.950406937176185,2.7328816369859217,5.951733169048717,1.370552556290928
4.79867802992997,2.1142520397515545,5.057348346656316,2.9550445023708076
2.3515034711163616,1.8506182147458958,5.555860886347563,0.5312211796002159
4.926148936699089,1.1914002309227378,5.017024700113395,3.8447290506436
4.70031245416851,2.213929509647117,4.560033209170067,2.844074839570526
2.72826583358893,2.4482917012807244,5.099293181020715,0.31916767614505037
3.659121195460026,2.8335473878785633,5.69900740742534,0.9515210661158068
4.297992827384574,2.9709771926684096,5.382293758004135,1.5914318216541663
3.039121877216753,2.162413924755277,5.635696653952256,0.9493750011631019
4.631581980470225,2.3672562392703806,5.248592223529789,2.5370302049401614
2.4715351606642884,1.0577213215931716,5.425732877851795,1.4414697204736449
4.997491937640877,2.787225911781453,4.394985488297957,2.858658974861403
3.439936185779307,1.7036297229614528,4.440565481193303,1.8801818501852552
2.547018791113322,1.1973815454455141,4.067193675976545,1.412223738145881
2.8268448319580877,1.6846489978168797,4.068323776194933,1.2548344137341614
4.43716061439629,1.1074156197323988,5.4717059870050235,3.40010988069679
3.871962676166351,1.536462340834585,5.021536294420766,2.4531543806599045
3.4978540596572496,2.445307954212396,5.7470070201962145,1.163083225251325
3.878221976307552,2.9525127254783143,4.597117637966473,1.207720908665767
1.484561825474584,1.4189616170015475,4.925163761960092,0.06850488485681265
2.3169807222101597,2.477631831672775,5.826834957366531,-0.17749651316892145
1.4730687452080744,1.6512204089023659,5.57229260254666,-0.18652933707670424
4.887200957885112,1.7086180832506936,5.6878204379039445,3.3324993877829683
4.668843116070935,1.4050484357739663,5.762672933307169,3.3653585583557653
2.0944930973121925,2.4503411291572794,4.44025541789417,-0.4267042069351568
1.785263606109813,2.2485440454197905,4.178748195264895,-0.5496351765417038
3.753063312705877,1.6658942069062905,5.111432171178538,2.2077125158939364
4.950113906594321,2.4831480234380545,5.068807372294435,2.82978583805848
2.4534483597026773,1.9400917922192764,5.956479982215706,0.5429647990334948
3.4431540766495754,1.1496634485990922,4.654240096870815,2.366834431617337
4.896438942053449,1.2951398668241716,5.297871918184255,3.713987678830612
1.868458856570983,2.399212436963232,5.1939112311540825,-0.5984249814564843
4.259432279361768,2.534786132884413,5.261106024029893,1.9681388713330465
3.377615488149396,1.7377171068929456,5.230162266494204,1.738669320247536
3.1411038959748434,1.7758973706619996,4.707213340699045,1.4741415971303797
2.960379342848727,2.9855433828933107,5.67040111590854,-0.02959894818396273
3.167810008810784,2.9011337194475244,4.649357611434348,0.3412645863783749
2.7535477924889378,1.7085238823702045,4.936800556602474,1.1138541852009785
3.5270764893678996,2.5152322284967283,4.893688333542167,1.1795733172346323
1.6792350523713315,1.207660741225029,5.365624660469493,0.48399271599023425
2.2515774347165936,2.5286449311629244,4.485840148224499,-0.3354396554180809
4.3253123956504425,2.3441870426917295,5.775948849302926,2.1676795348596922
4.349140088212611,2.627245326988268,5.206078106843629,1.9944936774704993
4.483804051650065,1.0072364231338307,5.714036363273766,3.5318727769568574
3.4265485681723704,1.671453793855923,5.788255868973741,1.833189401247163
4.615588499092642,2.3492239039734217,4.639123709504114,2.628271592529944
4.297209961324409,2.7885070770834197,4.185894875433242,2.022926379953298
3.925892515786703,2.4523128854090412,5.383896885809773,1.6552597131859939
1.1878477754367927,2.4094524312652363,4.655050233228895,-1.427737173438267
1.4330122314430547,1.7419232672387226,4.278196894929167,-0.33821554053455816
2.2185317424322917,2.9295191323922043,4.492819336881263,-0.937754773774477
4.8842232752816805,2.374791554668107,5.028680459989015,2.8468876888085437
1.5553902977322882,2.7222471334173015,4.7757999959550546,-1.420158047630593
1.0787502165517044,1.0382488056136006,5.6003341745376645,0.04121589141924388
3.204278397549365,2.3574020229879835,4.830988632444168,0.9702343292043315
2.082279301764608,2.475260557195047,5.582731313023607,-0.4384313741475253
3.35743869486638,1.4815214210261798,4.1288858052848525,2.009752143149629
4.295908085085023,2.655524166575988,5.943309765181806,1.8335904744578573
3.657767408061674,2.3414388803049273,5.5591982958571995,1.4513381629113435
1.3955055556665106,1.5595741783054402,5.201846160974819,-0.17197997521982558
4.558974199398261,2.758515368118518,5.633657551185557,2.0649368022006396
1.659359382001015,2.789997916141461,4.248601008029095,-1.4991947627538786
4.739123803423023,1.447191614007015,4.24153539741316,3.502083621287942
4.412039636626244,2.0015333689406853,4.201263355506442,2.7416354634789046
2.1695987835215345,1.1165461251496414,4.793712524597707,1.0828347631119553
2.4858933128992837,1.2393509709654549,4.12297559391973,1.306988622139623
1.4876246584998438,1.0192602252537122,5.580138888261381,0.47637883760245986
1.7885561063542323,1.0372416872260097,5.156826328850738,0.7669896954151539
1.4932103641338008,2.277792361887402,5.332202038312937,-0.8677390130675894
4.497151613058588,2.1277838576242383,4.335819897815983,2.7193384709303436
1.0268018791860634,1.5667304717233834,5.316679404358719,-0.5650180315183859
3.0818303930370763,2.6474924281780114,5.762392933960166,0.48900526350237783
1.8493277353347937,2.0895819063259173,5.440754223205898,-0.2602102997398047
4.517323401412392,2.6344590031181996,4.926903106737153,2.228146126087429
1.8428734853851174,1.259630272303155,5.133251772061553,0.6016380883175624
1.7813349283532558,1.429559464192547,4.261774801158522,0.3734099276110493
2.4862560636447313,1.2580240119628137,5.386977381819929,1.263159088642245
3.7411867388880804,1.6354795542527765,4.211348301653374,2.2850574412266647
3.5583081983766256,1.4821489878235594,4.968594025705311,2.1751934423068824
3.3632551782037816,1.9086727214902202,5.383035172946072,1.5556552903192817
4.075959577704784,1.1618485427982164,4.891697109834443,2.9999577795180516
4.118456918222602,1.577156141678121,4.576240724640617,2.7071549272792392
1.2645837476910562,1.6947412184269404,5.4611383008275975,-0.45249739417012264
1.3315059321410172,2.4031157003214982,4.595056968393106,-1.257247498602932
2.3252155367200333,1.1069984937101474,5.397646222787818,1.24467471552254
2.1553951698077034,1.3857261485676198,4.2201866202783815,0.8148492925251997
2.2661727073178475,1.9402058606841683,4.364858812815676,0.3638933055289231
4.110449609675916,2.0602426987516322,4.4892359822678305,2.3075632030598
2.991052916911646,1.5826167873896153,4.374866019721037,1.5107528614908223
2.8005038302620178,2.544569686199134,4.856304196657985,0.30048557742975757
3.10645903544129,2.816874881493008,5.5495005684259135,0.3361011090385307
2.511148162947909,2.5520896732267593,5.363726803287033,-0.046548213238061784
4.098373373555191,1.8580106894501451,4.77945532144427,2.4316258494626757
4.355809172533735,1.719940762094618,5.566174961909406,2.771498728974772
2.1793733807935385,1.5403767624532303,5.926064137896142,0.6617428478252332
1.2978806177160713,1.2260316515365677,5.994212345239706,0.07340072638582708
4.142085819973076,2.239260126246155,4.264224279820136,2.235925475676951
2.956195440380459,2.6306707675990917,4.996793911014445,0.38288343221785026
2.0645565431287354,2.3061664918675726,5.01761284991097,-0.2720469292309614
1.8974806128837982,1.5635105082588754,4.229226467319375,0.35943444472422964
3.0323104342612,1.323718341045332,4.819776464959409,1.776921405297633
4.740996054940327,2.127123008111539,5.521717380905507,2.832480457151498
3.7509895545393115,2.6902031369302026,4.150913231626776,1.3929197663475992
1.1334227570356559,1.7863538658123441,5.073381916473209,-0.6976048933726441
2.313887667872548,2.4917671730406683,4.972268824393061,-0.20555303350723897
2.732653895773793,1.325776499092941,4.6479764165490645,1.4678566972700642
1.1164114072952427,2.6628969958631945,4.17658307091564,-2.0074167754414898
1.2549124272289558,1.9883678557949633,4.324258932940868,-0.8259505898864186
1.6870397665631574,2.210892602697479,4.776686082647766,-0.5909650485995283
1.595658713315852,2.854207811906099,4.811363598124271,-1.5633397699381275
3.1971926393970413,1.0805577007897977,5.875221063190043,2.1533678882540648
3.6925875866226003,1.9513001308963454,4.0587715443164445,1.9858406956113048
4.333416798903668,1.4790983160605142,5.052180927495151,2.9851122721424637
4.732612812944097,1.4312346662600246,4.172752207109879,3.51458295572861
2.3892108761947637,1.214514869019784,4.141239389705827,1.2287246891134456
1.284603703212805,2.482633554007358,4.410363025189847,-1.4494889299252478
2.4112223602812026,2.4931539819984367,4.540748843868597,-0.0980299620632657
4.903033584275033,2.5061098210370933,4.932137223428978,2.7829552443074608
4.930886813128524,1.7011196268230842,4.285150143942317,3.5189273439326842
3.3448736368412657,2.998462705454209,4.08091085051038,0.5106786843053912
4.990028204168217,1.6310871666471713,5.7877746475578435,3.500835189878947
4.451062696867041,2.0548010451367897,4.989171839463069,2.62964041924922
1.456098674586745,2.076088527613955,4.065416218014377,-0.721105880694015
2.5969253580703233,1.1059865767245658,5.350681951753044,1.5238472610748575
4.697086083493496,1.099691599722976,5.871470802818876,3.6622011931375034
2.5887591762959823,1.2798482810748166,4.363409417142032,1.3691304337887562
2.8523213942890204,1.4405595896989452,4.279064058834493,1.4992763767947186
4.348439091345732,1.4461652852230744,5.4483465403265345,3.010252792652675
1.0632383943902188,1.898852822800381,5.236131205272644,-0.8966516054270112
2.265476233669185,1.8074337168172308,4.3597326405221235,0.5033349054089088
2.242286312345545,1.1390102371056499,5.090613486724511,1.1319747760991854
4.573000874484322,2.5672840472818486,4.778053447402618,2.378170686483064
1.3412756700380153,2.2990081276460383,5.8310217710171655,-1.0421533076311422
4.38348214261028,1.3519028339736496,4.207317876986409,3.201346478829575
2.4219498729022884,2.2010638633498107,4.265825882781448,0.2578627468465272
2.5750196021078877,2.2888078560791563,5.2671492543439955,0.3177833193208658
2.571011746586251,1.7039583274895211,5.323950457681843,0.9151936314550764
3.0533396854625465,1.2047905341858385,5.375834286037699,1.8967973626199541
1.1344197326541687,1.2332009344641424,4.992515481849522,-0.10194002271847782
4.763776493071281,2.0912559965455877,4.757365715666912,2.975411141516516
2.4956012490154404,2.258619153263684,4.899266949015383,0.26705395118739256
4.939226314905996,2.3020382877768677,5.75525990916824,2.877392401618303
1.6474870587309183,2.113759178484016,4.82592724805205,-0.518671035064149
4.724503788237161,1.2843628583101363,5.673128843259444,3.531842438655024
3.1564730408614348,1.6957034061699054,5.596052177387399,1.5328360805684662
4.726012852782961,2.3706155636682165,5.66401325934818,2.5934831720107168
1.7895267001000903,2.9423040232593207,4.556467858185767,-1.5097493740866819
4.995848619804458,1.7511424383924157,4.027984990397542,3.6030109722827723
4.906449857695928,1.842476962445922,4.1917019225261,3.4111743489437507
4.661517391832115,2.357384514511998,5.409128912568608,2.560045746598475
4.815476356023616,1.2389863524595626,5.176531548971844,3.683555724850069
1.9972516169913201,2.8104900710662086,4.349584319143794,-1.0655511094903924
1.9425245722777746,2.4129410108360787,5.112872689318094,-0.5335736197900308
2.355472043577126,2.3565845356393367,5.429199482637598,-0.0012348877273381082
3.449402428895821,2.1357899583989335,4.60961477463162,1.4823249486433783
1.7989819644893181,2.196051650920631,4.584994941656261,-0.4523288718080957
3.3802949530560076,2.9494933155466616,5.303738903345652,0.5183481662904534
4.670266916198548,2.125705750307981,5.0515564731341005,2.8049984023952224
3.0117341762476695,2.7354460374701706,5.920561995529642,0.31153276125651513
2.493756489030504,1.2392018070466375,5.243313614791313,1.2911317263334539
1.7774370596247255,1.8622787863892674,5.350343542664861,-0.0905007758186566
1.568398497190655,2.154875628729746,5.682140425674373,-0.6338239484897285
1.257288583096897,1.725127245732849,5.774673599702259,-0.4902250488038514
4.787756484441991,1.9840188116510495,4.097973659618281,3.2043190160998223
2.3075679078768117,2.7250582280186,4.670612183506475,-0.5140552563829842
1.933633684319656,1.1303377552538827,5.239774698324386,0.8226658499851327
4.671189098159255,2.9754571334397326,4.438784061797891,2.2851630196073036
2.965657483952669,1.3709374902853808,5.95899439519328,1.6386758329024145
4.65032309233745,2.95318040654405,5.369357944582219,2.0321155063453533
1.8205497912859427,2.1000201850499423,5.333185134974438,-0.3040328224405528
3.798635647977598,1.1634041658336216,5.290091830003666,2.7013674268866925
1.6708896484444171,1.774001641102183,5.5090618174504336,-0.1089133149687776
1.0679686968023283,1.0115450760254023,5.711264134985265,0.057329988674563986
3.768382806524218,1.363018119922337,4.31099949867295,2.535427492056597
3.740460904123981,1.1085124428504438,4.430201190452672,2.7184221907933255
3.187934517256592,1.1272323178455985,4.595966408913581,2.125627514689901
1.5621670391394917,1.1818995763732159,4.781336309333181,0.3924462580589687
3.5777493548237667,2.877037802950841,5.3933504493614235,0.8284239938893524
3.52395009789428,1.2051800526058032,4.212307871093898,2.419930352792623
1.7900686689726322,2.562949601048232,5.832415227426656,-0.8604048570599017
1.1828704005404025,1.4696069090117811,4.828192987326479,-0.30101971699532526
2.7916845440751055,2.3203248156765603,5.208042175765489,0.5265010416125564
4.013755558731158,2.298154849833609,5.22722441361686,1.9101097583609135
3.835831468525033,1.9353899574923377,5.615712918414193,2.0244695409287465
2.9072382688514957,2.9373654188340623,4.1720835004370835,-0.04242376107190251
4.376917138432514,2.0574219197528487,5.188119469805649,2.5266638825481977
3.031865306783908,1.4989524918919306,4.272827570424461,1.6369465009435158
2.6438264029324445,1.7253387081260168,4.338289691277257,1.001059682586921
3.9188630521844914,1.1427349275151777,5.058926559419723,2.8497836122776525
4.271226498846207,1.1815480284671385,5.9493511949608235,3.152474517663766
3.5348486926829814,2.019562691749616,4.422393316228513,1.7032622433070048
1.749013296448899,1.2852445744362855,5.703651860419347,0.47601132865266105
1.3968857157449461,1.7971474143939976,5.520282455798521,-0.42332279520209287
3.8731911587345538,2.1082379464414274,4.532677276005971,1.993739289434336
2.4662685947151557,1.9826886726841373,5.320989579796603,0.5211072466015874
1.1592079363116277,1.954729128717438,5.605681215665911,-0.8487981017145835
3.9295073386896022,2.255437625235987,4.551149226478822,1.9273973406539022
2.75305177815962,1.2732075442986979,4.193714843416695,1.5531532121800649
2.6377120273824577,2.5377252521966684,5.111868905742423,0.11518254818107472
4.286881998997654,2.262668658780851,5.232304669816013,2.2449809014997153
2.836910426679746,1.2952607972188026,5.061833114660839,1.5947442201609852
4.548548893880355,1.6533179501636206,4.533741584847496,3.1093502382169524
2.2300127955248255,2.0107177567988535,4.277752536515488,0.24845221082782024
1.3746831603518315,1.2826587438859034,4.822211562968249,0.09546340318351978
4.212523975087615,2.1315694728245376,4.193756771094129,2.4163525828026886
4.512396611841652,1.6543290844503737,5.689244114917736,2.9871438950315876
1.7426953130431757,1.871430098822529,4.6546842913690565,-0.14059904396851197
3.858631191934067,1.109309604546392,4.450051237381656,2.838943026824649
4.8583909918487596,2.151470760068607,5.277854382936555,2.9644016444955956
2.792153981954754,2.443083375219034,5.048874438954991,0.3988782854195109
1.8139642410727803,2.312214012948477,4.661918369210187,-0.5737993722499725
3.498133858236631,2.1656823877370046,4.392712544462768,1.5315188733140257
3.2284592533358736,2.183470956507004,4.735930065523073,1.1776142707065884
2.494298937276456,1.9387025409796412,5.599711959255933,0.592222193429301
3.8976707198730076,2.8606054928552576,4.604456029654724,1.3234668792825446
3.697144931523137,1.2526924550001526,4.4117986278201204,2.549380853891481
1.701330159736985,1.397935273203334,5.6977976101235805,0.31296038737079845
3.003993831800623,1.5105975024368505,4.600834394853845,1.5810452729339348
4.678379584823137,1.7655526031155686,4.560753313852585,3.159145857329552
2.0239298039443145,2.9314690854666594,5.702150549222587,-1.0580698910983246
4.284496184091056,2.619511128741351,4.035457266575831,2.188803261252897
4.139903051599946,1.216360657634007,5.563262995895694,2.9960306527613656
4.1910720003910615,2.4447100803245574,4.443902100587246,2.091248359421247
4.483001637188087,1.4510869631361067,4.227063128484142,3.228080885382202
1.0255912081925151,1.9959175251897905,4.7631626721690505,-1.0686748952196778
1.306710497143106,1.0123912013942626,4.951311320427744,0.3006715918743855
3.4977615650889575,2.751227856147069,5.865465680074753,0.8452899579040872
1.9718107947183134,1.4189574433200698,5.871401413606888,0.569741736647796
3.3737082358494,1.9929564137467821,4.529352579730053,1.5375970075465466
4.3783681866863144,2.563672731056203,4.75566233742993,2.1545655081852204
2.8560652513483147,1.9857707284010415,5.350469327149861,0.9372345253191098
1.568751226722373,2.347268003695155,5.124520432739511,-0.8757925455556699
2.6418559563140644,1.5664186636025261,5.587871070999037,1.120357796239346
3.1911111312477978,1.2557372188371332,4.240419825213848,2.0262596442515317
1.5620362639202314,2.997770297132867,4.242232491167905,-2.029122378512636
2.06074420262737,1.0093611005565732,4.589059212707976,1.077776481147975
2.217835134401385,1.4914509005440444,4.307647234186137,0.7742743036233022
2.3172298806587532,1.8081562985905624,4.212791716514445,0.5636292065024439
3.891767334986862,1.7021804214893492,4.8251922819966,2.3400265823723077
4.209972082065194,1.2213115168016817,5.96531435423522,3.0533383993854617
1.6379153875298091,2.3628122829123335,5.2411190327944315,-0.8121058374300746
1.5796763829728557,2.8842365835880255,5.114091346595255,-1.579773099544769
4.92681775348154,1.1000536361816775,4.829144495208024,3.9300893970417845
4.759834230122278,2.300246312096177,5.42878610650742,2.71538663244924
4.245575267997729,2.940554527012254,5.953775279109754,1.5008516362931006
2.4354855833873468,2.2754645442338415,5.66151052396978,0.17475735850730148
1.2010037767843333,2.170137161287328,5.216856649298696,-1.0657181315256707
1.8064164653836272,2.9389969637024147,4.852466561377285,-1.4233487574053925
2.042441544155495,2.3287683245347166,5.296979030147242,-0.3187877713188891
1.0079015344952156,2.2958851703155894,4.9774597418534015,-1.4516304532080413
2.6959905840943477,1.8453902342812312,5.52339914121875,0.9024590930625732
2.120246377250393,1.3830818280120223,4.214495169517271,0.7803839463804101
2.0824188657847293,1.004377837302441,4.242716703941869,1.1095802880348729
2.244294400147288,2.9411673188417495,4.051642759466327,-1.0132214794324081
3.4566078890287577,2.382607714142449,5.601525191898385,1.1867024670090343
3.2480211293992456,2.342929751762947,5.177942271725623,1.0149345618146808
4.824177003587976,1.1023419702623034,5.452295793455949,3.8003172858121026
4.628758891667024,2.5810046914757514,5.652768039287021,2.301683875402406
4.692775976863876,1.1548111560671523,5.64069175037952,3.6145249058844855
4.6483312572086515,1.2930794790276372,4.8822347411567035,3.479510237872313
2.3463949700837725,1.8845016212807288,5.182302370690285,0.4958390519977539
2.3514588978547657,1.9588577672422363,5.6470081889994095,0.41859237890127454
3.197466444379064,1.6159959873627623,4.10926933372387,1.720057378534121
4.27448738400925,1.4385269311996223,4.3080932766889575,3.008644572656167
1.1979705295109548,1.2993977214471537,5.832923962937143,-0.10404163987032354
1.3396475702502606,2.591437781637316,5.596023971443099,-1.4123558784660308
2.3717919705996406,2.0351688373444508,5.8957161141405265,0.3586701703295531
4.7256380248630165,1.5801619225891688,4.422345092880483,3.367802766417413
2.0185540569707463,2.231946354713762,5.037570330544539,-0.23803036431022287
3.1336024074032123,2.3351130163950047,4.1966483735891,0.9609945668182853
2.5436222235083625,2.5465798605899437,5.482393955787032,-0.003339802813034864
2.380444542954724,1.0497469055237563,5.908887853093239,1.3522075730318184
3.7609516029697545,1.8932110437442262,5.8500109505399935,1.9739690056467325
2.0182732994598296,2.6150263879488245,5.085021785137074,-0.6958132589936974
3.5786316775154625,1.9222501592384724,5.484223589269284,1.7685789302109014
2.8304877484931446,1.2870072334060587,5.427616439522216,1.5887930822699663
1.0651107070630377,2.0154711867267494,5.635590645678898,-1.0176665524323854
4.620455994368986,1.9308662882919767,4.418966949039382,2.9901409045325837
2.8384635306517496,1.7028708382675999,4.951966909315158,1.2093452715827266
4.1927154953784775,1.5877321446958812,5.356140652048525,2.727577246779501
2.558229701772259,1.6474582585414594,4.250393995456356,0.9880067847613879
1.337699838047016,1.1010215546980133,5.882877671826124,0.2409356106826665
3.576211912337961,2.9990328726101767,4.578491849507319,0.7638624130484294
3.6519877795915794,1.7129446099065897,4.2937271160357255,2.1146050541541963
2.2226444979505637,2.6340690959209816,4.235669803367756,-0.5253698051976287
2.5831589932776087,1.179636809417737,5.151092558933929,1.4418394266220838
2.9600059873627544,1.7513022564191014,4.3864832406456085,1.3183334142378913
1.8653639429247328,2.327125679645487,4.099127431964168,-0.5609167066043551
2.771271805765284,2.7104437465902276,4.5489744647495876,0.07574101228368474
4.155076037996193,1.591574186683742,4.126489910411085,2.778485602359619
4.661699295814463,1.343404934986413,4.008966501183273,3.521922987754555
3.599704599908098,2.2384031428844278,4.581377184124442,1.5602041425401607
4.685296690395582,2.6567194920763733,5.07822299367183,2.38030282534875
3.1920932911641797,2.8654938798564897,5.072678457387343,0.3957975887075983
4.5070976129962,2.436038231694403,5.840550662243475,2.2787316925273977
1.004169667844947,2.2835424705276823,4.777722436766651,-1.45650803297664
4.042001826197726,2.059351139477121,4.11240783797101,2.2905376388142416
4.910385204098535,2.6176053012813436,5.191506517068352,2.654966291995267
3.9461398352716412,2.3250025498545077,5.791016717662098,1.7700596889536617
3.8437679948906203,2.9950724869337337,5.899141405833984,0.9851071381978349
1.5000969187523463,2.295306833829243,4.932279491145725,-0.8984212334802718
3.6876227822827614,1.4563141078833663,5.392763981188344,2.317408766831132
3.8939300374414683,1.3117092970016688,5.8645016914035315,2.649341594376921
4.26429483700098,1.9654937346715837,4.8124648722406285,2.518418963497132
3.193427437412237,1.368669134146593,5.1583916011878586,1.8925925536276453
1.530865178881565,1.0358551425903588,4.616856019088154,0.5079602452085498
1.7314075627062482,1.57719914618386,5.469217999469019,0.16105034872822324
2.3785366108326578,2.039391648825563,4.457745307068513,0.3813991358181752
4.326208985253368,1.400631510238094,5.393590624044412,3.0295092387407596
4.875279343977235,1.4529056467614214,4.367026523938094,3.6291132120958025
1.753008738581019,2.277802894849671,5.091780009494961,-0.5867821406056684
4.707972321897134,2.541978449068413,5.859104708588409,2.4040297633259327
4.246178255543986,2.467281952063769,5.309688960452153,2.008960249996297
3.7147757173930662,1.3363640232453189,5.595988473770414,2.4492767976019154
2.300771434393278,1.7313334952308783,4.470582380783541,0.6176348865129477
1.6904573799912614,2.166198226603905,5.187000629546214,-0.5235852786866081
3.49285532547324,1.9011239559410142,5.577099967348864,1.693139093994631
3.3545089461018804,2.8532242212565366,5.293949920372613,0.5951155702436948
3.8182224600285672,2.2882971589596304,5.229402558093529,1.701470878580602
4.248920658228274,1.6697172309481136,5.940405821987909,2.6875522743222273
1.9757530712909661,1.023072486131341,5.485392844859701,0.9696954985721243
1.9837979633126142,1.1733128888458606,4.1706576897877365,0.8445963221710522
1.728248194567358,2.0672013509904934,5.705615347558261,-0.3636611454513142
3.847579026117852,1.8717612269843835,5.581853346729563,2.097246619719318
2.940951139297451,1.21611248189132,5.162087921599762,1.7747925830393165
2.6901157479202307,2.098518002962881,5.249317443223333,0.645415299267893
3.7227743127538226,1.5622617087757282,5.50368678098115,2.2531942959031133
2.7909302293901836,1.0202860268669727,4.723441704718053,1.813455713728188
4.09203293910708,1.6741981498427085,4.596835861912004,2.5961426319663925
1.3275380830626329,1.963543594122249,4.674491791148586,-0.7008335585959584
2.431263574291697,2.194153060207268,5.263486806610561,0.2608564562176223
1.0669288830485089,1.803744258119068,4.581291922928341,-0.801556618268198
2.4328510238729004,2.480780669200347,4.2058534176120705,-0.05935411880367302
2.29218592530344,1.39230004359673,4.902822849919006,0.9385245424079198
2.9690438301042397,2.1208838942390686,4.88719672548762,0.9414285939634532
4.316967124049783,1.617342262447586,5.942746443758091,2.8055229539697355
2.374320369226699,2.925803670150905,4.019569509815798,-0.8042701290648288
4.716118271395912,2.590121248208791,5.965401862476185,2.3600659039075573
2.310421460433284,1.8856551248358662,4.610280958152998,0.4654823049812649
2.3010850912925247,1.563264833953117,5.906261318253876,0.765106634720486
2.505059275461957,1.6550375907546822,4.385408839302151,0.9178986330199651
4.362041875149282,2.4124346181395584,5.777785304640213,2.145584324775632
1.133231270180095,2.225504744282768,4.061576226320728,-1.3057399019668159
3.5421579233766156,1.9084681431364423,4.393429362056626,1.813751418107121
1.4151700799817375,1.716892613723598,4.566128450790824,-0.3256172571600064
3.430280613081387,2.815315286182395,5.605144281253584,0.7111819685827739
4.451413206788947,2.1947397095859915,4.721862428449983,2.5487221597266254
2.703652258509937,2.3105200175984297,5.244093707378501,0.4379297738021375
4.509942565113351,1.141575112526743,4.762957949705561,3.4694945584967667
3.930364668317304,1.5248442128963886,5.8715767689235,2.490987377672028
4.548283584966704,1.5659883305831566,4.00606177700508,3.240106785186298
4.360068365984928,2.2078507613157132,4.517350374494146,2.4669387701304415
3.408162233001246,2.506780932984513,5.875634807288785,0.9966384859903511
2.4182170566553336,2.939052067529738,4.519658703396206,-0.6855861367542337
3.604033925216768,2.3092560833285294,5.067075777620136,1.4546198162493433
4.019620367226422,2.3862026970928127,5.85684653803685,1.788595455676878
3.831534247417464,1.346659861661375,4.353133456983814,2.6130527095789433
2.312776198664358,2.9456094503749135,5.22216315015177,-0.7663884625335112
1.8407002538182868,2.6159889717465306,4.527739447068084,-0.94987579249603
4.38952795571517,2.35355878523492,4.769678018552714,2.3407896454137935
3.634255054760933,1.626994491257307,5.867902250085933,2.089172894374729
4.147904289417397,1.237946620978351,4.651825950399004,3.01881697069138
3.3346256219704156,1.5205395974812552,4.59375989990165,1.922454054234787
3.865562821591778,2.272910944981654,5.254934312411696,1.766433476263237
3.0219863256062864,1.0340160269390422,5.905232279413624,2.019165687590685
3.90300518153026,2.0389010763323743,5.057402722947884,2.0369759080202994
1.941867110153551,2.0615630430343526,4.292494394388202,-0.13646474218656476
3.7456801226655076,2.210804150785431,4.124083176780319,1.8182018711597328
2.4132361584704474,2.1038367994698213,4.872213237637113,0.3430270207228771
2.663130115645303,1.4219636621859588,4.617968345826955,1.3045515709864612
4.457140805038108,1.8291671005510584,5.335623450177805,2.7975008035628552
3.408095549928537,2.0499917365740394,5.66369497265622,1.4568860471135094
2.5147466589448175,1.4028864667262584,5.16740712633495,1.155249078269306
4.4429209729336065,1.6188480629989757,4.5688730805036615,3.019998883964203
2.810456493230229,2.576608763808067,4.117370583760467,0.29980797200515785
1.3113934019616686,2.33658998145974,4.620609747255387,-1.1883360540494352
3.148172822870014,2.2638484696083037,5.878033408000896,0.9582438721741084
2.7480106072965023,1.7752122083218418,5.791142294970995,1.0219994661340945
4.330655477101935,1.2605090949475617,4.891421971790198,3.1774634854994455
1.0765135643393284,1.8533940041444326,4.429166396267383,-0.8553701784597532
3.729626740223439,2.8423217682872917,5.722995828639103,1.0222980866365472
2.5011294508444233,2.222908493546875,5.296471689893851,0.30652394089229273
3.312349239872945,2.4735859004864524,4.17100882115151,1.0417206394595853
2.376541661122913,1.816644041957195,4.256076644940617,0.6191302104964608
3.0739729834973817,2.555872143236623,4.171581591677389,0.6555533585797806
1.9346860148704677,2.3735858533969623,4.4655957537754105,-0.5181564295249383
3.0229906090852947,1.8681239094956092,5.1172591040401745,1.2404814175550256
3.165552330080534,1.125123605289862,5.181846237770909,2.0902966090402844
1.794627664370092,2.2552723239345873,4.426311343867291,-0.5353458978151578
1.1099476172059348,2.5656738643767785,4.031995232543467,-1.8870781052812966
2.484257453681042,1.3090628618297628,4.916161660008978,1.2192125124682904
2.3754350580370347,1.4534590852190545,5.8558794048638525,0.9517588818049043
4.106468542636657,2.8085337757890563,4.696350478236277,1.6194272923547157
2.744263424193069,2.1223812880352355,5.96387410356456,0.6654459851588341
2.5180213965646137,2.480491532271932,5.77395262431164,0.04156042927266584
4.853418460338153,1.0647875209376558,4.517609396459468,3.898464072560973
2.964079950189476,1.7152535851286834,4.836399911438642,1.3356471393846294
1.869692121324169,1.7144382226967279,5.186655346509165,0.16450060878855316
3.7458113106014332,1.6086583500062308,4.571855738049157,2.2831557211353
4.76855922285216,1.7239939366103225,4.781194638946038,3.264147643782589
2.7819295741912056,1.1807326454719427,5.548279297303403,1.6387346536709853
4.430891495716197,2.447962900053431,4.965685193813787,2.2791156470047773
1.423688826637619,1.5521072932615558,5.153753940517978,-0.13467076508929957
3.3379259683831246,1.0600005815979407,4.473288494128363,2.344705279653712
2.074620779715362,1.721397648681852,5.831642364233843,0.36969645451330535
4.277378413004817,1.8298347889625266,4.324766453249295,2.701243988013702
1.6414816523320663,1.7760021133137145,5.111493800398944,-0.14345826591234712
2.75853148158881,1.3204259043343753,5.793792528959623,1.4769740522469057
2.740833753021914,1.6966728927399186,5.219624837382121,1.1041205655497495
3.6640235840667708,1.5018253313770853,4.020622314899496,2.3309148290035973
3.453043311868528,2.5636292206559337,4.911325151311456,1.0427435124026572
2.741170218335225,1.0203974196682064,5.301982767107435,1.7535543756177225
2.3936783913768434,1.4078773082003924,5.087408464623193,1.0258657374277746
1.9338501226246616,2.969362909191133,5.12661576925572,-1.2702845923043762
2.944376923378824,1.082019771041454,5.473753762912477,1.8998453189317566
2.1089300943436706,1.0239583126905287,4.073794531831939,1.1209594879820017
3.4133137973671652,2.9136550693967074,4.931598616227953,0.6193030203241926
2.538374843718504,2.4125325724695355,4.493012517280326,0.14917066540954899
3.250554043975463,1.664269589713695,4.573519868643451,1.7030434953291822
2.096558178940637,1.101723341507675,5.145066398910123,1.018458247607287
3.5850742803302493,2.330128565726411,4.997495719342896,1.418581770227548
1.809160684574676,1.6840084361829146,5.904128584977204,0.13057633462792298
2.4858418066034456,1.2548159983829463,5.656880593694329,1.262477455228328
3.1693224993242564,1.1303932372253083,5.9675718441091075,2.0765233739281976
1.1694700453897289,2.8147242588130514,5.929474915628129,-1.8692938799331826
1.1603392497563787,2.5483261619854694,5.001485162407714,-1.6130709043733313
4.228486511737788,1.6430088779091563,4.608136753772966,2.767353390101228
4.6301911974832315,2.9362494001437245,4.825469547692856,2.134606476579225
2.1566385183975827,2.3748275038871784,4.672872879707596,-0.25334583761694923
1.3556709976814147,2.6823841437099896,4.004502246150674,-1.7868104179238502
3.811730433250388,2.38524525997311,4.133424529863343,1.746645625419233
1.3108379544772149,1.9951103681890678,4.262666328806606,-0.7743215257639373
4.7491978727180335,1.9593535494604517,5.6078628392774865,2.9774984762722974
3.357709910209776,2.59801444475754,4.389001707569648,0.9425690206314787
1.3102504374505748,1.973870044149974,4.7233770021936685,-0.7304596793407481
1.8796490527978422,1.611852336014116,5.489794333920097,0.2801438790236225
1.237010821497221,2.154606178851865,4.392328146717061,-1.0529892343975074
3.2857096254344293,1.8795122944097244,4.1461142439496905,1.5776069086080984
3.326168189089286,2.926496017191898,4.072354895956437,0.5747388979658955
1.812298489654932,2.778206774520079,5.3768543085310725,-1.1281760135571886
4.652774310097616,2.309401436044917,4.647992286328246,2.7002649762822313
3.002797211313684,1.4086686042259275,5.117921937859162,1.6581758333851286
2.706671243946599,1.9739223543948783,5.123621188175387,0.7940422920759325
4.799373387137424,1.3661265338766746,5.563754342232592,3.5416702887672993
4.524208384338641,2.287599439812124,5.441207960048297,2.4650472571110496
4.6694304913145785,1.3673964876740474,5.985375475199933,3.391731120457163
2.4278652581587004,2.048948976197429,5.182085229713562,0.41253231116371136
2.7099032377219565,2.0583531867635765,4.822436873915285,0.7204761135080825
2.353076877981901,2.729967670191847,5.866156340281722,-0.42581086019197206
3.628848750193609,1.0348773731567007,5.3343966847617645,2.644207713378664
3.6495566336820007,1.6003327193036925,4.627022095834916,2.1840131909344276
2.5818499375903055,1.4670508330854684,4.87551820467765,1.16897499513077
2.4664432708466903,1.5564833922317216,5.835970039771873,0.9441590520156233
1.0534021038109427,2.135146368051048,4.668106013025973,-1.2164461408352245
3.153369114291037,1.2469290344643116,5.198482573881576,1.9637694003770587
4.906521414804195,2.325128491325753,4.198441441682605,3.100233368943214
3.262569540492384,2.5665880409023645,5.793607933114672,0.7763145882233871
4.4167731022421926,2.8796255226402425,5.8836149188992755,1.7626993506273325
3.890037530269055,2.5596427779274595,5.809083238713643,1.482020311912056
2.0277604340256477,2.7780281392062465,4.3838011036860225,-0.9698689208183763
2.7289697795094385,1.3337171327513906,4.133278933718639,1.474104117766323
3.6003695028154366,2.210103426597289,4.180269910823188,1.6379010859857108
4.363511796330894,1.0794901009371132,4.7435320665071075,3.3725113275903587
4.020479814677126,1.7370167366781422,5.339514971235593,2.4148140026200204
2.353498082336774,1.2699666815043944,4.770679135802348,1.124091861960831
2.528765354091494,1.557148038685494,4.015973334714597,1.0540785590703459
4.6951469476089205,2.0845675698599435,5.871263191502063,2.7925148104953808
3.228862991703472,1.905205359807198,4.024937436159959,1.5026635111036963
1.6037256593362668,2.1323192073988415,4.480360905442831,-0.6010259134996746
3.2712714618233507,1.336450361725487,5.881317269686649,1.9867965173560544
3.173241230297682,2.5871557959158324,4.993927719758584,0.6852042873737122
1.0337598873346598,2.261236902762093,4.395494647141631,-1.431420292129626
3.0197885865908933,2.2693996786286057,4.4516102204013945,0.8722439069987769
3.8138877148876427,1.1753448495050294,5.95145328455499,2.6915525603169854
1.3351071845509157,2.3954366921897323,4.297180600383966,-1.27717509562852
2.806976295987406,1.28724763245316,4.674810484699342,1.5808413262816088
4.300875820399278,1.0553121453892431,4.7606139141050505,3.328372043359753
4.563313087977778,2.896898122729989,4.549229402158969,2.1612609042158737
1.291259600516094,2.5323396328369627,5.658626282400563,-1.3878062638739213
4.1108455361440335,2.5716069648052224,5.257075450799405,1.7648011575708464
1.127488035950118,2.8215522616857207,5.787138737500593,-1.9403045825921066
2.541619194119868,1.1849269378668321,5.122442156161046,1.3945149147852882
4.517787770547351,1.1574940615218983,5.065267022043566,3.4516230322098913
3.450434409205215,1.062555760133025,5.110122257972323,2.4412358265325635
3.4293499494401174,2.8394465966564226,5.52529562032579,0.6876529407316568
2.941419857644276,1.4563030109442392,4.844288825532233,1.5571454768907047
3.266884893004885,2.4561194122233942,4.8882458691036845,0.9377305852801538
1.0350386879852778,1.9420059204603706,4.320691757770843,-1.0153028709613232
4.94969240904707,1.9842631233491688,5.934091350274514,3.1465542620715707
2.608099096235516,2.1308200640212096,5.400619193055423,0.5194172697831485
3.1078767695741734,2.5486724233153173,5.252532406600068,0.6395379773813502
1.3704627748909406,2.1604947347805634,5.269620289196398,-0.866177871432145
1.285633869447543,2.3653166993864323,5.412848950965902,-1.2003540267107957
2.6560606182548865,2.1644269096740434,4.155033035684191,0.5759482759739399
1.2296377286495441,2.542204271879251,5.6446825166271015,-1.470100703612991
1.590144070394139,2.4205835496182817,4.037703150793691,-1.0375586209488423
3.6867804152840367,2.958240299776941,4.519006952891217,0.9637327555673966
3.992156141142862,1.1244190207063036,5.980564095723135,2.919806934897481
1.4557065764544217,1.8861346591631776,5.553188345334913,-0.4576333437900576
3.3460680614453575,2.9013143517095754,4.544435070548177,0.5778439063994609
3.198681143880388,2.3964745127044766,5.784763651275438,0.8813981155434898
3.5481599986148744,1.4373328240283472,5.041540675164214,2.2022229673996794
2.5298333321864823,2.0099363028227897,4.542861440585903,0.5797253187232428
3.224833350945665,2.639553317936814,4.520128801186687,0.7209784156938869
1.0378129724554324,1.8965023898719264,4.055723624493904,-0.9714404541883553
3.5758620127378364,2.7348736836097283,4.890764955390605,1.014413973033523
4.405161018169554,2.3277367303776964,5.701469109443877,2.27572808863121
1.760068646501976,2.4414426075012776,4.916159426082071,-0.7850197611259819
4.460922995271362,1.2245143670226881,5.389118225328106,3.323335452255694
1.7270920261869622,1.7230646422358291,4.6363334245184715,0.00433809854439451
1.7770946528952818,1.395059437455077,5.359141820317697,0.3956765505936042
1.4257132408669495,1.3942271249600275,4.903781579420563,0.03284146990293918
3.150838607971623,2.7546160362915577,5.916403518657125,0.44770874600808724
1.9568756198262762,2.63396320223413,4.663858917428161,-0.8204587543809503
4.325860889127378,2.8341450269076542,5.3558862544194685,1.7580224362866312
4.684180633013523,2.4137650197160596,4.888392660852132,2.6109040681334945
3.1832716277992135,1.8343786580591595,4.738001261352147,1.462989633825916
1.284029790000933,1.539824150961901,5.6639245528739615,-0.26580584926201695
4.2381025614936725,1.6349485340304477,5.338687543225927,2.7345416456312233
2.1555701129861697,2.22610162833952,4.157065187714501,-0.08351508228165189
2.6202665724765852,1.0856683357758001,4.065266957434549,1.5924354440247142
2.0003739638282845,2.6519318034535604,5.520012767334618,-0.7429073365989693
1.516617662427679,2.2254035138918926,5.833281893811619,-0.7667785551097906
4.635189997787732,1.7332154771795654,4.795153314713928,3.1124011533681517
4.730241782427353,1.0319599647563062,4.88667596172089,3.783611509773228
1.107887735988676,2.5669960315285314,4.060853478910353,-1.8830590916930183
2.72600017542698,1.234706473130356,5.643579186350512,1.5283186838244815
1.7422354711210386,1.3496029594019048,5.542524062634872,0.40481711346074706
4.8762553456214395,1.8700816016773036,5.929390438851044,3.1678563236168076
2.972557124920476,2.0050031990575325,4.833991205710662,1.063333161241563
4.903786865102754,1.518012795508201,4.561428998267849,3.590429199036805
4.0807126018248265,1.3825921621970096,5.2311131120514185,2.797603073938016
3.208710125178908,1.187670394516148,4.930502721054832,2.082356042479454
1.1988543095658155,2.579457194632429,5.561786512888151,-1.5583317330260542
2.417657365020759,2.56784443162275,5.215613622439724,-0.17254865922660856
4.8593146753033,1.144814274474585,5.2481600671474276,3.8061591410534255
3.7963825850347965,2.95443031158523,5.276381013504436,1.0161920716410642
1.8209375172846394,1.1092449818722865,5.530974237674289,0.7264517330278879
4.667563299392784,1.743440316443558,4.3927743827153245,3.1857808475535987
2.802136173706554,1.1788329535449915,5.78275872535318,1.6581212793973856
2.407764825165098,1.7648743792320503,4.755778640819385,0.6923278505618469
4.698387488268817,1.7488709527337585,5.775037604441736,3.0948387344284347
1.3506667657728646,1.0545316181653794,4.354714394609046,0.30521949488635686
1.8136779027953525,2.973807300705487,4.142650746406831,-1.66638225885415
1.8129084418619068,2.7180805452220853,4.2484313545383126,-1.1777593911448871
3.934772947669986,1.6397386514658054,4.959807161834252,2.4317751964616785
1.3728787369730706,2.7552147970859338,5.528377075891508,-1.5944624869058721
3.7666636236031845,1.5565849384728498,5.350689981591449,2.309986695618
3.488668004699416,2.063298488632271,4.603724084223986,1.5944744001778886
4.3797114950861395,2.3527761819983115,4.837215691685241,2.3198341037383545
3.344975200169151,2.3558583467613934,5.690174420519998,1.0866230151364709
3.012109285603623,1.6847266108773788,4.13191913191794,1.453709345602534
4.254913865100914,1.136088998284806,5.553115196281066,3.186217779688848
1.6101069046867735,2.273622572231392,5.256325549030596,-0.7359231109105262
2.1286760504995277,2.205088720116695,4.918039015825864,-0.08548719314284008
1.2912176232649033,2.456975858837494,4.82868043564701,-1.3541672966440237
3.015237805520621,1.2899647151243825,5.841437848004564,1.76894422858794
4.870817677063982,2.511177880519982,5.830365114196869,2.614582755811791
4.10388076242692,2.803005446671918,5.337204164091614,1.528661619305406
4.8566762382967665,1.2846209309105885,4.224232849378863,3.7496471512430567
3.2504405341423053,2.719654851236186,5.044276923474112,0.6302329232587415
2.5122641098677967,2.8405442413244217,4.457946944262789,-0.42594533672519075
3.04630821343254,2.3537635518075906,4.770669293648945,0.7961998521232132
2.630366813774209,1.2943992476611406,4.126185620216381,1.4069911249505354
2.415909092820568,2.2363048961126886,5.751127918615014,0.19494592771173078
2.8876199947554766,2.9652876173935754,4.130796469288175,-0.11155952187619238
3.848526385506109,2.187386846854608,5.000832041453828,1.8472195128748716
1.1628849636339402,1.607479697342111,4.220842950316981,-0.48083029670613714
1.6185680028346945,2.565778776866658,4.227212110533426,-1.1918694652902537
4.4023790995402,1.0099912681001622,4.561624551003983,3.4787273696905183
1.9668825230686084,1.4841602350807104,5.362759196005178,0.502343284039154
2.5809326338639496,1.2570215211973326,5.26856253862157,1.3632818548395222
1.023949361062467,2.365123512103552,4.782654536926465,-1.54305934489059
4.772270795422825,1.0385731843673325,4.079528121537093,3.860909678174298
3.7790084545888756,1.3549649848793488,5.185219952726987,2.51130077320548
4.245522271730689,2.454181683212097,5.844866023045028,1.973762603440124
1.2398334463013763,2.562149650145578,5.574131974870701,-1.4889268822317698
4.401076119247355,1.9967559000734312,4.698152117589954,2.656152047751251
4.585177172398954,2.1453424474523586,4.787723200476676,2.729160564186569
4.695020550339063,1.6781051434254723,4.299831240776196,3.2767645804669563
2.143645175188949,2.057158366050051,5.345720815290218,0.09370284359237066
4.266516872582157,2.666042347821907,5.309870738643934,1.8506567571762067
4.363738108296616,2.7175721546286313,4.195629129974792,2.1606554561536946
3.776274443673165,1.641752966756222,4.123628844837432,2.3268909574462797
4.058579845651841,2.770406449000472,5.224625737840046,1.519367108881494
2.0305744936472534,2.560038613536179,5.574807605562447,-0.5960253410804769
2.8577315834069195,1.5201301305538029,5.172033563155233,1.3994105577802312
2.999635975355723,1.4693698442792125,5.944937978292165,1.5792646032198847
4.365418767524428,2.3869259930223685,4.189166823396451,2.407530205226315
2.9067542700184044,2.8413130860387867,5.540820648595692,0.07622644637642596
4.807252711112609,1.399779482991367,5.7205994985482445,3.5143042137342335
2.7268102361510724,1.017518341699133,5.539930284064253,1.7388736426743772
1.975042962885853,2.769850439324732,4.081395066987892,-1.0821669779058471
3.2650122296848347,1.4373237675450405,5.992662411323252,1.882641580017009
4.910046684682211,1.3173305017077086,5.897136783968476,3.685856500812453
1.4002339527778114,2.4956668701422826,4.932373641483382,-1.2699978580839895
3.856123947885748,1.2754425207221334,5.3970366194146475,2.6559111301083833
3.2393556591221655,1.6221029733868997,5.977272832405555,1.680310150109151
3.0538884963608517,1.555329959308236,4.670785224079906,1.58925751810339
2.827850900604062,2.5682507461528776,5.568251113196453,0.29257973427285894
4.69387387204028,1.1157038466861928,4.951984896797546,3.672598302774604
2.572514781817263,1.352813150793824,5.236432606439563,1.2625626459810806
4.252138786954754,2.2463510456627405,5.431961253034013,2.2029895290535944
3.1552783846498516,1.0925363874932992,5.898577597599934,2.099062022550615
3.9898519901858593,2.2988790174588716,4.4213083956922965,1.9796123680273203
4.440880696559186,1.112575681005494,4.70182705442007,3.4255891740962587
3.125276544973539,2.93915201972849,4.17126567958786,0.26230013369529104
2.9089269547932686,2.7251443857807005,5.14246007061351,0.21671416679193392
2.6784295429232547,2.571710434435947,5.769171915314632,0.11921942170443185
3.2190587177004506,2.7285137477960184,4.282193569618325,0.6364780644433286
1.1259328097872898,1.5398696444520514,5.782547694563534,-0.42944348685457123
4.05700052165747,1.8470276260314817,4.4694901880795035,2.426897444429589
2.1561479060984907,2.2712370962938526,5.873001158876763,-0.124799186787958
4.20007756619553,2.9798952890513917,4.021097690788544,1.8172803690780268
4.923652983773952,2.846989132944149,5.820755152330634,2.3808886893729477
1.7815099416581504,2.3538485697643865,5.019647857601404,-0.6480012573037103
4.799079081493446,2.5762190558452858,4.968508140901308,2.5996179177812535
4.938851233553132,2.7804375601446933,5.116808066115564,2.571136476442416
3.2756686850709604,1.0402000538881366,4.656662525976507,2.2934194542945363
2.498082927610714,1.1173235632680785,5.536039454050004,1.4097708442479584
2.6907494826546494,2.3617713499379636,4.799295033882339,0.3779037556754872
1.0651607480932328,2.011145061740353,4.525042125143024,-1.0560161877212995
4.638728214357281,2.2798483883020735,4.698682720928742,2.697719957482196
4.416784267259936,2.644159690571768,5.117937169717754,2.070340947006294
1.8358454295011422,1.218646900656885,4.563452816944695,0.640457324579846
2.6912481727824056,2.1837832547626306,4.59348582348834,0.5768186844746794
2.8205690213802748,1.520360651736967,5.4701673152139785,1.3535386445950972
4.048552076192068,2.719508691423033,5.159348660176702,1.5639459736942947
1.4323096798784638,2.9883927972128497,5.3483299068942936,-1.8763034903785578
3.823400081543871,1.425408666587895,4.485284490716395,2.5291029614978657
4.395893957358524,2.5396502133227497,4.347983435218021,2.286907684466136
4.40016272339316,2.9017651516813103,5.546192715700274,1.7582487177474821
3.9278988382976787,1.59110565637467,4.579005403952067,2.492079722549204
1.1664534676237288,1.6185945982314274,4.135162737662478,-0.49134495802060923
3.1127019502255395,2.8738302823291155,5.244829992413182,0.28555391747868636
3.701710562242224,2.8527986865037547,4.920890933076395,1.0418562396700026
1.2667669190037882,1.0368615181316156,4.096432399610896,0.23764388352307655
2.585481906929303,2.468190247650287,4.487930216029954,0.1404371309213405
4.459237228032034,2.1657479647070685,5.348118239831252,2.5083643995700746
2.534567157621311,1.4159591074084774,5.6060431450387025,1.1560923499070137
1.9985841287932375,2.532203595171044,5.34575098219481,-0.605907788892428
1.4539204673400143,2.2358097206600323,5.634587544306722,-0.8518196608398307
4.922320580648677,1.9233309200972915,4.864475550404692,3.26503677282092
3.8224872502006932,2.5855220501785716,5.231034463500968,1.4229263605278963
3.51354792410068,2.6264374562535506,5.079997821283075,1.0363729964722328
3.323648561323986,2.982234169422341,5.639362145555374,0.4022645216557526
4.885404500388171,1.6149517137270128,4.52546562483083,3.500961782491748
2.4727934851072493,1.3375609663437027,4.954975586050398,1.1790014081019338
4.727285381062503,2.043081065803435,4.2062855643492085,3.07077172486481
2.6570787591333667,2.9341505004345008,4.373078101042793,-0.3736660569372375
2.9183123483020106,2.880050062029915,5.362201215630116,0.045360411505992564
1.7878300302717944,1.8650105536083679,5.7428657077549605,-0.08160351537637583
3.2766679053475425,2.6119954356824673,4.904276998804002,0.7853214237991735
3.2810827335613175,1.2031364345406543,4.716129155983294,2.149054709192821
1.9985101804753511,2.2194850739775465,4.749356419744878,-0.24994714748301455
4.472840240544042,1.7580208623071043,4.950554669547876,2.9041021741967765
1.908153781981484,2.053333497612194,5.19159113718494,-0.15806844842644843
3.2882300540364087,2.9224478058786216,5.208109699576442,0.44191281039567
3.2635195482495103,2.1066432244099413,5.8567769219640144,1.2398593608450934
3.8599255698357013,1.2242156533035422,4.82660720688708,2.724814177108107
4.589792714332119,1.7101338102143016,4.464037943226093,3.1174906796103703
3.2139546639791043,2.4806485686404365,5.365446244627051,0.8270022427814521
2.5711125678112685,1.5916909682886344,5.4503084452096004,1.024063535743139
1.7074329297922395,2.0381256597802615,5.617077896467774,-0.3548777501273555
2.189381376356354,1.370615407805412,4.705607891657285,0.8558767446182597
1.2469200751642044,2.6689334625516907,4.213304752627762,-1.837747531715481
1.3907190801119023,2.480494777901221,5.9457379029726685,-1.1991107618409547
1.5229719815938125,1.3797182346770356,4.7707459157981065,0.14964860200389804
2.711323285917578,2.5291277477718728,4.098610878189452,0.23153327401562274
1.900183928495598,1.8378153763593708,5.744823360882508,0.0658279013959511
3.49896415112909,1.3205017556771357,5.660612713696014,2.2402718100481915
2.2379599739147467,1.3098777543184033,5.9337966931923525,0.9515564269606074
3.9858178897169902,2.656986552281605,4.5810039258729365,1.6312368623465945
2.763625446175614,2.957083314882266,5.1066340849777685,-0.23729010878896747
2.2756239861403853,1.2815545180834458,4.8683303790881025,1.0304126107925018
2.8264429508463285,2.2465735221977616,5.5743005202914855,0.633605736531224
4.543687066678427,1.1087822627453865,5.809340092393985,3.499231601495118
3.1715624881540725,1.3714642327226652,4.000599422429237,1.9162150413910246
3.846954026951454,1.9356161153793596,5.750571161916293,2.0297766997641884
4.165488383975404,2.0992878284833667,4.960425371008878,2.2804917054205
3.0918922006388607,1.541070591797395,4.742277234952789,1.6398207499874484
4.463088270089569,1.2024175799990915,5.055351547432529,3.357010890367576
1.1411078684752574,1.6321608651518076,5.985420067799115,-0.5103959259880169
4.071404601943014,2.653571623917747,5.915703017897221,1.5863853148081895
1.2165807333829695,2.5589335278334633,5.3615878214562365,-1.527560589787491
4.591697761941665,1.3362306901528311,4.56447049601682,3.404622820625532
3.24122978652677,1.8584538667068897,4.334603239447958,1.5305946711381662
4.149087901069769,2.2177573654441987,4.751558444350592,2.1837924077663917
4.409625099623092,2.2545926129557823,5.378555714437832,2.3736391391536635
2.686720949942254,1.8224839075090773,4.0094655000199415,0.9702640046666965
3.0752702663570566,2.3769895151775726,5.45856513720584,0.7756883709492541
1.7462521732804568,2.9243878655455107,5.074518412202672,-1.4415922115172815
3.0524381234464153,2.752619436444542,4.085257788136201,0.405752646710674
4.679295657870146,1.7579811454239342,4.417025255401199,3.184393448243821
1.8202954130352493,1.1863884829421878,5.698158606374463,0.6481102108779853
2.2488489591625855,1.4919120530971102,4.165742172281197,0.810712671925177
3.1040437716088536,1.6216721083080199,4.029926228615885,1.6192630292443742
3.0152635223703945,2.3070071634320115,5.141081644733239,0.7925322255962942
2.110433410849484,1.479115998972868,4.455860745647605,0.6692664715183851
2.091898965777448,2.5371662364129213,4.766901038374702,-0.525954192057064
1.2876518543218571,1.4562045997414594,5.937062042517143,-0.17386360077345134
1.3779868623544913,1.145759717691285,5.702203349513914,0.23706201828644255
1.8421022293824123,1.6326531568971436,5.303308201479998,0.2201406220937449
1.9705103053575517,1.8033494092984215,4.922899229345102,0.17964834264754764
1.1600829219560196,2.415307109631089,5.872698568293059,-1.3770817161992432
3.7167196114605128,2.426991056018367,4.77212890104576,1.4979129961278268
4.383714989442324,1.2737894787389648,5.156583135328702,3.209384755863842
3.4948709236615416,1.8536050166063947,4.469972603637371,1.8036530587785147
4.871148598256282,1.5143125901126087,4.066621249726429,3.616960923153802
2.237682876250852,1.670818850924305,5.531740882495104,0.5946367895253417
2.21237007771188,1.1918196301589645,5.271336149205396,1.0476797007820815
4.9863858317273895,2.246801159342065,4.2502950905411545,3.2273803110268338
4.235982224322077,1.6353121777186912,4.622311201138581,2.78049543363349
4.678131044468875,1.7931807384475669,5.0341316480796845,3.0874632124326387
3.161379588869253,2.6798166814291684,5.272693993632126,0.5591682205239641
1.1680341144952027,1.2298463048956954,5.91019560594038,-0.06319554662307943
1.9194021337475178,2.234456487064973,5.393933456822355,-0.3461521471418229
3.9562285609518932,1.3344579178207752,5.511764172092141,2.702163813955326
3.9221519160482434,2.200123683349758,4.591171921907576,1.9619744028183737
1.8941272345611306,1.3882247523367612,4.762164524406497,0.5288728107764928
4.925995376987175,1.966757188114792,4.97842134207027,3.2212660521460745
4.04376111243291,2.211080607657472,4.029388815337193,2.19221708104081
4.213111746535676,1.0869526331902615,4.159015729773599,3.2387225294354787
4.543134422855331,1.8966155456961546,4.092965326173753,2.9865108198877164
4.109146109015305,2.719931690951084,5.966962775475446,1.5607994907771676
4.369521840222311,2.5392484827548953,5.199017864660172,2.0974588036690607
1.2820092519112403,2.8745738449882805,4.531988046583376,-2.0599750279100486
1.0040547913269569,1.2427857644767806,5.9939923636522945,-0.24403401600199473
1.5312836305290443,2.990797719265113,5.346888222632059,-1.7607214141916316
1.5861987709094438,1.2174544966914895,4.380382803647315,0.38386855768870454
4.471478741954508,2.9949218968797653,4.933799833037764,1.858039211551086
3.5542725563501776,2.9401561625875825,5.615382327028515,0.7208187838858817
3.33206141280548,2.128600113888468,4.823262132963287,1.3411281078581179
1.1863195451790114,1.351494322040678,4.2815351795357355,-0.17407459543831924
4.135671273560884,2.0551442319358415,4.69812902833061,2.3136294879853727
1.6477531853227099,2.3645484582090175,4.015835744812577,-0.8868217570752673
4.531575808298599,1.4228695046733437,4.6065514015187805,3.2685337983275566
3.544646563427133,1.8111066050162121,4.494917644932019,1.894095228292326
3.5747936018202906,1.0483391830666045,4.556461533550234,2.596101822067785
3.4227007958718882,2.1642732211859084,5.351340755125965,1.3759826771479258
4.237276694136969,1.1348655095068267,4.275841476665203,3.2178191995338876
3.0649138654310053,1.3167629961861076,4.0305232340935735,1.8496428848969722
3.5603834169315207,2.259183851357576,4.541965473674431,1.499907232386139
1.8813115085398908,1.3401300330397719,4.333404254060828,0.5690783100101757
1.2566447016586104,1.853968900829451,4.899729129540428,-0.645302735583995
1.1776310097571123,2.1042500582893853,5.228469654476538,-1.0122143666543804
1.3182584193965616,1.6386770815817238,5.297053733414355,-0.33694720507129405
4.865997586179727,2.1456121500172256,5.35556979306174,2.9690781153937085
2.2744705990139673,1.6206345860525617,5.379594704457916,0.6856909275690838
2.0198130288608973,2.0309548025326114,4.116916077845061,-0.012808871139649985
3.2060287326322436,1.7269439625604412,5.683294350428407,1.5524933685109537
3.3261887946524498,1.9458539597892837,4.191564600145687,1.558442712763412
1.438926382120234,2.294814808157515,4.488692784819163,-0.9958722800562002
1.5162794181022692,1.305307923290725,5.206611829769369,0.2179312799118113
1.7679646769719142,1.424125237062241,4.144876018325554,0.3661290561126585
3.6829837210778287,2.7887669541211952,5.267979301576643,1.0540231817461965
3.5647727931188538,1.8263031568601131,5.159981695874796,1.8587897399517717
4.960264829825146,1.614813023825224,5.2193901366224855,3.518061567564613
3.003385034355723,1.286276748456718,5.364536790783268,1.7687036365826765
4.96688985262934,1.7587213443378311,5.054750124633292,3.421977460267724
2.2622156038644157,2.0911419074884923,4.575423500817455,0.1923370960734739
4.925650427891759,1.9873269219079783,4.022113943031693,3.379694668801698
4.770366444417444,2.245999589157715,4.731234098535673,2.868148175243022
1.4826891568763267,1.0608947113207416,4.576259228243758,0.43360705953558204
4.748245896038697,1.7828512798536933,4.749863800772996,3.1993157448376097
1.2036238233274434,1.8304498240372133,4.3971804327178985,-0.6893975482523833
4.842316451960206,1.1166343718495877,5.328521354032976,3.810284826793709
2.9003281672988344,2.392036321750945,4.084275661933937,0.6270951102829065
1.8850402483036652,2.3786755480161315,4.340111720474556,-0.590166538412135
3.07857436148581,1.537581186378184,4.829286673769106,1.6255873006996564
1.3027935410307228,2.117957117570204,4.731419776257744,-0.9115963237486803
3.9024515125850643,1.006972890162188,4.024342389269926,2.9906133783677484
3.2850657645947168,1.9593745430916365,4.568748424326012,1.4674972845062086
1.1751119758658768,2.7904890935265927,5.511930902126716,-1.8731640553365925
3.8093221836736784,1.7629613984872454,4.448100681766229,2.2288994106976747
4.549063779621241,1.6659491614980897,5.037706471744061,3.05499683858637
2.7464959774247975,2.908452759937632,4.961826734441255,-0.19989946449117113
3.9457578330772693,1.7265946805403172,5.432877820630965,2.340503857989524
3.5897250516218824,1.3985549669463826,4.017936531133264,2.337333835612678
3.5011843666513895,2.253825075791058,5.597123059204245,1.3627237478483614
1.8553029705389186,1.2145132062444732,5.537554899641505,0.6567808654227427
1.0341027432557128,1.4737436087034748,5.878800443590615,-0.45414255264278475
3.1886801925128,1.1063847857228295,4.686701795356348,2.142860560814309
4.239471810039785,1.4537445971923229,4.527278429123165,2.941501370504491
2.373589181235493,2.3287176661267246,4.0458316992358565,0.05487243511427605
1.0747872369431377,2.6593046291442706,4.75689919093664,-1.9110381443391353
4.907417790365356,2.3362591173894973,5.820186072642702,2.8072479073040246
1.8678189794796896,1.4814207736416822,5.726447704205817,0.4000154342514686
1.4848539321020815,1.1227634058796692,5.260895002478621,0.3706293667517543
1.2507862584459728,2.6348033977989997,4.187593730773029,-1.7806604060779585
2.757306341923973,1.4521753161086706,5.7099962534275175,1.3495030810748938
4.3239901933096565,2.6717700585184776,4.865412846589214,1.976970215295941
3.673011331867295,1.3827262854386522,4.692117485175693,2.3967172670883006
1.3626008769677727,2.835306920287059,4.009987732177728,-2.082586755712629
3.685394125620576,2.7487899772798676,4.193585010839058,1.2401790029828532
2.042187969466701,1.3525644918766315,5.427180401085963,0.7120922866469614
2.5632765189369855,1.1192906851924216,4.182179520584385,1.4986555408894962
2.717850491664228,2.19333617471493,4.47514128550106,0.601743600166958
1.7880160041442372,2.9025953944042953,4.1209273319309965,-1.570166307235263
4.017358394165429,1.7174830482940473,5.187661222482628,2.4373261009282663
1.0388782051461005,1.2516176599965565,5.425125255697606,-0.2186376145901461
2.186898743158552,1.7113322265624857,5.907987941754445,0.49686806802374783
1.8756411070021013,2.204537385902859,5.884068735570164,-0.3547346400746463
4.344302148756679,1.244994016963093,5.708241342161447,3.1757634103989645
1.2695872010825209,2.0028005630610846,5.803755974370987,-0.7812020467444112
4.426030036728825,1.9339860633775499,5.686187796096151,2.6500335387127683
3.1802019604487937,2.904233421051001,4.009137265843938,0.4003163577778517
3.129135889149026,2.298037704925154,4.865448786644414,0.9428992932102318
4.823095452734796,1.1112892589033427,4.047269836685103,3.8601720180867933
3.3717730333233957,2.118235620962122,5.974372913390542,1.3406305665660598
1.7411981376682855,1.9881394719529881,4.202599870626336,-0.28028936185664244
1.5099348355756548,1.3518450133439672,4.550555245209949,0.165564233976752
4.664107041273677,2.308882043150274,5.075532476205796,2.6447147341560195
1.007093685498785,1.5233258140716652,4.405980519308804,-0.5501604244873927
3.732994002410975,1.357816890573731,4.732301395433741,2.4794297799302543
3.5354259115418825,1.1326074568689606,5.542437221168067,2.454617017426866
1.9678255535082445,2.4082871107638972,5.797674855331503,-0.4842130481971314
4.682909316272252,1.4185879567896138,5.824282359971433,3.3656797419857827
2.1166085539462633,2.69694622156777,4.9796065446200934,-0.690354284092281
2.1344518232071628,2.558270710877183,4.289860723078099,-0.5279768980370969
2.671053978383567,1.455923438098882,4.399394237605784,1.2876882144275577
3.9866585621091986,2.930767274988224,4.67379628500908,1.3555000269122839
3.6600507149803336,2.7517725141928295,5.999389645550728,1.022140702613859
1.647077031229029,2.107507110328682,5.33329352182718,-0.5012236276953499
3.8392033112433293,1.6164847403131508,4.339401910909215,2.3951015218862803
3.8547575537464356,2.440740305284401,4.625375218298446,1.664645935269368
1.695522671414388,1.9640504642023824,5.330282198169783,-0.28885151956919153
2.3682186913730585,2.523338855558457,5.707552907192145,-0.17293927305075016
3.7628576681374395,2.319759230120294,5.8042058105078045,1.574301219666542
4.82917787955896,1.1890127433506197,4.7047969625673565,3.76229470069309
4.783200521628384,1.304103836487499,4.4642247310781915,3.637773905758899
1.4927503028726425,2.1711922162655535,4.691852557692789,-0.7653171505007407
1.5479397180695118,1.3679234596410803,5.406308417896702,0.18607098708394823
3.2991783921210787,1.6285320815158304,4.3328843811461795,1.8028319728483677
3.6624421364817743,1.3040903669312591,5.307859058015291,2.4329249704512765
3.995031500444797,1.8470874419472632,4.818388650927384,2.3256045378977306
4.5911998359121124,1.4864899201969715,4.6511598729706165,3.276551755145072
2.228171569561824,1.0510599145944197,4.662493947474875,1.2082114155204955
1.6273404005311476,2.104294402316171,5.402865039589403,-0.5178451367402461
2.8876907293414145,1.7114477334720577,5.033572573424261,1.2507594128984845
3.7426184145707424,2.689864977370712,4.938477053213842,1.25529951281743
3.3371927245954454,1.5971815047009035,4.129671361247907,1.8868425901770858
3.4938936129941003,2.956610056962665,4.579739260730281,0.7035374912546892
3.945055645059034,1.840079838147884,5.78949131177502,2.220093471839482
3.710856115433222,2.231349861629198,5.541992412244313,1.6163026699754202
2.9311561271805324,1.2867693375242986,4.305587731323118,1.7231396737575124
1.7232257795524712,1.083617383832751,5.8137046293455255,0.6510169443356449
1.7144559870053229,1.7627012469876764,5.413040093015102,-0.05102651606503182
1.7101171487388562,2.960905733983841,5.43388449261526,-1.4916921164195525
2.5426646779394497,1.4899501734630836,5.678105264909487,1.090942825919479
4.6945511403856965,2.9793346579461617,4.140622038423627,2.469880840823653
4.4668350438265705,2.7393460370671683,4.651515204494542,2.137465222222949
1.7938360410710845,2.2027857036268554,5.042544401890446,-0.4546212977791137
1.9344643228919605,2.6158200517060592,4.468517015219677,-0.8403989956769093
2.2296813016553316,1.2013682057028046,5.4989258466456965,1.0537690610145938
3.194599418682724,1.3092118246809066,5.4045364852765045,1.9432666695016594
1.9922627079453052,2.6052191612079367,5.968282372578763,-0.6812905327284678
3.8176493312658697,1.0273523565751335,5.196582579225305,2.8464777975685402
4.066609021863407,1.6030896191295374,4.499696388077319,2.636515669891647
1.1588440333525747,2.7981123526165055,5.018479939152431,-1.9746997389718501
1.7674991679811765,1.3697397571285217,4.069243231955278,0.4224091507476553
2.7525382042041477,1.235996217661314,5.086943296491304,1.5633925796192694
4.709006451961027,2.278213392367418,5.368740426450159,2.6844782355348906
1.9757414987234423,2.1798155487728152,5.434804161197114,-0.22277827495218677
4.708556238808971,2.64982876841544,4.994873552559347,2.4286643497416045
3.563051380111343,1.807372885453216,4.499903698734055,1.9171095479439468
4.141887067612851,2.73707175530531,5.176636589765579,1.6550865427577006
4.60307680388123,1.2254123277516327,4.6612609928551345,3.5008052031457466
1.9302497585673297,2.1533683635297356,5.2518047329261135,-0.24462760189192703
4.913071604353611,1.2677595590135073,4.4494248272428845,3.8029467241772963
1.5290750687660424,2.9435099567251832,5.689716481644404,-1.652800450880706
4.901165955394085,1.9396055804683896,5.90526696137278,3.1355184921793224
1.2588396645935718,2.4760564435617747,4.415455335297463,-1.4701193822192717
4.460781947129128,2.7663876986015636,5.125487414620473,2.012734027441116
2.4634695731488905,1.7984254237616761,4.681840763867358,0.7203060967389538
2.4242058689413906,1.3170321510900251,5.102979407631224,1.145999423252374
4.288700427479747,1.7884532998744855,4.824359129150018,2.692063603485654
1.2208812304407974,2.80715900291879,4.8462941840865605,-1.9459751428181717
3.5586107107705636,1.2152382252253962,5.101318727139001,2.4128353144717845
1.9015092149113446,2.731305847181001,5.8427073442898125,-0.938675968698266
4.064865098951364,2.227902794802886,5.924713550854808,1.982464823294003
4.814980056518799,1.213809333914071,5.263202274044891,3.7009351342542565
3.7377381881247937,1.1184678581095346,4.351167125832637,2.7103430501119856
4.319095086284901,1.3212767160263046,4.376466755543851,3.144549166926493
2.4945176314265343,2.002194147861374,4.022132362677365,0.5676538877318712
1.2987755088561,2.50645617116039,4.431633844015761,-1.4644029985606704
1.787350552000838,2.836946984018824,4.22450205084271,-1.4165302152601582
2.994397947224655,2.081580333107962,4.683685794585429,1.0189828502423461
2.324813809642447,2.075331189407804,5.467233240340429,0.2696663351612682
2.4527625528175365,2.8130006866503017,4.5216368004990075,-0.4601201379780801
2.7497811968146393,2.1681953614819873,5.165600933436627,0.6407631031937516
4.603976796588093,1.9636716233587186,5.783682198760813,2.807046261360203
2.1048967443393374,1.475510349713081,5.351679526336236,0.6547644576670137
2.806774001996305,1.79946002552288,4.424957326107776,1.1026020768447458
2.6246211273145392,2.349965778989351,5.1877972615932615,0.3080750406129532
3.653696019108789,1.7212439569823768,5.101619734570092,2.0528204962607988
1.7496513792720374,2.298217500743869,5.268943067645111,-0.6096137401734082
3.365531799615055,1.561865115327955,4.097786981495821,1.9509352682896095
2.127249440822317,2.8272343806061464,5.700552564094364,-0.8061124328878911
2.074638437900491,1.8033898461285243,4.01859658697898,0.30352829092530936
2.941092716780897,1.910422173887697,4.074764578229742,1.166864826651215
4.435691881590877,1.0004661049574242,5.50625069887063,3.4933741426996
1.3698400538614206,2.034981584833025,4.741038265852246,-0.7364304661628036
2.6588857657699814,1.7267051859750457,4.127021781701134,1.0263283301815402
1.5864706681804397,2.0436203721675863,5.421076329129868,-0.49356349926507714
2.9229236750931404,2.8015117932765308,4.418557223932151,0.15700370064553745
4.064351004675098,2.3089766285965467,5.984122742645031,1.9027183548723379
3.842328945661118,2.741019582678499,5.308246007098946,1.286027209407782
3.0664613641412473,2.815465618547318,5.738725976321522,0.2880438537365677
2.2665435051635088,2.775144946206531,5.9781776985123996,-0.5742212342407556
4.808729340604204,1.1065097981099734,5.783913657838164,3.7718861795470855
4.31615724832957,1.1661052438312662,4.702522815844132,3.2516109109762037
2.5037183404018504,2.420814605879275,5.26056005302771,0.0933785008072865
3.153230251670605,1.361311986117824,5.794367660064163,1.8435172564428295
1.7476790754539082,2.152679891166673,4.401333585026316,-0.4643283816897738
1.2255437905796729,1.5455876804896358,4.991666318132679,-0.33658504435100745
3.1541362558965846,2.138752181849361,4.384501864003565,1.1631555220144354
1.6792638197379364,2.9477046282329904,5.538591135496295,-1.4982567243604596
4.272842284920591,1.8345716759632018,4.258915845217971,2.701785473363187
3.788938585282575,2.885456289086235,5.070587448952466,1.0987290013057636
1.5272370852031698,1.853269096131439,4.0671184826754665,-0.36626714392756016
1.2401654372097188,2.434860616604287,5.655162227805783,-1.3236678804265152
4.2340309602329835,2.857686583121133,4.627037904443211,1.749988615928557
4.366702608467965,2.420576059830382,4.071041523713608,2.4204545094258316
1.1284306058161224,1.469071023558377,4.1113671689587985,-0.36471829037260506
1.7580642292142827,2.243235112770497,5.2383704169373635,-0.5368899922327738
4.088094192011822,2.7033724207777325,4.723096564522207,1.6886985519077227
1.8844083376159722,2.1535944880846998,5.28770415539618,-0.29473953813327597
1.0994582203931973,2.0946661848334047,4.691565524047641,-1.112217512875733
4.101281844495775,1.2043652425945977,4.454822938543812,3.008964840601428
4.891969927628711,1.1853972566251703,4.503496674911769,3.8420565276740795
4.004853063719039,1.9563999007276418,5.686134407922577,2.181652127322118
4.933646390687073,1.3644241030100257,4.554144867631601,3.7410692587496057
1.2238264404749093,2.3331337140758346,5.005291272693686,-1.2538591555728453
3.1949308152327474,2.9916838090478044,5.034309140675753,0.2527087584810276
4.4271828628732655,2.487867545179581,4.846264131898186,2.2598142237642374
2.4320999089112165,2.7875790253772665,4.562916250102774,-0.44901190777058686
2.8289975041167983,1.855843380411469,5.157531670287554,1.0430183858255673
3.905575480698249,1.3812179433607388,5.530277983000266,2.6069754431338104
2.580538082315686,2.3513955174926746,5.686265669173662,0.25166835157220446
4.494643306300922,2.0803621709745874,5.537261698948845,2.6051320934782063
2.7325206819045267,1.7897844353108152,4.747942175133812,1.01782141524149
3.2344360287294944,1.5396753189554533,4.18953541763001,1.8222811462699036
4.042904954844818,2.653090227802273,5.209310737025005,1.6149549865562238
2.612915156604829,1.1162882300203063,5.586783752892082,1.527427629724633
1.2265168260531065,1.415462401202798,4.5504291277377575,-0.19880849432206907
3.5799535361439245,1.4636427614885095,4.404740004044869,2.2438086258006473
1.8520711605839968,1.7666862161238,5.499613895869553,0.09016376684022163
1.1351399743451998,2.844799976243515,5.909534425944244,-1.9505407472412362
3.6438887089135688,2.099896703737757,5.6746196159396245,1.6619728331694354
2.3491932857401427,2.0324562564155624,5.051620497671929,0.3459748720560882
1.2729638260348648,1.4565378332663297,4.337046415214909,-0.1948933443569396
4.8799257752631195,2.209008135011352,5.031626025127901,2.972723414457057
3.378627674608975,2.5868398246112836,4.854388622794622,0.9357131538558159
3.3013234693059643,1.740609342394311,5.559892985463307,1.6433212289411139
4.212329900513808,1.305284890022524,4.657942083620878,3.0283815783647308
4.465965915856961,2.8007009372318548,4.073731174012085,2.293178925587737
3.7065131349722775,2.814301295307386,5.570390560862592,1.0338640526033909
2.8311350727722537,2.6751661905417565,4.638940077242402,0.1909107347220873
1.8764599021712343,1.9062638782813066,5.195475046313337,-0.03203843107277994
2.8597265242313856,1.7358942206350167,4.3043146909589876,1.228136066837307
3.959792397028281,2.424328216052653,4.72250814811345,1.789218880711561
4.859438269795607,2.4766629970353393,5.780922697957323,2.6370393784121378
4.486856768580142,1.0660262609033246,5.179116596282507,3.4956821133701985
1.9382296537614883,1.8522686724828896,5.964853152787571,0.0904316103555136
2.0944206148238176,2.0589455846897167,4.9856750922100215,0.03895172058971352
3.7996308446453426,1.6627648341568604,5.503878523184216,2.2416079281762773
2.823332543428564,1.2251897344439198,4.317099524538666,1.6666701004546414
2.297126529211526,1.972607122157357,5.887775300086664,0.34442514676981884
1.7924238454518386,1.1614698290878753,5.8125946699424365,0.6439405444670384
2.643708771754421,1.7439011603307377,4.827154824288753,0.964980815058427
1.7134093983881487,2.268157334169749,4.514517071137768,-0.641603695076054
1.542146233096216,2.8671271286175553,5.20125708035945,-1.5880425517840326
4.905669813360318,2.5731310379861734,5.853093914265257,2.5969487310193946
3.068760581549471,2.933931144528363,5.0776202297862145,0.1651983584077927
4.540654171527809,2.597276685693428,4.379306661526828,2.4137018807198456
4.200998557494735,1.6013363221325874,4.682952910078692,2.766427747153726
1.3205338190083387,1.5826574221466048,5.674541401754867,-0.2729547973422353
3.820573395026986,1.3584209951058719,4.263791793590307,2.5975056291736722
3.966910862287916,1.6778871920387095,4.22724888990755,2.4938907188749613
2.3345344194372286,1.9843591810289585,5.393675806813237,0.3765878020109205
2.781129606681307,1.6799706585927117,5.244997562756087,1.16239840332514
4.346610214553493,2.321953596003419,4.027134192063419,2.4780303542479065
1.0888799507421791,2.213956677830372,4.098494478692441,-1.336918871098545
1.0588736145683924,2.094499298341872,4.933077255889403,-1.143845910406757
4.225454613197655,1.2387757129517516,4.982714787450307,3.0834929156064455
1.119897591788697,1.234907519370671,5.626829292687212,-0.11788396735295198
1.3517898669486041,1.1183270758259856,4.998605751478394,0.23953459392095636
1.5561232966237064,1.950356308881811,5.187153753638937,-0.4254524035919175
2.5037017314700147,2.7814477532861686,4.450500988165092,-0.3557902027760889
1.7700281008336067,1.4043066465663103,5.137481717169354,0.3802010429782041
3.9853265488325644,1.3733217784363325,4.372236186261077,2.7512460972820696
1.760149415683152,1.9007592174822352,4.871451612490212,-0.15271437249891145
3.28930032306285,2.5414084251979396,5.532442783297389,0.8419856460569286
3.0495795147126694,2.326101013895589,4.823505750213058,0.8258532593951586
2.295706857676128,1.9546263500696972,4.091877298625822,0.388239379306323
4.2180589661076855,1.380942036213586,5.979624117914021,2.9159415657990633
2.4911960943917766,2.073073498446898,5.087879334927415,0.45785225843023997
2.2748295066221105,1.6571696767665218,5.2162808277480615,0.6514065803452782
1.788196260764086,2.3792437933947714,4.774504267519347,-0.6817222990726642
1.230792879410425,2.552525042954156,5.392448170419109,-1.500479018863554
2.1599426838412445,1.1333615245981905,5.461140271987462,1.0494290952599397
1.2563216659227878,2.7959894389956608,4.1328141483580945,-2.0907713382011397
4.7400939078248765,1.8982345684246487,4.736014811703026,3.1019182902393947
2.452759261401912,2.2248659258933214,5.142461686334446,0.2527755934494417
1.5759777672314401,2.7633730345263334,5.021834818225289,-1.4220545557776696
3.780942426142722,1.8948916668239038,5.630066492968092,2.002900564979675
1.7556090270721767,1.715518096271532,4.195934600815359,0.04393042799265817
3.4945819768270194,1.6274339258065689,5.390118767739234,1.9585529947688354
1.266364479002652,1.8507129993935634,4.467706025695866,-0.6420236744912056
1.5651852263202013,2.859228709179124,4.581119637956426,-1.6562315370871676
4.333910548897182,2.072664236677852,4.385959570244502,2.5658245737251812
4.5782112602414315,1.5848746085512522,5.528675195179963,3.1244672569011325
1.6080817048650315,2.708964568363511,5.57231127341659,-1.2597689092515374
2.633993415644806,2.778060383588893,4.885713673600579,-0.1751344150181974
3.9395077780637164,1.1854461354074315,4.194228840821623,2.87112663438728
1.647368646240157,2.3237429318617258,5.768751767170983,-0.7389797841751987
2.3866521791657482,1.1719302592799203,4.405682911772584,1.2601217587602642
2.5418840653520465,2.9602930873055433,4.489442060813066,-0.556542194604474
1.7867873468955922,1.8013962161465102,4.9797857247043895,-0.01567007230622755
4.6136468754976665,1.3302487746373886,4.15352081975232,3.4659633878162444
3.0798186513566796,2.8434599499145614,5.461147592187682,0.2768452274357673
4.8012404439608645,1.005599497687616,5.464172390118713,3.861598309362954
2.1841857756658856,1.194631110490444,5.2602928646494505,1.0161048553791463
1.3440495514098698,1.2238378914416477,5.466121861263748,0.12334293639270304
3.643815846323214,2.5739182558496982,4.162155960898126,1.3614427275359349
1.3278292432487642,2.5498310741990893,4.939995469568455,-1.4267524956389526
1.7571411674860586,2.5249254464112383,4.929502478731216,-0.893955287255015
4.392190807649515,1.8079375939671758,5.06085570340926,2.7668284390727678
4.8839713506884905,2.3088792236464624,5.761899463718658,2.81061374674205
1.370563125487093,2.167614330628263,5.337787394622788,-0.8722059346225242
2.3624750850531515,1.957321634231886,5.8642457393904,0.42980090000033905
1.9802068863659863,1.643765804437431,5.097845301999591,0.35542474508909727
1.402718858509886,2.935437643083593,5.143250993170675,-1.8665885008944
2.3440546719477755,2.78653163216397,5.465810697466897,-0.5143368670409918
2.7935448895448456,1.8024105360844749,5.709796261500793,1.0445427789781303
4.882825504430141,1.6817244558051043,4.62099768105498,3.4367747932082917
3.0496250206983393,1.9038005588396503,4.6269602425380425,1.257174068676786
3.5299988435261183,2.88668533051331,4.984544860861859,0.7891120472864807
1.9668519090552259,2.7392815896289786,5.47643909893231,-0.8920403261475568
1.1423504305952963,1.3998698401655623,5.836823375999597,-0.2652613638085051
1.7999701650738271,1.1452137255427874,5.817121187293857,0.6678259931069755
1.2718864259433609,2.0674743607079398,4.99508116790182,-0.873963763527854
3.6805881722541125,2.4952082467363406,5.348282721469485,1.3401724025912338
2.8354611435611736,1.8741048978202204,4.418128739739507,1.061597067544424
1.2808605187785367,2.0929323500001935,4.927501149137946,-0.8970067564055242
2.4601058234870825,1.223019775159287,5.4862777212462035,1.2690197102099543
3.6063749752646714,1.2807938941117458,5.514828973907326,2.3909564946462285
2.7649380027537984,1.7497557529941932,4.79463502002261,1.0903851254483123
4.933058911066002,1.7937152196454969,5.169775630134974,3.3472792868212577
1.2011669910161165,1.9792765961535947,5.3753321774576435,-0.8369102776467371
1.3626640520899698,2.330635885840969,5.013704382747227,-1.0932743750746134
2.84561118402323,1.3764880838968023,4.419430311435866,1.5460249309138836
4.2029931749818505,1.4627828158121765,5.567739153181623,2.8399763827112574
3.9883858876805665,1.856180857770517,4.677321490369982,2.322954971180419
2.5002897238474464,2.9102665384621265,5.82745331467993,-0.47321327949909964
1.426043393665131,1.5702410454848572,5.155083732568792,-0.1513917571764297
4.703505035622921,1.6462625412755285,4.9975012339288565,3.237971527071914
2.0927065551826507,1.7372523974541194,4.757992581699408,0.3818149284259814
3.3083650016591544,2.405707737467453,5.8933499266075335,0.9887915762126864
2.552737535086482,1.9287297203462657,4.862209185517429,0.6797781955618841
3.965286762903317,1.4275560595155363,4.3658365609958825,2.6853438281803093
1.1079921173672687,2.1720702358094246,4.483339866280247,-1.2163609182054211
1.9270528035954628,1.903339107973256,4.507520354463228,0.026160329265838573
2.084118921975333,1.2073735897755835,4.784304729669865,0.9060721084601745
3.5705547902971544,2.490380303977021,4.046716989013239,1.3704162385530219
3.674874106375608,1.5921385520846174,4.652435092931141,2.216569240671967
3.452982485607628,1.1799856304228096,5.704636874607165,2.323240760924988
4.024030400983109,1.532067486488752,5.380327307922724,2.5995837337743555
1.0102697302907346,2.7792970543860047,5.175254379841137,-2.0970986281136605
2.5990284796874215,2.945443730726443,4.360652488728359,-0.46978109327740525
4.02354846072747,2.3868917147069197,5.949671539002415,1.7867450121086665
2.976645546629938,1.2266073221693212,5.494999759465961,1.7953390642685823
2.743490307571097,1.2609804859141212,5.972662141253286,1.5166977182908572
4.066334908532561,2.9942323492118748,5.585513262895211,1.2700036420293668
1.1120822558222558,1.9124220551393045,4.072722696278008,-0.9064937798981558
1.9766214720699327,1.3719023383104416,5.067288156783902,0.6281795314365928
3.6474894848758583,1.227253216138336,5.301413685633176,2.4878153255707987
4.31268281719503,2.731004220490419,5.226320379662006,1.8551026253517473
1.9248562242148588,1.2727046705180278,5.600438752872826,0.6696727054044206
4.0288799067318735,1.3265829595249157,4.11179666859184,2.8549642783481217
4.4396793159402055,1.2240740175795295,4.654897429141603,3.3329054490141026
2.8658011875835103,2.328647702666305,5.842233220444966,0.5856896947798302
1.574645878562995,1.0496028726462192,4.599368589089231,0.5392728510156909
1.2026611919490602,1.611890593392145,5.709214544928612,-0.42658415384549714
1.9660532418448424,2.561725547930477,4.706665762921666,-0.7100583221104287
1.2593987662074437,1.566996535893886,5.37487812413376,-0.3215671686765733
1.568028888788267,2.852006774482471,5.103010709561543,-1.5483720645064083
1.503220319093884,2.653787299437941,5.0183237603566795,-1.355626765070429
3.1574281970708635,2.155842345930953,5.516436658169171,1.0881194637969207
3.2896475315994835,1.210354904934377,5.195158151755727,2.138129397751001
1.4729200488430547,2.734005634000921,4.486474334073227,-1.5905289575989474
2.3462382244065685,1.1749965109709035,4.162660113948963,1.220889387912304
4.571118356946549,1.845309755153439,5.825990939122154,2.8737697001107128
3.0934216452738097,2.5581280064257435,4.080162475117712,0.6871145889775199
2.398690854105131,2.6432098420273666,5.548124105683497,-0.27810883214637133
4.7522122735514305,2.132322662226153,4.354463752563499,3.004810292555805
4.178079108093176,2.1358340787377568,4.158342787541265,2.3802000681374937
3.577081380116238,1.3668021612127679,5.495599978135185,2.2819827818600915
3.562271534878999,1.2082860369422612,5.1126093705904925,2.4226138988575694
1.833070911711948,2.9279504325631476,4.09370782936979,-1.5666040386666398
1.908238609211458,2.008677587810419,5.824938512735356,-0.10700238563073475
4.15091691494833,1.1759371602804014,5.5557802379487695,3.0439454132709027
1.100744621453349,2.1549338350041243,5.180735992012673,-1.1592307094694159
3.953107060934922,1.27893021241482,5.845418255602767,2.740576799993613
1.1665276188756906,2.051291926254163,4.29242157885257,-1.007220815115779
3.1326189721248827,1.5653734687485608,5.595600110930558,1.6324238529790482
2.421103380668838,2.1254352443157876,4.606639304483705,0.3332598793460205
3.9672805317121362,1.7033785823580185,5.206625216161915,2.3957386043983755
3.6037099530690226,1.5759785142733007,4.769425117873187,2.1484092491189104
2.710872737689802,1.4204540768993,5.417416459472838,1.3372031478399429
3.1652190858950227,1.1850671620914524,5.115915674066541,2.035516314272112
3.1749282281634676,2.517316273938204,5.916364598464948,0.7266702455531185
4.247360603197678,1.8990108556734993,4.736682758005158,2.5633790124376654
1.736350554493531,1.2812826516647926,5.787073036652203,0.4666491491685434
1.768083697893427,2.9891453527387117,5.702821171507266,-1.4338025274570132
4.248428942783005,1.0432022961189407,4.536220686825271,3.2935013042322634
2.104368513388334,2.4842545487863763,5.955393524682126,-0.4179897421154724
4.3369709164651855,2.0341207441088196,5.519032019750828,2.4772429410920225
2.1064300153982156,2.3623295493413625,4.389224436118903,-0.30362658675648996
2.777125438792829,1.6714206478137419,4.15690174597168,1.2076245551004674
3.810356944434104,1.5945325783388493,4.947668163790262,2.340714295750366
3.194961671436926,1.908031504939,4.2887346151638255,1.43697423742093
2.5885642801070747,2.1203490742241464,5.850058350779727,0.5023749320647659
4.152532649242737,2.4961463719875017,5.5773526508803055,1.8522450532781236
4.611986688510059,1.8555762514227536,5.414817320714684,2.9340670380014497
1.8601854824999426,2.978933806278193,4.3847704496886095,-1.524627192495237
2.440533643663301,1.2304932099013062,5.266964021736354,1.244479111430574
3.3477513015854576,1.7764904161101518,5.513402292528733,1.6597817516074804
3.1175084731571645,1.2776788090391822,5.121881306253213,1.899892100630739
4.6672462098603145,1.832661352135533,5.747122239572854,2.9907183481779733
4.867918607053783,1.7451556729226054,5.369343357347597,3.3020427415683806
3.56975762474577,1.1074246719521001,5.185201154805407,2.5204885193965914
1.5631332121504382,2.0545613199429473,4.49655927084325,-0.552471489101162
4.483933269351942,1.519357843842975,5.435771777310563,3.087641084585241
1.9837828517522693,1.8068556565389033,5.827764617992052,0.18609759234254147
3.6163159649792913,1.6597348879245153,4.983262340142582,2.075056513307614
1.4957354899558095,1.7532985547284003,5.292241716260795,-0.2729790458317876
1.1260300048647869,1.7396620082826517,5.993716894068611,-0.6412362097778931
4.41077962599517,2.787406887848637,5.7644475924487075,1.8546134545053827
3.5190559172710203,1.6867841081490387,4.575931757012963,1.9710753012415785
3.7524479625675915,2.5010446275109572,4.638066179217441,1.485962114123326
3.312164547158837,2.287651067862324,4.6965124524060675,1.1730865368038927
1.796871832947427,2.9859922944861834,5.246386330766002,-1.4462100506690427
4.655862596085328,1.5136313650498565,5.425457121888142,3.272152324042811
1.5587502033838643,1.7940408604113842,4.017489918002479,-0.26296661446121333
1.1637841432462213,1.5556037514046162,5.448217326449868,-0.4088390976679808
3.7567120148751845,1.6909479658446156,5.041552808725564,2.192780819446099
3.594367434304369,1.221577507748214,4.913830407012826,2.4496949795567673
4.1009160261665025,1.086279883863002,4.347317634087238,3.1133979012439297
1.747091000056979,1.8968777329684992,5.206987458740232,-0.16083898696196572
4.662241908493711,2.915378325104554,5.867743111727872,2.012892730558791
2.2292349100939757,2.732525543964373,5.498710167433403,-0.5799713984768379
3.9438586781496343,2.632579713091956,5.76841407147686,1.4737018655449068
2.8574782412666506,1.8176791555516765,5.1606900410164,1.1109930447499883
3.2079777514474213,1.0907597224601726,4.023639420880756,2.1995822375638427
4.864573380331199,1.499163818934552,5.857083460914296,3.4813811071258343
1.0375531923849945,1.3349692218323423,4.224834197071698,-0.31347690291127894
4.3100323330396595,2.554609346701131,5.2733294832207,2.006599615545456
4.399438356624972,1.8329325059909982,4.643422600452585,2.7933420116158207
3.5245378635633453,1.2296360765645453,4.463455101807073,2.387279942031877
3.038843216437166,1.9653182115728005,5.5948779947436655,1.1465929699271742
1.629334117162644,2.3134236457186828,5.44853313529093,-0.7555802069002493
3.259159614966675,2.875683024476576,4.8414270201309355,0.4766739532171034
2.054033018582023,2.1297498708745874,4.13723040424218,-0.08831763351918309
2.0282626595831794,2.0499783737554425,5.920650548418206,-0.023147497977832932
1.5791642582067378,2.2945846415966398,5.230790480716957,-0.7961067545855172
4.406022206314368,1.1009415143642478,4.975280147574831,3.389097117619832
1.2316343062309407,1.389301043216265,5.95150272733118,-0.16214653369811313
2.9359193706383313,1.112957722520427,4.4592844956548285,1.8825371064718381
3.1521738397521215,2.3598146935871918,5.616825344661896,0.8731591483035012
3.331602655288097,1.3664477294725468,4.9781003613040165,2.0436527726926546
3.5801184798299164,2.8734914356545183,5.788321664854871,0.8140140024422404
3.187820057791991,1.0074244295317256,4.680983568870958,2.232716244452156
3.722558015189134,2.6263426874553595,4.341333791475418,1.3767152539052752
4.379712862156669,1.4136436772811185,4.393865083392408,3.1326277639881632
3.1585697355889852,1.8926715274387858,4.370844068122194,1.4043949089578194
4.895132414222126,2.3898547210452934,5.085810310501756,2.8381460860119163
2.8893542566936237,1.7323230377568979,4.085924099195147,1.2775351678961713
2.163984614340928,2.1299734666450956,5.2876971046070524,0.03715925743886242
4.236737101798958,1.2360270081154539,4.72175010376322,3.1091270545412693
4.731983175042371,1.6170187569291306,4.391412110314475,3.350369707881632
3.8279967992754997,1.225428572980853,4.413994160197064,2.7090615662649133
1.4993656866023275,2.905133212399389,4.961782464126371,-1.7340789365374858
3.366570941068111,1.3044905435346295,4.60308705320059,2.150232724521784
4.926244263693469,1.8006572642855427,4.47590980113341,3.4140465528697703
3.620675760749901,2.591262258914045,5.342114064707867,1.177173269362785
1.312566788048346,2.404768704540368,5.063439037719947,-1.241103727579158
2.6835114746295843,2.1180676637845703,5.006100060225255,0.6240521483607826
4.629165853500887,2.6055634802236254,5.022141629360897,2.3671008789756742
3.940095599072814,2.899766807040665,4.361245948138552,1.3927920739075668
3.234048550926095,1.828076257670698,5.965172594324786,1.477041464027962
4.893949907429432,2.9390743866263165,5.343105938940972,2.3408332126820905
3.4787223157380858,1.5393449477999046,4.805139112876786,2.047272858591799
4.958503701924387,2.4574326731682747,4.469236512600334,2.9943621482827574
3.1638455835393664,1.548352179466442,5.279986842428434,1.6897829840237393
2.3090302022355536,1.024891625383028,4.070703840199531,1.3268821949775953
3.025187120300435,1.6030269625454814,5.791931403377608,1.4799731079192102
3.7488226785431964,1.6654203450299014,4.549942205926087,2.2387668922205335
1.1506812121893675,2.946882790431402,5.743561827821834,-2.092637783428943
4.661299243864811,2.0116541340158314,4.420322389906879,2.97564374250139
2.4690292822940902,2.170192960824431,5.121603852039323,0.32991893998748845
4.642127642121066,2.279307064546911,4.669813548953966,2.707200349692277
1.9140020062610836,1.9684200033962433,4.864537839541303,-0.059507493059298824
4.898356397051801,1.9327926319358755,5.548850770333905,3.1636913513987204
2.265788428164583,1.1718596960482486,4.197096682082869,1.1392351188820922
2.272411820949195,2.252397610114199,5.211458170105907,0.022194183904052388
1.8444303403722921,1.6460445896846738,4.202694135209183,0.21561131493999286
4.594932174995728,1.1591978954719877,5.952759509908336,3.5027905960531767
1.5154392459333783,2.869016189113758,5.491517155417593,-1.5874515255848787
4.6422598644173245,2.514655987595284,4.798545905767626,2.4980956415889213
4.204598850383255,1.540871177809892,5.952113423131341,2.757738911292961
2.3466579445119344,2.7277540296397382,4.088972706916233,-0.5115602690513923
1.7175731336581528,1.0058293868247106,4.646315155119812,0.7290310504859675
2.319606318116855,2.4302052693116165,4.709475830114371,-0.12911783440573232
3.6772897554921147,2.754980171522443,4.509715515403117,1.16496088229036
3.8644498614694305,2.9335692116493224,5.824769429818508,1.0775136756796198
4.994773720828718,2.485625341366715,4.0741954510227965,3.1667882358078705
3.1089233423781226,1.770904847469439,4.820823020441769,1.438598410236692
2.6275772964524537,1.7897012198507103,5.974512465869933,0.8782043526306165
1.1283499907172443,1.771857076052545,4.512655509711544,-0.6996988586672387
3.897839072463716,2.895947059129372,5.564714538986593,1.1732924453700238
4.223284667704862,1.357360100607624,4.683318739039944,2.9944507609959676
2.6914894127352653,2.5729712200425965,4.141839075328999,0.1512405280658596
1.1988894817793865,1.8962748984325513,4.220515171751966,-0.7806134470683397
1.3099281333980377,2.507434131501319,4.62912014867451,-1.4245946421591602
2.5421638368099964,1.3878702356223132,5.06291816210215,1.200270946957064
1.8921933666355497,2.024507809849694,4.281267986558322,-0.15016464703720872
1.8653001057988248,1.2016469629328395,4.687312666503793,0.6865986169254787
2.411661441417003,2.6898777349237872,5.830837732094882,-0.3135770584021662
2.6628523545655978,2.4721319014861085,5.396685312824696,0.21455560139009822
4.0036575213188215,1.3537432997902659,5.129003513871153,2.7473363777113544
2.6921612882955372,2.1579771660433567,4.947494127832596,0.5936292812523772
1.1545421499562871,2.945813835193854,4.6687950433444,-2.3088844526258128
3.2744681982197035,1.6609197081311502,4.582243028954828,1.7312827419143415
3.158549603818309,1.1346117691963526,4.766357297403578,2.083840093644039
1.7458497503860615,1.013859311048695,4.792284239355295,0.7489428761840751
2.5772651395692843,1.435074601326961,5.091482260426413,1.190456210713935
2.3205860972209305,2.193082572321501,5.200128664274168,0.14062083763818525
3.3810511253813855,1.1779211854260896,4.9875048163565765,2.2672694683019685
4.474957848026081,2.9964785879988574,5.42340863409766,1.7738046881134013
2.8522628860445813,2.0960584813382974,5.076211170173684,0.830292893226238
4.3336815954954755,2.7246252787867427,5.142896223431949,1.8971757174255905
3.7499299898615805,2.058145828022958,4.4427872461069144,1.9089786988318735
2.590347792284403,2.0579439385637075,5.362929684098838,0.5765420393771248
1.6687186864933898,1.9570161689598806,4.413941921530891,-0.3216392746709893
4.159111878692241,2.9157753527010613,4.02990667710975,1.801183832653084
2.8123650807146907,1.4561821317719823,5.632911531706158,1.403904878941555
3.525631076430503,2.507033903582091,4.699387338085245,1.2042831281165478
2.8096133869053443,2.344071858796575,4.091527567673363,0.567997362256658
3.683812404984196,1.4353199798055634,4.524994266942031,2.3709289192622514
2.059085515698956,1.2734918986298769,4.549082010985863,0.818312964576775
4.370511338246875,2.8757653726745294,4.257376715171132,2.0271042676890074
3.7265940101468593,1.5375132492779136,4.390212024484415,2.337089194106808
4.742415439385541,2.2588682673509695,5.8441919671870775,2.6928252238741925
2.9145630652920915,1.6282646874244766,4.717438175887214,1.3705248784073174
4.406246648799889,2.374834545036013,5.697066896104797,2.2348399598465507
1.4476310336757168,1.2478316058737737,5.191053647540601,0.20583479825940287
1.6711824625269394,2.0187795111548086,5.058417718271416,-0.3790959751049494
4.169872439860963,2.681858986595265,5.31217465181247,1.7238214539699621
2.91185584321069,1.809707078224642,4.294294374954772,1.2153394240174331
2.1712897869216055,2.9900993084477028,5.781882707522973,-0.9566706160660419
3.1665676849702162,2.205950854697451,5.249768540251776,1.0586106334588656
4.783479355840939,1.7871600082976853,4.73151909079248,3.236037214377441
1.3269141838922645,1.8105974034207486,5.768662605873349,-0.5094262086173247
2.4263998084358818,2.0829094859997124,4.044113214180618,0.40072986582895637
1.4484285615717716,1.3127587711159547,5.866715013390744,0.13919941580786252
1.7406999067900482,1.9702215990531735,4.530691425450668,-0.2548832010497201
2.568258616317004,1.1139718931270424,4.849165271741367,1.4942493665159209
3.9434340544461244,2.184184950303888,4.962815359963318,1.9591972547758265
3.8255799882277626,1.355464691245705,4.331500724536972,2.6007357666469724
4.177275752976518,1.4952476328859925,4.123590228271934,2.877892663123767
1.147534963322029,2.276585785382954,4.286577173119632,-1.3325099054883014
2.2909358889130917,1.4715330388563,5.1078238946999575,0.8556819182461664
3.788493492432173,1.9741863254211287,4.230014441218118,2.05143018771991
3.1167874412974967,1.852290913720896,4.90474085676888,1.365624977588016
2.428945637535346,1.9003112454717415,4.575593536504973,0.5811226693128418
2.04628105030355,2.4268117600539525,5.195221122426598,-0.43037118354418114
4.357409079492364,1.4876271703152475,4.1845096371719315,3.0703586418896194
3.952167162060593,1.2886640657802373,5.630343496935218,2.736133714380401
1.3365444543568703,1.054476107988152,5.538777280720166,0.2873233920085483
3.011662363158981,1.4072905300501257,5.7533939569010375,1.6546336178084236
2.436351706076528,2.5043589522092953,5.81809964098376,-0.07534444913246956
3.1218566837739132,2.044997494389587,5.184912839776935,1.1718579032978511
3.9204507188029263,1.3968591354347444,5.379000962939654,2.6132449221716154
3.4344100947493668,2.7521465782734587,5.21782683064331,0.8030544542144563
1.9619481086672579,2.6099519185259905,5.159745641999015,-0.751192548555241
3.4584840130774337,2.0455622474401505,4.76371004539942,1.5645035399336007
2.699966823790202,2.196523840313573,4.736024841052371,0.5682554452072873
4.954286817214602,2.3951195434063557,4.2958503512121595,3.0827831216567514
4.203545794804666,1.1461322827580553,5.993994762065766,3.114887918360084
2.0897029208752684,1.040953951511086,5.015050377510441,1.0720981789439878
1.9402547091909348,1.1435861025871605,5.910048121870857,0.8120152488919002
3.602441307518057,1.9449370511528956,4.476364339129789,1.8402881249519265
4.97980301072172,2.797467083537658,4.538055934254687,2.771582472254955
2.4578802668706845,1.1354623471423475,4.789113904722073,1.3612305326348382
1.6409051458560606,1.5575521362812375,5.32694072064039,0.08716210635196216
3.9264524707098993,1.0825683682062726,5.308767349899495,2.9049241772358263
4.4495271221033805,2.702697785970793,4.395355395987096,2.215084458182152
3.7203577708474938,2.2041838204795208,5.252592483412622,1.67036194657554
4.413444047022675,2.01143291697164,5.913759013426387,2.554300362273016
1.9705041749975578,2.1102078551008745,4.589312091937081,-0.15732082057326952
2.559478845281464,1.7744897708355087,5.533364972503698,0.8287604587592016
2.9303621343910984,1.200960412813413,4.20687802017241,1.8044938926210898
1.8012585210153609,2.4116119338666646,5.904078520077422,-0.6686798167801988
4.354437915770534,1.5266891184373583,4.397983780632657,3.0152503667790524
4.829016921666172,2.1650501322817095,5.332307838810358,2.9150646813222916
1.4441835555952456,2.8715366993745173,4.242957220312837,-1.9388435259666366
2.74132114112047,2.212614378696509,5.997190759604613,0.5688367763107307
1.6460598463470175,2.4886886866738216,5.484184985031322,-0.9455980758420296
4.675412173825613,2.2336736310121643,4.52724823314446,2.807204637594904
1.2479208842820264,1.0737134295482416,4.940202879927033,0.1784737772422651
3.343150034947175,2.2092524703298033,4.483262960046268,1.303098103369699
1.5935598709905094,1.0163525371700715,4.366408531509337,0.5935094290830784
4.922945017990148,1.6722635768953293,4.904264426613157,3.457914255674221
3.36129488162702,1.2113810472778521,5.013659943832848,2.2155565332189116
1.6167789608345329,2.398667665430437,5.030603385810581,-0.8895170502911389
3.7609205193969193,1.3722941149599344,4.100197911404731,2.53481317072507
4.3021317192724915,1.0882639658482938,5.145186175753512,3.2882627368288855
2.0276309249185616,2.0569406090662445,5.803392613550104,-0.03134458510346598
4.442635417066102,2.697463350208939,4.720612738834276,2.1265569080098987
1.910545502569755,2.8088234665472873,5.279533523360198,-1.0608775296213224
2.7305778819345536,2.600955072397027,5.192597194815351,0.1497651699469368
1.764339204258437,1.6421549790707575,4.560491449930391,0.13096962706351217
1.9655436099636532,2.266968736246495,4.733976590549604,-0.3433538713106602
2.30455508327142,1.508145610449471,4.018739105182254,0.8592070413141909
4.688608621201177,2.3716633864242374,5.725192742272357,2.545637812005231
1.2984714014926237,1.3137452379028496,4.862378613794224,-0.015863840792981625
1.1464329725450373,1.7339038404332359,4.909759114323384,-0.6279316488688842
2.8183444498608536,1.8813684979167271,4.636995262539392,1.0251457209268222
2.637584194813107,1.4704458358870622,4.886493798082546,1.2238654398333242
2.6777886739520587,1.376834101578306,4.443086803098293,1.3683097345910074
2.046654680155915,1.1889041764609738,4.489864235595464,0.889502098627495
1.7433743711400345,1.6051211397545904,5.906107077188049,0.1436604151741807
3.7098876842357202,1.8047237566637562,4.762770712586205,2.0586837413379584
3.5780149361238243,1.702520832177266,5.0258444728971154,1.9933504034167089
2.4845176404737153,2.755599184367057,4.827509560204051,-0.3301520272136797
2.110223247433525,2.7536505984959305,5.904823331775495,-0.7273603862639333
3.555506277790054,1.6596814820146903,4.183270635817921,2.065326281379439
3.7824740688463008,2.5880516202367616,5.099921665936283,1.386171439095009
3.1490621188759382,1.2275296060242407,4.592020302231286,1.9941010968514663
4.1483360572684145,1.6585145537605865,5.974959575653573,2.5916655681472816
3.711482195755432,2.8823249758859983,5.390196035729651,0.981227939079933
4.088148079410028,1.7653367022522335,4.398295340399812,2.536050880147919
4.946543118804373,1.4459157766122497,4.512228527921735,3.695500235509671
3.614676212879188,1.4225898162464619,5.203668248973794,2.278899914002428
2.3650369561308207,1.0294167815822928,4.045808988047003,1.3810733886266087
1.4356497593288977,2.911906566832294,5.550269466891883,-1.7340742473399864
2.556386646967436,1.4280546815309973,5.2662004214556655,1.1722558680173851
4.285936008487711,1.7016724979850826,5.152073237542309,2.737915623142534
3.3826732558445975,2.6394317655037955,4.345630085756565,0.9355840675849731
3.6951376032037255,1.511001839010024,5.002290771422862,2.291159756322448
4.217109116158742,2.263307165566544,5.587829566615591,2.1369422607789588
3.5341525522144446,1.4726079712342472,5.804448065122925,2.1312755006566335
3.313952522428402,2.8297791119621083,4.113812374736854,0.6670604583837746
3.878785547497814,1.0365876832027012,4.678165678984308,2.914649613416792
4.2158438103675255,1.3950983223761158,5.899124969998741,2.903096659875664
2.8388167593228335,2.178182153048424,4.340983573525934,0.7637392816083719
2.00921079053773,2.357973935377572,5.626787898317581,-0.384118340816156
3.897807732289253,2.749834340901947,4.272196004795779,1.5000050488237686
3.18595205912498,1.175819076643646,5.556052523584279,2.0567172554922024
1.839293733800305,2.5824764176145867,5.20385143153569,-0.8560311142259585
4.115908658755114,2.2055897715753114,5.457033675828528,2.088505524714263
3.1644935813314814,2.9863975329733403,4.0007215308454445,0.26764256574424417
3.0084611158322256,2.7996521883231447,4.208972848566423,0.27964294345249524
4.854757488702576,1.5422905711882984,4.349241596967708,3.5426931556070036
3.39208318862602,2.8363949513820987,5.962723920044525,0.6317408719598038
2.4317441423991637,1.78219499366913,4.626951986811592,0.7038567961480109
3.3305364138955222,1.9171755984657326,5.040279213500591,1.5282318563102408
3.482442998608517,2.4078315773155508,5.186891717223781,1.2132594520195077
4.004497193050562,2.4047694550955465,5.355995390068948,1.7903287184436363
1.6874031946931725,2.658781127299762,4.922308487729481,-1.1542459828732134
4.638598962297679,2.6138779438184305,4.096864560075658,2.629437756027999
2.039404154977837,2.0522881528569323,5.205993426127424,-0.014019315249321748
1.8134217450017296,1.37841992578009,4.572340121344952,0.45622738727437334
4.565343091468687,1.1620605878318375,4.073110926501114,3.5508630585734995
3.6308179823231934,2.72235438187736,5.366709200378336,1.0541601766768325
4.688216879763697,2.510451256956874,4.695172122952297,2.577085919965163
4.820475397410784,1.829265642177295,4.354951327624256,3.2960831841030074
1.423690816096458,1.6319080040434901,4.559748309444515,-0.22298740554691432
1.5101553592400903,2.8035141749177206,4.01074211069942,-1.8085890432343126
4.628303413100938,2.255300946266403,5.81332188960865,2.5746523951353364
2.2183727800272393,2.0555117301335644,5.373596171242319,0.17626667240962537
1.9615634938424393,1.3177706760056007,4.835779279852403,0.6691157975357368
2.810225363695084,1.309066064325542,4.364620420953308,1.5736044941695513
1.966345528108835,2.732431487320489,4.9001190153062515,-0.9228921423822716
4.82691248126803,1.6867912947938153,4.505786635541267,3.386367693688917
4.310548437548665,2.788394654762126,5.879333269411729,1.7289752830671816
1.662919575749073,2.461681998957407,4.381223387886591,-0.9655927920159857
4.117910977624922,2.740783035867606,4.473528357610232,1.742447394506198
3.1891452944500642,1.7638505575855992,5.2274397144539,1.51409059492283
3.909207037411746,1.5128183461813898,5.870958460976636,2.480141128556629
3.040036637816571,2.2281107149433277,4.165209718201506,0.9609795280398791
4.8163813211261335,1.7768881407618224,4.661017318444324,3.287776132845364
2.4576443938798183,2.983821669064204,5.841368390560165,-0.6120515192847942
1.1835478428364326,1.9528254505168359,5.508725090589293,-0.8227064471901238
1.9188107798623553,2.733624243596034,5.39638120663066,-0.945038789801781
2.1844869556966944,1.176268412919985,4.051704958895642,1.0535955216455661
4.6734489206169805,1.277846970700839,5.916213600702183,3.477691372776237
1.4806453470441996,2.1120478405159906,4.785783620217812,-0.7036291421756374
3.435540084099667,2.512227305135995,4.286933977940456,1.1394746786743326
3.4787867672193307,2.6296181651513963,4.564122642791118,1.0389364205259668
1.7737603028774775,1.7303338420689032,5.450164418461925,0.045795749372114496
2.0080185596343973,1.0588183036446692,4.180944241946866,0.981185701248727
2.247014565208993,1.0447867525445438,4.563508213287797,1.235030659093227
4.782737585060307,2.054831866237171,5.1226355199029605,2.9779912594802727
3.100310359952219,2.5998075782421344,4.310366033848064,0.6274905762311177
1.595545817433015,2.7260158913933674,5.560127843009793,-1.2970571601055074
1.946342588933188,1.7699196497777405,4.959572156131852,0.18885846082545765
3.4369745640604714,2.1088805485302426,4.829975359278984,1.4762433807865845
4.213023661336354,2.2637696107175005,5.819969556034148,2.115874608285307
3.3202104144229767,1.453330323114407,5.640460074204761,1.9321176517237892
3.782357879533664,1.649311392338017,4.744247696028765,2.2749427744425734
4.241822218299209,1.9704874082630928,4.926582737054674,2.4781945557261014
1.811023180465754,1.5315702338795274,5.57732110782656,0.29062557940157935
2.9142659773893587,2.912788696030149,4.46653991732258,0.0019486564108444054
1.609178203614336,2.0188152280623513,4.782880504407087,-0.4518621721519056
1.6753369850474344,1.5442722699238531,5.73431133892102,0.13609262248682266
3.2357620477332034,2.0939528168205834,5.765743791775762,1.2254822454310803
1.7903266673364837,2.8948187956855373,4.713978292568514,-1.399448152415615
4.086086209003147,1.0147962002840927,5.4945107533437625,3.125052429364173
3.2000246407087194,1.1050906618213652,4.009613589830405,2.1793410252474343
2.96387322416423,2.7994180896499934,4.2133525403169525,0.220047166671109
1.6851069398748164,2.3872242022975767,4.639685180204552,-0.8188179402201737
4.007687849032078,2.064701646018997,5.326002786667741,2.1078161981938983
1.8982360267665883,2.4498225846601827,5.512373295623955,-0.6157355390444179
2.881303982411762,1.6149121821553156,5.567510045880055,1.3232817328389075
4.076326056519928,1.3128629689402964,5.089918993941792,2.860246538942933
1.6031364782568938,1.1889621576000247,4.948169233366374,0.4266746862537737
1.7240599757784598,2.4264196607442576,4.191641835804195,-0.8613480110331972
2.2276867705182197,1.2616161281709068,4.526837910405248,1.0059263667987963
4.438418344983324,2.0208564334806804,4.911368764085462,2.6525061781172674
3.0859593098263325,1.9145716484084556,5.984424287663158,1.236367938750305
2.9909536944831663,1.2082177127074312,5.978504804952191,1.8202955849952236
1.378923686366305,1.6575659529465914,5.626060010023368,-0.29158465811944495
2.406224156692813,1.9176043049184848,5.1171744387345255,0.5270238763873016
2.5878290347068864,2.2991906472256685,4.666190353119033,0.33169964036209393
4.484717052420854,1.6570951917414878,5.547559289291726,2.9628932061622915
3.835489789142807,2.4688030084745893,4.113182314007857,1.7087066019412651
2.227053958148489,2.615050369797963,5.130929128758091,-0.450962780159457
3.6281682096513372,2.170979098641366,4.463651107918395,1.6677341949890023
4.927772633019986,2.03763896231354,4.979552547099477,3.1674635715809343
1.947080602319292,1.9812104290104946,4.803161762669977,-0.037465514726343324
1.7741346520165724,1.9949769590490813,5.144511591619893,-0.2395905478592209
2.1773504033168316,1.9471610749863282,5.040257605365596,0.24956449490111035
2.650371292170708,1.584169175370458,5.2538209516396375,1.1182480420531569
1.1116828900776046,2.890454004229931,5.775109704155898,-2.0546360529457637
2.6649808219987943,1.6001668144242442,5.458828160028149,1.1137389553015682
1.178243943756517,1.3545467250851386,5.489496223069221,-0.18192826860663375
2.454586445463958,2.4397293497431156,5.612073589792715,0.01649759189158898
2.1960390575353976,2.183980668808682,5.72809570409196,0.01304368809699761
2.9025232326273267,1.5293612706526283,5.072437859624144,1.4401809985534282
4.395840174030399,1.6861903152997928,5.182710897153476,2.865553220537707
2.1612992765626027,2.890606427480372,4.979170746776221,-0.8956995298091508
3.5810274149063557,2.4960679722237424,4.370001357532351,1.321794405517278
4.698026929759337,1.8680762263890605,5.9976507757083795,2.9780909374616353
3.64942310326219,1.6898260000950336,4.222830092132674,2.1382630990967715
2.0513913313632983,1.5528938455092114,4.1424511698938336,0.537709347595757
1.4328746637621337,1.619046142584075,5.2132441839110735,-0.1958560799923252
3.376888231940887,2.735984859258231,5.1984893908631795,0.7537409701207259
4.558241598004092,2.3142520244148637,4.9747232189194355,2.5349957716386933
3.50800645882706,2.5801655369052123,5.36966914601126,1.0579826303488156
2.171506139790163,1.6887912377813425,4.661993421477417,0.5178887148129108
2.875825345169132,2.57383932697841,4.764445656491038,0.3588556245844069
1.4961097691053769,1.478807781011475,4.025477876326111,0.018602727587319064
1.7580310320913553,1.3185455519234106,5.999988780013693,0.4504981706787848
4.760300649226451,1.457417580108039,4.224244613522645,3.518953662669074
4.34634689417849,2.7455340969317197,5.691622735566383,1.827492853824031
3.7669282818979544,1.1157734404774557,5.734232715946836,2.702815293376424
3.0353415126487624,2.0455540482956445,5.9464032246750875,1.054120230513139
2.729477345371563,2.4356627538953797,4.4190324314485645,0.3521313085221175
2.265546738496014,2.0564965186843773,4.67445912925174,0.23278870864688048
4.508101883544111,1.926518484699342,4.873429730605176,2.810506132735485
4.137848597122644,2.4220388777193795,5.726621268129138,1.8935038424565145
2.052058542030028,1.8775426771544663,4.34468560306627,0.19351879169988676
2.082002629277475,2.3789454208060494,4.691666325086688,-0.34451631716027153
3.384635486891651,2.0990782529699543,4.082119293826329,1.4989078900891877
3.947852824487382,1.0005803432382894,4.660290962660096,3.017646112772667
1.755905704151827,2.679242471017387,5.392282562437794,-1.0639638351478382
1.9191627406672254,1.0696803320011343,5.903571992086822,0.863779926295509
2.484125997420181,2.060587832255151,4.229930664072851,0.4849740288554196
1.553851379395144,2.468333034969571,4.911609641839155,-1.0577572934474355
3.030744317751903,1.230594167172598,4.218465550981978,1.8820081718575494
4.722658378356849,1.988427612823652,5.627090647558665,2.922795470839882
3.326562366841385,2.291093461104433,5.359261166142751,1.1454117995600277
1.5070435441739933,2.0054941825465544,5.591766573849522,-0.5339751389640751
2.0581634234662127,2.168059984699325,5.409497200551761,-0.11995202533653788
3.7629903226768526,2.2803413901579006,4.563742199040172,1.7116332127940188
1.020614446506785,1.5657583103598445,4.056950080320158,-0.5909278132898149
3.41260924338712,2.754145094467537,4.543299595122832,0.8279310715350556
1.526891278476037,2.0800731506985564,5.559137789111964,-0.5965129528151188
1.559871733725604,2.7649763580606663,5.1956880942244155,-1.4233982794996516
3.2105370735901944,2.6156436693493603,5.527992520094764,0.6752673027998897
3.2926624466673173,2.092304848701872,5.6359163161827235,1.2927434959945534
3.3579546847358346,1.3538622028917184,5.492626697177274,2.0678952268214243
3.877093829963141,2.287689414653621,4.733674606300049,1.815495429019097
4.637557559375058,1.0780802461370909,5.193299522728941,3.6387444788966397
4.39334718907477,1.777121597623115,5.423638190993396,2.7690936322102595
1.2776802279747246,1.1537465513648817,4.715610160900711,0.12781838719869482
1.7200140595379372,2.331496002381831,5.940858504049878,-0.6648183921938955
2.2943641853634786,1.5536963671806454,5.92594045669369,0.7675175296514146
4.592526675861994,1.308771833081205,4.537109808167098,3.4295371377167703
1.6158937064477823,1.0499885746683681,5.096881634217697,0.5783094574253845
1.8732232932768786,2.290740427095919,4.077830974707762,-0.5046720265218124
3.0860001205543703,1.5372375914868546,4.0065038462156854,1.6771231466282777
2.4002190994348114,2.839341752625323,4.224443013723341,-0.5930561399660441
4.19719107785862,1.9500580395870428,5.042758647150347,2.436699398605012
4.070955190452555,2.279015609425633,4.622530178438033,2.0596626895476167
3.5795965949375765,1.3298168784925373,5.65224649738194,2.314756071026256
2.0862492243871387,2.0772737516503703,5.670034091582471,0.009646138019317786
3.977414852798634,1.5926697686510065,5.620710491601456,2.4866624647266637
4.724767331399297,2.020009474257443,5.1097588921607455,2.944621368275672
3.526733686396978,1.5271192799767421,5.4502716514876255,2.0830528541063
1.977083011655668,1.5511871661156431,5.677270303407264,0.44274245979460514
4.542032992928953,1.779745737657845,4.274235373117172,3.038196724244155
3.2330512154014275,1.369061499060381,5.822490409458972,1.917757642114678
3.288608684810091,1.285158509246426,5.766916709516391,2.05513117123721
1.762230633210128,2.4380311610918675,4.8802869825592365,-0.7801222568488427
1.8520282096019405,2.118290627577478,5.55584834441904,-0.28801852695021496
4.15584326033,2.6114509724421304,5.372049357204052,1.7672554511186302
3.2837251531577407,2.436722416382829,5.603240305853015,0.9406023760711693
2.169633172821255,2.197159000365043,5.745509255295099,-0.02979013424412539
3.843259232188125,1.918322900391297,4.585723472365959,2.119279794370567
4.445089944183795,2.4530951496450513,4.455947185059564,2.3861342463279573
4.114973402149582,1.3464226804851371,5.358048435465503,2.8603333659860932
4.844958671454863,1.1101662337811828,5.039610052855259,3.828848686372177
2.7118169828458836,1.5389921127390926,4.9207327554688405,1.234769197156598
1.5408076478107833,1.4395302097743092,4.70591123155508,0.10637669012512799
2.2428260389348393,1.4234163000484388,4.4657990967193895,0.864499318255598
3.4412994376537567,2.1275932930369,4.060541268551792,1.5423829041696644
3.367480245947158,1.3638813348341372,4.45248499524574,2.104777947305386
1.7382346898458163,2.8254232143698443,5.880819421184992,-1.239634210044489
3.1075038099876457,2.913942529229318,4.464586984574477,0.25548108462598207
2.2216730749635265,2.0002770369569545,4.674850221731813,0.24495173943094342
2.7015013104254453,1.546603704305008,5.553819354528974,1.202463106782229
3.4418058760569483,2.6600003182006553,4.548050341103343,0.9638475621297935
2.4679818706949326,1.772572621036639,4.476051862650734,0.7573242094419693
3.387534672027769,1.2810724528072521,4.309819380590422,2.206178793055878
4.795049327573239,2.8973282636105555,5.325617372030663,2.2617178898685615
3.79276537981022,2.139548902176133,5.441716828056888,1.798022933345926
4.984000191616597,1.4382723044532804,5.550686146117202,3.6711103510464462
3.7562002964919055,2.9003831442190124,4.76700526686146,1.0783870942469456
3.1282361526688094,2.46180849523891,4.299590234702847,0.8128582921714204
1.2781259871080968,1.569743799801795,4.464750992319271,-0.3115057077606954
1.1182642465629185,2.130348718541626,5.784466443462196,-1.0886002048704413
4.343121929352658,1.7523962252356269,5.140299737846334,2.7558133546542782
1.9412349668458049,2.2996474257234305,4.767206193748381,-0.40916665566969107
3.6442072646491184,2.4966081649392944,4.0963244121868385,1.4475172486714893
1.5255384617687922,2.7661084180110462,5.262120283311468,-1.458306594838919
2.4518784661431403,1.5793356299510506,5.935405126602005,0.9051753597606641
2.391259355490071,2.5583634097757484,4.660412695599305,-0.1999208687039409
2.5136462463098685,2.6631483398265674,4.511800860843949,-0.18520816891095532
1.8929655349139933,2.515677577120506,4.774341931542816,-0.7326736780366914
2.5931409289315477,1.572062334612372,4.858943858474967,1.0791195585127928
4.827406952546246,2.6197350788956397,4.120518399758421,2.8601530318366906
3.4983953120706097,2.063618806107406,5.713906331191204,1.5386262036830518
1.496720317756079,1.0606588582388903,5.485951716804547,0.444447454023374
2.7210912749235203,2.6697452271021227,4.409933887865553,0.06451105518536346
1.0331313741224037,1.1152295991948276,5.766164564601127,-0.08367822322275575
1.5991867366511658,1.8316153733161828,4.001090760987369,-0.2614301222748183
3.581240579317969,1.041773672554376,4.972039316502924,2.597115115828574
3.9334380400881956,2.9670681038275677,5.245081754728561,1.1718960175642879
3.810630326127453,1.232111224270305,5.517698781693133,2.6453149154180795
1.092977968702134,1.3624429937519695,5.311310233269958,-0.2787935584737123
3.6353605589079088,2.505919171442044,5.0202452114487865,1.3034398128303624
4.167422251814958,1.4651616804418635,5.57273613275629,2.800796170304627
1.2073235615429283,2.7187595379912493,4.574317014348594,-1.8794181774718226
3.254636376990718,1.830073294130043,4.8371114950933505,1.5389590527973744
1.4449582482874574,1.5664783794536652,4.713868335546929,-0.12884233597204006
1.35637966166952,1.5209594446021326,4.567290218523965,-0.17454215688343755
2.320166668270485,1.7892802688135276,4.123981160523929,0.5892357760376015
1.8212809740485416,1.9070535331611045,4.928978618501731,-0.09301680261724336
2.378610582186701,2.2197292484687003,5.118993234001374,0.176320707362024
3.448083424324888,1.8355340367977453,4.716153796762454,1.7505778051051917
3.0852734168217784,2.4781400980569748,4.956240621491109,0.7010590359959065
2.896463354239696,2.7068767705010233,5.933206964521016,0.21305106853188538
1.2539787705296708,2.5024312981053574,5.57403590181817,-1.3971673327953016
4.649872288507947,1.646036175644083,5.107341283015094,3.173150420129178
4.690553816334659,1.6000351433878115,4.765829465283684,3.2809515956424895
3.60458525410051,1.1180845604037224,5.793109997715213,2.5341470420768077
3.375481930271154,2.5054554774280318,5.892107990861231,0.961260703897594
2.6834339108315186,1.681785517310182,4.871004406537084,1.0672804023413447
3.2596697946810775,2.8547477063737317,4.186557840319731,0.5535805348328194
1.9047819914438473,2.0802401510991224,5.542037020755903,-0.1892996597463429
2.655189586058587,2.30257381677482,5.5113030728365136,0.388111226389409
4.687460484848417,1.0524335838185728,5.538401976045318,3.7024888560245564
1.6540914910449094,1.2728144347747996,5.080420939627073,0.3938373192007375
1.4137069288339728,2.0604199438612256,4.06837741934234,-0.7500115467056248
3.4825973933046073,1.022210930822422,4.168939566349633,2.537858899092997
3.1682052611902622,1.0147085464042898,5.1569927983157235,2.1964349146364204
4.4544841982979335,1.9314847593744802,4.630326172201228,2.7760558530613624
4.813247657146889,2.9655945097803413,4.372348935036829,2.5144264386101907
4.373840439837492,2.6348565128487493,5.676689662168798,1.96327942507923
4.340915940411797,1.3536710433446622,4.039593221614661,3.1705594408575126
3.309161064045537,1.8926094860972271,5.364696550096861,1.513890736693524
4.141320194999826,2.116660883504576,5.731312623196388,2.1786830719433077
4.311370887906763,1.6373962293793674,4.007392438804846,2.9296888093734017
1.4270155728944363,2.1964698424117177,5.112160449295712,-0.8521157138161864
3.7387580094107435,2.6137265575401454,5.026178312183058,1.3171318810278811
2.030073922055715,2.41314662601177,4.436471084798009,-0.4565127694924449
1.369851374398999,2.8548069212948883,5.846340632891945,-1.701619098019055
3.8811016675924006,1.5711889044061669,5.668188859561038,2.404120830058413
4.71565235549732,1.2325660134996783,5.9635475340233,3.5599532599355195
3.838032168506976,2.050384797889083,4.892418906489321,1.9688988445240792
4.98798539683011,2.0171401960152124,4.988233174820711,3.2482766052650445
1.5827934659886518,2.75821492466243,5.34086553177227,-1.3726334362148078
4.928780377246207,1.3670940455161178,4.512184875115351,3.7373513402439498
3.111539935264166,2.0054532139881305,4.557033989303681,1.2317783058251857
4.669000561117786,2.373860370160031,5.492556918569418,2.54512275666844
2.3732666398446107,1.368605397646299,5.6923543583838585,1.035021741809897
